width,step,time,D_euc,e_euc,D_H,e_H,U_gap,e_U,D_pred,e_pred,grad_norm,theta_norm,max_abs_theta,nan_or_inf
256,0,0.0,5.923676912272115,1.0,16.466547691619294,1.0,135.57359644018635,1.0,5.04491746510238,1.0,52.60638327617503,0.0,0.0,0.0
256,4,0.004389258675544043,5.7271666307388,0.9668262998736133,15.74796615173225,0.9563611296463334,123.99921895805232,0.9146266102984107,4.82261828594759,0.9559360126914825,49.76258116201485,0.22614570393004707,0.04210213662744998,0.0
256,8,0.008778517351088085,5.541176030159496,0.935428469888324,15.075370151164828,0.9155149235584754,113.63339259731578,0.8381675752582814,4.614593398337411,0.9147014654369107,47.120214090252,0.44011899039214986,0.08216219246327301,0.0
256,12,0.013167776026632128,5.364928264214468,0.9056753674563033,14.445147884708195,0.877242039754338,104.33114870554488,0.7695535963123519,4.419721878921294,0.8760741695962715,44.663062792186956,0.6427523013225458,0.12029842309384044,0.0
256,16,0.01755703470217617,5.197713640618829,0.8774471865355614,13.853996132727197,0.8413418764018299,95.96660442281001,0.7078561529873515,4.236978451480065,0.8398508956368191,42.376278000611336,0.8348123480354336,0.1566212912471894,0.0
256,20,0.021946293377720215,5.038883486292874,0.8506344219843912,13.298893584354408,0.8076309517582076,88.4302852839914,0.6522677542378682,4.065425227262474,0.8058457359083816,40.24626397066607,1.0170057306392035,0.19123402803229694,0.0
256,24,0.026335552053264256,4.8878445619637105,0.8251369266675458,12.777076387640172,0.7759414193506456,81.62684050779598,0.6020850862638942,3.9042041352106764,0.7738886041679666,38.26057187849282,1.1899840597963427,0.22423315123141668,0.0
256,28,0.030724810728808297,4.744053981746918,0.8008630538101486,12.286015749095773,0.7461197076147773,75.47309149351469,0.5566946180911607,3.7525299868226236,0.7438238609016513,36.40780223782908,1.3543486249669414,0.2557089440734319,0.0
256,32,0.03511406940435234,4.607014596102172,0.7777288775756479,11.823397419935404,0.7180252741109153,69.89636327486761,0.5155602942620553,3.609684125062345,0.7155090544160352,34.67751555500779,1.5106546494596542,0.28574589763418196,0.0
256,36,0.039503328079896385,4.476270799290893,0.7556574853056853,11.38710291953772,0.6915294652401988,64.8330564500722,0.47821300129539507,3.4750086108758134,0.6888137684934936,33.060150515380734,1.6594151691143058,0.3144231197514439,0.0
256,40,0.04389258675544043,4.351404725096075,0.734578335304082,10.975192358444716,0.6665144730993356,60.22742365243175,0.44424154285088585,3.3479009045720933,0.6636185681392812,31.546949059613798,1.801104568231422,0.3418147131056646,0.0
256,44,0.04828184543098447,4.232032797098008,0.7144266744748489,10.585888733804227,0.6428723817556458,56.030520142241585,0.41328489922417644,3.2278090026509707,0.6398140356069169,30.129887767197776,1.936161803422374,0.3679901249007903,0.0
256,48,0.05267110410652851,4.11780260223392,0.695143010535069,10.217563579726018,0.6205042958048992,52.199302752871745,0.38502558111233354,3.1142269936555858,0.6172998894824113,28.801615017459856,2.064993343358209,0.39301447038093823,0.0
256,52,0.057060362782072556,4.008390058701881,0.6766726339172342,9.868723863717202,0.5993195446025352,48.69585534915069,0.35918391654259013,3.0066909993505027,0.595984180147432,27.555393445901505,2.1879758499260715,0.41694883223664586,0.0
256,56,0.06144962145761659,3.903496851495924,0.6589651848514945,9.538000028322493,0.5792349560422365,45.48672227013992,0.33551313430125157,2.904775470013175,0.5757825554345767,26.385047256359233,2.305458624041371,0.4398505377876179,0.0
256,60,0.06583888013316064,3.8028481109762673,0.641974261475653,9.224135084427427,0.5601741942011368,42.54233402788253,0.31379512784889324,2.8080898049141374,0.5566175907413287,25.28491398778797,2.417765837295063,0.461773415675962,0.0
256,64,0.07022813880870468,3.706190311882713,0.6256570651590699,8.925974669475554,0.5420671555834657,39.83651190005952,0.29383680116234856,2.7162752711762908,0.538418178288506,24.24980036887373,2.5251985687232708,0.4827680336636964,0.0
256,68,0.07461739748424873,3.6132893720883854,0.6099740795455459,8.642457990174009,0.5248494190784518,37.34604005596128,0.27546691270698836,2.629002196168694,0.5211189705985293,23.27494192463078,2.628036664256944,0.5028819189997414,0.0
256,72,0.07900665615979277,3.5239289321639,0.5948887801195498,8.372609575169914,0.5084617451070926,35.05029554911346,0.25853334623734997,2.5459674104229957,0.5046598736321108,22.355966027030032,2.726540434829242,0.5221597627036841,0.0
256,76,0.08339591483533682,3.4379087984790466,0.5803673713798791,8.11553176871513,0.49284961976854186,32.930927944512234,0.2429007477059961,2.466891919774812,0.48898558536175174,21.488858106902665,2.8209522076758407,0.540643609005441,0.0
256,80,0.08778517351088086,3.3550435341114393,0.5663785489652173,7.870397901530977,0.4779628401122989,30.971581564211533,0.22844847652821448,2.39151878703861,0.4740451758788243,20.669930767193105,2.911497744047172,0.5583730310807024,0.0
256,84,0.09217443218642489,3.2751611832618273,0.5528932843174916,7.636446079962428,0.46375513695861237,29.157654366086774,0.21506882705550137,2.319611205031317,0.4597917054296633,19.895795558384965,2.9983875353513816,0.5753852941309827,0.0
256,88,0.09656369086196893,3.1981021161973064,0.5398846296920381,7.4129735390917775,0.4501838319676829,27.476088345637493,0.20266548256510739,2.250950744173239,0.4461818770562501,19.163337195845436,3.081817988652964,0.5917155067735226,0.0
256,92,0.10095294953751298,3.1237179829606596,0.5273275415290182,7.199331509780043,0.4372095259192774,25.91518709385582,0.19115216955455872,2.1853357592201688,0.43317572077976907,18.46969001614599,3.1619725114557364,0.6073967616295763,0.0
256,96,0.10534220821305702,3.051870765201371,0.5151987203891544,6.994920553632518,0.42479581540899475,24.464456775815222,0.18045148478899195,2.1225799409218604,0.4207363065113664,17.812216485306877,3.2390225047917798,0.6224602659291879,0.0
256,100,0.10973146688860107,2.9824319165066564,0.5034764658295147,6.799186323653801,0.4129090353963066,23.114467331880462,0.17049387151190845,2.062510999563037,0.4088294831045727,17.1884875865397,3.313128272812733,0.6369354628858778,0.0
256,104,0.11412072556414511,2.9152815825447442,0.49214054475272595,6.611615711876907,0.40151802525321756,21.85673116076879,0.16121672460324343,2.004969468426948,0.3974236411786887,16.596264928560323,3.384439856329278,0.6508501445352738,0.0
256,108,0.11850998423968916,2.850307893183257,0.4811720719065988,6.431733348530201,0.39059391616153116,20.683596933297792,0.1525636073424015,1.949807616231339,0.38648949754260653,16.033484428027794,3.453097797062358,0.6642305566771437,0.0
256,112,0.12289924291523319,2.7874063195186682,0.47055340134165363,6.259098420354268,0.38010993789183006,19.588156517840616,0.1444835648841307,1.8968884585255024,0.37599989923462657,15.498241431228383,3.5192338387497237,0.6771014965101656,0.0
256,116,0.12728850159077723,2.7264790894540414,0.46026802775242165,6.093301778508046,0.37004124316897663,18.56416328198469,0.13693052164604194,1.8460848589079237,0.36592964536645,14.98877715084829,3.5829715706882665,0.6894864035026961,0.0
256,120,0.13167776026632128,2.667434656097259,0.45030049673558653,5.93396330911936,0.3603647479877929,17.605960276987446,0.1298627515923059,1.797278711729962,0.356255325119276,14.503466303632019,3.644427018781261,0.7014074440004564,0.0
256,124,0.13606701894186532,2.6101872138259012,0.440636323094928,5.780729541949782,0.35105898638922983,16.708417018585465,0.12324241192463345,1.7503601986951876,0.3469551703874439,14.040805843963662,3.7037091886954747,0.7128855900331298,0.0
256,128,0.14045627761740936,2.554656257383123,0.4312619164105029,5.633271474867637,0.3421039783423887,15.86687375477868,0.11703513199768938,1.7052271124496403,0.3380089217009688,13.599404696986387,3.7609205653118867,0.7239406927460678,0.0
256,132,0.1448455362929534,2.5007661798359995,0.42216451316835796,5.491282593866883,0.33348110950188364,15.077092262852716,0.11120965039460741,1.6617842408886339,0.3293977061832686,13.177974402834618,3.8161575722715515,0.7345915508503877,0.0
256,136,0.14923479496849745,2.4484459056485113,0.4133321148180874,5.35447707024388,0.325173021723859,14.335212347883726,0.10573749405702512,1.619942806484054,0.3211039264150141,12.775320590933902,3.8695109950714572,0.7448559744544618,0.0
256,140,0.1536240536440415,2.397628555499825,0.4047534311894432,5.222588118259724,0.3171635133281628,13.637713326493781,0.10059269418666339,1.5796199554656776,0.31311115918000876,12.390335210160515,3.921066370850758,0.7547508446119351,0.0
256,144,0.15801331231958554,2.3482511398187342,0.39641782875663745,5.095366498183,0.3094374481893557,12.981379875402865,0.09575153434194035,1.5407382921740649,0.3054040631649457,12.021989446979404,3.970904347722578,0.764292168895775,0.0
256,148,0.16240257099512959,2.30025427831079,0.3883152832905759,4.972579151037345,0.3019806728260445,12.363271706665671,0.09119232676047077,1.5032254543442225,0.29796829477243325,11.66932726952636,4.019101016247947,0.7734951332842516,0.0
256,152,0.16679182967067363,2.2535819430289767,0.3804363364855734,4.854007952679572,0.29477994073706393,11.78069660233831,0.08689521346094724,1.4670137254815425,0.29079043128642573,11.331459540996768,4.065728215413897,0.7823741506230203,0.0
256,156,0.17118108834621767,2.2081812227850284,0.37277205618867004,4.739448576017514,0.2878228433048946,11.231186402357196,0.08284198912811373,1.4320396808574902,0.28385790070173705,11.007558650677089,4.11085381526506,0.7909429059074727,0.0
256,160,0.17557034702176172,2.1640021069193134,0.3653139998969454,4.628709451251111,0.2810977466519536,10.71247559205068,0.07901594317280586,1.3982438639849215,0.2771589175952051,10.696853615532698,4.154541978145241,0.7992143986110882,0.0
256,164,0.17995960569730574,2.12099728664525,0.3580541812216611,4.521610814994516,0.27459373389455555,10.222482181137707,0.07540171869415413,1.3655704907345076,0.27068242447585716,10.398625609472276,4.196853400330483,0.8072009822685433,0.0
256,168,0.18434886437284978,2.079121972361778,0.3509850390480361,4.417983840019595,0.2683005522929462,9.759290605337185,0.07198518636070027,1.3339671785270448,0.2644180381055994,10.11220388126932,4.237845535676495,0.8149144015066879,0.0
256,172,0.18873812304839382,2.0383337254866056,0.3440994091463324,4.317669838159738,0.26220856484430133,9.321136415677188,0.06875333147770832,1.3033846982838408,0.2583560003309966,9.836962025658798,4.277572802759346,0.8223658267020753,0.0
256,176,0.19312738172393787,1.998592303505634,0.3373904980140188,4.2205195296349585,0.2563087059094364,8.906392550015084,0.06569415272497024,1.2737767470411694,0.25248713301106895,9.572314575364217,4.316086776857745,0.8295658864304404,0.0
256,180,0.1975166403994819,1.9598595170619302,0.3308518587503782,4.126392372711528,0.25059244050358354,8.513557006785959,0.06279657123754219,1.245099739337018,0.24680279666611957,9.31771388476918,4.35343636800667,0.8365246978612558,0.0
256,184,0.20190589907502596,1.9220990980223285,0.32447736878429423,4.035155948198209,0.2450517269173499,8.141241763139703,0.06005034886517548,1.2173126156610112,0.24129485250881255,9.072647278647967,4.389667986244554,0.843251895239189,0.0
256,188,0.20629515775057,1.885276577562638,0.3182612092933191,3.9466853938124906,0.23967898236624122,7.7881627988664945,0.05744601458811746,1.1903766664232536,0.2359556275514007,8.83663444183224,4.4248256950785105,0.8497566565838489,0.0
256,192,0.21068441642611405,1.8493591734047479,0.31219784616771046,3.8608628839293098,0.23446705139622614,7.453131104251497,0.054974798190440724,1.1642553700465514,0.23077788251247922,8.609225027933151,4.458951354103382,0.8560477287295812,0.0
256,196,0.2150736751016581,1.8143156854217484,0.3062820123871071,3.7775771506566773,0.22940917679904987,7.13504456458179,0.05262857039961831,1.1389142439205842,0.22575478227322623,8.389996467278511,4.492084751629781,0.8621334508181824,0.0
256,200,0.21946293377720213,1.7801163989015678,0.30050869169007016,3.6967230425718136,0.22449897281464004,6.832880626740803,0.05039978879482922,1.1143207070774876,0.22087986865705325,8.178551956078868,4.524263728103043,0.868021776349197,0.0
256,204,0.22385219245274618,1.7467329948264207,0.2948731034279915,3.618201117802091,0.21973040041924435,6.545689664432075,0.0482814488684009,1.0904439535572572,0.21614703532818413,7.974518610520404,4.5555242910284015,0.8737202938848837,0.0
256,208,0.22824145112829022,1.7141384665853812,0.2893706885050045,3.5419172684509648,0.215097744517124,6.2725889682755,0.046267039696353415,1.0672548355295537,0.2115505046241416,7.777545771010608,4.585900722057141,0.8792362464999304,0.0
256,212,0.23263070980383427,1.6823070425913755,0.28399709631464376,3.4677823736535895,0.21059559287090454,6.012757295511278,0.044350503736647895,1.0447257553269345,0.20708480615465,7.587303443188258,4.615425676833366,0.8845765500595326,0.0
256,216,0.2370199684793783,1.6512141143224408,0.2787481725921971,3.3957119788031687,0.20621881662125377,5.7654299214937055,0.042526200328670584,1.0228305656242382,0.20274475701526296,7.403480863564855,4.6441302781508815,0.8897478104034668,0.0
256,220,0.24140922715492236,1.6208361693507936,0.27361994810907025,3.325625998719903,0.20196255226057444,5.52989414168087,0.040788872515605215,1.001544477070632,0.19852544347825266,7.225785178801743,4.672044202923968,0.8947563395082608,0.0
256,224,0.24579848583046637,1.5911507289626419,0.26860862814213343,3.2574484427424477,0.19782218493803272,5.305485178562606,0.039133616853657266,0.9808439727455428,0.19442220403612448,7.053940228656652,4.699195763434295,0.8996081706944532,0.0
256,228,0.25018774450601045,1.5621362900071534,0.2637105826570093,3.191107159909209,0.19379333298462642,5.091582453011881,0.03755585590929008,0.9607067288679976,0.19043061368467826,6.887685423564698,4.725611983278199,0.9043090729411991,0.0
256,232,0.25457700318155446,1.5337722706450196,0.2589223371496671,3.126533602565736,0.18987183355725476,4.8876061839864064,0.03605131317839434,0.941111541241468,0.1865464693429567,6.726774708661507,4.751318668404068,0.9088645643661065,0.0
256,236,0.25896626185709853,1.506038959695949,0.25424056409556695,3.063662606886796,0.1860537293100033,4.693014284418155,0.03461599019015966,0.9220382569637042,0.18276577631681687,6.5709756068179095,4.776340473597945,0.9132799249241353,0.0
256,240,0.26335552053264255,1.478917469310551,0.24966207496000822,3.0024321889390735,0.1823352560091981,4.507299524588689,0.033246145583939436,0.90346771097381,0.1790847357213356,6.420068333944594,4.800700964746733,0.9175602083756397,0.0
256,244,0.2677447792081866,1.4523896907156781,0.24518381272732045,2.9427833550344196,0.1787128310163131,4.329986937333842,0.03193827596986547,0.8853816670473823,0.17549973278490785,6.273844980447606,4.824422677182016,0.9217102535701613,0.0
256,248,0.27213403788373064,1.4264382528036677,0.2408028449101448,2.8846599252354213,0.1751830425696079,4.160631442129613,0.030689098403945052,0.8677627628853775,0.17200732596479998,6.132108753278538,4.847527170383559,0.9257346950893651,0.0
256,252,0.2765232965592747,1.4010464833552734,0.23651635700331958,2.828008368976162,0.17174263980151022,3.9988156674996276,0.029495534325991443,0.8505944589738219,0.16860423681015765,5.994673273531894,4.870035079299526,0.9296379732895234,0.0
256,256,0.28091255523481873,1.37619837270364,0.23232164634984767,2.772777651852345,0.16838852343430552,3.844147953305935,0.028354694824385903,0.8338609909199166,0.16528734051410185,5.86136192500194,4.891966162520378,0.9334243437811947,0.0
256,260,0.28530181391036274,1.3518785396625763,0.22821611638910994,2.718919092717496,0.16511773710170585,3.696260516371865,0.027263867105588042,0.8175473249957949,0.16205365710164377,5.732007249527069,4.913339347525034,0.9370978863811787,0.0
256,264,0.2896910725859068,1.3280721995568552,0.22419727125992986,2.6663862302967094,0.16192745924841162,3.5548077645580065,0.02622050205864643,0.8016391166444465,0.15890034320475813,5.606450385325437,4.934172773201036,0.9406625135694517,0.0
256,268,0.29408033126145083,1.3047651342053985,0.22026271073331316,2.615134698596976,0.1588149955638824,3.4194647459029284,0.025222202815955837,0.7861226717233822,0.1558246843801297,5.484540544865579,4.954483829825017,0.944121978481583,0.0
256,272,0.2984695899369949,1.2819436637201729,0.21641012545170432,2.5651221104544337,0.15577777191025666,3.289925720771123,0.02426671422132409,0.7709849102806873,0.15282408792886787,5.366134529123043,4.97428919667565,0.9474798824650851,0.0
256,276,0.3028588486125389,1.2595946199944983,0.21263729245344035,2.5163079486144047,0.15281332770773126,3.1659028461299954,0.023351913125110306,0.7562133326754068,0.14989607618091338,5.251096275352246,4.993604877438252,0.9507396822262529,0.0
256,280,0.307248107288083,1.2377053217644032,0.2089420709627566,2.468653463790471,0.14991930974377227,3.047124962142334,0.022475799434049044,0.7417959878698955,0.14703828020997006,5.139296435754443,5.012446233548373,0.9539046965922799,0.0
256,284,0.311637365963627,1.2162635511357072,0.20532239842722805,2.4221215791946014,0.1470934663753076,2.9333364722000965,0.021636487850303903,0.7277214437360082,0.14424843394761863,5.0306119846507285,5.030828015610657,0.956978112911802,0.0
256,288,0.3160266246391711,1.195257531477775,0.20177628678592396,2.3766768010718837,0.14433364209557425,2.824296308376688,0.020832200240573674,0.7139787592299515,0.14152436866783552,4.924925851975377,5.048764393019352,0.959962993115499,0.0
256,292,0.3204158833147151,1.1746759065924484,0.19830181895283072,2.332285134811256,0.1416377724395916,2.719776975030868,0.02006125858165019,0.7005574583023849,0.1388640078154714,4.822126581092016,5.06626898189749,0.9628622794569647,0.0
256,296,0.32480514199025917,1.154507721073564,0.19489714550126183,2.288914006237986,0.13900387920431775,2.61956366397618,0.01932207843384832,0.6874475054210734,0.13626536215436827,4.722108009104769,5.083354871463332,0.9656787999527424,0.0
256,300,0.3291944006658032,1.134742401778792,0.19156048153604388,2.246532187725022,0.1364300659614524,2.523453435242345,0.018613162898246684,0.6746392825931421,0.13372652521272738,4.624768967990416,5.100034648924826,0.9684152735391999,0.0
256,304,0.33358365934134726,1.1153697403413358,0.18829010374124525,2.205109728788875,0.13391451384258116,2.431254457999671,0.01793309701769485,0.662123567782885,0.13124566900510196,4.53001300501745,5.116320422995639,0.9710743149627764,0.0
256,308,0.3379729180168913,1.09637987665434,0.18508434759211184,2.1646178908617633,0.13145547757794143,2.3427853067194064,0.017280542585244602,0.6498915146291855,0.12882104001199884,4.437748121044723,5.132223846119651,0.9736584394190767,0.0
256,312,0.34236217669243535,1.0777632832657387,0.18194160472069812,2.1250290859555503,0.12905128177153316,2.2578743080786126,0.016654233326876173,0.637934633374018,0.12645095539953932,4.3478865254078,5.147756135484729,0.9761700669552986,0.0
256,316,0.34675143536797937,1.0595107506257653,0.17886032042543895,2.086316818954749,0.12670031739662024,2.176358934526718,0.01605297042840421,0.6262447729202695,0.12413379946297312,4.260344406206093,5.162928092900909,0.9786115266495636,0.0
256,320,0.35114069404352344,1.0416133731334623,0.17583899131560432,2.0484556332957617,0.12440103849687512,2.0980852407905104,0.015475618379100562,0.6148141039433115,0.12186802027906608,4.175041714899243,5.17775012361293,0.9809850605798627,0.0
256,324,0.35552995271906745,1.0240625359323268,0.1728761630822185,2.0114210598077427,0.12215195907952596,2.0229073399191293,0.01492110110696676,0.6036351029864214,0.11965212655350577,4.091901964208373,5.192232254112233,0.9832928275945307,0.0
256,328,0.35991921139461147,1.0068499024087225,0.1699704283876161,1.9751895685071506,0.1199516501878794,1.9506869157697224,0.014388398382795318,0.5927005374753486,0.11748468465049915,4.010852038396958,5.206384149009092,0.9855369068954226,0.0
256,332,0.36430847007015554,0.9899674023499155,0.16712042486635192,1.9397385231533655,0.11779873714152009,1.8812927691026857,0.013876542472137578,0.5820034515920798,0.11536431579268043,3.9318220150784735,5.220215127021433,0.9877193014442667,0.0
256,336,0.36869772874569956,0.9734072207215559,0.1643248332306819,1.9050461383868,0.11569189693334322,1.8146003946911264,0.01338461501603455,0.5715371529522346,0.11328969342031368,3.85474499776401,5.233734176133089,0.9898419412020265,0.0
256,340,0.37308698742124363,0.9571617870271792,0.16158237547429735,1.871091439283821,0.11362985577335796,1.750491587080603,0.012911744123074153,0.5612952000345316,0.11125954069957038,3.779556958423349,5.2469499679707114,0.9919066862104988,0.0
256,344,0.37747624609678765,0.9412237652148332,0.15889181316842155,1.8378542231746782,0.11161138676992145,1.6888540728205044,0.012457101656705029,0.5512713903144644,0.10927262817039507,3.7061965893881372,5.259870871445294,0.9939153295248089,0.0
256,348,0.3818655047723317,0.9255860440982812,0.1562519458447741,1.8053150235815443,0.10963530773972528,1.6295811671845968,0.012019900703184126,0.5414597490577175,0.10732777152514414,3.634605163976374,5.272504965701242,0.9958696000049428,0.0
256,352,0.38625476344787574,0.9102417282624037,0.1536616094602747,1.7734550761438221,0.10770047913846739,1.5725714535502107,0.011599393206655933,0.5318545187319836,0.10542382950980357,3.5647264052634964,5.284860052413111,0.99777116497396,0.0
256,356,0.3906440221234198,0.8951841294244268,0.15111967493869707,1.74225628640715,0.10580580210470453,1.517728483762653,0.011194867759020163,0.5224501489987262,0.10355970194016322,3.496506362467932,5.29694366746754,0.9996216327500741,0.0
256,360,0.3950332807989638,0.8804067582244717,0.14862504678479813,1.7117011993610685,0.10395021660989964,1.4649604979470041,0.010805647533244641,0.513241287249089,0.10173432782585146,3.429893294457677,5.308763092065474,1.001422555059359,0.0
256,364,0.3994225394745079,0.8659033164206388,0.1461766617667385,1.6817729706182112,0.10213269970815773,1.4141801623510446,0.01043108834967704,0.5042227696506111,0.09994668359562124,3.3648375599202964,5.320325363277557,1.003175429335434,0.0
256,368,0.4038117981500519,0.8516676894654521,0.1437734876628817,1.652455339135165,0.10035226387958587,1.3653043239181102,0.010070576865757692,0.4953896126736706,0.09819578141772778,3.301291513771557,5.331637284083438,1.0048817009121125,0.0
256,372,0.408201056825596,0.8376939394419627,0.14141452206930924,1.6237326013818858,0.09860795546162297,1.318253780395139,0.009723528880321021,0.48673700506867906,0.09648066760965363,3.2392094094079114,5.342705432923857,1.006542765114637,0.0
256,376,0.41259031550114,0.8239762983392048,0.1390987912646229,1.5955895868727843,0.09689885316306254,1.272953064868375,0.009389387744316339,0.47826030026698607,0.09480042113182131,3.1785473064360623,5.353536172792511,1.008159969254807,0.0
256,380,0.4169795741766841,0.8105091616479762,0.1368253491288223,1.5680116349783726,0.09522406665584296,1.2293302437138323,0.009067622870476848,0.46995500918025024,0.09315415216028973,3.119262983538298,5.364135659893074,1.009734614534989,0.0
256,384,0.4213688328522281,0.797287082259107,0.13459327611324698,1.5409845729417067,0.09358273524000396,1.1873167270221074,0.008757728335000239,0.4618167933746963,0.09154100073376013,3.0613158561558276,5.374509851885133,1.011267957865711,0.0
256,388,0.4257580915277721,0.7843047646474979,0.13240167825876006,1.5144946950288194,0.09197402657750943,1.1468470906351058,0.00845922156487958,0.4538414585982193,0.08996013547052334,3.0046668986943526,5.384664515741386,1.0127612136012814,0.0
256,392,0.4301473502033162,0.7715570593262424,0.1302496862595263,1.4885287427469314,0.0903971354909155,1.1078589089919433,0.008171642104963402,0.4460249486397297,0.08841075235126333,2.949278570975884,5.394605235237059,1.0142155551976038,0.0
256,396,0.4345366088788602,0.7590389575561107,0.1281364545698982,1.4630738860685109,0.08885128282312311,1.070292598047729,0.007894550459314037,0.43836333950146017,0.0868920735638961,2.8951147486797355,5.404337418091243,1.0156321167961426,0.0
256,400,0.43892586755440427,0.7467455862965746,0.1260611605520783,1.4381177056032002,0.08733571435469349,1.0340912675846994,0.007627527001844564,0.43085283386618933,0.08540334640686649,2.842140657532611,5.413866302778684,1.0170119947377507,0.0
256,404,0.4433151262299483,0.7346722033853905,0.12402300366236484,1.4136481756633361,0.0858496997754312,0.9992005822781493,0.007370170951531747,0.4234897558424864,0.08394384224755444,2.790322811023603,5.423196965029407,1.018356249009875,0.0
256,408,0.44770438490549236,0.722814192934541,0.12202120467392182,1.389653648172199,0.08439253170714515,0.9655686309391172,0.00712209940794125,0.4162705459721443,0.08251285553265175,2.7396289514348835,5.4323343240326025,1.0196659046304555,0.0
256,412,0.4520936435810364,0.7111670609310665,0.12005500493413773,1.366122837367337,0.08296352477469397,0.9331458033881859,0.0068829464430404785,0.40919175648496675,0.08110970284756934,2.6900279939922305,5.441283148360149,1.0209419529716508,0.0
256,416,0.45648290225658045,0.6997264310320014,0.11812366565475138,1.3430448052542638,0.08156201472260097,0.9018846744602342,0.006652362245609796,0.40225004678699483,0.07973372202211672,2.6414899739524578,5.450048061624329,1.0221853530263478,0.0
256,420,0.46087216093212446,0.6884880405432663,0.11622646723303252,1.320408947768619,0.08018735757469343,0.8717398946737376,0.0064300123148119046,0.3954421791691237,0.07838427127986697,2.593985996456445,5.458633547883378,1.0233970326202502,0.0
256,424,0.46526141960766854,0.6774477365729666,0.11436270860240441,1.2982049816074386,0.0788389288343764,0.8426680871351664,0.00621557669975173,0.38876501472386127,0.07706072842877952,2.5474881889875203,5.467043956807778,1.024577889572197,0.0
256,428,0.46965067828321255,0.6666014723501049,0.1125317066109907,1.2764229316926106,0.07751612272329861,0.8146277502753492,0.006008749282053268,0.3822155094587305,0.07576249009080151,2.5019696562849445,5.475283508619446,1.025728792805203,0.0
256,432,0.4740399369587566,0.6559453037002363,0.11073279542665648,1.2550531192318246,0.07621835145630364,0.7875791660467257,0.0058092370987163225,0.37579071059551766,0.07448897096830731,2.4574044375718818,5.483356298815243,1.0268505834105939,0.0
256,436,0.47842919563430064,0.6454753856700862,0.10896532596719635,1.2340861503444263,0.07494504455068737,0.7614843132359965,0.005616759702704762,0.36948775304521864,0.07323960314536491,2.4137674659659476,5.491266302685652,1.027944075667471,0.0
256,440,0.4828184543098447,0.6351879692936083,0.10722866535439936,1.2135129052215499,0.07369564816790174,0.7363067855696386,0.0054310485588872715,0.36330385604914817,0.07201383542193894,2.3710345299486235,5.499017379638795,1.0290100580196275,0.0
256,444,0.48720771298538873,0.625079398492388,0.1055221963907936,1.1933245277917235,0.07246962448595524,0.7120117143147127,0.00525184647313568,0.35723631997724503,0.07081113267925294,2.329182236777477,5.506613277339445,1.0300492940119232,0.0
256,448,0.49159697166093275,0.6151461071037008,0.10384531705794066,1.1735124158648653,0.07126645110086606,0.6885656950945531,0.005078907052512552,0.35128252327513954,0.06963097527463925,2.288187977732339,5.5140576356721045,1.0310625231880166,0.0
256,452,0.4959862303364768,0.6053846160299122,0.1021974400352142,1.154068211729184,0.07008562045561931,0.6659367186618965,0.00491199419464911,0.3454399195520491,0.06847285846430372,2.2480298950930195,5.52135399053677,1.03205046195126,0.0
256,456,0.5003754890120209,0.5957915305032596,0.10057799223805655,1.1349837931769948,0.06892663929517229,0.6440941053872393,0.004750881604526932,0.339706034802032,0.06733629185252452,2.2086868507526436,5.528505777485494,1.0330138043904635,0.0
256,460,0.5047647476875649,0.5863635374603867,0.09898641437476342,1.1162512649368637,0.06778902814613555,0.6230084432365288,0.004595352336997224,0.33407846475156805,0.06622079886589154,2.1701383963761893,5.535516335207419,1.033953223072146,0.0
256,464,0.5091540063631089,0.5770974030213183,0.09742216052089916,1.0978629504908166,0.06667232081983875,0.6026515290301973,0.004445198363503477,0.32855487232684377,0.06512591625127334,2.1323647450194714,5.542388908869576,1.034869369800811,0.0
256,468,0.513543265038653,0.5679899700678485,0.09588469771049471,1.079811384256563,0.06557606393756335,0.5829963127851556,0.004300220161544269,0.3231329852345003,0.06405119359627477,2.095346744128722,5.549126653320284,1.0357628763487037,0.0
256,472,0.5179325237141971,0.5590381559166002,0.09437350554322733,1.0620893041158577,0.06449981647679627,0.564016844958644,0.00416022632554033,0.31781059364996667,0.06299619287101997,2.059065849845675,5.555732636161698,1.0366343551564332,0.0
256,476,0.522321782389741,0.5502389500822622,0.09288807580682347,1.0446896442711857,0.06344314933742208,0.5456882264237493,0.004025033197850594,0.31258554800783134,0.06196048799016137,2.023504102547609,5.562209840697631,1.0374844000057704,0.0
256,480,0.5267110410652851,0.541589412126761,0.0914279121139688,1.0276055284139891,0.062405644926835056,0.527986561013563,0.0038944645187347017,0.30745575688902643,0.060943664394078854,1.9886441035557825,5.568561168762507,1.0383135866658693,0.0
256,484,0.5311002997408292,0.5330866695903502,0.08999252955304694,1.010830263188588,0.0613868967630084,0.5108889104889727,0.0037683510941923823,0.3024191849998923,0.05994531864829133,1.9544689929497208,5.5747894434369725,1.039122473514098,0.0
256,488,0.5354895584163732,0.5247279160008149,0.0885814543520652,0.99435733193686,0.06038650909461378,0.49437325178837455,0.003646530480634456,0.29747385123846903,0.058965058060158414,1.9209624284283453,5.580897411655394,1.0399116021326014,0.0
256,492,0.5398788170919172,0.5165104089571926,0.08719422355515964,0.9781803887095631,0.05940409653733377,0.47841843642800086,0.003528846685416906,0.2926178268436237,0.05800250031200172,1.8881085651624945,5.586887746710223,1.0406814978816659,0.0
256,496,0.5442680757674613,0.5084314682846012,0.08583038471110414,0.9622932525309873,0.05843928372555893,0.46300415193326216,0.003415149882355852,0.2878492336228657,0.05705727310982365,1.8558920365863518,5.592763050657927,1.0414326704509047,0.0
256,500,0.5486573344430054,0.5004884742569459,0.08448949557327833,0.9466899019043605,0.0574917049787055,0.4481108851838371,0.003305296141358461,0.28316624225493525,0.056129013846847695,1.8242979360786251,5.598525856630974,1.0421656143892286,0.0
256,504,0.5530465931185494,0.4926788658844436,0.08317112381057751,0.9313644695461172,0.0565610039814319,0.43371988756643987,0.0031991471713874063,0.27856707066346514,0.0552173692811468,1.7933117994867962,5.604178631060088,1.0428808096145215,0.0
256,508,0.5574358517940934,0.4850001392630644,0.0818748467287753,0.9163112373378106,0.05564683347707245,0.41981314183573204,0.0030965700760247163,0.27404998245822015,0.05432199522666694,1.7629195884505988,5.609723775810825,1.043578721903899,0.0
256,512,0.5618251104696375,0.47744984598313955,0.08060025100187419,0.9015246314850484,0.05474885497364347,0.4063733305870869,0.002997437120924756,0.26961328544060953,0.053442556256990834,1.7331076744834693,5.615163630238278,1.0442598033653787,0.0
256,516,0.5662143691451815,0.4700255915945268,0.07934693241300383,0.8869992178734205,0.0538667384618126,0.3933838062540076,0.0029016255125131566,0.2652553301703505,0.05257872542122303,1.7038628237726576,5.620500473163544,1.0449244928917598,0.0
256,520,0.5706036278207255,0.46272503412585614,0.078114495604449,0.8727296976119278,0.053000162144254834,0.3808285625469239,0.002809017187317454,0.2609745085903264,0.05173018397141018,1.6751721826613928,5.625736524775403,1.0455732165974616,0.0
256,524,0.5749928864962696,0.4555458826555082,0.0769025538364105,0.8587109027549321,0.05214881217585007,0.3686922072550374,0.002719498611351662,0.2567692527068463,0.05089662110094313,1.6470232637780806,5.6308739484605,1.0462063882390475,0.0
256,528,0.5793821451718136,0.44848589593209215,0.07571072875412252,0.8449377921941348,0.05131238241420628,0.3569599363389102,0.002632960589021456,0.2526380333226613,0.050077733693416206,1.619403932779812,5.635914852565122,1.0468244096201125,0.0
256,532,0.5837714038473577,0.4415428810423055,0.07453865016296865,0.8314054477125382,0.05049057418001983,0.34561750924302714,0.0025492980810279675,0.24857935882023455,0.04927322608144789,1.5923023956790567,5.640861292091559,1.0474276709811932,0.0
256,536,0.5881606625229017,0.4347146921241622,0.07338595581125656,0.8181090701927815,0.04968309602681082,0.3346512253658602,0.00246841003080939,0.24459177399289572,0.048482809814993096,1.5657071867242054,5.645715270331849,1.0480165513753195,0.0
256,540,0.5925499211984457,0.4279992291236767,0.07225229118032894,0.8050439759726358,0.04888966351959529,0.3240479016249651,0.002390199199059617,0.24067385892163604,0.04770620343870222,1.5396071568062888,5.650478740441609,1.048591419029804,0.0
256,544,0.5969391798739898,0.4213944365931848,0.07113730928170299,0.7922055933408316,0.048109999022079616,0.31379485106032234,0.0023145720059050386,0.2368242278954183,0.046943132277905815,1.5139914623656059,5.655153606956471,1.0491526316948339,0.0
256,548,0.6013284385495339,0.4148983025295724,0.07004067046094718,0.7795894591667458,0.047343831491984234,0.3038798624219794,0.0022414383803416177,0.23304152837298822,0.0461933282328255,1.4888495547735339,5.6597417272536035,1.049700536979406,0.0
256,552,0.6057176972250778,0.4085088572507669,0.06896204220801726,0.7671912156578111,0.0465908962841237,0.29429118069123206,0.0021707116165578027,0.22932443998427796,0.04545652958063292,1.4641711701660705,5.6642449129605845,1.050235472675124,0.0
256,556,0.6101069559006219,0.4022241723089276,0.0679010989737873,0.7550066072388366,0.045850934960890426,0.2850174884870853,0.002102308236787331,0.22567167356959314,0.04473248078499802,1.4399463197069247,5.668664931313852,1.0507577670683426,0.0
256,560,0.614496214576166,0.39604235943884303,0.06685752199252458,0.7430314775477224,0.04512369510980682,0.27604788831337146,0.0020361478603627726,0.2220819702548673,0.0440209323127867,1.416165280259229,5.673003506468838,1.051267739241138,0.0
256,564,0.6188854732517101,0.3899615695401194,0.06583099911006858,0.7312617665423344,0.04440893016782824,0.26737188560338154,0.0019721530786515886,0.21855410056135613,0.043321640457584944,1.392818585446002,5.677262320763774,1.051765699361545,0.0
256,568,0.623274731927254,0.3839799916918085,0.06482122461748631,0.7196935077135815,0.04370639925209533,0.2589793725225036,0.0019102493355832937,0.21508686354822862,0.04263436716974392,1.3698970170806022,5.681443015939071,1.0522519489634943,0.0
256,572,0.6276639906027981,0.3780958521981881,0.06382789908998662,0.7083228253999769,0.04301586699684964,0.25086061249129443,0.0018503648134905936,0.2116790859865886,0.041958879892655065,1.3473915969493304,5.685547194314127,1.0527267812168601,0.0
256,576,0.6320532492783422,0.3723074136644685,0.0628507292308865,0.6971459321992175,0.042337103396240874,0.24300622539095684,0.001792430323983982,0.20832962156353682,0.04129495140497984,1.3252935789294378,5.689576419923238,1.0531904811880053,0.0
256,580,0.6364425079538861,0.36661297410125787,0.06188942772043217,0.6861591264725312,0.04166988365276798,0.23540717342081052,0.0017363792036354934,0.20503735011495283,0.04064235966857228,1.303594441426506,5.69353221961233,1.0536433260912017,0.0
256,584,0.6408317666294302,0.3610108660566692,0.060943713069286566,0.6753587899377592,0.041013988031109,0.2280547475731396,0.0016821472142162649,0.201801176885742,0.0400008876818457,1.28228588011615,5.6974160840980455,1.0540855855312834,0.0
256,588,0.6452210253049743,0.3554994557750089,0.06001330947650414,0.6647413853473406,0.04036920171710692,0.22094055469676732,0.0016296724472765903,0.19862003181635732,0.039370323338347536,1.2613598009756573,5.701229468990711,1.0545175217378733,0.0
256,592,0.6496102839805183,0.35007714238102994,0.05909794669182128,0.6543034542475592,0.039735314681690635,0.21405650512014063,0.0015788952328529553,0.1954928688544623,0.03875045929031765,1.2408083135920784,5.704973795782625,1.054939389791511,0.0
256,596,0.6539995426560623,0.34474235708878254,0.05819735988209921,0.6440416148155858,0.03911212154952024,0.20739480080715111,0.0015297580521045743,0.19241866529066018,0.03814109281701704,1.2206237247338214,5.708650452803032,1.0553514378419955,0.0
256,600,0.6583888013316064,0.3394935624341391,0.057311289501763396,0.6339525597710285,0.03849942147215721,0.20094792402011308,0.0014822054536907502,0.18939642111726554,0.03754202569762397,1.2007985321736274,5.712260796141097,1.0557539073192432,0.0
256,604,0.6627780600071504,0.33432925153010884,0.05643948116709016,0.624033054358858,0.037897018005569064,0.19470862646625164,0.0014361839737146388,0.1864251584091457,0.03695306408850486,1.1813254187512696,5.715806150538137,1.0561470331369445,0.0
256,608,0.6671673186826945,0.32924794734409984,0.055581685534198365,0.6142799344007268,0.03730471899178762,0.1886699189037131,0.0013916420590564793,0.1835039207257057,0.03637401840467607,1.1621972466651074,5.719287810250312,1.0565310438892985,0.0
256,612,0.6715565773582385,0.3242482019963235,0.054737658180610195,0.6046901044118518,0.03672233644454878,0.1828250611868043,0.0013485299939466075,0.18063177253313728,0.03580470320528259,1.1434070519819732,5.722707039882899,1.0569061620410847,0.0
256,616,0.6759458360337826,0.31932859607857017,0.05390715949025095,0.5952605357807587,0.03614968643874991,0.17716755272903129,0.0013067998296201852,0.17780779864609259,0.03524493708292693,1.124948039355596,5.726065075197281,1.0572726041113256,0.0
256,620,0.6803350947093266,0.3144877379926195,0.053089954541763316,0.5859882650093192,0.03558658900356873,0.1716911233643259,0.0012664053169089914,0.17503110368798497,0.03469454255669036,1.1068135769441256,5.729363123891646,1.0576305808507815,0.0
256,624,0.6847243533848707,0.30972426330758157,0.05228581300001762,0.5768703920106347,0.03503286801909516,0.16638972458935086,0.0012273018416440716,0.17230081156915728,0.03415334596869578,1.0889971915178664,5.732602366356455,1.0579802974135069,0.0
256,628,0.6891136120604147,0.3050368341354952,0.05149450901070392,0.5679040784624351,0.034488351116334595,0.16125752116710146,0.0011894463627233388,0.16961606498219312,0.03362117738406866,1.0714925637487733,5.735783956405591,1.0583219535226929,0.0
256,632,0.6935028707359587,0.3004241385245378,0.05071582109789739,0.5590865462137711,0.033952869580447645,0.15628888307867328,0.0011527973527472681,0.16697602491368216,0.033097870494159534,1.054293523673644,5.738909021984123,1.058655743631005,0.0
256,636,0.6978921294115028,0.29588488986923017,0.04994953206449254,0.5504150757428823,0.03342625825709769,0.15147837780261852,0.0011173147410709074,0.16437987017178193,0.0325832625228976,1.037394046323438,5.741978665853566,1.058981857075621,0.0
256,640,0.7022813880870469,0.29141782633704344,0.04919542889540641,0.5418870046642219,0.03290835546178372,0.1468207629120002,0.0010829598591992503,0.1618267969289488,0.0320771941361512,1.0207882475113295,5.744993966255471,1.0593004782281676,0.0
256,644,0.7066706467625908,0.2870217103108442,0.04845330266345548,0.5334997262827136,0.03239900289204155,0.14231097897186373,0.001049695388398506,0.15931601827924183,0.03157950935397686,1.0044703797727854,5.747955977554146,1.0596117866397348,0.0
256,648,0.7110599054381349,0.2826953278466334,0.04772294843781434,0.5252506881934025,0.03189804554240174,0.13794414272376798,0.001017485309424741,0.15684676380962895,0.031090055465643966,0.988434828450938,5.750865730859287,1.0599159571811576,0.0
256,652,0.715449164113679,0.2784374881460594,0.04700416519496849,0.5171373909247482,0.03140533162199791,0.13371554054623402,0.0009862948542877072,0.15441827918475148,0.030608682947327024,0.9726761079211333,5.753724234629243,1.0602131601787301,0.0
256,656,0.7198384227892229,0.2742470230432063,0.04629675573207701,0.5091573866238861,0.03092071247472374,0.1296206221767875,0.0009560904599442028,0.1520298257446285,0.030135245382362914,0.9571888579486456,5.756532475255643,1.0605035615455205,0.0
256,660,0.724227681464767,0.27012278650518035,0.04560052658266447,0.5013082777822606,0.03044404250184167,0.12565499468655617,0.0009268397238542966,0.14968068011480568,0.02966959938397488,0.9419678401739753,5.759291417630029,1.0607873229084446,0.0
256,664,0.7286169401403111,0.2660636541460342,0.044915287934564535,0.49358771600010315,0.02997517908695071,0.12181441669315518,0.0008985113612951798,0.1473701338284752,0.029211604520369396,0.9270079347203185,5.762002005693191,1.0610646017312524,0.0
256,668,0.7330061988158552,0.2620685227535898,0.044240853550041016,0.4859934007882991,0.029513982523224777,0.11809479280492496,0.0008710751643814889,0.1450974929601153,0.028761123242116455,0.912304136918076,5.764665162967773,1.0613355514335716,0.0
256,672,0.7373954574913991,0.25813630982873786,0.04357704068801514,0.47852307840625097,0.02906031594283706,0.11449216828378894,0.0008445019626981843,0.1428620777702179,0.02831802081172773,0.8978515541416442,5.76728179307479,1.0616003215061498,0.0
256,676,0.7417847161669432,0.25426595313680567,0.04292367002833011,0.47117454073440507,0.02861404524848952,0.11100272391803401,0.0008187635854818327,0.14066322236069126,0.027882165235350722,0.8836454027536719,5.76985278023461,1.061859057622429,0.0
256,680,0.7461739748424873,0.25045641027060783,0.04228056559798794,0.4639456241801716,0.02817503904697026,0.10762277109807883,0.000793832825299142,0.13850027434054413,0.027453427196500915,0.8696810051525488,5.772378989752943,1.0621119017465852,0.0
256,684,0.7505632335180313,0.24670665822480128,0.04164755469929457,0.45683420861601814,0.027743168584664864,0.10434874708090547,0.0007696834031170888,0.13637259450147368,0.027031679991757047,0.8559537869187965,5.77486126849239,1.0623589922381564,0.0
256,688,0.7549524921935753,0.24301569298118744,0.04102446783985306,0.4498382163485753,0.02731830768495099,0.10117721044383643,0.0007462899347696714,0.134279556502997,0.026616799468348086,0.8424592740563823,5.77730044533002,1.0626004639533742,0.0
256,692,0.7593417508691194,0.23938252910461566,0.04041113866434638,0.4429556111176384,0.02690033268740856,0.09810483671026304,0.0007236278986929868,0.13222054656678117,0.026208663963563562,0.8291930903251901,5.7796973316015015,1.0628364483433232,0.0
256,696,0.7637310095446634,0.23580619934915395,0.03980740388805353,0.43618439712399876,0.026489122388780758,0.09512841414721152,0.0007016736049277942,0.1301949631798413,0.025807154245921678,0.8161509546609017,5.782052721532223,1.0630670735490308,0.0
256,700,0.7681202682202075,0.2322857542742089,0.039213103232045146,0.429522618085085,0.02608455798562391,0.09224483972332109,0.000680404165305289,0.1282022168062912,0.02541215345803274,0.8033286786788951,5.7843673926558585,1.0632924644935975,0.0
256,704,0.7725095268957515,0.22882026187028612,0.038628079360006604,0.42296835631743607,0.025686523018586784,0.08945111522297111,0.0006597974647846419,0.1262417296073437,0.025023547061097818,0.7907221642588173,5.786642106220829,1.0635127429714695,0.0
256,708,0.7768987855712955,0.22540880719409598,0.03805217781663873,0.41651973184506846,0.025294903318262493,0.08674434350825777,0.000639832133881087,0.12431293516927046,0.02464122278098512,0.7783274012066603,5.788877607585034,1.0637280277349521,0.0
256,712,0.7812880442468396,0.22205049201271895,0.03748524696758793,0.4101749015328416,0.02490958695255846,0.08412172492376158,0.0006204875221472435,0.12241527823904454,0.02426507055582926,0.7661404649912937,5.791074626599285,1.0639384345780591,0.0
256,716,0.7856773029223836,0.2187444344565569,0.03692713794085947,0.4039320582439609,0.02453046417553228,0.08158055383864848,0.0006017436726674206,0.12054821446739897,0.0238949824851005,0.754157514552707,5.793233877979807,1.0641440764177867,0.0
256,720,0.7900665615979277,0.2154897686808051,0.03637770456966918,0.39778943002079153,0.02415742737764321,0.07911821531808982,0.0005835812975057865,0.11871121015904608,0.0235308527800934,0.7423747901789379,5.7953560616701685,1.0643450633729035,0.0
256,724,0.7944558202734717,0.21228564453519191,0.035836803336690856,0.3917452792881963,0.023790371037371506,0.0767321819222957,0.0005659817540958215,0.11690374202981389,0.023172577715786576,0.7307886114493853,5.797441863193011,1.0645415028403382,0.0
256,728,0.7988450789490158,0.20913122724173955,0.035304293319657794,0.38579790207863507,0.023429191674159376,0.07442001062412373,0.0005489270225043935,0.11512529697046442,0.022820055584026906,0.7193953752417347,5.799491953991902,1.0647334995692472,0.0
256,732,0.8032343376245598,0.20602569708030982,0.034780036138278445,0.37994562727829945,0.023073787802629333,0.07217933984395586,0.0005323996835608077,0.11337537181696894,0.022473186647993686,0.7081915538002302,5.80150699176364,1.0649211557328393,0.0
256,736,0.8076235963001038,0.2029682490817077,0.034263895902427975,0.3741868158935847,0.022724059888037634,0.07000788659422597,0.0005163828977946507,0.1116534731270249,0.022131873097899935,0.6971736928629526,5.803487620781331,1.0651045709980347,0.0
256,740,0.8120128549756479,0.1999580927281221,0.03375573916157847,0.36851986033722667,0.022379910302921975,0.06790344373138169,0.0005008603851660745,0.10995911696260638,0.021796019007889737,0.6863384098459335,5.805434472208529,1.0652838425930302,0.0
256,744,0.816402113651192,0.19699445166069146,0.03325543485543193,0.36294318373345985,0.022041243284904283,0.06586387730936849,0.000485816405544917,0.10829182867834988,0.021465530294092185,0.6756823920819665,5.807348164404749,1.0654590653728375,0.0
256,748,0.8207913723267359,0.19407656339399101,0.0327628542657216,0.3574552392415793,0.021707964895611203,0.06388712403071395,0.00047123573990972704,0.10665114271558396,0.021140314673794097,0.6652023951121544,5.809229303222602,1.0656303318828657,0.0
256,752,0.82518063100228,0.19120367903724322,0.032277870969148484,0.3520545093973103,0.021379982980676008,0.06197118879344998,0.0004571036722536974,0.10503660240181965,0.020820281625695155,0.6548952410282517,5.811078482296855,1.065797732420613,0.0
256,756,0.8295698896778241,0.18837506302206067,0.03180036079142044,0.3467395054714152,0.021057207130787316,0.060114142327279296,0.0004434059721488692,0.1034477597555245,0.020505342351210334,0.6447578168639561,5.812896283325648,1.0659613550955254,0.0
256,760,0.8339591483533682,0.18558999283653832,0.03133020176236325,0.3415087668449882,0.02073954864375125,0.05831411891597327,0.00043012887794638427,0.10188417529601197,0.020195409736786324,0.6347870730334105,5.814683276344134,1.0661212858870874,0.0
256,764,0.8383484070289121,0.18284775876551637,0.030867274072073316,0.336360860400909,0.02042692048753492,0.05656931420486444,0.0004172590806044024,0.10034541785828156,0.019890398317199267,0.6249800218151975,5.816440019990776,1.0662776087012007,0.0
256,768,0.8427376657044562,0.180147663636843,0.030411460028083245,0.3312943799309499,0.020119237264260518,0.054877983086953463,0.00040478370809588323,0.09883106441265492,0.019590224239803153,0.6153337358802587,5.818167061766534,1.0664304054249059,0.0
256,772,0.8471269243800003,0.17748902257347,0.029962644013512108,0.3263079455580434,0.019816415175120096,0.05323843766717573,0.00039269031039287927,0.09734069988905536,0.019294805229698633,0.6058453468621561,5.819864938287161,1.0665797559795038,0.0
256,776,0.8515161830555442,0.17487116275122225,0.029520712446173537,0.321400203173245,0.019518371986182798,0.05164904529993919,0.0003809668449912827,0.09587391700578736,0.019004060555793796,0.5965120439681947,5.821534175528829,1.0667257383721254,0.0
256,780,0.8559054417310883,0.17229342316208507,0.029085553738615252,0.3165698238869347,0.019225026995066733,0.050108226697830105,0.00036960166296051114,0.09443031610267531,0.018717910997729074,0.5873310726300194,5.823175289067298,1.0668684287458026,0.0
256,784,0.8602947004066324,0.1697551543828595,0.028657058259064873,0.3118155034938225,0.01893630099844924,0.048614454109497274,0.0003585834955034586,0.09300950497842775,0.01843627881363967,0.5782997331922949,5.824788784310804,1.0670079014280864,0.0
256,788,0.8646839590821764,0.16725571834904174,0.02823511829325754,0.30713596195133874,0.018652116260389946,0.04716624956188298,0.00034790144099107256,0.09161109873209768,0.01815908770872995,0.5694153796381495,5.826375156726887,1.0671442289782604,0.0
256,792,0.8690732177577204,0.1647944881337846,0.027819628007121545,0.30252994287100443,0.018372396481442076,0.045762183166800696,0.0003375449524715566,0.09023471960851423,0.017886262804635008,0.5606754183501846,5.827934892063332,1.0672774822331959,0.0
256,796,0.8734624764332645,0.1623708477318077,0.027410483410299287,0.2979962130223919,0.01809706676852842,0.044400871487937366,0.0003275038256252689,0.08887999684756596,0.017617730609545714,0.5520773069057868,5.8294684665633945,1.067407730351886,0.0
256,800,0.8778517351088085,0.1599841918481225,0.027007582320481106,0.29353356184929985,0.01782605360555903,0.04308097596600646,0.0003177681871485451,0.08754656653721965,0.017353418989074186,0.5436185529056321,5.830976347175502,1.067535040858711,0.0
256,804,0.8822409937843526,0.15763392569144716,0.026610824328530826,0.28914080099778217,0.017559284824768786,0.04180120140085819,0.0003083284835576405,0.08623407147016367,0.017093257137837766,0.5352967128342475,5.832458991757582,1.067659479685463,0.0
256,808,0.8866302524598966,0.15531946477218714,0.026220110764381986,0.28481676385567956,0.01729668957875354,0.04056029448662457,0.0002991754703838616,0.0849421610039682,0.016837175551740056,0.5271093909516076,5.833916849276181,1.0677811112121807,0.0
256,812,0.8910195111354406,0.15304023470486244,0.025835344663684832,0.28056030510331903,0.01703819831318444,0.039357042399899456,0.000290300201759886,0.08367049092465875,0.016585106000928555,0.5190542382146609,5.835350360000548,1.0678999983068214,0.0
256,816,0.8954087698109847,0.15079567101486624,0.025456430735184426,0.27637030027505516,0.016783742740180733,0.038190271437088086,0.00028169402036876134,0.08241872331360295,0.016336981503409072,0.5111289512279112,5.836759955691796,1.0680162023638156,0.0
256,820,0.8997980284865288,0.14858521894944302,0.02508327532881109,0.2722456453313403,0.016533255812321894,0.037058845700983056,0.0002733485477560008,0.08118652641761431,0.01609273629929776,0.5033312712220348,5.838146059787324,1.0681297833415326,0.0
256,824,0.9041872871620728,0.14640833329277775,0.0247157864044649,0.2681852562410219,0.01628667169728089,0.035961665832644485,0.0002652556749758453,0.07997357452217996,0.015852305825692435,0.49565898305967243,5.839509087580616,1.0682407997986951,0.0
256,828,0.9085765458376168,0.14426447818509097,0.024353873501476327,0.2641880685735724,0.016043925753060663,0.03489766778830017,0.0002574075535695968,0.07877954782772233,0.015615626692145222,0.4881099142674518,5.8408494463965654,1.068349308929773,0.0
256,832,0.9129658045131609,0.14215312694563847,0.023997447708726152,0.26025303710097347,0.01580495450381686,0.03386582166012886,0.0002497965868676362,0.07760413232880843,0.01538263665671953,0.48068193409352583,5.842167535762438,1.06845536659939,0.0
256,836,0.9173550631887049,0.1400737618995157,0.023646421635407578,0.2563791354089782,0.015569695616250106,0.03286513053660656,0.0002424154215832602,0.07644701969622243,0.015153274602614543,0.4733729525897068,5.843463747574626,1.0685590273757712,0.0
256,840,0.9217443218642489,0.13802587420817275,0.02330070938241479,0.2525653555174916,0.015338087876552024,0.031894629403836916,0.00023525693970882075,0.07530790716182158,0.014927480515341455,0.4661809197174523,5.844738466261293,1.0686603445632636,0.0
256,844,0.926133580539793,0.13600896370354587,0.022960226514342017,0.24881070750981288,0.015110071167889426,0.030953384085705693,0.0002283142506982324,0.07418649740609647,0.014705195460435735,0.459103824477011,5.845992068941029,1.068759370233957,0.0
256,848,0.9305228392153371,0.13402253872571554,0.02262489003207793,0.24511421917049447,0.014885586448411783,0.030040490219732874,0.00022158068391278847,0.0730824984483606,0.014486361561690581,0.4521396940589408,5.847224925577646,1.068856155258432,0.0
256,852,0.934912097890881,0.13206611596400383,0.02229461834598064,0.2414749356315797,0.014664575729767522,0.02915507226907721,0.00021504978133363986,0.07199562353949608,0.014270921979897055,0.4452865930172977,5.848437399131213,1.068950749335662,0.0
256,856,0.9393013565664251,0.13013922030142674,0.021969331249619063,0.23789191902699106,0.014446982056115318,0.028296282569158393,0.0002087152905296159,0.0709255910571853,0.014058820892076964,0.4385426224639651,5.849629845705428,1.0690432010220985,0.0
256,860,0.9436906152419692,0.12824138466241808,0.021648949894066585,0.23436424815484458,0.014232749483616719,0.027463300406623148,0.00020257115786361592,0.06987212440355976,0.013850003471194906,0.4319059192832581,5.850802614691448,1.0691335577599563,0.0
256,864,0.9480798739175132,0.1263721498637457,0.0213333967627336,0.23089101814747667,0.014021823060397138,0.026655331130655213,0.00019661152193757188,0.06883495190520074,0.013644415866336444,0.42537465536641467,5.851956048908271,1.0692218659047323,0.0
256,868,0.9524691325930572,0.12453106446854266,0.021022595646725928,0.227471340148976,0.013814148806962634,0.025871605294582878,0.00019083070726088732,0.06781380671542755,0.013442005183339777,0.4189470368651786,5.85309048473975,1.0693081707519743,0.0
256,872,0.9568583912686013,0.1227176846433765,0.020716471620716107,0.2241043410000173,0.01360967369706013,0.025111377827499837,0.00018522321814025723,0.06680842671881175,0.013242719465868599,0.41262130346408593,5.854206252268367,1.0693925165633245,0.0
256,876,0.9612476499441454,0.12093157401828576,0.020414951019315578,0.2207891629298052,0.0134083456389694,0.024373927233625636,0.0001797837327740963,0.06581855443785786,0.013046507676914426,0.4063957276707093,5.855303675405814,1.0694749465918607,0.0
256,880,0.9656369086196894,0.11917230354970987,0.02011796141393531,0.21752496325493537,0.013210113457215166,0.023658554819519395,0.00017450709755241538,0.06484393694179207,0.012853319680716749,0.40026861412351306,5.856383072020508,1.0695555031067543,0.0
256,884,0.9700261672952334,0.11743945138624544,0.019825431590123604,0.21431091408499484,0.01301492687468844,0.022964583947896244,0.0001693883215529211,0.0638843257574036,0.012663106225090079,0.3942382989166499,5.857444754062099,1.0696342274172657,0.0
256,888,0.9744154259707775,0.11573260273716068,0.019537291525369455,0.21114620203472134,0.012822736495166192,0.022291359316852777,0.00016442257122453404,0.06293947678188433,0.01247581892414707,0.3883031489412868,5.85848902768306,1.0697111598960967,0.0
256,892,0.9788046846463215,0.11405134974360319,0.01925347236736061,0.20803002794255243,0.012633493786219077,0.02163824626296673,0.00015960516524700515,0.062009150197614035,0.012291410241407319,0.38246156124296826,5.859516193357447,1.0697863400021215,0.0
256,896,0.9831939433218655,0.11239529135243655,0.018973906412685437,0.2049616065953959,0.012447151062496956,0.021004630089066723,0.00015493156957249965,0.06109311038884024,0.012109833473281695,0.3767119623945532,5.860526545996888,1.0698598063025102,0.0
256,900,0.9875832019974096,0.11076403319264584,0.018698527085968406,0.20194016645946405,0.012263661469382693,0.02038991541485302,0.00015039739263573228,0.060191125860203885,0.011931042732922567,0.37105280788421136,5.8615203750639,1.0699315964942664,0.0
256,904,0.9919724606729536,0.10915718745425014,0.01842726891942884,0.1989649494170123,0.012082978967004492,0.01979352554826619,0.00014599838071713975,0.059302969157062554,0.011754992934430313,0.3654825815181971,5.862497964682568,1.0700017474251933,0.0
256,908,0.9963617193484977,0.10757437276966528,0.01816006753285326,0.19603521050883405,0.011905058314597834,0.019214901879649915,0.00014173041347418505,0.05842841678756533,0.011581639777407064,0.3599997948378193,5.86345959374671,1.0700702951143084,0.0
256,912,1.0007509780240418,0.10601521409745829,0.017896859613971514,0.1931502176823623,0.011729855055207884,0.018653503295354312,0.00013758949961605572,0.057567249146433894,0.011410939731848644,0.3546029865502904,5.864405536025539,1.0701372747717188,0.0
256,916,1.0051402366995859,0.1044793426084401,0.017637582899227615,0.19030925154523812,0.01155732550072391,0.01810880561185968,0.00013357177272972244,0.05671925044040691,0.011242850023366214,0.34929072197309013,5.865336060266928,1.070202720817975,0.0
256,920,1.0095294953751297,0.10296639557404176,0.017382176154936084,0.1875116051242076,0.011387426717237291,0.017580301028147005,0.00012967348724058706,0.05588420861530526,0.011077328618729182,0.34406159249137414,5.866251430298321,1.0702666669029202,0.0
256,924,1.0139187540506738,0.10147601625692172,0.017130579158814906,0.1847565836292121,0.011220116510714908,0.017067497597167858,0.0001258910145140087,0.055061915284677,0.01091433421172126,0.3389142150281604,5.867151905125359,1.0703291459240443,0.0
256,928,1.0183080127262178,0.10000785380375407,0.01688273268188669,0.18204350422254437,0.011055353412980187,0.016569918714878895,0.0001222208390863878,0.054252165659982685,0.010753826209301863,0.33384723152686796,5.8680377390282885,1.070390190044364,0.0
256,932,1.022697271401762,0.09856156314014726,0.016638578470739466,0.17937169579294168,0.010893096667993955,0.016087102625817806,0.00011865955501826101,0.053454758482282067,0.010595764718065072,0.3288593084459358,5.868909181656181,1.0704498307098351,0.0
256,936,1.027086530077306,0.09713680486764562,0.016398059230139095,0.17674049873449646,0.010733306218427871,0.015618601946471244,0.00011520386237863069,0.052669495955385205,0.010440110530988905,0.323949136265114,5.869766478119061,1.070508098666317,0.0
256,940,1.03147578875285,0.09573324516276678,0.016161118605985358,0.17414926473026368,0.01057594269252307,0.015163983203024145,0.00011185056383537288,0.05189618368043146,0.010286825114467615,0.3191154290031707,5.870609869077965,1.0705650239760964,0.0
256,944,1.0358650474283941,0.09435055567802907,0.015927701168603994,0.17159735654045138,0.010420967391227151,0.014722826385764165,0.00010859656136849421,0.0511346305918612,0.01013587059562004,0.3143569237466904,5.871439590833,1.070620636033989,0.0
256,948,1.0402543061039382,0.09298841344492376,0.01569775239636705,0.1690841477950799,0.010268342275602546,0.014294724517867508,0.0001054388530894671,0.05038464889474568,0.009987209749867174,0.30967238018965226,5.872255875409443,1.0706749635830242,0.0
256,952,1.044643564779482,0.09164650077879015,0.015471218659634453,0.16660902279100445,0.010118029954499855,0.013879283237770323,0.000102374530160773,0.04964605400344256,0.009840805988772516,0.3050605801835083,5.8730589506419415,1.0707280347297314,0.0
256,956,1.0490328234550261,0.09032450518554973,0.015248047205009432,0.16417137629319206,0.009969993672489567,0.013476120397001523,9.940077382949007e-05,0.0489186644815439,0.009696623348138594,0.3005203272974763,5.873849040256862,1.0707798769590342,0.0
256,960,1.0534220821305702,0.08902211927025971,0.015028186139901062,0.16177061334015352,0.009824197298046101,0.01308486567018008,9.651485255060697e-05,0.04820230198308632,0.009554626476353686,0.29605044638881206,5.874626363952812,1.0708305171487649,0.0
256,964,1.0578113408061143,0.0877390406474438,0.01481158441738683,0.1594061490534264,0.009680605311977853,0.012705160178029473,9.371411920635193e-05,0.047496791194991374,0.009414780622982401,0.2916497831826963,5.8753911374794265,1.0708799815838117,0.0
256,968,1.0622005994816583,0.08647497185316376,0.014598191821369101,0.1570774084510174,0.00953918279609772,0.01233665612284085,9.09960084173444e-05,0.04680195978070843,0.009277051627594596,0.28731720386164733,5.876143572714407,1.0709282959699067,0.0
256,972,1.0665898581572024,0.08522962025879094,0.014387958952018508,0.15478382626470485,0.009399895422128017,0.011979016436555412,8.835803394682702e-05,0.04611763832502944,0.009141405908826608,0.2830515946640386,5.876883877738908,1.070975485447066,0.0
256,976,1.0709791168327465,0.08400269798644291,0.014180837211498494,0.1525248467611135,0.009262709440834495,0.011631914439703905,8.579778618498023e-05,0.04544366028004902,0.009007810453669494,0.2788518614916147,5.877612256911269,1.0710215746026899,0.0
256,980,1.0753683755082903,0.08279392182604726,0.013976778789964494,0.15029992356647015,0.009127591671383906,0.011295033511999009,8.331292971918953e-05,0.04477986191224178,0.008876232806978744,0.27471692952569,5.878328910939171,1.0710665874843368,0.0
256,984,1.0797576341838344,0.08160301315399829,0.01377573665183205,0.14810851949495457,0.008994509490919879,0.010968066773500595,8.090120098229888e-05,0.044126082250630846,0.008746641061200268,0.2706457428518717,5.879034036950225,1.0711105476121723,0.0
256,988,1.0841468928593785,0.08042969785337178,0.013577664522307947,0.1459501063805613,0.008863430824352035,0.010650716776297031,7.856040597843118e-05,0.04348216303602188,0.008619003846307616,0.26663726409299593,5.879727828561045,1.0711534779911116,0.0
256,992,1.0885361515349226,0.07927370623566454,0.013382516874178732,0.14382416491239072,0.008734324134353343,0.01034269520636144,7.628841808385993e-05,0.04284794867127746,0.008493290319945387,0.2626904740502099,5.880410475944852,1.0711954011226565,0.0
256,996,1.0929254102104666,0.07813477296402543,0.013190248914851042,0.14173018447328858,0.00860715841156083,0.010043722595469262,7.408317592209371e-05,0.042223286172607566,0.008369470157774068,0.25880437135182927,5.881082165897624,1.0712363390164383,0.0
256,1000,1.0973146688860107,0.07701263697794646,0.013000816573638399,0.13966766298175765,0.00848190316497501,0.009753528041471782,7.194268130059481e-05,0.04160802512185236,0.008247513544011563,0.25497797210991696,5.8817430819028385,1.071276313201475,0.0
256,1004,1.1017039275615548,0.0759070414193827,0.01281417648928922,0.1376361067370651,0.008358528412553379,0.00947184893885833,6.986499722338789e-05,0.04100201761973458,0.008127391162166911,0.25121030958428414,5.88239340419485,1.0713153447371497,0.0
256,1008,1.1060931862370988,0.07481773356027058,0.012630285997750866,0.13563503026747326,0.008237004671993581,0.009198430717788142,6.78482459661413e-05,0.04040511824005882,0.008009074185961702,0.2475004338537928,5.883033309820914,1.0713534542239171,0.0
256,1012,1.1104824449126427,0.07374446473141463,0.012449103120164742,0.13366395618152035,0.008117302951701837,0.008933026591080306,6.589060720994787e-05,0.039817183984835976,0.007892534270434877,0.2438474114947483,5.883662972701914,1.0713906618137476,0.0
256,1016,1.1148717035881868,0.07268699025271431,0.012270586551087596,0.1317224150222838,0.00799939474194244,0.008675397309559685,6.399031623673994e-05,0.039238074240311734,0.007777743543226718,0.24025032526620282,5.884282563691797,1.0714269872203144,0.0
256,1020,1.1192609622637308,0.07164506936470223,0.01209469564693421,0.12980994512455696,0.007883252006164241,0.00842531092655463,6.214566219220856e-05,0.03866765073387839,0.007664674596037952,0.2367082738020451,5.884892250635779,1.071462449728931,0.0
256,1024,1.123650220939275,0.07061846516136651,0.011921390414636867,0.12792609247487344,0.00776884717250003,0.008182542567965356,6.035498638981233e-05,0.03810577749184987,0.007553300476259935,0.23322037130961124,5.885492198427315,1.0714970682062452,0.0
256,1028,1.128039479614819,0.0696069445242297,0.011750631500516952,0.1260704105743144,0.00765615312543493,0.00794687421114304,5.861668067977468e-05,0.03755232079808009,0.007443594678772017,0.22978574727478093,5.886082569063898,1.0715308611096985,0.0
256,1032,1.132428738290363,0.06861027805765953,0.01158238017936448,0.12424246030403821,0.007545143197640137,0.007718094471215409,5.6929185873007e-05,0.03700714915340644,0.007335531137902458,0.22640354617328765,5.886663521701684,1.071563846496753,0.0
256,1036,1.1368179969659071,0.0676282400253837,0.011416598343720923,0.12244180979346818,0.0074357911619680524,0.0074959983927556095,5.5290990204444164e-05,0.0364701332358986,0.0072290842195489695,0.22307292718819025,5.887235212708982,1.0715960420338961,0.0
256,1040,1.141207255641451,0.06666060828818578,0.011253248493361382,0.12066803429108179,0.007328071223605431,0.007280387249807063,5.370062785801433e-05,0.0359411458618956,0.0071242287134555176,0.21979306393324868,5.887797795718658,1.0716274650054283,0.0
256,1044,1.145596514316995,0.06570716424275627,0.011092293724971794,0.11892071603774239,0.007221958012380913,0.007071068351478971,5.215667753269828e-05,0.035420061947813046,0.007020939825641775,0.21656314418216763,5.888351421679427,1.0716581323220347,0.0
256,1048,1.1499857729925391,0.06476769276167606,0.010933697722017292,0.11719944414251689,0.007117426575223533,0.00686785485368091,5.065776105387111e-05,0.034906758472703366,0.006919193170981833,0.21338236960353005,5.888896238906115,1.0716880605291552,0.0
256,1052,1.1543750316680832,0.06384198213450781,0.010777424744797613,0.11550381446092443,0.007014452368768864,0.0066705655775649575,4.920254203411902e-05,0.03440111444155236,0.006818964765928879,0.21024995550120118,5.889432393128877,1.07171726581515,0.0
256,1056,1.1587642903436273,0.062929824009974,0.010623439620685918,0.11383342947556355,0.006913011252109601,0.0064790248331405564,4.778972457221074e-05,0.033903010849295985,0.006720231021382621,0.20716513056024297,5.889960027541409,1.07174576401927,0.0
256,1060,1.1631535490191713,0.062031013339197486,0.010471707734547015,0.1121878981790628,0.006813079479687246,0.00629306224885795,4.641805199609338e-05,0.03341233064554071,0.0066229687356961844,0.20412713659803616,5.890479282848175,1.071773570639438,0.0
256,1064,1.1675428076947154,0.06114534831998527,0.010322195019331676,0.11056683595930883,0.006714633694322108,0.006112512607046483,4.508630564907422e-05,0.032928958699973365,0.006527155087819681,0.20113522832059058,5.8909902973106805,1.0718007008398422,0.0
256,1068,1.1719320663702595,0.06027263034213192,0.010174867946843079,0.10896986448689652,0.0066176509203782355,0.005937215683104569,4.3793303703675116e-05,0.032452781768443746,0.006432767630577116,0.19818867308390295,5.891493206792787,1.0718271694583508,0.0
256,1072,1.1763213250458033,0.059412663933723124,0.010029693518672089,0.10739661160475678,0.006522108557060606,0.005767016092079302,4.25379000299933e-05,0.03198368845970632,0.0063397842840739625,0.19528675066021647,5.891988144805128,1.0718529910137486,0.0
256,1076,1.1807105837213474,0.05856525670841927,0.009886639257297996,0.10584671121991351,0.006427984371841619,0.005601763138088245,4.131898308502632e-05,0.031521569202806354,0.006248183329232457,0.19242875300908482,5.89247524254862,1.0718781797128039,0.0
256,1080,1.1850998423968915,0.057730219313698816,0.009745673197351258,0.10431980319732403,0.006335256494014101,0.005441310669539234,4.013547484476362e-05,0.031066316215096635,0.0061579434014518986,0.18961398405313015,5.892954628957089,1.071902749457167,0.0
256,1084,1.1894891010724356,0.05690736538004204,0.00960676387703501,0.10281553325575721,0.0062439034083680775,0.005285516939409263,3.898632977359406e-05,0.030617823470870713,0.00606904348439115,0.18684175945839057,5.893426430739047,1.0719267138501065,0.0
256,1088,1.1938783597479796,0.05609651147103671,0.00946988032970219,0.10133355286566638,0.006153903948988678,0.005134244468138149,3.787053381300041e-05,0.030175986670599758,0.005981462903870792,0.18411140641914653,5.893890772418636,1.071950086203088,0.0
256,1092,1.1982676184235237,0.055297477034386866,0.009334992075585144,0.09987351914901453,0.0060652372931726,0.004987359913570799,3.6787103422244685e-05,0.029740703210759972,0.005895181321892335,0.1814222634470914,5.894347776375731,1.0719728795421943,0.0
256,1096,1.2026568770990678,0.05451008435380654,0.009202069113674598,0.09843509478100852,0.005977882955460506,0.0048447339422637015,3.573508462911616e-05,0.02931187215423756,0.005810178730771905,0.17877368016482661,5.89479756288527,1.0719951066144016,0.0
256,1100,1.2070461357746116,0.05373415850178172,0.00907108191374522,0.09701794789370438,0.005891820781783057,0.004706241106816833,3.4713552125123254e-05,0.02888939420129958,0.005726435447386117,0.17616501710346483,5.895240250155775,1.072016779893703,0.0
256,1104,1.2114353944501557,0.05296952729318138,0.00894200140852451,0.09562175198144027,0.005807030943717929,0.0045717597260477305,3.3721608381649323e-05,0.02847317166111762,0.005643932107527511,0.1735956455043887,5.895675954367125,1.0720379115870924,0.0
256,1108,1.2158246531256998,0.052216021239703175,0.008814798986002587,0.09424618580806264,0.005723493932855735,0.0044411717697698805,3.2758382800070356e-05,0.028063108423833673,0.005562649660367471,0.17106494712493114,5.896104789707568,1.0720585136404075,0.0
256,1112,1.2202139118012438,0.05147347350513486,0.008689446481879687,0.09289093331590358,0.005641190555272295,0.004314362746185907,3.182303088115951e-05,0.02765910993315556,0.00548256936302411,0.16857231404799036,5.896526868410011,1.0720785977440388,0.0
256,1116,1.224603170476788,0.05074171986141765,0.008565916172149048,0.09155568353647664,0.005560101926105265,0.004191221593885075,3.091473342845336e-05,0.027261083159471945,0.005403672775233146,0.16611714849543577,5.896942300787582,1.072098175338504,0.0
256,1120,1.228992429152332,0.050020598645493485,0.008444180765812114,0.09024013050285093,0.005480209464232685,0.004071640576682967,3.0032695772582323e-05,0.026868936573474667,0.005325941754119341,0.16369886264525335,5.897351195268498,1.0721172576198947,0.0
256,1124,1.233381687827876,0.04930995071692243,0.008324213397723755,0.08894397316367135,0.005401494887051503,0.003955515181019109,2.9176147014468565e-05,0.026482580120278723,0.005249358449066579,0.16131687845231374,5.897753658430249,1.0721358555451983,0.0
256,1128,1.2377709465034201,0.04860961941625485,0.008205987621564914,0.0876669152987902,0.0053239402053539475,0.0038427440189821027,2.8344339310032845e-05,0.026101925194029242,0.00517390529668448,0.15897062747268728,5.898149795033109,1.0721539798374946,0.0
256,1132,1.242160205178964,0.047919450524142516,0.008089477402939974,0.08640866543647464,0.0052475277182996065,0.003733228731221061,2.7536547154062718e-05,0.025726884612984773,0.0050995650158694285,0.15665955069149484,5.8985397080529856,1.072171640991035,0.0
256,1136,1.246549463854508,0.047239292221175885,0.007974657112596735,0.08516893677216016,0.005172240008481388,0.0036268738954845503,2.6752066705589603e-05,0.02535737259506769,0.0050263206029581885,0.15438309835408262,5.89892349871364,1.0721888492762048,0.0
256,1140,1.2509387225300521,0.046568995048431885,0.007861501519766318,0.08394744708871538,0.005098059937083273,0.0035235869364100836,2.5990215122489968e-05,0.024993304733871367,0.004954155326972067,0.1521407298005769,5.8993012665182665,1.0722056147443724,0.0
256,1144,1.2553279812055962,0.045908411868719474,0.00774998578562088,0.0827439186781892,0.00502497063912808,0.0034232780390652806,2.5250329923759123e-05,0.02463459797511512,0.004883052724949822,0.1499319133036635,5.899673109280467,1.0722219472326249,0.0
256,1148,1.2597172398811403,0.04525739782850893,0.00764008545684673,0.08155807826500808,0.004952955518813294,0.0033258600651606685,2.4531768371491148e-05,0.024281170593537318,0.0048129965973674384,0.14775612590957848,5.9000391231546185,1.0722378563683999,0.0
256,1152,1.2641064985566843,0.044615810320531926,0.007531776459330707,0.08038965693059498,0.004881998244933246,0.0032312484707972544,2.3833906864179468e-05,0.023932942170217884,0.00474397100364301,0.14561285328217086,5.900399402665653,1.072253351574008,0.0
256,1156,1.2684957572322284,0.043983508947039354,0.007425035091957576,0.07923839003938027,0.004812082746385809,0.0031393612279657646,2.315614035768991e-05,0.023589833570321263,0.0046759602577249575,0.14350158955002668,5.900754040738268,1.0722684420710553,0.0
256,1160,1.2728850159077723,0.043360355483703886,0.007319838020516276,0.07810401716617536,0.0047431932077618595,0.0030501187487743664,2.24978818063593e-05,0.023251766921251,0.004608948923761855,0.14142183715659154,5.901103128725563,1.0722831368847638,0.0
256,1164,1.2772742745833163,0.04274621384415546,0.0072161622717130105,0.07698628202488284,0.004675314065015903,0.002963443810017452,2.185856160660968e-05,0.022918665591207813,0.00454292181185222,0.13937310671315836,5.90144675643713,1.0722974448481954,0.0
256,1168,1.2816635332588604,0.04214095004513768,0.007113985227289159,0.07588493239851557,0.004608430001216191,0.002879261482576112,2.1237627076201464e-05,0.022590454168143075,0.004477863973872689,0.13735491685474033,5.901785012166609,1.072311374606379,0.0
256,1172,1.2860527919344045,0.041544432172272015,0.007013284618241785,0.07479972007049648,0.004542525942372612,0.0027974990613301998,2.0634541937260085e-05,0.022267058439098826,0.004413760699382809,0.13536679409872887,5.902117982718705,1.0723249346203465,0.0
256,1176,1.2904420506099485,0.04095653034642014,0.006914038519145138,0.07373040075721628,0.004477587053340976,0.0027180859978557237,2.0048785819847414e-05,0.02194840536992769,0.004350597511605134,0.13340827270624533,5.9024457534356936,1.072338133171075,0.0
256,1180,1.2948313092854926,0.04037711669063119,0.006816225342570877,0.07267673404182062,0.0044135987338019675,0.0026409538355665063,1.9479853783562256e-05,0.021634423085383856,0.004288360163478872,0.13147889454621217,5.902768408223421,1.072350978363344,0.0
256,1184,1.2992205679610367,0.03980606529766399,0.006719823833605364,0.07163848330920382,0.004350546614313362,0.0025660361454242775,1.8927255843333668e-05,0.021325040849578283,0.004227034633785732,0.12957820896198718,5.903086029576804,1.0723634781295042,0.0
256,1188,1.3036098266365808,0.039243252198073106,0.006624813064462148,0.07061541568218502,0.004288416552434058,0.002493268466025711,1.8390516527498885e-05,0.021020189046790788,0.004166607123346509,0.12770577264057695,5.903398698604849,1.0723756402331606,0.0
256,1192,1.3079990853121246,0.03868855532884746,0.006531172429187717,0.06960730195884125,0.00422719462891837,0.0024225882429504964,1.786917443043061e-05,0.02071979916263131,0.004107064051286878,0.12586114948436228,5.903706495055192,1.0723874722727766,0.0
256,1196,1.3123883439876687,0.03814185450259222,0.006438881638458965,0.0686139165509771,0.004166867143979329,0.0023539347723158244,1.7362781796191086e-05,0.02042380376554413,0.004048392051371183,0.12404391048524036,5.904009497338175,1.0723989816851947,0.0
256,1200,1.3167776026632128,0.03760303137724256,0.006347920714470458,0.06763503742370561,0.004107420613619495,0.0022872491436487508,1.6870904097154797e-05,0.020132136488647406,0.003990577968402671,0.12225363360118072,5.904307782550466,1.0724101757490805,0.0
256,1204,1.3211668613387568,0.03707196942629991,0.006258269985909883,0.06667044603611996,0.0040488417660279885,0.0022224741873628773,1.639311964659291e-05,0.019844732011901855,0.0039336088546889905,0.12048990363513999,5.904601426498233,1.0724210615882899,0.0
256,1208,1.325556120014301,0.03654855390958116,0.0061699100830201106,0.06571992728303441,0.003991117538042464,0.0021595544210981643,1.5929019202872124e-05,0.019561526044601915,0.003877471966571596,0.1187523121162398,5.904890503719879,1.0724316461751608,0.0
256,1212,1.329945378689845,0.03603267184447019,0.006082821932746045,0.0647832694377716,0.003934235071674634,0.0020984359994713486,1.547820559881036e-05,0.019282455308182705,0.003822154761017759,0.1170404571832125,5.905175087508354,1.0724419363337339,0.0
256,1216,1.334334637365389,0.03552421197766367,0.005996986753964917,0.06386026409597799,0.003878181710698223,0.0020390666652474465,1.5040293381514456e-05,0.019007457519336995,0.0037676448922740234,0.11535394347005253,5.905455249933042,1.0724519387428981,0.0
256,1220,1.338723896040933,0.03502306475740093,0.0059123860527982965,0.06295070612044548,0.003822944997298035,0.0019813957005681004,1.4614908452637173e-05,0.01873647137343567,0.003713930208579822,0.1136923819938019,5.905731061861235,1.0724616599394723,0.0
256,1224,1.343113154716477,0.034529122306169134,0.005829001618004343,0.0620543935869197,0.0037685126687789267,0.0019253738817042176,1.42016877346296e-05,0.018469436528245817,0.003660998748940089,0.11205539004447013,5.906002592979217,1.0724711063212142,0.0
256,1228,1.347502413392021,0.034042278393875275,0.005746815516448862,0.06117112773087637,0.0037148726543335875,0.0018709534338086087,1.3800278836993557e-05,0.018206293587940656,0.003608838739955716,0.110442591076996,5.906269911812939,1.0724802841497658,0.0
256,1232,1.351891672067565,0.03356242841147571,0.005665810088653593,0.060300712895245724,0.0036620130718678806,0.001818087987828676,1.341033973846668e-05,0.017946984087395437,0.003557438592710699,0.10885361460524458,5.906533085748317,1.072489199553533,0.0
256,1236,1.3562809307431092,0.0330894693450554,0.005585967944420425,0.05944295647906729,0.003609922224882693,0.0017667325374759457,1.3031538469626787e-05,0.017691450476763772,0.0035067868997148695,0.10728809609797338,5.906792181051151,1.0724978585305023,0.0
256,1240,1.3606701894186533,0.03262329975034821,0.00550727195853007,0.05859766888705701,0.0035585885994111866,0.001716843399492518,1.2663552819814523e-05,0.01743963610632907,0.003456872431901154,0.10574567687677315,5.907047262886667,1.072506266950996,0.0
256,1244,1.3650594480941973,0.03216381972769028,0.005429705266513829,0.05776466348006822,0.003508000861010335,0.00166837817346277,1.2306070040701775e-05,0.01719148521162541,0.0034076841356762482,0.10422600401584912,5.9072983953387,1.072514430560367,0.0
256,1248,1.3694487067697414,0.031710930897398404,0.005353251260497123,0.05694375652643001,0.0034581478518057387,0.001621295703614578,1.1958786564534908e-05,0.01694694289882289,0.0033592111300237053,0.1027287302437202,5.907545641428531,1.0725223549816352,0.0
256,1252,1.3738379654452852,0.03126453637556556,0.005277893585113436,0.056134767154145046,0.0034090185875886437,0.0015755560417005654,1.162140773034434e-05,0.016705955130372048,0.0033114427036583884,0.10125351384671145,5.907789063133348,1.0725300457180649,0.0
256,1256,1.3782272241208293,0.03082454075026597,0.005203616133487394,0.05533751730393098,0.003360602254964178,0.0015311204106751575,1.1293647516024049e-05,0.016468468710902493,0.003264368312231306,0.09980001857423385,5.908028721404403,1.0725375081556883,0.0
256,1260,1.3826164827963734,0.03039085005816244,0.005130403043285758,0.0545518316830891,0.0033128882085498375,0.0014879511700200965,1.0975228282570235e-05,0.01623443127337086,0.0032179775755838665,0.09836791354581617,5.908264676184799,1.0725447475657734,0.0
256,1264,1.3870057414719175,0.029963371761508352,0.00505823869283503,0.05377753772018416,0.0032658659682232253,0.0014460117815815465,1.0665880522093488e-05,0.016003791265453187,0.0031722602750505874,0.09695687315986014,5.90849698642697,1.0725517691072368,0.0
256,1268,1.3913950001474615,0.029542014725537503,0.0049871076973045485,0.053014465520520436,0.0032195252164181525,0.0014052667772261884,1.036534261924797e-05,0.015776497936177213,0.0031272063508093586,0.0955665770040587,5.908725710109834,1.0725585778290063,0.0
256,1272,1.3957842588230056,0.029126689196233933,0.004916994904953713,0.0522624478223972,0.003173855795468066,0.0013656817262130971,1.0073360610564179e-05,0.01555250132278952,0.003082805899278256,0.09419670976746071,5.908950904255625,1.072565178672331,0.0
256,1276,1.4001735174985497,0.02871730677847557,0.004847885393442333,0.05152131995413009,0.0031288477049959927,0.0013272232048961996,9.789687960972228e-06,0.015331752237853373,0.003039049170558083,0.09284696115416778,5.909172624946429,1.0725715764730435,0.0
256,1280,1.4045627761740938,0.028313780414545024,0.004779764466202943,0.05079091979182429,0.003084491099350139,0.0012898587665972627,9.514085341582975e-06,0.015114202256573062,0.0029959265659198135,0.09151702579857098,5.9093909273404,1.0725777759637702,0.0
256,1284,1.4089520348496376,0.027916024362999923,0.004712617648873816,0.0500710877178828,0.003040776285084132,0.0012535569126157498,9.246320415854764e-06,0.014899803704339689,0.0029534286353359238,0.09020660318218672,5.9096058656876975,1.0725837817760968,0.0
256,1288,1.4133412935251817,0.02752395417789779,0.0046464306857918365,0.049361666580239355,0.0029976937184812663,0.0012182870638639542,8.986167630372258e-06,0.01468850964449515,0.0029115460750549797,0.08891539755194905,5.9098174933461145,1.0725895984426852,0.0
256,1292,1.4177305522007257,0.027137486688367383,0.004581189536543848,0.0486625016522985,0.0029552340031217014,0.001184019533582159,8.733408013591615e-06,0.014480273866309172,0.002870269725218451,0.08764311784005531,5.910025862796437,1.0725952303993456,0.0
256,1296,1.4221198108762698,0.026756539978521555,0.004516880372575668,0.04797344059357225,0.0029133878874919544,0.0011507255011906636,8.487828982971264e-06,0.014275050873166039,0.0028295905675190954,0.0863894775851921,5.910231025657515,1.0726006819870653,0.0
256,1300,1.426509069551814,0.026381033367705153,0.004453489573857652,0.047294333410999354,0.002872146262635851,0.001118376986369185,8.249224153779834e-06,0.014072795870956946,0.0027894997229000965,0.0851541948552644,5.9104330327010555,1.0726059574539926,0.0
256,1304,1.430898328227358,0.026010887391071262,0.004391003725605689,0.04662503242093317,0.0028315001598460824,0.0010869468241594404,8.017393155451106e-06,0.013873464756673629,0.002749988449294103,0.08393699217145337,5.910631933866156,1.0726110609573782,0.0
256,1308,1.435287586902902,0.025646023780480944,0.004329409615056812,0.04596539221178733,0.0027914407483957053,0.001056408640636164,7.792141452131798e-06,0.01367701410720004,0.00271104813940152,0.08273759643372082,5.910827778273576,1.0726159965654765,0.0
256,1312,1.4396768455784459,0.025286365445720577,0.004268694228298419,0.045315269607326875,0.0027519593333088415,0.0010267368297718349,7.573280172034238e-06,0.013483401168298369,0.00267267031850733,0.08155573884757426,5.911020614239729,1.072620768259404,0.0
256,1316,1.44406610425399,0.024931836456029508,0.004208844747149879,0.04467452363058956,0.0027130473531696516,0.000997906530869841,7.360625940981855e-06,0.01329258384378475,0.002634846642335505,0.08039115485221687,5.911210489290452,1.0726253799349608,0.0
256,1320,1.448455362929534,0.02458236202193551,0.004149848546096106,0.044043015468431264,0.002674696377969203,0.0009698936057702667,7.15400071427753e-06,0.01310452068489282,0.002597568894940659,0.07924358404995811,5.911397450174503,1.0726298354044108,0.0
256,1324,1.452844621605078,0.024237868477389162,0.0040916931892715875,0.04342060843667744,0.002636898106989148,0.0009426746184999502,6.953231626601042e-06,0.01291917087981974,0.002560828986635872,0.07811277013689531,5.911581542876824,1.072634138398227,0.0
256,1328,1.4572338802806222,0.023898283262194692,0.0040343664274944645,0.04280716794587493,0.002599644366721859,0.00091622681378567,6.758150833520889e-06,0.012736494243452834,0.002524618951956306,0.07699846083483206,5.911762812631566,1.0726382925667952,0.0
256,1332,1.4616231389561662,0.02356353490473018,0.003977856195349458,0.04220256146762905,0.002562927108826108,0.0008905280972157925,6.568595365165253e-06,0.012556451207272418,0.002488930947657754,0.0759004078244345,5.911941303934873,1.0726423014820867,0.0
256,1336,1.4660123976317103,0.02323355300495271,0.0039221506083189014,0.04160665850151685,0.002526738408117732,0.0008655570157429793,6.384406982408657e-06,0.012379002809427993,0.002453757250749548,0.0748183666795385,5.9121170605574465,1.072646168639292,0.0
256,1340,1.4704016563072544,0.02290826821768391,0.003867237959961105,0.04101933054256647,0.002491070460594688,0.0008412927391532321,6.205432040186391e-06,0.012204110684984776,0.0024190902565612363,0.07375209680268328,5.912290125556874,1.0726498974584215,0.0
256,1344,1.4747909149827982,0.022587612236169667,0.003813106719134999,0.040440451049290074,0.002455915581495712,0.0008177150406254441,6.031521344100445e-06,0.01203173705633679,0.0023849224768422695,0.07270136136174425,5.912460541289744,1.0726534912858714,0.0
256,1348,1.4791801736583423,0.02227151777591048,0.003759745527270478,0.03986989541226234,0.002421266203392121,0.0007948042801899646,5.862530028408769e-06,0.011861844723784107,0.0023512465378942304,0.07166592722771321,5.912628349423542,1.072656953395957,0.0
256,1352,1.4835694323338864,0.021959918558756945,0.003707143195683488,0.03930754092323299,0.0023871148743120395,0.0007725413867092357,5.69831742311323e-06,0.011694397056270725,0.0023180551787349017,0.07064556491357654,5.912793590948331,1.0726602869924138,0.0
256,1356,1.4879586910094305,0.021652749297265527,0.0036552887029350643,0.03875326674476352,0.0023534542558964642,0.0007509078417342607,5.538746934883839e-06,0.011529357982280143,0.0022853412492935938,0.06964004851428579,5.912956306188225,1.0726634952098675,0.0
256,1360,1.4923479496849745,0.021349945679311217,0.0036041711922337313,0.03820695388038037,0.00232027712158669,0.0007298856625084227,5.383685921693761e-06,0.011366691980886294,0.0022530977086372655,0.06864915564776596,5.913116534812663,1.0726665811152711,0.0
256,1364,1.4967372083605186,0.021051444352951032,0.0035537799688802464,0.037668485145232404,0.0022875763548423638,0.0007094573865629172,5.233005579194194e-06,0.011206364072956145,0.0022213176232267116,0.06767266739698784,5.913274315847475,1.0726695477093138,0.0
256,1368,1.5011264670360627,0.020757182911535412,0.003504104497754197,0.037137745137246,0.0022553449473897546,0.000689606056937464,5.086580831701333e-06,0.01104833981250194,0.0021899941652024093,0.06671036825304713,5.913429687685752,1.0726723979277994,0.0
256,1372,1.5055157257116065,0.020467099879061684,0.0034551344008414567,0.03661462020876597,0.002223575997499531,0.000670315206491523,4.94429021647485e-06,0.01089258527817959,0.002159120610699335,0.065762046059257,5.913582688098529,1.0726751346429964,0.0
256,1376,1.5099049843871506,0.020181134695767034,0.003406859454802078,0.036098998438676595,0.0021922627082936945,0.0006515688440913436,4.80601578183263e-06,0.010739067064931407,0.0021286903381903936,0.06482749195619787,5.913733354245273,1.072677760664958,0.0
256,1380,1.5142942430626947,0.01989922770395561,0.003359269588577707,0.03559076960499165,0.0021613983860809933,0.0006333514405127971,4.671642983169109e-06,0.010587752275769859,0.0020986968268578,0.06390650032777127,5.913881722684181,1.0726802787428165,0.0
256,1384,1.5186835017382387,0.019621320134055827,0.003312354881037861,0.03508982515790526,0.0021309764387203245,0.0006156479148557992,4.541060582747147e-06,0.0104386085136999,0.0020691336549919282,0.06299886874815047,5.91402782938231,1.0726826915660503,0.0
256,1388,1.5230727604137828,0.019347354090904594,0.003266105558664513,0.034596058193296635,0.002100990374011695,0.00059844362124295,4.41416055158629e-06,0.010291603873777753,0.0020399944984172106,0.06210439792969794,5.9141717097255135,1.072685001765723,0.0
256,1392,1.5274620190893269,0.01907727254025356,0.003220511993274155,0.03410936342667839,0.0020714337981141287,0.0005817243367118863,4.290837980155944e-06,0.010146706935303043,0.0020112731289444654,0.06122289167177326,5.914313398528208,1.072687211915698,0.0
256,1396,1.531851277764871,0.018811019295494544,0.0031755646997768646,0.03362963716758276,0.0020423004139901576,0.0005654762479707642,4.1709909806829265e-06,0.010003886754142575,0.001982963412849324,0.06035415681042168,5.914452930042965,1.0726893245338274,0.0
256,1400,1.536240536440415,0.01854853900459946,0.003131254333971582,0.03315677729437558,0.0020135840198762995,0.0005496859402569498,4.0545206049724104e-06,0.00986311285518268,0.001955059309376139,0.059498003168969936,5.914590337969944,1.0726913420831157,0.0
256,1404,1.5406297951159589,0.018289777137271684,0.003087571690377078,0.03269068322949214,0.0019852785077791486,0.0005343403850588402,3.94133075384325e-06,0.009724355224908386,0.0019275548692670324,0.058654243509471876,5.914725655466142,1.0726932669728597,0.0
256,1408,1.545019053791503,0.01803467997230471,0.0030445077000979173,0.03223125591508578,0.001957377861996537,0.0005194269289745534,3.831328094948925e-06,0.009587584304106602,0.0019004442333155267,0.05782269348494074,5.914858915154496,1.0726951015597648,0.0
256,1412,1.549408312467047,0.017783194585144872,0.003002053428724873,0.031778397789083035,0.0019298761576633796,0.0005049332830253661,3.7244219839527334e-06,0.009452770980691546,0.0018737216309444055,0.05700317159251204,5.914990149132816,1.0726968481490367,0.0
256,1416,1.553797571142591,0.017535268835654875,0.0029602000742692362,0.031332012761637905,0.001902767559321766,0.0004908475118554634,3.620524384864424e-06,0.009319886582650044,0.001847381378807336,0.056195499127325535,5.915119388982567,1.0726985089954533,0.0
256,1420,1.5581868298181352,0.01729085135607375,0.0029189389651302885,0.030892006191976986,0.0018760463195147809,0.0004771580232159067,3.5195497924732256e-06,0.009188902871104318,0.0018214178794137797,0.05539950013724086,5.915246665777494,1.072700086304411,0.0
256,1424,1.5625760884936792,0.01704989153917105,0.0028782615580955624,0.030458284865630274,0.0018497067774037495,0.00046385355841493947,3.42141516190866e-06,0.009059792033490666,0.0017958256197768757,0.05461500137834664,5.915372010092097,1.072701582232951,0.0
256,1428,1.5669653471692233,0.016812339526590902,0.0028381594363731557,0.030030756972038792,0.0018237433574083686,0.00045092318214301486,3.3260398335892596e-06,0.00893252667685133,0.0017705991700837581,0.053841832271205654,5.915495452009954,1.072702998890765,0.0
256,1432,1.5713546058447672,0.016578146197383584,0.002798624307655697,0.029609332082534252,0.001798150567869428,0.0004383562731504753,3.2333454644605045e-06,0.008807079821238174,0.0017457331823880387,0.05307982485787018,5.9156170211319115,1.0727043383411785,0.0
256,1436,1.5757438645203112,0.016347263156720724,0.0027596480022153143,0.029193921128682684,0.0017729229997336376,0.000426142515493666,3.14325596342556e-06,0.008683424893225664,0.001721222389323954,0.05232881375964583,5.915736746584113,1.0727056026021147,0.0
256,1440,1.5801331231958553,0.016119642724791525,0.0027212224710291624,0.028784436380986617,0.0017480553252602277,0.00041427188887155353,3.0556974200675274e-06,0.00856153571953159,0.0016970616028418703,0.05158863613554531,5.915854657025902,1.0727067936470378,0.0
256,1444,1.5845223818713994,0.01589523792587626,0.0026833397839348743,0.028380791427938135,0.0017235422967488588,0.00040273466106555134,2.970598048885084e-06,0.008441386520743152,0.001673245712964671,0.050859131641490814,5.915970780657583,1.072707913405878,0.0
256,1448,1.5889116405469434,0.01567400247759509,0.002645992127815609,0.027982901155418658,0.0016993787452885861,0.0003915213785035121,2.887888119691855e-06,0.008322951905147232,0.0016497696865647987,0.05014014239019664,5.916085145228043,1.0727089637659357,0.0
256,1452,1.5933008992224875,0.015455890780327953,0.0026091718048139824,0.027590681726437003,0.0016755595795273697,0.00038062285909745697,2.8074999047870193e-06,0.00820620686266221,0.001626628566161424,0.0494315129117191,5.916197778042254,1.0727099465727679,0.0
256,1456,1.5976901578980316,0.015240857906803584,0.002572871230574546,0.027204050561201263,0.0016520797844618552,0.00037003018343284566,2.7293676139667736e-06,0.008091126758870092,0.0016038174687374978,0.04873309011473543,5.916308705968626,1.0727108636310576,0.0
256,1460,1.6020794165735757,0.015028859591854593,0.0025370829325143,0.026822926317518647,0.0016289344202470727,0.00035973468817473986,2.6534273458877446e-06,0.007977687329147077,0.0015813315845763158,0.048044723248405745,5.9164179554462475,1.0727117167054627,0.0
256,1464,1.6064686752491195,0.014819852222335608,0.002501799548120735,0.026447228871516834,0.0016061186210256594,0.00034972795742760354,2.5796170243362972e-06,0.007865864672890696,0.001559166176117228,0.04736626386494839,5.916525552491997,1.0727125075214485,0.0
256,1468,1.6108579339246636,0.014613792827201382,0.0024670138232768747,0.02607687929868075,0.0015836275937762393,0.0003400018169941177,2.5078763558811612e-06,0.007755635247841665,0.0015373165768301177,0.04669756578282444,5.916631522707526,1.0727132377661046,0.0
256,1472,1.6152471926002077,0.014410639067743668,0.002432718610613125,0.02571179985520185,0.0015614566171807804,0.00033054832584866745,2.438146766981297e-06,0.00764697586449955,0.001515778190108481,0.046038485050534025,5.916735891286128,1.0727139090889422,0.0
256,1476,1.6196364512757517,0.014210349227981764,0.0023989068678850634,0.025351913959630188,0.0015396010405103393,0.0003213597706803739,2.3703713637349326e-06,0.0075398636806293644,0.0014945464881805264,0.04538887991104584,5.916838683019486,1.0727145231026773,0.0
256,1480,1.6240257099512958,0.014012882205206528,0.002365571656377133,0.02499714617482814,0.0015180562825291256,0.0003124286584466063,2.3044948769537622e-06,0.007434276195858694,0.0014736170110382224,0.04474861076682934,5.916939922304303,1.0727150813839963,0.0
256,1484,1.6284149686268399,0.01381819750067381,0.002332706139331565,0.024647422190217882,0.0014968178304164068,0.000303747710290736,2.2404636172998946e-06,0.007330191246363048,0.0014529853653838304,0.04411754014546921,5.917039633148821,1.0727155854743071,0.0
256,1488,1.632804227302384,0.013626255210445446,0.0023003035804022086,0.024302668804318858,0.0014758812387060212,0.0002953098555167344,2.178225430842074e-06,0.00722758699963822,0.0014326472235936859,0.043495532665846014,5.917137839179223,1.072716036880474,0.0
256,1492,1.6371934859779278,0.013437016016374911,0.002268357342132784,0.02396281390756917,0.0014552421282431366,0.0002871082251658663,2.1177296516769434e-06,0.007126441949357893,0.0014125983226988773,0.04288245500492022,5.917234563645928,1.072716437075537,0.0
256,1496,1.6415827446534719,0.013250441177235912,0.0022368608844592617,0.023627786465427306,0.001434896185158031,0.0002791361466165654,2.0589270620973554e-06,0.007026734910315389,0.0013928344633826017,0.04227817586505249,5.917329829429777,1.0727167874994183,0.0
256,1500,1.645972003329016,0.013066492519990166,0.002205807763235743,0.023297516501747,0.0014148391598564616,0.00027138713755903154,2.001769848148601e-06,0.0069284450134473805,0.0013733515089937704,0.04168256594187065,5.9174236590481195,1.0727170895596114,0.0
256,1504,1.65036126200456,0.012885132431194246,0.0021751916287838123,0.022971935082424285,0.0013950668660265644,0.00026385490076563656,1.946211561054564e-06,0.006831551700939296,0.0013541453845768037,0.04109549789268882,5.917516074660778,1.072717344631859,0.0
256,1508,1.654750520680104,0.012706323848540698,0.002145006224464561,0.02265097429930773,0.0013755751796617345,0.0002565333182928953,1.8922070744510718e-06,0.006736034721409711,0.0013352120759170859,0.04051684630545522,5.917607098075931,1.072717554060815,0.0
256,1512,1.6591397793556482,0.012530030252532643,0.0021152453852731415,0.022334567254369702,0.0013563600380993618,0.0002494164471613658,1.8397125525205472e-06,0.00664187412517306,0.0013165476286019424,0.03994648766820756,5.91769675075588,1.0727177191606938,0.0
256,1516,1.6635290380311922,0.012356215658290292,0.0020859030364555925,0.022022648044135694,0.0013374174390752348,0.00024249851350077734,1.7886854068060748e-06,0.006549050259579779,0.0012981481470969666,0.03938430033904682,5.917785053822725,1.072717841215906,0.0
256,1520,1.6679182967067363,0.012184844607484662,0.002056973192147136,0.02171515174436225,0.001318743439793045,0.00023577390760465278,1.7390842597339648e-06,0.006457543764431057,0.0012800097938371346,0.03883016451661651,5.917872028063945,1.0727179214816813,0.0
256,1524,1.6723075553822802,0.0120158821603995,0.0020284499540321197,0.021412014394965255,0.0013003341560090932,0.00022923718023548645,1.6908689173604942e-06,0.00636733556746868,0.0012621287883328065,0.03828396221106875,5.9179576939378755,1.0727179611846795,0.0
256,1528,1.6766968140578242,0.011849293888116879,0.0020003275100248345,0.02111317298518969,0.0012821857611316615,0.00022288303676987198,1.644000326185974e-06,0.006278406879937328,0.001244501406290086,0.037745577215516427,5.918042071579095,1.0727179615235862,0.0
256,1532,1.6810860727333683,0.011685045864825548,0.0019726001329710557,0.020818565439018825,0.001264294485334926,0.00021670633350368007,1.5984405459014921e-06,0.006190739192218718,0.0012271239787454255,0.03721489507795637,5.918125180803733,1.0727179236697,0.0
256,1536,1.6854753314089124,0.011523104660249932,0.0019452621793699537,0.020528130600818664,0.001246656614687153,0.00021070207293405474,1.5541527145885982e-06,0.0061043142695362766,0.001209992891214207,0.03669180307366865,5.918207041114655,1.0727178487675044,0.0
256,1540,1.6898645900844564,0.011363437332197407,0.0019183080881159656,0.020241808221212795,0.0012292684902928943,0.00020486539995090425,1.5111010206274842e-06,0.006019114147728971,0.0011931045828530362,0.03617619017806438,5.918287671706604,1.0727177379352308,0.0
256,1544,1.6942538487600005,0.011206011419222117,0.0018917323792603474,0.019959538943184224,0.0012121265074489598,0.00019919159740311443,1.469250669993074e-06,0.005935121129093193,0.0011764555456355219,0.03566794703998551,5.918367091471215,1.072717592265408,0.0
256,1548,1.6986431074355446,0.011050794933403973,0.0018655296527921668,0.019681264288401282,0.0011952271148140013,0.00019367608200582254,1.4285678560667998e-06,0.005852317778291853,0.00116004232354138,0.03516696595545038,5.9184453190019655,1.0727174128254013,0.0
256,1552,1.7030323661110884,0.010897756353239488,0.0018396945874381745,0.01940692664376118,0.0011785668135913154,0.0001883144009298121,1.3890197344797478e-06,0.0057706869183287626,0.0011438615117584793,0.03467314084183521,5.918522372599034,1.0727172006579409,0.0
256,1556,1.7074216247866325,0.01074686461664418,0.0018142219394815136,0.019136469248150306,0.0011621421567248051,0.00018310222759509998,1.3505743920858717e-06,0.005690211626588003,0.0011279097558977663,0.03418636721247671,5.918598270274085,1.0727169567816381,0.0
256,1560,1.7118108834621766,0.010598089114063975,0.0017891065415988258,0.018869836179416344,0.0011459497481078084,0.00017803535871507847,1.3132008251593872e-06,0.0056108752309368265,0.0011121837512207866,0.03370654215168546,5.9186730297549595,1.0727166821914933,0.0
256,1564,1.7162001421377207,0.010451399681693663,0.0017643433017154328,0.01860697234154819,0.0011299862418045448,0.00017310970980588536,1.2768689062715802e-06,0.005532661305890854,0.001096680241879552,0.0332335642902072,5.9187466684902965,1.0727163778593913,0.0
256,1568,1.7205894008132647,0.010306766594801018,0.001739927201878352,0.01834782345206092,0.0011142483412840147,0.0001683213127421368,1.2415493662617292e-06,0.005455553668840774,0.0010813960201685997,0.032767333781030174,5.918819203654073,1.0727160447345883,0.0
256,1572,1.7249786594888088,0.010164160561154682,0.0017158532971468334,0.018092336029582056,0.001098732798666123,0.00016366631149367095,1.2072137627910373e-06,0.0053795363763393875,0.0010663279257890133,0.03230775227564844,5.918890652150069,1.0727156837441871,0.0
256,1576,1.7293679181643529,0.010023552714554301,0.0016921167145001526,0.017840457381635866,0.0010834364139798306,0.00015914095979496778,1.1738344631521162e-06,0.005304593720448033,0.0010514728451242131,0.03185472290068046,5.918961030616252,1.0727152957936048,0.0
256,1580,1.733757176839897,0.009884914608460874,0.0016687126517623268,0.01759213559262191,0.0010683560344331004,0.00015474161739348347,1.1413846165964466e-06,0.005230710225141232,0.0010368277105272884,0.03140815023488271,5.9190303554290935,1.0727148817670298,0.0
256,1584,1.7381464355154408,0.009748218209726205,0.0016456363765435561,0.017347319511985405,0.0010534885536944932,0.00015046474709379254,1.1098381325317721e-06,0.005157870642768869,0.001022389499619732,0.03096794028652963,5.919098642707807,1.0727144425278683,0.0
256,1588,1.7425356941909849,0.00961343589241902,0.0016228832251979867,0.017105958742574666,0.0010388309111861258,0.00014630691225647752,1.0791696620737402e-06,0.00508605995057442,0.0010081552346012871,0.030534000471180822,5.919165908318525,1.0727139789191846,0.0
256,1592,1.746924952866529,0.009480540431747477,0.001600448601797743,0.016868003629184856,0.0010243800913879407,0.0001422647732169935,1.0493545716312042e-06,0.0050152633472690476,0.000994121981570866,0.03010623958980207,5.919232167878388,1.0727134917641292,0.0
256,1596,1.751314211542073,0.009349504998075015,0.0015783279771227213,0.016633405247282258,0.0010101331231529415,0.0001383350850687748,1.0203689265542703e-06,0.004945466249659805,0.0009802868498581955,0.029684567807247104,5.919297436759585,1.0727129818663617,0.0
256,1600,1.755703470217617,0.009220303151029067,0.0015565168876660563,0.016402115391907897,0.0009960870790333186,0.00013451469465053378,9.921894689124092e-07,0.004876654289331585,0.0009666469913661154,0.029268896631074237,5.919361730093312,1.072712450010461,0.0
256,1604,1.7600927288931612,0.009092908833700833,0.001535010934654961,0.01617408656675693,0.0009822390746172488,0.00013080053810199388,9.647935994653775e-07,0.004808813309381761,0.0009531995999233206,0.028859138890744356,5.9194250627736675,1.0727118969623308,0.0
256,1608,1.7644819875687052,0.008967296366934639,0.0015138057830866906,0.0159492719734309,0.0009685862678761947,0.00012718963830593566,9.381593587955778e-07,0.004741929361206627,0.0009399419106473719,0.028455208717121098,5.919487449461485,1.072711323469595,0.0
256,1612,1.768871246244249,0.00884344044370518,0.0014928971607793419,0.015727625500859585,0.0009551258585225011,0.0001236791019323391,9.12265405505452e-07,0.004675988701338673,0.0009268711993177831,0.02805702152232014,5.9195489045880985,1.072710730261985,0.0
256,1616,1.7732605049197931,0.00872131612358147,0.0014722808574372903,0.015509101714889903,0.0009418550873771382,0.00012026611796045472,8.870910053161781e-07,0.004610977788333904,0.0009139847817590274,0.027664493979894997,5.919609442359047,1.0727101180517193,0.0
256,1620,1.7776497635953372,0.008600898827276455,0.0014519527237310873,0.015293655848039767,0.0009287712357474618,0.00011694795455241547,8.626160080072205e-07,0.004546883279708605,0.0009012800132333448,0.027277544005311263,5.919669076757718,1.0727094875338772,0.0
256,1624,1.7820390222708813,0.00848216433128012,0.0014319086703914543,0.01508124378941292,0.0009158716248147492,0.00011372195712056055,8.388208331607805e-07,0.0044836920289243335,0.0008887542878431101,0.026896090736804556,5.919727821548927,1.0727088393867608,0.0
256,1628,1.7864282809464254,0.008365088762575272,0.0014121446673172316,0.014871822074772698,0.0009031536150313866,0.00011058554588316838,8.156864521327172e-07,0.004421391082420529,0.0008764050379426382,0.026520054516449263,5.919785690282433,1.0727081742722542,0.0
256,1632,1.7908175396219694,0.008249648593434768,0.001392656742697078,0.014665347876772507,0.0008906146055275743,0.00010753621410231062,7.931943750548395e-07,0.0043599676766940786,0.000864229733559298,0.02614935687163076,5.919842696296411,1.072707492836172,0.0
256,1636,1.7952067982975135,0.008135820636298023,0.0013734409821445524,0.014461778995338792,0.0008782520335272928,0.00010457152586695884,7.713266344829518e-07,0.004299409235424576,0.0008522258818236833,0.02578392049675877,5.919898852720847,1.0727067957086025,0.0
256,1640,1.7995960569730576,0.00802358203872701,0.0013544935278466167,0.014261073848206693,0.0008660633737735394,0.00010168911364871747,7.500657673677753e-07,0.004239703366645308,0.0008403910264088471,0.02542366923529755,5.9199541724808915,1.0727060835042435,0.0
256,1644,1.8039853156486014,0.007912910278439197,0.001335810577725125,0.014063191461603373,0.0008540461379625362,9.888667705126863e-05,7.293948058307681e-07,0.004180837859958485,0.0008287227469783078,0.025068528062079872,5.920008668300147,1.0727053568227305,0.0
256,1648,1.8083745743241455,0.007803783158416369,0.0013173883846111234,0.013868091461077243,0.0008421978741867948,9.616198042294855e-05,7.092972595543277e-07,0.004122800683794187,0.0008172186586427179,0.024718423065896635,5.9200623527039085,1.0727046162489593,0.0
256,1652,1.8127638329996896,0.007696178802088857,0.0012992232554318822,0.01367573406247163,0.0008305161663869556,9.351285103775808e-05,6.897571023648028e-07,0.004065579982712556,0.0008058764114251076,0.02437328143240053,5.920115238022344,1.072703862353402,0.0
256,1656,1.8171530916752336,0.007590075648593339,0.0012813115504103432,0.01348608006303964,0.0008189986338122002,9.093717773112076e-05,6.70758762169751e-07,0.004009164074748298,0.0007946936897345133,0.024033031427244687,5.920167336393627,1.0727030956924157,0.0
256,1660,1.8215423503507777,0.007485452448102649,0.0012636496822767283,0.013299090832697152,0.0008076429304890527,8.843290856930253e-05,6.522871037674228e-07,0.003953541448796548,0.0007836682118478061,0.023697602379512028,5.920218659767011,1.072702316808545,0.0
256,1664,1.8259316090263218,0.007382288257227902,0.0012462341154923513,0.013114728305414115,0.0007964467446985807,8.599804925779608e-05,6.34327417106896e-07,0.003898700762040155,0.000772797729399729,0.023366924665406935,5.920269219905862,1.072701526230819,0.0
256,1668,1.8303208677018659,0.007280562434490192,0.0012290613654851786,0.012932954970739225,0.0007854077984616956,8.363066206129588e-05,6.168654093217395e-07,0.0038446308374169218,0.0007620800268808561,0.023040929692216796,5.920319028390629,1.0727007244750426,0.0
256,1672,1.8347101263774097,0.00718025463586135,0.0012121279978970453,0.01275373386545677,0.0007745238470324795,8.132886370049164e-05,5.998871892166192e-07,0.0037913206611264127,0.0007515129211433934,0.022719549882508173,5.920368096621777,1.0726999120440806,0.0
256,1676,1.8390993850529538,0.007081344810373155,0.0011954306278424288,0.012577028565374392,0.0007637926783994628,7.909082376045262e-05,5.833792555274335e-07,0.003738759380175981,0.0007410942609147538,0.022402718658612535,5.920416435822664,1.0726990894281363,0.0
256,1680,1.8434886437284979,0.006983813195793356,0.0011789659191785004,0.012402803177238617,0.000753212112794661,7.691476332638558e-05,5.673284868585718e-07,0.003686936299965041,0.0007308219263187133,0.02209037042732672,5.920464057042369,1.0726982571050252,0.0
256,1684,1.847877902404042,0.0068876403143671066,0.0011627305837862195,0.012231022330775354,0.0007427800022102007,7.47989536193927e-05,5.517221316201729e-07,0.003635840881906773,0.0007206938284039872,0.021782440564857956,5.920510971158483,1.0726974155404427,0.0
256,1688,1.852267161079586,0.00679280696862368,0.0011467213808624476,0.012061651170855203,0.0007324942299225248,7.274171451854272e-05,5.365477971268218e-07,0.0035854627410871823,0.0007107079086802107,0.021478865402034256,5.920557188879842,1.0726965651882256,0.0
256,1692,1.85665641975513,0.006699294237247188,0.0011309351162228686,0.011894655349780806,0.0007223527100240102,7.07414130260986e-05,5.217934382769654e-07,0.00353579164396072,0.0007008621386611657,0.021179582209747316,5.920602720749224,1.0726957064906104,0.0
256,1696,1.8610456784306741,0.006607083471009656,0.0011153686416154338,0.011730001019693346,0.0007123533869618202,6.879646184643207e-05,5.074473470708903e-07,0.0034868175060815587,0.000691154519415076,0.020884529184590935,5.920647577145992,1.072694839878484,0.0
256,1700,1.8654349371062182,0.006516156288765371,0.0011000188540441517,0.011567654825095959,0.0007024942350838577,6.690531904496311e-05,4.934981500950374e-07,0.003438530389869876,0.0006815830811218427,0.020593645434774547,5.92069176828871,1.072693965771629,0.0
256,1704,1.869824195781762,0.0064264945735075085,0.0010848826951033914,0.011407583895495706,0.0006927732581919181,6.506648509230217e-05,4.799347867193951e-07,0.0033909205024136315,0.0006721458826373124,0.020306870966224754,5.920735304237689,1.0726930845789675,0.0
256,1708,1.8742134544573061,0.006338080468483281,0.001069957150322065,0.01124975583815724,0.0006831884891016252,6.327850326215412e-05,4.6674651203246595e-07,0.0033439781933037815,0.0006628410110641761,0.020024146668952712,5.920778194897524,1.0726921966987961,0.0
256,1712,1.8786027131328502,0.0062508963733684106,0.0010552392485178239,0.011094138730969448,0.0006737379892092286,6.153995713020777e-05,4.539228783929071e-07,0.003297693952503307,0.0006536665813295689,0.019745414303565953,5.92082045001956,1.072691302519018,0.0
256,1716,1.8829919718083943,0.006164924940499964,0.0010407260611611099,0.01094070111542318,0.0006644198480651465,5.9849470460449083e-05,4.414537345909684e-07,0.0032520584082494975,0.0006446207357692623,0.019470616488067957,5.920862079204339,1.0726904024173693,0.0
256,1720,1.8873812304839384,0.006080149071165516,0.0010264147017487123,0.010789411989696279,0.0006552321829540255,5.8205705499858595e-05,4.2932921327006576e-07,0.003207062324988353,0.000635701643718223,0.019199696684832804,5.920903091903983,1.0726894967616425,0.0
256,1724,1.8917704891594824,0.005996551911948973,0.0010123023251868923,0.010640240801846253,0.000646173138481337,5.660736218260354e-05,4.175397250568485e-07,0.0031626966013411986,0.000626907501107556,0.018932599187768306,5.920943497424573,1.0726885859099031,0.0
256,1728,1.8961597478350265,0.005914116851131594,0.0009983861271838246,0.010493157443108097,0.0006372408861663593,5.505317659526554e-05,4.06075947240615e-07,0.0031189522681027743,0.0006182365300676885,0.01866926910973188,5.920983304928452,1.072687670210704,0.0
256,1732,1.9005490065105703,0.005832827515147295,0.000984663343651203,0.010348132241295103,0.0006284336240414146,5.354192040840644e-05,3.949288195805042e-07,0.003075820486270147,0.0006096869785376613,0.01840965237008236,5.92102252343651,1.0726867500032935,0.0
256,1736,1.9049382651861144,0.00575266776509154,0.0009711312501148915,0.010205135954301638,0.0006197495762572976,5.207239996707358e-05,3.840895375970009e-07,0.003033292545102132,0.0006012571198804688,0.018153695682498108,5.921061161830434,1.0726858256178202,0.0
256,1740,1.9093275238616585,0.005673621693283,0.0009577871611344849,0.010064139763706044,0.0006111869926947847,5.064345458549724e-05,3.73549539993509e-07,0.0029913598602086884,0.0005929452525043406,0.01790134654292737,5.921099228854908,1.0726848973755334,0.0
256,1744,1.9137167825372026,0.00559567361987703,0.000944628429731615,0.009925115268471922,0.0006027441485821186,4.925395649024722e-05,3.6330050823707067e-07,0.002950013971669744,0.0005847496994898563,0.017652553217748817,5.9211367331197895,1.0726839655889802,0.0
256,1748,1.9181060412127466,0.005518808089530164,0.0009316524468268716,0.009788034478746254,0.0005944193441183732,4.790280939914737e-05,3.5333435607634406e-07,0.002909246542183,0.0005766688082228043,0.017407264732146994,5.921173683102239,1.0726830305621966,0.0
256,1752,1.9224952998882907,0.005443009868115015,0.0009188566406852306,0.009652869809753039,0.0005862109041026189,4.658894783915457e-05,3.436432245102322e-07,0.0028690493552403253,0.0005687009500327082,0.017165430858625014,5.921210087148829,1.0726820925908973,0.0
256,1756,1.9268845585638348,0.005368263939484522,0.0009062384763698134,0.009519594075780588,0.0005781171775687758,4.531133578211666e-05,3.3421947172514186e-07,0.0028294143133321525,0.0005608445198369035,0.016927002105716935,5.921245953477601,1.072681151962659,0.0
256,1760,1.9312738172393789,0.005294555502284878,0.0008937954552038646,0.009388180484261023,0.0005701365374260671,4.406896641739877e-05,3.2505567141786003e-07,0.0027903334361794887,0.0005530979357900879,0.01669192970688956,5.921281290180105,1.0726802089571013,0.0
256,1764,1.9356630759149227,0.005221869966816561,0.0008815251142408499,0.009258602629940913,0.0005622673801050059,4.2860861356075475e-05,3.1614460692562093e-07,0.0027517988589931693,0.0005454596389392716,0.01646016560961412,5.921316105223398,1.0726792638460643,0.0
256,1768,1.9400523345904668,0.00515019295194246,0.000869425025742504,0.009130834489141008,0.000554508125208794,4.168606932353214e-05,3.07479261582646e-07,0.0027138028307597817,0.0005379280928840148,0.016231662464578245,5.921350406452006,1.0726783168937821,0.0
256,1772,1.9444415932660108,0.00507951028204244,0.0008574927966647185,0.009004850414103985,0.0005468572151700648,4.0543665420500474e-05,2.990528132694917e-07,0.0026763377125539117,0.0005305017834418822,0.016006373615118263,5.921384201589863,1.0726773683570519,0.0
256,1776,1.948830851941555,0.005009807984013479,0.0008457260681511228,0.00888062512742835,0.0005393131149128591,3.943275135043223e-05,2.9085863609017367e-07,0.0026393959758761686,0.0005231792183190069,0.015784253086771696,5.921417498242215,1.0726764184854,0.0
256,1780,1.953220110617099,0.004941072284315377,0.0008341225150343581,0.008758133716588505,0.0005318743115198328,3.835245314576241e-05,2.8289028360093047e-07,0.002602970201016979,0.0005159589267857636,0.01556525557701944,5.921450303897489,1.0726754675212467,0.0
256,1784,1.957609369292643,0.004873289606059922,0.0008226798453446879,0.008637351628537016,0.0005245393139044576,3.7301921622656664e-05,2.7514149216447085e-07,0.0025670530754449772,0.0005088394593573163,0.015349336445194229,5.921482625929135,1.0726745157000637,0.0
256,1788,1.9619986279681871,0.0048064465661446995,0.0008113957998261446,0.008518254664391222,0.0005173066524883426,3.628033124414287e-05,2.67606172564356e-07,0.002531637392220617,0.0005018193874791648,0.015136451702496393,5.92151447159744,1.0726735632505309,0.0
256,1792,1.966387886643731,0.004740529972428893,0.0008002681514597648,0.008400818974199106,0.0005101748788833698,3.528687972220723e-05,2.6027840707003326e-07,0.0024967160484334902,0.0004948973032173923,0.014926558002241302,5.92154584805131,1.0726726103946909,0.0
256,1796,1.970777145319275,0.004675526820951863,0.0007892947049940465,0.008285021051786088,0.0005031425655787447,3.43207869377693e-05,2.5315244147049877e-07,0.002462282043663859,0.00048807181895371015,0.014719612630204893,5.921576762330022,1.0726716573480963,0.0
256,1800,1.9751664039948191,0.004611424293193435,0.0007784732964824468,0.008170837729680297,0.0004962083056328117,3.338129459962147e-05,2.462226825586127e-07,0.002428328478467644,0.00048134156708515437,0.014515573495127936,5.921607221364948,1.0726707043199588,0.0
256,1804,1.9795556626703632,0.004548209753375042,0.0007678017928277773,0.008058246174115194,0.0004893707123695677,3.2467665732838213e-05,2.3948369435757065e-07,0.002394848552884558,0.00047470519972836825,0.01431439911938216,5.921637231981256,1.0726697515132912,0.0
256,1808,1.9839449213459073,0.004485870745800922,0.0007572780913333606,0.0079472238801075,0.0004826284190797484,3.157918371243795e-05,2.3293019099312864e-07,0.002361835564968756,0.00046816138842834876,0.014116048629773921,5.921666800899574,1.0726687991250503,0.0
256,1812,1.9883341800214513,0.00442439499223947,0.0007469001192609655,0.007837748666611025,0.00047598007872652474,3.0715152092852804e-05,2.2655703543576058e-07,0.0023292829093421842,0.0004617088238716933,0.013920481748489791,5.921695934737639,1.0726678473462723,0.0
256,1816,1.9927234386969954,0.004363770389343561,0.0007366658333953212,0.007729798671743734,0.00046942436365564604,2.98748937552773e-05,2.203592332114446e-07,0.0022971840757698273,0.00045534621560418514,0.013727658784181139,5.921724640011906,1.07266689636221,0.0
256,1820,1.9971126973725395,0.0043039850061091485,0.0007265732196150939,0.0076233523480871,0.000462959965309974,2.9057750509764446e-05,2.1433192946669686e-07,0.002265532647756575,0.0004490722917526658,0.013537540623198148,5.921752923139141,1.0726659463524633,0.0
256,1824,2.0015019560480836,0.0042450270813722685,0.0007166202924703442,0.007518388458057659,0.0004565855939484005,2.826308246994813e-05,2.084704043564818e-07,0.002234322301165674,0.0004428857987511856,0.013350088720936152,5.921780790437988,1.0726649974911098,0.0
256,1828,2.0058912147236274,0.0041868850213427,0.0007068050947661757,0.007414886069347614,0.0004502999783689599,2.7490267711982597e-05,2.0277007052852667e-07,0.0022035468028578325,0.0004367855010712479,0.013165265093359487,5.9218082481305,1.0726640499468312,0.0
256,1832,2.0102804733991717,0.004129547397175053,0.0006971256971527003,0.0073128245504358305,0.00044410186563621453,2.6738701478734583e-05,1.9722646725338895e-07,0.002173200009351364,0.0004307701809562234,0.012983032308597122,5.921835302343659,1.0726631038830374,0.0
256,1836,2.0146697320747156,0.004073002942575395,0.0006875801977210019,0.00721218356616571,0.0004379900208127036,2.6007795895566233e-05,1.918352583280521e-07,0.002143275865502331,0.00042483863815972973,0.012803353478717368,5.921861959110865,1.0726621594579888,0.0
256,1840,2.0190589907502594,0.004017240551443991,0.0006781667216051995,0.0071129430733909565,0.0004319632266945131,2.5296979572431155e-05,1.86592229140959e-07,0.0021137684032049853,0.00041898968968803323,0.012626192251605429,5.921888224373399,1.0726612168249143,0.0
256,1844,2.0234482494258037,0.003962249275552793,0.0006688834205903734,0.007015083316686662,0.00042602028355081455,2.4605696978596825e-05,1.8149328205992235e-07,0.002084671740111738,0.00041322216954632233,0.012451512802981521,5.921914103981862,1.072660276132128,0.0
256,1848,2.0278375081013476,0.00390801832225801,0.0006597284727264154,0.006918584824126243,0.00042016000886740094,2.3933407987897226e-05,1.7653443307787734e-07,0.0020559800783728145,0.00040753492848888287,0.01227927982852613,5.921939603697605,1.0726593375231444,0.0
256,1852,2.032226766776892,0.003854537052245708,0.0006507000819474543,0.006823428403120544,0.00041438123709399945,2.327958759451576e-05,1.717118097164773e-07,0.002027687703394493,0.0004019268337729573,0.012109458536141144,5.9219647291941095,1.0726584011367886,0.0
256,1856,2.0366160254524357,0.003801794977311702,0.0006417964776970705,0.006729595136321172,0.00040868281939548403,2.2643725344551058e-05,1.6702164683328463e-07,0.0019997889826165443,0.0003963967689164091,0.011942014638310844,5.9219894860583695,1.0726574671073077,0.0
256,1860,2.04100528412798,0.003749781758174284,0.0006330159145590536,0.006637066377585569,0.00040306362340683755,2.2025325051799882e-05,1.6246028452536645e-07,0.00197227836430813,0.0003909436334590472,0.011776914344612349,5.922013879792244,1.0726565355644764,0.0
256,1864,2.045394542803524,0.0036984872023191687,0.000624356671893599,0.006545823748002495,0.0003975225329917828,2.1423904286166362e-05,1.5802416435576646e-07,0.0019451503763817514,0.00038556634272752713,0.011614124354304547,5.92203791581378,1.0726556066337019,0.0
256,1868,2.0497838014790677,0.0036479012618764314,0.000615817053478905,0.006455849131977494,0.0003920584480050558,2.0838994089444896e-05,1.5370982725710047e-07,0.0019183996252251328,0.0003802638276038083,0.011453611849066646,5.922061599458526,1.072654680436128,0.0
256,1872,2.054173060154612,0.003598014031529131,0.0006073953871581188,0.00636712467337781,0.0003866702840582899,2.0270138293199125e-05,1.495139085001857e-07,0.0018920207945508742,0.0003750350342971326,0.011295344485808368,5.922084935980814,1.0726537570887347,0.0
256,1876,2.058562318830156,0.00354881574645276,0.0005990900244914874,0.006279632771735027,0.00038135697228940514,1.9716893916665867e-05,1.4543314062900702e-07,0.001866008644263351,0.00036987892411942223,0.0111392903896314,5.922107930555031,1.072652836704436,0.0
256,1880,2.0629515775057,0.003500296780285288,0.0005908993404136717,0.0061933560785050485,0.0003761174591354798,1.9178829745669645e-05,1.4146434297869456e-07,0.0018403580093427551,0.000364794473264075,0.01098541814688811,5.922130588276863,1.0726519193921777,0.0
256,1884,2.067340836181244,0.0034524476431273088,0.0005828217328961432,0.006108277493384451,0.0003709507061090456,1.865552707158713e-05,1.3760442712617536e-07,0.0018150637987459852,0.0003597806725880997,0.010833696798295942,5.922152914164518,1.0726510052570317,0.0
256,1888,2.0717300948567883,0.0034052589795713784,0.0005748556226145089,0.006024380160681563,0.0003658556895777062,1.8146578213418252e-05,1.3385038598887011e-07,0.0017901209943238909,0.0003548365273974929,0.010684095832254699,5.922174913159937,1.0726500944002875,0.0
256,1892,2.076119353532332,0.00335872156676116,0.0005669994526208675,0.005941647465743208,0.00036083140054713657,1.7651587256750645e-05,1.301992992753448e-07,0.001765524649755148,0.0003499610572359124,0.010536585178171153,5.922196590129979,1.072649186919542,0.0
256,1896,2.0805086122078764,0.0033128263124786016,0.000559251688020898,0.005860063031433997,0.0003558768444472727,1.717016937163862e-05,1.2664832845393992e-07,0.0017412698894958432,0.0003451532956764649,0.010391135199957761,5.922217949867588,1.07264828290879,0.0
256,1900,2.0848978708834203,0.0032675642532598776,0.0005516108156558043,0.005779610714669335,0.00035099104092176455,1.670195001679531e-05,1.2319471088283798e-07,0.0017173519077451035,0.0003404122901166733,0.01024771668957424,5.922238997092945,1.0726473824585105,0.0
256,1904,2.089287129558964,0.0032229265525388242,0.0005440753437889007,0.00570027460299995,0.00034617302362055676,1.6246565280653158e-05,1.1983576232574883e-07,0.0016937659674261278,0.00033573710157649826,0.01010630086070147,5.922259736454596,1.07264648565575,0.0
256,1908,2.0936763882345084,0.0031789044988180066,0.0005366438017968624,0.005622039011247952,0.00034142183999559956,1.5803661312929762e-05,1.1656887275910079e-07,0.0016705073991826107,0.0003311268044994092,0.00996685934251491,5.922280172530567,1.0726455925842076,0.0
256,1912,2.0980656469100523,0.003135489503866539,0.0005293147398654927,0.005544888478192942,0.00033673655109959887,1.5372894154097594e-05,1.1339150511419791e-07,0.001647571600390125,0.00032658048655642176,0.009829364173520785,5.922300309829458,1.0726447033243143,0.0
256,1916,2.1024549055855966,0.0030926731009447463,0.0005220867286900198,0.005468807763308237,0.0003321162313878097,1.4953929223793239e-05,1.1030119150369191e-07,0.0016249540341824707,0.0003220972484531012,0.009693787795532262,5.922320152791522,1.0726438179533142,0.0
256,1920,2.1068441642611404,0.0030504469430546423,0.0005149583591797543,0.005393781843545375,0.000327559968522762,1.4546441263973975e-05,1.0729553280230132e-07,0.0016026502284924634,0.00031767620373942824,0.009560103047695525,5.922339705789724,1.0726429365453416,0.0
256,1924,2.1112334229366847,0.0030088028012166014,0.000507928242167166,0.00531979591016735,0.00032306686318194546,1.4150114168387518e-05,1.0437219738896873e-07,0.0015806557751072627,0.0003133164786225468,0.009428283160625262,5.922358973130784,1.0726420591714974,0.0
256,1928,2.1156226816122286,0.002967732562771097,0.0005009950081211939,0.005246835365628802,0.000318636028868346,1.3764640641511505e-05,1.0152891863117551e-07,0.0015589663287377447,0.0003090172117822958,0.009298301750639996,5.922377959056209,1.0726411858999239,0.0
256,1932,2.1200119402877724,0.002927228229705667,0.0004941573068648142,0.005174885820503171,0.0003142665917238346,1.338972168696273e-05,9.876349111141367e-08,0.0015375776061018968,0.00030477755418952007,0.009170132814058285,5.922396667743295,1.0726403167958778,0.0
256,1936,2.1244011989633167,0.002887281917006117,0.0004874138072967009,0.005103933090455081,0.000309957690345302,1.3025066607497138e-05,9.607377062718596e-08,0.0015164853850217254,0.00030059666892706053,0.009043750721610124,5.922415103306129,1.0726394519218014,0.0
256,1940,2.1287904576388605,0.0028478858510322495,0.0004807631971170251,0.005033963193258455,0.0003057084756035722,1.2670392777636152e-05,9.345767251388213e-08,0.0014956855035338297,0.00029647373101345214,0.008919130212907873,5.922433269796564,1.0726385913373928,0.0
256,1944,2.133179716314405,0.0028090323679178485,0.0004742041825573505,0.004964962345859762,0.00030151811046505493,1.2325425586823258e-05,9.091317122549822e-08,0.0014751738590134463,0.0002924079272292931,0.008796246391024649,5.92245117120518,1.0726377350996745,0.0
256,1948,2.1375689749899487,0.0027707139119933955,0.00046773548811436554,0.004896916961483768,0.000297385769815981,1.1989897870989807e-05,8.843829614182748e-08,0.0014549464073112049,0.0002883984559461329,0.008675074717141363,5.922468811462241,1.07263688326306,0.0
256,1952,2.141958233665493,0.0027329230342321965,0.00046135585628756764,0.00482981364678274,0.0002933106402892751,1.1663549969398446e-05,8.60311319877413e-08,0.0014349991619028513,0.00028444452695793114,0.008555591005271396,5.9224861944386165,1.0726360358794198,0.0
256,1956,2.146347492341037,0.002695652390719853,0.00045506404732088856,0.004763639199029228,0.00028929192009407646,1.1346129213052336e-05,8.368981505966118e-08,0.0014153281930519947,0.0002805453613150979,0.008437771417068519,5.922503323946702,1.072635192998145,0.0
256,1960,2.1507367510165807,0.0026588947411453553,0.00044885883894796964,0.004698380603348999,0.00028532881884769663,1.1037390152068838e-05,8.141253490268232e-08,0.001395929626984842,0.00027670019116091,0.008321592456739146,5.922520203741331,1.0726343546662112,0.0
256,1964,2.155126009692125,0.0026226429473150594,0.00044273902614130005,0.004634025029996635,0.00028142055741016913,1.0737093987245316e-05,7.919753011776456e-08,0.0013767996450776796,0.0002729082595704545,0.008207030965973205,5.922536837520653,1.0726335209282385,0.0
256,1968,2.159515268367669,0.0025868899716880362,0.00043670342086496336,0.004570559831670866,0.0002775663677212114,1.0445008626902563e-05,7.704308878101342e-08,0.0013579344830562193,0.00026916882039192325,0.00809406411901423,5.922553228927013,1.0726326918265525,0.0
256,1972,2.163904527043213,0.002551628875932738,0.0004307508518309825,0.004507972540869536,0.0002737654926395946,1.0160908288980863e-05,7.494754550871378e-08,0.0013393304302067846,0.00026548113809025513,0.007982669417771582,5.922569381547815,1.0726318674012432,0.0
256,1976,2.168293785718757,0.002516852819505392,0.0004248801642593325,0.004446250867284949,0.0002700171857849647,9.884573387353157e-06,7.290928061876803e-08,0.0013209838285995527,0.00026184448759316724,0.007872824687002847,5.922585298916363,1.072631047690222,0.0
256,1980,2.1726830443943013,0.002482555058248799,0.000419090219641398,0.004385382695237196,0.0002663207113819706,9.615790702355298e-06,7.092672138853883e-08,0.0013028910723231397,0.00025825815413943535,0.0077645080695865395,5.9226009845127034,1.072630232729279,0.0
256,1984,2.177072303069845,0.0024487289430113815,0.0004133798955068491,0.004325356081145059,0.0002626753441066742,9.354352641821606e-06,6.899833660419748e-08,0.001285048606730411,0.00025472143312939863,0.007657698021854465,5.922616441764437,1.0726294225521367,0.0
256,1988,2.181461561745389,0.002415367918287117,0.0004077480851940432,0.004266159251035773,0.0002590803689353203,9.100057354771707e-06,6.71226373992856e-08,0.0012674529276958944,0.0002512336299777648,0.007552373309003253,5.922631674047534,1.0726286171905044,0.0
256,1992,2.1858508204209333,0.0023824655208747967,0.00040219369762368865,0.004207780598090556,0.0002555350809952787,8.852708788253949e-06,6.529817767399621e-08,0.0012501005808838689,0.0002477940599685311,0.007448513000552054,5.922646684687122,1.072627816674132,0.0
256,1996,2.190240079096477,0.002350015378557283,0.00039671565707588525,0.004150208680227383,0.0002520387854182481,8.61211600522438e-06,6.352354906380281e-08,0.0012329881610275823,0.0002444020481121113,0.007346096465915335,5.922661476958278,1.0726270210308606,0.0
256,2000,2.1946293377720214,0.0023180112087994734,0.0003913129029703218,0.00409343221771847,0.0002485907971955674,8.378093582450674e-06,6.179738387442574e-08,0.0012161123112188294,0.00024105692900451645,0.007245103369989843,5.922676054086789,1.0726262302866725,0.0
256,2004,2.1990185964475653,0.0022864468174660707,0.00038598438964981797,0.004037440090844427,0.00024519044103575496,8.150461269451625e-06,6.011835256614678e-08,0.0011994697222084795,0.00023775804668870593,0.007145513668826917,5.922690419249914,1.0726254444657413,0.0
256,2008,2.2034078551231095,0.002255316097557477,0.0003807290861669255,0.003982221337582135,0.0002418370512240948,7.929043476906372e-06,5.848515998028114e-08,0.0011830571317170736,0.00023450475451793445,0.007047307605408897,5.922704575577133,1.0726246635904804,0.0
256,2012,2.2077971137986534,0.0022246130279645676,0.000375545976073716,0.003927765151327492,0.00023852997148434104,7.713669447184657e-06,5.6896546597020066e-08,0.0011668713237558321,0.0002312964150211627,0.006950465705409147,5.922718526150873,1.07262388768159,0.0
256,2016,2.2121863724741977,0.0021943316722409876,0.00037043405721452803,0.003874060878650837,0.00023526855484240657,7.504173822781013e-06,5.535129272823986e-08,0.0011509091279574223,0.00022813239977040263,0.006854968773097412,5.922732274007242,1.0726231167581026,0.0
256,2020,2.2165756311497415,0.0021644661773941383,0.0003653923415218682,0.0038210980170868504,0.00023205216349214545,7.300395054699038e-06,5.3848206777636795e-08,0.001135167418917013,0.00022501208925010158,0.006760797887245759,5.9227458221367275,1.072622350837429,0.0
256,2024,2.2209648898252854,0.002135010772693211,0.0003604198548151904,0.0037688662129560973,0.0002288801686630571,7.102176311946096e-06,5.2386131949221406e-08,0.0011196431155427809,0.0002219348727284004,0.006667934397145126,5.922759173484909,1.0726215899354028,0.0
256,2028,2.2253541485008297,0.002105959768494843,0.0003555156366026503,0.00371735525921923,0.00022575195048997373,6.909365083629382e-06,5.096394331235228e-08,0.0011043331804161673,0.00021890014813032355,0.00657635991863444,5.922772330953139,1.0726208340663221,0.0
256,2032,2.2297434071763735,0.0020773075550858666,0.00035067873988574506,0.0036665550933628215,0.00022266689788466877,6.7218131789559266e-06,4.958054780173601e-08,0.0010892346191615737,0.00021590732191284107,0.006486056330220244,5.922785297399221,1.0726200832429933,0.0
256,2036,2.234132665851918,0.002049048601542724,0.00034590823096676635,0.0036164557953160923,0.0002196244084093413,6.539376272485242e-06,4.823488086318007e-08,0.0010743444798252855,0.000212955808941759,0.006397005769246938,5.922798075638083,1.0726193374767714,0.0
256,2040,2.2385219245274617,0.002021177454607875,0.0003412031892591222,0.003567047585399002,0.0002166238881520055,6.361914245189837e-06,4.692590896927815e-08,0.001059659852263753,0.00021004503237046488,0.006309190628128131,5.922810668442429,1.0726185967776012,0.0
256,2044,2.242911183203006,0.001993688737581927,0.0003365627071003131,0.003518320822299552,0.0002136647516036536,6.189290729707864e-06,4.565262626516303e-08,0.001045177867540596,0.00020717442352040255,0.0062225935506255575,5.922823078543389,1.0726178611540564,0.0
256,2048,2.24730044187855,0.0019665771492326676,0.0003319858895677613,0.0034702660010822307,0.00021074642153731075,6.021373053499701e-06,4.441405414922564e-08,0.0010308956973329043,0.00020434342176338927,0.0061371974281730045,5.922835308631153,1.0726171306133787,0.0
256,2052,2.2516897005540937,0.0019398374627192002,0.00032747185429718965,0.003422873751224505,0.00020786832888879242,5.858032409378211e-06,4.3209242530957816e-08,0.0010168105533459074,0.0002015514744055922,0.006052985396307571,5.9228473613556,1.0726164051615144,0.0
256,2056,2.256078959229638,0.001913464524532212,0.000323019731303724,0.0033761348346830595,0.00020502991263926894,5.6991432302311296e-06,4.203726521886238e-08,0.001002919686736527,0.00019879803657326514,0.005969940831080531,5.922859239326914,1.0726156848031527,0.0
256,2060,2.260468217905182,0.001887453253449387,0.0003186286628055523,0.0033300401439880644,0.00020223061969953178,5.544583700611838e-06,4.089722369398123e-08,0.0009892203875452922,0.00019608257110014332,0.0058880473455733785,5.922870945116188,1.0726149695417608,0.0
256,2064,2.264857476580726,0.001861798639506206,0.0003142978030501811,0.0032845807003658613,0.00019946990479598585,5.394235188305174e-06,3.97882429170864e-08,0.0009757099841367391,0.0001934045484165197,0.0058072887864536946,5.922882481256028,1.0726142593796202,0.0
256,2068,2.26924673525627,0.0018364957429813534,0.0003100263181431578,0.0032397476518886744,0.000196747230358283,5.247982414857688e-06,3.870947258652272e-08,0.0009623858426478756,0.00019076344643992015,0.005727649230568069,5.922893850241137,1.0726135543178599,0.0
256,2072,2.2736359939318143,0.0018115396933973326,0.00030581338587936074,0.0031955322716523235,0.00019406206640865594,5.105713341890805e-06,3.766008629964605e-08,0.0009492453664450027,0.00018815875046743487,0.00564911298161448,5.922905054528892,1.0726128543564915,0.0
256,2076,2.278025252607358,0.0017869256885349558,0.00030165819557663107,0.0031519259559796764,0.00019141389045281544,4.967318602666637e-06,3.6639277360014315e-08,0.0009362859955882203,0.0001855899530695731,0.0055716645668258385,5.922916096539917,1.0726121594944413,0.0
256,2080,2.282414511282902,0.0017626489934626473,0.0002975599479119054,0.0031089202226513442,0.00018880218737250189,4.832692411582684e-06,3.564626548588181e-08,0.0009235052063040601,0.00018305655398572886,0.005495288733742441,5.922926978658648,1.0726114697295828,0.0
256,2084,2.2868037699584463,0.0017387049395795465,0.0002935178547596783,0.003066506709161907,0.00018622644931958726,4.7017317115205515e-06,3.468029052098582e-08,0.0009109005104657408,0.00018055806002115744,0.005419970447006158,5.922937703233875,1.072610785058768,0.0
256,2088,2.29119302863399,0.001715088923672714,0.0002895311390328454,0.003024677171002123,0.00018368617561175516,4.574336003315693e-06,3.374061117670388e-08,0.0008984694550811747,0.00017809398494548841,0.0053456948852026375,5.922948272579295,1.0726101054778587,0.0
256,2092,2.2955822873095344,0.001691796406987566,0.00028559903452577936,0.002983423479965578,0.0001811808726296649,4.450407800504763e-06,3.282650838630099e-08,0.0008862096217882699,0.00017566384939268485,0.005272447437785269,5.922958688974043,1.072609430981756,0.0
256,2096,2.2999715459850782,0.0016688229143121227,0.00028172078575973864,0.0029427376224807796,0.00017871005371566113,4.32985234510852e-06,3.193728320852509e-08,0.0008741186263578248,0.00017326718076250743,0.00520021370197394,5.922968954663216,1.0726087615644297,0.0
256,2100,2.3043608046606225,0.0016461640330747034,0.00027789564783054524,0.0029026116979680304,0.00017627323907398783,4.2125773234147346e-06,3.107225473120262e-08,0.0008621941182038159,0.0001709035131234439,0.005128979479791858,5.922979071858401,1.072608097218948,0.0
256,2104,2.3087500633361664,0.0016238154124538823,0.000274122886258333,0.0028630379172189906,0.00017386995567238078,4.098493093351863e-06,3.023076174836208e-08,0.0008504337799004596,0.00016857238711698154,0.0050587307750573065,5.922989042738173,1.072607437937504,0.0
256,2108,2.3131393220117107,0.0016017727625022087,0.00027040177683961914,0.0028240086008014505,0.00017149973714519038,3.987512286585115e-06,2.9412159825267777e-08,0.00083883532670679,0.00016627334986336927,0.004989453790488116,5.92299886944861,1.0726067837114448,0.0
256,2112,2.3175285806872545,0.001580031853282095,0.00026673160550143,0.0027855161774867094,0.00016916212369787794,3.87955020642039e-06,2.8615824233386085e-08,0.000827396506097989,0.0001640059548687182,0.004921134924812878,5.923008554103776,1.0726061345312967,0.0
256,2116,2.3219178393627984,0.001558588514014397,0.0002631116681575696,0.0027475531827001495,0.00016685666201292007,3.7745242025266634e-06,2.7841145338295603e-08,0.0008161150973036327,0.00016176976193347313,0.004853760769933393,5.923018098786216,1.0726054903867925,0.0
256,2120,2.3263070980383427,0.0015374386322389334,0.000259541270566903,0.0027101122569939203,0.00016458290515705616,3.672354296213598e-06,2.7087533211776988e-08,0.0008049889108525365,0.00015956433706219224,0.004787318108125365,5.923027505547434,1.0726048512668973,0.0
256,2124,2.3306963567138865,0.0015165781529878498,0.0002560197281938092,0.002673186144543244,0.00016234041248997026,3.572962043563166e-06,2.635440924619507e-08,0.0007940157881246487,0.0001573892523747235,0.004721793909297875,5.923036776408363,1.072604217159832,0.0
256,2128,2.335085615389431,0.001496003077970003,0.0002525463660704933,0.0026367676916629955,0.00016012874957420416,3.476272013358539e-06,2.5641217055802114e-08,0.000783193600908992,0.00015524408601858033,0.004657175328269092,5.923045913359828,1.0726035880530989,0.0
256,2132,2.3394748740649747,0.0014757094647677893,0.00024912051866139993,0.0026008498453471544,0.00015794748808645943,3.3822100249381037e-06,2.494740947903008e-08,0.000772520250968428,0.00015312842208266945,0.004593449702097182,5.9230549183630075,1.072602963933505,0.0
256,2136,2.343864132740519,0.001455693426045433,0.00024574152972956116,0.0025654256518293714,0.0001557962057301819,3.2907044555940956e-06,2.4272458221951204e-08,0.0007619936696107226,0.0001510418505122678,0.004530604547450939,5.9230637933498835,1.0726023447871866,0.0
256,2140,2.348253391416063,0.0014359511287686695,0.00024240875220486814,0.002530488255164518,0.0001536744861494203,3.201685387921316e-06,2.361584756906457e-08,0.0007516118172658725,0.00014898396702524045,0.004468627558009616,5.923072540223682,1.07260173059963,0.0
256,2144,2.3526426500916067,0.0014164787934352512,0.00023912154805416953,0.002496030895830087,0.00015158191884389043,3.115085121407901e-06,2.2977078156824173e-08,0.0007413726830693497,0.00014695437302943162,0.004407506601914117,5.923081160859309,1.0726011213556947,0.0
256,2148,2.357031908767151,0.0013972726933174737,0.00023587928815339945,0.002462046909349727,0.00014951809908538352,3.0308374903142976e-06,2.235566194226817e-08,0.0007312742844519536,0.00014495267554136555,0.0043472297192468715,5.923089657103783,1.0726005170396355,0.0
256,2152,2.361421167442695,0.0013783291537145567,0.0002326813521613686,0.002428529724934871,0.00014748262783527354,2.9488782615771925e-06,2.175112513798516e-08,0.0007213146667350586,0.0001429784871060166,0.004287785119542406,5.923098030776655,1.0725999176351226,0.0
256,2156,2.365810426118239,0.0013596445512165187,0.0002295271283954963,0.0023954728641475374,0.00014547511166331008,2.8691451348095143e-06,2.1163008212114158e-08,0.0007114919027321776,0.0001410314257178316,0.004229161179365109,5.923106283670432,1.0725993231252633,0.0
256,2160,2.370199684793783,0.001341215312978504,0.00022641601370930621,0.002362869939582233,0.0001434951626675714,2.7915771170228254e-06,2.0590861276254774e-08,0.0007018040923562236,0.0001391111147428814,0.00417134643987449,5.9231144175509725,1.072598733492622,0.0
256,2164,2.3745889434693273,0.0013230379160053798,0.00022334741337165682,0.002330714653566807,0.0001415423983955685,2.7161154321220238e-06,2.0034250793961532e-08,0.0006922493622324253,0.00013721718284213339,0.0041143296044684205,5.923122434157905,1.072598148719239,0.0
256,2168,2.378978202144871,0.0013051088864466645,0.00022032074094771492,0.0022990007968822974,0.00013961644176650227,2.642702270350128e-06,1.9492750356564158e-08,0.0006828258653169074,0.00013534926389584658,0.0040580995364493805,5.923130335205017,1.072597568786651,0.0
256,2172,2.383367460820415,0.0012874247989020202,0.00021733541818171328,0.0022677222475020373,0.0001377169209946905,2.571282095686911e-06,1.8965950326628193e-08,0.0006735317805210149,0.00013350699692910565,0.004002645256708707,5.92313812238065,1.0725969936759085,0.0
256,2176,2.3877567194959592,0.00126998227573582,0.0002143908748812398,0.0022368729693476013,0.00013584346951401753,2.5018003384502663e-06,1.845344819449438e-08,0.0006643653123406619,0.00013169002603835057,0.0039479559414627085,5.923145797348081,1.072596423367596,0.0
256,2180,2.392145978171503,0.0012527779864025725,0.00021148654880335984,0.0022064470110645463,0.00013399572590358603,2.4342041911040724e-06,1.7954854448211217e-08,0.0006553246904915845,0.0001298980003190767,0.003894020920023674,5.923153361745903,1.0725958578418477,0.0
256,2184,2.3965352368470474,0.0012358086467812788,0.00020862188554224607,0.0021764385048145987,0.00013217333381436745,2.368442267197679e-06,1.7469790057849584e-08,0.0006464081695494971,0.0001281305737945069,0.003840829672588328,5.923160817188402,1.0725952970783663,0.0
256,2188,2.4009244955225912,0.0012190710185200852,0.0002057963384185469,0.0021468416650866776,0.00013037594189699642,2.3044645445224887e-06,1.6997886056221826e-08,0.0006376140285958675,0.00012638740534537724,0.003788371828072244,5.923168165265915,1.07259474105644,0.0
256,2192,2.4053137541981355,0.0012025619083894305,0.00020300936837018847,0.0021176507875235936,0.00012860320373051719,2.2422224219553755e-06,1.6538783958162684e-08,0.0006289405708683701,0.00012466815864065016,0.0037366371619655873,5.923175407545206,1.0725941897549585,0.0
256,2196,2.4097030128736794,0.0011862781676453143,0.00020026044384488544,0.0020888602477671958,0.0001268547777522503,2.181668605771847e-06,1.6092134921967466e-08,0.0006203861234168356,0.00012297250206931695,0.0036856155942327313,5.923182545569808,1.0725936431524294,0.0
256,2200,2.4140922715492232,0.0011702166914012123,0.0001975490406941114,0.002060464500319477,0.00012513032718862847,2.1227569959592074e-06,1.5657598910830292e-08,0.0006119490367639668,0.0001213001086731452,0.0036352971872329145,5.923189580860384,1.0725931012269942,0.0
256,2204,2.4184815302247675,0.0011543744180093618,0.00019487464206865128,0.0020324580774207083,0.00012342951998706655,2.065442913590232e-06,1.5234846369967647e-08,0.0006036276845711251,0.0001196506560804311,0.0035856721436774617,5.923196514915064,1.0725925639564438,0.0
256,2208,2.4228707889003114,0.001138748328450463,0.00019223673831557416,0.0020048355879431915,0.00012175202874878014,2.009682873449492e-06,1.482355654949482e-08,0.0005954204633087833,0.00011802382644067698,0.0035367308046139567,5.923203349209794,1.072592031318233,0.0
256,2212,2.4272600475758557,0.0011233354457326776,0.000189634826876776,0.0019775917163018467,0.00012009753066262632,1.9554344703465176e-06,1.44234166658641e-08,0.000587325791931991,0.00011641930636026214,0.0034884636474313245,5.923210085198662,1.0725915032894966,0.0
256,2216,2.4316493062513995,0.0011081328342984645,0.00018706841218884496,0.0019507212213793514,0.0001184657074398283,1.90265672017631e-06,1.4034124417550155e-08,0.0005793421115601868,0.00011483678683897555,0.00344086128391469,5.923216724314235,1.0725909798470612,0.0
256,2220,2.436038564926944,0.001093137599441095,0.0001845370055845611,0.0019242189354687872,0.00011685624524976325,1.851309320954897e-06,1.3655382534398393e-08,0.0005714678851622242,0.00011327596320758184,0.003393914458309649,5.923223267967877,1.072590460967461,0.0
256,2224,2.4404278236024877,0.0010783468867283112,0.0001820401251956017,0.001898079763229561,0.00011526883465655616,1.8013533349403588e-06,1.3286903808995706e-08,0.0005637015972453618,0.00011173653506617323,0.003347614045434595,5.923229717550074,1.0725899466269515,0.0
256,2228,2.444817082278032,0.0010637578814347295,0.0001795772958567231,0.0018722986806592617,0.00011370317055664161,1.7527512454762473e-06,1.2928411515951358e-08,0.0005560417535490025,0.00011021820622346264,0.0033019510487825167,5.923236074430744,1.0725894368015216,0.0
256,2232,2.449206340953576,0.0010493678079830805,0.00017714804901143395,0.0018468707340816232,0.00011215895211730352,1.705465706436371e-06,1.2579630187717301e-08,0.0005484868807432354,0.00010872068463702897,0.0032569165987138054,5.923242339959551,1.0725889314669075,0.0
256,2236,2.4535955996291197,0.0010351739293918516,0.00017475192261874983,0.0018217910391463297,0.00011063588271593423,1.6594613043707795e-06,1.2240298612295916e-08,0.0005410355261309106,0.00010724368235426247,0.0032125019505940314,5.923248515466206,1.0725884305986046,0.0
256,2240,2.457984858304664,0.0010211735467325538,0.00017238846106157186,0.0017970547798463014,0.00010913366988035499,1.614702910046617e-06,1.1910157674094063e-08,0.0005336862573549233,0.0001057869154543429,0.0031686984830462017,5.92325460226077,1.072587934171881,0.0
256,2244,2.462374116980208,0.0010073639985934233,0.0001700572150561523,0.0017726572075468724,0.00010765202522985875,1.5711567016296613e-06,1.1588957900979187e-08,0.0005264376621090473,0.00010435010399092109,0.003125497696159532,5.92326060163395,1.0725874421617867,0.0
256,2248,2.466763375655752,0.0009937426605517898,0.0001677577415630227,0.0017485936400307178,0.00010619066441720936,1.5287898804672295e-06,1.127645736787484e-08,0.0005192883478534618,0.00010293297193573087,0.0030828912097538874,5.923266514857386,1.0725869545431692,0.0
256,2252,2.471152634331296,0.0009803069446528048,0.000165489603698996,0.0017248594605544887,0.00010474930707135181,1.4875700458105712e-06,1.0972417084670846e-08,0.0005122369415337707,0.00010153524712289333,0.003040870761674772,5.923272343183942,1.0725864712906816,0.0
256,2256,2.4755418930068402,0.0009670542988971133,0.00016325237065067838,0.001701450116921729,0.00010332767674111118,1.4474661611529882e-06,1.0676608123998504e-08,0.000505282089304875,0.0001001566611941829,0.0029994282060904886,5.923278087847988,1.0725859923787948,0.0
256,2260,2.479931151682384,0.0009539822067346589,0.00016104561758901613,0.0016783611205670181,0.00010192550083957342,1.4084480426390655e-06,1.0388807847702543e-08,0.0004984224562581916,9.879694954495688e-05,0.002958555511857624,5.923283750065676,1.0725855177818089,0.0
256,2264,2.484320410357928,0.0009410881865662509,0.00015886892558515358,0.0016555880456543544,0.00010054251058933085,1.3704858474739012e-06,1.0108796133313062e-08,0.0004916567261531213,9.745585127092735e-05,0.0029182447608255262,5.923289331035214,1.0725850474738627,0.0
256,2268,2.4887096690334722,0.0009283697912520592,0.00015672188152745977,0.0016331265281881314,9.917844096849255e-05,1.3335511539480649e-06,9.836363340382534e-09,0.000484983601152267,9.613310911567607e-05,0.002878488146290919,5.923294831937135,1.0725845814289439,0.0
256,2272,2.493098927709016,0.000915824607627205,0.00015460407803975364,0.0016109722651370777,9.783303065748187e-05,1.2976158814126393e-06,9.571302344148802e-09,0.00047840180156051934,9.482846941893644e-05,0.0028392779713496755,5.923300253934565,1.0725841196209,0.0
256,2276,2.4974881863845604,0.0009034502560244409,0.00015251511340072545,0.0015891210135711945,9.65060219866234e-05,1.26265280186999e-06,9.313412309063138e-09,0.00047191006556801627,9.354168206564297e-05,0.0028006066473505054,5.9233055981734815,1.0725836620234477,0.0
256,2280,2.5018774450601042,0.0008912443898032241,0.00015045459146443793,0.0015675685898103153,9.51971608844357e-05,1.2286355968171847e-06,9.062499108071134e-09,0.00046550714899656746,9.227250043566781e-05,0.0027624666923578597,5.9233108657829705,1.0725832086101812,0.0
256,2284,2.5062667037356485,0.0008792046948859828,0.00014842212158204128,0.0015463108685858239,9.390619682672307e-05,1.1955386867157358e-06,8.818374064770015e-09,0.00045919182505000224,9.102068135433482e-05,0.0027248507295997595,5.923316057875484,1.072582759354583,0.0
256,2288,2.5106559624111924,0.000867328889300358,0.00014641731852449747,0.001525343782213295,9.263288278633073e-05,1.1633368330876692e-06,8.58085101844238e-09,0.00045296288406777244,8.978598504357894e-05,0.002687751485999141,5.923321175547083,1.0725823142300313,0.0
256,2292,2.5150452210867362,0.000855614722728753,0.0001444398024065376,0.0015046633197784063,9.137697518370592e-05,1.132005877479969e-06,8.34975177470783e-09,0.0004468191332825121,8.856817507388984e-05,0.002651161790669434,5.923326219877688,1.0725818732098105,0.0
256,2296,2.5194344797622805,0.0008440599760637795,0.00014248919861161496,0.0014842655263336958,9.013823383811762e-05,1.1015220593435515e-06,8.124901074152234e-09,0.0004407593965808301,8.73670183168964e-05,0.0026150745734700408,5.923331191931321,1.0725814362671175,0.0
256,2300,2.5238237384378244,0.0008326624609702524,0.0001405651377179638,0.0014641465021071813,8.891642191959665e-05,1.0718624707806157e-06,7.906129946574886e-09,0.0004347825142676381,8.618228489865192e-05,0.002579482863564585,5.923336092756338,1.072581003375072,0.0
256,2304,2.5282129971133687,0.0008214200194531868,0.00013866725542567088,0.0014443024017219911,8.771130590154449e-05,1.0430047154841304e-06,7.693273195303137e-09,0.0004288873428337619,8.501374815357029e-05,0.0025443797880036058,5.9233409233856715,1.0725805745067225,0.0
256,2308,2.5326022557889125,0.0008103305234321606,0.0001367951924848221,0.001424729433427582,8.652265551404579e-05,1.0149269087378343e-06,7.486169397192391e-09,0.00042307275472700613,8.386118457904652e-05,0.002509758570333739,5.923345684837056,1.0725801496350562,0.0
256,2312,2.536991514464457,0.0007993918743217955,0.00013494859462468166,0.0014054238583421279,8.535024369785922e-05,9.876081321635866e-07,7.284664256873269e-09,0.0004173376381265495,8.272437379073757e-05,0.0024756125292182203,5.923350378113256,1.0725797287330046,0.0
256,2316,2.5413807731400007,0.0007886020026181757,0.00013312711248387372,0.001386381989705669,8.419384655906186e-05,9.610275242266653e-07,7.088603898257288e-09,0.0004116808967205448,8.160309847847834e-05,0.002441935077083268,5.923355004202294,1.072579311773452,0.0
256,2320,2.5457700318155445,0.0007779588674905526,0.00013133040154145658,0.0013676001921429871,8.305324332428418e-05,9.351651328870503e-07,6.897841153750283e-09,0.00040610144948662123,8.049714436277304e-05,0.0024087197187840797,5.923359564077665,1.0725788987292422,0.0
256,2324,2.550159290491089,0.0007674604563801462,0.00012955812204919448,0.0013490748809393406,8.192821629672606e-05,9.100015745389101e-07,6.7122330485670434e-09,0.0004005982304762175,7.940630015204577e-05,0.00237596005028524,5.923364058698555,1.0725784895731862,0.0
256,2328,2.5545485491666327,0.0007571047846033362,0.00012780993896457078,0.001330802521324246,8.081855081266139e-05,8.855176929500885e-07,6.531638285045936e-09,0.0003951701886013143,7.833035750036692e-05,0.002343649757376526,5.92336848901006,1.072578084278068,0.0
256,2332,2.558937807842177,0.0007468898949611972,0.00012608552188487208,0.001312779627766764,7.97240351986414e-05,8.616951276962936e-07,6.3559214354578585e-09,0.00038981628742459446,7.726911096585872e-05,0.002311782614362387,5.923372855943392,1.0725776828166504,0.0
256,2336,2.563327066517721,0.000736813857354411,0.00012438454498217983,0.0012950027632806509,7.864446072929707e-05,8.38516086787422e-07,6.184951264882661e-09,0.0003845355049525452,7.622235796968416e-05,0.0022803524828445307,5.923377160416086,1.0725772851616842,0.0
256,2340,2.567716325193265,0.0007268747684038661,0.00012270668693932236,0.001277468538739775,7.757962158576487e-05,8.159628919202078e-07,6.018597376961981e-09,0.0003793268334316176,7.518989875564192e-05,0.0022493533104547122,5.923381403332207,1.0725768912859122,0.0
256,2344,2.572105583868809,0.0007170707510760955,0.00012105163088664339,0.0012601736122024628,7.652931481465496e-05,7.940187174426683e-07,5.8567356645508846e-09,0.00037418927914705023,7.417153635028925e-05,0.0022187791296294007,5.923385585582549,1.0725765011620745,0.0
256,2348,2.5764948425443532,0.0007073999543147894,0.00011941906433979626,0.00124311468824676,7.5493340287682e-05,7.726670787633338e-07,5.6992445361898066e-09,0.00036912186222494203,7.316707652370904e-05,0.0021886240564205,5.923389708044834,1.0725761147629167,0.0
256,2352,2.580884101219897,0.0006978605526767898,0.00011780867913829468,0.0012262885173139682,7.447150066179883e-05,7.518917755078292e-07,5.5460044968236565e-09,0.0003641236164367949,7.217632775076638e-05,0.002158882289289444,5.923393771583905,1.072575732061194,0.0
256,2356,2.585273359895441,0.0006884507459738028,0.00011622017138502868,0.001209691895062534,7.346360133995853e-05,7.316772325793863e-07,5.396900663487191e-09,0.00035919358900713967,7.119910117297634e-05,0.0021295481079560644,5.923397777051924,1.0725753530296764,0.0
256,2360,2.5896626185709852,0.0006791687589189343,0.00011465324138659496,0.0011933216617307256,7.246945043241035e-05,7.120083296285884e-07,5.251821507462325e-09,0.00035433084042378143,7.023521056089086e-05,0.002100615872214893,5.923401725288552,1.0725749776411555,0.0
256,2364,2.594051877246529,0.0006700128407783768,0.0001131075935944966,0.001177174701508636,7.148885871856206e-05,6.92870116836275e-07,5.110656757873662e-09,0.00034953444425082306,6.92844722770365e-05,0.002072080020836571,5.923405617121143,1.0725746058684482,0.0
256,2368,2.5984411359220734,0.0006609812650278654,0.00011158293654714806,0.00116124794191897,7.05216396093755e-05,6.742483833477309e-07,4.973301594497437e-09,0.00034480348694430907,6.834670523937139e-05,0.002043935070411765,5.923409453364925,1.0725742376844023,0.0
256,2372,2.6028303945976172,0.0006520723290143231,0.00011007898281275624,0.0011455383532071282,6.956760911032699e-05,6.561289751516597e-07,4.839651616390784e-09,0.00034013706767063647,6.742173088529088e-05,0.002016175614271061,5.923413234823179,1.0725738730619019,0.0
256,2376,2.6072196532731615,0.0006432843536216796,0.00010859544893290581,0.001130042947739017,6.862658578483675e-05,6.384985340446292e-07,4.709608292543364e-09,0.0003355342981272712,6.650937313608995e-05,0.0019887963213733166,5.923416962287416,1.0725735119738704,0.0
256,2380,2.6116089119487054,0.0006346156829423092,0.00010713205536709341,0.0011147587794089412,6.769839071831077e-05,6.213435881363694e-07,4.5830722533830515e-09,0.0003309943023664663,6.560945836202084e-05,0.0019617919352573248,5.9234206365375615,1.0725731543932773,0.0
256,2384,2.615998170624249,0.0006260646839521839,0.00010568852643788896,0.0010996829430543664,6.678284748259976e-05,6.046513476576365e-07,4.45994916070846e-09,0.0003265162166210288,6.472181534775666e-05,0.0019351572729642212,5.923424258342113,1.0725728002931407,0.0
256,2388,2.6203874292997935,0.0006176297461915253,0.00010426459027702511,0.0010848125738805994,6.587978210106048e-05,5.884092502128624e-07,4.340146353441781e-09,0.00032209918913304165,6.384627525844074e-05,0.0019088872240037489,5.923427828458323,1.0725724496465325,0.0
256,2392,2.6247766879753374,0.0006093092814493571,0.00010285997877214532,0.0010701448468925696,6.498902301404827e-05,5.726049039367354e-07,4.2235724283478945e-09,0.00031774237998470075,6.298267160615532e-05,0.0018829767493286818,5.923431347632358,1.0725721024265826,0.0
256,2396,2.6291659466508817,0.0006011017234526389,0.00010147442751432528,0.0010556769763349627,6.411040104491685e-05,5.572268833020644e-07,4.1101431099668954e-09,0.00031344496093164173,6.213084021688366e-05,0.0018574208803218118,5.92343481659947,1.0725717586064827,0.0
256,2400,2.6335552053264255,0.0005930055275599078,0.00010010767574635526,0.0010414062151405266,6.324374936651439e-05,5.422634785645641e-07,3.999772026434403e-09,0.0003092061152387018,6.129061919795488e-05,0.0018322147177885085,5.923438236084152,1.0725714181594894,0.0
256,2404,2.63794446400197,0.0005850191704593602,9.875946631177211e-05,0.0010273298543864086,6.238890346816726e-05,5.277032641970436e-07,3.892374902290512e-09,0.0003050250375180726,6.046184890596273e-05,0.001807353430991168,5.923441606800303,1.07257108105893,0.0
256,2408,2.6423337226775137,0.0005771411498709276,9.742954560456547e-05,0.0010134452227578221,6.154570112310904e-05,5.13535553636757e-07,3.787872912726952e-09,0.00030090093356964037,5.9644371915117945e-05,0.0017828322566561274,5.923444929451383,1.0725707472782033,0.0
256,2412,2.6467229813530575,0.0005693699842529813,9.611766351966535e-05,0.0009997496860200095,6.0713982356413154e-05,4.997497740077961e-07,3.6861880714972436e-09,0.0002968330202237939,5.883803298608972e-05,0.001758646498045348,5.923448204730571,1.072570416790786,0.0
256,2416,2.651112240028602,0.0005617042125123681,9.482357340399208e-05,0.0009862406464963781,5.989358941330056e-05,4.863352387474151e-07,3.5872415537931175e-09,0.0002928205251860757,5.804267903521258e-05,0.001734791523991045,5.92345143332091,1.072570089570233,0.0
256,2420,2.6555014987041456,0.0005541423937196495,9.354703200838478e-05,0.0009729155425559501,5.9084366728012994e-05,4.7328234131782665e-07,3.4909625011433097e-09,0.00028886268688460424,5.7258159104242584e-05,0.0017112627679835492,5.923454615895469,1.0725697655901838,0.0
256,2424,2.65989075737969,0.0005466831068275675,9.228779944007429e-05,0.0009597718481067823,5.8286160893048725e-05,4.6058102043389226e-07,3.397276700829396e-09,0.00028495875431927846,5.648432433046665e-05,0.0016880557272465628,5.923457753117482,1.0725694448243634,0.0
256,2428,2.664280016055234,0.0005393249503937848,9.104563911587789e-05,0.0009468070720970549,5.7498820628864156e-05,4.482218400880811e-07,3.3061145522227986e-09,0.0002811079869132639,5.572102791726429e-05,0.001665165961841134,5.923460845640495,1.0725691272465863,0.0
256,2432,2.668669274730778,0.0005320665423075677,8.982031771605949e-05,0.0009340187580233648,5.67221967540128e-05,4.3619547795969993e-07,3.217407293256728e-09,0.00027730965436662756,5.496812510509524e-05,0.0016425890937781565,5.923463894108516,1.0725688128307593,0.0
256,2436,2.673058533406322,0.0005249065195198664,8.861160513876349e-05,0.0009214044834451832,5.595614215565872e-05,4.244930664754065e-07,3.1310895161115564e-09,0.00027356303651180876,5.4225473142850945e-05,0.001620320806133609,5.923466899156148,1.0725685015508841,0.0
256,2440,2.677447792081866,0.0005178435377781086,8.741927445524405e-05,0.0009089618595078374,5.520051176060764e-05,4.1310579490527743e-07,3.0470962322485514e-09,0.00026986742317162895,5.349293125970939e-05,0.001598356842203343,5.923469861408734,1.07256819338106,0.0
256,2444,2.68183705075741,0.000510876271363935,8.624310186559123e-05,0.0008966885304708002,5.445516250666027e-05,4.0202525042332127e-07,2.9653653880952446e-09,0.0002662221140188816,5.277036063730311e-05,0.001576693004626746,5.923472781482493,1.0725678882954868,0.0
256,2448,2.686226309432954,0.0005040034128350883,8.508286665515832e-05,0.0008845821732435783,5.3719953314427255e-05,3.912427928298712e-07,2.8858332529555887e-09,0.00026262641843818874,5.205762438233647e-05,0.0015553251545739563,5.923475659984656,1.0725675862684672,0.0
256,2452,2.6906155681084982,0.0004972236727705176,8.393835115153165e-05,0.000872640496927377,5.2994745059494794e-05,3.807506914199621e-07,2.8084428046278563e-09,0.00025907965538957535,5.1354587499543504e-05,0.0015342492108999495,5.923478497513594,1.0725672872744092,0.0
256,2456,2.695004826784042,0.0004905357795195805,8.280934068219262e-05,0.0008608612423642321,5.227940054504384e-05,3.7054104495837237e-07,2.7331357630676354e-09,0.0002555811532742708,5.066111686508713e-05,0.0015134611493382484,5.923481294658956,1.0725669912878284,0.0
256,2460,2.6993940854595864,0.00048393847895477347,8.169562353277496e-05,0.0008492421816924698,5.1573784474853494e-05,3.606061795835558e-07,2.659855525354094e-09,0.0002521302498023924,4.9977081200331547e-05,0.0014929570017082612,5.923484052001796,1.0725666982833504,0.0
256,2464,2.70378334413513,0.00047743053422693,8.05969909057387e-05,0.0008377811179067476,5.087776342658269e-05,3.5093853512080386e-07,2.5885463271281903e-09,0.00024872629186199746,4.930235104588572e-05,0.0014727328550890343,5.923486770114698,1.0725664082357127,0.0
256,2468,2.7081726028106745,0.0004710107255256143,7.951323687992144e-05,0.0008264758844273806,5.0191205825615674e-05,3.4153123351643444e-07,2.5191574354016227e-09,0.000245368635390897,4.863679873619451e-05,0.0014527848510870493,5.923489449561902,1.0725661211197668,0.0
256,2472,2.7125618614862184,0.00046467784984119637,7.844415837037307e-05,0.0008153243446727997,4.951398191909782e-05,3.3237682828257675e-07,2.45163392437714e-09,0.00024205664524940516,4.798029837431502e-05,0.0014331091850263468,5.923492090899431,1.0725658369104802,0.0
256,2476,2.716951120161762,0.00045843072073157453,7.73895550889754e-05,0.0008043243916404,4.8845963750480846e-05,3.2346889611289953e-07,2.3859284153136015e-09,0.0002387896950955874,4.73327258071885e-05,0.0014137021052200362,5.923494694675209,1.072565555582939,0.0
256,2480,2.7213403788373065,0.00045226816809107516,7.634922950542908e-05,0.0007934739474913559,4.818702513430895e-05,3.1480038842346403e-07,2.32198891738002e-09,0.00023556716726169004,4.669395860114622e-05,0.0013945599122028546,5.923497261429178,1.0725652771123484,0.0
256,2484,2.7257296375128504,0.00044618903792393607,7.532298680901446e-05,0.0007827709631436802,4.7537041631505686e-05,3.0636522296845214e-07,2.2597705675206256e-09,0.000232388452633025,4.606387601790211e-05,0.0013756789580002698,5.923499791693426,1.072565001474035,0.0
256,2488,2.7301188961883947,0.0004401921921194361,7.431063487063034e-05,0.0007722134178682961,4.68958905248437e-05,2.98156805911276e-07,2.199224729151592e-09,0.00022925295052775177,4.544235899072323e-05,0.001357055645409118,5.923502285992291,1.0725647286434494,0.0
256,2492,2.7345081548639385,0.0004342765082314752,7.331198420558388e-05,0.0007617993188931967,4.626345079490567e-05,2.901691686929553e-07,2.1403073777789385e-09,0.0002261600685790699,4.4829290101078055e-05,0.0013386864272774961,5.923504744842484,1.0725644585961662,0.0
256,2496,2.738897413539483,0.00042844087926048634,7.232684793677436e-05,0.0007515267010117787,4.563960309629873e-05,2.8239617222425295e-07,2.082973231066e-09,0.00022310922261865323,4.422455355553087e-05,0.0013205678058000334,5.923507168753197,1.0725641913078865,0.0
256,2500,2.7432866722150266,0.00042268421343888695,7.13550417584743e-05,0.0007413936261975973,4.502422973425888e-05,2.748321890067018e-07,2.0271807802041666e-09,0.00022009983656199727,4.3628035163015426e-05,0.0013026963318196539,5.9235095582262165,1.072563926754439,0.0
256,2504,2.7476759308905705,0.0004170054340193717,7.039638390059039e-05,0.0007313981832242354,4.4417214641565886e-05,2.6747170522867236e-07,1.9728893549466182e-09,0.00021713134229528862,4.303962231241027e-05,0.0012850686041498928,5.923511913756033,1.0725636649117818,0.0
256,2508,2.752065189566115,0.0004114034790657145,6.945069509334778e-05,0.0007215384872898069,4.3818443355739734e-05,2.6030886601802194e-07,1.920055769361164e-09,0.00021420317956365802,4.2459203950388324e-05,0.0012676812688923492,5.923514235829946,1.0725634057560032,0.0
256,2512,2.7564544482416586,0.0004058773012474709,6.851779853263309e-05,0.0007118126796483715,4.322780299665673e-05,2.5333872599730967e-07,1.8686435460099344e-09,0.00021131479586148724,4.188667055967364e-05,0.0012505310187699854,5.923516524928173,1.0725631492633227,0.0
256,2516,2.760843706917203,0.00040042586763699213,6.759751984572751e-05,0.0007022189272456395,4.264518224442615e-05,2.465556576680683e-07,1.8186111760843202e-09,0.00020846564632399694,4.1321914137551984e-05,0.0012336145924867425,5.923518781523953,1.0725628954100936,0.0
256,2520,2.765232965592747,0.00039504815950908997,6.668968705748729e-05,0.0006927554223594505,4.207047131755679e-05,2.3995505671337014e-07,1.7699246978318216e-09,0.00020565519362025563,4.0764828174663143e-05,0.0012169287740560564,5.9235210060836465,1.0725626441728022,0.0
256,2524,2.769622224268291,0.00038974317214405136,6.579413055709001e-05,0.0006834203822462611,4.150356195148849e-05,2.3353169353867997e-07,1.7225455374100938e-09,0.00020288290784797742,4.0215307634147825e-05,0.0012004703921773767,5.923523199066844,1.07256239552807,0.0
256,2528,2.774011482943835,0.00038450991463277425,6.491068306513863e-05,0.0006742120487915376,4.094434737736072e-05,2.2728096382707008e-07,1.6764397330666378e-09,0.00020014826642948398,3.967324893102533e-05,0.0011842363196190283,5.923525360926458,1.0725621494526545,0.0
256,2532,2.7784007416193788,0.00037934740968564,6.403917960139653e-05,0.0006651286881668298,4.039272230118699e-05,2.2119809273135616e-07,1.6315720652062693e-09,0.00019745075400965452,3.913854991196522e-05,0.0011682234725688733,5.923527492108826,1.07256190592345,0.0
256,2536,2.782790000294923,0.0003742546934428503,6.31794574527697e-05,0.0006561685904895556,3.984858288319384e-05,2.1527864646486705e-07,1.5879098299191741e-09,0.00019478986235468515,3.8611109835219506e-05,0.0011524288100554295,5.9235295930538046,1.0725616649174885,0.0
256,2540,2.787179258970467,0.00036923081528829116,6.233135614188437e-05,0.0006473300694891059,3.9311826717543636e-05,2.095180775540939e-07,1.5454194847337482e-09,0.00019216509025272833,3.809082935092747e-05,0.0011368493333182247,5.923531664194869,1.072561426411941,0.0
256,2544,2.791568517646011,0.00036427483766607625,6.149471739611692e-05,0.0006386114621778433,3.878235281235464e-05,2.039123501162976e-07,1.5040712607064428e-09,0.00018957594341599196,3.757761048170979e-05,0.0011214820852354702,5.923533705959204,1.0725611903841175,0.0
256,2548,2.795957776321555,0.00035938583589865676,6.066938511688831e-05,0.0006300111285248993,3.826006156989091e-05,1.9845708720822586e-07,1.4638328732083392e-09,0.00018702193438367002,3.707135660342754e-05,0.0011063241497291285,5.923535718767794,1.0725609568114682,0.0
256,2552,2.8003470349970994,0.0003545628980087419,5.9855205349601685e-05,0.0006215274511368345,3.774485476716914e-05,1.9314825294713955e-07,1.4246745532958885e-09,0.00018450258242691745,3.657197242634637e-05,0.0010913726511915648,5.923537703035519,1.072560725671584,0.0
256,2556,2.804736293672643,0.00034980512454260617,5.905202625381423e-05,0.0006131588349408745,3.7236635536721754e-05,1.8798181145029957e-07,1.3865665320255421e-09,0.00018201741345459283,3.607936397645289e-05,0.0010766247539153396,5.9235396591712455,1.072560496942197,0.0
256,2560,2.8091255523481875,0.00034511162839728256,5.8259698074064915e-05,0.0006049037068750544,3.6735308347779676e-05,1.829541815823177e-07,1.3494823947009118e-09,0.00017956595992105672,3.5593438577178524e-05,0.0010620776615333286,5.923541587577908,1.072560270601181,0.0
256,2564,2.8135148110237314,0.0003404815346483421,5.747807311080126e-05,0.0005967605155795448,3.624077898752682e-05,1.780614411472925e-07,1.313393210940239e-09,0.00017714776073432385,3.511410483119348e-05,0.0010477286164661782,5.923543488652601,1.072560046626553,0.0
256,2568,2.817904069699275,0.00033591398038172065,5.670700569198934e-05,0.0005887277310952069,3.575295454279356e-05,1.7330017954009236e-07,1.2782738238898204e-09,0.00017476236116636682,3.464127260262726e-05,0.0010335748993801721,5.923545362786667,1.0725598249964723,0.0
256,2572,2.8222933283748195,0.00033140811452674984,5.594635214492704e-05,0.0005808038445643287,3.5271743381882704e-05,1.686665882516536e-07,1.2440961417296879e-09,0.0001724093127640689,3.417485299941772e-05,0.001019613828646179,5.923547210365774,1.0725596056892417,0.0
256,2576,2.8266825870503633,0.0003269630976925079,5.519597076861781e-05,0.0005729873679373638,3.479705513675995e-05,1.6415731352026341e-07,1.2108354268870332e-09,0.00017008817326196485,3.371475835601468e-05,0.0010058427598171927,5.923549031770006,1.0725593886833082,0.0
256,2580,2.8310718457259076,0.0003225781020057868,5.4455721806417214e-05,0.000565276833682617,3.4328800685423366e-05,1.5976900158420904e-07,1.1784669417890485e-09,0.00016779850649585958,3.3260902216257436e-05,0.0009922590851027472,5.923550827373942,1.072559173957262,0.0
256,2584,2.8354611044014515,0.0003182523109513804,5.37254674190713e-05,0.0005576707945000537,3.386689213452326e-05,1.5549835552519653e-07,1.1469663681438205e-09,0.00016553988231767384,3.2813199316495545e-05,0.0009788602328527475,5.923552597546737,1.072558961489838,0.0
256,2588,2.839850363076996,0.00031398491921507944,5.3005071658211996e-05,0.0005501678230400475,3.3411242802281945e-05,1.5134236264202627e-07,1.1163114840639117e-09,0.00016331187651176038,3.2371565569001075e-05,0.0009656436670551698,5.9235543426522,1.0725587512599162,0.0
256,2592,2.8442396217525396,0.00030977513252805486,5.2294400440086795e-05,0.000542766511624619,3.2961767201564774e-05,1.4729772601640434e-07,1.0864779712574088e-09,0.00016111407071196308,3.1935918045528125e-05,0.0009526068868312283,5.923556063048874,1.0725585432465208,0.0
256,2596,2.8486288804280835,0.00030562216751432893,5.1593321519809724e-05,0.0005354654719741974,3.251838102328665e-05,1.433616034773877e-07,1.0574448656795598e-09,0.00015894605232031773,3.150617496119773e-05,0.0009397474259530018,5.923557759090116,1.0725583374288221,0.0
256,2600,2.853018139103628,0.00030152525153983987,5.090170446588137e-05,0.0005282633349373636,3.208100111999949e-05,1.395309823237767e-07,1.0291899454429264e-09,0.0001568074144266448,3.108225565855964e-05,0.0009270628523408082,5.9235594311241675,1.0725581337861347,0.0
256,2604,2.8574073977791716,0.00029748362256371805,5.021942063508216e-05,0.0005211587502244873,3.164954548971627e-05,1.3580324775830377e-07,1.0016939236263364e-09,0.0001546977557292982,3.0664080591883146e-05,0.0009145507676098246,5.923561079494235,1.0725579322979186,0.0
256,2608,2.861796656454716,0.00029349652899155024,4.954634314770136e-05,0.0005141503861449462,3.122393325995253e-05,1.3217538707976928e-07,9.74934578342352e-10,0.0001526166804569805,3.025157131165938e-05,0.0009022088065704192,5.923562704538559,1.0725577329437797,0.0
256,2612,2.8661859151302598,0.00028956322953116453,4.8882346863191467e-05,0.0005072369293489628,3.0804084672048336e-05,1.2864461496064905e-07,9.48891364827116e-10,0.00015056379829193555,2.9844650449376592e-05,0.000890034636784676,5.92356430659049,1.0725575357034691,0.0
256,2616,2.870575173805804,0.0002856829930497134,4.822730835604189e-05,0.0005004170845717132,3.0389921065628237e-05,1.252086008207698e-07,9.235470925639308e-10,0.00014853872429381506,2.9443241702429056e-05,0.0008780259580903678,5.923565885978561,1.0725573405568838,0.0
256,2620,2.874964432481348,0.00028185509843306407,4.7581105892042026e-05,0.0004936895743816492,2.998136486331705e-05,1.218647298628639e-07,8.988824746316245e-10,0.0001465410788248017,2.9047269819275e-05,0.0008661805021716408,5.923567443026553,1.0725571474840658,0.0
256,2624,2.8793536911568918,0.00027807883444769813,4.694361940496799e-05,0.0004870531389332877,2.9578339555726978e-05,1.1861038728966378e-07,8.748782241090244e-10,0.0001445704874760598,2.865666058485774e-05,0.000854496032088403,5.92356897805357,1.0725569564652029,0.0
256,2628,2.883742949832436,0.000274353499603679,4.631473047344957e-05,0.0004805065357219637,2.918076968656394e-05,1.1544335620783386e-07,8.515179890412235e-10,0.00014262658099477283,2.8271340806143083e-05,0.0008429703418539472,5.923570491374107,1.0725567674806278,0.0
256,2632,2.88813220850798,0.00027067840202004746,4.569432229824714e-05,0.00047404853934292256,2.8788580837997463e-05,1.123610786635254e-07,8.287829017879446e-10,0.00014070899521247094,2.789123829791246e-05,0.0008316012560008188,5.923571983298114,1.0725565805108193,0.0
256,2636,2.892521467183524,0.0002670528592917904,4.508227967979406e-05,0.00046767794125331954,2.8401699616207098e-05,1.0936133776340284e-07,8.066566103942807e-10,0.00013881737097422647,2.751628186872813e-05,0.0008203866291371566,5.923573454131064,1.0725563955364008,0.0
256,2640,2.896910725859068,0.00026347619835919643,4.4478488996142125e-05,0.00046139354953842,2.802005363718394e-05,1.0644208714438719e-07,7.851240207480099e-10,0.00013695135406909705,2.714640130714563e-05,0.0008093243455516041,5.9235749041740196,1.072556212538141,0.0
256,2644,2.9012999845346124,0.00025994775537839775,4.388283818110716e-05,0.0004551941886800154,2.7643571512666744e-05,1.0360093938288628e-07,7.6416752305154e-10,0.00013511059516123076,2.678152736805752e-05,0.0007984123187809645,5.923576333723698,1.072556031496953,0.0
256,2648,2.905689243210156,0.0002564668755939493,4.329521670275862e-05,0.0004490786993284618,2.7272182836297977e-05,1.0083584811582114e-07,7.437720231926492e-10,0.00013329474972204833,2.6421591759250576e-05,0.0007876484912106811,5.923577743072534,1.0725558523938952,0.0
256,2652,2.9100785018857,0.0002530329132136481,4.271551554228732e-05,0.00044304593807877144,2.6905818170026084e-05,9.814488066695048e-08,7.239232656209056e-10,0.00013150347796363234,2.6066527128202217e-05,0.0007770308336531452,5.92357913250874,1.0725556752101695,0.0
256,2656,2.9144677605612443,0.00024964523128428426,4.2143627173030455e-05,0.00043709477724838925,2.654440903060999e-05,9.552599067319534e-08,7.046061562240876e-10,0.00012973644477261837,2.5716267048976498e-05,0.0007665573449845589,5.923580502316371,1.0725554999271225,0.0
256,2660,2.918857019236788,0.0002463032015697812,4.157944553989996e-05,0.00043122410465924006,2.618788787638304e-05,9.29771317714767e-08,6.85805600889973e-10,0.00012799331964535673,2.5370746009371884e-05,0.0007562260517128281,5.923581852775385,1.072555326526245,0.0
256,2664,2.9232462779123325,0.000243006204430744,4.1022866039048595e-05,0.0004254328234223618,2.5836188094173942e-05,9.04965418158099e-08,6.675086019108155e-10,0.0001262737766238453,2.5029899398221918e-05,0.0007460350076272312,5.923583184161703,1.072555154989171,0.0
256,2668,2.9276355365878763,0.0002397536287056403,4.047378549781156e-05,0.0004197198517254314,2.548924398640337e-05,8.808234497337253e-08,6.497013230170783e-10,0.00012457749423252197,2.469366349286625e-05,0.0007359822933909191,5.923584496747263,1.072554985297677,0.0
256,2672,2.9320247952634206,0.00023654487159393523,3.993210215497808e-05,0.000414084122623804,2.5146990758393976e-05,8.573289278501761e-08,6.323716050628049e-10,0.00012290415541610348,2.43619754468291e-05,0.0007260660161822946,5.923585790800088,1.0725548174336834,0.0
256,2676,2.9364140539389645,0.0002333793385405923,3.93977156412935e-05,0.00040852458383404833,2.4809364505831926e-05,8.344619573108503e-08,6.155047732166685e-10,0.0001212534474781675,2.4034773277645056e-05,0.0007162843093138501,5.923587066584333,1.0725546513792534,0.0
256,2680,2.940803312614509,0.00023025644312219096,3.887052696023434e-05,0.0004030401975303683,2.4476302202403785e-05,8.122071903926553e-08,5.990895068945026e-10,0.00011962506202059414,2.3711995854855184e-05,0.0007066353318743475,5.92358832436035,1.0725544871165913,0.0
256,2684,2.9451925712900526,0.0002271756069347566,3.8350438469072415e-05,0.0003976299401441162,2.4147741687621097e-05,7.905470056357444e-08,5.831128083885607e-10,0.00011801869488392742,2.3393582888185545e-05,0.000697117268368451,5.923589564384735,1.0725543246280438,0.0
256,2688,2.9495818299655965,0.000224136259483219,3.783735386021385e-05,0.0003922928021662149,2.3823621654821653e-05,7.69467760619591e-08,5.675646149573617e-10,0.00011643404608860214,2.3079474915897214e-05,0.0006877283283621542,5.923590786910393,1.0725541638960985,0.0
256,2692,2.9539710886411408,0.00022113783807184122,3.733117814270199e-05,0.0003870277879513332,2.3503881639277207e-05,7.489524023185368e-08,5.524323481740538e-10,0.0001148708197766931,2.2769613293239864e-05,0.0006784667461289431,5.923591992186581,1.0725540049033846,0.0
256,2696,2.9583603473166846,0.00021817978769730543,3.683181762416872e-05,0.00038183391552687034,2.3188462006593283e-05,7.28986151443678e-08,5.377051067353657e-10,0.00011332872415509648,2.2463940181189193e-05,0.0006693307803042726,5.923593180458971,1.072553847632671,0.0
256,2700,2.962749605992229,0.00021526156094224817,3.633917989286174e-05,0.00037671021640267843,2.287730394115376e-05,7.095536602719221e-08,5.233715700571311e-10,0.0001118074714389288,2.2162398535227537e-05,0.0006603187135592456,5.923594351969693,1.0725536920668677,0.0
256,2704,2.9671388646677728,0.00021238261787050205,3.5853173799959915e-05,0.000371655735383948,2.2570349434757563e-05,6.906395810801769e-08,5.094204175551836e-10,0.0001103067777958703,2.1864932094311632e-05,0.0006514288522456638,5.923595506957397,1.0725535381890225,0.0
256,2708,2.971528123343317,0.00020954242592417425,3.537370944219865e-05,0.00036666953038730853,2.2267541275450607e-05,6.722336820530472e-08,4.958441021734123e-10,0.00010882636329146263,2.1571485370029566e-05,0.0006426595260794152,5.923596645657292,1.0725533859823237,0.0
256,2712,2.975917382018861,0.00020674045982180397,3.490069814467743e-05,0.00036175067225892256,2.196882303647879e-05,6.543177732964978e-08,4.826292069231754e-10,0.00010736595183500146,2.128200363587566e-05,0.0006340090878125036,5.9235977683012075,1.0725532354300975,0.0
256,2716,2.9803066406944048,0.00020397620145828303,3.443405244396506e-05,0.00035689824459572434,2.167413906543197e-05,6.368827598635107e-08,4.697690233101522e-10,0.00010592527112636435,2.099643291671071e-05,0.0006254759129166022,5.923598875117636,1.0725530865158077,0.0
256,2720,2.984695899369949,0.00020124913980558356,3.397368607134102e-05,0.0003521113435681222,2.1383434473476824e-05,6.199115887284279e-08,4.572509729074912e-10,0.00010450405260327468,2.0714719978308687e-05,0.0006170583992467679,5.923599966331782,1.0725529392230564,0.0
256,2724,2.989085158045493,0.0001985587708156812,3.3519513936407614e-05,0.00034738907774661555,2.1096655124827436e-05,6.033957333784201e-08,4.4506876650176643e-10,0.0001031020313897299,2.0436812317134228e-05,0.0006087549667576943,5.923601042165613,1.0725527935355816,0.0
256,2728,2.993474416721037,0.00019590459732368444,3.307145211073679e-05,0.0003427305679288657,2.0813747626243454e-05,5.873215513929608e-08,4.3321234135149683e-10,0.000101718946244567,2.016265815014731e-05,0.0006005640571665642,5.923602102837901,1.0725526494372584,0.0
256,2732,2.997863675396581,0.00019328612895377467,3.2629417811991516e-05,0.00033813494697170095,2.0534659316827893e-05,5.71675968785712e-08,4.2167205399609613e-10,0.0001003545395114935,1.9892206404898427e-05,0.0005924841336811539,5.92360314856428,1.072552506912097,0.0
256,2736,3.0022529340721253,0.0001907028820252181,3.2193329388059276e-05,0.0003336013596233127,2.0259338257836536e-05,5.564493221754674e-08,4.104407766603485e-10,9.90085570691769e-05,1.962540670963537e-05,0.0005845136806778938,5.923604179557276,1.072552365944243,0.0
256,2740,3.006642192747669,0.00018815437946032558,3.1763106301514365e-05,0.00032912896235899115,1.9987733222702318e-05,5.416296744442661e-08,3.995097044454578e-10,9.768074828238896e-05,1.9362209383619057e-05,0.0005766512034098224,5.923605196026368,1.0725522265179763,0.0
256,2744,3.011031451423213,0.00018564015069365297,3.1338669114289675e-05,0.0003247169232189868,1.9719793687188758e-05,5.272050884741475e-08,3.8887003245262795e-10,9.637086595377941e-05,1.9102565427564176e-05,0.0005688952277287837,5.923606198178018,1.0725520886177111,0.0
256,2748,3.0154207100987573,0.00018315973158186476,3.091993947246038e-05,0.00032036442164765685,1.9455469819621476e-05,5.1316703775228234e-08,3.785154714684332e-10,9.507866627603498e-05,1.8846426514156162e-05,0.0005612442997796994,5.92360718621573,1.0725519522279947,0.0
256,2752,3.019809968774301,0.00018071266431569555,3.0506840091381774e-05,0.00031607064833633915,1.9194712471346036e-05,4.995035851607099e-08,3.684372165940775e-10,9.380390878514673e-05,1.8593744978787894e-05,0.0005536969857372941,5.923608160340076,1.0725518173335062,0.0
256,2756,3.0241992274498455,0.00017829849733284742,3.0099294740985183e-05,0.00031183480506789124,1.893747316728695e-05,4.862044988840353e-08,3.5862772077344986e-10,9.254635631417218e-05,1.8344473810394456e-05,0.0005462518715164317,5.923609120748755,1.072551683919058,0.0
256,2760,3.0285884861253893,0.00017591678523173781,2.969722823121734e-05,0.00030765610456278926,1.8683704096601373e-05,4.732623892778065e-08,3.4908153335491463e-10,9.130577494746291e-05,1.809856664238014e-05,0.0005389075625019694,5.923610067636624,1.0725515519695934,0.0
256,2764,3.0329777448009336,0.00017356708868679067,2.9300566397740355e-05,0.00030353377032797674,1.8433358103499817e-05,4.606641823556856e-08,3.3978901087788565e-10,9.008193397570982e-05,1.7855977743707593e-05,0.0005316626832662835,5.923611001195744,1.0725514214701857,0.0
256,2768,3.0373670034764775,0.00017124897436501376,2.8909236087848795e-05,0.00029946703650801665,1.818638867820675e-05,4.484024884732207e-08,3.3074470269072727e-10,8.887460585167359e-05,1.7616662010122697e-05,0.000524515877326011,5.923611921615417,1.0725512924060394,0.0
256,2772,3.0417562621520213,0.00016896201484327847,2.852316514650536e-05,0.00029545514773754715,1.7942749948000336e-05,4.364693495517713e-08,3.2194273886090864e-10,8.768356614630458e-05,1.738057495545671e-05,0.0005174658068523643,5.923612829082231,1.0725511647624872,0.0
256,2776,3.0461455208275656,0.00016670578852715287,2.8142282402638728e-05,0.00029149735899647127,1.770239666841823e-05,4.248533969075652e-08,3.1337473377052886e-10,8.650859350567463e-05,1.7147672703089315e-05,0.0005105111524333821,5.923613723780094,1.072551038524991,0.0
256,2780,3.0505347795031095,0.0001644798795708924,2.7766517655636907e-05,0.0002875929354672283,1.7465284214589783e-05,4.135489461987163e-08,3.0503649461063736e-10,8.534946960852835e-05,1.6917911977534463e-05,0.0005036506128046548,5.923614605890279,1.0725509136791405,0.0
256,2784,3.0549240381786538,0.00016228387779804504,2.7395801661944226e-05,0.00028374115239321784,1.7231368572638262e-05,4.025446287414525e-08,2.969196357633331e-10,8.42059791241793e-05,1.6691250096094577e-05,0.0004968829046047196,5.923615475591457,1.072550790210653,0.0
256,2788,3.0593132968541976,0.00016011737862384824,2.7030066121960867e-05,0.00027994129494038437,1.700060633127498e-05,3.9183589706226485e-08,2.8902080298145573e-10,8.307790967134466e-05,1.64676449607008e-05,0.0004902067621171027,5.923616333059736,1.072550668105372,0.0
256,2792,3.063702555529742,0.00015797998297821295,2.666924366704148e-05,0.0002761926580598893,1.6772954673459485e-05,3.814125193457585e-08,2.8133244920889424e-10,8.196505177730475e-05,1.6247055049817625e-05,0.00048362093703512563,5.923617178468701,1.0725505473492667,0.0
256,2796,3.0680918142052858,0.0001558712972297011,2.631326784666153e-05,0.00027249454635254125,1.6548371368166523e-05,3.712671059474815e-08,2.73849123794013e-10,8.086719883758512e-05,1.6029439410451095e-05,0.0004771241982145156,5.923618011989448,1.0725504279284315,0.0
256,2800,3.07248107288083,0.00015379093311118956,2.596207311586829e-05,0.00026884627393625486,1.6326814762336923e-05,3.613916987887933e-08,2.665649568042812e-10,7.978414707653972e-05,1.5814757650335636e-05,0.00047071533144421444,5.923618833790619,1.0725503098290852,0.0
256,2804,3.076870331556374,0.00015173850764589597,2.561559482279299e-05,0.0002652471643141835,1.6108243772869402e-05,3.517806135278079e-08,2.594757554307485e-10,7.871569550813564e-05,1.5602969930160833e-05,0.00046439313919227143,5.923619644038441,1.072550193037571,0.0
256,2808,3.0812595902319178,0.00014971364307465252,2.527376919637361e-05,0.0002616965502450568,1.589261787874626e-05,3.424258920858847e-08,2.5257564974088405e-10,7.76616458973927e-05,1.539403695592801e-05,0.0004581564403880418,5.923620442896759,1.072550077540354,0.0
256,2812,3.085648848907462,0.0001477159667843078,2.493653333426808e-05,0.000258193773615574,1.567989711328396e-05,3.3332014481857186e-08,2.4585918908305217e-10,7.66218027224359e-05,1.5187919971428307e-05,0.0004520040702022784,5.923621230527072,1.0725499633240219,0.0
256,2816,3.090038107583006,0.00014574511123716544,2.460382519094255e-05,0.00025473818531460845,1.5470042056493622e-05,3.244576873839833e-08,2.3932218064830244e-10,7.55959731370854e-05,1.4984580750827264e-05,0.00044593487979916195,5.923622007088562,1.0725498503752842,0.0
256,2820,3.09442736625855,0.0001438007139009643,2.427558356585106e-05,0.00025132914510843184,1.5263013827503544e-05,3.158316985718557e-08,2.3295959306589414e-10,7.458396693375133e-05,1.478398159130989e-05,0.00043994773613139065,5.923622772738134,1.0725497386809701,0.0
256,2824,3.098816624934094,0.00014188241718031993,2.3951748091861883e-05,0.00024796602151852705,1.5058774077138841e-05,3.074359256061143e-08,2.2676681424598177e-10,7.35855965070979e-05,1.4586085305878158e-05,0.0004340415217116509,5.923623527630449,1.0725496282280298,0.0
256,2828,3.1032058836096383,0.00013998986834896758,2.363225922381921e-05,0.0002446481917008576,1.4857284980589594e-05,2.9926354727649596e-08,2.2073881281782467e-10,7.260067681814175e-05,1.4390855216234626e-05,0.0004282151344107839,5.923624271917948,1.0725495190035326,0.0
256,2832,3.107595142285182,0.00013812271948294283,2.3317058227263072e-05,0.00024137504132679393,1.4658509230179596e-05,2.913094476753031e-08,2.1487181525336738e-10,7.162902535884216e-05,1.4198255145763528e-05,0.00042246748722620317,5.923625005750895,1.0725494109946656,0.0
256,2836,3.111984400960726,0.0001362806273944656,2.3006087167268063e-05,0.00023814596446532647,1.446241002821324e-05,2.8356737402646104e-08,2.0916120946276438e-10,7.067046211707543e-05,1.4008249412588015e-05,0.00041679750807963793,5.923625729277402,1.0725493041887342,0.0
256,2840,3.1163736596362703,0.00013446325356702846,2.2699288897485304e-05,0.00023496036346742433,1.4268951079952735e-05,2.7603164198808372e-08,2.036028026370651e-10,6.972480954224702e-05,1.3820802822753822e-05,0.0004112041396217965,5.92362644264346,1.0725491985731606,0.0
256,2844,3.120762918311814,0.00013267026409147348,2.239660704935135e-05,0.00023181764885214545,1.4078096586701646e-05,2.6869713565247366e-08,1.9819282124821409e-10,6.87918925114242e-05,1.36358806635161e-05,0.00040568633901214165,5.923627145992975,1.072549094135483,0.0
256,2848,3.1251521769873585,0.00013090132960242348,2.2097986021356844e-05,0.0002287172391934361,1.388981123893034e-05,2.615581706777448e-08,1.9292707248726084e-10,6.787153829567564e-05,1.3453448696667286e-05,0.0004002430777196518,5.923627839467791,1.0725489908633548,0.0
256,2852,3.1295414356629023,0.0001291561252161778,2.18033709685625e-05,0.00022565856100947488,1.3704060209555921e-05,2.54609062722011e-08,1.8780136354525482e-10,6.696357652716549e-05,1.3273473152014501e-05,0.00039487334133833787,5.923628523207725,1.0725488887445447,0.0
256,2856,3.1339306943384466,0.00012743433046913342,2.151270779220369e-05,0.00022264104865302587,1.3520809147283484e-05,2.4784526431176346e-08,1.8281234017503562e-10,6.606783916655003e-05,1.3095920720916942e-05,0.00038957612937155577,5.923629197350598,1.0725487877669346,0.0
256,2860,3.1383199530139905,0.00012573562925727267,2.1225943129475116e-05,0.00021966414420368155,1.3340024170062093e-05,2.4126109110511607e-08,1.7795580956765275e-10,6.518416047093568e-05,1.2920758549934545e-05,0.00038435045506159186,5.923629862032253,1.0725486879185202,0.0
256,2864,3.1427092116895343,0.00012405970977618917,2.0943024343406366e-05,0.00021672729736103432,1.3161671858597199e-05,2.348537009311258e-08,1.7322967531863093e-10,6.431237696211241e-05,1.2747954234531224e-05,0.0003791953451756243,5.923630517386598,1.072548589187409,0.0
256,2868,3.1470984703650786,0.00012240626446222884,2.0663899512925678e-05,0.00021382996533991574,1.2985719249988583e-05,2.2861627257952932e-08,1.6862890605722954e-10,6.345232739540446e-05,1.2577475812900497e-05,0.00037410983983414794,5.923631163545625,1.07254849156182,0.0
256,2872,3.1514877290406225,0.00012077498993439782,2.038851742305317e-05,0.00021097161276695524,1.2812133831448468e-05,2.2254482701100642e-08,1.641505668171832e-10,6.260385272891208e-05,1.2409291759868588e-05,0.0003690929923298483,5.92363180063944,1.0725483950300834,0.0
256,2876,3.1558769877161668,0.00011916558693693264,2.0116827555205893e-05,0.00020815171157830865,1.2640883534090645e-05,2.1663595362042543e-08,1.5979214191312167e-10,6.176679609310061e-05,1.2243370980866411e-05,0.0003641438689236161,5.92363242879629,1.072548299580639,0.0
256,2880,3.1602662463917106,0.0001175777602827225,1.9848780077646705e-05,0.00020536974091896705,1.2471936726815584e-05,2.1088339963171165e-08,1.5554901925519929e-10,6.094100276086158e-05,1.2079682805995095e-05,0.0003592615486931407,5.923633048142589,1.0725482052020363,0.0
256,2884,3.164655505067255,0.00011601121879779576,1.9584325836112812e-05,0.00020262518704394148,1.2305262210309467e-05,2.0528545974229928e-08,1.5141994100073099e-10,6.012632011813107e-05,1.1918196984201979e-05,0.0003544451233354355,5.923633658802949,1.072548111882933,0.0
256,2888,3.1690447637427988,0.00011446567526572384,1.9323416344430375e-05,0.00019991754321931667,1.2140829211035255e-05,1.99835312741925e-08,1.4739987577897608e-10,5.932259763446946e-05,1.175888367744894e-05,0.00034969369699597985,5.923634260900198,1.0725480196120936,0.0
256,2892,3.1734340224183426,0.00011294084637421911,1.9066003775499458e-05,0.00019724630962716228,1.197860737545803e-05,1.945306848938344e-08,1.4348714646635438e-10,5.852968683478675e-05,1.1601713455107828e-05,0.0003450063860970866,5.923634854555414,1.072547928378391,0.0
256,2896,3.177823281093887,0.00011143645266098492,1.8812040952152773e-05,0.0001946109932692198,1.1818566764195979e-05,1.8936646029033e-08,1.3967797953481045e-10,5.774744127070724e-05,1.1446657288284366e-05,0.00034038231918099654,5.923635439887943,1.0725478381708038,0.0
256,2900,3.1822125397694307,0.0001099522184611414,1.8561481338280412e-05,0.00019201110787333325,1.1660677846338001e-05,1.8434093362884596e-08,1.3597111714165911e-10,5.6975716492748e-05,1.1293686544303407e-05,0.0003358206367158807,5.923636017015434,1.0725477489784154,0.0
256,2904,3.186601798444975,0.00010848787185542003,1.8314279030084355e-05,0.000189446173801248,1.1504911493844414e-05,1.7944955743587343e-08,1.3236320503973993e-10,5.621437002290426e-05,1.1142772981274821e-05,0.0003313204909592941,5.923636586053847,1.072547660790414,0.0
256,2908,3.190991057120519,0.00010704314461884638,1.807038874741539e-05,0.00018691571795731576,1.1351238976002673e-05,1.7468835267209215e-08,1.288513082627876e-10,5.546326132750533e-05,1.0993888742713015e-05,0.00032688104577313084,5.923637147117498,1.072547573596092,0.0
256,2912,3.195380315796063,0.00010561777216950263,1.782976582512353e-05,0.0001844192736973772,1.1199631953893896e-05,1.7005220342980465e-08,1.254316532827466e-10,5.472225179012446e-05,1.084700635216714e-05,0.000322501476477238,5.923637700319064,1.0725474873848442,0.0
256,2916,3.199769574471607,0.00010421149351964061,1.7592366204805172e-05,0.00018195638074170885,1.1050062475106191e-05,1.6554110970901093e-08,1.22104240099617e-10,5.399120468569347e-05,1.0702098708090121e-05,0.0003181809696795812,5.92363824576962,1.072547402146168,0.0
256,2920,3.2041588331471513,0.00010282405122579202,1.735814642638103e-05,0.00017952658508638025,1.0902502968351462e-05,1.611488187336363e-08,1.1886445662355315e-10,5.326998515415075e-05,1.0559139078615176e-05,0.00031391872313930955,5.923638783578656,1.072547317869662,0.0
256,2924,3.208548091822695,0.00010145519134054967,1.712706361995611e-05,0.0001771294389173974,1.0756926238251387e-05,1.5687419363530353e-08,1.1571146429276499e-10,5.255846017491178e-05,1.0418101096495378e-05,0.0003097139455819751,5.923639313854096,1.0725472345450262,0.0
256,2928,3.212937350498239,0.00010010466336453639,1.6899075497711393e-05,0.00017476450052533702,1.0613305460153255e-05,1.52713823808881e-08,1.126427474218822e-10,5.1856498541490736e-05,1.0278958754073171e-05,0.000305565856577343,5.923639836702334,1.07254715216206,0.0
256,2932,3.2173266091737833,9.877222019934332e-05,1.6674140345959172e-05,0.00017243133422162432,1.0471614175045559e-05,1.486625933466712e-08,1.0965453248284933e-10,5.1163970836607874e-05,1.0141686398346176e-05,0.0003014736863782398,5.923640352228238,1.0725470707106617,0.0
256,2936,3.221715867849327,9.745761810098999e-05,1.6452217017286423e-05,0.0001701295102557782,1.033182628453238e-05,1.4471993381448556e-08,1.0674640019477132e-10,5.04807494075861e-05,1.0006258726090311e-05,0.00029743667576687474,5.92364086053519,1.0725469901808287,0.0
256,2940,3.2261051265248715,9.616061663393704e-05,1.6233264922791544e-05,0.00016785860473363882,1.0193916045867406e-05,1.4088243460719241e-08,1.0391583487227785e-10,4.9806708342039365e-05,9.872650779040765e-06,0.0002934540759184953,5.923641361725092,1.0725469105626555,0.0
256,2944,3.2304943852004153,9.488097862577556e-05,1.6017244024435247e-05,0.00016561819953679214,1.0057858067060656e-05,1.3714725355384871e-08,1.0116074011089367e-10,4.9141723443916795e-05,9.740837939143477e-06,0.000289525148258899,5.923641855898397,1.072546831846334,0.0
256,2948,3.2348836438759596,9.361847012286391e-05,1.580411482755145e-05,0.00016340788224369963,9.923627302088746e-06,1.3351098004932282e-08,9.847860022524848e-11,4.8485672210054514e-05,9.610795923907263e-06,0.0002856491643131593,5.923642343154127,1.0725467540221518,0.0
256,2952,3.2392729025515035,9.237286034607535e-05,1.559383837337684e-05,0.00016122724605104464,9.79119904611832e-06,1.2997247722523753e-08,9.586857665355216e-11,4.7838433806792394e-05,9.4825007817688e-06,0.0002818254055713347,5.923642823589896,1.0725466770804921,0.0
256,2956,3.2436621612270473,9.11439216473503e-05,1.5386376231716305e-05,0.00015907588969648535,9.660548930814902e-06,1.2652662917389534e-08,9.332689586774927e-11,4.7199889047008253e-05,9.355928887540363e-06,0.000278053163360129,5.923643297301921,1.072546601011832,0.0
256,2960,3.2480514199025916,8.993142946704861e-05,1.5181690493743364e-05,0.0001569534173828364,9.531652919738506e-06,1.2317229902691906e-08,9.085271930604968e-11,4.6569920367577e-05,9.231056937941783e-06,0.0002743317386823005,5.923643764385056,1.0725465258067437,0.0
256,2964,3.2524406785781355,8.873516229168066e-05,1.497974376486461e-05,0.0001548594387029561,9.4044873037821e-06,1.1990721304755425e-08,8.84443698448732e-11,4.594841180704062e-05,9.107861947174225e-06,0.00027066044211369986,5.923644224932801,1.0725464514558916,0.0
256,2968,3.2568299372536798,8.755490161212109e-05,1.4780499157665587e-05,0.0001527935685654885,9.279028696661979e-06,1.1672966593323508e-08,8.610058964153465e-11,4.533524898353206e-05,8.98632124254426e-06,0.00026703859365485904,5.923644679037325,1.0725463779500324,0.0
256,2972,3.2612191959292236,8.639043188284179e-05,1.4583920285028753e-05,0.0001507554271223743,9.155254030515564e-06,1.1363624707882991e-08,8.381886301066375e-11,4.473031907322386e-05,8.866412460191977e-06,0.00026346552259894095,5.923645126789487,1.0725463052800148,0.0
256,2976,3.265608454604768,8.5241540481034e-05,1.4389971253232704e-05,0.00014874463969623988,9.033140551491796e-06,1.1062525118177291e-08,8.159793210957534e-11,4.4133510788742695e-05,8.748113540812321e-06,0.000259940567404263,5.923645568278853,1.0725462334367786,0.0
256,2980,3.2699977132803117,8.410801766685328e-05,1.4198616655240973e-05,0.00014676083670977868,8.912665815462528e-06,1.0769383607112104e-08,7.943570053379415e-11,4.3544714358176205e-05,8.63140272549385e-06,0.00025646307558039656,5.923646003593711,1.0725461624113526,0.0
256,2984,3.2743869719558556,8.298965654411171e-05,1.4009821564066326e-05,0.00014480365361585983,8.793807683778073e-06,1.0484029644430848e-08,7.733091044063504e-11,4.296382150429399e-05,8.51625855159993e-06,0.00025303240354315553,5.923646432821099,1.0725460921948562,0.0
256,2988,3.2787762306314,8.188625302147196e-05,1.382355152621976e-05,0.0001428727308286169,8.676544319082286e-06,1.020629269987694e-08,7.528230398741284e-11,4.2390725424062595e-05,8.402659848708215e-06,0.00024964791651953814,5.923646856046811,1.072546022778497,0.0
256,2992,3.2831654893069437,8.079760577370349e-05,1.3639772555170021e-05,0.00014096771365462558,8.560854181133036e-06,9.935945399774937e-09,7.328820405054735e-11,4.182532076818642e-05,8.29058573455525e-06,0.0002463089883885864,5.923647273355425,1.0725459541535702,0.0
256,2996,3.287554747982488,7.972351620439239e-05,1.3458451125048486e-05,0.00013908825222662014,8.446716022776869e-06,9.672760370449396e-09,7.134693350645836e-11,4.1267503621401814e-05,8.18001561113039e-06,0.00024301500160080097,5.923647684830315,1.0725458863114583,0.0
256,3000,3.291944006658032,7.866378840856816e-05,1.3279554164340047e-05,0.0001372340014371519,8.334108885920127e-06,9.416623925062595e-09,6.945765379335578e-11,4.071717148275689e-05,8.070929160766874e-06,0.00023976534703603572,5.923648090553669,1.0725458192436306,0.0
256,3004,3.296333265333576,7.76182291356093e-05,1.3103049049621052e-05,0.0001354046208726972,8.22301209752739e-06,9.167308689939091e-09,6.761868778765939e-11,4.0174223246023507e-05,7.963306342259106e-06,0.00023655942388477104,5.923648490606508,1.0725457529416413,0.0
256,3008,3.30072252400912,7.65866477533782e-05,1.292890359950476e-05,0.00013359977474992587,8.113405265751117e-06,8.924473604565719e-09,6.582751980399888e-11,3.9638559180750636e-05,7.85712738710706e-06,0.0002333966395559443,5.9236488850687,1.0725456873971309,0.0
256,3012,3.305111782684664,7.556885621241829e-05,1.2757086068597336e-05,0.00013181913185216206,8.005268276072942e-06,8.68817551236134e-09,6.40845691232693e-11,3.9110080913377706e-05,7.75237279577259e-06,0.00023027640954426153,5.923649274018981,1.0725456226018228,0.0
256,3016,3.309501041360208,7.456466901055714e-05,1.2587565141522336e-05,0.0001300623654664982,7.89858128748468e-06,8.45807335281279e-09,6.238732006010037e-11,3.858869140853978e-05,7.649023333973745e-06,0.00022719815732586776,5.9236496575349635,1.0725455585475248,0.0
256,3020,3.313890300035752,7.357390315816018e-05,1.2420309927055053e-05,0.00012832915332211252,7.793324728742387e-06,8.234223969338927e-09,6.07361918953871e-11,3.807429495073215e-05,7.547060029050343e-06,0.00022416131424414607,5.923650035693161,1.0725454952261269,0.0
256,3024,3.3182795587112963,7.259637814401637e-05,1.2255289952363545e-05,0.00012661917752970333,7.68947929468826e-06,8.016172614588868e-09,5.91278303819691e-11,3.756679712630668e-05,7.4464641663953e-06,0.0002211653194119861,5.9236504085689985,1.072545432629602,0.0
256,3028,3.32266881738684,7.163191590129509e-05,1.2092475157261673e-05,0.00012493212452102288,7.587025942578572e-06,7.804032975400332e-09,5.756307408163646e-11,3.706610480549689e-05,7.34721728589165e-06,0.0002182096195881639,5.923650776236832,1.072545370750004,0.0
256,3032,3.3270580760623845,7.068034077423948e-05,1.1931835888586465e-05,0.00012326768498976484,7.4859458884938196e-06,7.597463991260156e-09,5.603940730901889e-11,3.657212612484691e-05,7.249301178429631e-06,0.0002152936690913599,5.923651138769957,1.0725453095794675,0.0
256,3036,3.3314473347379283,6.974147948546386e-05,1.1773342894677466e-05,0.00012162555383352364,7.3862206038139605e-06,7.396351975330617e-09,5.455599150232627e-11,3.6084770469958973e-05,7.152697882486901e-06,0.0002124169296767816,5.923651496240635,1.0725452491102072,0.0
256,3040,3.3358365934134726,6.881516110328635e-05,1.1616967319862025e-05,0.00012000543009578997,7.287831811695851e-06,7.2005832407739945e-09,5.31119880997685e-11,3.560394845825093e-05,7.057389680710742e-06,0.00020957887044971248,5.923651848720095,1.072545189334517,0.0
256,3044,3.3402258520890165,6.790121700989328e-05,1.1462680699080994e-05,0.0001184070169094386,7.190761483641302e-06,7.010157787590288e-09,5.1707397101345585e-11,3.512957192215771e-05,6.9633590965882745e-06,0.00020677896775254302,5.923652196278559,1.0725451302447697,0.0
256,3048,3.3446151107645603,6.699948086963087e-05,1.1310454952535928e-05,0.00011683002144047776,7.094991836081027e-06,6.8245640250097495e-09,5.033844497900206e-11,3.466155389241184e-05,6.870588891132321e-06,0.00020401670507964024,5.923652538985253,1.0725450718334162,0.0
256,3052,3.3490043694401046,6.610978859795464e-05,1.1160262380447288e-05,0.00011527415483292787,7.000505327027173e-06,6.644086170126684e-09,4.900722813721317e-11,3.4199808581658256e-05,6.77906205963356e-06,0.00020129157296240024,5.923652876908418,1.072545014092984,0.0
256,3056,3.3533936281156485,6.523197833074587e-05,1.1012075657874656e-05,0.00011373913215436169,6.907284652766021e-06,6.468269475590205e-09,4.771039232881852e-11,3.374425136826619e-05,6.688761828451716e-06,0.0001986030688753248,5.923653210115326,1.0725449570160777,0.0
256,3060,3.3577828867911927,6.43658903941292e-05,1.0865867829621502e-05,0.00011222467234238408,6.815312744607737e-06,6.2972276282380335e-09,4.6448776115608206e-11,3.32947987804219e-05,6.599671651862442e-06,0.00019595069716195687,5.9236535386722995,1.0725449005953778,0.0
256,3064,3.3621721454667366,6.351136727435684e-05,1.072161230515121e-05,0.00011073049815115695,6.724572765638885e-06,6.130619567557005e-09,4.521986381221192e-11,3.28513684802325e-05,6.511775208906381e-06,0.00019333396890310959,5.9236538626447155,1.0725448448236394,0.0
256,3068,3.366561404142281,6.266825358860825e-05,1.0579282853657678e-05,0.00010925633609959462,6.635048107576369e-06,5.96844529354712e-09,4.4023655418629656e-11,3.241387924832772e-05,6.425056400336953e-06,0.00019075240185962994,5.923654182097027,1.0725447896936933,0.0
256,3072,3.3709506628178247,6.183639605599511e-05,1.0438853599170525e-05,0.00010780191641993975,6.546722387644492e-06,5.810591119370656e-09,4.2859312373071315e-11,3.198225096857543e-05,6.33949934559066e-06,0.00018820552035983768,5.9236544970927705,1.0725447351984436,0.0
256,3076,3.3753399214933686,6.1015643468658854e-05,1.0300299015675957e-05,0.00010636697300649698,6.45957944546159e-06,5.656943358189892e-09,4.17259961137468e-11,3.155640461284369e-05,6.255088379766644e-06,0.00018569285521746826,5.923654807694584,1.0725446813308674,0.0
256,3080,3.379729180168913,6.020584666363749e-05,1.016359392236749e-05,0.00010495124336572046,6.373603340008893e-06,5.507331479748245e-09,4.062244879797094e-11,3.113626222616499e-05,6.171808050685944e-06,0.00018321394363794117,5.923655113964218,1.0725446280840145,0.0
256,3084,3.3841184388444567,5.940685849512451e-05,1.0028713478962869e-05,0.00010355446856698486,6.2887783466408844e-06,5.361812327464577e-09,3.95490897066388e-11,3.072174691210318e-05,6.089643115990941e-06,0.00018076832913342206,5.923655415962543,1.072544575451007,0.0
256,3088,3.388507697520001,5.861853380670881e-05,9.895633181017767e-06,0.0001021763931933875,6.205088954097557e-06,5.219987997406861e-09,3.850298387348502e-11,3.0312782818131735e-05,6.008578540247057e-06,0.00017835556143649524,5.923655713749573,1.072544523425038,0.0
256,3092,3.392896956195545,5.7840729404775676e-05,9.7643288554355e-06,0.00010081676529455118,6.122519861638163e-06,5.081972176412819e-09,3.748496986029969e-11,2.9909295121604873e-05,5.9285994921619406e-06,0.00017597519641543257,5.9236560073844675,1.072544471999371,0.0
256,3096,3.397286214871089,5.707330403131358e-05,9.634776655876436e-06,9.947533633840173e-05,6.041055976112713e-06,4.94765117764473e-09,3.649420910529272e-11,2.951121001542471e-05,5.849691341744443e-06,0.00017362679597737567,5.923656296925551,1.0725444211673405,0.0
256,3100,3.401675473546633,5.631611833745487e-05,9.506953058291287e-06,9.815186116426475e-05,5.960682409113568e-06,4.816911314264871e-09,3.5529863046674006e-11,2.9118454694101216e-05,5.771839657541414e-06,0.00017130992801243753,5.923656582430318,1.0725443709223488,0.0
256,3104,3.406064732222177,5.556903485808062e-05,9.38083485663405e-06,9.684609793781865e-05,5.881384474239783e-06,4.689582056016661e-09,3.459067384175838e-11,2.8730957340362828e-05,5.695030203983679e-06,0.00016902416628295988,5.923656863955451,1.0725443212578678,0.0
256,3108,3.410453990897721,5.4831917985816774e-05,9.256399158472194e-06,9.555780810497587e-05,5.803147684296347e-06,4.565549716062378e-09,3.3675802928755755e-11,2.834864711144876e-05,5.619248938668903e-06,0.000166769090368941,5.9236571415568315,1.0725442721674379,0.0
256,3112,3.414843249573265,5.410463394558013e-05,9.13362338068966e-06,9.428675634679556e-05,5.72595774855607e-06,4.444984824658604e-09,3.2786508150351273e-11,2.79714541257097e-05,5.544482009705596e-06,0.00016454428555586392,5.923657415289545,1.072544223644666,0.0
256,3116,3.4192325082488093,5.3387050769790494e-05,9.012485245302328e-06,9.303271053550253e-05,5.649800570088644e-06,4.327546321292175e-09,3.1920273821174636e-11,2.7599309449534896e-05,5.4707157531218015e-06,0.0001623493427858466,5.923657685207902,1.0725441756832268,0.0
256,3120,3.423621766924353,5.2679038273896674e-05,8.892962775326455e-06,9.179544169111249e-05,5.574662243126535e-06,4.2131205191253684e-09,3.107626137943573e-11,2.723214508446104e-05,5.397936690309838e-06,0.00016018385857413412,5.923657951365442,1.0725441282768602,0.0
256,3124,3.4280110255998975,5.19804680319855e-05,8.77503429066114e-06,9.057472393820556e-05,5.500529050439873e-06,4.101934791833628e-09,3.025614794871477e-11,2.6869893954325275e-05,5.326131525479771e-06,0.00015804743491674387,5.923658213814946,1.0725440814193727,0.0
256,3128,3.4324002842754413,5.1291213352754315e-05,8.658678404032133e-06,8.937033446333155e-05,5.427387460749704e-06,3.993534392066067e-09,2.9456579281851335e-11,2.6512489892605513e-05,5.255287143150017e-06,0.00015593967923122163,5.923658472608449,1.0725440351046351,0.0
256,3132,3.4367895429509856,5.061114925635759e-05,8.543874017083238e-06,8.818205347396926e-05,5.35522412623563e-06,3.888033006660407e-09,2.8678393940635534e-11,2.6159867630222816e-05,5.18539060572955e-06,0.00015386020428199846,5.92365872779725,1.0725439893265831,0.0
256,3136,3.4411788016265294,4.994015245035391e-05,8.430600316315803e-06,8.700966415589894e-05,5.284025879947064e-06,3.785430635616649e-09,2.7921591925067366e-11,2.581196278287239e-05,5.11642915100665e-06,0.0001518086280874162,5.92365897943192,1.072543944079216,0.0
256,3140,3.4455680603020733,4.927810130739986e-05,8.318836769323144e-06,8.585295263368085e-05,5.213779733403135e-06,3.685329375002766e-09,2.7183238268881467e-11,2.5468711839278038e-05,5.0483901898207145e-06,0.00014978457388493485,5.92365922756232,1.0725438993565957,0.0
256,3144,3.4499573189776176,4.862487584243135e-05,8.208563120938436e-06,8.471170793022452e-05,5.144472874137354e-06,3.5880134419130627e-09,2.6465429376553102e-11,2.513005214917634e-05,4.981261303680488e-06,0.00014778767001504686,5.9236594722376,1.0725438551528477,0.0
256,3148,3.4543465776531614,4.798035769032215e-05,8.099759389463152e-06,8.358572192716711e-05,5.076092663291429e-06,3.4932554626720957e-09,2.5766488124502056e-11,2.479592191154013e-05,4.91503024242973e-06,0.00014581754988829748,5.923659713506217,1.0725438114621588,0.0
256,3152,3.4587358363287057,4.734443008373585e-05,7.992405862928163e-06,8.247478932567018e-05,5.008626633234483e-06,3.4009985938610043e-09,2.5085995231833283e-11,2.4466260162928712e-05,4.849684921938005e-06,0.00014387385188912568,5.923659951415943,1.0725437682787782,0.0
256,3156,3.4631250950042496,4.671697783160563e-05,7.886483095460828e-06,8.137870760829117e-05,4.9420624852475384e-06,3.3112996788986493e-09,2.4424369979441832e-11,2.414100676615634e-05,4.785213421854549e-06,0.00014195621933479636,5.923660186013876,1.0725437255970145,0.0
256,3160,3.467514353679794,4.6097887297310525e-05,7.781971903600831e-06,8.029727700029119e-05,4.876388087173777e-06,3.2238176572718658e-09,2.377909668195739e-11,2.3820102398792244e-05,4.7216039833287635e-06,0.00014006430038026343,5.923660417346446,1.0725436834112374,0.0
256,3164,3.4719036123553377,4.548704637818098e-05,7.678853362840436e-06,7.923030043333924e-05,4.81159147121432e-06,3.1386662158183753e-09,2.315101390117007e-11,2.350348854237429e-05,4.658845006872143e-06,0.00013819774796365524,5.923660645459427,1.0725436417158765,0.0
256,3168,3.4762928710308816,4.488434448407624e-05,7.577108804008046e-06,7.817758350760349e-05,4.7476608316260634e-06,3.0557885111193173e-09,2.253970235618481e-11,2.3191107471144172e-05,4.596925050125382e-06,0.00013635621974704355,5.9236608703979465,1.07254360050542,0.0
256,3172,3.480682129706426,4.4289672517200846e-05,7.476719809860946e-06,7.713893445593893e-05,4.684584522546827e-06,2.9752413865935523e-09,2.1945581327896674e-11,2.2882902241402577e-05,4.535832825748359e-06,0.00013453937804498473,5.923661092206496,1.0725435597744155,0.0
256,3176,3.4850713883819697,4.37029228513862e-05,7.37766821158774e-06,7.611416410724224e-05,4.622351055769923e-06,2.896626938309055e-09,2.1365715850040286e-11,2.257881668062044e-05,4.475557199261779e-06,0.00013274688975822854,5.923661310928935,1.0725435195174673,0.0
256,3180,3.489460647057514,4.312398931277812e-05,7.279936085548134e-06,7.510308585221561e-05,4.5609490986650215e-06,2.8202862267789897e-09,2.0802621607985967e-11,2.2278795377263583e-05,4.416087187030217e-06,0.00013097842631432498,5.923661526608507,1.0725434797292384,0.0
256,3184,3.493849905733058,4.255276715937857e-05,7.1835057498193e-06,7.410551560715975e-05,4.500367471979327e-06,2.745878191490192e-09,2.0253782916363397e-11,2.19827836700334e-05,4.357411954129421e-06,0.00012923366361308218,5.923661739287843,1.0725434404044478,0.0
256,3188,3.498239164408602,4.19891530621259e-05,7.088359761001944e-06,7.312127178045527e-05,4.440595147802025e-06,2.6734028324426617e-09,1.971919977517259e-11,2.1690727637905513e-05,4.29952081237177e-06,0.00012751228194405622,5.92366194900897,1.0725434015378716,0.0
256,3192,3.502628423084146,4.1433045085369636e-05,6.994480910924187e-06,7.215017523800906e-05,4.381621247465863e-06,2.6027464627986774e-09,1.9198033622623427e-11,2.1402574089861823e-05,4.242403218270983e-06,0.00012581396595287846,5.923662155813325,1.0725433631243413,0.0
256,3196,3.50701768175969,4.088434266806077e-05,6.901852223466214e-06,7.119204926993325e-05,4.3234350395235965e-06,2.534136456233682e-09,1.8691961582296125e-11,2.1118270554987915e-05,4.186048771079221e-06,0.0001241384045646381,5.9236623597417575,1.0725433251587433,0.0
256,3200,3.511406940435234,4.034294660522272e-05,6.8104569514323126e-06,7.02467195577245e-05,4.2660259377548096e-06,2.467231752234511e-09,1.8198467968820374e-11,2.083776527271917e-05,4.130447210853686e-06,0.00012248529092336253,5.923662560834543,1.0725432876360195,0.0
256,3204,3.515796199110778,3.980875902933549e-05,6.720278573408259e-06,6.931401414134046e-05,4.209383499166499e-06,2.4022597244766075e-09,1.7719229905776376e-11,2.0561007183057966e-05,4.075588416517476e-06,0.00012085432235096801,5.923662759131385,1.0725432505511656,0.0
256,3208,3.5201854577863223,3.928168339232642e-05,6.631300790721103e-06,6.839376338729447e-05,4.153497422055487e-06,2.3389361558656674e-09,1.7252150988688873e-11,2.028794591709167e-05,4.021462403980073e-06,0.00011924520027037468,5.9236629546714274,1.0725432138992312,0.0
256,3212,3.524574716461866,3.876162444734893e-05,6.543507524363162e-06,6.748579995643103e-05,4.098357544051457e-06,2.2770905161451083e-09,1.6795973374872717e-11,2.0018531787417643e-05,3.96805932423939e-06,0.00011765763016697678,5.923663147493265,1.0725431776753185,0.0
256,3216,3.5289639751374104,3.82484882316752e-05,6.456882912104066e-06,6.658995877359407e-05,4.0439538402749266e-06,2.217120709246956e-09,1.635363203059326e-11,1.975271577912803e-05,3.915369461594785e-06,0.00011609132151604551,5.923663337634944,1.0725431418745832,0.0
256,3220,3.5333532338129543,3.774218204885193e-05,6.3714113054783995e-06,6.570607699609513e-05,3.990276421422352e-06,2.1586288312391844e-09,1.5922191989585147e-11,1.949044954044144e-05,3.8633832317900784e-06,0.00011454598774518235,5.9236635251339775,1.0725431064922326,0.0
256,3224,3.537742492488498,3.7242614451471935e-05,6.287077266877301e-06,6.483399398318616e-05,3.9373155319122326e-06,2.1017854123783763e-09,1.550291109453353e-11,1.9231685373630285e-05,3.812091180215176e-06,0.00011302134616100653,5.923663710027346,1.0725430715235253,0.0
256,3228,3.5421317511640424,3.6749695224474523e-05,6.203865566729335e-06,6.39735512665371e-05,3.885061548092237e-06,2.0463062355702277e-09,1.5093692940963153e-11,1.897637622624901e-05,3.7614839801673367e-06,0.00011151711791977736,5.923663892351509,1.0725430369637716,0.0
256,3232,3.5465210098395863,3.626333536820319e-05,6.121761180640394e-06,6.312459252021272e-05,3.833504976415925e-06,1.9924186744901817e-09,1.4696214652454218e-11,1.8724475682211156e-05,3.7115524310824715e-06,0.00011003302794649479,5.923664072142415,1.0725430028083323,0.0
256,3236,3.5509102685151306,3.5783447082150956e-05,6.040749286649679e-06,6.228696353194616e-05,3.7826364516982103e-06,1.9398385120439343e-09,1.4308379824531473e-11,1.8475937953254387e-05,3.6622874568433487e-06,0.00010856880491504993,5.923664249435502,1.072542969052618,0.0
256,3240,3.5552995271906744,3.530994374855076e-05,5.960815262459529e-06,6.146051217408918e-05,3.732446735351194e-06,1.888736278488068e-09,1.393144629988007e-11,1.823071787030778e-05,3.6136801040684246e-06,0.00010712418117058073,5.923664424265709,1.0725429356920892,0.0
256,3244,3.5596887858662187,3.484273991628849e-05,5.8819446827197125e-06,6.064508837515478e-05,3.682926713655972e-06,1.838941443566e-09,1.3564156235814854e-11,1.7988770875035922e-05,3.5657215404357195e-06,0.00010569889269246639,5.923664596667486,1.0725429027222553,0.0
256,3248,3.5640780445417626,3.438175128516907e-05,5.804123316371323e-06,5.9840544091981196e-05,3.634067396072174e-06,1.7904540072777309e-09,1.3206509632335825e-11,1.7750053011567454e-05,3.5184030530432554e-06,0.00010429267903820636,5.923664766674791,1.072542870138674,0.0
256,3252,3.568467303217307,3.3926894690297495e-05,5.727337124010081e-06,5.904673328208285e-05,3.5858599135588626e-06,1.7431602827855386e-09,1.285766792765288e-11,1.751452091827873e-05,3.47171604678042e-06,0.00010290528330445306,5.923664934321109,1.0725428379369522,0.0
256,3256,3.5728565618928507,3.347808808662034e-05,5.651572255276718e-06,5.8263511876317647e-05,3.538295516914639e-06,1.6972876437648665e-09,1.2519308245346224e-11,1.7282131819672434e-05,3.4256520427181492e-06,0.0001015364520650495,5.923665099639451,1.0725428061127433,0.0
256,3260,3.5772458205683946,3.303525053380275e-05,5.5768150463039996e-06,5.749073775214035e-05,3.4913655751533433e-06,1.6526655599591322e-09,1.2190172742730706e-11,1.7052843518430186e-05,3.3802026765336035e-06,0.00010018593533087978,5.923665262662362,1.0725427746617489,0.0
256,3264,3.581635079243939,3.259830218122279e-05,5.503052017183567e-06,5.6728270707055286e-05,3.4450615738918568e-06,1.6090098142740317e-09,1.1868165015331063e-11,1.6826614387524035e-05,3.3353596969465112e-06,9.885348651351563e-05,5.923665423421929,1.0725427435797166,0.0
256,3268,3.5860243379194827,3.2167164253199216e-05,5.430269869472172e-06,5.597597243249816e-05,3.399375113763969e-06,1.5667183106415905e-09,1.1556220029412661e-11,1.6603403362456036e-05,3.291114964180904e-06,9.753886234918391e-05,5.92366558194979,1.0725427128624403,0.0
256,3272,3.590413596595027,3.174175903445226e-05,5.358455483737251e-06,5.5233706488103626e-05,3.354297908857666e-06,1.5253363017109223e-09,1.1250983537815084e-11,1.6383169933611588e-05,3.247460448449401e-06,9.624182288471436e-05,5.923665738277133,1.0725426825057602,0.0
256,3276,3.594802855270571,3.132200985580035e-05,5.287595917142335e-06,5.450133827641434e-05,3.3098217851792324e-06,1.4852048479951918e-09,1.0954971225908643e-11,1.616587413874472e-05,3.2043882284636458e-06,9.49621314154644e-05,5.923665892434709,1.0725426525055615,0.0
256,3280,3.599192113946115,3.0907841079686e-05,5.217678401003615e-06,5.377873501731047e-05,3.2659386791003765e-06,1.4461534192378167e-09,1.0666925251008182e-11,1.5951476555381034e-05,3.1618904899284255e-06,9.369955444868103e-05,5.923666044452837,1.072542622857774,0.0
256,3284,3.603581372621659,3.0499178086541123e-05,5.148690338488212e-06,5.3065765723871e-05,3.2226406358923073e-06,1.4080114851822145e-09,1.0385587770428547e-11,1.573993829364442e-05,3.1199595241197865e-06,9.245386164820929e-05,5.923666194361405,1.0725425935583721,0.0
256,3288,3.607970631297203,3.009594726082807e-05,5.080619302257712e-06,5.2362301177696245e-05,3.1799198082270892e-06,1.3709495760849677e-09,1.0112216626854893e-11,1.5531220988924755e-05,3.0785877264316296e-06,9.122482581004413e-05,5.923666342189886,1.072542564603375,0.0
256,3292,3.612359889972747,2.9698075977539143e-05,5.01345303218909e-06,5.166821390504621e-05,3.137768454728548e-06,1.3347971616894938e-09,9.845553977602065e-12,1.5325286794788218e-05,3.037767594970399e-06,9.001222280083744e-05,5.923666487967334,1.0725425359888443,0.0
256,3296,3.616749148648291,2.9305492588640174e-05,4.9471794330862e-06,5.098337815286958e-05,3.0961789385165263e-06,1.2996679288335145e-09,9.586438384460165e-12,1.5122098375854717e-05,2.9974917291432507e-06,8.881583152138408e-05,5.923666631722393,1.0725425077108852,0.0
256,3300,3.6211384073238353,2.8918126409888392e-05,4.88178657245444e-06,5.0307669865517525e-05,3.0551437257927346e-06,1.265448190679308e-09,9.334031285639092e-12,1.49216189008796e-05,2.9577528282867133e-06,8.763543387790098e-05,5.923666773483311,1.072542479765645,0.0
256,3304,3.625527665999379,2.8535907707839364e-05,4.817262678307347e-06,4.964096666174836e-05,3.0146553844442633e-06,1.2321947906457353e-09,9.088751962033896e-12,1.4723812035920342e-05,2.9185436903121947e-06,8.64708147178803e-05,5.92366691327793,1.0725424521493143,0.0
256,3308,3.6299169246749234,2.8158767686941008e-05,4.7535961369878785e-06,4.898314781191342e-05,2.974706582658098e-06,1.1996803550573532e-09,8.848923290064371e-12,1.4528641937557963e-05,2.8798572103623354e-06,8.532176181645036e-05,5.923667051133705,1.0725424248581246,0.0
256,3312,3.6343061833504673,2.7786638476816445e-05,4.690775491021583e-06,4.8334094215500935e-05,2.935290087557378e-06,1.1681322575896047e-09,8.616222393310725e-12,1.4336073246225608e-05,2.8416863794886043e-06,8.418806580597388e-05,5.9236671870777045,1.0725423978883488,0.0
256,3316,3.638695442026011,2.7419453119557507e-05,4.628789436971566e-06,4.7693688378663126e-05,2.8963987638366354e-06,1.1373799679859076e-09,8.3893914290878e-12,1.4146071079530978e-05,2.8040242833276767e-06,8.306952017202843e-05,5.923667321136614,1.0725423712363014,0.0
256,3320,3.6430847007015554,2.705714555785393e-05,4.567626823434527e-06,4.706181439324395e-05,2.858025572488168e-06,1.1074803296651226e-09,8.168849678290649e-12,1.3958601026025399e-05,2.7668641008663414e-06,8.19659211827873e-05,5.923667453336749,1.072542344898337,0.0
256,3324,3.6474739593770993,2.6699650622432025e-05,4.507276648920235e-06,4.643835791457552e-05,2.820163569453631e-06,1.0782059689518064e-09,7.952920017339067e-12,1.3773629138606671e-05,2.730199103133822e-06,8.087706787032864e-05,5.923667583704045,1.0725423188708505,0.0
256,3328,3.6518632180526436,2.6346904019935755e-05,4.44772805980568e-06,4.58232061400561e-05,2.782805904323101e-06,1.049897946359124e-09,7.74411813160336e-12,1.359112192815418e-05,2.694022651940128e-06,7.9802761991124e-05,5.923667712264085,1.072542293150276,0.0
256,3332,3.6562524767281874,2.5998842321357487e-05,4.388970348382022e-06,4.521624778872485e-05,2.7459458190946616e-06,1.0222720447927713e-09,7.540347616608275e-12,1.341104635746089e-05,2.6583281986732625e-06,7.87428079761543e-05,5.923667839042084,1.0725422677330874,0.0
256,3336,3.6606417354037317,2.5655402950241537e-05,4.3309929508631865e-06,4.461737308038973e-05,2.709576646906862e-06,9.953851076716091e-10,7.342027753248862e-12,1.3233369835031195e-05,2.6231092830698356e-06,7.769701290791158e-05,5.923667964062905,1.0725422426157973,0.0
256,3340,3.6650309940792756,2.5316524171063345e-05,4.273785445424101e-06,4.402647371513956e-05,2.6736918107944983e-06,9.691234481579158e-10,7.148319979735014e-12,1.3058060208995227e-05,2.5883595320087624e-06,7.666518647655589e-05,5.923668087351062,1.0725422177949566,0.0
256,3344,3.6694202527548194,2.498214507803599e-05,4.217337550311081e-06,4.3443442853522134e-05,2.6382848224848506e-06,9.436575965082739e-10,6.96048213875189e-12,1.2885085761218217e-05,2.554072658343625e-06,7.564714095203101e-05,5.9236682089307235,1.0725421932671548,0.0
256,3348,3.6738095114303637,2.465220558366183e-05,4.161639121909184e-06,4.2868175096326764e-05,2.6033492811698878e-06,9.188738658849616e-10,6.777675668509385e-12,1.2714415201294064e-05,2.5202424597120824e-06,7.46426911427726e-05,5.923668328825719,1.0725421690290189,0.0
256,3352,3.6781987701059076,2.432664640790598e-05,4.10668015291454e-06,4.230056646548936e-05,2.5688788723466534e-06,8.946585694502573e-10,6.599062007217396e-12,1.2546017660873235e-05,2.486862817411549e-06,7.365165435914368e-05,5.923668447059544,1.072542145077213,0.0
256,3356,3.682588028781452,2.4005409066958043e-05,4.052450770437175e-06,4.174051438421471e-05,2.5348673666101056e-06,8.711253940418828e-10,6.4254797166660265e-12,1.2379862687756232e-05,2.4539276952284093e-06,7.267385038610585e-05,5.923668563655362,1.0725421214084383,0.0
256,3360,3.6869772874569957,2.3688435862869865e-05,3.998941234251719e-06,4.1187917658679267e-05,2.5013086185419425e-06,8.48274339659838e-10,6.256928796855276e-12,1.2215920240457772e-05,2.4214311383605297e-06,7.170910144498815e-05,5.923668678636012,1.0725420980194325,0.0
256,3364,3.69136654613254,2.3375669872491677e-05,3.946141934929666e-06,4.0642676458483685e-05,2.4681965655235016e-06,8.259348760475405e-10,6.092151405099991e-12,1.2054160682399112e-05,2.3893672722660664e-06,7.075723216397861e-05,5.9236687920240145,1.0725420749069698,0.0
256,3368,3.695755804808084,2.306705493731648e-05,3.8940433921249706e-06,4.0104692298726823e-05,2.435525226647128e-06,8.04163846623851e-10,5.9315668222952225e-12,1.1894554776582666e-05,2.3577303016078745e-06,6.981806953808894e-05,5.923668903841569,1.0725420520678597,0.0
256,3372,3.700145063483628,2.276253565308288e-05,3.842636252818854e-06,3.9573868021645354e-05,2.4032887016011625e-06,7.829612513887696e-10,5.775175048440969e-12,1.1737073680137356e-05,2.326514509172286e-06,6.889144290886829e-05,5.923669014110567,1.0725420294989472,0.0
256,3376,3.704534322159172,2.246205735953559e-05,3.791911289591237e-06,3.9050107778519074e-05,2.371481169571067e-06,7.624407771800179e-10,5.623814645327336e-12,1.158168893894243e-05,2.2957142548034524e-06,6.79771839156292e-05,5.923669122852592,1.0725420071971126,0.0
256,3380,3.708923580834716,2.2165566130245858e-05,3.741859398902281e-06,3.853331701169893e-05,2.340096888147999e-06,7.423750503221527e-10,5.475808489374114e-12,1.1428372482288336e-05,2.265323974345022e-06,6.707512647942007e-05,5.923669230088925,1.0725419851592706,0.0
256,3384,3.71331283951026,2.1873008762832245e-05,3.692471599441524e-06,3.8023402437336776e-05,2.309130192280008e-06,7.229346010717563e-10,5.332414423266462e-12,1.127709661774587e-05,2.23533817862311e-06,6.618510676706207e-05,5.923669335840545,1.0725419633823707,0.0
256,3388,3.717702098185804,2.1584332769272457e-05,3.643739030492374e-06,3.752027202830489e-05,2.2785754932347455e-06,7.039488991722465e-10,5.1923746043192216e-12,1.1127834026092625e-05,2.20575145244062e-06,6.530696316058375e-05,5.92366944012814,1.0725419418633957,0.0
256,3392,3.7220913568613483,2.129948636597043e-05,3.595652950255299e-06,3.702383499662486e-05,2.2484272775323916e-06,6.853611012047622e-10,5.055269751637343e-12,1.098055775609184e-05,2.176558453542313e-06,6.444053621787261e-05,5.923669542972107,1.0725419205993627,0.0
256,3396,3.726480615536892,2.1018418464510342e-05,3.5482047342869703e-06,3.65340017771509e-05,2.2186801059547537e-06,6.673417374258861e-10,4.9223577079059806e-12,1.083524121964522e-05,2.1477539116540003e-06,6.35856686629374e-05,5.923669644392556,1.0725418995873215,0.0
256,3400,3.7308698742124364,2.074107866220979e-05,3.5013858739055095e-06,3.605068401090346e-05,2.189328612533129e-06,6.497771209978964e-10,4.792799911335031e-12,1.0691858186842026e-05,2.1193326275011814e-06,6.27422053401185e-05,5.923669744409316,1.072541878824355,0.0
256,3404,3.7352591328879803,2.0467417232672134e-05,3.4551879745955876e-06,3.557379452839578e-05,2.1603675035357404e-06,6.327809387585148e-10,4.667434923714598e-12,1.0550382781005894e-05,2.091289471827224e-06,6.190999318441093e-05,5.923669843041934,1.0725418583075788,0.0
256,3408,3.739648391563524,2.0197385116767157e-05,3.4096027544858365e-06,3.510324733368855e-05,2.131791556499391e-06,6.160689736134373e-10,4.544166340569422e-12,1.0410789473957086e-05,2.0636193844542536e-06,6.108888120726008e-05,5.923669940309691,1.0725418380341407,0.0
256,3412,3.7440376502390684,1.9930933913761633e-05,3.3646220428515612e-06,3.46389575887695e-05,2.1035956192808477e-06,5.999254426569678e-10,4.425090566374763e-12,1.0273053081373137e-05,2.036317373363542e-06,6.027872045705106e-05,5.923670036231589,1.0725418180012203,0.0
256,3416,3.7484269089146123,1.9668015872222772e-05,3.3202377785791173e-06,3.4180841597479404e-05,2.0757746090806797e-06,5.842366590513848e-10,4.309369039340517e-12,1.0137148758013148e-05,2.0093785137488725e-06,5.9479363990708896e-05,5.923670130826367,1.0725417982060286,0.0
256,3420,3.7528161675901566,1.9408583881331706e-05,3.276442008699501e-06,3.3728816790165315e-05,2.048323511511263e-06,5.688320925401058e-10,4.195743916781529e-12,1.0003051993158152e-05,1.9827979471127292e-06,5.8690666853143454e-05,5.923670224112502,1.072541778645808,0.0
256,3424,3.7572054262657004,1.9152591462239617e-05,3.2332268869291445e-06,3.328280170844071e-05,2.021237379671278e-06,5.538254299608525e-10,4.085053760487902e-12,9.870738606084313e-06,1.9565708803690013e-06,5.7912486051788685e-05,5.923670316108213,1.0725417593178321,0.0
256,3428,3.7615946849412447,1.8899992759439332e-05,3.190584672213319e-06,3.284271598997628e-05,1.994511333222063e-06,5.393303581513464e-10,3.97813713224974e-12,9.740184741545316e-06,1.9306925849475027e-06,5.7144680509019836e-05,5.923670406831458,1.0725417402194044,0.0
256,3432,3.7659839436167886,1.8650742532478157e-05,3.148507727327145e-06,3.240848035385717e-05,1.9681405574983746e-06,5.251763468550052e-10,3.8737361893818874e-12,9.611366865421868e-06,1.9051583959316208e-06,5.6387111069633695e-05,5.92367049629995,1.072541721347859,0.0
256,3436,3.7703732022923324,1.8404796147696518e-05,3.106988517480958e-06,3.198001658599961e-05,1.9421203026227502e-06,5.114202394906897e-10,3.772270212779396e-12,9.484261760389315e-06,1.8799637111995537e-06,5.5639640444835274e-05,5.923670584531149,1.07254170270056,0.0
256,3440,3.7747624609678767,1.8162109569800325e-05,3.0660196088976054e-06,3.155724752428913e-05,1.9164458826029636e-06,4.98005192639539e-10,3.673319921547214e-12,9.358846521503012e-06,1.8551039905492461e-06,5.4902133208383604e-05,5.923670671542274,1.0725416842749012,0.0
256,3444,3.7791517196434206,1.792263935403765e-05,3.0255936674917597e-06,3.114009704478888e-05,1.8911126744944686e-06,4.848175194638316e-10,3.576046753895239e-12,9.235098552101717e-06,1.8305747548863622e-06,5.4174455752916926e-05,5.923670757350299,1.0725416660683054,0.0
256,3448,3.783540978318965,1.7686342638137314e-05,2.985703457509038e-06,3.072849004750899e-05,1.8661161175361828e-06,4.720845936390106e-10,3.482127833403677e-12,9.112995559579949e-06,1.806371585386286e-06,5.3456476283236427e-05,5.923670841971964,1.0725416480782242,0.0
256,3452,3.7879302369945087,1.7453177134286504e-05,2.946341840171711e-06,3.032235244224855e-05,1.8414517122906835e-06,4.597495717462152e-10,3.3911438791774764e-12,8.992515551182113e-06,1.7824901226604352e-06,5.274806477330963e-05,5.92367092542377,1.072541630302138,0.0
256,3456,3.792319495670053,1.7223101121683883e-05,2.907501772421566e-06,2.992161113545584e-05,1.8171150198462394e-06,4.476419235288631e-10,3.3018370485314817e-12,8.873636830099101e-06,1.758926065982533e-06,5.204909295853604e-05,5.923671007721991,1.0725416127375562,0.0
256,3460,3.796708754345597,1.6996073438725195e-05,2.869176305600721e-06,2.952619401646836e-05,1.7931016609811794e-06,4.3593217924353667e-10,3.215465184150849e-12,8.75633799138164e-06,1.7356751724785536e-06,5.135943430555965e-05,5.923671088882671,1.0725415953820154,0.0
256,3464,3.8010980130211407,1.677205347540002e-05,2.831358584168097e-06,2.9136029944062607e-05,1.7694073153470712e-06,4.2444980863365345e-10,3.130770443350422e-12,8.640597917943598e-06,1.7127332563345016e-06,5.06789639822085e-05,5.923671168921629,1.0725415782330807,0.0
256,3468,3.805487271696685,1.6551001165869103e-05,2.7940418444463605e-06,2.875104873341221e-05,1.7460277206767e-06,4.133084985369351e-10,3.0485913879203055e-12,8.526395776689492e-06,1.6900961880288085e-06,5.000755884887691e-05,5.9236712478544655,1.0725415612883438,0.0
256,3472,3.809876530372229,1.633287698141635e-05,2.757219413432126e-06,2.8371181143605365e-05,1.7229586720260116e-06,4.0245140553452075e-10,2.9685087369654466e-12,8.413711014804874e-06,1.6677598935970164e-06,4.9345097409993675e-05,5.923671325696558,1.0725415445454243,0.0
256,3476,3.814265789047773,1.6117641922750217e-05,2.72088470749632e-06,2.799635886410666e-05,1.7001960209519511e-06,3.9182168620754965e-10,2.8901032095907943e-12,8.302523355736101e-06,1.6457203538348893e-06,4.869145983439028e-05,5.923671402463072,1.0725415280019683,0.0
256,3480,3.818655047723317,1.5905257513146035e-05,2.6850312312265076e-06,2.7626514502649065e-05,1.677735674777153e-06,3.815898708126042e-10,2.814632648481503e-12,8.192812795593217e-06,1.6239736035853969e-06,4.804652788616421e-05,5.92367147816896,1.0725415116556487,0.0
256,3484,3.8230443063988613,1.5695685791279645e-05,2.6496525762171133e-06,2.7261581572601392e-05,1.6555735958227764e-06,3.715285856742412e-10,2.740419930057367e-12,8.0845595993977e-06,1.602515730994944e-06,4.7410184930670504e-05,5.9236715528289645,1.0725414955041646,0.0
256,3488,3.827433565074405,1.548888930434796e-05,2.614742419908071e-06,2.6901494480820807e-05,1.6337058006707997e-06,3.61808361049043e-10,2.6687228970035407e-12,7.977744297473562e-06,1.581342876798018e-06,4.6782315903369395e-05,5.923671626457621,1.072541479545241,0.0
256,3492,3.8318228237499494,1.5284831101424055e-05,2.5802945244630718e-06,2.6546188515958333e-05,1.612128359453822e-06,3.5225866668042727e-10,2.598283706634869e-12,7.872347681974337e-06,1.5604512336287703e-06,4.6162807304100946e-05,5.9236716990692635,1.0725414637766293,0.0
256,3496,3.8362120824254933,1.508347472616673e-05,2.5463027355388357e-06,2.619559983561013e-05,1.5908373950747715e-06,3.4305003282497637e-10,2.5303602016365072e-12,7.76835080306665e-06,1.539837045264526e-06,4.555154713491093e-05,5.923671770678026,1.072541448196105,0.0
256,3500,3.840601341101037,1.4884784210588513e-05,2.5127609812330617e-06,2.5849665455290447e-05,1.5698290825372415e-06,3.341824594826903e-10,2.464952382008455e-12,7.665734965653498e-06,1.5194966059762748e-06,4.494842494463086e-05,5.923671841297842,1.0725414328014706,0.0
256,3504,3.8449905997765814,1.4688724068393261e-05,2.4796632709597223e-06,2.5508323236738127e-05,1.549099648235354e-06,3.253717295592651e-10,2.399963843275454e-12,7.564481725902525e-06,1.4994262598405096e-06,4.435333173594666e-05,5.923671910942451,1.0725414175905519,0.0
256,3508,3.8493798584521253,1.4495259288245782e-05,2.4470036943128805e-06,2.5171511876018392e-05,1.528645369231191e-06,3.1678837331128307e-10,2.33665242812266e-12,7.464572887710756e-06,1.4796224000384658e-06,4.3766159999750056e-05,5.923671979625403,1.0725414025612001,0.0
256,3512,3.8537691171276696,1.4304355327660396e-05,2.4147764200349924e-06,2.4839170892758048e-05,1.5084625726010578e-06,3.085460775764659e-10,2.2758566983401757e-12,7.3659904995073725e-06,1.4600814682223725e-06,4.318680367511749e-05,5.9236720473600535,1.0725413877112908,0.0
256,3516,3.8581583758032134,1.4115978106726485e-05,2.382975694957693e-06,2.451124061907703e-05,1.4885476347633033e-06,3.0041746867937036e-10,2.2158995303477946e-12,7.2687168509657475e-06,1.440799953863713e-06,4.261515811996876e-05,5.923672114159577,1.0725413730387237,0.0
256,3520,3.8625476344787577,1.39300940015401e-05,2.3515958428929582e-06,2.4187662188034482e-05,1.4688969807766613e-06,2.9245939003885724e-10,2.1572002050405683e-12,7.17273446957234e-06,1.4217743935731125e-06,4.205112011497553e-05,5.923672180036957,1.0725413585414225,0.0
256,3524,3.8669368931543016,1.374666983826387e-05,2.3206312636303334e-06,2.386837752314522e-05,1.4495070837035934e-06,2.8484237191150896e-10,2.1010165651036515e-12,7.078026117512345e-06,1.4030013704830168e-06,4.149458782295229e-05,5.923672245005003,1.0725413442173342,0.0
256,3528,3.8713261518298454,1.356567288718171e-05,2.290076431933286e-06,2.355332932790883e-05,1.4303744639743993e-06,2.773958840407431e-10,2.04609076785189e-12,6.984574788559777e-06,1.3844775136312431e-06,4.0945460777385155e-05,5.9236723090763395,1.0725413300644289,0.0
256,3532,3.8757154105053897,1.3387070856517647e-05,2.259925896495735e-06,2.3242461074891658e-05,1.4114956887241755e-06,2.701199264265597e-10,1.992422813285283e-12,6.89236370483375e-06,1.3661994973180159e-06,4.040363987231875e-05,5.923672372263417,1.0725413160807005,0.0
256,3536,3.8801046691809336,1.3210831886477107e-05,2.230174278936137e-06,2.2935716995268085e-05,1.3928673711576652e-06,2.630144990689587e-10,1.9400127014038308e-12,6.801376313693344e-06,1.348164040490466e-06,3.98690273344602e-05,5.9236724345785134,1.072541302264165,0.0
256,3540,3.884493927856478,1.3036924543831672e-05,2.200816272883317e-06,2.263304206924493e-05,1.3744861699677398e-06,2.561932888056617e-10,1.8896989939976367e-12,6.711596284892372e-06,1.3303679061786533e-06,3.934152670110865e-05,5.923672496033731,1.0725412886128618,0.0
256,3544,3.8888831865320217,1.2865317815726701e-05,2.1718466429311074e-06,2.2334382015162295e-05,1.356348788673503e-06,2.4942892196122557e-10,1.8398045674864944e-12,6.623007507342512e-06,1.3128079008539553e-06,3.8821042817275136e-05,5.923672556641006,1.0725412751248518,0.0
256,3548,3.893272445207566,1.2695981104244797e-05,2.143260223720585e-06,2.2039683279906332e-05,1.338451975038065e-06,2.4289192879223265e-10,1.7915872645555584e-12,6.535594086265438e-06,1.2954808738645651e-06,3.83074818004258e-05,5.923672616412108,1.0725412617982188,0.0
256,3552,3.89766170388311,1.2528884220785539e-05,2.1150519189912904e-06,2.1748893029033517e-05,1.3207925204687981e-06,2.3658230929868296e-10,1.745047085204829e-12,6.449340340260433e-06,1.2783837168542365e-06,3.780075103584594e-05,5.92367267535864,1.0725412486310684,0.0
256,3556,3.9020509625586537,1.2363997380579861e-05,2.087216700655179e-06,2.1461959137079198e-05,1.3033672594287833e-06,2.3027268980513327e-10,1.6985069058540994e-12,6.364230798424995e-06,1.2615133631915307e-06,3.730075915796504e-05,5.923672733492045,1.0725412356215267,0.0
256,3560,3.906440221234198,1.2201291197171487e-05,2.0597496078650074e-06,2.1178830177838247e-05,1.2861730688465614e-06,2.2424728740588762e-10,1.6540631309786281e-12,6.280250197468154e-06,1.2448667873976219e-06,3.680741602913419e-05,5.9236727908236055,1.0725412227677429,0.0
256,3564,3.910829479909742,1.2040736677057728e-05,2.0326457461096276e-06,2.0899455414943862e-05,1.2692068675439911e-06,2.183924152632244e-10,1.6108771987883116e-12,6.197383478912892e-06,1.2284410045917618e-06,3.632063272575598e-05,5.923672847364445,1.0725412100678857,0.0
256,3568,3.915218738585286,1.1882305214542061e-05,2.005900286345027e-06,2.0623784792778973e-05,1.2524656156843075e-06,2.1265122995828278e-10,1.5685298283880983e-12,6.115615786396046e-06,1.2122330699560688e-06,3.584032152166975e-05,5.923672903125535,1.072541197520146,0.0
256,3572,3.91960799726083,1.1725968586370774e-05,1.9795084640889203e-06,2.0351768927054785e-05,1.2359463141999637e-06,2.0719426174764521e-10,1.528278862463143e-12,6.034932462870875e-06,1.1962400781810222e-06,3.536639586422982e-05,5.923672958117691,1.0725411851227347,0.0
256,3576,3.9239972559363743,1.1571698946699364e-05,1.9534655785710072e-06,2.008335909590477e-05,1.2196460042517756e-06,2.0168045011814684e-10,1.4876086156431362e-12,5.955319047960631e-06,1.1804591629408898e-06,3.4898770372623614e-05,5.9236730123515775,1.0725411728738832,0.0
256,3580,3.928386514611918,1.1419468821973051e-05,1.9277669918687282e-06,1.9818507230907605e-05,1.2035617666837538e-06,1.9628032532637008e-10,1.4477769306132327e-12,5.876761275293585e-06,1.164887496365478e-06,3.443736081629892e-05,5.92367306583771,1.0725411607718436,0.0
256,3584,3.932775773287462,1.1269251105719632e-05,1.9024081280282287e-06,1.955716590790224e-05,1.187690721465309e-06,1.9122126104775816e-10,1.4104609309536387e-12,5.799245069774611e-06,1.1495222884993072e-06,3.3982084093435355e-05,5.923673118586461,1.0725411488148877,0.0
256,3588,3.9371650319630063,1.1121019053956439e-05,1.8773844722889867e-06,1.9299288338894674e-05,1.172030027199758e-06,1.8627588360686786e-10,1.373983493084148e-12,5.7227565451813285e-06,1.1343607868251206e-06,3.353285821629298e-05,5.923673170608053,1.0725411370013072,0.0
256,3592,3.94155429063855,1.0974746280161566e-05,1.852691570234886e-06,1.904482836321341e-05,1.1565768805872006e-06,1.8133050616597757e-10,1.3375060552146574e-12,5.647282001537625e-06,1.1194002757432666e-06,3.308960231453031e-05,5.923673221912569,1.0725411253294133,0.0
256,3596,3.9459435493140944,1.0830406750413427e-05,1.828325026973705e-06,1.879374043893639e-05,1.1413285159038847e-06,1.766125024005305e-10,1.3027057409253733e-12,5.5728079225669945e-06,1.1046380760669e-06,3.265223658385075e-05,5.923673272509949,1.0725411137975365,0.0
256,3600,3.9503328079896383,1.068797477875262e-05,1.8042805063541333e-06,1.8545979634734264e-05,1.1262822045068562e-06,1.7195134205394424e-10,1.2683247075311407e-12,5.499320973270339e-06,1.0900715445418566e-06,3.2220682314064345e-05,5.923673322409997,1.0725411024040268,0.0
256,3604,3.9547220666651826,1.0547425022344226e-05,1.7805537301491015e-06,1.8301501621357685e-05,1.111435254316987e-06,1.674607119639404e-10,1.235201516822063e-12,5.426807997397887e-06,1.0756980733455384e-06,3.179486184520731e-05,5.92367337162238,1.0725410911472528,0.0
256,3608,3.9591113253407264,1.0408732476920818e-05,1.7571404772864956e-06,1.8060262663606807e-05,1.0967850093312904e-06,1.630837687116582e-10,1.2029168879030885e-12,5.355256015063959e-06,1.0615150896141136e-06,3.137469855462972e-05,5.923673420156627,1.0725410800256017,0.0
256,3612,3.9635005840162707,1.027187247246627e-05,1.7340365831205231e-06,1.7822219612724744e-05,1.0823288491609826e-06,1.588205122970976e-10,1.1714708207742171e-12,5.28465222048761e-06,1.047520054994669e-06,3.0960116860577145e-05,5.923673468022137,1.0725410690374797,0.0
256,3616,3.9678898426918146,1.0136820668444001e-05,1.7112379386261752e-06,1.7587329898028697e-05,1.0680641885232464e-06,1.546140993013978e-10,1.1404440345403975e-12,5.214983979508177e-06,1.0337104651527428e-06,3.055104219212746e-05,5.9236735152281765,1.072541058181311,0.0
256,3620,3.9722791013673584,1.0003553049517046e-05,1.6887404896767122e-06,1.7355551519319454e-05,1.0539884767802678e-06,1.5074874681886286e-10,1.1119329336768877e-12,5.146238827329166e-06,1.0200838493251206e-06,3.0147400979842172e-05,5.923673561783885,1.0725410474555384,0.0
256,3624,3.9766683600429027,9.872045920895456e-06,1.6665402362582408e-06,1.712684303875667e-05,1.0400991974458275e-06,1.4665602066088468e-10,1.0817447092331712e-12,5.078404466107402e-06,1.0066377698419579e-06,2.9749120646478e-05,5.923673607698271,1.072541036858622,0.0
256,3628,3.9810576187184465,9.742275904470815e-06,1.6446332318171653e-06,1.6901163574013407e-05,1.0263938677695819e-06,1.4284751159721054e-10,1.0536528892647128e-12,5.011468762918687e-06,9.933698217235326e-07,2.9356129587666367e-05,5.92367365298022,1.0725410263890398,0.0
256,3632,3.985446877393991,9.614219934287023e-06,1.623015582495593e-06,1.6678472790320706e-05,1.0128700382539367e-06,1.390390025335364e-10,1.0255610692962546e-12,4.9454197473956845e-06,9.802776322120315e-07,2.8968357162375634e-05,5.923673697638494,1.0725410160452875,0.0
256,3636,3.9898361360695347,9.487855252421281e-06,1.601683446435986e-06,1.6458730893210298e-05,9.995252922133172e-07,1.354578671453055e-10,9.991463729080026e-13,4.880245609572385e-06,9.673588603442785e-07,2.8585733678425167e-05,5.923673741681728,1.0725410058258782,0.0
256,3640,3.994225394745079,9.363159404696255e-06,1.5806330330573135e-06,1.624189862096914e-05,9.863572453159389e-07,1.319335751759354e-10,9.731509574148025e-13,4.8159346976432545e-06,9.54611196507557e-07,2.820819037840479e-05,5.923673785118446,1.072540995729342,0.0
256,3644,3.998614653420623,9.240110236783573e-06,1.5598606023972685e-06,1.6027937237790582e-05,9.733635451678833e-07,1.2846612662542611e-10,9.475748228166539e-13,4.752475515929543e-06,9.420323620364914e-07,2.7835659435678782e-05,5.9236738279570424,1.0725409857542256,0.0
256,3648,4.003003912096167,9.11868589028031e-06,1.5393624644499225e-06,1.5816808526859202e-05,9.605418708931454e-07,1.2505552149377763e-10,9.224179691135568e-13,4.68985672282529e-06,9.296201088059061e-07,2.74680739242022e-05,5.9236738702058025,1.0725409758990931,0.0
256,3652,4.007393170771711,8.99886479835831e-06,1.5191349784312698e-06,1.5608474782711187e-05,9.47889932669686e-07,1.2187229003757238e-10,8.989382389906663e-13,4.628067128529039e-06,9.173722187812083e-07,2.7105367828708266e-05,5.923673911872894,1.072540966162525,0.0
256,3656,4.011782429447255,8.880625682086477e-06,1.4991745521583788e-06,1.540289880474964e-05,9.354054713356218e-07,1.1863221516250633e-10,8.750392279727242e-13,4.567095693117621e-06,9.05286503636574e-07,2.674747600753449e-05,5.923673952966367,1.0725409565431177,0.0
256,3660,4.016171688122799,8.763947546750307e-06,1.4794776414280778e-06,1.5200043890749522e-05,9.230862579947852e-07,1.1550582712516189e-10,8.519787787448852e-13,4.506931524616661e-06,8.933608043724852e-07,2.639433419889496e-05,5.923673993494167,1.0725409470394847,0.0
256,3664,4.020560946798343,8.648809677648176e-06,1.4600407493073075e-06,1.4999873829516146e-05,9.109300935708815e-07,1.1249312592553906e-10,8.297568913071496e-13,4.4475638768221186e-06,8.815929908839176e-07,2.6045879014399245e-05,5.9236740334641205,1.0725409376502548,0.0
256,3668,4.024950205473887,8.535191636450407e-06,1.440860425518482e-06,1.4802352894441958e-05,8.989348084161969e-07,1.0959411156363785e-10,8.083735656595171e-13,4.388982147385627e-06,8.699809615808173e-07,2.5702047901083208e-05,5.9236740728839505,1.0725409283740728,0.0
256,3672,4.029339464149431,8.423073257688163e-06,1.421933265846764e-06,1.4607445837327195e-05,8.87098261936332e-07,1.0663825378287584e-10,7.86570959116833e-13,4.3311758759793335e-06,8.58522643024337e-07,2.5362779152720857e-05,5.9236741117612715,1.0725409192095996,0.0
256,3676,4.033728722824975,8.312434644843913e-06,1.4032559114800799e-06,1.441511788151522e-05,8.754183421733169e-07,1.0390976967755705e-10,7.664454761543554e-13,4.27413474225773e-06,8.472159895228319e-07,2.5028011895927055e-05,5.923674150103592,1.072540910155511,0.0
256,3680,4.038117981500519,8.20325616683564e-06,1.3848250484156063e-06,1.4225334715709598e-05,8.638929654301266e-07,1.0118128557223827e-10,7.463199931918778e-13,4.217848564021591e-06,8.360589827679165e-07,2.4697686064772092e-05,5.923674187918313,1.0725409012104983,0.0
256,3684,4.0425072401760636,8.095518454784383e-06,1.3666374069140825e-06,1.4038062488279718e-05,8.525200759248667e-07,9.86233317235019e-11,7.274523529145551e-13,4.1623072955266654e-06,8.250496314992137e-07,2.4371742407316322e-05,5.923674225212737,1.0725408923732682,0.0
256,3688,4.046896498851607,7.989202397834702e-06,1.3486897607942503e-06,1.3853267799915442e-05,8.412976453446954e-07,9.600853445590474e-11,7.081654317421807e-13,4.107501025302573e-06,8.141859710720196e-07,2.4050122467520874e-05,5.92367426199406,1.072540883642542,0.0
256,3692,4.051285757527151,7.88428914008826e-06,1.3309789269151959e-06,1.3670917698228386e-05,8.302236725179648e-07,9.345058060716838e-11,6.89297791464858e-13,4.053419974549414e-06,8.0346606313948e-07,2.3732768568994162e-05,5.923674298269383,1.0725408750170569,0.0
256,3696,4.055675016202695,7.780760077145124e-06,1.3135017645924744e-06,1.3490979671685088e-05,8.192961830457862e-07,9.106315701501444e-11,6.7168799387269e-13,4.000054495336688e-06,7.928879952955805e-07,2.3419623807490635e-05,5.923674334045705,1.072540866495563,0.0
256,3700,4.06006427487824,7.678596852780325e-06,1.2962551750370673e-06,1.3313421643736657e-05,8.085132289455287e-07,8.86188900039997e-11,6.536589153854705e-13,3.947395068859213e-06,7.824498807294376e-07,2.3110632048915685e-05,5.923674369329926,1.0725408580768259,0.0
256,3704,4.064453533553784,7.577781355437141e-06,1.2792361007633972e-06,1.3138211966664033e-05,7.978728882770474e-07,8.628830983070657e-11,6.364683986883542e-13,3.89543230360982e-06,7.721498578630894e-07,2.280573791068106e-05,5.923674404128854,1.0725408497596258,0.0
256,3708,4.0688427922293275,7.478295715235635e-06,1.2624415250843284e-06,1.2965319416341344e-05,7.873732648246655e-07,8.401457307627425e-11,6.196971628862896e-13,3.844156933825078e-06,7.619860900434109e-07,2.2504886750716577e-05,5.9236744384492015,1.0725408415427569,0.0
256,3712,4.073232050904871,7.380122300320784e-06,1.2458684714946796e-06,1.2794713185771588e-05,7.770124877046026e-07,8.191136657842435e-11,6.041837697693798e-13,3.793559817564294e-06,7.519567651613323e-07,2.2208024659186122e-05,5.923674472297583,1.0725408334250268,0.0
256,3716,4.077621309580415,7.283243714142595e-06,1.2295140032120688e-06,1.262636288034117e-05,7.667887110767852e-07,7.975131666171364e-11,5.882510957574183e-13,3.743631935301543e-06,7.420600953727537e-07,2.1915098451607563e-05,5.923674505680529,1.0725408254052575,0.0
256,3720,4.08201056825596,7.187642791848112e-06,1.2133752225678331e-06,1.2460238511460491e-05,7.567001137586461e-07,7.770495358272456e-11,5.731569835355601e-13,3.6943643880367127e-06,7.322943167241172e-07,2.162605566115646e-05,5.9236745386044705,1.0725408174822846,0.0
256,3724,4.086399826931504,7.093302597474312e-06,1.1974492705331509e-06,1.229631049162247e-05,7.467448989250321e-07,7.554490366601385e-11,5.572243095235987e-13,3.645748395827946e-06,7.226576888615085e-07,2.1340844515726572e-05,5.923674571075756,1.072540809654957,0.0
256,3728,4.090789085607048,7.000206420848013e-06,1.1817333261957021e-06,1.2134549628949578e-05,7.369212937770495e-07,7.361222742474638e-11,5.429687590918437e-13,3.597775296172293e-06,7.131484947096714e-07,2.1059413939329187e-05,5.92367460310064,1.0725408019221376,0.0
256,3732,4.0951783442825915,6.908337774382829e-06,1.1662246062189492e-06,1.1974927121600207e-05,7.272275492023679e-07,7.173639460233971e-11,5.291324895551403e-13,3.550436542345923e-06,7.03765040143005e-07,2.0781713550370883e-05,5.923674634685295,1.0725407942827019,0.0
256,3736,4.099567602958135,6.81768039025108e-06,1.1509203643647163e-06,1.181741455275509e-05,7.176619394707492e-07,6.986056177993305e-11,5.15296220018437e-13,3.5037237019139874e-06,6.945056536901906e-07,2.0507693632525056e-05,5.923674665835805,1.0725407867355388,0.0
256,3740,4.10395686163368,6.728218217452139e-06,1.1358178909982837e-06,1.166198388548307e-05,7.082227619222502e-07,6.80415723763872e-11,5.018792313767853e-13,3.457628455206678e-06,6.853686862321166e-07,2.023730513483999e-05,5.92367469655817,1.0725407792795498,0.0
256,3744,4.108346120309224,6.6399354187065145e-06,1.1209145125640668e-06,1.1508607457280502e-05,6.98908336635605e-07,6.616573955398053e-11,4.880429618400819e-13,3.4121425936976923e-06,6.763525106804591e-07,1.9970499670709407e-05,5.923674726858307,1.07254077191365,0.0
256,3748,4.112735378984768,6.552816367997574e-06,1.1062075911706238e-06,1.1357257975751782e-05,6.897170061659068e-07,6.440359356929548e-11,4.750452540934817e-13,3.3672580187216643e-06,6.674555217234521e-07,1.9707229505817213e-05,5.923674756742049,1.072540764636766,0.0
256,3752,4.117124637660312,6.4668456472306095e-06,1.091694524026658e-06,1.120790851271929e-05,6.806471351869096e-07,6.281197784119286e-11,4.633053890320365e-13,3.3229667397245803e-06,6.586761354790856e-07,1.944744753128418e-05,5.923674786215151,1.072540757447838,0.0
256,3756,4.121513896335856,6.3820080438543646e-06,1.0773727430395e-06,1.1060532500079163e-05,6.716971102393526e-07,6.116351869422942e-11,4.5114624307553963e-13,3.2792608730343713e-06,6.500127892514141e-07,1.9191107280886143e-05,5.923674815283284,1.0725407503458182,0.0
256,3760,4.1259031550114,6.298288547763653e-06,1.063239714292225e-06,1.0915103724340948e-05,6.628653393993586e-07,5.95719029661268e-11,4.3940637801409436e-13,3.2361326402389874e-06,6.414639412090589e-07,1.893816290650519e-05,5.923674843952043,1.0725407433296703,0.0
256,3764,4.130292413686944,6.2156723489348174e-06,1.0492929376444847e-06,1.0771596322449439e-05,6.541502520246961e-07,5.792344381916337e-11,4.2724723205759746e-13,3.1935743669450133e-06,6.330280701391423e-07,1.868856918084003e-05,5.923674872226945,1.0725407363983708,0.0
256,3768,4.134681672362488,6.13414483463584e-06,1.035529946261535e-06,1.0629984776905351e-05,6.455502984584631e-07,5.644551492878236e-11,4.1634592878625543e-13,3.1515784813295934e-06,6.247036751602509e-07,1.8442281469188198e-05,5.923674900113431,1.0725407295509086,0.0
256,3772,4.139070931038032,6.0536915864762205e-06,1.0219483061162153e-06,1.0490243910608868e-05,6.370639497159391e-07,5.502442945726216e-11,4.05863906409965e-13,3.1101375126102006e-06,6.164892754191142e-07,1.8199255749261348e-05,5.9236749276168625,1.0725407227862833,0.0
256,3776,4.1434601897135765,5.974298378366253e-06,1.008545615644443e-06,1.0352348883208929e-05,6.286896972628811e-07,5.354650056688115e-11,3.94962603138623e-13,3.0692440899585253e-06,6.083834098753168e-07,1.7959448575342465e-05,5.923674954742533,1.0725407161035072,0.0
256,3780,4.14784944838912,5.895951173391922e-06,9.95319505217654e-07,1.0216275185668847e-05,6.204260526854974e-07,5.212541509536095e-11,3.844805807623326e-13,3.0288909408886795e-06,6.003846369818089e-07,1.7722817100570792e-05,5.9236749814956555,1.0725407095016037,0.0
256,3784,4.152238707064664,5.8186361216002615e-06,9.8226763676894e-07,1.008199863634408e-05,6.122715474522536e-07,5.076117304270156e-11,3.7441783928109373e-13,2.989070890091572e-06,5.924915344538571e-07,1.748931903597122e-05,5.923675007881376,1.0725407029796075,0.0
256,3788,4.156627965740208,5.742339557428669e-06,9.693877033590795e-07,9.949495376488603e-06,6.042247326409793e-07,4.951061782776378e-11,3.651936595899582e-13,2.949776858101361e-06,5.8470269900471e-07,1.7258912663639e-05,5.923675033904766,1.0725406965365647,0.0
256,3792,4.161017224415753,5.667047997231753e-06,9.566774287590361e-07,9.81874186588764e-06,5.962841786736465e-07,4.8260062612826005e-11,3.5596947989882263e-13,2.9110018599979855e-06,5.770167460884141e-07,1.703155683312218e-05,5.923675059570828,1.0725406901715329,0.0
256,3796,4.165406483091297,5.5927481367247264e-06,9.441345670183663e-07,9.689714878402218e-06,5.884484750457943e-07,4.695266397902742e-11,3.463260193126354e-13,2.872739004085395e-06,5.694323096378142e-07,1.6807210927496488e-05,5.9236750848844935,1.0725406838835796,0.0
256,3800,4.1697957417668405,5.519426848912266e-06,9.317569021155827e-07,9.562391498269908e-06,5.807162301018763e-07,4.575895218295045e-11,3.375211205165515e-13,2.8349814907911774e-06,5.619480418464379e-07,1.6585834886801113e-05,5.923675109850628,1.072540677671785,0.0
256,3804,4.174185000442384,5.447071181337552e-06,9.195422474937524e-07,9.436749115341396e-06,5.730860707459805e-07,4.4565240386873484e-11,3.2871622172046755e-13,2.797722611254434e-06,5.545626128885854e-07,1.636738919027449e-05,5.923675134474028,1.0725406715352384,0.0
256,3808,4.178574259117928,5.375668353984717e-06,9.074884457064014e-07,9.312765421339012e-06,5.655566422146141e-07,4.3428372009657323e-11,3.203306038194352e-13,2.760955746213013e-06,5.472747106987573e-07,1.6151834829650276e-05,5.923675158759422,1.0725406654730412,0.0
256,3812,4.182963517793473,5.305205756859454e-06,8.955933680090872e-07,9.190418405663001e-06,5.581266078220207e-07,4.217781679471955e-11,3.1110642412829964e-13,2.724674364760116e-06,5.400830407251911e-07,1.5939133341654034e-05,5.923675182711475,1.072540659484304,0.0
256,3816,4.187352776469017,5.235670947668945e-06,8.838549139677378e-07,9.069686351267218e-06,5.507946487097151e-07,4.121147867408581e-11,3.0397864891242214e-13,2.688872023118127e-06,5.329863256868088e-07,1.572924675916659e-05,5.923675206334787,1.072540653568149,0.0
256,3820,4.191742035144561,5.167051649718562e-06,8.722710111035853e-07,8.950547831007686e-06,5.43559463624734e-07,4.007461029686965e-11,2.955930310113898e-13,2.65354236355582e-06,5.259833053585884e-07,1.5522137629660847e-05,5.923675229633893,1.0725406477237076,0.0
256,3824,4.1961312938201045,5.099335749759558e-06,8.60839614529826e-07,8.832981703823521e-06,5.364197686877072e-07,3.89945853385143e-11,2.876266940054091e-13,2.6186791132531514e-06,5.190727363465417e-07,1.531776899754395e-05,5.923675252613266,1.0725406419501224,0.0
256,3828,4.200520552495648,5.032511295414469e-06,8.495587065169923e-07,8.716967110235732e-06,5.293742971195026e-07,3.7971403799019754e-11,2.8007963789448e-13,2.584276082965446e-06,5.122533918229327e-07,1.5116104412528596e-05,5.923675275277316,1.0725406362465453,0.0
256,3832,4.204909811171193,4.966566493498211e-06,8.384262962095294e-07,8.602483469409857e-06,5.22421799062843e-07,3.694822225952521e-11,2.725325817835509e-13,2.550327166151619e-06,5.055240613534723e-07,1.4917107903109741e-05,5.923675297630394,1.0725406306121386,0.0
256,3836,4.209299069846737,4.901489707584174e-06,8.274404192149186e-07,8.489510474862206e-06,5.155610413215498e-07,3.5925040720030665e-11,2.649855256726218e-13,2.5168263376986687e-06,4.988835506444888e-07,1.4720743980734593e-05,5.923675319676788,1.072540625046074,0.0
256,3840,4.213688328522281,4.837269456082568e-06,8.165991372792749e-07,8.378028091085425e-06,5.08790807155616e-07,3.5072389437118545e-11,2.5869631224684753e-13,2.4837676529197717e-06,4.923306813443314e-07,1.452697763447231e-05,5.923675341420728,1.0725406195475342,0.0
256,3844,4.218077587197825,4.7738944099587664e-06,8.059005379021706e-07,8.2680165495821e-06,5.0210989604033e-07,3.4219738154206425e-11,2.524070988210733e-13,2.451145246377924e-06,4.858642908101929e-07,1.433577431466827e-05,5.923675362866385,1.0725406141157094,0.0
256,3848,4.222466845873369,4.7113533909478705e-06,7.953427340352295e-07,8.159456345674422e-06,4.955171234725301e-07,3.325340003357269e-11,2.452793236051958e-13,2.418953330936907e-06,4.794832319199928e-07,1.4147099942043467e-05,5.923675384017873,1.072540608749801,0.0
256,3852,4.226856104548913,4.649635369248146e-06,7.849238636927464e-07,8.052328234490156e-06,4.890113207268343e-07,3.2457592169521376e-11,2.3940939107447314e-13,2.3871861965706598e-06,4.7318637283637207e-07,1.3960920889483e-05,5.923675404879246,1.0725406034490192,0.0
256,3856,4.231245363224457,4.588729461892078e-06,7.746420896766974e-07,7.946613228091055e-06,4.825913346812527e-07,3.1604940886609256e-11,2.3312017764869893e-13,2.355838209510312e-06,4.669725968376181e-07,1.3777203979588776e-05,5.923675425454506,1.0725405982125835,0.0
256,3860,4.235634621900001,4.528624930484454e-06,7.644955991948981e-07,7.842292591519646e-06,4.7625602757711064e-07,3.0809133022557944e-11,2.2725024511797627e-13,2.32490381107104e-06,4.608408020851258e-07,1.359591648053816e-05,5.923675445747595,1.0725405930397227,0.0
256,3864,4.240023880575545,4.469311179333589e-06,7.544826035455262e-07,7.739347839487762e-06,4.7000427681794705e-07,2.9899638320785016e-11,2.2054175079715042e-13,2.2943775166678907e-06,4.54789901428314e-07,1.3417026092072058e-05,5.923675465762405,1.0725405879296748,0.0
256,3868,4.2444131392510895,4.410777753597315e-06,7.446013378041402e-07,7.637760733142456e-06,4.638349747731105e-07,2.927436071331613e-11,2.1592966095158262e-13,2.2642539148562393e-06,4.488188222144263e-07,1.3240500948778502e-05,5.923675485502771,1.0725405828816865,0.0
256,3872,4.248802397926633,4.353014337513369e-06,7.348500605249427e-07,7.5375132769711814e-06,4.5774702858981334e-07,2.8421709430404007e-11,2.0964044752580836e-13,2.234527666413324e-06,4.4292650610647346e-07,1.3066309617502298e-05,5.923675504972475,1.0725405778950132,0.0
256,3876,4.253191656602177,4.29601075230942e-06,7.252270533879642e-07,7.438587715113707e-06,4.5173935996915747e-07,2.7682744985213503e-11,2.0418979589013735e-13,2.205193503242622e-06,4.3711190886605923e-07,1.2894421082446159e-05,5.923675524175247,1.0725405729689197,0.0
256,3880,4.257580915277721,4.239756954459424e-06,7.157306209047112e-07,7.340966528309369e-06,4.4581090498074344e-07,2.688693712116219e-11,1.983198633594147e-13,2.1762462274677503e-06,4.313740001737742e-07,1.2724804733625207e-05,5.923675543114767,1.0725405681026787,0.0
256,3884,4.261970173953266,4.184243033870007e-06,7.063590901120024e-07,7.244632430710119e-06,4.399606138691293e-07,2.6261659513693303e-11,1.9370777351384693e-13,2.147680710486157e-06,4.257117634416191e-07,1.2557430382569232e-05,5.923675561794661,1.0725405632955725,0.0
256,3888,4.26635943262881,4.129459212263226e-06,6.971108102989551e-07,7.149568367049654e-06,4.3418745088191447e-07,2.55226950685028e-11,1.8825712187817592e-13,2.1194918921288973e-06,4.2012419564645645e-07,1.239226822851329e-05,5.923675580218506,1.0725405585468906,0.0
256,3892,4.2707486913043535,4.075395841114319e-06,6.879841526588492e-07,7.055757509040409e-06,4.2849039405093156e-07,2.495426087989472e-11,1.8406431292765976e-13,2.0916747795914542e-06,4.146103071180782e-07,1.2229288893521587e-05,5.923675598389831,1.0725405538559318,0.0
256,3896,4.275137949979897,4.022043400227735e-06,6.78977510048741e-07,6.96318325283418e-06,4.228684350380327e-07,2.4158453015843406e-11,1.7819438039693713e-13,2.0642244466785124e-06,4.091691213895056e-07,1.2068463367840017e-05,5.9236756163121145,1.0725405492220028,0.0
256,3900,4.279527208655441,3.969392495736475e-06,6.700892966517235e-07,6.871829215532139e-06,4.173205789231449e-07,2.3646862246096134e-11,1.7442085234147257e-13,2.0371360327684903e-06,4.0379967499173935e-07,1.190976304161233e-05,5.923675633988785,1.0725405446444187,0.0
256,3904,4.283916467330986,3.917433858572189e-06,6.613179477186575e-07,6.781679232519421e-06,4.118458440424024e-07,2.3021584638627246e-11,1.698087624959048e-13,2.010404742022843e-06,3.985010172970282e-07,1.1753159681206362e-05,5.9236756514232285,1.0725405401225026,0.0
256,3908,4.28830572600653,3.86615834284937e-06,6.526619192954005e-07,6.692717354616368e-06,4.0644326181514354e-07,2.2396307031158358e-11,1.65196672650337e-13,1.9840258425398627e-06,3.9327221035113597e-07,1.1598625439279165e-05,5.92367566861878,1.0725405356555853,0.0
256,3912,4.292694984682074,3.815556924067491e-06,6.441196879193023e-07,6.604927844912085e-06,4.011118765516154e-07,2.1827872842550278e-11,1.6100386369982084e-13,1.9579946654142205e-06,3.881123286869244e-07,1.1446132832117937e-05,5.923675685578729,1.072540531243006,0.0
256,3916,4.2970842433576175,3.765620697643389e-06,6.35689750371451e-07,6.518295176202054e-06,3.95850745297362e-07,2.1259438653942198e-11,1.5681105474930466e-13,1.9323066039766477e-06,3.8302045917364363e-07,1.1295654744008294e-05,5.923675702306321,1.0725405268841117,0.0
256,3920,4.301473502033161,3.716340877143882e-06,6.273706233783138e-07,6.432804027894806e-06,3.906589376453696e-07,2.0691004465334117e-11,1.526182457987885e-13,1.9069571128758248e-06,3.7799570083494435e-07,1.1147164423783672e-05,5.923675718804754,1.0725405225782567,0.0
256,3924,4.305862760708706,3.66770879289715e-06,6.19160843377318e-07,6.348439283557962e-06,3.8553553558703883e-07,2.0122570276726037e-11,1.4842543684827232e-13,1.8819417073492693e-06,3.7303716470435416e-07,1.100063548191786e-05,5.923675735077183,1.0725405183248033,0.0
256,3928,4.31025201938425,3.6197158902700545e-06,6.110589662260392e-07,6.265186027916753e-06,3.804796333299081e-07,1.9610979506978765e-11,1.446519087928078e-13,1.8572559623329292e-06,3.6814397364878173e-07,1.0856041870236068e-05,5.923675751126722,1.072540514123121,0.0
256,3932,4.314641278059794,3.572353728117542e-06,6.030635669404381e-07,6.183029544122781e-06,3.754903371317872e-07,1.9099388737231493e-11,1.4087838073734323e-13,1.8328955116499735e-06,3.633152622077193e-07,1.0713357895722597e-05,5.923675766956437,1.0725405099725869,0.0
256,3936,4.319030536735338,3.525613977516957e-06,5.951732394811949e-07,6.101955311532074e-06,3.7056676516582076e-07,1.858779796748422e-11,1.3710485268187867e-13,1.8088560473510967e-06,3.5855017646247824e-07,1.0572558206925573e-05,5.923675782569356,1.0725405058725854,0.0
256,3940,4.323419795410882,3.4794884200443166e-06,5.873865964627207e-07,6.021949002692577e-06,3.657080473375405e-07,1.807620719773695e-11,1.3333132462641414e-13,1.7851333188205354e-06,3.5384787385898466e-07,1.0433617794169356e-05,5.923675797968461,1.0725405018225085,0.0
256,3944,4.327809054086426,3.433968946397699e-06,5.797022689207655e-07,5.942996480916542e-06,3.609133251374391e-07,1.7621459846850485e-11,1.299770774660012e-13,1.7617231320549507e-06,3.492075230648395e-07,1.0296511972488209e-05,5.923675813156696,1.0725404978217554,0.0
256,3948,4.33219831276197,3.3890475546960222e-06,5.721189060252279e-07,5.865083797311554e-06,3.5618175146066644e-07,1.722355591482483e-11,1.2704211120063988e-13,1.738621348782507e-06,3.446283037947032e-07,1.0161216400161804e-05,5.923675828136962,1.0725404938697318,0.0
256,3952,4.336587571437514,3.3447163493838934e-06,5.646351748952793e-07,5.78819718885637e-06,3.5151249049017684e-07,1.6768808563938364e-11,1.2368786404022694e-13,1.7158238858915266e-06,3.401094066970442e-07,1.0027707043407211e-05,5.923675842912123,1.072540489965851,0.0
256,3956,4.340976830113058,3.3009675398101967e-06,5.572497603594085e-07,5.7123230758930085e-06,3.4690471754442585e-07,1.63140612130519e-11,1.20333616879814e-13,1.6933267146854848e-06,3.3565003320646415e-07,9.89596020331932e-06,5.923675857484998,1.0725404861095336,0.0
256,3960,4.3453660887886025,3.257793438537544e-06,5.499613646700337e-07,5.6374480591888066e-06,3.4235761889895145e-07,1.5973000699887052e-11,1.178179315095043e-13,1.6711258600116926e-06,3.312493953709864e-07,9.765952494316717e-06,5.923675871858373,1.072540482300206,0.0
256,3964,4.349755347464146,3.215186460007318e-06,5.427687072781431e-07,5.563558917575045e-06,3.3787039164296946e-07,1.546140993013978e-11,1.1404440345403974e-13,1.6492173995596223e-06,3.269067157129703e-07,9.637660833454169e-06,5.923675886034993,1.0725404785373023,0.0
256,3968,4.35414460613969,3.173139119569452e-06,5.356705246695075e-07,5.490642606253748e-06,3.33442243576547e-07,1.5063505998114124e-11,1.1110943718867844e-13,1.6275974633585201e-06,3.226212271295285e-07,9.511062463852681e-06,5.923675900017563,1.072540474820263,0.0
256,3972,4.358533864815234,3.1316440317249196e-06,5.286655700679885e-07,5.418686253726225e-06,3.2907239302407534e-07,1.4779288903810084e-11,1.0901303271342035e-13,1.606262232865932e-06,3.1839217271185525e-07,9.38613490953982e-06,5.9236759138087525,1.072540471148535,0.0
256,3976,4.362923123490778,3.0906939088279957e-06,5.217526132164615e-07,5.347677159489665e-06,3.24760068694386e-07,1.4267698134062812e-11,1.052395046579558e-13,1.585207940283002e-06,3.1421880560950513e-07,9.262856012438293e-06,5.923675927411194,1.0725404675215722,0.0
256,3980,4.367312382166323,3.0502815601868875e-06,5.149304402249897e-07,5.277602792501845e-06,3.2050450958751353e-07,1.3983481039758772e-11,1.0314310018269772e-13,1.5644308681000576e-06,3.101003889403193e-07,9.14120390165961e-06,5.923675940827485,1.072540463938835,0.0
256,3984,4.3717016408418665,3.0103998902415973e-06,5.081978532632215e-07,5.208450787953224e-06,3.1630496479866774e-07,1.3585577107733116e-11,1.002081339173364e-13,1.5439273481372844e-06,3.0603619560026887e-07,9.021157006529631e-06,5.923675954060184,1.0725404603997895,0.0
256,3988,4.37609089951741,2.9710418976040843e-06,5.015536703983568e-07,5.140208945591496e-06,3.121606934164848e-07,1.3244516594568267e-11,9.769244854702671e-14,1.5236937610476022e-06,3.020255081649152e-07,8.902694033116356e-06,5.923675967111816,1.072540456903909,0.0
256,3992,4.380480158192954,2.9322006736823294e-06,4.949967253628692e-07,5.072865227326394e-06,3.0807096437756936e-07,1.2789769243681803e-11,9.433820138661377e-14,1.5037265356061805e-06,2.9806761874857835e-07,8.785793972999485e-06,5.923675979984871,1.0725404534506726,0.0
256,3996,4.384869416868499,2.8938694014664236e-06,4.885258673495811e-07,5.0064077550837516e-06,3.04035056336173e-07,1.2505552149377763e-11,9.224179691135568e-14,1.4840221480728198e-06,2.941618288779485e-07,8.670436106868002e-06,5.923675992681805,1.0725404500395657,0.0
256,4000,4.389258675544043,2.8560413544907588e-06,4.821399608364665e-07,4.9408248089823486e-06,3.00052257553476e-07,1.2221335055073723e-11,9.01453924360976e-14,1.4645771216506166e-06,2.9030744938478295e-07,8.556599981486767e-06,5.923676005205038,1.0725404466700799,0.0
256,4004,4.393647934219587,2.8187098952891417e-06,4.75837885325853e-07,4.87610482466997e-06,2.961218657358082e-07,1.1880274541908875e-11,8.76297070657879e-14,1.445388025696594e-06,2.865038002494381e-07,8.444265421988324e-06,5.923676017556958,1.0725404433417123,0.0
256,4008,4.3980371928951305,2.7818684744993397e-06,4.696185351932559e-07,4.8122363916889705e-06,2.9224318793539065e-07,1.1539214028744027e-11,8.51140216954782e-14,1.4264514752344037e-06,2.827502105042775e-07,8.333412519402851e-06,5.923676029739922,1.0725404400539669,0.0
256,4012,4.402426451570674,2.7455106295556296e-06,4.634808194666626e-07,4.749208251229556e-06,2.8841554041389514e-07,1.1311840353300795e-11,8.343689811527174e-14,1.4077641302888526e-06,2.7904601810176175e-07,8.224021635598288e-06,5.923676041756251,1.0725404368063531,0.0
256,4016,4.406815710246219,2.7096299836024936e-06,4.57423661643149e-07,4.6870092942144105e-06,2.846382485261243e-07,1.1084466677857563e-11,8.175977453506527e-14,1.3893226953169488e-06,2.7539056980167156e-07,8.116073389122926e-06,5.923676053608234,1.0725404335983861,0.0
256,4020,4.411204968921763,2.67422024421411e-06,4.514459994727114e-07,4.625628559063132e-06,2.80910646584248e-07,1.0686562745831907e-11,7.882480826970395e-14,1.37112391854456e-06,2.717832210396201e-07,8.009548660236375e-06,5.923676065298133,1.072540430429587,0.0
256,4024,4.415594227597307,2.63927520230605e-06,4.4554678477454577e-07,4.565055229766474e-06,2.7723207774085363e-07,1.0402345651527867e-11,7.672840379444586e-14,1.3531645913941598e-06,2.682233358136215e-07,7.904428573840974e-06,5.923676076828172,1.0725404272994823,0.0
256,4028,4.419983486272851,2.6047887312172533e-06,4.397249832820723e-07,4.505278634294122e-06,2.736018938922516e-07,1.0174971976084635e-11,7.50512802142394e-14,1.3354415480127206e-06,2.647102865905101e-07,7.800694523650547e-06,5.9236760882005495,1.0725404242076046,0.0
256,4032,4.424372744948395,2.57075478534805e-06,4.339795744130141e-07,4.446288242205821e-06,2.700194555334009e-07,9.947598300641403e-12,7.337415663403293e-14,1.3179516645625213e-06,2.6124345416536467e-07,7.698328136986372e-06,5.923676099417432,1.072540421153492,0.0
256,4036,4.428762003623939,2.537167399343828e-06,4.2830955113158923e-07,4.388073663226193e-06,2.6648413167135926e-07,9.606537787476555e-12,7.085847126372324e-14,1.3006918587982633e-06,2.57822227577685e-07,7.597311296907399e-06,5.9236761104809545,1.0725404181366875,0.0
256,4040,4.433151262299483,2.5040206867446863e-06,4.227139197205527e-07,4.330624644848803e-06,2.6299529967977984e-07,9.43600753089413e-12,6.960062857856839e-14,1.2836590893548876e-06,2.5444600397022305e-07,7.497626115525105e-06,5.923676121393226,1.0725404151567404,0.0
256,4044,4.437540520975027,2.471308839109682e-06,4.171916996333573e-07,4.273931070851673e-06,2.5955234520875953e-07,9.15179043659009e-12,6.75042241033103e-14,1.2668503553085477e-06,2.5111418850195975e-07,7.3992549522896595e-06,5.923676132156322,1.0725404122132047,0.0
256,4048,4.441929779650571,2.439026124992778e-06,4.117419233212793e-07,4.217982959457696e-06,2.561546620731225e-07,8.810729923425242e-12,6.49885387330006e-14,1.250262695629071e-06,2.478261942395719e-07,7.30218040162139e-06,5.923676142772293,1.07254040930564,0.0
256,4052,4.4463190383261155,2.407166888817024e-06,4.06363636043364e-07,4.162770461396817e-06,2.5280165213473816e-07,8.58335624798201e-12,6.331141515279413e-14,1.2338931886058712e-06,2.445814420436373e-07,7.206385282688926e-06,5.923676153243161,1.0725404064336117,0.0
256,4056,4.450708297001659,2.3757255499507053e-06,4.010558957104668e-07,4.108283858274584e-06,2.494927252034444e-07,8.469669410260394e-12,6.24728533626909e-14,1.2177389513632543e-06,2.413793604725587e-07,7.1118526494678655e-06,5.923676163570915,1.072540403596689,0.0
256,4060,4.455097555677203,2.344696601692825e-06,3.958177727139885e-07,4.054513560775697e-06,2.462272989279505e-07,8.128608897095546e-12,5.995716799238119e-14,1.2017971393265428e-06,2.382193856767395e-07,7.018565785876179e-06,5.923676173757524,1.0725404007944477,0.0
256,4064,4.459486814352747,2.3140746101530754e-06,3.906483497367984e-07,4.001450106734079e-06,2.4300479867863447e-07,7.958078640513122e-12,5.869932530722634e-14,1.1860649456502604e-06,2.3510096128523895e-07,6.926508185663243e-06,5.923676183804925,1.0725403980264678,0.0
256,4068,4.463876073028291,2.2838542135657224e-06,3.855467216374088e-07,3.949084159928182e-06,2.3982465747438254e-07,7.73070496506989e-12,5.702220172701987e-14,1.1705396008604446e-06,2.3202353833487146e-07,6.835663572988536e-06,5.92367619371503,1.0725403952923342,0.0
256,4072,4.468265331703836,2.254030120937517e-06,3.805119952217229e-07,3.897406507688879e-06,2.3668631583731895e-07,7.673861546209082e-12,5.660292083196826e-14,1.1552183721438242e-06,2.2898657512930803e-07,6.746015882718101e-06,5.923676203489723,1.0725403925916375,0.0
256,4076,4.4726545903793795,2.224597111578459e-06,3.755432891638213e-07,3.846408060091834e-06,2.335892217437585e-07,7.389644451905042e-12,5.4506516356710174e-14,1.1400985631085554e-06,2.2598953719164932e-07,6.657549271466327e-06,5.923676213130865,1.0725403899239727,0.0
256,4080,4.477043849054923,2.1955500338656026e-06,3.706397337972753e-07,3.7960798477958753e-06,2.3053283049293345e-07,7.16227077646181e-12,5.282939277650371e-14,1.1251775131427082e-06,2.230318971372655e-07,6.570248096457026e-06,5.923676222640287,1.0725403872889399,0.0
256,4084,4.481433107730467,2.1668838041753105e-06,3.65800470934896e-07,3.7464130201821807e-06,2.2751660459398729e-07,6.991740519879386e-12,5.157155009134886e-14,1.1104525968622276e-06,2.2011313456437143e-07,6.484096927970713e-06,5.923676232019799,1.0725403846861434,0.0
256,4088,4.485822366406012,2.138593406417574e-06,3.610246537901211e-07,3.6973988445112615e-06,2.2454001371477917e-07,6.821210263296962e-12,5.031370740619401e-14,1.095921223859811e-06,2.1723273600424916e-07,6.399080548022333e-06,5.923676241271184,1.0725403821151933,0.0
256,4092,4.490211625081556,2.1106738907088873e-06,3.563114467529774e-07,3.6490287036275495e-06,2.216025345424855e-07,6.650680006714538e-12,4.905586472103916e-14,1.0815808380245122e-06,2.143901947863805e-07,6.31518392641844e-06,5.923676250396199,1.0725403795757031,0.0
256,4096,4.4946008837571,2.08312037285106e-06,3.51660025302097e-07,3.601294095024469e-06,2.1870365072682237e-07,6.480149750132114e-12,4.779802203588431e-14,1.0674289172635093e-06,2.115850109832961e-07,6.232392250000566e-06,5.92367625939658,1.0725403770672919,0.0
256,4100,4.4989901424326435,2.055928033116435e-06,3.4706957579964515e-07,3.5541866287464325e-06,2.1584285275263547e-07,6.30961949354969e-12,4.654017935072946e-14,1.0534629728803267e-06,2.0881669128732678e-07,6.150690888008239e-06,5.923676268274037,1.0725403745895825,0.0
256,4104,4.503379401108187,2.029092115647703e-06,3.425392953900003e-07,3.5076980262987288e-06,2.1301963787369854e-07,6.195932655828074e-12,4.5701617560626226e-14,1.039680549249989e-06,2.0608474894621298e-07,6.070065413029569e-06,5.923676277030256,1.0725403721422029,0.0
256,4108,4.507768659783732,2.0026079275661252e-06,3.3806839184920955e-07,3.461820119118337e-06,2.1023351001984722e-07,5.9685589803848416e-12,4.4024493980419756e-14,1.0260792233661873e-06,2.0338870367334432e-07,5.990501588322202e-06,5.923676285666902,1.0725403697247857,0.0
256,4112,4.512157918459276,1.976470838058682e-06,3.336560834308867e-07,3.4165448469729707e-06,2.0748397969975412e-07,5.8548721426632255e-12,4.318593219031653e-14,1.0126566043660002e-06,2.007280815535502e-07,5.911985364817832e-06,5.923676294185616,1.0725403673369671,0.0
256,4116,4.51654717713482,1.9506762775009984e-06,3.293015987181494e-07,3.371864256402377e-06,2.0477056390627033e-07,5.6843418860808015e-12,4.192808950516167e-14,9.994103330664932e-07,1.981024149512447e-07,5.834502879163077e-06,5.923676302588012,1.0725403649783884,0.0
256,4120,4.520936435810364,1.925219736902635e-06,3.250041765299769e-07,3.327770499781098e-06,2.020927860595077e-07,5.6274984672199935e-12,4.150880861011006e-14,9.863380816876412e-07,1.9551124245550463e-07,5.758040458238821e-06,5.92367631087569,1.0725403626486947,0.0
256,4124,4.525325694485908,1.9000967667076047e-06,3.2076306571871997e-07,3.284255833182636e-06,1.9945017587713113e-07,5.343281372915953e-12,3.9412404134851975e-14,9.734375532172113e-07,1.9295410875417695e-07,5.6825845997165934e-06,5.923676319050222,1.0725403603475356,0.0
256,4128,4.529714953161452,1.8753029762626525e-06,3.1657752508033934e-07,3.2413126154947925e-06,1.9684226932063422e-07,5.343281372915953e-12,3.9412404134851975e-14,9.607064811496952e-07,1.9043056458213017e-07,5.608121996131186e-06,5.92367632711316,1.0725403580745645,0.0
256,4132,4.534104211836996,1.8508340330903018e-06,3.1244682323168547e-07,3.1989333070919876e-06,1.9426860851470985e-07,5.115907697472721e-12,3.7735280554645505e-14,9.481426290904357e-07,1.879401666427846e-07,5.534639503987449e-06,5.923676335066035,1.0725403558294397,0.0
256,4136,4.53849347051254,1.826685662027733e-06,3.083702384651293e-07,3.1571104683754635e-06,1.917287416585983e-07,4.945377440890297e-12,3.6477437869490656e-14,9.357437903239053e-07,1.8548247752253677e-07,5.4621241618878265e-06,5.923676342910355,1.072540353611823,0.0
256,4140,4.542882729188084,1.8028536443623045e-06,3.0434705860262605e-07,3.115836758233648e-06,1.8922222293258617e-07,4.774847184307873e-12,3.521959518433581e-14,9.235077873558605e-07,1.8305706560000563e-07,5.390563177290274e-06,5.92367635064761,1.0725403514213805,0.0
256,4144,4.5472719878636285,1.7793338171422933e-06,3.0037658087935845e-07,3.0751049328483396e-06,1.8674861242550708e-07,4.831690603168681e-12,3.563887607938742e-14,9.11432471559426e-07,1.8066350497587966e-07,5.319943928814055e-06,5.923676358279269,1.072540349257782,0.0
256,4148,4.551661246539172,1.7561220725336138e-06,2.9645811183514174e-07,3.0349078445655872e-06,1.8430747606617105e-07,4.661160346586257e-12,3.438103339423257e-14,8.995157228398591e-07,1.7830137540646656e-07,5.250253958795858e-06,5.923676365806776,1.0725403471207018,0.0
256,4152,4.556050505214716,1.7332143570467228e-06,2.925909671839146e-07,2.9952384405293713e-06,1.8189838554038915e-07,4.433786671143025e-12,3.2703909814026103e-14,8.87755449228589e-07,1.7597026222322413e-07,5.181480987533003e-06,5.923676373231564,1.0725403450098179,0.0
256,4156,4.56043976389026,1.710606670665888e-06,2.8877447166674715e-07,2.9560897611965485e-06,1.795209182007872e-07,4.376943252282217e-12,3.228462891897449e-14,8.761495864437165e-07,1.7366975624564282e-07,5.113612882950446e-06,5.9236763805550385,1.0725403429248117,0.0
256,4160,4.564829022565804,1.6882950663762072e-06,2.850079589719954e-07,2.9174549394689557e-06,1.7717465701409923e-07,4.263256414560601e-12,3.1446067128871254e-14,8.6469609763111e-07,1.7139945372992584e-07,5.046637687110349e-06,5.923676387778589,1.0725403408653689,0.0
256,4164,4.569218281241349,1.666275649312247e-06,2.8129077159157924e-07,2.8793271992154744e-06,1.748591904714136e-07,4.092726157978177e-12,3.0188224443716405e-14,8.533929729261429e-07,1.691589562821172e-07,4.980543591384803e-06,5.923676394903585,1.072540338831179,0.0
256,4168,4.5736075399168925,1.644544576122302e-06,2.7762226071366074e-07,2.8416998541683816e-06,1.7257411252114944e-07,4.035882739117369e-12,2.976894354866479e-14,8.422382291264231e-07,1.669478707932303e-07,4.915318949502105e-06,5.923676401931377,1.0725403368219353,0.0
256,4172,4.577996798592436,1.623098054145964e-06,2.7400178608380593e-07,2.80456630648607e-06,1.7031902248177157e-07,3.922195901395753e-12,2.8930381758561557e-14,8.312299092652691e-07,1.6476580935470278e-07,4.850952268624196e-06,5.923676408863297,1.072540334837334,0.0
256,4176,4.58238605726798,1.601932340854049e-06,2.7042871591043677e-07,2.767920045761166e-06,1.6809352498155447e-07,3.865352482534945e-12,2.8511100863509936e-14,8.203660823169373e-07,1.6261238919996665e-07,4.787432206595154e-06,5.923676415700661,1.0725403328770757,0.0
256,4180,4.586775315943525,1.5810437433665287e-06,2.669024267834512e-07,2.7317546481760648e-06,1.658972299072987e-07,3.694822225952521e-12,2.7253258178355087e-14,8.096448429459577e-07,1.60487232654762e-07,4.72474757795749e-06,5.923676422444762,1.0725403309408648,0.0
256,4184,4.591164574619069,1.560428617457731e-06,2.6342230350628716e-07,2.696063774787498e-06,1.637297523001539e-07,3.581135388230905e-12,2.6414696388251856e-14,7.990643109988214e-07,1.5838996703637955e-07,4.662887337522925e-06,5.92367642909688,1.0725403290284083,0.0
256,4188,4.595553833294613,1.540083366980814e-06,2.5998773899876523e-07,2.6608411704897443e-06,1.6159071229265554e-07,3.581135388230905e-12,2.6414696388251856e-14,7.886226311952967e-07,1.563202245924736e-07,4.601840598421023e-06,5.923676435658274,1.0725403271394178,0.0
256,4192,4.5999430919701565,1.5200044434192425e-06,2.5659813422137197e-07,2.6260806632478414e-06,1.5947973506215844e-07,3.410605131648481e-12,2.5156853703097003e-14,7.783179729014364e-07,1.542776424560677e-07,4.541596602647635e-06,5.923676442130188,1.0725403252736077,0.0
256,4196,4.6043323506457,1.500188345102391e-06,2.5325289804284266e-07,2.5917761627169033e-06,1.573964507469891e-07,3.353761712787673e-12,2.473757280804539e-14,7.681485297195311e-07,1.5226186256427537e-07,4.4821447470141e-06,5.923676448513848,1.0725403234306956,0.0
256,4200,4.608721609321245,1.4806316167425618e-06,2.499514471620032e-07,2.557921659439571e-06,1.5534049439770754e-07,3.183231456205249e-12,2.3479730122890537e-14,7.581125192501612e-07,1.5027253161113438e-07,4.423474564472789e-06,5.923676454810461,1.0725403216104032,0.0
256,4204,4.613110867996789,1.46133084855975e-06,2.466932059600183e-07,2.524511223305207e-06,1.5331150588353538e-07,3.183231456205249e-12,2.3479730122890537e-14,7.482081826345874e-07,1.483093009568995e-07,4.365575732400714e-06,5.9236764610212225,1.0725403198124557,0.0
256,4208,4.617500126672333,1.442282675791159e-06,2.434776064175907e-07,2.491539002720136e-06,1.513091298419652e-07,3.183231456205249e-12,2.3479730122890537e-14,7.384337843094107e-07,1.4637182657941168e-07,4.308438056787512e-06,5.923676467147306,1.0725403180365802,0.0
256,4212,4.621889385347877,1.4234837781405463e-06,2.4030408802200317e-07,2.458999223603124e-06,1.4933301561775696e-07,3.0127011996228248e-12,2.2221887437735688e-14,7.287876117070956e-07,1.4445976901473567e-07,4.252051485590014e-06,5.923676473189873,1.0725403162825085,0.0
256,4216,4.626278644023421,1.4049308792739281e-06,2.3717209768198612e-07,2.4268861885261924e-06,1.4738281721076023e-07,2.8990143619012088e-12,2.1383325647632454e-14,7.192679750017252e-07,1.4257279330676397e-07,4.196406095895983e-06,5.923676479150064,1.0725403145499752,0.0
256,4220,4.630667902698965,1.3866207460251838e-06,2.3408108959361268e-07,2.395194275329995e-06,1.454581931918272e-07,2.8990143619012088e-12,2.1383325647632454e-14,7.09873206698226e-07,1.4071056892579313e-07,4.1414921006194155e-06,5.923676485029011,1.072540312838718,0.0
256,4224,4.635057161374509,1.368550187882807e-06,2.3103052515365476e-07,2.3639179362176944e-06,1.435588066477844e-07,2.8421709430404007e-12,2.0964044752580836e-14,7.006016613631703e-07,1.3887276971516372e-07,4.087299839833611e-06,5.923676490827824,1.0725403111484777,0.0
256,4228,4.639446420050053,1.3507160565673548e-06,2.2801987288825099e-07,2.3330516970267613e-06,1.4168432513720992e-07,2.7284841053187847e-12,2.0125482962477605e-14,6.914517154090148e-07,1.3705907384849213e-07,4.03381978473986e-06,5.9236764965476025,1.0725403094789983,0.0
256,4232,4.643835678725597,1.3331152454107863e-06,2.2504860834812985e-07,2.3025901561200238e-06,1.3983442062308757e-07,2.6716406864579767e-12,1.9706202067425987e-14,6.824217667642184e-07,1.3526916376428164e-07,3.9810425266861195e-06,5.923676502189426,1.072540307830027,0.0
256,4236,4.6482249374011415,1.3157446885506424e-06,2.2211621397257615e-07,2.272527983006353e-06,1.3800876938904224e-07,2.5011104298755527e-12,1.8448359382271138e-14,6.735102344648677e-07,1.3350272608497468e-07,3.928958787189904e-06,5.923676507754363,1.072540306201314,0.0
256,4240,4.652614196076685,1.2986013608002376e-06,2.1922217906751762e-07,2.2428599180879744e-06,1.3620705202399443e-07,2.5011104298755527e-12,1.8448359382271138e-14,6.647155585788477e-07,1.3175945160192194e-07,3.8775594165428966e-06,5.923676513243467,1.0725403045926123,0.0
256,4244,4.657003454752229,1.2816822769433834e-06,2.1636599968646416e-07,2.2135807714579574e-06,1.3442895334913261e-07,2.5011104298755527e-12,1.8448359382271138e-14,6.560361998499708e-07,1.3003903520484204e-07,3.826835367773765e-06,5.923676518657774,1.0725403030036784,0.0
256,4248,4.661392713427773,1.264984490857904e-06,2.1354717848254494e-07,2.184685421339748e-06,1.3267416232314748e-07,2.5011104298755527e-12,1.8448359382271138e-14,6.474706392339589e-07,1.2834117578984406e-07,3.7767777349664022e-06,5.923676523998311,1.072540301434271,0.0
256,4252,4.665781972103317,1.2485050955470598e-06,2.1076522471381326e-07,2.1561688141511902e-06,1.309423720461199e-07,2.3305801732931286e-12,1.7190516697116286e-14,6.390173779177409e-07,1.2666557626325268e-07,3.727377716913382e-06,5.923676529266084,1.0725402998841518,0.0
256,4256,4.670171230778862,1.232241222503469e-06,2.0801965413586752e-07,2.128025963395451e-06,1.292332796921675e-07,2.2168933355715126e-12,1.6351954907013052e-14,6.306749369904115e-07,1.2501194347638606e-07,3.678626638228187e-06,5.923676534462089,1.072540298353086,0.0
256,4260,4.6745604894544055,1.2161900408201381e-06,2.053099888517806e-07,2.1002519480996926e-06,1.2754658641462673e-07,2.2737367544323206e-12,1.677123580206467e-14,6.224418569796428e-07,1.2337998813366338e-07,3.630515929238335e-06,5.923676539587312,1.0725402968408415,0.0
256,4264,4.678949748129949,1.2003487570955836e-06,2.0263575729608315e-07,2.0728419126680607e-06,1.2588199733712494e-07,2.1600499167107046e-12,1.5932674011961437e-14,6.14316697808674e-07,1.2176942478407964e-07,3.5830371386998547e-06,5.923676544642717,1.0725402953471888,0.0
256,4268,4.683339006805493,1.184714614610554e-06,1.9999649409578262e-07,2.045791065425396e-06,1.2423922146514104e-07,2.0463630789890885e-12,1.5094112221858203e-14,6.062980383635742e-07,1.201799717354286e-07,3.536181932195145e-06,5.9236765496292625,1.0725402938719004,0.0
256,4272,4.687728265481038,1.1692848932684469e-06,1.973917400603049e-07,2.019094678512483e-06,1.226179716796441e-07,2.1032064978498966e-12,1.551339311690982e-14,5.983844764621387e-07,1.1861135104813758e-07,3.489942077473274e-06,5.92367655454789,1.072540292414753,0.0
256,4276,4.692117524156582,1.1540569086400652e-06,1.9482104202023558e-07,1.992748086227212e-06,1.210179646363535e-07,1.9895196601282805e-12,1.4674831326806585e-14,5.905746283619612e-07,1.1706328843775768e-07,3.4443094559430076e-06,5.923676559399528,1.0725402909755246,0.0
256,4280,4.696506782832126,1.1390280119759008e-06,1.9228395282939387e-07,1.9667466850388653e-06,1.1943892076660658e-07,1.9326762412674725e-12,1.4255550431754968e-14,5.828671287644422e-07,1.1553551327575855e-07,3.3992760555924075e-06,5.923676564185093,1.0725402895539973,0.0
256,4284,4.7008960415076695,1.1241955892596863e-06,1.8978003120505845e-07,1.9410859319438812e-06,1.1788056417750538e-07,1.9326762412674725e-12,1.4255550431754968e-14,5.75260630327168e-07,1.1402775849287237e-07,3.3548339696685906e-06,5.923676568905488,1.0725402881499548,0.0
256,4288,4.705285300183213,1.1095570610077172e-06,1.8730884169409065e-07,1.9157613440959217e-06,1.1634262262945104e-07,1.8758328224066645e-12,1.3836269536703352e-14,5.677538035535044e-07,1.1253976055720915e-07,3.310975404040357e-06,5.923676573561607,1.072540286763184,0.0
256,4292,4.709674558858758,1.0951098816726073e-06,1.8486995457227958e-07,1.8907684977826294e-06,1.148248274740031e-07,1.8189894035458565e-12,1.3416988641651736e-14,5.603453364895562e-07,1.1107125941418842e-07,3.2676926522698157e-06,5.9236765781543275,1.0725402853934736,0.0
256,4296,4.714063817534302,1.0808515394591808e-06,1.8246294581326245e-07,1.8661030280971775e-06,1.1332691363393294e-07,1.7053025658242404e-12,1.2578426851548502e-14,5.530339346264787e-07,1.0962199846717524e-07,3.224978121999136e-06,5.923676582684516,1.0725402840406155,0.0
256,4300,4.718453076209846,1.0667795555260294e-06,1.80087396953736e-07,1.8417606275573819e-06,1.1184861951936363e-07,1.7053025658242404e-12,1.2578426851548502e-14,5.458183204911645e-07,1.0819172449634672e-07,3.182824325004416e-06,5.923676587153028,1.072540282704404,0.0
256,4304,4.72284233488539,1.052891483920503e-06,1.777428950824819e-07,1.817737045951118e-06,1.1038968701838222e-07,1.7621459846850485e-12,1.2997707746600119e-14,5.386972335990284e-07,1.067801876493328e-07,3.1412238593374845e-06,5.923676591560708,1.0725402813846356,0.0
256,4308,4.7272315935609335,1.0391849107706018e-06,1.754290327039472e-07,1.794028088967557e-06,1.0894986141391578e-07,1.6484591469634324e-12,1.2159145956496886e-14,5.31669430049242e-07,1.0538714136098409e-07,3.1001694280152674e-06,5.923676595908387,1.0725402800811101,0.0
256,4312,4.731620852236478,1.02565745405608e-06,1.7314540769960287e-07,1.7706296177812725e-06,1.0752889135847465e-07,1.5916157281026244e-12,1.1739865061445269e-14,5.247336824007964e-07,1.0401234232880512e-07,3.0596538361546804e-06,5.923676600196886,1.0725402787936287,0.0
256,4316,4.736010110912022,1.012306763236159e-06,1.7089162326509694e-07,1.747537548403199e-06,1.0612652883473652e-07,1.5347723092418164e-12,1.1320584166393653e-14,5.178887794799446e-07,1.0265555047478558e-07,3.0196699728209147e-06,5.923676604427012,1.0725402775219954,0.0
256,4320,4.740399369587566,9.99130518776246e-07,1.686672878303578e-07,1.7247478508452954e-06,1.0474252910481727e-07,1.5347723092418164e-12,1.1320584166393653e-14,5.111335261320426e-07,1.0131652889621057e-07,2.9802108278246457e-06,5.923676608599566,1.0725402762660168,0.0
256,4324,4.74478862826311,9.86126431541743e-07,1.6647201495726063e-07,1.702256548078367e-06,1.0337665064698026e-07,1.4210854715202004e-12,1.0482022376290418e-14,5.044667429128386e-07,9.999504380446809e-08,2.9412694862276064e-06,5.923676612715333,1.0725402750255013,0.0
256,4328,4.7491778869386545,9.732922427890356e-07,1.6430542333810618e-07,1.6800597160099382e-06,1.0202865515429262e-07,1.4210854715202004e-12,1.0482022376290418e-14,4.978872660816991e-07,9.869086452370637e-08,2.902839122175818e-06,5.923676616775091,1.07254027380026,0.0
256,4332,4.753567145614198,9.60625723415458e-07,1.621671366690044e-07,1.6581534821626963e-06,1.0069830745436817e-07,1.4210854715202004e-12,1.0482022376290418e-14,4.913939472090738e-07,9.740376341302576e-08,2.864912999229862e-06,5.923676620779604,1.0725402725901065,0.0
256,4336,4.757956404289742,9.481246737280212e-07,1.600567836108323e-07,1.6365340252801525e-06,9.938537548541958e-08,1.3073986337985843e-12,9.643460586187185e-15,4.849856530597969e-07,9.613351584334687e-08,2.827484464854017e-06,5.923676624729626,1.0725402713948564,0.0
256,4340,4.762345662965286,9.357869230880893e-07,1.579739977292506e-07,1.6151975747129244e-06,9.808963025898773e-08,1.2505552149377763e-12,9.224179691135569e-15,4.786612654111986e-07,9.487990016135671e-08,2.7905469707978027e-06,5.923676628625905,1.0725402702143272,0.0
256,4344,4.76673492164083,9.236103292752862e-07,1.5591841738732195e-07,1.594140409292565e-06,9.681084579155036e-08,1.2505552149377763e-12,9.224179691135569e-15,4.724196807184307e-07,9.364269762316985e-08,2.754094037686055e-06,5.9236766324691725,1.0725402690483388,0.0
256,4348,4.771124180316375,9.115927785737647e-07,1.538896857600746e-07,1.5733588574965322e-06,9.554879911454048e-08,1.2505552149377763e-12,9.224179691135569e-15,4.6625981016388975e-07,9.242169240412492e-08,2.7181192838797234e-06,5.923676636260155,1.0725402678967138,0.0
256,4352,4.7755134389919185,8.997321848808968e-07,1.5188745068403655e-07,1.5528492958886356e-06,9.430327017963599e-08,1.2505552149377763e-12,9.224179691135569e-15,4.6018057919434527e-07,9.121667150703457e-08,2.6826164025460825e-06,5.923676639999566,1.0725402667592765,0.0
256,4356,4.779902697667462,8.880264898592539e-07,1.499113646828922e-07,1.5326081493746441e-06,9.307404187428251e-08,1.1937117960769683e-12,8.804898796083952e-15,4.5418092759646714e-07,9.002742477715643e-08,2.647579182993454e-06,5.923676643688109,1.0725402656358531,0.0
256,4360,4.784291956343006,8.764736619047833e-07,1.4796108479329582e-07,1.512631889409478e-06,9.186089991281762e-08,1.1937117960769683e-12,8.804898796083952e-15,4.482598089651382e-07,8.885374479680242e-08,2.61300148459936e-06,5.923676647326481,1.0725402645262725,0.0
256,4364,4.788681215018551,8.650716965340329e-07,1.4603627263024067e-07,1.4929170346744774e-06,9.066363287760086e-08,1.1368683772161603e-12,8.385617901032334e-15,4.424161909044576e-07,8.769542692518149e-08,2.5788772517008577e-06,5.923676650915366,1.0725402634303651,0.0
256,4368,4.793070473694095,8.538186154074861e-07,1.4413659422218407e-07,1.4734601493640936e-06,8.94820321149658e-08,1.0800249583553523e-12,7.966337005980719e-15,4.3664905451909196e-07,8.655226919757561e-08,2.5452005203965114e-06,5.9236766544554404,1.0725402623479636,0.0
256,4372,4.797459732369639,8.427124664283962e-07,1.422617200277321e-07,1.4542578433633073e-06,8.831589174599463e-08,1.0231815394945443e-12,7.547056110929101e-15,4.3095739446707987e-07,8.542407233580663e-08,2.511965381857615e-06,5.923676657947371,1.0725402612789032,0.0
256,4376,4.8018489910451825,8.31751323090112e-07,1.40411324825459e-07,1.4353067711157923e-06,8.716500859778256e-08,1.0231815394945443e-12,7.547056110929101e-15,4.2534021862423964e-07,8.431063968171538e-08,2.4791660286181243e-06,5.9236766613918155,1.07254026022302,0.0
256,4380,4.806238249720726,8.209332844163135e-07,1.3858508770381812e-07,1.416603631498656e-06,8.602918219583097e-08,1.0231815394945443e-12,7.547056110929101e-15,4.197965480463159e-07,8.321177718965849e-08,2.4467967181009127e-06,5.923676664789422,1.0725402591801534,0.0
256,4384,4.810627508396271,8.102564741948797e-07,1.3678269193180787e-07,1.3981451665212937e-06,8.490821468502985e-08,9.663381206337363e-13,7.127775215877484e-15,4.1432541658409277e-07,8.21272933502163e-08,2.4148517830718196e-06,5.923676668140831,1.0725402581501433,0.0
256,4388,4.815016767071815,7.997190412692061e-07,1.3500382500815053e-07,1.3799281617845417e-06,8.380191085754186e-08,9.663381206337363e-13,7.127775215877484e-15,4.0892587101801475e-07,8.10569992168774e-08,2.3833256385934924e-06,5.923676671446673,1.0725402571328329,0.0
256,4392,4.819406025747359,7.893191586026148e-07,1.3324817850335114e-07,1.3619494448961825e-06,8.271007805657718e-08,9.094947017729282e-13,6.708494320825868e-15,4.0359697058963245e-07,8.000070831316207e-08,2.3522127694252492e-06,5.92367667470757,1.0725402561280666,0.0
256,4396,4.823795284422903,7.790550232534481e-07,1.3151544805549326e-07,1.3442058853908822e-06,8.163252617153141e-08,9.663381206337363e-13,7.127775215877484e-15,3.983377869766472e-07,7.895823662767563e-08,2.321507728675161e-06,5.923676677924136,1.0725402551356904,0.0
256,4400,4.8281845430984465,7.68924856085862e-07,1.2980533332141664e-07,1.326694394243124e-06,8.056906760840644e-08,8.526512829121202e-13,6.289213425774251e-15,3.931474041489721e-07,7.792940258557702e-08,2.291205154608986e-06,5.923676681096975,1.0725402541555533,0.0
256,4404,4.832573801773991,7.589269013466034e-07,1.2811753790527133e-07,1.3094119231377266e-06,7.95195172455096e-08,8.526512829121202e-13,6.289213425774251e-15,3.880249181525866e-07,7.69140270057346e-08,2.2612997407866265e-06,5.9236766842266855,1.0725402531875048,0.0
256,4408,4.836963060449535,7.490594264747371e-07,1.26451769326397e-07,1.2923554641028028e-06,7.848369241116349e-08,8.526512829121202e-13,6.289213425774251e-15,3.829694369994822e-07,7.591193307891121e-08,2.2317862595168605e-06,5.923676687313856,1.0725402522313972,0.0
256,4412,4.841352319125079,7.393207215786301e-07,1.2480773893103034e-07,1.2755220486473852e-06,7.74614128313348e-08,7.958078640513122e-13,5.869932530722634e-15,3.779800804134411e-07,7.492294631737261e-08,2.2026595568934647e-06,5.923676690359066,1.0725402512870836,0.0
256,4416,4.845741577800623,7.297090993485417e-07,1.2318516187754927e-07,1.2589087475594595e-06,7.645250061736897e-08,7.958078640513122e-13,5.869932530722634e-15,3.730559797684876e-07,7.394689454268741e-08,2.173914536592434e-06,5.92367669336289,1.0725402503544204,0.0
256,4420,4.8501308364761675,7.20222894684248e-07,1.215837570736105e-07,1.2425126702841988e-06,7.545678022823084e-08,7.958078640513122e-13,5.869932530722634e-15,3.6819627790532615e-07,7.298360784934151e-08,2.1455461705101277e-06,5.923676696325893,1.0725402494332643,0.0
256,4424,4.854520095151711,7.108604643674195e-07,1.2000324712084242e-07,1.2263309643518692e-06,7.44740784357619e-08,7.389644451905042e-13,5.450651635671018e-15,3.634001289615835e-07,7.20329185710888e-08,2.1175495103660566e-06,5.92367669924863,1.072540248523474,0.0
256,4428,4.858909353827255,7.016201869039748e-07,1.1844335828823214e-07,1.2103608150945339e-06,7.350422430747588e-08,7.389644451905042e-13,5.450651635671018e-15,3.5866669828748347e-07,7.109466126423633e-08,2.0899196558052826e-06,5.923676702131653,1.0725402476249108,0.0
256,4432,4.863298612502799,6.925004620419987e-07,1.169038204307432e-07,1.1945994448055566e-06,7.254704915551619e-08,7.958078640513122e-13,5.869932530722634e-15,3.539951621964888e-07,7.016867265821661e-08,2.062651785192556e-06,5.9236767049755015,1.0725402467374368,0.0
256,4436,4.867687871178343,6.834997105607366e-07,1.1538436695369498e-07,1.1790441123719264e-06,7.160238651432717e-08,6.821210263296962e-13,5.031370740619401e-15,3.493847078562273e-07,6.92547916339672e-08,2.035741130413695e-06,5.923676707780711,1.072540245860916,0.0
256,4440,4.872077129853888,6.746163740856795e-07,1.1388473478154639e-07,1.1636921129554654e-06,7.067007212129416e-08,6.821210263296962e-13,5.031370740619401e-15,3.448345331940303e-07,6.835285920520651e-08,2.0091829944218378e-06,5.923676710547809,1.072540244995214,0.0
256,4444,4.8764663885294315,6.658489148112937e-07,1.1240466431108872e-07,1.1485407775019366e-06,6.974994388693207e-08,6.252776074688882e-13,4.6120898455677846e-15,3.4034384675105074e-07,6.746271848951724e-08,1.9829727379607535e-06,5.923676713277317,1.0725402441401983,0.0
256,4448,4.880855647204975,6.571958150266366e-07,1.1094389933136298e-07,1.1335874719243112e-06,6.884184184528579e-08,6.821210263296962e-13,5.031370740619401e-15,3.359118674402944e-07,6.658421466038346e-08,1.9571057822176276e-06,5.923676715969746,1.0725402432957383,0.0
256,4452,4.885244905880519,6.486555770255298e-07,1.0950218700849575e-07,1.118829596941735e-06,6.794560814415078e-08,6.252776074688882e-13,4.6120898455677846e-15,3.3153782449870003e-07,6.571719493769199e-08,1.9315776160335298e-06,5.9236767186256,1.072540242461704,0.0
256,4456,4.889634164556064,6.402267229065824e-07,1.0807927785194041e-07,1.1042645877221252e-06,6.706108702336825e-08,6.252776074688882e-13,4.6120898455677846e-15,3.2722095738081804e-07,6.48615085666575e-08,1.906383772739621e-06,5.923676721245382,1.0725402416379677,0.0
256,4460,4.894023423231608,6.319077940194196e-07,1.0667492562099272e-07,1.0898899129285202e-06,6.618812475691085e-08,5.684341886080801e-13,4.192808950516167e-15,3.2296051547627036e-07,6.401700676181752e-08,1.8815198633955841e-06,5.9236767238295815,1.072540240824403,0.0
256,4464,4.898412681907152,6.236973510898598e-07,1.0528888734592234e-07,1.0757030749293045e-06,6.53265696656493e-08,5.684341886080801e-13,4.192808950516167e-15,3.187557581718574e-07,6.318354271934332e-08,1.8569815477041794e-06,5.923676726378684,1.072540240020885,0.0
256,4468,4.9028019405826955,6.1559397354901e-07,1.0392092321471492e-07,1.0617016086278685e-06,6.447627204627873e-08,6.252776074688882e-13,4.6120898455677846e-15,3.1460595450432085e-07,6.236097154821072e-08,1.8327645348238411e-06,5.923676728893169,1.072540239227291,0.0
256,4472,4.907191199258239,6.075962597310828e-07,1.025707966064662e-07,1.0478830818209315e-06,6.363708419307923e-08,5.684341886080801e-13,4.192808950516167e-15,3.10510383267093e-07,6.154915029135995e-08,1.8088646096452447e-06,5.923676731373509,1.0725402384434983,0.0
256,4476,4.911580457933784,5.99702826335916e-07,1.0123827400064786e-07,1.034245094234632e-06,6.280886033937852e-08,5.115907697472721e-13,3.773528055464551e-15,3.064683327234428e-07,6.074793786883557e-08,1.785277593022683e-06,5.923676733820168,1.0725402376693876,0.0
256,4480,4.915969716609328,5.919123082475776e-07,9.992312494648544e-08,1.0207852772366124e-06,6.199145664006697e-08,5.684341886080801e-13,4.192808950516167e-15,3.024791005219886e-07,5.995719506103955e-08,1.761999374346223e-06,5.923676736233605,1.0725402369048396,0.0
256,4484,4.920358975284872,5.842233582683275e-07,9.862512201804738e-08,1.0075012933554544e-06,6.11847311424134e-08,5.684341886080801e-13,4.192808950516167e-15,2.9854199355357537e-07,5.9176784480361535e-08,1.7390258944573477e-06,5.923676738614275,1.0725402361497367,0.0
256,4488,4.924748233960416,5.766346468428909e-07,9.734404076769845e-08,9.943908358046185e-07,6.038854375715421e-08,5.684341886080801e-13,4.192808950516167e-15,2.946563278101896e-07,5.840657054321303e-08,1.7163531465099122e-06,5.923676740962624,1.0725402354039633,0.0
256,4492,4.9291374926359595,5.691448621304148e-07,9.607965973824705e-08,9.814516286053032e-07,5.960275626595467e-08,5.684341886080801e-13,4.192808950516167e-15,2.908214284213256e-07,5.764641947723595e-08,1.6939771745240855e-06,5.923676743279092,1.0725402346674047,0.0
256,4496,4.933526751311504,5.617527092816284e-07,9.48317603409197e-08,9.686814253373088e-07,5.882723224554972e-08,5.684341886080801e-13,4.192808950516167e-15,2.870366292837563e-07,5.6896199247916005e-08,1.671894073431554e-06,5.923676745564115,1.0725402339399475,0.0
256,4500,4.937916009987048,5.544569105436095e-07,9.360012687304703e-08,9.560780093032297e-07,5.8061837077715384e-08,4.547473508864641e-13,3.354247160412934e-15,2.8330127310963975e-07,5.6155779568118374e-08,1.6501000013163268e-06,5.92367674781812,1.0725402332214802,0.0
256,4504,4.942305268662592,5.472562051444202e-07,9.23845464985888e-08,9.436391933331035e-07,5.7306437937405176e-08,3.979039320256561e-13,2.934966265361317e-15,2.796147113687527e-07,5.5425031886637285e-08,1.628591151048475e-06,5.92367675004153,1.0725402325118927,0.0
256,4508,4.946694527338136,5.401493486214967e-07,9.118480913475652e-08,9.313628186294253e-07,5.6560903722608815e-08,3.979039320256561e-13,2.934966265361317e-15,2.7597630394635433e-07,5.4703829320377943e-08,1.607363781229924e-06,5.923676752234763,1.0725402318110757,0.0
256,4512,4.9510837860136805,5.331351130068942e-07,9.000070748328546e-08,9.192467550594306e-07,5.58251050721023e-08,3.979039320256561e-13,2.934966265361317e-15,2.7238541922889167e-07,5.39920466713451e-08,1.5864141846645126e-06,5.92367675439823,1.0725402311189216,0.0
256,4516,4.955473044689224,5.262122863963885e-07,8.883203695769286e-08,9.072889004420441e-07,5.509891432214488e-08,3.410605131648481e-13,2.5156853703097006e-15,2.6884143389370857e-07,5.3289560384959204e-08,1.565738716022898e-06,5.923676756532337,1.0725402304353238,0.0
256,4520,4.959862303364768,5.19379672930663e-07,8.76785956801022e-08,8.954871804825946e-07,5.4382205502514405e-08,3.979039320256561e-13,2.934966265361317e-15,2.653437328886091e-07,5.259624854600556e-08,1.5453337704003177e-06,5.923676758637482,1.072540229760177,0.0
256,4524,4.964251562040312,5.126360922604263e-07,8.654018439094733e-08,8.838395478575842e-07,5.3674854280926017e-08,3.979039320256561e-13,2.934966265361317e-15,2.6189170916089627e-07,5.191199082492453e-08,1.5251957910844595e-06,5.923676760714062,1.0725402290933774,0.0
256,4528,4.968640820715856,5.059803798637007e-07,8.541660650253533e-08,8.72343982756113e-07,5.29767379959125e-08,3.410605131648481e-13,2.5156853703097006e-15,2.584847638176164e-07,5.123666850957507e-08,1.505321271839091e-06,5.923676762762465,1.0725402284348227,0.0
256,4532,4.973030079391401,4.994113861075621e-07,8.430766794065502e-08,8.609984912572753e-07,5.228773555828484e-08,3.979039320256561e-13,2.934966265361317e-15,2.5512230564459887e-07,5.0570164409899123e-08,1.4857067509923789e-06,5.923676764783076,1.0725402277844112,0.0
256,4536,4.9774193380669445,4.92927976875878e-07,8.321317725054794e-08,8.498011064208597e-07,5.1607727517369594e-08,4.547473508864641e-13,3.354247160412934e-15,2.51803751429924e-07,4.99123629220392e-08,1.466348814735487e-06,5.923676766776273,1.0725402271420432,0.0
256,4540,4.981808596742488,4.865290326176342e-07,8.213294543625247e-08,8.387498866247314e-07,5.09365959600394e-08,3.410605131648481e-13,2.5156853703097006e-15,2.485285254705442e-07,4.926314993054116e-08,1.4472440904251787e-06,5.923676768742428,1.0725402265076198,0.0
256,4544,4.986197855418032,4.802134486992421e-07,8.106678602007836e-08,8.278429161730017e-07,5.027422454764669e-08,3.410605131648481e-13,2.5156853703097006e-15,2.452960597525176e-07,4.862241284408002e-08,1.4283892465034795e-06,5.923676770681913,1.072540225881043,0.0
256,4548,4.990587114093576,4.7398013491361696e-07,8.001451495973213e-08,8.170783044562159e-07,4.962049846502256e-08,3.410605131648481e-13,2.5156853703097006e-15,2.421057937023818e-07,4.799004054617742e-08,1.4097810132497742e-06,5.923676772595089,1.0725402252622167,0.0
256,4552,4.994976372769121,4.67828015382387e-07,7.897595063180861e-08,8.064541857728662e-07,4.8975304409637353e-08,3.410605131648481e-13,2.5156853703097006e-15,2.3895717413393786e-07,4.736592338465315e-08,1.3914161369324617e-06,5.9236767744823124,1.0725402246510454,0.0
256,4556,4.999365631444665,4.6175602842829593e-07,7.795091381025075e-08,7.959687190901781e-07,4.833853057707349e-08,3.979039320256561e-13,2.934966265361317e-15,2.3584965517672925e-07,4.674995315744834e-08,1.3732914336286924e-06,5.923676776343941,1.0725402240474349,0.0
256,4560,5.0037548901202085,4.557631261399068e-07,7.693922759286547e-08,7.856200873227744e-07,4.7710066617219247e-08,2.8421709430404007e-13,2.0964044752580836e-15,2.3278269806327298e-07,4.6142023070450564e-08,1.3554037399849717e-06,5.92367677818032,1.0725402234512924,0.0
256,4564,5.008144148795752,4.498482746040916e-07,7.594071744057115e-08,7.754064977060218e-07,4.7089803656941866e-08,2.8421709430404007e-13,2.0964044752580836e-15,2.2975577123877208e-07,4.554202775924095e-08,1.3377499433025724e-06,5.923676779991794,1.0725402228625263,0.0
256,4568,5.012533407471297,4.440104531220628e-07,7.495521104505275e-08,7.653261804511763e-07,4.647763421841554e-08,3.410605131648481e-13,2.5156853703097006e-15,2.2676834996284628e-07,4.494986321014953e-08,1.320326979332057e-06,5.9236767817787035,1.0725402222810452,0.0
256,4572,5.016922666146841,4.3824865482111875e-07,7.398253843203307e-08,7.553773897833695e-07,4.587345228215756e-08,3.410605131648481e-13,2.5156853703097006e-15,2.2381991661654323e-07,4.436542682111076e-08,1.3031318082764735e-06,5.9236767835413815,1.0725402217067599,0.0
256,4576,5.021311924822385,4.325618858681459e-07,7.30225318285008e-08,7.455584026000112e-07,4.527715320555418e-08,2.8421709430404007e-13,2.0964044752580836e-15,2.2090996030528777e-07,4.378861732296045e-08,1.2861614484304916e-06,5.923676785280159,1.0725402211395816,0.0
256,4580,5.025701183497929,4.2694916538522834e-07,7.207502564846427e-08,7.35867518311918e-07,4.468863371321241e-08,2.8421709430404007e-13,2.0964044752580836e-15,2.1803797681136188e-07,4.321933477001632e-08,1.2694129407283408e-06,5.923676786995359,1.0725402205794232,0.0
256,4584,5.0300904421734725,4.214095255257688e-07,7.113985650580171e-08,7.263030589783598e-07,4.4107791905161414e-08,2.8421709430404007e-13,2.0964044752580836e-15,2.152034686340479e-07,4.265748054803522e-08,1.2528833775990323e-06,5.923676788687306,1.0725402200261982,0.0
256,4588,5.034479700849017,4.159420110480833e-07,7.021686314227805e-08,7.168633685530344e-07,4.353452721106104e-08,2.8421709430404007e-13,2.0964044752580836e-15,2.1240594476557494e-07,4.2102957329801323e-08,1.2365698820007477e-06,5.923676790356315,1.0725402194798213,0.0
256,4592,5.038868959524561,4.1054567923204815e-07,6.930588641347376e-08,7.075468127574282e-07,4.296874038251118e-08,2.2737367544323206e-13,1.677123580206467e-15,2.096449206541628e-07,4.155566906780077e-08,1.2204696163670394e-06,5.923676792002698,1.0725402189402078,0.0
256,4596,5.043258218200105,4.052195996942939e-07,6.840676925758698e-08,6.983517787484602e-07,4.241033347286807e-08,2.2737367544323206e-13,1.677123580206467e-15,2.0691991810508465e-07,4.101552097461034e-08,1.2045797848198466e-06,5.923676793626762,1.072540218407275,0.0
256,4600,5.047647476875649,3.999628545752341e-07,6.751935672700664e-08,6.892766754367429e-07,4.1859209856571976e-08,2.8421709430404007e-13,2.0964044752580836e-15,2.0423046537483216e-07,4.0482419541562826e-08,1.1888976216244125e-06,5.923676795228813,1.0725402178809407,0.0
256,4604,5.0520367355511935,3.9477453767315696e-07,6.664349584213485e-08,6.803199319974318e-07,4.1315274138712323e-08,2.2737367544323206e-13,1.677123580206467e-15,2.0157609672998886e-07,3.995627245130722e-08,1.1734204029939529e-06,5.92367679680915,1.0725402173611231,0.0
256,4608,5.056425994226737,3.896537548700848e-07,6.577903566327814e-08,6.714799985982414e-07,4.077843219923952e-08,2.8421709430404007e-13,2.0964044752580836e-15,1.989563526627437e-07,3.943698862052764e-08,1.1581454441824772e-06,5.923676798368066,1.0725402168477425,0.0
256,4612,5.060815252902281,3.8459962376694985e-07,6.492582722905981e-08,6.627553457621705e-07,4.024859115426375e-08,1.7053025658242404e-13,1.2578426851548503e-15,1.9637077970178387e-07,3.892447816245866e-08,1.1430700806455535e-06,5.923676799905857,1.0725402163407194,0.0
256,4616,5.065204511577825,3.796112735435214e-07,6.40837235327738e-08,6.541444641397948e-07,3.972565934222654e-08,2.2737367544323206e-13,1.677123580206467e-15,1.938189303452822e-07,3.8418652373602096e-08,1.1281917016559664e-06,5.923676801422805,1.0725402158399753,0.0
256,4620,5.069593770253369,3.746878446755103e-07,6.325257947462788e-08,6.456458639951299e-07,3.920954629267758e-08,1.7053025658242404e-13,1.2578426851548503e-15,1.913003629076741e-07,3.791942370335526e-08,1.1135077205778574e-06,5.923676802919198,1.072540215345433,0.0
256,4624,5.073983028928914,3.6982848907583406e-07,6.243225188559125e-08,6.372580754638274e-07,3.870016274195484e-08,1.7053025658242404e-13,1.2578426851548503e-15,1.8881464159665203e-07,3.742670576927274e-08,1.0990155835282733e-06,5.923676804395314,1.0725402148570167,0.0
256,4628,5.0783722876044575,3.650323697874463e-07,6.16225994755397e-08,6.289796480157797e-07,3.81974206005489e-08,1.7053025658242404e-13,1.2578426851548503e-15,1.8636133635366972e-07,3.6940413325451255e-08,1.084712777402069e-06,5.9236768058514295,1.07254021437465,0.0
256,4632,5.082761546280001,3.6029866075966613e-07,6.082348279549706e-08,6.208091500715662e-07,3.7701232929810125e-08,1.1368683772161603e-13,8.385617901032335e-16,1.839400227403606e-07,3.646046224001561e-08,1.0705968184763648e-06,5.9236768072878165,1.0725402138982592,0.0
256,4636,5.087150804955545,3.556265467233422e-07,6.003476421656094e-08,6.127451687795482e-07,3.721151392841178e-08,1.7053025658242404e-13,1.2578426851548503e-15,1.8155028187223313e-07,3.598676948197582e-08,1.0566652514980048e-06,5.923676808704743,1.0725402134277702,0.0
256,4640,5.091540063631089,3.510152231998691e-07,5.9256307931424964e-08,6.047863100195418e-07,3.672817893257309e-08,1.7053025658242404e-13,1.2578426851548503e-15,1.7919170041936456e-07,3.5519253121364614e-08,1.0429156644642404e-06,5.923676810102473,1.0725402129631103,0.0
256,4644,5.095929322306634,3.4646389623747923e-07,5.848797990986105e-08,5.969311979659101e-07,3.6251144389526184e-08,1.7053025658242404e-13,1.2578426851548503e-15,1.768638704775313e-07,3.505783230369302e-08,1.029345661003166e-06,5.923676811481268,1.0725402125042078,0.0
256,4648,5.100318580982178,3.419717824220028e-07,5.772964790053589e-08,5.891784750901295e-07,3.578032785767194e-08,2.2737367544323206e-13,1.677123580206467e-15,1.7456638956843765e-07,3.460242724999567e-08,1.0159528942619383e-06,5.9236768128413875,1.072540212050992,0.0
256,4652,5.1047078396577215,3.375381083372436e-07,5.698118133991473e-08,5.815268012419758e-07,3.53156479507812e-08,2.2737367544323206e-13,1.677123580206467e-15,1.7229886036784597e-07,3.415295920294097e-08,1.0027350357328231e-06,5.923676814183083,1.072540211603392,0.0
256,4656,5.109097098333265,3.3316211085010903e-07,5.6242451400395455e-08,5.739748541118969e-07,3.485702436607422e-08,1.7053025658242404e-13,1.2578426851548503e-15,1.7006089084161035e-07,3.370935045379562e-08,9.896897917940446e-07,5.923676815506606,1.0725402111613394,0.0
256,4660,5.11348635700881,3.2884303692513587e-07,5.551333095899776e-08,5.665213289342927e-07,3.440437786620116e-08,2.2737367544323206e-13,1.677123580206467e-15,1.67852094158523e-07,3.327152432514903e-08,9.768149000157819e-07,5.923676816812204,1.0725402107247655,0.0
256,4664,5.117875615684354,3.245801432275318e-07,5.479369453035112e-08,5.59164937797151e-07,3.3957630237316834e-08,1.7053025658242404e-13,1.2578426851548503e-15,1.6567208848555346e-07,3.2839405130325826e-08,9.64108127587858e-07,5.9236768181001205,1.0725402102936026,0.0
256,4668,5.122264874359898,3.2037269632686116e-07,5.408341830107973e-08,5.519044099745799e-07,3.3516704309275075e-08,1.7053025658242404e-13,1.2578426851548503e-15,1.6352049708576119e-07,3.241291819279402e-08,9.515672669021041e-07,5.923676819370594,1.0725402098677843,0.0
256,4672,5.126654133035442,3.162199723268904e-07,5.3382380067315234e-08,5.447384913082726e-07,3.308152391806566e-08,2.2737367544323206e-13,1.677123580206467e-15,1.613969481356711e-07,3.1991989809965256e-08,9.39190143658461e-07,5.923676820623865,1.0725402094472445,0.0
256,4676,5.1310433917109854,3.1212125688198705e-07,5.2690459237465106e-08,5.376659442119037e-07,3.2652013906081276e-08,1.1368683772161603e-13,8.385617901032335e-16,1.5930107472578175e-07,3.1576547253295644e-08,9.269746150522231e-07,5.923676821860165,1.0725402090319185,0.0
256,4680,5.13543265038653,3.0807584485769524e-07,5.2007536774913024e-08,5.306855471095669e-07,3.222810008801427e-08,1.1368683772161603e-13,8.385617901032335e-16,1.572325146949554e-07,3.116651873545856e-08,9.149185558934761e-07,5.9236768230797265,1.0725402086217415,0.0
256,4684,5.139821909062074,3.0408304053626055e-07,5.133349523271433e-08,5.237960947649834e-07,3.180970927084924e-08,1.1368683772161603e-13,8.385617901032335e-16,1.5519091072712942e-07,3.0761833429514794e-08,9.030198801185061e-07,5.923676824282776,1.0725402082166502,0.0
256,4688,5.144211167737618,3.0014215720476506e-07,5.0668218684067465e-08,5.169963975841554e-07,3.1396769211513744e-08,1.7053025658242404e-13,1.2578426851548503e-15,1.5317591014510967e-07,3.03624214280384e-08,8.912765255382188e-07,5.923676825469537,1.072540207816582,0.0
256,4692,5.148600426413162,2.962525173057636e-07,5.0011592747743474e-08,5.102852818567479e-07,3.098920863153722e-08,2.2737367544323206e-13,1.677123580206467e-15,1.5118716498148469e-07,2.996821375717324e-08,8.796864564080927e-07,5.923676826640232,1.0725402074214747,0.0
256,4696,5.1529896850887065,2.9241345191390173e-07,4.936350449973177e-08,5.036615888793462e-07,3.058695716380711e-08,1.7053025658242404e-13,1.2578426851548503e-15,1.4922433171969014e-07,2.957914232530697e-08,8.682476582655289e-07,5.923676827795079,1.072540207031267,0.0
256,4700,5.15737894376425,2.8862430106931163e-07,4.8723842529522e-08,4.971241754932608e-07,3.018994538522935e-08,1.1368683772161603e-13,8.385617901032335e-16,1.472870714521348e-07,2.919513995441466e-08,8.569581536334367e-07,5.923676828934294,1.0725402066458987,0.0
256,4704,5.161768202439794,2.8488441338367995e-07,4.8092496873602826e-08,4.906719134296317e-07,2.9798104776957035e-08,5.684341886080802e-14,4.1928089505161676e-16,1.453750496869564e-07,2.881614034175408e-08,8.45815986305906e-07,5.92367683005809,1.0725402062653102,0.0
256,4708,5.166157461115338,2.8119314605145426e-07,4.74693590173537e-08,4.843036893226576e-07,2.9411367725193887e-08,1.1368683772161603e-13,8.385617901032335e-16,1.4348793635173917e-07,2.844207806060258e-08,8.348192254677616e-07,5.9236768311666745,1.0725402058894424,0.0
256,4712,5.170546719790882,2.7754986458166735e-07,4.685432184977302e-08,4.780184042395052e-07,2.9029667492645975e-08,1.1368683772161603e-13,8.385617901032335e-16,1.416254056539632e-07,2.807288853259547e-08,8.239659574836334e-07,5.923676832260256,1.072540205518237,0.0
256,4716,5.174935978466427,2.739539429093368e-07,4.624727968228397e-08,4.7181497385868714e-07,2.8652938229354475e-08,1.7053025658242404e-13,1.2578426851548503e-15,1.3978713613340496e-07,2.7708508038112805e-08,8.132543147939728e-07,5.923676833339037,1.0725402051516362,0.0
256,4720,5.1793252371419705,2.704047632192027e-07,4.564812821897893e-08,4.6569232819952995e-07,2.8281114956266495e-08,1.7053025658242404e-13,1.2578426851548503e-15,1.3797281058308614e-07,2.734887370060992e-08,8.026824409367383e-07,5.92367683440322,1.0725402047895836,0.0
256,4724,5.183714495817514,2.669017155525226e-07,4.5056764490240986e-08,4.596494109138997e-07,2.7914133522222137e-08,0.0,0.0,1.3618211583839405e-07,2.6993923444817035e-08,7.922484919226017e-07,5.923676835453001,1.072540204432023,0.0
256,4728,5.188103754493058,2.634441981515415e-07,4.447308691089527e-08,4.5368517987429006e-07,2.7551930639668613e-08,1.7053025658242404e-13,1.2578426851548503e-15,1.3441474295114536e-07,2.664359603124203e-08,7.819506709011756e-07,5.923676836488579,1.0725402040788987,0.0
256,4732,5.192493013168602,2.6003161710664936e-07,4.389699522064419e-08,4.4779860660138534e-07,2.7194443849896598e-08,1.1368683772161603e-13,8.385617901032335e-16,1.3267038702116223e-07,2.6297831022785597e-08,7.717871940854406e-07,5.923676837510145,1.072540203730156,0.0
256,4736,5.196882271844147,2.566633862193406e-07,4.332839046093307e-08,4.4198867596918146e-07,2.68416115051325e-08,5.684341886080802e-14,4.1928089505161676e-16,1.309487471069447e-07,2.595656876703478e-08,7.617563033409825e-07,5.923676838517888,1.0725402033857407,0.0
256,4740,5.201271530519691,2.5333892707154166e-07,4.276717498665364e-08,4.3625438637756433e-07,2.6493372779018975e-08,5.684341886080802e-14,4.1928089505161676e-16,1.29249526278575e-07,2.561975040674963e-08,7.518562534428126e-07,5.923676839511998,1.0725402030455997,0.0
256,4744,5.2056607891952345,2.5005766876949403e-07,4.221325242290783e-08,4.3059474926855673e-07,2.6149667637237004e-08,5.684341886080802e-14,4.1928089505161676e-16,1.2757243147297097e-07,2.5287317851171638e-08,7.420853442666824e-07,5.92367684049266,1.0725402027096802,0.0
256,4748,5.210050047870778,2.468190478707373e-07,4.166652765268154e-08,4.2500878902564325e-07,2.5810436831391982e-08,5.684341886080802e-14,4.1928089505161676e-16,1.2591717346489527e-07,2.49592137702772e-08,7.324418698182434e-07,5.923676841460056,1.0725402023779298,0.0
256,4752,5.214439306546323,2.436225082366283e-07,4.112690679194778e-08,4.1949554270721755e-07,2.5475621882826188e-08,5.684341886080802e-14,4.1928089505161676e-16,1.2428346678756374e-07,2.4635381579040674e-08,7.229241733183852e-07,5.923676842414365,1.072540202050297,0.0
256,4756,5.218828565221867,2.4046750116025723e-07,4.059429721126068e-08,4.140540602628071e-07,2.5145165095749932e-08,1.1368683772161603e-13,8.385617901032335e-16,1.226710297965719e-07,2.4315765450105826e-08,7.13530600168235e-07,5.923676843355767,1.0725402017267311,0.0
256,4760,5.223217823897411,2.3735348498218855e-07,4.006860747088721e-08,4.086834038750942e-07,2.4819009517283032e-08,1.1368683772161603e-13,8.385617901032335e-16,1.210795844750792e-07,2.4000310275169598e-08,7.042595298016254e-07,5.923676844284435,1.072540201407182,0.0
256,4764,5.227607082572955,2.3427992533675915e-07,3.95497473623857e-08,4.033826483819418e-07,2.4497098963084093e-08,1.1368683772161603e-13,8.385617901032335e-16,1.195088565587729e-07,2.3688961689752364e-08,6.951093568190846e-07,5.923676845200544,1.0725402010916,0.0
256,4768,5.231996341248498,2.3124629464307452e-07,3.9037627822678896e-08,3.9815088039826226e-07,2.4179377964022328e-08,1.7053025658242404e-13,1.2578426851548503e-15,1.1795857527564968e-07,2.3381666021617634e-08,6.860784933988867e-07,5.9236768461042635,1.072540200779936,0.0
256,4772,5.236385599924043,2.282520723827336e-07,3.853216098093778e-08,3.9298719878693673e-07,2.386579179477608e-08,5.684341886080802e-14,4.1928089505161676e-16,1.1642847348529132e-07,2.3078370318379146e-08,6.771653872932085e-07,5.923676846995763,1.0725402004721416,0.0
256,4776,5.240774858599587,2.252967446863377e-07,3.80332600887785e-08,3.878907139513964e-07,2.355628643087189e-08,5.684341886080802e-14,4.1928089505161676e-16,1.1491828746943113e-07,2.2779022305987127e-08,6.683684879565921e-07,5.923676847875205,1.0725402001681688,0.0
256,4780,5.245164117275131,2.223798045102311e-07,3.754083955009862e-08,3.828605481349452e-07,2.3250808566862102e-08,5.684341886080802e-14,4.1928089505161676e-16,1.1342775702046721e-07,2.2483570406273308e-08,6.596862817934382e-07,5.9236768487427565,1.072540199867971,0.0
256,4784,5.249553375950675,2.1950075146702257e-07,3.7054814892466805e-08,3.7789583512648303e-07,2.2949305598453673e-08,1.1368683772161603e-13,8.385617901032335e-16,1.1195662535419588e-07,2.219196371965302e-08,6.511172593579041e-07,5.923676849598578,1.0725401995715005,0.0
256,4788,5.2539426346262195,2.1665909173075956e-07,3.6575102751114884e-08,3.7299572009974507e-07,2.265172561274532e-08,5.684341886080802e-14,4.1928089505161676e-16,1.1050463906226756e-07,2.1904152015701017e-08,6.426599469266939e-07,5.923676850442828,1.072540199278712,0.0
256,4792,5.258331893301763,2.1385433789600636e-07,3.610162084514824e-08,3.681593593807414e-07,2.235801737410431e-08,0.0,0.0,1.0907154804362331e-07,2.1620085719560896e-08,6.343128783716042e-07,5.923676851275664,1.07254019898956,0.0
256,4796,5.262721151977307,2.1108600889013837e-07,3.563428796273988e-08,3.6338592025693e-07,2.2068130312577698e-08,5.684341886080802e-14,4.1928089505161676e-16,1.0765710544663102e-07,2.1339715900475343e-08,6.260746106694086e-07,5.923676852097241,1.0725401987039993,0.0
256,4800,5.267110410652851,2.0835362996865626e-07,3.517302396033937e-08,3.586745810127756e-07,2.1782014526051765e-08,0.0,0.0,1.0626106768107596e-07,2.1062994274162925e-08,6.17943719946655e-07,5.923676852907712,1.0725401984219856,0.0
256,4804,5.271499669328395,2.056567326502233e-07,3.4717749751706254e-08,3.5402453078644083e-07,2.1499620771549026e-08,-5.684341886080802e-14,-4.1928089505161676e-16,1.0488319437465391e-07,2.078987319419416e-08,6.099188034266751e-07,5.923676853707227,1.0725401981434748,0.0
256,4808,5.27588892800394,2.029948545218909e-07,3.426838727502935e-08,3.494349692411056e-07,2.1220900445267694e-08,5.684341886080802e-14,4.1928089505161676e-16,1.0352324827581721e-07,2.0520305632733746e-08,6.019984735130608e-07,5.923676854495936,1.0725401978684241,0.0
256,4812,5.2802781866794835,2.00367539262234e-07,3.3824859496832355e-08,3.4490510661986884e-07,2.0945805585915833e-08,1.7053025658242404e-13,1.2578426851548503e-15,1.02180995270543e-07,2.0254245183864346e-08,5.941813614148198e-07,5.9236768552739845,1.0725401975967903,0.0
256,4816,5.284667445355027,1.977743365851589e-07,3.33870904024878e-08,3.4043416362170524e-07,2.0674288867178295e-08,5.684341886080802e-14,4.1928089505161676e-16,1.0085620434467307e-07,1.999164605612162e-08,5.864661174360074e-07,5.923676856041517,1.0725401973285316,0.0
256,4820,5.289056704030571,1.9521480186707696e-07,3.295500493327874e-08,3.3602137077325247e-07,2.04063035595659e-08,5.684341886080802e-14,4.1928089505161676e-16,9.954864739825334e-08,1.9732463035692724e-08,5.78851406507318e-07,5.923676856798677,1.0725401970636057,0.0
256,4824,5.293445962706115,1.9268849647476656e-07,3.2528529041746474e-08,3.316659689860677e-07,2.014180356425714e-08,0.0,0.0,9.825809941038821e-08,1.9476651519093624e-08,5.71335917191987e-07,5.923676857545604,1.0725401968019714,0.0
256,4828,5.29783522138166,1.9019498748328354e-07,3.21075896440698e-08,3.273672090794156e-07,1.9880743384117502e-08,5.684341886080802e-14,4.1928089505161676e-16,9.698433829814227e-08,1.9224167485200693e-08,5.639183460997671e-07,5.923676858282438,1.0725401965435883,0.0
256,4832,5.302224480057204,1.8773384771588682e-07,3.169211462680511e-08,3.231243518273946e-07,1.9623078126561395e-08,0.0,0.0,9.572714492978079e-08,1.897496749787524e-08,5.56597417175504e-07,5.923676859009316,1.0725401962884162,0.0
256,4836,5.306613738732747,1.8530465538068628e-07,3.128203278554736e-08,3.189366673536846e-07,1.9368763466795685e-08,5.684341886080802e-14,4.1928089505161676e-16,9.448630294613367e-08,1.8729008670554375e-08,5.493718661417147e-07,5.923676859726372,1.0725401960364151,0.0
256,4840,5.311002997408291,1.8290699446039678e-07,3.08772738907261e-08,3.148034357963392e-07,1.9117755688191976e-08,0.0,0.0,9.326159895734147e-08,1.84862487052499e-08,5.422404450310803e-07,5.92367686043374,1.0725401957875462,0.0
256,4844,5.315392256083836,1.805404541008455e-07,3.047776858437685e-08,3.1072394623491494e-07,1.8870011617132045e-08,5.684341886080802e-14,4.1928089505161676e-16,9.205282222433212e-08,1.8246645829410818e-08,5.352019200367095e-07,5.923676861131552,1.0725401955417704,0.0
256,4848,5.31978151475938,1.7820462908428389e-07,3.008344846004284e-08,3.0669749754047694e-07,1.8625488674627997e-08,5.684341886080802e-14,4.1928089505161676e-16,9.085976491181957e-08,1.801015884607256e-08,5.282550804559473e-07,5.923676861819936,1.0725401952990494,0.0
256,4852,5.324170773434924,1.7589911924208092e-07,2.9694245963629398e-08,3.027233973283081e-07,1.838414481272114e-08,5.684341886080802e-14,4.1928089505161676e-16,8.968222177682275e-08,1.7776747072115435e-08,5.213987251920695e-07,5.92367686249902,1.0725401950593456,0.0
256,4856,5.328560032110468,1.7362352981601384e-07,2.9310094454394867e-08,2.988009625961554e-07,1.814593855324217e-08,1.1368683772161603e-13,8.385617901032335e-16,8.851999035829673e-08,1.7546370375853184e-08,5.14631668351564e-07,5.923676863168931,1.0725401948226214,0.0
256,4860,5.332949290786011,1.7137747108488607e-07,2.8930928141918474e-08,2.949295190780751e-07,1.7910828948570713e-08,1.1368683772161603e-13,8.385617901032335e-16,8.737287078558979e-08,1.7318989139065467e-08,5.079527480820871e-07,5.923676863829794,1.0725401945888404,0.0
256,4864,5.337338549461556,1.691605586703695e-07,2.855668213773081e-08,2.9110840177337887e-07,1.7678775613757794e-08,1.1368683772161603e-13,8.385617901032335e-16,8.624066593523093e-08,1.7094564288076175e-08,5.013608079392431e-07,5.92367686448173,1.0725401943579655,0.0
256,4868,5.3417278081371,1.6697241284342923e-07,2.8187292338228564e-08,2.8733695373326683e-07,1.744973865283905e-08,5.684341886080802e-14,4.1928089505161676e-16,8.512318107081007e-08,1.6873057222370756e-08,4.948547174409648e-07,5.923676865124862,1.0725401941299613,0.0
256,4872,5.346117066812644,1.6481265918030048e-07,2.782269553541267e-08,2.836145272181189e-07,1.7223678729116094e-08,0.0,0.0,8.402022418677395e-08,1.665442988274316e-08,4.884333411674364e-07,5.923676865759306,1.072540193904792,0.0
256,4876,5.350506325488188,1.6268092776107313e-07,2.7462829281598076e-08,2.7994048228835977e-07,1.7000556979580877e-08,5.684341886080802e-14,4.1928089505161676e-16,8.29316055899698e-08,1.6438644668349757e-08,4.820955826331244e-07,5.923676866385184,1.0725401936824226,0.0
256,4880,5.354895584163732,1.6057685405311537e-07,2.7107632038548117e-08,2.763141883483691e-07,1.678033510867613e-08,1.1368683772161603e-13,8.385617901032335e-16,8.1857138357817e-08,1.622566452752777e-08,4.758403479273968e-07,5.92367686700261,1.0725401934628185,0.0
256,4884,5.359284842839276,1.585000777008495e-07,2.675704297317161e-08,2.727350220409184e-07,1.6562975260426192e-08,5.684341886080802e-14,4.1928089505161676e-16,8.079663771377095e-08,1.6015452834000187e-08,4.6966655389825026e-07,5.9236768676116975,1.0725401932459453,0.0
256,4888,5.36367410151482,1.5645024352803482e-07,2.6411002126722334e-08,2.692023689895653e-07,1.634844012425123e-08,5.684341886080802e-14,4.1928089505161676e-16,7.974992154409323e-08,1.5807973489309566e-08,4.635731393626193e-07,5.923676868212561,1.0725401930317693,0.0
256,4892,5.368063360190364,1.5442700073410147e-07,2.606945027912886e-08,2.6571562239956326e-07,1.613669285000159e-08,5.684341886080802e-14,4.1928089505161676e-16,7.871680998283561e-08,1.5603190840553852e-08,4.5755905310581166e-07,5.9236768688053125,1.0725401928202571,0.0
256,4896,5.372452618865908,1.5243000320213635e-07,2.573232900098691e-08,2.622741836003293e-07,1.592769708090146e-08,0.0,0.0,7.769712557296189e-08,1.5401069712323854e-08,4.516232554599911e-07,5.923676869390061,1.0725401926113756,0.0
256,4900,5.376841877541453,1.5045890933694883e-07,2.5399580626222583e-08,2.5887746175797506e-07,1.5721416936091082e-08,0.0,0.0,7.669069318089177e-08,1.520157538976417e-08,4.4576473046718096e-07,5.923676869966914,1.0725401924050921,0.0
256,4904,5.3812311362169964,1.4851338194291947e-07,2.5071148231471477e-08,2.555248736537885e-07,1.5517816997174144e-08,0.0,0.0,7.569733993049868e-08,1.5004673605490295e-08,4.399824598114082e-07,5.923676870535981,1.0725401922013749,0.0
256,4908,5.38562039489254,1.465930882493994e-07,2.4746975640366485e-08,2.522158437539146e-07,1.5316862312449424e-08,0.0,0.0,7.471689522462007e-08,1.4810330543852376e-08,4.342754525383126e-07,5.923676871097365,1.072540192000192,0.0
256,4912,5.390009653568084,1.446976998602335e-07,2.4427007415016584e-08,2.489498041059221e-07,1.5118518390629384e-08,0.0,0.0,7.374919071386234e-08,1.4618512834751739e-08,4.2864272490059056e-07,5.923676871651171,1.0725401918015118,0.0
256,4916,5.394398912243628,1.4282689267503551e-07,2.4111188842716967e-08,2.457261941884984e-07,1.492275119171225e-08,-5.684341886080802e-14,-4.1928089505161676e-16,7.279406025157775e-08,1.442918754471645e-08,4.230833053009212e-07,5.923676872197502,1.0725401916053035,0.0
256,4920,5.398788170919173,1.4098034682501286e-07,2.3799465925115375e-08,2.4254446082156603e-07,1.4729527121523468e-08,0.0,0.0,7.18513398679232e-08,1.4242322171759271e-08,4.1759623515430403e-07,5.9236768727364595,1.0725401914115362,0.0
256,4924,5.403177429594717,1.3915774662933832e-07,2.349178537084702e-08,2.3940405808061466e-07,1.4538813026513152e-08,5.684341886080802e-14,4.1928089505161676e-16,7.092086774412772e-08,1.405788464027696e-08,4.1218056996001934e-07,5.9236768732681435,1.07254019122018,0.0
256,4928,5.40756668827026,1.3735878046651306e-07,2.3188094573818856e-08,2.3630444708564263e-07,1.435057618093868e-08,5.684341886080802e-14,4.1928089505161676e-16,7.000248415031103e-08,1.387584328872473e-08,4.068353831926962e-07,5.923676873792651,1.072540191031205,0.0
256,4932,5.411955946945804,1.3558314083882108e-07,2.2888341624090387e-08,2.3324509609056598e-07,1.4164784292294424e-08,0.0,0.0,6.90960314712525e-08,1.3696166874724142e-08,4.0155974346665245e-07,5.923676874310081,1.0725401908445813,0.0
256,4936,5.416345205621349,1.338305243034532e-07,2.259247529624645e-08,2.3022548038444338e-07,1.3981405495313231e-08,-5.684341886080802e-14,-4.1928089505161676e-16,6.820135417778912e-08,1.3518824569393638e-08,3.963527483242788e-07,5.923676874820528,1.07254019066028,0.0
256,4940,5.420734464296893,1.3210063125167245e-07,2.230044501211719e-08,2.272450818977491e-07,1.380040832805569e-08,5.684341886080802e-14,4.1928089505161676e-16,6.731829870971683e-08,1.3343785934137319e-08,3.912135025822042e-07,5.923676875324087,1.0725401904782725,0.0
256,4944,5.425123722972437,1.3039316621588653e-07,2.201220089261625e-08,2.2430338973197104e-07,1.36217617640722e-08,0.0,0.0,6.644671363272225e-08,1.3171020951751845e-08,3.861411171044521e-07,5.923676875820853,1.0725401902985303,0.0
256,4948,5.429512981647981,1.2870783722495534e-07,2.1727693648907586e-08,2.213998990538646e-07,1.34454351452519e-08,0.0,0.0,6.558644931093014e-08,1.3000499961519025e-08,3.811347221310071e-07,5.923676876310915,1.0725401901210252,0.0
256,4952,5.433902240323524,1.2704435639704516e-07,2.1446874682487602e-08,2.1853411210988722e-07,1.3271398243428458e-08,1.1368683772161603e-13,8.385617901032335e-16,6.473735820723493e-08,1.2832193718737314e-08,3.7619345300863853e-07,5.9236768767943655,1.0725401899457294,0.0
256,4956,5.438291498999069,1.2540243955627958e-07,2.1169696020470433e-08,2.157055375755588e-07,1.3099621220867255e-08,0.0,0.0,6.389929469085217e-08,1.2666073356574809e-08,3.71316465668423e-07,5.923676877271294,1.0725401897726157,0.0
256,4960,5.442680757674613,1.2378180628372753e-07,2.0896110324195444e-08,2.1291369062493798e-07,1.2930074634484625e-08,-5.684341886080802e-14,-4.1928089505161676e-16,6.307211505729064e-08,1.2502110390028092e-08,3.665029108194862e-07,5.92367687774179,1.0725401896016569,0.0
256,4964,5.447070016350157,1.221821798092943e-07,2.062607087097691e-08,2.1015809275571246e-07,1.2762729425225734e-08,5.684341886080802e-14,4.1928089505161676e-16,6.225567747690752e-08,1.2340276705724883e-08,3.617519657681368e-07,5.923676878205938,1.0725401894328264,0.0
256,4968,5.451459275025701,1.206032867853668e-07,2.0359531515892144e-08,2.0743827140545483e-07,1.2597556894760111e-08,1.1368683772161603e-13,8.385617901032335e-16,6.144984188141804e-08,1.218054453942806e-08,3.5706281702540103e-07,5.923676878663824,1.0725401892660975,0.0
256,4972,5.455848533701245,1.1904485770450273e-07,2.0096446762293336e-08,2.0475376064935275e-07,1.2434528747854225e-08,1.1368683772161603e-13,8.385617901032335e-16,6.065447016989359e-08,1.2022886516868456e-08,3.524346522417482e-07,5.923676879115535,1.0725401891014448,0.0
256,4976,5.460237792376789,1.1750662637118134e-07,1.9836771672631604e-08,2.0210410031222602e-07,1.2273617038445017e-08,5.684341886080802e-14,4.1928089505161676e-16,5.986942594640187e-08,1.1867275601740078e-08,3.4786667631388544e-07,5.923676879561155,1.0725401889388422,0.0
256,4980,5.464627051052333,1.159883302060827e-07,1.9580461919823652e-08,1.9948883647794237e-07,1.2114794200576294e-08,-5.684341886080802e-14,-4.1928089505161676e-16,5.9094574670446024e-08,1.1713685125520043e-08,3.433581075620371e-07,5.923676880000762,1.0725401887782642,0.0
256,4984,5.469016309727877,1.144897099289856e-07,1.9327473733720456e-08,1.9690752094254225e-07,1.1958033015187452e-08,1.1368683772161603e-13,8.385617901032335e-16,5.8329783494914046e-08,1.1562088755347027e-08,3.3890816204797363e-07,5.923676880434443,1.0725401886196857,0.0
256,4988,5.473405568403421,1.1301050973295403e-07,1.90777639305124e-08,1.9435971152983196e-07,1.1803306629279191e-08,5.684341886080802e-14,4.1928089505161676e-16,5.757492136010224e-08,1.1412460512658523e-08,3.3451608237078225e-07,5.923676880862274,1.0725401884630816,0.0
256,4992,5.477794827078966,1.1155047714768432e-07,1.883128988966035e-08,1.9184497182669432e-07,1.1650588539839135e-08,5.684341886080802e-14,4.1928089505161676e-16,5.6829858914314847e-08,1.1264774757452165e-08,3.3018110978064437e-07,5.9236768812843374,1.072540188308428,0.0
256,4996,5.482184085754509,1.1010936294621174e-07,1.858800953814641e-08,1.8936287105218041e-07,1.1499852585891898e-08,0.0,0.0,5.6094468476072905e-08,1.1119006180794782e-08,3.259025020168329e-07,5.923676881700708,1.0725401881557004,0.0
256,5000,5.486573344430053,1.0868692125695377e-07,1.8347881369388406e-08,1.8691298422699085e-07,1.135107295879153e-08,0.0,0.0,5.5368624083543545e-08,1.0975129814620251e-08,3.216795213285143e-07,5.923676882111466,1.0725401880048753,0.0
256,5004,5.490962603105597,1.0728290919841119e-07,1.8110864381572294e-08,1.8449489155404543e-07,1.120422416460402e-08,5.684341886080802e-14,4.1928089505161676e-16,5.465220131134198e-08,1.0833120995416105e-08,3.1751143906754227e-07,5.923676882516684,1.0725401878559284,0.0
256,5008,5.495351861781141,1.0589708733437936e-07,1.7876918154498223e-08,1.8210817920946454e-07,1.1059281072142956e-08,5.684341886080802e-14,4.1928089505161676e-16,5.394507750511352e-08,1.069295541072222e-08,3.133975428381264e-07,5.92367688291644,1.0725401877088367,0.0
256,5012,5.499741120456686,1.045292191252903e-07,1.764600275695937e-08,1.7975243837576373e-07,1.0916218854256218e-08,5.684341886080802e-14,4.1928089505161676e-16,5.324713149436234e-08,1.0554609042207942e-08,3.0933712446481403e-07,5.923676883310808,1.0725401875635774,0.0
256,5016,5.50413037913223,1.0317907133077942e-07,1.7418078814700842e-08,1.7742726595511237e-07,1.0775013031141591e-08,0.0,0.0,5.255824380443845e-08,1.0418058207691977e-08,3.0532948914440625e-07,5.923676883699858,1.0725401874201277,0.0
256,5020,5.508519637807773,1.018464135136568e-07,1.7193107426683078e-08,1.7513226369641094e-07,1.0635639417334886e-08,1.1368683772161603e-13,8.385617901032335e-16,5.1878296397289645e-08,1.0283279509754446e-08,3.0137394136793524e-07,5.9236768840836636,1.072540187278465,0.0
256,5024,5.512908896483317,1.0053101846512292e-07,1.697105023686424e-08,1.7286703896066664e-07,1.0498074168190574e-08,0.0,0.0,5.120717289932747e-08,1.0150249880904304e-08,2.9746980923241115e-07,5.923676884462296,1.0725401871385674,0.0
256,5028,5.517298155158862,9.923266170487366e-08,1.675186934981089e-08,1.7063120381211328e-07,1.0362293724686239e-08,-5.684341886080802e-14,-4.1928089505161676e-16,5.054475833054733e-08,1.0018946529885716e-08,2.93616419465077e-07,5.9236768848358246,1.0725401870004123,0.0
256,5032,5.521687413834406,9.795112184946452e-08,1.6535527392883062e-08,1.6842437568020995e-07,1.0228274853625215e-08,5.684341886080802e-14,4.1928089505161676e-16,4.989093930158387e-08,9.889346980738247e-09,2.8981310555883524e-07,5.92367688520432,1.0725401868639786,0.0
256,5036,5.52607667250995,9.668618046995214e-08,1.6321987492202155e-08,1.6624617711461065e-07,1.0095994632756094e-08,1.1368683772161603e-13,8.385617901032335e-16,4.924560394111935e-08,9.761429058407792e-09,2.8605921893539424e-07,5.923676885567848,1.0725401867292448,0.0
256,5040,5.530465931185494,9.543762177236442e-08,1.611121321870978e-08,1.6409623523022016e-07,9.965430417071425e-09,5.684341886080802e-14,4.1928089505161676e-16,4.860864173131267e-08,9.635170856125438e-09,2.8235411347533877e-07,5.923676885926477,1.0725401865961897,0.0
256,5044,5.534855189861037,9.420523303518597e-08,1.5903168662021464e-08,1.6197418245952447e-07,9.836559884496117e-09,5.684341886080802e-14,4.1928089505161676e-16,4.7979943730658834e-08,9.510550779582506e-09,2.786971562220302e-07,5.923676886280274,1.0725401864647928,0.0
256,5048,5.539244448536582,9.298880401543117e-08,1.5697818330163438e-08,1.5987965552388492e-07,9.709360973414981e-09,0.0,0.0,4.735940226901435e-08,9.387547486478703e-09,2.7508771186579305e-07,5.923676886629302,1.0725401863350335,0.0
256,5052,5.543633707212126,9.17881274008172e-08,1.549512722590579e-08,1.5781229621990966e-07,9.583811930428427e-09,5.684341886080802e-14,4.1928089505161676e-16,4.674691118083439e-08,9.266139932754228e-09,2.715251685139978e-07,5.923676886973627,1.072540186206891,0.0
256,5056,5.54802296588767,9.060299849323949e-08,1.5295060793328674e-08,1.557717508694064e-07,9.459891276948534e-09,-5.684341886080802e-14,-4.1928089505161676e-16,4.614236564204316e-08,9.146307340254331e-09,2.68008910751663e-07,5.923676887313314,1.0725401860803458,0.0
256,5060,5.552412224563214,8.943321550346047e-08,1.5097584967569918e-08,1.5375767083693215e-07,9.337577840629438e-09,0.0,0.0,4.554566232370612e-08,9.02802922719011e-09,2.6453833743109055e-07,5.923676887648424,1.072540185955378,0.0
256,5064,5.5568014832387576,8.827857892370361e-08,1.4902666068910068e-08,1.517697114284604e-07,9.216850688484272e-09,5.684341886080802e-14,4.1928089505161676e-16,4.495669906503781e-08,8.911285343322355e-09,2.6111284915993507e-07,5.923676887979018,1.0725401858319676,0.0
256,5068,5.561190741914302,8.713889212797354e-08,1.4710270904114876e-08,1.498075329413316e-07,9.097689190647817e-09,0.0,0.0,4.43753751850127e-08,8.796055731728836e-09,2.5773186270809927e-07,5.92367688830516,1.0725401857100956,0.0
256,5072,5.565580000589846,8.601396079632592e-08,1.4520366669243947e-08,1.4787079966493426e-07,8.980072959688667e-09,5.684341886080802e-14,4.1928089505161676e-16,4.3801591186031996e-08,8.682320670065334e-09,2.5439479145803635e-07,5.923676888626907,1.0725401855897425,0.0
256,5076,5.56996925926539,8.490359333579049e-08,1.4332921020708478e-08,1.4595918061434355e-07,8.863981895162517e-09,-5.684341886080802e-14,-4.1928089505161676e-16,4.323524897157367e-08,8.570060713708083e-09,2.5110106885551866e-07,5.923676888944319,1.07254018547089,0.0
256,5080,5.574358517940934,8.380760056899668e-08,1.4147902022706876e-08,1.4407234897687663e-07,8.749396150001907e-09,5.684341886080802e-14,4.1928089505161676e-16,4.2676251681646444e-08,8.459256663137578e-09,2.478501277050698e-07,5.923676889257457,1.072540185353519,0.0
256,5084,5.578747776616479,8.272579576266811e-08,1.3965278152035033e-08,1.4220998217633806e-07,8.636296134417801e-09,5.684341886080802e-14,4.1928089505161676e-16,4.2124503712331057e-08,8.349889567812027e-09,2.4464140936309796e-07,5.923676889566377,1.0725401852376113,0.0
256,5088,5.583137035292022,8.16579947642667e-08,1.3785018321153771e-08,1.4037176210427393e-07,8.524662529943457e-09,0.0,0.0,4.157991078415886e-08,8.24194073972131e-09,2.414743658900856e-07,5.923676889871136,1.0725401851231486,0.0
256,5092,5.587526293967566,8.060401566132897e-08,1.3607091820680018e-08,1.385573745263371e-07,8.41447625338348e-09,1.1368683772161603e-13,8.385617901032335e-16,4.104237976600105e-08,8.135391718478421e-09,2.3834845359176285e-07,5.923676890171792,1.0725401850101128,0.0
256,5096,5.59191555264311,7.956367902949703e-08,1.3431468361257939e-08,1.3676650951376528e-07,8.305718483017121e-09,0.0,0.0,4.051181880304899e-08,8.030224296687648e-09,2.3526313838261275e-07,5.923676890468397,1.0725401848984868,0.0
256,5100,5.596304811318654,7.853680759514807e-08,1.3258118016606025e-08,1.3499886086143335e-07,8.198370623257084e-09,5.684341886080802e-14,4.1928089505161676e-16,3.9988137144367e-08,7.926420485762198e-09,2.3221788193262792e-07,5.9236768907610085,1.0725401847882527,0.0
256,5104,5.600694069994199,7.752322669514707e-08,1.3087011301129838e-08,1.3325412688531277e-07,8.09241435307857e-09,0.0,0.0,3.947124537934882e-08,7.823962562794436e-09,2.292121710066661e-07,5.92367689104968,1.0725401846793932,0.0
256,5108,5.605083328669743,7.652276362396082e-08,1.2918119059705665e-08,1.3153200929543712e-07,7.98783155757541e-09,5.684341886080802e-14,4.1928089505161676e-16,3.89610551037181e-08,7.722833004350734e-09,2.2624548845498994e-07,5.923676891334464,1.072540184571891,0.0
256,5112,5.609472587345286,7.553524815888323e-08,1.2751412556345946e-08,1.298322140815038e-07,7.88460438174192e-09,-5.684341886080802e-14,-4.1928089505161676e-16,3.8457479181276825e-08,7.623014538355066e-09,2.233173228183773e-07,5.923676891615413,1.0725401844657296,0.0
256,5116,5.61386184602083,7.456051215089928e-08,1.2586863405131337e-08,1.2815445082948683e-07,7.782715188971364e-09,5.684341886080802e-14,4.1928089505161676e-16,3.79604315421443e-08,7.524490104096072e-09,2.2042717528159297e-07,5.923676891892581,1.072540184360892,0.0
256,5120,5.618251104696375,7.35983897228595e-08,1.2424443603665368e-08,1.264984330605439e-07,7.682146581637493e-09,0.0,0.0,3.7469827283086966e-08,7.427242872114374e-09,2.1757455344968445e-07,5.923676892166015,1.0725401842573619,0.0
256,5124,5.622640363371919,7.264871711995213e-08,1.226412550783203e-08,1.2486387796721173e-07,7.582881385073912e-09,0.0,0.0,3.698558258914976e-08,7.331256228668389e-09,2.1475896118025228e-07,5.92367689243577,1.0725401841551232,0.0
256,5128,5.627029622047463,7.17113327582347e-08,1.2105881839988592e-08,1.2325050649865955e-07,7.484902652751453e-09,0.0,0.0,3.650761475897046e-08,7.236513780752128e-09,2.1197992156571634e-07,5.923676892701892,1.0725401840541597,0.0
256,5132,5.631418880723007,7.078607715132718e-08,1.1949685676590374e-08,1.2165804322726536e-07,7.388193658175456e-09,-5.684341886080802e-14,-4.1928089505161676e-16,3.603584216500997e-08,7.142999348212066e-09,2.0923695588970504e-07,5.923676892964432,1.0725401839544557,0.0
256,5136,5.63580813939855,6.987279283056654e-08,1.1795510434711704e-08,1.200862162258464e-07,7.2927378874300835e-09,0.0,0.0,3.557018421767137e-08,7.0506969566348545e-09,2.0652959370475173e-07,5.92367689322344,1.0725401838559954,0.0
256,5140,5.640197398074095,6.897132451727909e-08,1.164332990112793e-08,1.1853475735404576e-07,7.1985190565703355e-09,-1.1368683772161603e-13,-8.385617901032335e-16,3.5110561449804854e-08,6.959590854097815e-09,2.0385737298010608e-07,5.923676893478958,1.0725401837587634,0.0
256,5144,5.644586656749639,6.808151872985522e-08,1.1493118165984095e-08,1.1700340156797423e-07,7.1055210696971726e-09,5.684341886080802e-14,4.1928089505161676e-16,3.465689531171569e-08,6.869665470535577e-09,2.0121983477614614e-07,5.923676893731039,1.0725401836627444,0.0
256,5148,5.648975915425183,6.720322412355949e-08,1.1344849680159664e-08,1.1549188754366204e-07,7.013728056819222e-09,5.684341886080802e-14,4.1928089505161676e-16,3.420910835715466e-08,6.780905454606963e-09,1.9861653030004464e-07,5.923676893979728,1.0725401835679234,0.0
256,5152,5.653365174100727,6.633629139664728e-08,1.1198499239419693e-08,1.1399995747782865e-07,6.923124361753698e-09,0.0,0.0,3.3767124183036726e-08,6.693295661746068e-09,1.960470075736696e-07,5.923676894225069,1.0725401834742854,0.0
256,5156,5.6577544327762705,6.548057307552416e-08,1.1054041948146714e-08,1.1252735673131305e-07,6.833694520472208e-09,0.0,0.0,3.3330867324247187e-08,6.6068211333108065e-09,1.9351083263210426e-07,5.923676894467109,1.0725401833818156,0.0
256,5160,5.662143691451815,6.463592365417298e-08,1.0911453242877977e-08,1.110738340735292e-07,6.745423275946336e-09,0.0,0.0,3.290026332621257e-08,6.521467110967871e-09,1.9100757333432983e-07,5.923676894705892,1.0725401832904995,0.0
256,5164,5.666532950127359,6.380219952507281e-08,1.0770708880643614e-08,1.0963914154760556e-07,6.658295569957677e-09,5.684341886080802e-14,4.1928089505161676e-16,3.247523870441393e-08,6.437219028667476e-09,1.8853678884254064e-07,5.923676894941461,1.072540183200323,0.0
256,5168,5.670922208802903,6.297925890054173e-08,1.0631784925688173e-08,1.0822303435929563e-07,6.5722965363514614e-09,0.0,0.0,3.2055720912288454e-08,6.354062506280849e-09,1.860980674839464e-07,5.923676895173861,1.0725401831112715,0.0
256,5172,5.675311467478447,6.216696187342812e-08,1.0494657759716178e-08,1.0682527095498497e-07,6.487411505773858e-09,5.684341886080802e-14,4.1928089505161676e-16,3.164163836345487e-08,6.271983354005723e-09,1.8369098698440232e-07,5.923676895403133,1.0725401830233314,0.0
256,5176,5.679700726153992,6.136517039698817e-08,1.0359304078495165e-08,1.0544561300837504e-07,6.403626004863299e-09,0.0,0.0,3.123292042848143e-08,6.1909675717256955e-09,1.813151409796145e-07,5.923676895629321,1.072540182936489,0.0
256,5180,5.684089984829535,6.057374814486514e-08,1.0225700868218211e-08,1.0408382515794353e-07,6.320925740306655e-09,0.0,0.0,3.082949735638694e-08,6.111001333450219e-09,1.789701163608379e-07,5.923676895852466,1.07254018285073,0.0
256,5184,5.688479243505079,5.97925606356556e-08,1.0093825426532465e-08,1.0273967524505229e-07,6.239296613299338e-09,-5.684341886080802e-14,-4.1928089505161676e-16,3.0431300345974345e-08,6.0320710014542895e-09,1.7665551356709443e-07,5.92367689607261,1.0725401827660415,0.0
256,5188,5.692868502180623,5.902147506081082e-08,9.963655333486486e-09,1.0141293399859741e-07,6.1587247003943566e-09,5.684341886080802e-14,4.1928089505161676e-16,3.0038261451766764e-08,5.9541631076331555e-09,1.7437093948656048e-07,5.923676896289791,1.07254018268241,0.0
256,5192,5.697257760856167,5.826036040837468e-08,9.835168472418939e-09,1.0010337525960507e-07,6.079196267141838e-09,0.0,0.0,2.9650313650933767e-08,5.877264366768398e-09,1.7211599884655763e-07,5.923676896504052,1.0725401825998222,0.0
256,5196,5.701647019531712,5.7509087406760296e-08,9.708343020467304e-09,9.881077587416228e-08,6.000697761586806e-09,-5.684341886080802e-14,-4.1928089505161676e-16,2.9267390811227265e-08,5.801361670172204e-09,1.6989030416617398e-07,5.92367689671543,1.0725401825182654,0.0
256,5200,5.706036278207256,5.676752832670461e-08,9.583157415135014e-09,9.753491535561896e-08,5.923215793754977e-09,5.684341886080802e-14,4.1928089505161676e-16,2.888942759101e-08,5.726442065871088e-09,1.6769348542489087e-07,5.923676896923965,1.0725401824377268,0.0
256,5204,5.710425536882799,5.603555720521384e-08,9.459590392096615e-09,9.627557627643328e-08,5.846737159449219e-09,0.0,0.0,2.8516359555555593e-08,5.652492781658796e-09,1.6552515855429678e-07,5.923676897129696,1.0725401823581935,0.0
256,5208,5.714814795558343,5.5313049785600215e-08,9.337620975075102e-09,9.503254415731825e-08,5.771248833517507e-09,0.0,0.0,2.8148123143951987e-08,5.579501218535943e-09,1.6338495363635115e-07,5.92367689733266,1.0725401822796532,0.0
256,5212,5.719204054233887,5.459988323070994e-08,9.217228427430782e-09,9.380560697191009e-08,5.696737939771843e-09,5.684341886080802e-14,4.1928089505161676e-16,2.778465552229871e-08,5.507454921610865e-09,1.6127250238903377e-07,5.923676897532894,1.0725401822020935,0.0
256,5216,5.723593312909432,5.3895936455774983e-08,9.098392308351332e-09,9.259455573093344e-08,5.6231917864641265e-09,5.684341886080802e-14,4.1928089505161676e-16,2.7425894757145575e-08,5.436341614478525e-09,1.591874536282366e-07,5.923676897730435,1.0725401821255018,0.0
256,5220,5.727982571584976,5.320108986757173e-08,8.98109242881811e-09,9.139918401238672e-08,5.5505978377547015e-09,0.0,0.0,2.7071779675610073e-08,5.366149171493074e-09,1.5712943791548832e-07,5.92367689792532,1.0725401820498666,0.0
256,5224,5.7323718302605196,5.2515225532728104e-08,8.865308880018762e-09,9.021928828303834e-08,5.478943733236552e-09,0.0,0.0,2.6722249961686284e-08,5.296865636858143e-09,1.55098111767089e-07,5.923676898117583,1.0725401819751756,0.0
256,5228,5.736761088936063,5.183822686707754e-08,8.751021980905812e-09,8.905466732168437e-08,5.408217252910217e-09,5.684341886080802e-14,4.1928089505161676e-16,2.6377245983975094e-08,5.228479190479641e-09,1.530931232835473e-07,5.923676898307264,1.072540181901417,0.0
256,5232,5.741150347611608,5.116997911091925e-08,8.638212358427266e-09,8.790512307486424e-08,5.338406369150703e-09,-5.684341886080802e-14,-4.1928089505161676e-16,2.6036709050455503e-08,5.16097819846635e-09,1.5111413489240805e-07,5.923676898494393,1.07254018182858,0.0
256,5236,5.745539606287152,5.051036865750818e-08,8.526860834166286e-09,8.677045948781681e-08,5.269499175712401e-09,5.684341886080802e-14,4.1928089505161676e-16,2.5700581061706362e-08,5.094351144391775e-09,1.4916080246595006e-07,5.923676898679006,1.0725401817566522,0.0
256,5240,5.749928864962696,4.985928364525861e-08,8.41694852431348e-09,8.565048351024362e-08,5.2014839488082694e-09,5.684341886080802e-14,4.1928089505161676e-16,2.5368804808416183e-08,5.028586688266338e-09,1.4723279602805083e-07,5.923676898861138,1.0725401816856228,0.0
256,5244,5.75431812363824,4.921661345322171e-08,8.308456754496413e-09,8.454500423733264e-08,5.134349094944905e-09,0.0,0.0,2.5041323717221647e-08,4.963673616157656e-09,1.4532978666959382e-07,5.92367689904082,1.0725401816154803,0.0
256,5248,5.7587073823137835,4.85822491148592e-08,8.201367129630428e-09,8.345383363546027e-08,5.068083194993835e-09,0.0,0.0,2.471808206615277e-08,4.899600882895941e-09,1.434514468010171e-07,5.923676899218088,1.0725401815462139,0.0
256,5252,5.763096640989328,4.7956082782849604e-08,8.095661443570413e-09,8.237678560256785e-08,5.002674947128948e-09,5.684341886080802e-14,4.1928089505161676e-16,2.439902470564744e-08,4.836357556773685e-09,1.4159745456468987e-07,5.923676899392972,1.0725401814778122,0.0
256,5256,5.767485899664872,4.733800836320869e-08,7.991321786159247e-09,8.131367705941165e-08,4.938113233097216e-09,5.684341886080802e-14,4.1928089505161676e-16,2.4084097381833288e-08,4.7739328836263795e-09,1.397674992178824e-07,5.923676899565506,1.0725401814102653,0.0
256,5260,5.771875158340416,4.672792090663399e-08,7.888330440478193e-09,8.026432691399356e-08,4.874387055329416e-09,0.0,0.0,2.3773246430138018e-08,4.712316226100157e-09,1.379612601861512e-07,5.923676899735721,1.0725401813435618,0.0
256,5264,5.77626441701596,4.612571696254159e-08,7.78666994261329e-09,7.922855665861499e-08,4.811485573198725e-09,-5.684341886080802e-14,-4.1928089505161676e-16,2.3466418951757752e-08,4.651497098631233e-09,1.3617843559371023e-07,5.923676899903648,1.0725401812776918,0.0
256,5268,5.780653675691505,4.55312941988061e-08,7.68632301746212e-09,7.820618973427684e-08,4.7493980644212475e-09,-5.684341886080802e-14,-4.1928089505161676e-16,2.3163562625989728e-08,4.5914651302466165e-09,1.3441871793445113e-07,5.923676900069319,1.0725401812126443,0.0
256,5272,5.785042934367048,4.494455184762815e-08,7.587272654002494e-09,7.719705226717642e-08,4.688113969782878e-09,0.0,0.0,2.286462592738851e-08,4.532210107608669e-09,1.326818070517145e-07,5.923676900232763,1.0725401811484094,0.0
256,5276,5.789432193042592,4.4365390505009215e-08,7.489502071440997e-09,7.620097274863784e-08,4.627622873701729e-09,0.0,0.0,2.256955803178267e-08,4.473721956385792e-09,1.3096740726662096e-07,5.92367690039401,1.072540181084977,0.0
256,5280,5.793821451718136,4.379371183501626e-08,7.392994669288695e-09,7.52177815150438e-08,4.567914472644813e-09,0.0,0.0,2.2278308661832212e-08,4.4159907106389315e-09,1.292752231420472e-07,5.923676900553091,1.0725401810223372,0.0
256,5284,5.79821071039368,4.322941884290845e-08,7.297734073468763e-09,7.42473112235929e-08,4.5089786040203995e-09,5.684341886080802e-14,4.1928089505161676e-16,2.1990828228163303e-08,4.3590065407971996e-09,1.276049687673895e-07,5.923676900710035,1.0725401809604798,0.0
256,5288,5.802599969069225,4.2672415870853476e-08,7.203704135593349e-09,7.328939684490485e-08,4.450805245728936e-09,0.0,0.0,2.1707067827176816e-08,4.302759753223496e-09,1.2595635744407035e-07,5.923676900864868,1.072540180899395,0.0
256,5292,5.8069892277447686,4.212260842414741e-08,7.110888903627029e-09,7.234387535591215e-08,4.3933844975126036e-09,-5.684341886080802e-14,-4.1928089505161676e-16,2.1426979149798326e-08,4.247240772126982e-09,1.2432910970341724e-07,5.923676901017624,1.0725401808390738,0.0
256,5296,5.811378486420312,4.1579903305321315e-08,7.0192726445259014e-09,7.141058597690494e-08,4.336706595350865e-09,5.684341886080802e-14,4.1928089505161676e-16,2.115051455191201e-08,4.192440153524452e-09,1.2272294345463343e-07,5.923676901168325,1.072540180779506,0.0
256,5300,5.815767745095856,4.104420850445681e-08,6.9288398257213e-09,7.048936997657669e-08,4.280761899621042e-09,0.0,0.0,2.0877626996398168e-08,4.138348573751044e-09,1.2113758858659993e-07,5.923676901317004,1.0725401807206827,0.0
256,5304,5.8201570037714,4.0515433191603516e-08,6.839575113839761e-09,6.958007067185738e-08,4.225540895088192e-09,5.684341886080802e-14,4.1928089505161676e-16,2.0608270053514964e-08,4.084956829535912e-09,1.1957277576671118e-07,5.923676901463683,1.0725401806625943,0.0
256,5308,5.824546262446945,3.999348772788927e-08,6.75146337657858e-09,6.868253342743782e-08,4.171034190876211e-09,5.684341886080802e-14,4.1928089505161676e-16,2.034239790010167e-08,4.032255837844287e-09,1.180282342333464e-07,5.923676901608393,1.0725401806052317,0.0
256,5312,5.828935521122489,3.947828367114582e-08,6.664489683655507e-09,6.779660568226609e-08,4.11723252207695e-09,0.0,0.0,2.007996532799108e-08,3.980236637544988e-09,1.165037038243232e-07,5.9236769017511595,1.0725401805485861,0.0
256,5316,5.8333247797980325,3.896973360877218e-08,6.5786392785937334e-09,6.692213665472593e-08,4.064126731845934e-09,-5.684341886080802e-14,-4.1928089505161676e-16,1.9820927656427908e-08,3.928890372050055e-09,1.1499892090415963e-07,5.923676901892007,1.0725401804926482,0.0
256,5320,5.837714038473576,3.8467751413352185e-08,6.4938976218737265e-09,6.605897778432935e-08,4.011707798225994e-09,0.0,0.0,1.9565240862980285e-08,3.878208315263932e-09,1.1351363239795545e-07,5.923676902030964,1.0725401804374095,0.0
256,5324,5.842103297149121,3.79722519806014e-08,6.4102503466949845e-09,6.520698227532514e-08,3.959966806430984e-09,0.0,0.0,1.93128614481525e-08,3.828181844747102e-09,1.1204757954445174e-07,5.923676902168054,1.0725401803828611,0.0
256,5328,5.846492555824665,3.7483151400960606e-08,6.32768328794343e-09,6.436600539994312e-08,3.9088949672615604e-09,5.684341886080802e-14,4.1928089505161676e-16,1.906374652548701e-08,3.7788024595760435e-09,1.1060051875341692e-07,5.923676902303304,1.0725401803289945,0.0
256,5332,5.850881814500209,3.700036686326229e-08,6.24618246592896e-09,6.353590432960939e-08,3.858483606855019e-09,0.0,0.0,1.8817853771461534e-08,3.730061770411868e-09,1.09172200419556e-07,5.923676902436736,1.0725401802758012,0.0
256,5336,5.855271073175753,3.6523816527157365e-08,6.1657340648492775e-09,6.271653790265908e-08,3.808724152578678e-09,5.684341886080802e-14,4.1928089505161676e-16,1.8575141356247434e-08,3.6819514857752936e-09,1.0776238029987338e-07,5.923676902568378,1.072540180223273,0.0
256,5340,5.8596603318512965,3.605341951008434e-08,6.086324430590107e-09,6.190776662586359e-08,3.759608133122631e-09,5.684341886080802e-14,4.1928089505161676e-16,1.8335567944963952e-08,3.6344634122952607e-09,1.0637081929447552e-07,5.923676902698251,1.0725401801714014,0.0
256,5344,5.864049590526841,3.558909630645273e-08,6.0079401414892486e-09,6.110945338289262e-08,3.7111272215240656e-09,5.684341886080802e-14,4.1928089505161676e-16,1.8099092907127518e-08,3.587589496225826e-09,1.0499728099516345e-07,5.92367690282638,1.072540180120178,0.0
256,5348,5.868438849202385,3.513076812838243e-08,5.930567897044118e-09,6.032146228845656e-08,3.663273165580262e-09,5.684341886080802e-14,4.1928089505161676e-16,1.7865675976812644e-08,3.5413217560834933e-09,1.0364152757949696e-07,5.923676902952789,1.0725401800695948,0.0
256,5352,5.872828107877929,3.4678357375018596e-08,5.854194597138687e-09,5.954365951535872e-08,3.6160378380748063e-09,0.0,0.0,1.76352774983154e-08,3.495652331342455e-09,1.0230333288200094e-07,5.923676903077502,1.072540180019644,0.0
256,5356,5.877217366553473,3.4231787524486216e-08,5.778807323803908e-09,5.8775913100976034e-08,3.569413225025318e-09,0.0,0.0,1.7407858368569556e-08,3.4505734710203603e-09,1.0098246393165266e-07,5.92367690320054,1.0725401799703174,0.0
256,5360,5.881606625229018,3.37909828813589e-08,5.704393298586884e-09,5.8018092508520055e-08,3.5233913990391906e-09,-5.684341886080802e-14,-4.1928089505161676e-16,1.7183379907031253e-08,3.4060775078869483e-09,9.967869717841702e-08,5.923676903321925,1.0725401799216077,0.0
256,5364,5.885995883904561,3.33558688732337e-08,5.630939932616879e-09,5.72700691372662e-08,3.4779645502993927e-09,-5.684341886080802e-14,-4.1928089505161676e-16,1.696180400682923e-08,3.3621568884249355e-09,9.839181120720818e-08,5.923676903441682,1.0725401798735072,0.0
256,5368,5.890385142580105,3.292637180519952e-08,5.5584347851561195e-09,5.6531715911774076e-08,3.4331249616181593e-09,5.684341886080802e-14,4.1928089505161676e-16,1.6743093013465127e-08,3.318804148786079e-09,9.712159052109617e-08,5.92367690355983,1.0725401798260081,0.0
256,5372,5.894774401255649,3.250241893760723e-08,5.4868655767284985e-09,5.580290740488954e-08,3.3888650159068025e-09,0.0,0.0,1.6527209760890206e-08,3.2760119219422768e-09,9.586781202447846e-08,5.923676903676393,1.072540179779103,0.0
256,5376,5.899163659931193,3.2083938396424884e-08,5.416220173986263e-09,5.5083519670738505e-08,3.345177186033564e-09,0.0,0.0,1.631411752160341e-08,3.23377292779404e-09,9.463026666251625e-08,5.923676903791391,1.072540179732784,0.0
256,5380,5.903552918606738,3.167085947751255e-08,5.346486641075892e-09,5.437343080694697e-08,3.3020540689667765e-09,0.0,0.0,1.6103780174500863e-08,3.192080006441505e-09,9.34087401293457e-08,5.9236769039048465,1.0725401796870444,0.0
256,5384,5.9079421772822815,3.126311218610604e-08,5.277653161896469e-09,5.3672520111729614e-08,3.2594883345855445e-09,0.0,0.0,1.5896161953476157e-08,3.150926068352154e-09,9.220302813528819e-08,5.923676904016778,1.0725401796418768,0.0
256,5388,5.912331435957825,3.086062752911221e-08,5.2097080894432435e-09,5.298066863305378e-08,3.2174727590300227e-09,0.0,0.0,1.569122761165513e-08,3.110304126915325e-09,9.1012922129103e-08,5.923676904127208,1.0725401795972738,0.0
256,5392,5.916720694633369,3.046333747745486e-08,5.142639939451085e-09,5.2297759082584636e-08,3.1760002194753768e-09,0.0,0.0,1.5488942395190523e-08,3.0702072932477985e-09,8.983822000987274e-08,5.923676904236156,1.0725401795532288,0.0
256,5396,5.921109953308913,3.007117471784694e-08,5.076437348490144e-09,5.162367539995023e-08,3.135063667669956e-09,-5.684341886080802e-14,-4.1928089505161676e-16,1.5289271913889168e-08,3.030628750549617e-09,8.867872225450939e-08,5.923676904343642,1.0725401795097347,0.0
256,5400,5.925499211984458,2.9684072973119896e-08,5.0110891280419485e-09,5.0958303316696235e-08,3.094656164183804e-09,5.684341886080802e-14,4.1928089505161676e-16,1.5092182308708475e-08,2.991561787305117e-09,8.753423474686538e-08,5.923676904449685,1.0725401794667844,0.0
256,5404,5.929888470660002,2.9301966596867102e-08,4.946584196069514e-09,5.030152965611674e-08,3.0547708358879547e-09,-1.1368683772161603e-13,-8.385617901032335e-16,1.4897640044245e-08,2.952999756150158e-09,8.640455386915346e-08,5.9236769045543065,1.0725401794243714,0.0
256,5408,5.9342777293355455,2.8924791012054035e-08,4.882911651060912e-09,4.9653243083046746e-08,3.0154009214887184e-09,5.684341886080802e-14,4.1928089505161676e-16,1.4705612130692217e-08,2.914936117868439e-09,8.528949966203903e-08,5.9236769046575235,1.072540179382489,0.0
256,5412,5.938666988011089,2.8552482492321474e-08,4.82006073511017e-09,4.9013333741513236e-08,2.976539749522527e-09,0.0,0.0,1.4516066016963883e-08,2.877364420206486e-09,8.418887230655976e-08,5.923676904759356,1.0725401793411302,0.0
256,5416,5.943056246686634,2.8184977958244657e-08,4.758020799522958e-09,4.838169288005578e-08,2.9381807156019603e-09,5.684341886080802e-14,4.1928089505161676e-16,1.432896947888978e-08,2.840278275711889e-09,8.31024891323717e-08,5.923676904859821,1.0725401793002889,0.0
256,5420,5.947445505362178,2.782221536239129e-08,4.69678136981979e-09,4.775821354383131e-08,2.9003173244467036e-09,-5.684341886080802e-14,-4.1928089505161676e-16,1.4144290825237829e-08,2.8036714025708626e-09,8.20301626802271e-08,5.923676904958939,1.0725401792599585,0.0
256,5424,5.951834764037722,2.746413324679703e-08,4.636332071031664e-09,4.7142789783832414e-08,2.8629431418600206e-09,0.0,0.0,1.3961998662466259e-08,2.7675375779775853e-09,8.09717125687426e-08,5.923676905056728,1.0725401792201326,0.0
256,5428,5.956224022713266,2.7110671099416675e-08,4.576662687874037e-09,4.6535317282664845e-08,2.8260518327317117e-09,5.684341886080802e-14,4.1928089505161676e-16,1.378206208052381e-08,2.7318706749633855e-09,7.992695801718097e-08,5.923676905153204,1.072540179180805,0.0
256,5432,5.9606132813888095,2.6761769083683524e-08,4.517763119092639e-09,4.593569290407656e-08,2.789637133681378e-09,0.0,0.0,1.3604450519897911e-08,2.6966646360431245e-09,7.889571762709167e-08,5.923676905248387,1.072540179141969,0.0
256,5436,5.965002540064354,2.6417368343416802e-08,4.4596234289361375e-09,4.534381520068296e-08,2.753692883892162e-09,0.0,0.0,1.3429133921459128e-08,2.661913502917258e-09,7.787782755086698e-08,5.923676905342292,1.072540179103619,0.0
256,5440,5.969391798739898,2.6077410433041747e-08,4.402233750969272e-09,4.475958342127738e-08,2.718212964825525e-09,0.0,0.0,1.3256082431970345e-08,2.6276113580980715e-09,7.687310023609096e-08,5.923676905434939,1.0725401790657487,0.0
256,5444,5.973781057415442,2.5741838048502583e-08,4.3455844114612445e-09,4.418289880124178e-08,2.6831913785868315e-09,0.0,0.0,1.3085266787461388e-08,2.5937524009019325e-09,7.588137101100149e-08,5.923676905526342,1.0725401790283522,0.0
256,5448,5.978170316090986,2.5410594396653675e-08,4.2896658229300794e-09,4.361366344238658e-08,2.6486221798989418e-09,0.0,0.0,1.2916657980211938e-08,2.5603308814388726e-09,7.490247337210532e-08,5.92367690561652,1.0725401789914237,0.0
256,5452,5.98255957476653,2.5083623477078616e-08,4.234468531717645e-09,4.305178083161078e-08,2.6144995076000133e-09,1.1368683772161603e-13,8.385617901032335e-16,1.275022741353214e-08,2.527341131293095e-09,7.393623906567437e-08,5.92367690570549,1.0725401789549571,0.0
256,5456,5.986948833442074,2.4760870061229498e-08,4.179983214468072e-09,4.2497155778647074e-08,2.580817580862815e-09,-5.684341886080802e-14,-4.1928089505161676e-16,1.258594688243702e-08,2.4947775596922688e-09,7.298249958586566e-08,5.923676905793265,1.072540178918947,0.0
256,5460,5.991338092117618,2.4442279685127104e-08,4.126200676895442e-09,4.194969440986703e-08,2.547570698818519e-09,0.0,0.0,1.2423788572024507e-08,2.4626346531860227e-09,7.204109809913544e-08,5.923676905879862,1.0725401788833875,0.0
256,5464,5.995727350793162,2.4127798356947153e-08,4.0731118044202335e-09,4.1409303687985655e-08,2.5147532113887517e-09,0.0,0.0,1.2263724915955814e-08,2.4309069475940253e-09,7.111187845886086e-08,5.9236769059653005,1.072540178848273,0.0
256,5468,6.000116609468706,2.381737301965494e-08,4.0207076402685555e-09,4.0875892160312903e-08,2.4823595647262985e-09,0.0,0.0,1.210572881652039e-08,2.399589071627106e-09,7.019467178482994e-08,5.923676906049591,1.0725401788135978,0.0
256,5472,6.004505868144251,2.3510951089694667e-08,3.968979307596418e-09,4.0349369209824846e-08,2.4503842557332646e-09,-5.684341886080802e-14,-4.1928089505161676e-16,1.1949773424271335e-08,2.3686757032067385e-09,6.928932810005585e-08,5.923676906132753,1.0725401787793567,0.0
256,5476,6.0088951268197945,2.320848085087857e-08,3.9179180759837575e-09,3.982964570880108e-08,2.4188218717559427e-09,0.0,0.0,1.1795832330854422e-08,2.3381616076874793e-09,6.839569230887777e-08,5.9236769062148005,1.072540178745544,0.0
256,5480,6.013284385495338,2.2909911269564228e-08,3.867515330233766e-09,3.9316633711222576e-08,2.3876670719043868e-09,0.0,0.0,1.1643879478231438e-08,2.308041619863278e-09,6.751361803611699e-08,5.923676906295747,1.0725401787121545,0.0
256,5484,6.017673644170882,2.2615191893947957e-08,3.817762553372203e-09,3.881024628481693e-08,2.356914576852654e-09,5.684341886080802e-14,4.1928089505161676e-16,1.1493889109102952e-08,2.2783106341403147e-09,6.664294576810559e-08,5.923676906375608,1.0725401786791828,0.0
256,5488,6.022062902846426,2.232427298218653e-08,3.768651348276137e-09,3.831039770836302e-08,2.326559180820958e-09,0.0,0.0,1.134583582458329e-08,2.2489636159692937e-09,6.578353293023219e-08,5.923676906454399,1.072540178646624,0.0
256,5492,6.026452161521971,2.2037105335030605e-08,3.7201734094201204e-09,3.781700320385923e-08,2.2965957353104635e-09,5.684341886080802e-14,4.1928089505161676e-16,1.1199694505531795e-08,2.219995586251779e-09,6.493523239696996e-08,5.923676906532133,1.0725401786144724,0.0
256,5496,6.030841420197515,2.1753640425508763e-08,3.6723205447686763e-09,3.732997914569666e-08,2.2670191618062046e-09,-5.684341886080802e-14,-4.1928089505161676e-16,1.1055440374051318e-08,2.191401633530384e-09,6.40979013512721e-08,5.923676906608826,1.0725401785827233,0.0
256,5500,6.0352306788730585,2.147383043129039e-08,3.6250846812396085e-09,3.684924314173848e-08,2.237824456700965e-09,-1.1368683772161603e-13,-8.385617901032335e-16,1.0913049018358316e-08,2.1631769189185043e-09,6.327139830245711e-08,5.923676906684491,1.0725401785513717,0.0
256,5504,6.039619937548602,2.1197628055103202e-08,3.578457834387955e-09,3.637471368592512e-08,2.209006670198281e-09,0.0,0.0,1.077249628858266e-08,2.1353166554458285e-09,6.245557911795584e-08,5.923676906759142,1.0725401785204125,0.0
256,5508,6.044009196224147,2.092498672567681e-08,3.532432142328086e-09,3.590631054217393e-08,2.180560929626346e-09,1.1368683772161603e-13,8.385617901032335e-16,1.0633758411773852e-08,2.10781613085479e-09,6.165030888901737e-08,5.9236769068327915,1.072540178489841,0.0
256,5512,6.048398454899691,2.065586035069243e-08,3.4869998240281414e-09,3.5443954288552336e-08,2.152482411756027e-09,-5.684341886080802e-14,-4.1928089505161676e-16,1.049681185583491e-08,2.080670680629637e-09,6.085545130432372e-08,5.923676906905455,1.0725401784596522,0.0
256,5516,6.052787713575235,2.0390203509552066e-08,3.44215321185218e-09,3.49875666746108e-08,2.124766364501397e-09,5.684341886080802e-14,4.1928089505161676e-16,1.0361633436239536e-08,2.0538757091498346e-09,6.007086547891105e-08,5.923676906977144,1.0725401784298412,0.0
256,5520,6.057176972250779,2.0127971284018453e-08,3.3978847229698197e-09,3.4537070307195447e-08,2.097408087839396e-09,-5.684341886080802e-14,-4.1928089505161676e-16,1.0228200222192645e-08,2.0274266710892717e-09,5.929642173439115e-08,5.923676907047873,1.0725401784004032,0.0
256,5524,6.0615662309263225,1.986911957294161e-08,3.354186912486507e-09,3.409238920164215e-08,2.0704029672833966e-09,0.0,0.0,1.009648970024229e-08,2.0013191038473006e-09,5.853199308972401e-08,5.923676907117654,1.072540178371334,0.0
256,5528,6.065955489601867,1.961360459130111e-08,3.311052388874804e-09,3.365344793036016e-08,2.043746422177382e-09,5.684341886080802e-14,4.1928089505161676e-16,9.9664795224059e-09,1.975548577622497e-09,5.7777442325006426e-08,5.9236769071865,1.0725401783426287,0.0
256,5532,6.070344748277411,1.936138315972571e-08,3.2684738628493773e-09,3.32201721038705e-08,2.017433934909017e-09,0.0,0.0,9.838147648101544e-09,1.9501107235461765e-09,5.7032646407508e-08,5.923676907254424,1.0725401783142827,0.0
256,5536,6.074734006952955,1.911241278325658e-08,3.226444160663335e-09,3.279248850990975e-08,1.9914610593573053e-09,0.0,0.0,9.71147238547665e-09,1.9250012418745427e-09,5.6297473834683776e-08,5.923676907321437,1.0725401782862918,0.0
256,5540,6.079123265628499,1.886665135804366e-08,3.18495617459445e-09,3.2370324614543747e-08,1.965823390595634e-09,5.684341886080802e-14,4.1928089505161676e-16,9.586432243809524e-09,1.900215872731821e-09,5.557180569349179e-08,5.923676907387553,1.0725401782586512,0.0
256,5544,6.083512524304043,1.8624057468839794e-08,3.1440029131663525e-09,3.1953609081005077e-08,1.9405165964003478e-09,0.0,0.0,9.463006087445202e-09,1.875750426623315e-09,5.485551515431407e-08,5.9236769074527835,1.0725401782313568,0.0
256,5548,6.087901782979587,1.838459017870304e-08,3.1035774656473213e-09,3.154227138364109e-08,1.915536393806131e-09,0.0,0.0,9.341173020618621e-09,1.8516007616051365e-09,5.414848251443485e-08,5.923676907517138,1.072540178204404,0.0
256,5552,6.092291041655131,1.8148209154961877e-08,3.0636730233149836e-09,3.113624204625968e-08,1.890878563580548e-09,5.684341886080802e-14,4.1928089505161676e-16,9.220912458787189e-09,1.8277627974236965e-09,5.3450585832012694e-08,5.923676907580632,1.0725401781777886,0.0
256,5556,6.096680300330675,1.791487443615366e-08,3.0242828401122476e-09,3.073545222824801e-08,1.8665389250893753e-09,0.0,0.0,9.102204005589638e-09,1.8042324911265762e-09,5.276170803482528e-08,5.9236769076432765,1.0725401781515067,0.0
256,5560,6.101069559006219,1.7684546688234562e-08,2.9854002758991442e-09,3.033983417998931e-08,1.8425133639536888e-09,0.0,0.0,8.985027588249019e-09,1.7810058639020134e-09,5.2081733973793116e-08,5.92367690770508,1.0725401781255541,0.0
256,5564,6.105458817681764,1.745718707318757e-08,2.947018774272009e-09,2.994932100480477e-08,1.81879781759279e-09,0.0,0.0,8.86936338664789e-09,1.7580789870202364e-09,5.141054431143093e-08,5.923676907766057,1.0725401780999262,0.0
256,5568,6.1098480763573075,1.7232757129731667e-08,2.9091318424255154e-09,2.956384645494847e-08,1.7953882628351473e-09,5.684341886080802e-14,4.1928089505161676e-16,8.755191772934878e-09,1.7354479698623184e-09,5.074802547849065e-08,5.923676907826217,1.0725401780746193,0.0
256,5572,6.114237335032851,1.701121919418276e-08,2.871733122199916e-09,2.9183345655131553e-08,1.772280759857424e-09,5.684341886080802e-14,4.1928089505161676e-16,8.642493525843719e-09,1.7131090024023478e-09,5.009407105826426e-08,5.923676907885571,1.0725401780496295,0.0
256,5576,6.118626593708395,1.6792535814926862e-08,2.834816291235883e-09,2.8807754096965642e-08,1.7494713911178508e-09,0.0,0.0,8.531249532867203e-09,1.6910582961725565e-09,4.944856252222708e-08,5.923676907944131,1.0725401780249528,0.0
256,5580,6.123015852383939,1.6576670088374108e-08,2.7983751196882677e-09,2.8437008226308004e-08,1.7269562970252179e-09,0.0,0.0,8.421440964566264e-09,1.6692921188147452e-09,4.8811393377724194e-08,5.923676908001907,1.0725401780005852,0.0
256,5584,6.127405111059484,1.636358568852459e-08,2.762403475217235e-09,2.8071045477223013e-08,1.7047316780013257e-09,0.0,0.0,8.313049284064118e-09,1.6478067959622044e-09,4.818245760966757e-08,5.923676908058908,1.0725401779765227,0.0
256,5588,6.131794369735028,1.6153246531799893e-08,2.7268952664071063e-09,2.770980370223728e-08,1.682793759880845e-09,0.0,0.0,8.206056078495751e-09,1.6265986778297513e-09,4.7561648171505543e-08,5.923676908115145,1.0725401779527617,0.0
256,5592,6.1361836284105715,1.594561724920431e-08,2.6918445224738176e-09,2.7353221994092734e-08,1.6611388438157107e-09,-5.684341886080802e-14,-4.1928089505161676e-16,8.100443302760564e-09,1.6056641875302069e-09,4.6948855717330083e-08,5.9236769081706315,1.072540177929298,0.0
256,5596,6.140572887086115,1.57406628960507e-08,2.657245344262561e-09,2.7001240168001873e-08,1.6397632748329055e-09,0.0,0.0,7.996193125530413e-09,1.584999790550219e-09,4.6343977900633103e-08,5.9236769082253735,1.0725401779061285,0.0
256,5600,6.14496214576166,1.5538348893576794e-08,2.6230918943917937e-09,2.665379867136263e-08,1.6186634363515171e-09,0.0,0.0,7.89328790284411e-09,1.5646019895161807e-09,4.574691534205075e-08,5.923676908279383,1.0725401778832493,0.0
256,5604,6.149351404437204,1.5338641108208142e-08,2.589378410633941e-09,2.63108387235329e-08,1.5978357586711326e-09,0.0,0.0,7.791710219628518e-09,1.5444673324245148e-09,4.5157565125292905e-08,5.923676908332669,1.0725401778606565,0.0
256,5608,6.153740663112748,1.514150588442107e-08,2.5560992114631244e-09,2.5972302369453867e-08,1.577276722228337e-09,5.684341886080802e-14,4.1928089505161676e-16,7.69144290548624e-09,1.5245924157710979e-09,4.457582814388267e-08,5.923676908385242,1.0725401778383468,0.0
256,5612,6.158129921788292,1.494690998986106e-08,2.5232486867903722e-09,2.5638132378338585e-08,1.5569828514441556e-09,0.0,0.0,7.592469004452076e-09,1.5049738785564052e-09,4.4001602256993844e-08,5.923676908437112,1.0725401778163164,0.0
256,5616,6.1625191804638355,1.475482071454713e-08,2.4908213147107135e-09,2.5308272427947414e-08,1.5369507259149498e-09,5.684341886080802e-14,4.1928089505161676e-16,7.494771830038805e-09,1.4856084131966485e-09,4.3434794569652724e-08,5.923676908488286,1.0725401777945622,0.0
256,5620,6.16690843913938,1.4565205589686576e-08,2.4588116140351538e-09,2.4982666603943338e-08,1.5171769500086744e-09,5.684341886080802e-14,4.1928089505161676e-16,7.398334816359983e-09,1.466492736013441e-09,4.2875302966986195e-08,5.923676908538776,1.0725401777730805,0.0
256,5624,6.171297697814924,1.4378032684895485e-08,2.427214194465676e-09,2.4661259927773506e-08,1.4976581849226926e-09,5.684341886080802e-14,4.1928089505161676e-16,7.303141675064071e-09,1.4476236183411701e-09,4.232304187234973e-08,5.9236769085885905,1.0725401777518682,0.0
256,5628,6.175686956490468,1.4193270501977194e-08,2.396023738663551e-09,2.4343998161008065e-08,1.4783911368014332e-09,0.0,0.0,7.209176336938751e-09,1.4289978749518453e-09,4.1777909453742864e-08,5.923676908637738,1.0725401777309211,0.0
256,5632,6.180076215166012,1.4010887848646774e-08,2.365234980932255e-09,2.4030827593332607e-08,1.459372543861345e-09,0.0,0.0,7.116422889281433e-09,1.410612351640725e-09,4.123981591268479e-08,5.923676908686227,1.0725401777102368,0.0
256,5636,6.184465473841556,1.3830854053495528e-08,2.3348427435064984e-09,2.3721695415527518e-08,1.4405991990416276e-09,5.684341886080802e-14,4.1928089505161676e-16,7.024865686496331e-09,1.3924639471487907e-09,4.070866995844463e-08,5.923676908734068,1.0725401776898118,0.0
256,5640,6.1888547325171,1.3653138776000668e-08,2.3048419044791895e-09,2.341654938794337e-08,1.4220679298710137e-09,0.0,0.0,6.934489251727295e-09,1.3745495936644763e-09,4.018438489791519e-08,5.9236769087812675,1.0725401776696426,0.0
256,5644,6.193243991192644,1.3477712046560909e-08,2.275227404560005e-09,2.3115337912861983e-08,1.4037756028621964e-09,5.684341886080802e-14,4.1928089505161676e-16,6.845278298410838e-09,1.3568662610958933e-09,3.966686936738756e-08,5.9236769088278365,1.0725401776497263,0.0
256,5648,6.197633249868188,1.3304544361992119e-08,2.2459942631963975e-09,2.2818010193375772e-08,1.3857191331604424e-09,1.1368683772161603e-13,8.385617901032335e-16,6.757217777161099e-09,1.339410966364337e-09,3.9156031886184256e-08,5.923676908873782,1.0725401776300594,0.0
256,5652,6.202022508543732,1.3133606598674685e-08,2.2171375639116506e-09,2.2524516092574278e-08,1.3678954759921053e-09,0.0,0.0,6.670292834343902e-09,1.3221807651928628e-09,3.865179465116055e-08,5.923676908919113,1.072540177610639,0.0
256,5656,6.206411767219277,1.296486994205657e-08,2.188652442404003e-09,2.2234805992989758e-08,1.350301618128871e-09,-5.684341886080802e-14,-4.1928089505161676e-16,6.584488769792793e-09,1.3051727437247916e-09,3.81540636656365e-08,5.923676908963837,1.072540177591462,0.0
256,5660,6.2108010258948205,1.2798305961927169e-08,2.160534099253936e-09,2.194883095496617e-08,1.3329345875053763e-09,0.0,0.0,6.499791084692157e-09,1.2883840280150654e-09,3.766275993123874e-08,5.9236769090079635,1.0725401775725254,0.0
256,5664,6.215190284570364,1.2633886638243433e-08,2.1327778042839807e-09,2.1666542739203983e-08,1.3157914545883377e-09,0.0,0.0,6.416185487522064e-09,1.271811785208632e-09,3.7177798649034356e-08,5.923676909051499,1.0725401775538261,0.0
256,5668,6.219579543245908,1.2471584152423627e-08,2.1053788613261764e-09,2.138789345526557e-08,1.2988693110305698e-09,-5.684341886080802e-14,-4.1928089505161676e-16,6.333657790185184e-09,1.2554532029507942e-09,3.669909485158134e-08,5.923676909094452,1.0725401775353611,0.0
256,5672,6.223968801921452,1.2311371354218767e-08,2.078332687036531e-09,2.111283636367703e-08,1.2821653183819751e-09,-5.684341886080802e-14,-4.1928089505161676e-16,6.252194145584259e-09,1.2393055364796497e-09,3.622657251317396e-08,5.92367690913683,1.0725401775171277,0.0
256,5676,6.228358060596997,1.2153221244850799e-08,2.051634723641477e-09,2.0841324987186756e-08,1.2656766541170023e-09,5.684341886080802e-14,4.1928089505161676e-16,6.171780784357205e-09,1.223366056441908e-09,3.5760151372041146e-08,5.923676909178642,1.0725401774991226,0.0
256,5680,6.232747319272541,1.199710710684308e-08,2.0252804608550825e-09,2.0573313335199894e-08,1.249400525264367e-09,5.684341886080802e-14,4.1928089505161676e-16,6.0924040813995674e-09,1.2076320620789245e-09,3.5299745921473306e-08,5.923676909219894,1.0725401774813432,0.0
256,5684,6.2371365779480845,1.184300273975746e-08,1.9992654756747863e-09,2.030875630551855e-08,1.2333341928044067e-09,-5.684341886080802e-14,-4.1928089505161676e-16,6.014050674747795e-09,1.1921009047916601e-09,3.4845287237819066e-08,5.923676909260594,1.0725401774637868,0.0
256,5688,6.241525836623628,1.1690882107344015e-08,1.973585372815311e-09,2.004760908161117e-08,1.2174749350657436e-09,5.684341886080802e-14,4.1928089505161676e-16,5.936707287171077e-09,1.1767699527767397e-09,3.4396690936125064e-08,5.92367690930075,1.0725401774464502,0.0
256,5692,6.245915095299173,1.154071978349544e-08,1.948235859992037e-09,1.97898278986955e-08,1.2018200942488753e-09,5.684341886080802e-14,4.1928089505161676e-16,5.860360953077485e-09,1.1616366360036293e-09,3.3953885894375154e-08,5.923676909340369,1.072540177429331,0.0
256,5696,6.250304353974717,1.1392490318711568e-08,1.9232126409712997e-09,1.9535368949359213e-08,1.1863670099654104e-09,0.0,0.0,5.784998694166195e-09,1.1466983819226459e-09,3.351679575715241e-08,5.923676909379458,1.0725401774124264,0.0
256,5700,6.254693612650261,1.1246168927834253e-08,1.8985115316697136e-09,1.9284189572557463e-08,1.171113091444919e-09,-5.684341886080802e-14,-4.1928089505161676e-16,5.710607871851011e-09,1.1319526853221021e-09,3.308534521659736e-08,5.923676909418025,1.072540177395734,0.0
256,5704,6.259082871325805,1.1101730949652255e-08,1.874128368927876e-09,1.9036247323756214e-08,1.156055761065495e-09,1.1368683772161603e-13,8.385617901032335e-16,5.637175911794414e-09,1.117397053725638e-09,3.265946205536545e-08,5.923676909456075,1.0725401773792507,0.0
256,5708,6.2634721300013485,1.0959152013054266e-08,1.8500590385593328e-09,1.879150025342267e-08,1.141192471266255e-09,0.0,0.0,5.564690386160723e-09,1.1030290236963857e-09,3.2239077403849794e-08,5.923676909493618,1.072540177362974,0.0
256,5712,6.267861388676893,1.0818408177172936e-08,1.8262994990088635e-09,1.8549907156468556e-08,1.1265207196958228e-09,-5.684341886080802e-14,-4.1928089505161676e-16,5.493139087790796e-09,1.0888461755398251e-09,3.1824112438263824e-08,5.9236769095306565,1.072540177346901,0.0
256,5716,6.272250647352437,1.0679475706061782e-08,1.8028457433147732e-09,1.8311427178621466e-08,1.1120380253075834e-09,0.0,0.0,5.42250991339292e-09,1.074846110149966e-09,3.141450578406147e-08,5.923676909567201,1.07254017733103,0.0
256,5720,6.276639906027981,1.0542331340829368e-08,1.7796938450489695e-09,1.8076020297637887e-08,1.097741957583358e-09,0.0,0.0,5.352791006534388e-09,1.0610264773530366e-09,3.101018228155964e-08,5.923676909603256,1.0725401773153578,0.0
256,5724,6.281029164703525,1.0406951888123119e-08,1.7568398888472424e-09,1.784364658832478e-08,1.083630091898763e-09,5.684341886080802e-14,4.1928089505161676e-16,5.28397053900589e-09,1.0473849325696864e-09,3.06110760879376e-08,5.92367690963883,1.0725401772998822,0.0
256,5728,6.285418423379069,1.0273314730756221e-08,1.734280056610268e-09,1.7614267134961833e-08,1.0697000649338705e-09,0.0,0.0,5.216036982255615e-09,1.0339191906184658e-09,3.021711801479525e-08,5.923676909673929,1.0725401772846006,0.0
256,5732,6.289807682054613,1.0141397198250643e-08,1.712010521242415e-09,1.738784291895267e-08,1.0559495071211724e-09,0.0,0.0,5.1489787768801656e-09,1.020626960202544e-09,2.9828242006692704e-08,5.923676909708558,1.0725401772695105,0.0
256,5736,6.294196940730157,1.0011177277219439e-08,1.6900275665742718e-09,1.716433605652976e-08,1.04237611781039e-09,0.0,0.0,5.082784699804018e-09,1.0075060166917656e-09,2.9444385130241406e-08,5.923676909742723,1.0725401772546097,0.0
256,5740,6.298586199405701,9.882632981879676e-09,1.6683274810963726e-09,1.6943708709354973e-08,1.028977599110136e-09,-5.684341886080802e-14,-4.1928089505161676e-16,5.0174435413403656e-09,9.945541381098775e-10,2.906547947758045e-08,5.923676909776432,1.072540177239896,0.0
256,5744,6.302975458081245,9.755742761594647e-09,1.6469066267580562e-09,1.6725923798028805e-08,1.0157516992187453e-09,0.0,0.0,4.952944316976002e-09,9.817691471143798e-10,2.8691460827800253e-08,5.923676909809691,1.0725401772253667,0.0
256,5748,6.30736471675679,9.630485155826092e-09,1.625761380718547e-09,1.6510944391926582e-08,1.002696175369527e-09,-5.684341886080802e-14,-4.1928089505161676e-16,4.8892760860616124e-09,9.691488750574419e-10,2.8322266804812103e-08,5.923676909842506,1.0725401772110195,0.0
256,5752,6.3117539754323335,9.506839126807122e-09,1.604888191506824e-09,1.6298734292419732e-08,9.898088292493167e-10,0.0,0.0,4.826428124950445e-09,9.566911963053295e-10,2.7957836448122842e-08,5.92367690987488,1.072540177196852,0.0
256,5756,6.316143234107877,9.384784061490099e-09,1.5842835793504517e-09,1.608925802123478e-08,9.77087506291526e-10,5.684341886080802e-14,4.1928089505161676e-16,4.764389923046902e-09,9.443940274551578e-10,2.7598105469568683e-08,5.923676909906822,1.0725401771828622,0.0
256,5760,6.320532492783421,9.264299378537675e-09,1.5639440698301376e-09,1.5882480170272784e-08,9.645300561912093e-10,0.0,0.0,4.7031509910676754e-09,9.322552893285504e-10,2.7243014701470463e-08,5.923676909938338,1.072540177169048,0.0
256,5764,6.324921751458965,9.145364743962208e-09,1.543866230282699e-09,1.5678365747272895e-08,9.521343538969284e-10,-5.684341886080802e-14,-4.1928089505161676e-16,4.642700962591666e-09,9.202729271007904e-10,2.6892503765086965e-08,5.9236769099694335,1.0725401771554068,0.0
256,5768,6.32931101013451,9.027960159488089e-09,1.524046684717867e-09,1.547688034758898e-08,9.39898310042608e-10,-1.1368683772161603e-13,-8.385617901032335e-16,4.583029645609828e-09,9.084449205189964e-10,2.6546512367434253e-08,5.923676910000112,1.0725401771419367,0.0
256,5772,6.333700268810054,8.912065915721908e-09,1.5044821059127532e-09,1.5277990055347104e-08,9.278198649449082e-10,0.0,0.0,4.5241269926310066e-09,8.96769277976522e-10,2.620498080838968e-08,5.923676910030381,1.0725401771286358,0.0
256,5776,6.3380895274855975,8.797662542452577e-09,1.4851692070218094e-09,1.5081661369670675e-08,9.158969841229403e-10,-5.684341886080802e-14,-4.1928089505161676e-16,4.465983079220331e-09,8.852440322588509e-10,2.5867857378999513e-08,5.923676910060246,1.0725401771155016,0.0
256,5780,6.342478786161141,8.68473086706931e-09,1.4661047514386044e-09,1.488786130451236e-08,9.041276643609753e-10,5.684341886080802e-14,4.1928089505161676e-16,4.408588133550921e-09,8.738672464013154e-10,2.5535079513324173e-08,5.9236769100897115,1.0725401771025325,0.0
256,5784,6.346868044836685,8.573251892300741e-09,1.4472855321564696e-09,1.4696557180550244e-08,8.925099210704687e-10,0.0,0.0,4.351932474830186e-09,8.626370014840014e-10,2.5206593336837396e-08,5.923676910118783,1.0725401770897258,0.0
256,5788,6.35125730351223,8.463206847066836e-09,1.428708380353014e-09,1.4507716697719841e-08,8.810417926948703e-10,0.0,0.0,4.296006534285051e-09,8.51551400791424e-10,2.4882345929401268e-08,5.923676910147467,1.0725401770770795,0.0
256,5792,6.355646562187774,8.354577226822081e-09,1.4103701722006235e-09,1.4321308015855825e-08,8.697213456069304e-10,1.1368683772161603e-13,8.385617901032335e-16,4.240800879428153e-09,8.406085746225567e-10,2.4562277616775025e-08,5.923676910175767,1.0725401770645921,0.0
256,5796,6.360035820863318,8.247344901848269e-09,1.3922678471478073e-09,1.4137299948198457e-08,8.58546685860187e-10,0.0,0.0,4.186306271623693e-09,8.29806691701494e-10,2.424633487546242e-08,5.923676910203689,1.0725401770522613,0.0
256,5800,6.3644250795388615,8.141491806331776e-09,1.374398355431067e-09,1.3955661422713758e-08,8.475159264753802e-10,0.0,0.0,4.132513506382603e-09,8.191439275208715e-10,2.3934466770896955e-08,5.923676910231238,1.0725401770400853,0.0
256,5804,6.368814338214406,8.037000096658886e-09,1.3567586847973743e-09,1.3776361737603566e-08,8.366272029573687e-10,0.0,0.0,4.079413488490476e-09,8.086184792336716e-10,2.362661941591651e-08,5.923676910258419,1.072540177028062,0.0
256,5808,6.37320359688995,7.933852212310354e-09,1.3393458707840307e-09,1.3599370677716243e-08,8.258786803646577e-10,5.684341886080802e-14,4.1928089505161676e-16,4.026997266883803e-09,7.982285725663662e-10,2.332273900766901e-08,5.923676910285237,1.0725401770161895,0.0
256,5812,6.377592855565494,7.832030875116548e-09,1.3221569965929243e-09,1.3424658526918649e-08,8.152685540607383e-10,5.684341886080802e-14,4.1928089505161676e-16,3.975256038773141e-09,7.879724626362087e-10,2.3022777205884654e-08,5.923676910311697,1.072540177004466,0.0
256,5816,6.381982114241038,7.73151898672036e-09,1.3051891757808275e-09,1.3252195865398998e-08,8.047950374044554e-10,-5.684341886080802e-14,-4.1928089505161676e-16,3.924181088714026e-09,7.778484218739127e-10,2.2726684017004756e-08,5.923676910337803,1.0725401769928895,0.0
256,5820,6.386371372916582,7.632299614013645e-09,1.288439549800862e-09,1.3081953572753282e-08,7.944563619374441e-10,5.684341886080802e-14,4.1928089505161676e-16,3.87376379046546e-09,7.678547403920408e-10,2.243440906150465e-08,5.92367691036356,1.0725401769814582,0.0
256,5824,6.390760631592126,7.534356308584218e-09,1.2719053419296467e-09,1.2913903353073886e-08,7.842508092723323e-10,-1.1368683772161603e-13,-8.385617901032335e-16,3.823995761720514e-09,7.579897566555951e-10,2.2145899467793387e-08,5.923676910388974,1.0725401769701703,0.0
256,5828,6.39514989026767,7.4376724223026215e-09,1.2555837417287147e-09,1.274801656829401e-08,7.741766402426999e-10,-5.684341886080802e-14,-4.1928089505161676e-16,3.77486851885907e-09,7.482517890473485e-10,2.1861109532957612e-08,5.9236769104140485,1.0725401769590241,0.0
256,5832,6.399539148943214,7.342231647498271e-09,1.2394719962338472e-09,1.2584265168869389e-08,7.6423215142262e-10,-1.1368683772161603e-13,-8.385617901032335e-16,3.726373752698586e-09,7.386391905269683e-10,2.157998560658656e-08,5.923676910438788,1.0725401769480174,0.0
256,5836,6.403928407618758,7.248018114534577e-09,1.2235674264271262e-09,1.242262185713925e-08,7.544156850474363e-10,5.684341886080802e-14,4.1928089505161676e-16,3.678503376736901e-09,7.291503581936698e-10,2.1302489586875805e-08,5.923676910463196,1.072540176937149,0.0
256,5840,6.408317666294303,7.155015962248323e-09,1.2078673547210577e-09,1.2263059354213658e-08,7.447255844924303e-10,0.0,0.0,3.631249310173108e-09,7.197836902767679e-10,2.102857508420841e-08,5.923676910487279,1.0725401769264171,0.0
256,5844,6.4127069249698465,7.063209625633609e-09,1.19236915352367e-09,1.210555088196826e-08,7.351602235439686e-10,0.0,0.0,3.5846036202595513e-09,7.105376143525882e-10,2.0758183755894656e-08,5.92367691051104,1.0725401769158198,0.0
256,5848,6.41709618364539,6.972583633858117e-09,1.1770702111408163e-09,1.1950069833257374e-08,7.257179863718126e-10,0.0,0.0,3.5385584251998904e-09,7.014105680969907e-10,2.049128022107191e-08,5.923676910534485,1.0725401769053555,0.0
256,5852,6.421485442320934,6.8831227704872824e-09,1.1619679588242698e-09,1.1796590041459594e-08,7.163972838984039e-10,-5.684341886080802e-14,-4.1928089505161676e-16,3.4931059737944596e-09,6.924010150726166e-10,2.022781195621108e-08,5.9236769105576155,1.0725401768950225,0.0
256,5856,6.425874700996478,6.794812079144868e-09,1.147059871727308e-09,1.1645085777069144e-08,7.071965535918589e-10,0.0,0.0,3.448238643989331e-09,6.835074444412846e-10,1.9967746858874033e-08,5.923676910580438,1.072540176884819,0.0
256,5860,6.430263959672023,6.707636656281597e-09,1.1323434339211424e-09,1.1495531417425073e-08,6.981142394088934e-10,5.684341886080802e-14,4.1928089505161676e-16,3.4039488459177686e-09,6.747283517449358e-10,1.971102791583686e-08,5.923676910602955,1.0725401768747436,0.0
256,5864,6.434653218347567,6.621581873393385e-09,1.117816175908483e-09,1.134790179849219e-08,6.891488131581913e-10,-5.684341886080802e-14,-4.1928089505161676e-16,3.3602291250875424e-09,6.660622593593513e-10,1.945761781750599e-08,5.923676910625172,1.0725401768647946,0.0
256,5868,6.4390424770231105,6.536633410786053e-09,1.103475680323495e-09,1.1202172288516169e-08,6.802987789734186e-10,0.0,0.0,3.3170721847228367e-09,6.575077209227488e-10,1.9207473192670637e-08,5.923676910647092,1.0725401768549707,0.0
256,5872,6.443431735698654,6.45277695602298e-09,1.0893195310255233e-09,1.1058318278945973e-08,6.715626423973583e-10,1.1368683772161603e-13,8.385617901032335e-16,3.2744707352811263e-09,6.490632915071239e-10,1.8960550822119014e-08,5.92367691066872,1.07254017684527,0.0
256,5876,6.447820994374198,6.369998407820948e-09,1.0753453475195763e-09,1.0916315520570555e-08,6.629389307952177e-10,0.0,0.0,3.232417593538813e-09,6.407275472589354e-10,1.8716813800436654e-08,5.92367691069006,1.072540176835691,0.0
256,5880,6.452210253049743,6.288283977264698e-09,1.061550802042769e-09,1.0776140302581462e-08,6.544262042289542e-10,0.0,0.0,3.1909057358022513e-09,6.32499095946557e-10,1.8476213723585427e-08,5.923676910711114,1.0725401768262324,0.0
256,5884,6.456599511725287,6.207619793397431e-09,1.0479335529824508e-09,1.0637768766182289e-08,6.460230137733375e-10,0.0,0.0,3.149928094308103e-09,6.243765366028996e-10,1.8238716561590627e-08,5.923676910731887,1.0725401768168923,0.0
256,5888,6.460988770400831,6.127992362577867e-09,1.034491322422138e-09,1.0501177710905225e-08,6.377279504828954e-10,0.0,0.0,3.1094777966247065e-09,6.163585069793811e-10,1.8004274816751322e-08,5.923676910752382,1.0725401768076694,0.0
256,5892,6.4653780290763745,6.0493884171988185e-09,1.021221870603082e-09,1.0366344318729825e-08,6.295396286378724e-10,0.0,0.0,3.0695480834009714e-09,6.084436672421715e-10,1.77728582672605e-08,5.923676910772604,1.0725401767985625,0.0
256,5896,6.469767287751919,5.971794743041471e-09,1.008122966779243e-09,1.0233245868582122e-08,6.214566684059931e-10,5.684341886080802e-14,4.1928089505161676e-16,3.0301322241761972e-09,6.006306832840732e-10,1.754442101449546e-08,5.923676910792557,1.0725401767895697,0.0
256,5900,6.474156546427463,5.895198325949289e-09,9.951924139779084e-10,1.0101859983187068e-08,6.134777108336099e-10,5.684341886080802e-14,4.1928089505161676e-16,2.991223590323527e-09,5.929182411833222e-10,1.7318923968028447e-08,5.923676910812243,1.0725401767806897,0.0
256,5904,6.478545805103007,5.819586264363944e-09,9.824280342345266e-10,9.972164482141986e-09,6.056014089229738e-10,5.684341886080802e-14,4.1928089505161676e-16,2.9528156116434758e-09,5.853050385995864e-10,1.709633378618436e-08,5.9236769108316665,1.0725401767719211,0.0
256,5908,6.482935063778551,5.74494596480793e-09,9.698277015929233e-10,9.844137702976344e-09,5.978264471299319e-10,5.684341886080802e-14,4.1928089505161676e-16,2.9149018709628835e-09,5.77789803525305e-10,1.6876611176204328e-08,5.923676910850831,1.0725401767632627,0.0
256,5912,6.487324322454095,5.6712648122054106e-09,9.573892864508222e-10,9.717757958839453e-09,5.901515084297445e-10,5.684341886080802e-14,4.1928089505161676e-16,2.8774759443149653e-09,5.703712626062895e-10,1.66597188614835e-08,5.92367691086974,1.0725401767547131,0.0
256,5916,6.491713581129639,5.598530511899403e-09,9.451107132971576e-10,9.59300411306033e-09,5.825753092096361e-10,0.0,0.0,2.8405315706821792e-09,5.630481747880359e-10,1.6445620721279384e-08,5.923676910888395,1.072540176746271,0.0
256,5920,6.496102839805183,5.526730971625366e-09,9.329899407875548e-10,9.469855370281042e-09,5.750965865844944e-10,0.0,0.0,2.80406258992644e-09,5.558193190122954e-10,1.6234279600708895e-08,5.923676910906803,1.0725401767379348,0.0
256,5924,6.500492098480727,5.455853911836216e-09,9.210248959617113e-10,9.348290621467941e-09,5.677140586199368e-10,0.0,0.0,2.76806274927245e-09,5.486834558583361e-10,1.6025660316090794e-08,5.923676910924964,1.0725401767297031,0.0
256,5928,6.504881357156271,5.385887695697735e-09,9.092136143582985e-10,9.228289858521711e-09,5.60426510240424e-10,-5.684341886080802e-14,-4.1928089505161676e-16,2.732526121924799e-09,5.416394105209304e-10,1.5819726725828327e-08,5.923676910942884,1.072540176721575,0.0
256,5932,6.509270615831816,5.316820417601964e-09,8.975540861431987e-10,9.10983261486732e-09,5.532326985275609e-10,0.0,0.0,2.697446645400857e-09,5.346859812990252e-10,1.5616447767030254e-08,5.923676910960564,1.0725401767135485,0.0
256,5936,6.5136598745073595,5.248640574675871e-09,8.860443694696165e-10,8.992899113223975e-09,5.461314224232286e-10,5.684341886080802e-14,4.1928089505161676e-16,2.662818461294531e-09,5.278220069434759e-10,1.5415787251473546e-08,5.923676910978009,1.072540176705623,0.0
256,5940,6.518049133182903,5.181336745059928e-09,8.746825361669748e-10,8.87746971384169e-09,5.391214892214419e-10,-5.684341886080802e-14,-4.1928089505161676e-16,2.6286357518798478e-09,5.21046334268722e-10,1.521770727179835e-08,5.923676910995221,1.072540176697797,0.0
256,5944,6.522438391858447,5.11489761789946e-09,8.634666768038779e-10,8.763524974223888e-09,5.322017181952544e-10,0.0,0.0,2.5948927580759115e-09,5.143578217137893e-10,1.502217960381771e-08,5.923676911012203,1.0725401766900693,0.0
256,5948,6.526827650533991,5.049312057852357e-09,8.523949115779203e-10,8.651045747177929e-09,5.253709465512864e-10,0.0,0.0,2.561583808059428e-09,5.077553450138444e-10,1.4829172243590761e-08,5.923676911028959,1.0725401766824385,0.0
256,5952,6.531216909209536,4.984569129342192e-09,8.414653944099537e-10,8.540013240210934e-09,5.186280330367854e-10,5.684341886080802e-14,4.1928089505161676e-16,2.528703335453269e-09,5.012378008055188e-10,1.4638647997880922e-08,5.923676911045491,1.0725401766749036,0.0
256,5956,6.53560616788508,4.920657920667106e-09,8.306762832511933e-10,8.430408688238922e-09,5.119718380635188e-10,0.0,0.0,2.4962457815411568e-09,4.948040872439721e-10,1.4450576102699187e-08,5.923676911061803,1.0725401766674634,0.0
256,5960,6.5399954265606235,4.8575677438001414e-09,8.200257738123244e-10,8.322213725932108e-09,5.054012463199998e-10,5.684341886080802e-14,4.1928089505161676e-16,2.4642057065315356e-09,4.884531260575395e-10,1.4264927119564778e-08,5.923676911077897,1.0725401766601164,0.0
256,5964,6.544384685236167,4.795288049726705e-09,8.095120852712746e-10,8.21541021375549e-09,4.98915156207075e-10,5.684341886080802e-14,4.1928089505161676e-16,2.432577737073677e-09,4.821838521444099e-10,1.4081665313822015e-08,5.923676911093776,1.0725401766528617,0.0
256,5968,6.548773943911711,4.733808412760796e-09,7.991334576255734e-10,8.109980231609441e-09,4.925124794517216e-10,-5.684341886080802e-14,-4.1928089505161676e-16,2.4013565650660433e-09,4.75995213336421e-10,1.3900767323453537e-08,5.923676911109444,1.0725401766456981,0.0
256,5972,6.553163202587256,4.673118468354857e-09,7.888881411937797e-10,8.005905966624641e-09,4.861921342929262e-10,0.0,0.0,2.3705369142416755e-09,4.698861637756385e-10,1.3722199516803424e-08,5.923676911124903,1.0725401766386242,0.0
256,5976,6.5575524612628,4.613208091929277e-09,7.787744268044173e-10,7.90317001140209e-09,4.799530635935568e-10,-5.684341886080802e-14,-4.1928089505161676e-16,2.340113628202632e-09,4.638556813644805e-10,1.3545925111175305e-08,5.923676911140156,1.0725401766316394,0.0
256,5980,6.561941719938344,4.554067263546647e-09,7.687906229510864e-10,7.801755145435659e-09,4.737942215663328e-10,-5.684341886080802e-14,-4.1928089505161676e-16,2.310081606146545e-09,4.579027550254809e-10,1.3371923317449376e-08,5.923676911155205,1.0725401766247422,0.0
256,5984,6.5663309786138875,4.4956860611132975e-09,7.589350546447865e-10,7.70164431280717e-09,4.67714572419266e-10,0.0,0.0,2.2804357959028805e-09,4.5202638332094145e-10,1.3200161690994807e-08,5.923676911170053,1.0725401766179317,0.0
256,5988,6.570720237289432,4.438054666131147e-09,7.492060643849099e-10,7.602820642882675e-09,4.6171309161252767e-10,-5.684341886080802e-14,-4.1928089505161676e-16,2.251171200426594e-09,4.462255757400998e-10,1.3030609295494945e-08,5.923676911184703,1.0725401766112064,0.0
256,5992,6.575109495964976,4.3811634520880475e-09,7.396020270807759e-10,7.505267581817626e-09,4.55788773844651e-10,5.684341886080802e-14,4.1928089505161676e-16,2.2222829160649365e-09,4.4049936028434873e-10,1.2863242263748595e-08,5.923676911199159,1.072540176604566,0.0
256,5996,6.57949875464052,4.325002927468607e-09,7.301213404310545e-10,7.408968815573191e-09,4.499406283773745e-10,-5.684341886080802e-14,-4.1928089505161676e-16,2.1937661104588365e-09,4.3484677908686403e-10,1.269802800160312e-08,5.9236769112134215,1.0725401765980087,0.0
256,6000,6.583888013316064,4.26956366445729e-09,7.207624128878486e-10,7.313908140170843e-09,4.441676711563093e-10,0.0,0.0,2.1656159838692433e-09,4.2926688074673886e-10,1.2534939201113454e-08,5.923676911227495,1.0725401765915343,0.0
256,6004,6.588277271991608,4.214836398324839e-09,7.115236804345184e-10,7.220069640713883e-09,4.3846893568276987e-10,0.0,0.0,2.1378278224802883e-09,4.237587308946994e-10,1.237395286378053e-08,5.92367691124138,1.072540176585141,0.0
256,6008,6.592666530667152,4.160811906199048e-09,7.024035861204838e-10,7.127437458379273e-09,4.3284345886337834e-10,0.0,0.0,2.1103969285522427e-09,4.183213983480729e-10,1.2215034706350309e-08,5.923676911255079,1.0725401765788278,0.0
256,6012,6.597055789342696,4.107481196140405e-09,6.934006119798521e-10,7.035996144068685e-09,4.27290302487004e-10,-1.1368683772161603e-13,-8.385617901032335e-16,2.0833187261394097e-09,4.129539760661142e-10,1.2058163853357967e-08,5.923676911268596,1.072540176572594,0.0
256,6016,6.60144504801824,4.054835365739896e-09,6.845132551607381e-10,6.945730396338127e-09,4.2180853730944345e-10,5.684341886080802e-14,4.1928089505161676e-16,2.056588682823159e-09,4.076555656359828e-10,1.190331334961808e-08,5.923676911281934,1.0725401765664384,0.0
256,6020,6.605834306693784,4.00286558907213e-09,6.757400257227687e-10,6.856625046055504e-09,4.1639724212168693e-10,0.0,0.0,2.0302023054053682e-09,4.024252764190996e-10,1.1750451466735206e-08,5.923676911295092,1.0725401765603602,0.0
256,6024,6.610223565369328,3.951563086437487e-09,6.670794415291306e-10,6.768665004788566e-09,4.110555006155602e-10,5.684341886080802e-14,4.1928089505161676e-16,2.0041551246337645e-09,3.9726222252341506e-10,1.1599560418705732e-08,5.923676911308076,1.072540176554358,0.0
256,6028,6.6146128240448725,3.900919353624838e-09,6.585300669493438e-10,6.68183565975529e-09,4.0578242536873914e-10,0.0,0.0,1.978442812219707e-09,3.921655459985919e-10,1.1450611742141925e-08,5.923676911320887,1.0725401765484317,0.0
256,6032,6.619002082720416,3.850925927642088e-09,6.500904733112811e-10,6.596122468342576e-09,4.0057713322020106e-10,5.684341886080802e-14,4.1928089505161676e-16,1.953061060636358e-09,3.871343930096829e-10,1.1303577394160532e-08,5.923676911333526,1.0725401765425797,0.0
256,6036,6.62339134139596,3.801574381168656e-09,6.417592379646689e-10,6.511510951235373e-09,3.9543874485296205e-10,0.0,0.0,1.928005581173006e-09,3.8216791345146015e-10,1.1158437239166772e-08,5.923676911345998,1.0725401765368012,0.0
256,6040,6.627780600071504,3.752856463984651e-09,6.335349681563214e-10,6.427986926775562e-09,3.9036639902650076e-10,-5.684341886080802e-14,-4.1928089505161676e-16,1.9032721730608228e-09,3.772652746504741e-10,1.1015161205353549e-08,5.923676911358304,1.0725401765310953,0.0
256,6044,6.632169858747049,3.704764020108197e-09,6.254162870417554e-10,6.345536382572874e-09,3.853592447797942e-10,0.0,0.0,1.8788566859146044e-09,3.724256539202818e-10,1.0873731345853054e-08,5.923676911370445,1.0725401765254607,0.0
256,6048,6.636559117422593,3.6572890150927672e-09,6.174018382933649e-10,6.264145510993056e-09,3.8041644358648497e-10,1.1368683772161603e-13,8.385617901032335e-16,1.8547550298605118e-09,3.6764824056896087e-10,1.0734124655956272e-08,5.923676911382425,1.0725401765198972,0.0
256,6052,6.6409483760981365,3.610423431584759e-09,6.094902684690693e-10,6.183800534635829e-09,3.7553715875630054e-10,-5.684341886080802e-14,-4.1928089505161676e-16,1.8309631240089495e-09,3.6293222568543897e-10,1.0596308211221473e-08,5.923676911394245,1.0725401765144036,0.0
256,6056,6.64533763477368,3.564159651320557e-09,6.016802914987931e-10,6.104488365000014e-09,3.7072059543524807e-10,5.684341886080802e-14,4.1928089505161676e-16,1.8074770916271235e-09,3.58276840826462e-10,1.0460266008401067e-08,5.923676911405908,1.072540176508979,0.0
256,6060,6.649726893449224,3.5184897188042934e-09,5.939705643829119e-10,6.02619533001604e-09,3.6596592332970275e-10,-5.684341886080802e-14,-4.1928089505161676e-16,1.7842928829919347e-09,3.536812832587589e-10,1.0325975282503e-08,5.923676911417414,1.0725401765036229,0.0
256,6064,6.654116152124769,3.473406067381875e-09,5.863598097637634e-10,5.948908431336747e-09,3.6127235306065187e-10,5.684341886080802e-14,4.1928089505161676e-16,1.761406648123565e-09,3.491447898420316e-10,1.019341341600231e-08,5.923676911428768,1.0725401764983338,0.0
256,6068,6.658505410800313,3.4289011627474153e-09,5.788467557445176e-10,5.8726147224748375e-09,3.5663909839848977e-10,0.0,0.0,1.738814552277784e-09,3.446666004559694e-10,1.0062555461071503e-08,5.923676911439971,1.0725401764931113,0.0
256,6072,6.662894669475857,3.3849674541321842e-09,5.714301276491849e-10,5.7973012299628845e-09,3.520653714751296e-10,0.0,0.0,1.716512752762809e-09,3.402459534049037e-10,9.933379635537999e-09,5.9236769114510235,1.0725401764879543,0.0
256,6076,6.6672839281514005,3.341597755648938e-09,5.641087123989039e-10,5.722955605627213e-09,3.475504223960637e-10,5.684341886080802e-14,4.1928089505161676e-16,1.6944975920416107e-09,3.358821236944108e-10,9.805867624900674e-09,5.923676911461929,1.0725401764828622,0.0
256,6080,6.671673186826945,3.2987847584659445e-09,5.568812761600542e-10,5.649565299279616e-09,3.4309348899860666e-10,0.0,0.0,1.6727653530513377e-09,3.315743745309005e-10,9.679995647680823e-09,5.9236769114726915,1.072540176477834,0.0
256,6084,6.676062445502489,3.2565213100050397e-09,5.497466114768154e-10,5.5771180162262376e-09,3.386938246360366e-10,-1.1368683772161603e-13,-8.385617901032335e-16,1.651312393969288e-09,3.273219840348324e-10,9.555743963231376e-09,5.923676911483309,1.0725401764728688,0.0
256,6088,6.680451704178033,3.2148002641027613e-09,5.427035119762594e-10,5.5056014772565915e-09,3.343506836019238e-10,5.684341886080802e-14,4.1928089505161676e-16,1.6301350777088672e-09,3.2312423126545357e-10,9.433086868039733e-09,5.923676911493785,1.072540176467966,0.0
256,6092,6.684840962853577,3.173614703217152e-09,5.357508098799846e-10,5.435003801918332e-09,3.300633444060953e-10,0.0,0.0,1.6092298854941662e-09,3.189804187334726e-10,9.312011778936525e-09,5.923676911504121,1.072540176463125,0.0
256,6096,6.689230221529121,3.1329576887279337e-09,5.288873338512719e-10,5.365313067199981e-09,3.2583108297379635e-10,0.0,0.0,1.5885932857300829e-09,3.148898464085863e-10,9.192491449014736e-09,5.923676911514319,1.0725401764583444,0.0
256,6100,6.693619480204665,3.0928225057968532e-09,5.221119503309567e-10,5.296517741209184e-09,3.2165319898261764e-10,5.684341886080802e-14,4.1928089505161676e-16,1.5682218628922937e-09,3.108518372679599e-10,9.074508556155698e-09,5.923676911524383,1.0725401764536242,0.0
256,6104,6.698008738880209,3.0532023975509268e-09,5.154235186638201e-10,5.228606215364423e-09,3.1752898745287937e-10,-5.684341886080802e-14,-4.1928089505161676e-16,1.5481121785911924e-09,3.0686570975641833e-10,8.95804444820731e-09,5.9236769115343115,1.0725401764489633,0.0
256,6108,6.702397997555753,3.0140907603949952e-09,5.088209240700968e-10,5.161567142295726e-09,3.1345775926806584e-10,0.0,0.0,1.5282608717348976e-09,3.029307976406872e-10,8.843075621716369e-09,5.923676911544108,1.072540176444361,0.0
256,6112,6.706787256231297,2.9754809983763752e-09,5.023030530601786e-10,5.095389190354286e-09,3.0943882626639476e-10,-5.684341886080802e-14,-4.1928089505161676e-16,1.508664585975143e-09,2.9904643562776836e-10,8.729585803348419e-09,5.923676911553775,1.0725401764398164,0.0
256,6116,6.711176514906841,2.9373668144750143e-09,4.958688426084912e-10,5.030061544438181e-09,3.0547153165555446e-10,1.1368683772161603e-13,8.385617901032335e-16,1.4893201180614943e-09,2.952119887716083e-10,8.61755746460097e-09,5.923676911563312,1.0725401764353293,0.0
256,6120,6.7155657735823855,2.899741649185662e-09,4.895171853782658e-10,4.965572937617099e-09,3.0155519120406423e-10,0.0,0.0,1.470224130885478e-09,2.91426795592907e-10,8.50696921473288e-09,5.923676911572723,1.0725401764308982,0.0
256,6124,6.719955032257929,2.8625992858729663e-09,4.832470319139963e-10,4.901912689843493e-09,2.976891563213544e-10,-5.684341886080802e-14,-4.1928089505161676e-16,1.451373461096303e-09,2.876902290544905e-10,8.397800620499098e-09,5.923676911582008,1.0725401764265228,0.0
256,6128,6.724344290933473,2.825933514328449e-09,4.770573338451235e-10,4.8390701344022774e-09,2.9387277922652473e-10,0.0,0.0,1.4327649493691849e-09,2.8400166291721663e-10,8.29003912450278e-09,5.923676911591169,1.0725401764222025,0.0
256,6132,6.728733549609017,2.7897382026833927e-09,4.709470560259416e-10,4.7770347394510275e-09,2.9010542032938183e-10,0.0,0.0,1.4143954763372446e-09,2.803604788623715e-10,8.183659446451798e-09,5.92367691160021,1.0725401764179363,0.0
256,6136,6.733122808284562,2.7540073723586883e-09,4.6491518918818743e-10,4.71579623250959e-09,2.8638645579059116e-10,0.0,0.0,1.3962619993207053e-09,2.7676607377210483e-10,8.078649327143133e-09,5.923676911609128,1.0725401764137241,0.0
256,6140,6.737512066960106,2.718734916915483e-09,4.5896070247907415e-10,4.655344128036248e-09,2.827152488317634e-10,-1.1368683772161603e-13,-8.385617901032335e-16,1.3783614127544356e-09,2.732178320634753e-10,7.974989893336204e-09,5.923676911617929,1.0725401764095646,0.0
256,6144,6.7419013256356495,2.6839150520520147e-09,4.5308261942708803e-10,4.595668487661575e-09,2.7909119590383576e-10,1.1368683772161603e-13,8.385617901032335e-16,1.360690772931398e-09,2.6971517023693954e-10,7.872667040932566e-09,5.923676911626613,1.0725401764054574,0.0
256,6148,6.746290584311193,2.649541902479634e-09,4.4727994820084853e-10,4.5367592277296705e-09,2.7551368463461653e-10,0.0,0.0,1.343247093482647e-09,2.6625749633654073e-10,7.771654121557274e-09,5.923676911635181,1.0725401764014018,0.0
256,6152,6.750679842986737,2.615609750025764e-09,4.4155172349237857e-10,4.478606518307104e-09,2.7198211806027233e-10,0.0,0.0,1.326027462645046e-09,2.6284423319463286e-10,7.671942628021756e-09,5.923676911643635,1.0725401763973972,0.0
256,6156,6.755069101662282,2.58211288857158e-09,4.3589698202854413e-10,4.42120055700227e-09,2.684959008895626e-10,0.0,0.0,1.309028977042975e-09,2.59474805306138e-10,7.573510355216041e-09,5.9236769116519765,1.072540176393443,0.0
256,6160,6.759458360337826,2.549045884507936e-09,4.303148065396786e-10,4.364532018184445e-09,2.6505446678454577e-10,5.684341886080802e-14,4.1928089505161676e-16,1.292248874802993e-09,2.5614866521444046e-10,7.476347471209051e-09,5.923676911660206,1.0725401763895386,0.0
256,6164,6.76384761901337,2.5164029887213765e-09,4.248042264945494e-10,4.30859102669356e-09,2.6165721603481174e-10,0.0,0.0,1.2756842310327868e-09,2.5286523314943836e-10,7.380429775725478e-09,5.923676911668327,1.072540176385683,0.0
256,6168,6.7682368776889135,2.484178869357477e-09,4.193643418011184e-10,4.253368427277244e-09,2.5830359264935724e-10,0.0,0.0,1.2593323341745352e-09,2.4962397162804304e-10,7.2857482457064444e-09,5.92367691167634,1.0725401763818758,0.0
256,6172,6.772626136364458,2.4523681497660896e-09,4.1399424480519935e-10,4.198854984215227e-09,2.5499303575042925e-10,-5.684341886080802e-14,-4.1928089505161676e-16,1.2431904487183222e-09,2.464243384193984e-10,7.1922808786321e-09,5.923676911684247,1.0725401763781166,0.0
256,6176,6.777015395040002,2.4209654981295047e-09,4.0869303542095225e-10,4.145041536924546e-09,2.5172498902330203e-10,-5.684341886080802e-14,-4.1928089505161676e-16,1.227255861345948e-09,2.432657956914747e-10,7.100017750098097e-09,5.923676911692048,1.0725401763744047,0.0
256,6180,6.781404653715546,2.3899656499895904e-09,4.034598249337814e-10,4.091919050524495e-09,2.4849890378704525e-10,0.0,0.0,1.2115258963070013e-09,2.4014781305890306e-10,7.008937250521735e-09,5.9236769116997445,1.0725401763707396,0.0
256,6184,6.78579391239109,2.359363434321645e-09,3.9829374040196867e-10,4.03947864066728e-09,2.4531424050246954e-10,0.0,0.0,1.1959979221019423e-09,2.3706986890769107e-10,6.919032013203294e-09,5.923676911707339,1.0725401763671205,0.0
256,6188,6.790183171066634,2.3291536471463153e-09,3.93193903320587e-10,3.987711372973999e-09,2.421704565920371e-10,0.0,0.0,1.180669292633853e-09,2.3403143873036443e-10,6.830280310887731e-09,5.923676911714832,1.0725401763635467,0.0
256,6192,6.794572429742178,2.2993314391822844e-09,3.8815949506272806e-10,3.936608916524904e-09,2.3906704612579204e-10,5.684341886080802e-14,4.1928089505161676e-16,1.1655375403473543e-09,2.3103203340982731e-10,6.7426698268091215e-09,5.923676911722226,1.072540176360018,0.0
256,6196,6.798961688417722,2.2698918330340182e-09,3.8318967537400134e-10,3.88616272775388e-09,2.360034902599381e-10,-5.684341886080802e-14,-4.1928089505161676e-16,1.1506001349534062e-09,2.2807115139396167e-10,6.656182035152899e-09,5.923676911729522,1.0725401763565336,0.0
256,6200,6.803350947093266,2.2408296959743886e-09,3.782835777778577e-10,3.836363990527562e-09,2.329792535978924e-10,0.0,0.0,1.1358544652383892e-09,2.2514827508983612e-10,6.570808106111705e-09,5.92367691173672,1.072540176353093,0.0
256,6204,6.80774020576881,2.212140275749823e-09,3.7344040002703715e-10,3.787204547243277e-09,2.2999384073510367e-10,0.0,0.0,1.1212981152049998e-09,2.2226292560016037e-10,6.486533233273445e-09,5.923676911743822,1.0725401763496958,0.0
256,6208,6.812129464444354,2.1838188047616454e-09,3.6865933728381024e-10,3.7386762048936234e-09,2.2704675411692007e-10,5.684341886080802e-14,4.1928089505161676e-16,1.1069286580650817e-09,2.1941462188868893e-10,6.40333863708574e-09,5.923676911750831,1.0725401763463411,0.0
256,6212,6.8165187231198985,2.1558605360039773e-09,3.6393958818680145e-10,3.6907708170434323e-09,2.2413749901698357e-10,0.0,0.0,1.092743681201419e-09,2.166028857281302e-10,6.3212129417702536e-09,5.923676911757745,1.0725401763430287,0.0
256,6216,6.820907981795442,2.1282608219496856e-09,3.5928036816804705e-10,3.643480407938474e-09,2.2126559107425024e-10,5.684341886080802e-14,4.1928089505161676e-16,1.0787408225437813e-09,2.138272489105805e-10,6.240144534913463e-09,5.923676911764568,1.072540176339758,0.0
256,6220,6.825297240470986,2.101014980954977e-09,3.5468088690021096e-10,3.59679693026517e-09,2.1843054158193538e-10,5.684341886080802e-14,4.1928089505161676e-16,1.0649176983909445e-09,2.1108723894045577e-10,6.1601175005153654e-09,5.923676911771301,1.072540176336528,0.0
256,6224,6.82968649914653,2.0741185900249544e-09,3.5014039771952976e-10,3.5507127941142544e-09,2.1563188961104468e-10,0.0,0.0,1.0512720609605779e-09,2.083824102639197e-10,6.08111762033717e-09,5.923676911777943,1.0725401763333389,0.0
256,6228,6.834075757822075,2.047567042567895e-09,3.4565812296851286e-10,3.505220086537168e-09,2.128691546146714e-10,5.684341886080802e-14,4.1928089505161676e-16,1.0378015665319399e-09,2.057122983102914e-10,6.003134596828543e-09,5.923676911784497,1.0725401763301898,0.0
256,6232,6.838465016497619,2.0213560379558124e-09,3.4123333664065266e-10,3.460311420887055e-09,2.1014188800778154e-10,0.0,0.0,1.024504027293286e-09,2.0307646941306208e-10,5.9261528478772704e-09,5.923676911790964,1.0725401763270808,0.0
256,6236,6.8428542751731625,1.995481122961887e-09,3.3686528696861193e-10,3.415979156545232e-09,2.074496257818393e-10,-1.1368683772161603e-13,-8.385617901032335e-16,1.0113771804837945e-09,2.004744750493693e-10,5.8501600305471456e-09,5.923676911797346,1.0725401763240108,0.0
256,6240,6.847243533848706,1.9699379271330652e-09,3.3255323615842953e-10,3.3722157926646964e-09,2.04791912416529e-10,0.0,0.0,9.984188046601598e-10,1.9790587488627988e-10,5.77514237688963e-09,5.923676911803642,1.072540176320979,0.0
256,6244,6.85163279252425,1.944722362443368e-09,3.2829649409380776e-10,3.3290143036379705e-09,2.0216832125244344e-10,0.0,0.0,9.856268188062842e-10,1.953702564262431e-10,5.701091214201455e-09,5.923676911809855,1.0725401763179856,0.0
256,6248,6.856022051199795,1.9198300759784587e-09,3.240943259415678e-10,3.2863672220709704e-09,1.9957839880083537e-10,0.0,0.0,9.729990114990998e-10,1.9286718132253015e-10,5.627988047090474e-09,5.923676911815984,1.0725401763150297,0.0
256,6252,6.860411309875339,1.895256827421762e-09,3.199460158766167e-10,3.244267265081662e-09,1.970217027782237e-10,5.684341886080802e-14,4.1928089505161676e-16,9.605332256662284e-10,1.9039622200176783e-10,5.55582739884623e-09,5.923676911822032,1.072540176312111,0.0
256,6256,6.864800568550883,1.8709986311755603e-09,3.158508910739885e-10,3.202707586910049e-09,1.944978174471919e-10,0.0,0.0,9.482274336915008e-10,1.8795697655130177e-10,5.4845909199075e-09,5.923676911828,1.0725401763092288,0.0
256,6260,6.8691898272264265,1.8470515038727445e-09,3.118082790852751e-10,3.16168135340318e-09,1.920063277752099e-10,0.0,0.0,9.360796116582629e-10,1.8554904379179302e-10,5.414270100253998e-09,5.923676911833889,1.072540176306383,0.0
256,6264,6.873579085901971,1.8234113693406598e-09,3.078174917951869e-10,3.1211815664818457e-09,1.8954680877463963e-10,-5.684341886080802e-14,-4.1928089505161676e-16,9.240876869450541e-10,1.8317201288966994e-10,5.344855144742062e-09,5.923676911839699,1.072540176303573,0.0
256,6268,6.877968344577515,1.8000743182839631e-09,3.0387786925967197e-10,3.0812015155102194e-09,1.871188529140451e-10,5.684341886080802e-14,4.1928089505161676e-16,9.122496720943305e-10,1.8082548989249276e-10,5.276327182023866e-09,5.923676911845432,1.0725401763007982,0.0
256,6272,6.882357603253059,1.777036462323409e-09,2.9998875506561005e-10,3.041734520667891e-09,1.8472205453338544e-10,-5.684341886080802e-14,-4.1928089505161676e-16,9.005635886036136e-10,1.7850908262288844e-10,5.208683831854817e-09,5.923676911851089,1.0725401762980584,0.0
256,6276,6.886746861928603,1.7542939953118664e-09,2.961495066818188e-10,3.002774055841553e-09,1.8235601730712655e-10,0.0,0.0,8.890275039157377e-10,1.7622240801073167e-10,5.141906702871901e-09,5.923676911856671,1.0725401762953533,0.0
256,6280,6.891136120604147,1.7318430243463702e-09,2.9235946693151027e-10,2.9643134278722986e-09,1.8002033476519163e-10,5.684341886080802e-14,4.1928089505161676e-16,8.776394353900935e-10,1.7396507305839204e-10,5.075989362844054e-09,5.923676911862177,1.072540176292682,0.0
256,6284,6.895525379279691,1.7096797893702533e-09,2.8861800106422076e-10,2.9263461894071507e-09,1.7771461536509713e-10,-5.684341886080802e-14,-4.1928089505161676e-16,8.663974737835161e-10,1.7173669931702913e-10,5.010920048042483e-09,5.923676911867613,1.0725401762900444,0.0
256,6288,6.899914637955235,1.6878006868178381e-09,2.849245007473672e-10,2.8888661555426724e-09,1.7543848350270596e-10,5.684341886080802e-14,4.1928089505161676e-16,8.552997873731601e-10,1.6953692370382573e-10,4.946679970548083e-09,5.923676911872974,1.0725401762874398,0.0
256,6292,6.904303896630779,1.6662020896185096e-09,2.8127835368040233e-10,2.8518670970292684e-09,1.7319156088077503e-10,0.0,0.0,8.443445311677181e-10,1.6736538050589956e-10,4.883269794236568e-09,5.923676911878266,1.072540176284868,0.0
256,6296,6.908693155306323,1.6448803125183346e-09,2.7767893774061623e-10,2.8153426907534913e-09,1.7097346350178608e-10,0.0,0.0,8.33529832579142e-10,1.6522169854016167e-10,4.820674549925658e-09,5.923676911883485,1.0725401762823283,0.0
256,6300,6.913082413981867,1.6238318038326836e-09,2.741256533536767e-10,2.779286837234745e-09,1.6878382094926143e-10,-5.684341886080802e-14,-4.1928089505161676e-16,8.228538850613885e-10,1.6310551971432298e-10,4.758881692114514e-09,5.923676911888635,1.0725401762798206,0.0
256,6304,6.9174716726574115,1.6030530848572056e-09,2.70617913265349e-10,2.7436935646976875e-09,1.6662227056215918e-10,0.0,0.0,8.12314919972065e-10,1.6101649344932946e-10,4.6978842618656995e-09,5.923676911893718,1.0725401762773448,0.0
256,6308,6.921860931332955,1.5825406510788398e-09,2.671551258645253e-10,2.708556862138517e-09,1.644884472971251e-10,-5.684341886080802e-14,-4.1928089505161676e-16,8.019111572215587e-10,1.5895426689706708e-10,4.637668336810479e-09,5.923676911898734,1.0725401762748998,0.0
256,6312,6.926250190008499,1.562291144873436e-09,2.6373672433701247e-10,2.673870964775091e-09,1.6238200106364534e-10,5.684341886080802e-14,4.1928089505161676e-16,7.916408894430061e-10,1.5691850162447423e-10,4.5782262608463056e-09,5.923676911903682,1.0725401762724858,0.0
256,6316,6.930639448684043,1.5423011669733203e-09,2.603621348386044e-10,2.6396300364864814e-09,1.6030257743885989e-10,-5.684341886080802e-14,-4.1928089505161676e-16,7.815023881463582e-10,1.5490885501146623e-10,4.519545418040149e-09,5.923676911908564,1.072540176270102,0.0
256,6320,6.935028707359588,1.522567369316804e-09,2.5703079216938594e-10,2.605828329690379e-09,1.5824982737678672e-10,1.1368683772161603e-13,8.385617901032335e-16,7.714939510851543e-10,1.5292498963994407e-10,4.461621111888431e-09,5.923676911913382,1.0725401762677482,0.0
256,6324,6.939417966035132,1.5030865793741077e-09,2.5374216076169764e-10,2.5724604006560268e-09,1.5622342028410055e-10,-5.684341886080802e-14,-4.1928089505161676e-16,7.616139660886665e-10,1.509665859465573e-10,4.404441386808083e-09,5.923676911918135,1.0725401762654243,0.0
256,6328,6.9438072247106755,1.4838553295518234e-09,2.504956552369883e-10,2.5395203019371094e-09,1.5422299497724146e-10,0.0,0.0,7.518606718968673e-10,1.4903329481557917e-10,4.347991442929865e-09,5.923676911922826,1.0725401762631295,0.0
256,6332,6.948196483386219,1.4648706016009435e-09,2.472907660723634e-10,2.507002848287899e-09,1.52248236560469e-10,0.0,0.0,7.42232532679414e-10,1.4712481181579677e-10,4.292267987173719e-09,5.923676911927454,1.0725401762608637,0.0
256,6336,6.952585742061763,1.44612918888046e-09,2.4412695194170803e-10,2.474902534423494e-09,1.5029881070232495e-10,5.684341886080802e-14,4.1928089505161676e-16,7.327279179342994e-10,1.452408137502463e-10,4.237263278927969e-09,5.923676911932021,1.0725401762586264,0.0
256,6340,6.956975000737308,1.427627854756868e-09,2.4100366645575204e-10,2.4432138083968624e-09,1.4837438023759798e-10,0.0,0.0,7.233451835022322e-10,1.4338097471482674e-10,4.182959881647852e-09,5.923676911936527,1.072540176256417,0.0
256,6344,6.961364259412852,1.4093635718634052e-09,2.3792039855239553e-10,2.411931476087256e-09,1.4647462973157494e-10,0.0,0.0,7.140827911526019e-10,1.415449898025459e-10,4.12935405361786e-09,5.923676911940973,1.0725401762542355,0.0
256,6348,6.965753518088396,1.3913334264836376e-09,2.3487665635531275e-10,2.3810505349900455e-09,1.445992553862331e-10,5.684341886080802e-14,4.1928089505161676e-16,7.049392592878273e-10,1.397325653321707e-10,4.07644200400676e-09,5.92367691194536,1.0725401762520814,0.0
256,6352,6.9701427767639395,1.3735343025887668e-09,2.3187191383500474e-10,2.3505656392003224e-09,1.4274793254913116e-10,0.0,0.0,6.959130047379205e-10,1.3794338748885714e-10,4.024204122357173e-09,5.923676911949688,1.0725401762499545,0.0
256,6356,6.974532035439483,1.3559632516808132e-09,2.2890567324353163e-10,2.3204717289667087e-09,1.409203539456981e-10,0.0,0.0,6.870025290335874e-10,1.3617715924707317e-10,3.9726393365601186e-09,5.92367691195396,1.0725401762478544,0.0
256,6360,6.978921294115028,1.338617294964599e-09,2.2597743171836027e-10,2.2907636915098993e-09,1.3911620908102015e-10,0.0,0.0,6.782063179661157e-10,1.344335804614303e-10,3.921735334914616e-09,5.923676911958174,1.0725401762457805,0.0
256,6364,6.983310552790572,1.3214936472595733e-09,2.230867190818303e-10,2.2614367455179287e-09,1.3733520758992455e-10,-1.1368683772161603e-13,-8.385617901032335e-16,6.695229554660146e-10,1.3271237043962771e-10,3.8714848645721185e-09,5.923676911962333,1.0725401762437328,0.0
256,6368,6.987699811466116,1.3045893530681115e-09,2.2023303640436336e-10,2.23248582422726e-09,1.3557704177199764e-10,1.1368683772161603e-13,8.385617901032335e-16,6.609509411557373e-10,1.3101323177788086e-10,3.821880366125441e-09,5.923676911966437,1.0725401762417108,0.0
256,6372,6.99208907014166,1.2879016938983926e-09,2.1741592476629496e-10,2.203906255985033e-09,1.3384142792157454e-10,0.0,0.0,6.524888912807118e-10,1.2933589018932948e-10,3.772911568386596e-09,5.923676911970485,1.0725401762397144,0.0
256,6376,6.996478328817204,1.2714277798228244e-09,2.146348963071906e-10,2.1756930858627564e-09,1.3212806512989259e-10,-5.684341886080802e-14,-4.1928089505161676e-16,6.441353385607393e-10,1.2768005483072207e-10,3.7245722715735114e-09,5.92367691197448,1.0725401762377431,0.0
256,6380,7.000867587492748,1.2551649587692893e-09,2.1188950331996616e-10,2.147841761421075e-09,1.3043667693102583e-10,-5.684341886080802e-14,-4.1928089505161676e-16,6.358889347232626e-10,1.2604545844841846e-10,3.676854285961513e-09,5.923676911978422,1.0725401762357967,0.0
256,6384,7.005256846168292,1.2391104380427306e-09,2.091792743584071e-10,2.1203474926071283e-09,1.2876697242897408e-10,5.684341886080802e-14,4.1928089505161676e-16,6.277482612500656e-10,1.2443181986473317e-10,3.629745979617561e-09,5.923676911982311,1.0725401762338744,0.0
256,6388,7.009646104843836,1.2232616159084528e-09,2.065037702130943e-10,2.093205814357699e-09,1.2711868046409287e-10,5.684341886080802e-14,4.1928089505161676e-16,6.197119957789607e-10,1.2283887696196125e-10,3.5832425973121086e-09,5.923676911986149,1.0725401762319766,0.0
256,6392,7.01403536351938,1.2076157672150744e-09,2.0386253084013577e-10,2.06641204766921e-09,1.2549151688431436e-10,0.0,0.0,6.11778752515759e-10,1.21266355048951e-10,3.5373381790252593e-09,5.923676911989936,1.0725401762301026,0.0
256,6396,7.0184246221949245,1.1921704235431643e-09,2.0125513953560467e-10,2.0399619613956176e-09,1.238852247355931e-10,0.0,0.0,6.039472785472436e-10,1.1971400577412367e-10,3.4920228706156013e-09,5.923676911993674,1.072540176228252,0.0
256,6400,7.022813880870468,1.17692294666448e-09,1.9868115092945768e-10,2.0138510250678556e-09,1.222995288862408e-10,0.0,0.0,5.962162320472041e-10,1.181815631616294e-10,3.4472847888042014e-09,5.923676911997361,1.072540176226425,0.0
256,6404,7.027203139546012,1.1618706670504389e-09,1.9614011436771387e-10,1.988074661319112e-09,1.2073415135650746e-10,-5.684341886080802e-14,-4.1928089505161676e-16,5.885842575300916e-10,1.1666875852807377e-10,3.4031259026192177e-09,5.923676912000999,1.0725401762246207,0.0
256,6408,7.031592398221556,1.1470112603498535e-09,1.9363163746719269e-10,1.962628880934085e-09,1.19188849884604e-10,5.684341886080802e-14,4.1928089505161676e-16,5.810501735531194e-10,1.1517535768869666e-10,3.3595324786937703e-09,5.923676912004589,1.0725401762228393,0.0
256,6412,7.035981656897101,1.1323422009119037e-09,1.9115529386250353e-10,1.9375093492805585e-09,1.1766336123185436e-10,0.0,0.0,5.736126963773464e-10,1.1370110618166588e-10,3.3164982638762184e-09,5.923676912008131,1.0725401762210802,0.0
256,6416,7.040370915572645,1.1178610300150375e-09,1.8871066848685794e-10,1.9127118496481094e-09,1.1615742932087645e-10,5.684341886080802e-14,4.1928089505161676e-16,5.662705772903331e-10,1.1224575648807793e-10,3.2740142691271306e-09,5.923676912011626,1.0725401762193434,0.0
256,6420,7.0447601742481885,1.1035653326418941e-09,1.862973536513498e-10,1.888232237246793e-09,1.1467080244196026e-10,0.0,0.0,5.590225887755001e-10,1.1080906529045773e-10,3.232079530157668e-09,5.923676912015075,1.0725401762176283,0.0
256,6424,7.049149432923732,1.0894527106282837e-09,1.8391494451212527e-10,1.8640663990886337e-09,1.1320323081670341e-10,0.0,0.0,5.518675128316676e-10,1.0939079115746608e-10,3.190678267731591e-09,5.923676912018477,1.0725401762159346,0.0
256,6428,7.053538691599276,1.0755208045629653e-09,1.8156304276737354e-10,1.8402102886832152e-09,1.1175446870504596e-10,0.0,0.0,5.448041511510795e-10,1.0799069656138041e-10,3.1498108617667987e-09,5.923676912021835,1.0725401762142621,0.0
256,6432,7.057927950274821,1.061767386293896e-09,1.79241272273683e-10,1.816660074863198e-09,1.1032428344332269e-10,5.684341886080802e-14,4.1928089505161676e-16,5.378313688604882e-10,1.0660855654842187e-10,3.1094689456073302e-09,5.923676912025148,1.072540176212611,0.0
256,6436,7.062317208950365,1.0481901218372862e-09,1.7694923902175433e-10,1.7934117663863913e-09,1.0891243264665334e-10,5.684341886080802e-14,4.1928089505161676e-16,5.309479844055664e-10,1.0524413691172084e-10,3.0696435176383478e-09,5.9236769120284185,1.0725401762109807,0.0
256,6440,7.066706467625909,1.0347867472892999e-09,1.746865608327703e-10,1.7704614698399687e-09,1.0751867987125506e-10,5.684341886080802e-14,4.1928089505161676e-16,5.241528444486182e-10,1.0389720903748844e-10,3.0303274208692513e-09,5.9236769120316435,1.072540176209371,0.0
256,6444,7.0710957263014524,1.0215550427638445e-09,1.7245286295872807e-10,1.7478053794204054e-09,1.0614279399378638e-10,-5.684341886080802e-14,-4.1928089505161676e-16,5.17444822004757e-10,1.0256754953557127e-10,2.9915157165406364e-09,5.923676912034827,1.0725401762077815,0.0
256,6448,7.075484984976996,1.0084927907993798e-09,1.7024777106092324e-10,1.7254396920984255e-09,1.0478454405938375e-10,5.684341886080802e-14,4.1928089505161676e-16,5.108227908639706e-10,1.0125493516941098e-10,2.9532056316496163e-09,5.923676912037967,1.072540176206212,0.0
256,6452,7.079874243652541,9.955977549302426e-10,1.680709075924882e-10,1.703360574019661e-09,1.0344369724120085e-10,0.0,0.0,5.042856157474645e-10,9.995914090484149e-11,2.915384508128723e-09,5.923676912041065,1.072540176204662,0.0
256,6456,7.084263502328085,9.828678606121378e-10,1.6592192234116024e-10,1.681564457111604e-09,1.0212003685310686e-10,0.0,0.0,4.978322396817807e-10,9.867995722932564e-11,2.878047867918275e-09,5.923676912044124,1.0725401762031317,0.0
256,6460,7.088652761003629,9.70301036460123e-10,1.6380046562801982e-10,1.6600477923577567e-09,1.0081334736622685e-10,0.0,0.0,4.914616117965338e-10,9.7417175840073e-11,2.8411918118366567e-09,5.923676912047142,1.0725401762016207,0.0
256,6464,7.093042019679173,9.578951826926536e-10,1.6170618298040138e-10,1.6388069828298403e-09,9.952341034204254e-11,0.0,0.0,4.851726670596037e-10,9.617058562716403e-11,2.8048074659512765e-09,5.9236769120501185,1.0725401762001288,0.0
256,6468,7.097431278354717,9.456481378328643e-10,1.5963870951060138e-10,1.6178383156810121e-09,9.82500003023959e-11,5.684341886080802e-14,4.1928089505161676e-16,4.789643057703819e-10,9.493996860871577e-11,2.7688904268971777e-09,5.923676912053057,1.0725401761986555,0.0
256,6472,7.101820537030261,9.335578863900456e-10,1.5759770497543314e-10,1.597138333746124e-09,9.699290729646949e-11,0.0,0.0,4.728355041236499e-10,9.372512184677621e-11,2.7334345673914086e-09,5.923676912055956,1.0725401761972009,0.0
256,6476,7.106209795705805,9.216224212322735e-10,1.5558283054279058e-10,1.5767035939473576e-09,9.575192222895795e-11,5.684341886080802e-14,4.1928089505161676e-16,4.667852424775596e-10,9.252584322865366e-11,2.698434994754992e-09,5.923676912058816,1.0725401761957642,0.0
256,6480,7.110599054381349,9.098398608793967e-10,1.5359376859235457e-10,1.5565308711919416e-09,9.452684924260982e-11,0.0,0.0,4.608125658271721e-10,9.134194345393925e-11,2.6638798649017452e-09,5.923676912061638,1.0725401761943463,0.0
256,6484,7.114988313056893,8.982081284417282e-10,1.5163016851592722e-10,1.5366166039986812e-09,9.331747205157931e-11,0.0,0.0,4.549164195088479e-10,9.01732134679464e-11,2.6297691422374367e-09,5.9236769120644235,1.072540176192946,0.0
256,6488,7.1193775717324375,8.867253092333784e-10,1.496917070875936e-10,1.5169575052113093e-09,9.212359102954957e-11,-5.684341886080802e-14,-4.1928089505161676e-16,4.490958299659589e-10,8.901946029296342e-11,2.5960996751516537e-09,5.9236769120671715,1.0725401761915634,0.0
256,6492,7.123766830407981,8.753894761146115e-10,1.477780589790544e-10,1.4975502709289925e-09,9.094500553331989e-11,0.0,0.0,4.4334981883884527e-10,8.7880489999225e-11,2.562858852028346e-09,5.923676912069884,1.0725401761901978,0.0
256,6496,7.128156089083525,8.641987843598419e-10,1.4588891277467824e-10,1.4783917387139153e-09,8.978152351062317e-11,5.684341886080802e-14,4.1928089505161676e-16,4.376774496640401e-10,8.67561169615999e-11,2.5300448627904407e-09,5.923676912072558,1.0725401761888496,0.0
256,6500,7.132545347759069,8.531513748858285e-10,1.4402395463505952e-10,1.459478715671343e-09,8.863295105956847e-11,-5.684341886080802e-14,-4.1928089505161676e-16,4.320777767619649e-10,8.564615372814558e-11,2.497652088302767e-09,5.923676912075199,1.0725401761875182,0.0
256,6504,7.136934606434614,8.422453608019949e-10,1.4218286602652322e-10,1.440807967717555e-09,8.749909177689135e-11,5.684341886080802e-14,4.1928089505161676e-16,4.2654984247482425e-10,8.455041047260582e-11,2.465675350401384e-09,5.923676912077804,1.0725401761862037,0.0
256,6508,7.141323865110158,8.314790124221025e-10,1.4036535495369822e-10,1.422376525524361e-09,8.637976533771463e-11,0.0,0.0,4.210927673844312e-10,8.346871287732468e-11,2.43410700056419e-09,5.923676912080374,1.0725401761849058,0.0
256,6512,7.1457131237857014,8.208504634741804e-10,1.3857110636362017e-10,1.4041811940417274e-09,8.52747777092578e-11,0.0,0.0,4.1570560551608147e-10,8.240087343186006e-11,2.402948462518589e-09,5.923676912082911,1.0725401761836242,0.0
256,6516,7.150102382461245,8.103579455931859e-10,1.3679982173139165e-10,1.3862189348766977e-09,8.41839443723968e-11,0.0,0.0,4.103874569070181e-10,8.134671374622576e-11,2.3721835944782463e-09,5.923676912085414,1.0725401761823585,0.0
256,6520,7.154491641136789,7.999998232006395e-10,1.3505122494835518e-10,1.368486943321627e-09,8.31070949995258e-11,0.0,0.0,4.0513749099763725e-10,8.030606918747987e-11,2.3418153249486055e-09,5.923676912087883,1.0725401761811089,0.0
256,6524,7.158880899812334,7.897743085354583e-10,1.333250142152889e-10,1.3509821578101565e-09,8.204404366421892e-11,5.684341886080802e-14,4.1928089505161676e-16,3.999548013031084e-10,7.927876007283538e-11,2.3118367871826627e-09,5.92367691209032,1.072540176179875,0.0
256,6528,7.163270158487878,7.796796840415637e-10,1.3162089958456323e-10,1.3337016269058758e-09,8.099461112815213e-11,0.0,0.0,3.948385136053688e-10,7.82646131154013e-11,2.2822413272218727e-09,5.923676912092724,1.0725401761786568,0.0
256,6532,7.167659417163422,7.697142700771751e-10,1.2993859750901567e-10,1.3166424766225291e-09,7.995862285648612e-11,5.684341886080802e-14,4.1928089505161676e-16,3.897877770411999e-10,7.72634596576675e-11,2.2530263559466834e-09,5.923676912095097,1.0725401761774538,0.0
256,6536,7.172048675838965,7.59876339618288e-10,1.2827781644269758e-10,1.2998017371970386e-09,7.893589849793331e-11,5.684341886080802e-14,4.1928089505161676e-16,3.848017118948921e-10,7.627512532300329e-11,2.2241851073572695e-09,5.923676912097439,1.072540176176266,0.0
256,6540,7.176437934514509,7.501643399552635e-10,1.2663829426637767e-10,1.2831767495177927e-09,7.792627656681612e-11,5.684341886080802e-14,4.1928089505161676e-16,3.7987953084005336e-10,7.529945404812371e-11,2.195715457432245e-09,5.923676912099749,1.0725401761750932,0.0
256,6544,7.180827193190054,7.405766516342018e-10,1.2501975759345433e-10,1.2667647412293628e-09,7.692958870025239e-11,0.0,0.0,3.750204130561511e-10,7.433628313055873e-11,2.1676105924522428e-09,5.923676912102028,1.072540176173935,0.0
256,6548,7.185216451865598,7.311117804494807e-10,1.2342195418099733e-10,1.250563142536856e-09,7.594567883669596e-11,0.0,0.0,3.702235972948652e-10,7.33854616762005e-11,2.1398650319861677e-09,5.923676912104277,1.0725401761727917,0.0
256,6552,7.189605710541142,7.217680085137788e-10,1.2184459402545872e-10,1.2345690134982952e-09,7.497436843587034e-11,-5.684341886080802e-14,-4.1928089505161676e-16,3.654882131489035e-10,7.24468171535263e-11,2.1124737882661364e-09,5.923676912106497,1.0725401761716629,0.0
256,6556,7.193994969216686,7.125438023330106e-10,1.2028741825146296e-10,1.2187797186953186e-09,7.401549745096969e-11,-5.684341886080802e-14,-4.1928089505161676e-16,3.608134799958116e-10,7.152019482810099e-11,2.0854354468039714e-09,5.923676912108687,1.0725401761705482,0.0
256,6560,7.19838422789223,7.034376870477548e-10,1.1875017788199066e-10,1.2031927347391483e-09,7.30689126386533e-11,0.0,0.0,3.561986507759177e-10,7.060544661828063e-11,2.0587462980296246e-09,5.923676912110849,1.0725401761694473,0.0
256,6564,7.202773486567774,6.944481281483077e-10,1.1723261387021556e-10,1.1878054248062946e-09,7.213445386678304e-11,0.0,0.0,3.516429444620035e-10,6.970241770939802e-11,2.032395351950268e-09,5.92367691211298,1.0725401761683602,0.0
256,6568,7.207162745243318,6.855736293321575e-10,1.1573447361922301e-10,1.1726152250107705e-09,7.121196543265576e-11,0.0,0.0,3.4714560187619864e-10,6.881095761774842e-11,2.0063854416445113e-09,5.923676912115084,1.0725401761672868,0.0
256,6572,7.211552003918862,6.768126270087202e-10,1.1425549317292502e-10,1.1576194565315916e-09,7.030128465365974e-11,5.684341886080802e-14,4.1928089505161676e-16,3.427058298200838e-10,6.793090911609771e-11,1.9807057319946316e-09,5.923676912117161,1.072540176166227,0.0
256,6576,7.215941262594406,6.681637409699574e-10,1.1279543953278728e-10,1.1428157530729552e-09,6.940226782658244e-11,5.684341886080802e-14,4.1928089505161676e-16,3.383229275780203e-10,6.706213330908368e-11,1.955359912189408e-09,5.923676912119209,1.0725401761651805,0.0
256,6580,7.2203305212699505,6.596256066393119e-10,1.1135408233908939e-10,1.1282017697950632e-09,6.8514772551217e-11,0.0,0.0,3.3399620060766307e-10,6.620449252501003e-11,1.9303346812389735e-09,5.9236769121212305,1.0725401761641473,0.0
256,6584,7.224719779945494,6.511967166744439e-10,1.0993116713123835e-10,1.1137749255148694e-09,6.763864207442395e-11,0.0,0.0,3.297248846640731e-10,6.535783527578122e-11,1.9056305430185927e-09,5.9236769121232244,1.072540176163127,0.0
256,6588,7.229109038621038,6.428756556447118e-10,1.0852645496462893e-10,1.0995327948462598e-09,6.677372910448441e-11,5.684341886080802e-14,4.1928089505161676e-16,3.2550826157733954e-10,6.452201920626145e-11,1.8812450849534453e-09,5.923676912125193,1.0725401761621196,0.0
256,6592,7.233498297296582,6.346610775336562e-10,1.0713971861274629e-10,1.0854730662110994e-09,6.591989326114512e-11,5.684341886080802e-14,4.1928089505161676e-16,3.213456467033017e-10,6.369690860676556e-11,1.8571715799704191e-09,5.923676912127135,1.0725401761611248,0.0
256,6596,7.237887555972126,6.265515531555633e-10,1.0577071680893549e-10,1.071593291603454e-09,6.507698587900396e-11,0.0,0.0,3.17236315206263e-10,6.288235980087043e-11,1.8334059297500546e-09,5.923676912129052,1.0725401761601425,0.0
256,6600,7.242276814647671,6.185458268441061e-10,1.044192375790552e-10,1.057891318284713e-09,6.424487622400234e-11,-5.684341886080802e-14,-4.1928089505161676e-16,3.131796296111045e-10,6.207824642870524e-11,1.8099427991076499e-09,5.923676912130942,1.0725401761591726,0.0
256,6604,7.246666073323214,6.10642590059019e-10,1.0308506002309938e-10,1.0443648996538677e-09,6.342342786189487e-11,5.684341886080802e-14,4.1928089505161676e-16,3.091749245394084e-10,6.128443659942693e-11,1.7867837966059957e-09,5.923676912132808,1.0725401761582152,0.0
256,6608,7.251055331998758,6.028404286848809e-10,1.0176794541849048e-10,1.0310116160313633e-09,6.26124938475173e-11,0.0,0.0,3.0522148362758386e-10,6.050078831594717e-11,1.7639210924750439e-09,5.923676912134649,1.0725401761572695,0.0
256,6612,7.255444590674302,5.951380606313351e-10,1.0046767733033923e-10,1.0178292667323814e-09,6.181194053507702e-11,0.0,0.0,3.0131865511327753e-10,5.972717238638962e-11,1.7413510952118865e-09,5.923676912136466,1.0725401761563358,0.0
256,6616,7.259833849349847,5.875342957194429e-10,9.918405483969674e-11,1.0048158079137243e-09,6.102164380364494e-11,-5.684341886080802e-14,-4.1928089505161676e-16,2.974658336537871e-10,5.896346882014856e-11,1.7190680537200826e-09,5.9236769121382595,1.0725401761554139,0.0
256,6620,7.264223108025391,5.800278440522271e-10,9.791686019380634e-11,9.919690295579194e-10,6.024146944066396e-11,5.684341886080802e-14,4.1928089505161676e-16,2.936623648598669e-10,5.820954790464693e-11,1.6970748721444947e-09,5.923676912140029,1.0725401761545037,0.0
256,6624,7.268612366700935,5.72617411683046e-10,9.666587495627104e-11,9.7928671535454e-10,5.9471282851411e-11,0.0,0.0,2.899075925007159e-10,5.7465279562275774e-11,1.675359546157327e-09,5.923676912141774,1.0725401761536049,0.0
256,6628,7.273001625376478,5.653017750365451e-10,9.543089257035713e-11,9.667667673010017e-10,5.871095662590167e-11,5.684341886080802e-14,4.1928089505161676e-16,2.862008953002811e-10,5.673054064413183e-11,1.653926249734711e-09,5.923676912143497,1.0725401761527174,0.0
256,6632,7.277390884052022,5.580797596790366e-10,9.421171477513562e-11,9.544071752342817e-10,5.796036868857645e-11,0.0,0.0,2.8254167811499396e-10,5.600521318127455e-11,1.6327645464393455e-09,5.923676912145196,1.0725401761518412,0.0
256,6636,7.281780142727567,5.509501015355356e-10,9.300812817696541e-11,9.422057685340372e-10,5.721938721943374e-11,0.0,0.0,2.789292980575262e-10,5.52891697410288e-11,1.6118758352039978e-09,5.923676912146873,1.0725401761509756,0.0
256,6640,7.286169401403111,5.439117918184823e-10,9.18199624783143e-11,9.301608162672012e-10,5.648790710032133e-11,0.0,0.0,2.7536324251013264e-10,5.458230871266484e-11,1.5912548300981384e-09,5.923676912148528,1.0725401761501214,0.0
256,6644,7.290558660078655,5.369634418225079e-10,9.064698324617902e-11,9.182699365150827e-10,5.5765783679261403e-11,0.0,0.0,2.71842806095192e-10,5.388449027672553e-11,1.5708960940969652e-09,5.923676912150161,1.072540176149278,0.0
256,6648,7.294947918754199,5.30103981552617e-10,8.948900985035115e-11,9.065312977649556e-10,5.505290572998114e-11,0.0,0.0,2.683674465580234e-10,5.3195606947868524e-11,1.5508016118778698e-09,5.923676912151772,1.0725401761484454,0.0
256,6652,7.299337177429743,5.233321817315658e-10,8.834583477153785e-11,8.949427949345454e-10,5.434914541255236e-11,0.0,0.0,2.649365406170851e-10,5.2515535179663956e-11,1.5309588581306805e-09,5.923676912153362,1.0725401761476228,0.0
256,6656,7.303726436105287,5.166470131243383e-10,8.721728426038863e-11,8.835026595951324e-10,5.3654395331742433e-11,-5.684341886080802e-14,-4.1928089505161676e-16,2.615495644689262e-10,5.184417114415932e-11,1.511376761344755e-09,5.923676912154931,1.0725401761468105,0.0
256,6660,7.308115694780831,5.100473796116761e-10,8.610317327655194e-11,8.722090181621004e-10,5.2968541706287e-11,0.0,0.0,2.582059634920896e-10,5.118140490467859e-11,1.4920399644465598e-09,5.923676912156479,1.0725401761460087,0.0
256,6664,7.312504953456375,5.035321943220945e-10,8.500331834083051e-11,8.610600011260478e-10,5.2291471002406124e-11,0.0,0.0,2.549051838742612e-10,5.052712668493344e-11,1.4729540613971482e-09,5.923676912158006,1.072540176145217,0.0
256,6668,7.316894212131919,4.971003430214099e-10,8.391753135481854e-11,8.500537029336419e-10,5.162306749740139e-11,0.0,0.0,2.516466614965183e-10,4.9881224665666853e-11,1.4541125939496144e-09,5.923676912159514,1.072540176144435,0.0
256,6672,7.3212834708074634,4.907507465145653e-10,8.284563013520778e-11,8.391882735935018e-10,5.096321884280635e-11,0.0,0.0,2.4842984854087304e-10,4.9243590258781665e-11,1.435512056589135e-09,5.923676912161001,1.072540176143663,0.0
256,6676,7.325672729483007,4.844823349450895e-10,8.178743407517461e-11,8.284618758367896e-10,5.0311813462784196e-11,5.684341886080802e-14,4.1928089505161676e-16,2.4525420084578716e-10,4.8614115600959605e-11,1.4171506783328201e-09,5.9236769121624695,1.0725401761429008,0.0
256,6680,7.330061988158551,4.782941718610975e-10,8.074278508846638e-11,8.178729048763443e-10,4.9668753899920593e-11,-5.684341886080802e-14,-4.1928089505161676e-16,2.421192432201501e-10,4.799270650015215e-11,1.3990240693750356e-09,5.923676912163917,1.0725401761421482,0.0
256,6684,7.334451246834095,4.721851346524242e-10,7.971149366269379e-11,8.074194378676043e-10,4.903392338143491e-11,0.0,0.0,2.390244063257493e-10,4.7379250102538325e-11,1.3811273102989983e-09,5.923676912165346,1.072540176141405,0.0
256,6688,7.338840505509639,4.661542210605933e-10,7.869339060252576e-11,7.970997565306081e-10,4.8407217557587665e-11,-5.684341886080802e-14,-4.1928089505161676e-16,2.359691813409372e-10,4.6773645549848164e-11,1.3634621018908952e-09,5.923676912166756,1.0725401761406712,0.0
256,6692,7.343229764185184,4.602004362459663e-10,7.768830796503544e-11,7.869121612731223e-10,4.7788533213529874e-11,0.0,0.0,2.329530651794232e-10,4.617579312067016e-11,1.3460259153507383e-09,5.9236769121681485,1.0725401761399465,0.0
256,6696,7.347619022860727,4.543227914231188e-10,7.669607882933246e-11,7.768549467143387e-10,4.7177766782877124e-11,-5.684341886080802e-14,-4.1928089505161676e-16,2.299755524949773e-10,4.558559264562919e-11,1.3288094336133448e-09,5.923676912169521,1.072540176139231,0.0
256,6700,7.352008281536271,4.485203167177015e-10,7.571653946698197e-11,7.669264566443492e-10,4.657481768535363e-11,0.0,0.0,2.270361530674299e-10,4.500294695362722e-11,1.3118143440132805e-09,5.923676912170876,1.0725401761385245,0.0
256,6704,7.356397540211815,4.427920604331225e-10,7.474952921821034e-11,7.571250594440283e-10,4.5979586834061746e-11,5.684341886080802e-14,4.1928089505161676e-16,2.2413438373659323e-10,4.442776027299086e-11,1.2950369885352318e-09,5.923676912172213,1.0725401761378268,0.0
256,6708,7.36078679888736,4.3713708150987487e-10,7.379488921893351e-11,7.474491390354664e-10,4.53919760859092e-11,0.0,0.0,2.212697658533972e-10,4.385993772623728e-11,1.2784752099806666e-09,5.923676912173533,1.072540176137138,0.0
256,6712,7.365176057562904,4.315544324803443e-10,7.285245952328874e-11,7.378970741969364e-10,4.4811886985423884e-11,0.0,0.0,2.1844181944280118e-10,4.329938417305073e-11,1.2621239007544634e-09,5.923676912174834,1.0725401761364581,0.0
256,6716,7.369565316238448,4.2604317837726185e-10,7.192208229564745e-11,7.284672652021672e-10,4.423922238253518e-11,-5.684341886080802e-14,-4.1928089505161676e-16,2.15650070897245e-10,4.274600573527295e-11,1.2459841520568726e-09,5.923676912176118,1.0725401761357867,0.0
256,6720,7.373954574913991,4.206023439986769e-10,7.100359290820076e-11,7.191580369730619e-10,4.3673880551117575e-11,0.0,0.0,2.1289402408061531e-10,4.219970406915169e-11,1.2300508576107593e-09,5.9236769121773865,1.0725401761351236,0.0
256,6724,7.378343833589535,4.1523108976233836e-10,7.009684962765301e-11,7.099679524064249e-10,4.31157742170671e-11,0.0,0.0,2.101732535111578e-10,4.1660394835992157e-11,1.214319125433771e-09,5.923676912178637,1.0725401761344688,0.0
256,6728,7.38273309226508,4.0992856451390697e-10,6.92017087671773e-11,7.008955522191669e-10,4.256481475931292e-11,0.0,0.0,2.074873270601238e-10,4.1127992379537e-11,1.1987906341615217e-09,5.923676912179871,1.0725401761338225,0.0
256,6732,7.387122350940624,4.046938440729695e-10,6.831801431211803e-11,6.919392541120796e-10,4.20209060861157e-11,-5.684341886080802e-14,-4.1928089505161676e-16,2.0483577624450485e-10,4.060240383741302e-11,1.1834615306706584e-09,5.923676912181089,1.072540176133184,0.0
256,6736,7.391511609616168,3.9952606805748186e-10,6.744562101788188e-11,6.83097581769064e-10,4.148395854200385e-11,5.684341886080802e-14,4.1928089505161676e-16,2.022181638507339e-10,4.008354254545375e-11,1.1683284604434124e-09,5.92367691218229,1.072540176132554,0.0
256,6740,7.395900868291712,3.944243404056626e-10,6.658437761663393e-11,6.743690015951506e-10,4.095387899300671e-11,0.0,0.0,1.99634035835025e-10,3.957131850341851e-11,1.1533880804552548e-09,5.923676912183476,1.0725401761319315,0.0
256,6744,7.400290126967256,3.893878024489789e-10,6.573413915304564e-11,6.657520399435166e-10,4.043057794575565e-11,-5.684341886080802e-14,-4.1928089505161676e-16,1.970829557651769e-10,3.906564520202262e-11,1.1386400661233825e-09,5.923676912184646,1.072540176131317,0.0
256,6748,7.4046793856428,3.8441571738801913e-10,6.489478124501066e-11,6.572454328131512e-10,3.991397863850105e-11,5.684341886080802e-14,4.1928089505161676e-16,1.9456454931392994e-10,3.8566448442379326e-11,1.1240821301514122e-09,5.923676912185801,1.0725401761307103,0.0
256,6752,7.409068644318344,3.7950716623739985e-10,6.406614875486756e-11,6.488476075479202e-10,3.9403985565119604e-11,5.684341886080802e-14,4.1928089505161676e-16,1.9207835087866947e-10,3.8073635933065064e-11,1.1097085128128095e-09,5.923676912186941,1.0725401761301112,0.0
256,6756,7.413457902993888,3.746614071359152e-10,6.324811644600789e-11,6.405572927132815e-10,3.8900521512429426e-11,0.0,0.0,1.8962398397291075e-10,3.7587133047192995e-11,1.0955170190225923e-09,5.923676912188065,1.0725401761295197,0.0
256,6760,7.417847161669432,3.6987758756592146e-10,6.244054040145977e-11,6.323730292228513e-10,3.840349787130546e-11,0.0,0.0,1.872010166116897e-10,3.7106854157006656e-11,1.0815116695443913e-09,5.923676912189174,1.0725401761289353,0.0
256,6764,7.422236420344976,3.6515497715032115e-10,6.164329732329384e-11,6.242935589043733e-10,3.791283823397357e-11,5.684341886080802e-14,4.1928089505161676e-16,1.8480907601880664e-10,3.6632725371069316e-11,1.0676844078983807e-09,5.923676912190269,1.0725401761283588,0.0
256,6768,7.42662567902052,3.6049275263247124e-10,6.085624823420676e-11,6.163174765661204e-10,3.742845726428724e-11,1.1368683772161603e-13,8.385617901032335e-16,1.824477462946448e-10,3.616466425005077e-11,1.0540333270824387e-09,5.923676912191349,1.0725401761277895,0.0
256,6772,7.431014937696064,3.558901155667125e-10,6.007925834533834e-11,6.084434106071322e-10,3.695027166603972e-11,0.0,0.0,1.8011662118453934e-10,3.5702590266436426e-11,1.04055926352804e-09,5.923676912192414,1.0725401761272273,0.0
256,6776,7.435404196371608,3.51346291083302e-10,5.931219684777471e-11,6.006700362792665e-10,3.647820098835772e-11,0.0,0.0,1.7781530852525436e-10,3.524642568590482e-11,1.027255689828344e-09,5.923676912193467,1.0725401761266722,0.0
256,6780,7.439793455047152,3.4686059404576206e-10,5.855494808083962e-11,5.92996179605902e-10,3.6012173936599315e-11,5.684341886080802e-14,4.1928089505161676e-16,1.755434606968427e-10,3.479610160347396e-11,1.0141215616952987e-09,5.923676912194505,1.0725401761261242,0.0
256,6784,7.444182713722697,3.4243217343364014e-10,5.780736838030809e-11,5.854203806062458e-10,3.555210184732271e-11,5.684341886080802e-14,4.1928089505161676e-16,1.7330064533260352e-10,3.4351532315719784e-11,1.001156508013198e-09,5.923676912195529,1.0725401761255828,0.0
256,6788,7.44857197239824,3.3806035899953774e-10,5.706934459898989e-11,5.779414948125815e-10,3.509791521793768e-11,0.0,0.0,1.7108652368533197e-10,3.391265067640904e-11,9.883586969211263e-10,5.92367691219654,1.0725401761250482,0.0
256,6792,7.452961231073784,3.3374445450045035e-10,5.6340759201270764e-11,5.705583249953466e-10,3.4649541341670194e-11,-5.684341886080802e-14,-4.1928089505161676e-16,1.689007411071323e-10,3.347938638748468e-11,9.757243767804233e-10,5.923676912197537,1.0725401761245206,0.0
256,6796,7.457350489749328,3.2948370461225335e-10,5.5621484677812203e-11,5.63269576782043e-10,3.420690161233499e-11,-5.684341886080802e-14,-4.1928089505161676e-16,1.667429143238731e-10,3.305166347661731e-11,9.632504712375377e-10,5.9236769121985215,1.0725401761239992,0.0
256,6800,7.461739748424873,3.252774005976586e-10,5.4911401383789104e-11,5.560740339775387e-10,3.376992217139446e-11,-5.684341886080802e-14,-4.1928089505161676e-16,1.6461268315440093e-10,3.262941054895144e-11,9.509369671023927e-10,5.923676912199492,1.0725401761234847,0.0
256,6804,7.466129007100417,3.2112488652816507e-10,5.421039858924257e-11,5.489705783694318e-10,3.333853511072222e-11,5.684341886080802e-14,4.1928089505161676e-16,1.6250971668393974e-10,3.2212562010792345e-11,9.387803862620136e-10,5.92367691220045,1.0725401761229767,0.0
256,6808,7.470518265775961,3.170253746018751e-10,5.351834330212909e-11,5.419578560513045e-10,3.2912658208686685e-11,-5.684341886080802e-14,-4.1928089505161676e-16,1.6043361387887267e-10,3.1801038369537905e-11,9.267790184744262e-10,5.923676912201396,1.0725401761224749,0.0
256,6812,7.474907524451504,3.129783309815345e-10,5.283514540320988e-11,5.350349575117788e-10,3.2492236231404275e-11,-5.684341886080802e-14,-4.1928089505161676e-16,1.5838410560484148e-10,3.1394786277564466e-11,9.149327428860554e-10,5.923676912202328,1.0725401761219795,0.0
256,6816,7.479296783127048,3.089830452293063e-10,5.216068496058324e-11,5.282006625030413e-10,3.207719507422135e-11,-5.684341886080802e-14,-4.1928089505161676e-16,1.563608304421928e-10,3.099373409452194e-11,9.032396037513856e-10,5.923676912203249,1.0725401761214903,0.0
256,6820,7.483686041802593,3.050388137141878e-10,5.149484319143692e-11,5.214537622675209e-10,3.16674613302773e-11,0.0,0.0,1.5436343036772997e-10,3.05978108533035e-11,8.916928756591498e-10,5.923676912204158,1.0725401761210074,0.0
256,6824,7.488075300478137,3.011450410273978e-10,5.083751958239213e-11,5.147932391381215e-10,3.1262973197480086e-11,5.684341886080802e-14,4.1928089505161676e-16,1.523916041320248e-10,3.0206956840458877e-11,8.802941986082236e-10,5.923676912205053,1.0725401761205307,0.0
256,6828,7.492464559153681,2.9730097923380407e-10,5.018858787147623e-11,5.082178106252913e-10,3.0863652791286084e-11,-5.684341886080802e-14,-4.1928089505161676e-16,1.504449719532388e-10,2.982109677589854e-11,8.690437539795943e-10,5.923676912205939,1.0725401761200597,0.0
256,6832,7.4968538178292246,2.9350605938839023e-10,4.954795201276627e-11,5.017265004346829e-10,3.046944082213653e-11,-5.684341886080802e-14,-4.1928089505161676e-16,1.4852324469837947e-10,2.944017334788358e-11,8.579373038882715e-10,5.923676912206812,1.0725401761195947,0.0
256,6836,7.501243076504769,2.8975963338227974e-10,4.891550259636596e-11,4.953182053279665e-10,3.0080270291268183e-11,5.684341886080802e-14,4.1928089505161676e-16,1.466260959397873e-10,2.906412185215239e-11,8.469718549044012e-10,5.923676912207673,1.0725401761191358,0.0
256,6840,7.505632335180313,2.86061082484112e-10,4.829113517171701e-11,4.889918609241707e-10,2.9696076559693494e-11,0.0,0.0,1.447532103677376e-10,2.8692879788232575e-11,8.36144124610873e-10,5.923676912208523,1.0725401761186824,0.0
256,6844,7.510021593855857,2.8240981880050264e-10,4.7674750494145385e-11,4.827464624018359e-10,2.9316798605425434e-11,0.0,0.0,1.4290429053537432e-10,2.832638819641706e-11,8.254609934436633e-10,5.923676912209363,1.0725401761182347,0.0
256,6848,7.514410852531401,2.788052271285751e-10,4.706624470875053e-11,4.765809487847135e-10,2.894237199624248e-11,-5.684341886080802e-14,-4.1928089505161676e-16,1.4107902205187196e-10,2.7964584758377005e-11,8.149088176841417e-10,5.9236769122101895,1.0725401761177928,0.0
256,6852,7.518800111206945,2.752466699347089e-10,4.646551019088816e-11,4.70494230926654e-10,2.857273058918802e-11,0.0,0.0,1.392770825262133e-10,2.7607405569991193e-11,8.044948634402545e-10,5.923676912211007,1.0725401761173565,0.0
256,6856,7.523189369882489,2.7173364459009856e-10,4.58724620897447e-11,4.644854514187128e-10,2.8207822314516737e-11,0.0,0.0,1.374982182054226e-10,2.725480033252284e-11,7.94213545934268e-10,5.923676912211812,1.0725401761169258,0.0
256,6860,7.527578628558033,2.682655240242855e-10,4.5286994547004796e-11,4.5855353577161746e-10,2.7847581919372198e-11,5.684341886080802e-14,4.1928089505161676e-16,1.3574211092790813e-10,2.6906705980204462e-11,7.840633773162823e-10,5.923676912212607,1.0725401761165003,0.0
256,6864,7.531967887233577,2.648417118597529e-10,4.470900688575348e-11,4.526974588608544e-10,2.749194714877948e-11,5.684341886080802e-14,4.1928089505161676e-16,1.3400845704016044e-10,2.6563062323050496e-11,7.740441371076498e-10,5.923676912213392,1.0725401761160802,0.0
256,6868,7.536357145909121,2.6146157159110373e-10,4.4138391654925055e-11,4.469161321542643e-10,2.71408518970691e-11,-5.684341886080802e-14,-4.1928089505161676e-16,1.322969342941806e-10,2.6223805485288713e-11,7.641523182320314e-10,5.923676912214166,1.0725401761156654,0.0
256,6872,7.540746404584665,2.58124671193613e-10,4.3575075922668e-11,4.4120880954249777e-10,2.6794250853629295e-11,-5.684341886080802e-14,-4.1928089505161676e-16,1.3060732156623356e-10,2.58888916359275e-11,7.543875216721873e-10,5.923676912214931,1.072540176115256,0.0
256,6876,7.54513566326021,2.548304090735918e-10,4.301895813150413e-11,4.355744714109239e-10,2.645208209809583e-11,5.684341886080802e-14,4.1928089505161676e-16,1.28939317322506e-10,2.555826100514597e-11,7.447451497068141e-10,5.923676912215685,1.0725401761148516,0.0
256,6880,7.549524921935753,2.515782340758495e-10,4.246994523868333e-11,4.3001217019744077e-10,2.6114288085795723e-11,5.684341886080802e-14,4.1928089505161676e-16,1.272926408785885e-10,2.5231857955877436e-11,7.352303740965133e-10,5.923676912216428,1.0725401761144524,0.0
256,6884,7.553914180611297,2.4836756739276597e-10,4.1927939533336374e-11,4.245209130382097e-10,2.578080852091851e-11,5.684341886080802e-14,4.1928089505161676e-16,1.2566699820631138e-10,2.490962420606442e-11,7.258351588200663e-10,5.923676912217163,1.072540176114058,0.0
256,6888,7.558303439286841,2.4519795781391017e-10,4.139286484479465e-11,4.1909992574117e-10,2.5451596387412302e-11,5.684341886080802e-14,4.1928089505161676e-16,1.240621600284308e-10,2.4591514308532527e-11,7.16557878499919e-10,5.923676912217887,1.0725401761136688,0.0
256,6892,7.562692697962386,2.4206888999367314e-10,4.0864634175469236e-11,4.137483265485165e-10,2.5126598136845354e-11,0.0,0.0,1.2247786529569073e-10,2.4277476518281396e-11,7.074031553599884e-10,5.923676912218602,1.0725401761132844,0.0
256,6896,7.56708195663793,2.389797758133287e-10,4.03431482426452e-11,4.0846510678102837e-10,2.4805752512951946e-11,5.684341886080802e-14,4.1928089505161676e-16,1.209138153016066e-10,2.3967451625921263e-11,6.983634937706977e-10,5.9236769122193085,1.072540176112905,0.0
256,6900,7.571471215313474,2.359301876331316e-10,3.9828334854717294e-11,4.0324953473464007e-10,2.4489015079941456e-11,0.0,0.0,1.193697934207835e-10,2.3661396692118343e-11,6.894416825190575e-10,5.923676912220004,1.0725401761125302,0.0
256,6904,7.575860473989017,2.329195545425355e-10,3.9320097633953455e-11,3.981006357528451e-10,2.4176326647719836e-11,5.684341886080802e-14,4.1928089505161676e-16,1.1784551117432778e-10,2.335925453478876e-11,6.80630506307137e-10,5.923676912220691,1.0725401761121602,0.0
256,6908,7.580249732664561,2.2994741600858117e-10,3.881835883591116e-11,3.9301761319694456e-10,2.3867638837069183e-11,0.0,0.0,1.1634073241970218e-10,2.3060978345924478e-11,6.719354777991323e-10,5.923676912221369,1.072540176111795,0.0
256,6912,7.584638991340106,2.270131551931205e-10,3.832301432963301e-11,3.8799941822586086e-10,2.3562887952727e-11,-5.684341886080802e-14,-4.1928089505161676e-16,1.1485514686408475e-10,2.2766506619500052e-11,6.633531879261903e-10,5.923676912222037,1.0725401761114344,0.0
256,6916,7.58902825001565,2.2411634451680935e-10,3.783399193371034e-11,3.830453130931901e-10,2.3262029191956387e-11,0.0,0.0,1.1338853588522087e-10,2.247579602036558e-11,6.548744584839901e-10,5.923676912222699,1.0725401761110782,0.0
256,6920,7.593417508691194,2.2125660520308646e-10,3.735122770533077e-11,3.7815465582727774e-10,2.2965023568342795e-11,5.684341886080802e-14,4.1928089505161676e-16,1.119407096308621e-10,2.2188808916141587e-11,6.465057576916044e-10,5.92367691222335,1.0725401761107265,0.0
256,6924,7.5978067673667375,2.1843346889949398e-10,3.687464258001042e-11,3.7332664003654915e-10,2.2671822110384134e-11,0.0,0.0,1.1051142919379427e-10,2.1905497950807725e-11,6.382483575883343e-10,5.923676912223992,1.0725401761103792,0.0
256,6928,7.602196026042281,2.1564636808190243e-10,3.6404140751692017e-11,3.6856029490009363e-10,2.2382365860918964e-11,0.0,0.0,1.0910040716438462e-10,2.1625806154228248e-11,6.300933270534343e-10,5.923676912224626,1.0725401761100364,0.0
256,6932,7.606585284717826,2.128947944832407e-10,3.59396364177434e-11,3.638547434040289e-10,2.2096601559610095e-11,0.0,0.0,1.0770738364848387e-10,2.1349682010367258e-11,6.220441268386935e-10,5.923676912225252,1.0725401761096978,0.0
256,6936,7.61097454339337,2.1017844910146406e-10,3.548107910241293e-11,3.5920948059421476e-10,2.1814498541004783e-11,-5.684341886080802e-14,-4.1928089505161676e-16,1.0633220937634619e-10,2.1077095931080475e-11,6.14097574943302e-10,5.9236769122258695,1.0725401761093634,0.0
256,6940,7.615363802068914,2.0749680424034735e-10,3.502837972315388e-11,3.5462359928743707e-10,2.1536001712606946e-11,0.0,0.0,1.0497461562605898e-10,2.080799465049894e-11,6.062528102781148e-10,5.923676912226479,1.0725401761090334,0.0
256,6944,7.619753060744458,2.048493478578323e-10,3.458145184006318e-11,3.500962284183241e-10,2.1261058175327593e-11,0.0,0.0,1.0363434468449031e-10,2.054232708490647e-11,5.98509198300047e-10,5.923676912227081,1.0725401761087074,0.0
256,6948,7.624142319420002,2.0223572536275072e-10,3.414023559316306e-11,3.456267569746959e-10,2.0989630822895794e-11,0.0,0.0,1.0231121551239457e-10,2.028005734883084e-11,5.908637912782264e-10,5.923676912227673,1.0725401761083855,0.0
256,6952,7.628531578095546,1.9965552165407666e-10,3.3704660907560505e-11,3.412144682340716e-10,2.0721676129340328e-11,0.0,0.0,1.0100501570068915e-10,2.0021143338692737e-11,5.833145827173551e-10,5.92367691222826,1.072540176108068,0.0
256,6956,7.63292083677109,1.971082878780539e-10,3.3274652010426756e-11,3.3685860326597007e-10,2.0457148005432578e-11,0.0,0.0,9.971552087044595e-11,1.9765540578258473e-11,5.758639344303424e-10,5.923676912228837,1.072540176107754,0.0
256,6960,7.637310095446634,1.9459360046743383e-10,3.285013739765131e-11,3.325584310495437e-10,2.019600205687319e-11,0.0,0.0,9.844251438581105e-11,1.9513206126121092e-11,5.685071902901301e-10,5.923676912229408,1.0725401761074445,0.0
256,6964,7.641699354122178,1.9211102141454054e-10,3.243104312737635e-11,3.283132033129146e-10,1.9938192841721812e-11,-5.684341886080802e-14,-4.1928089505161676e-16,9.718577475604236e-11,1.926409607854112e-11,5.612456942944248e-10,5.92367691222997,1.0725401761071385,0.0
256,6968,7.646088612797723,1.8966012797710847e-10,3.2017297834760114e-11,3.2412219359314623e-10,1.9683676242477307e-11,0.0,0.0,9.594508680116814e-11,1.9018167782695545e-11,5.540739212414557e-10,5.923676912230526,1.0725401761068365,0.0
256,6972,7.650477871473266,1.8724059240678217e-10,3.160884619126927e-11,3.1998484446654366e-10,1.94324184072537e-11,5.684341886080802e-14,4.1928089505161676e-16,9.472028560637913e-11,1.8775388549286587e-11,5.469990329414574e-10,5.923676912231074,1.0725401761065385,0.0
256,6976,7.65486713014881,1.8485192613581463e-10,3.120560571979472e-11,3.159003148616667e-10,1.918436825846897e-11,0.0,0.0,9.351112199416605e-11,1.8535708986523205e-11,5.400128553809283e-10,5.923676912231615,1.072540176106244,0.0
256,6980,7.659256388824354,1.824937093337148e-10,3.0807505547043176e-11,3.1186789162631783e-10,1.8939482486972303e-11,0.0,0.0,9.23173850071783e-11,1.8299087278587393e-11,5.331151432246901e-10,5.923676912232149,1.0725401761059532,0.0
256,6984,7.663645647499899,1.801655911391195e-10,3.0414486442680465e-11,3.078869695143454e-10,1.8697724336658957e-11,5.684341886080802e-14,4.1928089505161676e-16,9.113889529237633e-11,1.8065487874245488e-11,5.263046738112278e-10,5.923676912232675,1.0725401761056659,0.0
256,6988,7.668034906175443,1.7786726466007436e-10,3.002649659902716e-11,3.039570254774679e-10,1.8459062043233743e-11,0.0,0.0,8.997549806764504e-11,1.7834880092695256e-11,5.195835939520605e-10,5.923676912233193,1.072540176105382,0.0
256,6992,7.6724241648509865,1.7559816734589361e-10,2.9643441049613275e-11,3.0007709121162984e-10,1.8223436802381782e-11,-1.1368683772161603e-13,-8.385617901032335e-16,8.882690646562072e-11,1.7607207071289144e-11,5.12945526505779e-10,5.923676912233708,1.0725401761051019,0.0
256,6996,7.67681342352653,1.7335818110837874e-10,2.926529985948957e-11,2.962469657400746e-10,1.79908364089487e-11,5.684341886080802e-14,4.1928089505161676e-16,8.769306102234475e-11,1.7382457023123003e-11,5.063969606237723e-10,5.923676912234213,1.0725401761048252,0.0
256,7000,7.681202682202074,1.711468062471799e-10,2.8891988672206968e-11,2.924657984504681e-10,1.7761209205941786e-11,5.684341886080802e-14,4.1928089505161676e-16,8.657371005746461e-11,1.7160580060293955e-11,4.999269859049518e-10,5.923676912234712,1.072540176104552,0.0
256,7004,7.685591940877619,1.68963639787688e-10,2.8523439459982208e-11,2.8873289597207305e-10,1.753451308552215e-11,0.0,0.0,8.546864816340416e-11,1.6941535467056388e-11,4.935434847667744e-10,5.923676912235204,1.0725401761042825,0.0
256,7008,7.689981199553163,1.6680835644191323e-10,2.815959730962629e-11,2.8504770180868873e-10,1.7310714252129773e-11,0.0,0.0,8.437771058884438e-11,1.672529058651945e-11,4.872374201772736e-10,5.923676912235691,1.0725401761040165,0.0
256,7012,7.694370458228707,1.646807241857975e-10,2.780042305221399e-11,2.8140982240674686e-10,1.7089788805577708e-11,0.0,0.0,8.330078093654114e-11,1.6511822346503078e-11,4.81017725054221e-10,5.92367691223617,1.072540176103754,0.0
256,7016,7.6987597169042505,1.6258018409739576e-10,2.7445822333857787e-11,2.7781829317398425e-10,1.6871678166965187e-11,5.684341886080802e-14,4.1928089505161676e-16,8.223757335348968e-11,1.630107408542526e-11,4.748737777035105e-10,5.923676912236644,1.0725401761034947,0.0
256,7020,7.703148975579794,1.6050642218027622e-10,2.709574214754254e-11,2.7427258264132753e-10,1.6656350060609214e-11,0.0,0.0,8.118793069098252e-11,1.6093014653379453e-11,4.688108833509043e-10,5.92367691223711,1.0725401761032385,0.0
256,7024,7.707538234255339,1.5845923237876862e-10,2.675014770817222e-11,2.7077233211332045e-10,1.6443782703227523e-11,0.0,0.0,8.015174654762879e-11,1.5887622959556627e-11,4.628245058451989e-10,5.923676912237572,1.0725401761029858,0.0
256,7028,7.711927492930883,1.5643808153024808e-10,2.640894901039495e-11,2.6731663294908117e-10,1.623392091380107e-11,0.0,0.0,7.912875203718521e-11,1.5684845705514312e-11,4.5691341686853833e-10,5.923676912238027,1.0725401761027362,0.0
256,7032,7.716316751606427,1.54442858665643e-10,2.6072127321070275e-11,2.639052916347601e-10,1.6026752940391728e-11,5.684341886080802e-14,4.1928089505161676e-16,7.811888974541904e-11,1.5484671510643578e-11,4.5107815904101046e-10,5.923676912238475,1.0725401761024898,0.0
256,7036,7.720706010281971,1.5247310162076267e-10,2.5739604620380846e-11,2.605375217062139e-10,1.5822231021674044e-11,0.0,0.0,7.712192698082856e-11,1.5287054250998233e-11,4.4531918202608413e-10,5.923676912238918,1.0725401761022464,0.0
256,7040,7.725095268957515,1.5052840726683853e-10,2.541131285451912e-11,2.572126297273853e-10,1.5620313045842304e-11,5.684341886080802e-14,4.1928089505161676e-16,7.613765832320031e-11,1.5091953208327702e-11,4.3963095155943926e-10,5.9236769122393556,1.0725401761020061,0.0
256,7044,7.729484527633059,1.4860852373095865e-10,2.5087209503794092e-11,2.5393018656969367e-10,1.542097295226809e-11,0.0,0.0,7.516595678848772e-11,1.4899343211943374e-11,4.3401669093142233e-10,5.923676912239787,1.0725401761017688,0.0
256,7048,7.733873786308603,1.4671315837546008e-10,2.4767245166851285e-11,2.5068969100997254e-10,1.5224180302077645e-11,0.0,0.0,7.420667396922376e-11,1.4709194844621276e-11,4.2847730546565113e-10,5.923676912240213,1.0725401761015345,0.0
256,7052,7.738263044984147,1.4484202669452652e-10,2.4451371815106335e-11,2.474906536823018e-10,1.5029905376478097e-11,0.0,0.0,7.32596648987298e-11,1.4521479371168086e-11,4.2300725309526174e-10,5.923676912240633,1.0725401761013031,0.0
256,7056,7.742652303659691,1.4299477583287375e-10,2.4139529881623126e-11,2.4433247078707364e-10,1.4838111507212132e-11,0.0,0.0,7.23247508166481e-11,1.4336161357831127e-11,4.1760375021976554e-10,5.9236769122410475,1.0725401761010747,0.0
256,7060,7.7470415623352356,1.4117115842451664e-10,2.3831677607543305e-11,2.412147195290045e-10,1.4648773018267307e-11,5.684341886080802e-14,4.1928089505161676e-16,7.140180656728717e-11,1.4153215996337053e-11,4.122718693851926e-10,5.923676912241457,1.072540176100849,0.0
256,7064,7.751430821010779,1.3937077193660755e-10,2.352774703965916e-11,2.381367136165918e-10,1.4461848231720866e-11,5.684341886080802e-14,4.1928089505161676e-16,7.049062905296074e-11,1.3972603028804999e-11,4.0700846376431036e-10,5.92367691224186,1.0725401761006264,0.0
256,7068,7.755820079686323,1.375934209331408e-10,2.322770518562343e-11,2.350981138657993e-10,1.4277316549203163e-11,0.0,0.0,6.95911176941216e-11,1.3794302518427691e-11,4.018097794311568e-10,5.923676912242258,1.0725401761004065,0.0
256,7072,7.760209338361867,1.3583873895941627e-10,2.2931490182727282e-11,2.320982950834504e-10,1.4095140003242917e-11,-5.684341886080802e-14,-4.1928089505161676e-16,6.870308746020343e-11,1.361827778857611e-11,3.9668037914773855e-10,5.923676912242652,1.0725401761001894,0.0
256,7076,7.764598597037412,1.34106499727985e-10,2.2639063830465803e-11,2.2913686970241755e-10,1.3915295057204829e-11,5.684341886080802e-14,4.1928089505161676e-16,6.782642359666017e-11,1.3444506092684656e-11,3.9161587869931886e-10,5.92367691224304,1.072540176099975,0.0
256,7080,7.768987855712956,1.3239628497369291e-10,2.2350355519796627e-11,2.2621312011877536e-10,1.3737738131588282e-11,0.0,0.0,6.696091358681529e-11,1.3272945305846825e-11,3.866163141391296e-10,5.923676912243422,1.0725401760997635,0.0
256,7084,7.7733771143884995,1.3070796365301365e-10,2.2065343128728918e-11,2.2332682396622394e-10,1.3562455722269392e-11,5.684341886080802e-14,4.1928089505161676e-16,6.610649166052187e-11,1.3103582391150244e-11,3.816810372536626e-10,5.9236769122438,1.0725401760995545,0.0
256,7088,7.777766373064043,1.2904114435010876e-10,2.1783960580762512e-11,2.204773101500484e-10,1.3389407074213928e-11,0.0,0.0,6.526295908970886e-11,1.2936377956856116e-11,3.768066326224606e-10,5.923676912244172,1.0725401760993483,0.0
256,7092,7.782155631739587,1.2739559621739135e-10,2.150616890557707e-11,2.1766418445739765e-10,1.321856824719723e-11,-5.684341886080802e-14,-4.1928089505161676e-16,6.443019919148441e-11,1.2771308874163493e-11,3.719974570322906e-10,5.92367691224454,1.0725401760991444,0.0
256,7096,7.786544890415132,1.257711143743966e-10,2.1231933516467766e-11,2.1488709561124672e-10,1.3049917908452313e-11,0.0,0.0,6.360810794376703e-11,1.260835452388837e-11,3.672480393385243e-10,5.923676912244903,1.0725401760989433,0.0
256,7100,7.790934149090676,1.241673945296424e-10,2.0961203044751496e-11,2.121455240675421e-10,1.28834245064929e-11,5.684341886080802e-14,4.1928089505161676e-16,6.279653156988707e-11,1.2447484424527191e-11,3.625597764934206e-10,5.923676912245261,1.0725401760987445,0.0
256,7104,7.79532340776622,1.2258404956770877e-10,2.069391213989924e-11,2.094388038124409e-10,1.2719047594841965e-11,0.0,0.0,6.199527276889349e-11,1.2288659467223886e-11,3.579303066803903e-10,5.9236769122456145,1.0725401760985482,0.0
256,7108,7.7997126664417635,1.2102100680526259e-10,2.043004853194182e-11,2.0676681407832137e-10,1.2556779839380421e-11,0.0,0.0,6.120429590854926e-11,1.2131872588981434e-11,3.533617857801473e-10,5.923676912245964,1.0725401760983546,0.0
256,7112,7.804101925117307,1.1947792445693186e-10,2.016955452270004e-11,2.0412896697767453e-10,1.2396585538179728e-11,-5.684341886080802e-14,-4.1928089505161676e-16,6.042342683681769e-11,1.197708926950532e-11,3.4885009934267764e-10,5.923676912246308,1.0725401760981634,0.0
256,7116,7.808491183792852,1.1795446739656284e-10,1.991237353816443e-11,2.015246896123128e-10,1.22384298996006e-11,5.684341886080802e-14,4.1928089505161676e-16,5.965249596106159e-11,1.1824275892262e-11,3.443981281357163e-10,5.9236769122466475,1.0725401760979745,0.0
256,7120,7.812880442468396,1.1645044320268443e-10,1.965847309488358e-11,1.9895365264930285e-10,1.2082292923522822e-11,5.684341886080802e-14,4.1928089505161676e-16,5.889140577708487e-11,1.1673413130038144e-11,3.4000245211832587e-10,5.923676912246982,1.072540176097788,0.0
256,7124,7.81726970114394,1.1496564571940342e-10,1.9407818390842424e-11,1.9641550564515604e-10,1.192815332779939e-11,1.1368683772161603e-13,8.385617901032335e-16,5.8140052611683335e-11,1.1524480432803961e-11,3.3566301402298384e-10,5.923676912247313,1.0725401760976039,0.0
256,7128,7.821658959819484,1.1349978803643847e-10,1.916036099154907e-11,1.9390975625346649e-10,1.1775981212634968e-11,-5.684341886080802e-14,-4.1928089505161676e-16,5.739829065414712e-11,1.1377448898062854e-11,3.3137643370325763e-10,5.92367691224764,1.072540176097422,0.0
256,7132,7.826048218495028,1.1205264498451289e-10,1.891606288526182e-11,1.914360167371628e-10,1.1625753031073709e-11,0.0,0.0,5.666600502907751e-11,1.1232295755293898e-11,3.271481392010433e-10,5.923676912247961,1.0725401760972426,0.0
256,7136,7.830437477170572,1.1062398856926447e-10,1.8674885583324796e-11,1.889938972520763e-10,1.1477445108197475e-11,5.684341886080802e-14,4.1928089505161676e-16,5.594308032957589e-11,1.1088998128622626e-11,3.229696031788065e-10,5.923676912248279,1.0725401760970654,0.0
256,7140,7.834826735846116,1.0921361324882765e-10,1.843679438737943e-11,1.8658304612022287e-10,1.1331036086889358e-11,5.684341886080802e-14,4.1928089505161676e-16,5.522941243958744e-11,1.0947535380237709e-11,3.1884786728641256e-10,5.923676912248593,1.0725401760968905,0.0
256,7144,7.83921599452166,1.0782119058151092e-10,1.8201733851847514e-11,1.8420290261471467e-10,1.1186491914663167e-11,0.0,0.0,5.452483539471236e-11,1.0807874612792274e-11,3.1477877555874235e-10,5.923676912248903,1.0725401760967177,0.0
256,7148,7.843605253197204,1.0644656599836419e-10,1.796967788331572e-11,1.818532020381585e-10,1.1043796516662283e-11,5.684341886080802e-14,4.1928089505161676e-16,5.38292708220554e-11,1.0670000291266017e-11,3.1075995595094945e-10,5.923676912249207,1.0725401760965472,0.0
256,7152,7.8479945118727485,1.0508944799667954e-10,1.774057727202595e-11,1.7953344614063294e-10,1.0902919634575687e-11,-1.1368683772161603e-13,-8.385617901032335e-16,5.3142571229298674e-11,1.0533883179835177e-11,3.0679478627882097e-10,5.923676912249508,1.0725401760963786,0.0
256,7156,7.852383770548292,1.037496938911744e-10,1.7514407930695132e-11,1.772433880170748e-10,1.0763846274060436e-11,0.0,0.0,5.2464663425037816e-11,1.039950877055094e-11,3.028789552975017e-10,5.923676912249806,1.0725401760962123,0.0
256,7160,7.856773029223836,1.024270333750912e-10,1.729112422773979e-11,1.7498256684602021e-10,1.0626548449805189e-11,5.684341886080802e-14,4.1928089505161676e-16,5.179541103720689e-11,1.0266850031838088e-11,2.9901383557601493e-10,5.9236769122501,1.072540176096048,0.0
256,7164,7.86116228789938,1.0112121149729299e-10,1.707068312382122e-11,1.7275054526502846e-10,1.049099960114593e-11,5.684341886080802e-14,4.1928089505161676e-16,5.113468454361536e-11,1.0135881289898893e-11,2.951965789400955e-10,5.923676912250389,1.072540176095886,0.0
256,7168,7.865551546574924,9.983205507655666e-11,1.6853055383512566e-11,1.7054702790896783e-10,1.0357181790799314e-11,5.684341886080802e-14,4.1928089505161676e-16,5.048239653189497e-11,1.0006585217915058e-11,2.9142849604539816e-10,5.923676912250675,1.0725401760957258,0.0
256,7172,7.869940805250469,9.855942413416094e-11,1.6638217376436386e-11,1.6837177508568193e-10,1.0225080462456337e-11,5.684341886080802e-14,4.1928089505161676e-16,4.983847603348693e-11,9.878947748548653e-12,2.87710193454301e-10,5.923676912250957,1.0725401760955677,0.0
256,7176,7.8743300639260125,9.730294564813996e-11,1.6426106131236983e-11,1.6622415093094698e-10,1.0094657000601731e-11,-1.1368683772161603e-13,-8.385617901032335e-16,4.9202734877753146e-11,9.752931582747834e-12,2.8403726762400447e-10,5.923676912251236,1.0725401760954116,0.0
256,7180,7.878719322601556,9.606252945315422e-11,1.6216706426736567e-11,1.6410399471458678e-10,9.965901644223098e-12,0.0,0.0,4.857512526099602e-11,9.628527244897208e-12,2.804148432302583e-10,5.92367691225151,1.0725401760952575,0.0
256,7184,7.8831085812771,9.483798640637321e-11,1.6009986332964382e-11,1.6201098575869185e-10,9.838794918812758e-12,0.0,0.0,4.795555234449772e-11,9.50571593613267e-12,2.768365923827213e-10,5.923676912251781,1.0725401760951052,0.0
256,7188,7.887497839952645,9.362910025610153e-11,1.5805909343591916e-11,1.5994475324562827e-10,9.713314304918493e-12,5.684341886080802e-14,4.1928089505161676e-16,4.734390631819776e-11,9.384475889981081e-12,2.733024392694299e-10,5.9236769122520485,1.0725401760949551,0.0
256,7192,7.891887098628189,9.243558229113232e-11,1.5604426720105716e-11,1.579048038237133e-10,9.589429841695325e-12,0.0,0.0,4.674004114405513e-11,9.26477815888443e-12,2.698139937242415e-10,5.923676912252313,1.0725401760948068,0.0
256,7196,7.896276357303733,9.125725762637125e-11,1.5405508939441494e-11,1.5589083961961542e-10,9.467123439538976e-12,-5.684341886080802e-14,-4.1928089505161676e-16,4.614386868092096e-11,9.14660527156603e-12,2.66370868193542e-10,5.9236769122525725,1.0725401760946602,0.0
256,7200,7.9006656159792765,9.009402136359533e-11,1.520913829330344e-11,1.5390268127757245e-10,9.346384206320415e-12,0.0,0.0,4.555533583377916e-11,9.02994670356905e-12,2.6297286736002163e-10,5.92367691225283,1.0725401760945155,0.0
256,7204,7.90505487465482,8.89455517735432e-11,1.5015260469266005e-11,1.5193977546807607e-10,9.227178538790274e-12,0.0,0.0,4.497427868984461e-11,8.914769964216238e-12,2.596164053063502e-10,5.923676912253084,1.0725401760943725,0.0
256,7208,7.909444133330365,8.781177443040069e-11,1.4823862903204686e-11,1.500019977466535e-10,9.109498879537303e-12,0.0,0.0,4.440066050479373e-11,8.801067770073554e-12,2.5630182141238823e-10,5.923676912253334,1.0725401760942312,0.0
256,7212,7.913833392005909,8.669250860369612e-11,1.4634915085273263e-11,1.480890351950583e-10,8.993326225291821e-12,5.684341886080802e-14,4.1928089505161676e-16,4.3834388512556985e-11,8.688821733115792e-12,2.5303059990550443e-10,5.923676912253581,1.0725401760940922,0.0
256,7216,7.918222650681453,8.55874761132565e-11,1.4448370054744957e-11,1.4620041797999776e-10,8.878632043461483e-12,0.0,0.0,4.327532382408682e-11,8.578004322853399e-12,2.4980342085051175e-10,5.923676912253825,1.0725401760939546,0.0
256,7220,7.922611909356997,8.449652901602675e-11,1.4264202836750737e-11,1.4433588495845613e-10,8.765400475044103e-12,0.0,0.0,4.2723388855225253e-11,8.468600160609018e-12,2.466167262641712e-10,5.923676912254065,1.0725401760938187,0.0
256,7224,7.927001168032541,8.341949604974901e-11,1.4082384519812072e-11,1.4249514794562155e-10,8.653614018811298e-12,0.0,0.0,4.2178498451343594e-11,8.360592367091904e-12,2.434688429013945e-10,5.923676912254303,1.0725401760936846,0.0
256,7228,7.931390426708085,8.235625806754723e-11,1.390289499026007e-11,1.406780020966278e-10,8.543260234701555e-12,0.0,0.0,4.1640591933655117e-11,8.253968914595528e-12,2.4036232346193706e-10,5.923676912254536,1.0725401760935522,0.0
256,7232,7.935779685383629,8.130651917118836e-11,1.372568429631015e-11,1.3888394140120373e-10,8.434308393124151e-12,5.684341886080802e-14,4.1928089505161676e-16,4.11095195042269e-11,8.148700110278738e-12,2.3729747428893483e-10,5.923676912254768,1.0725401760934217,0.0
256,7236,7.940168944059173,8.027021321246156e-11,1.3550741271213712e-11,1.371128489557368e-10,8.326751394618124e-12,5.684341886080802e-14,4.1928089505161676e-16,4.0585246426992346e-11,8.044779068782788e-12,2.342673764580581e-10,5.9236769122549955,1.0725401760932927,0.0
256,7240,7.944558202734717,7.924714387851281e-11,1.3378032774599177e-11,1.3536439418881295e-10,8.220569163851336e-12,5.684341886080802e-14,4.1928089505161676e-16,4.006767501462396e-11,7.942186426594165e-12,2.3127754371447727e-10,5.923676912255221,1.0725401760931652,0.0
256,7244,7.9489474614102615,7.823713403037337e-11,1.3207528902916541e-11,1.3363827352537386e-10,8.115743264958297e-12,0.0,0.0,3.955671537545294e-11,7.840904365449355e-12,2.2832647021956612e-10,5.923676912255442,1.0725401760930395,0.0
256,7248,7.953336720085805,7.724002327093522e-11,1.3039202578877424e-11,1.3193420948048205e-10,8.012256846505258e-12,0.0,0.0,3.905228525539926e-11,7.740916581002332e-12,2.2541482573424688e-10,5.923676912255662,1.0725401760929154,0.0
256,7252,7.957725978761349,7.625565580943611e-11,1.2873027502809418e-11,1.3025193483822113e-10,7.910093680687744e-12,0.0,0.0,3.855430552143864e-11,7.642207387560548e-12,2.225386877503616e-10,5.9236769122558774,1.0725401760927928,0.0
256,7256,7.962115237436893,7.52837842522977e-11,1.2708961911196044e-11,1.2859103127246308e-10,7.809228362901469e-12,-5.684341886080802e-14,-4.1928089505161676e-16,3.806265249393665e-11,7.544752269433653e-12,2.1970051932923548e-10,5.923676912256092,1.0725401760926716,0.0
256,7260,7.966504496112437,7.432443341204621e-11,1.2547009992740803e-11,1.2695153847307274e-10,7.709663303479525e-12,0.0,0.0,3.757733782968877e-11,7.448553537223465e-12,2.168976441503255e-10,5.923676912256303,1.0725401760925521,0.0
256,7264,7.970893754787982,7.33772287645375e-11,1.2387108522499172e-11,1.2533281388784424e-10,7.611359480750954e-12,0.0,0.0,3.7098171238588807e-11,7.35357347175866e-12,2.1412756218236263e-10,5.92367691225651,1.072540176092434,0.0
256,7268,7.9752830134635255,7.244211290973513e-11,1.222924781053747e-11,1.2373476361793446e-10,7.514311192315661e-12,0.0,0.0,3.662512506743e-11,7.259806591639997e-12,2.1139792706069558e-10,5.923676912256715,1.0725401760923174,0.0
256,7272,7.979672272139069,7.151887490825121e-11,1.2073392247319423e-11,1.2215701998869193e-10,7.418496109592186e-12,0.0,0.0,3.615809023524962e-11,7.167231274915583e-12,2.087010216903646e-10,5.9236769122569175,1.0725401760922024,0.0
256,7276,7.984061530814613,7.060743972214704e-11,1.1919529165385305e-11,1.2059945920735824e-10,7.323906714747364e-12,-5.684341886080802e-14,-4.1928089505161676e-16,3.5697030248218324e-11,7.0758402878041735e-12,2.060391145038803e-10,5.923676912257117,1.0725401760920887,0.0
256,7280,7.988450789490158,6.970765532099936e-11,1.176763289986083e-11,1.1906181827779744e-10,7.230527036240533e-12,0.0,0.0,3.5241867147610003e-11,6.985618177381781e-12,2.0340951552498993e-10,5.9236769122573145,1.0725401760919764,0.0
256,7284,7.992840048165702,6.881934032306777e-11,1.1617672830956453e-11,1.1754378866652182e-10,7.138338337084837e-12,0.0,0.0,3.479250965170789e-11,6.896546849850561e-12,2.0081474286589402e-10,5.923676912257509,1.0725401760918656,0.0
256,7288,7.997229306841246,6.79423496864079e-11,1.1469624473551443e-11,1.1604512487387719e-10,7.047325708286671e-12,5.684341886080802e-14,4.1928089505161676e-16,3.4348885169319095e-11,6.808611916235191e-12,1.9825156016431933e-10,5.923676912257701,1.0725401760917561,0.0
256,7292,8.00161856551679,6.70765603633013e-11,1.1323467055459829e-11,1.145656139814246e-10,6.957476219483041e-12,0.0,0.0,3.391093058403334e-11,6.721800865645117e-12,1.9572427746557585e-10,5.92367691225789,1.0725401760916482,0.0
256,7296,8.006007824192334,6.622180687917253e-11,1.1179172642245299e-11,1.131049715351653e-10,6.868772596014796e-12,0.0,0.0,3.347856163673158e-11,6.636096996296882e-12,1.9322710984468008e-10,5.923676912258077,1.0725401760915414,0.0
256,7300,8.010397082867877,6.537792405221489e-11,1.103671334889502e-11,1.1166291606495107e-10,6.781197744429593e-12,0.0,0.0,3.305169503577399e-11,6.551483798180087e-12,1.9076330022417165e-10,5.923676912258261,1.0725401760914361,0.0
256,7304,8.014786341543422,6.454487003608858e-11,1.0896082111158123e-11,1.102393771317213e-10,6.694747387020778e-12,1.1368683772161603e-13,8.385617901032335e-16,3.263030996658401e-11,6.467957145443969e-12,1.883275576691422e-10,5.923676912258443,1.072540176091332,0.0
256,7308,8.019175600218967,6.372234444839606e-11,1.0757228220259973e-11,1.0883383918217008e-10,6.609390214656921e-12,-5.684341886080802e-14,-4.1928089505161676e-16,3.2214253742597024e-11,6.3854867726648286e-12,1.859267915390772e-10,5.923676912258623,1.0725401760912294,0.0
256,7312,8.02356485889451,6.291037110090422e-11,1.0620155695961818e-11,1.0744634397375504e-10,6.525128763234338e-12,0.0,0.0,3.180353876074324e-11,6.3040751371534735e-12,1.835557868800043e-10,5.9236769122588,1.072540176091128,0.0
256,7316,8.027954117570054,6.210879265027282e-11,1.0484837976494241e-11,1.0607661984626657e-10,6.441946535050248e-12,0.0,0.0,3.139808451168056e-11,6.2237062804046045e-12,1.812136270257686e-10,5.923676912258975,1.072540176091028,0.0
256,7320,8.032343376245597,6.131746468936109e-11,1.035125068390029e-11,1.0472442270307058e-10,6.359828706315316e-12,5.684341886080802e-14,4.1928089505161676e-16,3.09978188303227e-11,6.144365897905456e-12,1.789032422109121e-10,5.923676912259148,1.0725401760909292,0.0
256,7324,8.036732634921142,6.053620164152707e-11,1.0219362490232018e-11,1.0338943591378211e-10,6.278756048324721e-12,5.684341886080802e-14,4.1928089505161676e-16,3.060264800668388e-11,6.0660354145283996e-12,1.766198048832902e-10,5.923676912259319,1.0725401760908317,0.0
256,7328,8.041121893596687,5.976481430006948e-11,1.0089141454736395e-11,1.0207133522707167e-10,6.1987088695599034e-12,0.0,0.0,3.0212476026800425e-11,5.98869579845293e-12,1.7436558655565166e-10,5.923676912259487,1.0725401760907354,0.0
256,7332,8.04551115227223,5.900327966202492e-11,9.960583694189583e-12,1.0077007677916135e-10,6.119684506209437e-12,0.0,0.0,2.9827289751950805e-11,5.912344445330881e-12,1.7214401509301239e-10,5.923676912259652,1.0725401760906401,0.0
256,7336,8.049900410947775,5.825146932706769e-11,9.833667532810202e-12,9.948544495390695e-11,6.041669864080885e-12,5.684341886080802e-14,4.1928089505161676e-16,2.944702548587276e-11,5.8369687293338456e-12,1.6994831237473133e-10,5.923676912259816,1.0725401760905462,0.0
256,7340,8.054289669623317,5.750922765874006e-11,9.708366696974621e-12,9.821717110131887e-11,5.9646486282796755e-12,5.684341886080802e-14,4.1928089505161676e-16,2.9071603613451512e-11,5.762552869209634e-12,1.677791739489836e-10,5.923676912259978,1.0725401760904534,0.0
256,7344,8.058678928298862,5.677645759556078e-11,9.584664801339295e-12,9.696509432801917e-11,5.888611027882298e-12,5.684341886080802e-14,4.1928089505161676e-16,2.870097667673329e-11,5.689087457875953e-12,1.656393375153516e-10,5.923676912260137,1.0725401760903617,0.0
256,7348,8.063068186974407,5.6053049398085774e-11,9.462543320342194e-12,9.5729021483248e-11,5.813545333000773e-12,0.0,0.0,2.8335087309917233e-11,5.6165611243240055e-12,1.6352859160283098e-10,5.923676912260294,1.0725401760902713,0.0
256,7352,8.06745744564995,5.533888886779721e-11,9.341982975666907e-12,9.450875866561748e-11,5.739439768162093e-12,0.0,0.0,2.7973878157974227e-11,5.544962499680168e-12,1.614433245227246e-10,5.92367691226045,1.072540176090182,0.0
256,7356,8.071846704325495,5.463386447635613e-11,9.222964939760782e-12,9.330411715250778e-11,5.6662828723956045e-12,0.0,0.0,2.7617293419744968e-11,5.474280523077797e-12,1.5938290208973377e-10,5.923676912260603,1.0725401760900939,0.0
256,7360,8.076235963001038,5.3937810486869596e-11,9.105461233904626e-12,9.211480724595878e-11,5.594057052580665e-12,5.684341886080802e-14,4.1928089505161676e-16,2.7265247121172466e-11,5.404498152799643e-12,1.5735307880182948e-10,5.9236769122607535,1.0725401760900068,0.0
256,7364,8.080625221676582,5.325064600772556e-11,8.989458202456297e-12,9.094069769508789e-11,5.522754337958313e-12,-1.1368683772161603e-13,-8.385617901032335e-16,2.6917700647060095e-11,5.335607734568525e-12,1.5534351351865427e-10,5.923676912260903,1.072540176089921,0.0
256,7368,8.085014480352127,5.257223178534074e-11,8.874932337451852e-12,8.978154913244452e-11,5.452360191938663e-12,-5.684341886080802e-14,-4.1928089505161676e-16,2.6574583093937872e-11,5.267595213948377e-12,1.5336332890392005e-10,5.923676912261049,1.072540176089836,0.0
256,7372,8.08940373902767,5.190251595432337e-11,8.761874883283495e-12,8.863726774999277e-11,5.38286891763627e-12,5.684341886080802e-14,4.1928089505161676e-16,2.6235866517806552e-11,5.200455051899274e-12,1.5140548974949356e-10,5.923676912261195,1.0725401760897524,0.0
256,7376,8.093792997703215,5.124128738927114e-11,8.650250199013096e-12,8.750749728839528e-11,5.3142588797123835e-12,0.0,0.0,2.5901445614680055e-11,5.134166375138988e-12,1.4947626723385423e-10,5.923676912261339,1.0725401760896696,0.0
256,7380,8.098182256378758,5.058850181676053e-11,8.540050810663905e-12,8.639215970442023e-11,5.24652533866524e-12,5.684341886080802e-14,4.1928089505161676e-16,2.55712972018134e-11,5.0687245884000735e-12,1.475696351250105e-10,5.92367691226148,1.0725401760895878,0.0
256,7384,8.102571515054303,4.9944048585262196e-11,8.43125803870107e-12,8.529106789287289e-11,5.179656931749093e-12,0.0,0.0,2.5245365960866948e-11,5.004118726520064e-12,1.4568694316222164e-10,5.9236769122616195,1.0725401760895072,0.0
256,7388,8.106960773729847,4.9307862243823566e-11,8.323860834082997e-12,8.420410909266164e-11,5.113646811074893e-12,0.0,0.0,2.4923618482063604e-11,4.9403421670363865e-12,1.4383046387422966e-10,5.923676912261757,1.0725401760894275,0.0
256,7392,8.11135003240539,4.8679742102562434e-11,8.21782531753417e-12,8.313093835508721e-11,5.048474028189709e-12,-5.684341886080802e-14,-4.1928089505161676e-16,2.4605952588304754e-11,4.87737465647625e-12,1.4199695247312924e-10,5.923676912261894,1.072540176089349,0.0
256,7396,8.115739291080935,4.8059678164585446e-11,8.11314980143835e-12,8.207154020088569e-11,4.9841376430504785e-12,5.684341886080802e-14,4.1928089505161676e-16,2.429236375193452e-11,4.815215297370884e-12,1.4018525906683916e-10,5.923676912262027,1.0725401760892712,0.0
256,7400,8.12012854975648,4.7447479503490784e-11,8.009802054732858e-12,8.102558565192739e-11,4.920617677083924e-12,0.0,0.0,2.398275449913903e-11,4.753844768529297e-12,1.383985801976455e-10,5.9236769122621595,1.0725401760891946,0.0
256,7404,8.124517808432023,4.6843074891904523e-11,7.90777005323492e-12,7.999295648336572e-11,4.857906950591618e-12,0.0,0.0,2.3677089952283042e-11,4.693256156531106e-12,1.366351750995212e-10,5.923676912262291,1.072540176089119,0.0
256,7408,8.128907067107567,4.624637154707258e-11,7.807038133910327e-12,7.897349324251774e-11,4.795995780142281e-12,-5.684341886080802e-14,-4.1928089505161676e-16,2.337532288076012e-11,4.633440099358642e-12,1.3489130514158727e-10,5.92367691226242,1.072540176089044,0.0
256,7412,8.13329632578311,4.565728417286703e-11,7.707591897572701e-12,7.796704715729386e-11,4.734875130928352e-12,0.0,0.0,2.3077409143888827e-11,4.574387847477006e-12,1.3317176188625485e-10,5.923676912262547,1.0725401760889703,0.0
256,7416,8.137685584458655,4.5075720935741436e-11,7.609415841427443e-12,7.697346470066099e-11,4.6745356793784345e-12,-5.684341886080802e-14,-4.1928089505161676e-16,2.2783303411102365e-11,4.516090415493053e-12,1.3147267155484343e-10,5.923676912262673,1.0725401760888975,0.0
256,7420,8.1420748431342,4.450153706922284e-11,7.512485526857272e-12,7.59924978305887e-11,4.614962362102491e-12,5.684341886080802e-14,4.1928089505161676e-16,2.2492932236444008e-11,4.458533245000777e-12,1.2979654943022656e-10,5.923676912262796,1.0725401760888256,0.0
256,7424,8.146464101809743,4.39346751680649e-11,7.416791263049e-12,7.502404405431518e-11,4.556148954798761e-12,5.684341886080802e-14,4.1928089505161676e-16,2.220626513163274e-11,4.401710292634509e-12,1.281419735127217e-10,5.923676912262919,1.0725401760887545,0.0
256,7428,8.150853360485288,4.337505837278814e-11,7.322320075041194e-12,7.406797387065734e-11,4.498087592966101e-12,0.0,0.0,2.192326382506297e-11,4.345613972223442e-12,1.265104932236311e-10,5.92367691226304,1.0725401760886843,0.0
256,7432,8.15524261916083,4.282261013375861e-11,7.229059040178705e-12,7.312415854047889e-11,4.440770458381855e-12,0.0,0.0,2.1643890278595195e-11,4.290236743874256e-12,1.248966861382492e-10,5.923676912263159,1.072540176088615,0.0
256,7436,8.159631877836375,4.227718584210574e-11,7.1369837464497524e-12,7.219235042230819e-11,4.384182511981594e-12,-5.684341886080802e-14,-4.1928089505161676e-16,2.1368071169293493e-11,4.235564073566039e-12,1.2330368984221925e-10,5.923676912263276,1.0725401760885467,0.0
256,7440,8.16402113651192,4.173869468605558e-11,7.046078863549308e-12,7.127239253465384e-11,4.328314220407485e-12,0.0,0.0,2.109575996762907e-11,4.181586738248246e-12,1.2173093194160645e-10,5.923676912263392,1.0725401760884792,0.0
256,7444,8.168410395187463,4.120705724961945e-11,6.95633098494122e-12,7.036414761357241e-11,4.273157247732291e-12,0.0,0.0,2.082691598899263e-11,4.128296673446169e-12,1.201786074931837e-10,5.923676912263507,1.0725401760884126,0.0
256,7448,8.172799653863008,4.068220729325186e-11,6.86772892845832e-12,6.946750644985804e-11,4.2187049617700844e-12,0.0,0.0,2.0561507041198298e-11,4.075687498047311e-12,1.1864678514249894e-10,5.92367691226362,1.0725401760883468,0.0
256,7452,8.17718891253855,4.0164045694766505e-11,6.7802559608810574e-12,6.858229944315448e-11,4.164947062829671e-12,0.0,0.0,2.0299482913045423e-11,4.023749259222712e-12,1.1713432801627486e-10,5.923676912263731,1.0725401760882818,0.0
256,7456,8.181578171214095,3.965248143088422e-11,6.6938967161993505e-12,6.77083693272799e-11,4.111874000264203e-12,5.684341886080802e-14,4.1928089505161676e-16,2.004079699333491e-11,3.972472717733194e-12,1.1564119506681812e-10,5.923676912263841,1.0725401760882176,0.0
256,7460,8.18596742988964,3.914745086365381e-11,6.608640451431747e-12,6.684560623664662e-11,4.05947910202622e-12,0.0,0.0,1.9785416722515815e-11,3.921851419647417e-12,1.1416555924097908e-10,5.92367691226395,1.0725401760881543,0.0
256,7464,8.190356688565183,3.8648806295409926e-11,6.524462233134453e-12,6.599375612304986e-11,4.007746939975621e-12,0.0,0.0,1.9533266842894383e-11,3.871870447438129e-12,1.1271269661339245e-10,5.923676912264057,1.0725401760880917,0.0
256,7468,8.194745947240728,3.8156553069004526e-11,6.441362963256044e-12,6.515283295353201e-11,3.95667836231949e-12,0.0,0.0,1.928435165297595e-11,3.8225306531520435e-12,1.1127208487286543e-10,5.923676912264163,1.07254017608803,0.0
256,7472,8.19913520591627,3.767058001083467e-11,6.3593238741283e-12,6.432264460647689e-11,3.9062617016689004e-12,5.684341886080802e-14,4.1928089505161676e-16,1.903861420960055e-11,3.773820749555947e-12,1.098552144209756e-10,5.923676912264267,1.072540176087969,0.0
256,7476,8.203524464591816,3.719081124204327e-11,6.278332156332641e-12,6.350305725912451e-11,3.856488831076876e-12,0.0,0.0,1.8796014758482696e-11,3.725732856583266e-12,1.0845628653000276e-10,5.92367691226437,1.0725401760879087,0.0
256,7480,8.20791372326736,3.6717217020984253e-11,6.198382789060792e-12,6.269402724149173e-11,3.807357098500985e-12,0.0,0.0,1.8556540615427773e-11,3.678264459981843e-12,1.0707113126898755e-10,5.9236769122644715,1.0725401760878492,0.0
256,7484,8.212302981942903,3.6249602695845574e-11,6.119442912348421e-12,6.189521498337566e-11,3.758845882119993e-12,-5.684341886080802e-14,-4.1928089505161676e-16,1.8320091027862534e-11,3.6313955886473067e-12,1.057059928363528e-10,5.923676912264572,1.0725401760877906,0.0
256,7488,8.216692240618448,3.578800131074562e-11,6.041518104507593e-12,6.110668266102617e-11,3.7109589578468005e-12,-5.684341886080802e-14,-4.1928089505161676e-16,1.8086684594423647e-11,3.5851299291883665e-12,1.0435953164423019e-10,5.923676912264671,1.0725401760877327,0.0
256,7492,8.221081499293993,3.533230173763111e-11,5.96458960555951e-12,6.032823711569165e-11,3.663684595308093e-12,-5.684341886080802e-14,-4.1928089505161676e-16,1.7856264027119235e-11,3.5394561260194703e-12,1.0302914321678788e-10,5.923676912264768,1.0725401760876754,0.0
256,7496,8.225470757969536,3.4882325395835157e-11,5.88862726857524e-12,5.955957532208808e-11,3.617004392025727e-12,-5.684341886080802e-14,-4.1928089505161676e-16,1.7628739699222125e-11,3.494356413393648e-12,1.0171711180115047e-10,5.923676912264865,1.0725401760876188,0.0
256,7500,8.22986001664508,3.443812097841777e-11,5.813639313628352e-12,5.880077360227384e-11,3.5709229829760067e-12,0.0,0.0,1.740413396941805e-11,3.4498352232338965e-12,1.0041984395482479e-10,5.92367691226496,1.0725401760875628,0.0
256,7504,8.234249275320623,3.399959147412767e-11,5.739609363854825e-12,5.805167223886209e-11,3.525430668652403e-12,0.0,0.0,1.7182399764883635e-11,3.4058832247981965e-12,9.913878576253117e-11,5.923676912265053,1.0725401760875077,0.0
256,7508,8.238638533996168,3.3566635746713e-11,5.666520346032515e-12,5.731209832645492e-11,3.4805169486512413e-12,5.684341886080802e-14,4.1928089505161676e-16,1.6963485900717923e-11,3.362490272251396e-12,9.787614601808455e-11,5.923676912265146,1.0725401760874533,0.0
256,7512,8.243027792671713,3.313915533807857e-11,5.594355639049793e-12,5.658188093394874e-11,3.436171442466127e-12,-5.684341886080802e-14,-4.1928089505161676e-16,1.6747341688155763e-11,3.3196463181020344e-12,9.662901283025282e-11,5.923676912265238,1.0725401760873996,0.0
256,7516,8.247417051347256,3.271712263811947e-11,5.52311058193252e-12,5.586097476269298e-11,3.392391399146988e-12,0.0,0.0,1.6533953782088895e-11,3.2773487170921162e-12,9.539469899739079e-11,5.9236769122653286,1.0725401760873465,0.0
256,7520,8.2518063100228,3.230055319353734e-11,5.452787799182649e-12,5.5149407312268086e-11,3.349178488720897e-12,1.1368683772161603e-13,8.385617901032335e-16,1.6323330354391e-11,3.235599089044709e-12,9.418121392260395e-11,5.923676912265417,1.0725401760872941,0.0
256,7524,8.256195568698343,3.1889242725823537e-11,5.383352805714034e-12,5.4446826611046616e-11,3.306511336238228e-12,0.0,0.0,1.611536711885677e-11,3.194376762421371e-12,9.298093725026485e-11,5.923676912265504,1.0725401760872426,0.0
256,7528,8.260584827373888,3.148321121555837e-11,5.3148089745297255e-12,5.3753267129040693e-11,3.2643920350346786e-12,-5.684341886080802e-14,-4.1928089505161676e-16,1.5910074290124543e-11,3.153683761960548e-12,9.179644198414205e-11,5.923676912265592,1.0725401760871915,0.0
256,7532,8.264974086049433,3.108234132505579e-11,5.247136497377553e-12,5.306852993699994e-11,3.222808504299256e-12,0.0,0.0,1.5707393036277574e-11,3.1135084260409826e-12,9.062728596311245e-11,5.923676912265678,1.0725401760871411,0.0
256,7536,8.269363344724976,3.068657928163964e-11,5.180326296673284e-12,5.239252244759886e-11,3.18175512127926e-12,-5.684341886080802e-14,-4.1928089505161676e-16,1.5507295926596722e-11,3.0738453173647756e-12,8.947065298685961e-11,5.923676912265761,1.0725401760870914,0.0
256,7540,8.27375260340052,3.029581923453527e-11,5.114360503316993e-12,5.172506223901795e-11,3.141220807646499e-12,0.0,0.0,1.530972890966335e-11,3.0346837218976505e-12,8.833226794278603e-11,5.9236769122658455,1.0725401760870423,0.0
256,7544,8.278141862076064,2.991000623642782e-11,5.049229841428909e-12,5.1066055693766863e-11,3.101199878087203e-12,0.0,0.0,1.5114664282964216e-11,2.9960181484668718e-12,8.720511445572493e-11,5.923676912265928,1.0725401760869937,0.0
256,7548,8.282531120751608,2.9529156104253706e-11,4.984936981130417e-12,5.0415531369353887e-11,3.0616940668755386e-12,0.0,0.0,1.4922110551758267e-11,2.9578502829788995e-12,8.609314596171502e-11,5.923676912266008,1.0725401760869457,0.0
256,7552,8.286920379427153,2.9153225554507475e-11,4.921474615556863e-12,4.977341557216097e-11,3.022698898658237e-12,0.0,0.0,1.4732045910992066e-11,2.9201758032513422e-12,8.499564828910293e-11,5.923676912266088,1.0725401760868984,0.0
256,7556,8.291309638102696,2.8781990055757914e-11,4.858804840643841e-12,4.9139324381131075e-11,2.9841910582228904e-12,1.1368683772161603e-13,8.385617901032335e-16,1.4544356707247188e-11,2.8829721809833474e-12,8.391294746491318e-11,5.923676912266167,1.0725401760868516,0.0
256,7560,8.29569889677824,2.8415532292477432e-11,4.796941614693538e-12,4.851339647475565e-11,2.946178967401085e-12,0.0,0.0,1.4359083902372379e-11,2.846247535603832e-12,8.284285788928541e-11,5.923676912266245,1.0725401760868054,0.0
256,7564,8.300088155453784,2.80537527163079e-11,4.7358681325426075e-12,4.789546267492142e-11,2.9086523521440977e-12,-5.684341886080802e-14,-4.1928089505161676e-16,1.4176177449183841e-11,2.8099919467951406e-12,8.178781993380636e-11,5.923676912266322,1.07254017608676,0.0
256,7568,8.304477414129328,2.7696560062961602e-11,4.675568987495331e-12,4.728536691309103e-11,2.8716017345370506e-12,0.0,0.0,1.3995591145592142e-11,2.774196256411525e-12,8.074419193039813e-11,5.923676912266398,1.072540176086715,0.0
256,7572,8.308866672804873,2.7343906652572772e-11,4.616036130519584e-12,4.668303113953213e-11,2.8350223746834083e-12,-5.684341886080802e-14,-4.1928089505161676e-16,1.3817302004173085e-11,2.738855907901891e-12,7.971609952558675e-11,5.923676912266473,1.0725401760866706,0.0
256,7576,8.313255931480416,2.699582088327544e-11,4.55727435561991e-12,4.608849830536766e-11,2.798916880969808e-12,5.684341886080802e-14,4.1928089505161676e-16,1.3641322549802315e-11,2.7039733839383006e-12,7.870085770347289e-11,5.923676912266547,1.0725401760866269,0.0
256,7580,8.317645190155961,2.6652093371329493e-11,4.499248315875263e-12,4.5501415010510493e-11,2.76326379169743e-12,5.684341886080802e-14,4.1928089505161676e-16,1.346754832094546e-11,2.669527978228709e-12,7.769781914535019e-11,5.92367691226662,1.0725401760865836,0.0
256,7584,8.322034448831506,2.6312831704462507e-11,4.441976173607656e-12,4.492196347147935e-11,2.728074172726718e-12,0.0,0.0,1.3296033200588946e-11,2.6355303714208775e-12,7.670733366920197e-11,5.923676912266692,1.072540176086541,0.0
256,7588,8.326423707507049,2.597779402717005e-11,4.385417100205399e-12,4.4349726220468996e-11,2.69332267157863e-12,5.684341886080802e-14,4.1928089505161676e-16,1.3126653471277188e-11,2.60195604032757e-12,7.573085816280684e-11,5.923676912266763,1.0725401760864988,0.0
256,7592,8.330812966182593,2.5647024616202427e-11,4.329578570206849e-12,4.3784781105775685e-11,2.6590140159166516e-12,5.684341886080802e-14,4.1928089505161676e-16,1.2959432251280668e-11,2.5688095674361393e-12,7.47654618297894e-11,5.923676912266833,1.072540176086457,0.0
256,7596,8.335202224858136,2.5320520544737207e-11,4.274460089523205e-12,4.3227129788219856e-11,2.625148306601052e-12,-5.684341886080802e-14,-4.1928089505161676e-16,1.2794370258270985e-11,2.5360910950029468e-12,7.381120435079344e-11,5.923676912266902,1.072540176086416,0.0
256,7600,8.339591483533681,2.499815377184211e-11,4.220040043043754e-12,4.2676543814187275e-11,2.591711669830322e-12,0.0,0.0,1.2631399539580724e-11,2.503787153497939e-12,7.287091806917828e-11,5.923676912266971,1.0725401760863753,0.0
256,7604,8.343980742209226,2.4679951968225563e-11,4.166323101973365e-12,4.21330787085744e-11,2.5587074775860985e-12,-1.1368683772161603e-13,-8.385617901032335e-16,1.2470536810869245e-11,2.4719010562873843e-12,7.194295993424667e-11,5.923676912267037,1.0725401760863353,0.0
256,7608,8.348370000884769,2.4365760751368386e-11,4.1132832043708695e-12,4.1596467728719533e-11,2.526119530804274e-12,0.0,0.0,1.231170301357951e-11,2.4404171324395814e-12,7.10260852317185e-11,5.923676912267105,1.0725401760862956,0.0
256,7612,8.352759259560314,2.4055607060206088e-11,4.060924897907573e-12,4.1066754962176663e-11,2.4939505068860142e-12,0.0,0.0,1.2154911132137944e-11,2.4093379557184247e-12,7.012062058730103e-11,5.92367691226717,1.0725401760862565,0.0
256,7616,8.357148518235856,2.3749380237001107e-11,4.009229502000587e-12,4.054375271250842e-11,2.46218900717989e-12,-5.684341886080802e-14,-4.1928089505161676e-16,1.2000105653508424e-11,2.3786525223688467e-12,6.922715955029047e-11,5.9236769122672355,1.0725401760862179,0.0
256,7620,8.361537776911401,2.34470202164954e-11,3.958186876789325e-12,4.002735721125543e-11,2.4308287299120684e-12,0.0,0.0,1.184725582268264e-11,2.348354736154681e-12,6.834476818126552e-11,5.923676912267299,1.0725401760861797,0.0
256,7624,8.365927035586946,2.3148529209649575e-11,3.907797395515045e-12,3.951757268501899e-11,2.399869931760596e-12,5.684341886080802e-14,4.1928089505161676e-16,1.1696362906005455e-11,2.318444848089917e-12,6.747400747783451e-11,5.9236769122673625,1.0725401760861422,0.0
256,7628,8.370316294262489,2.285382205465612e-11,3.858046681666539e-12,3.9014255563465465e-11,2.369303893816304e-12,0.0,0.0,1.154738447125222e-11,2.288914447288759e-12,6.661487108944412e-11,5.923676912267425,1.0725401760861049,0.0
256,7632,8.374705552938034,2.2562915844647055e-11,3.808937620804966e-12,3.851743414723382e-11,2.339132334753896e-12,5.684341886080802e-14,4.1928089505161676e-16,1.1400328864939812e-11,2.259765188191926e-12,6.576525067510127e-11,5.923676912267486,1.0725401760860682,0.0
256,7636,8.379094811613577,2.227566382041782e-11,3.760445437911916e-12,3.802685313892492e-11,2.3093397505707173e-12,0.0,0.0,1.1255120362776846e-11,2.2309820607835136e-12,6.492927844776037e-11,5.923676912267546,1.0725401760860318,0.0
256,7640,8.383484070289121,2.19921331482834e-11,3.712581471606287e-12,3.754263151843073e-11,2.2799333668184853e-12,0.0,0.0,1.1111794326955597e-11,2.202572074532462e-12,6.410086269812143e-11,5.923676912267606,1.0725401760859963,0.0
256,7644,8.387873328964666,2.171218946829899e-11,3.665323040039156e-12,3.706453959964299e-11,2.250899234847333e-12,0.0,0.0,1.0970282764528977e-11,2.1745217519245085e-12,6.328407020424535e-11,5.923676912267665,1.0725401760859608,0.0
256,7648,8.392262587640209,2.1435825650097932e-11,3.6186689395043153e-12,3.659256339541047e-11,2.222236505228985e-12,0.0,0.0,1.083058147396216e-11,2.1468302601343683e-12,6.247842562974743e-11,5.923676912267724,1.0725401760859261,0.0
256,7652,8.396651846315754,2.1162974058604068e-11,3.5726077522493868e-12,3.612658739620846e-11,2.1939381631642927e-12,-5.684341886080802e-14,-4.1928089505161676e-16,1.0692656265271975e-11,2.1194908220475678e-12,6.168213350741872e-11,5.923676912267782,1.0725401760858915,0.0
256,7656,8.401041104991297,2.0893668370071277e-11,3.527145163299799e-12,3.566667009206548e-11,2.1660077607049445e-12,0.0,0.0,1.0556524484241715e-11,2.0925068759331003e-12,6.089806987297573e-11,5.923676912267838,1.0725401760858577,0.0
256,7660,8.405430363666841,2.0627679268977827e-11,3.4822424609693598e-12,3.521242249804919e-11,2.13842167511352e-12,0.0,0.0,1.0422071084052932e-11,2.0658556172913384e-12,6.012227300178929e-11,5.923676912267894,1.072540176085824,0.0
256,7664,8.409819622342386,2.0365175515740985e-11,3.4379281343907087e-12,3.476412722265023e-11,2.111197068972967e-12,1.1368683772161603e-13,8.385617901032335e-16,1.0289379524427504e-11,2.039553589449792e-12,5.935486823971295e-11,5.92367691226795,1.072540176085791,0.0
256,7668,8.41420888101793,2.0105905719729208e-11,3.3941597452885537e-12,3.4321358240528315e-11,2.0843080701121273e-12,0.0,0.0,1.0158323817269882e-11,2.013575819136564e-12,5.859663598323042e-11,5.923676912268004,1.0725401760857582,0.0
256,7672,8.418598139693474,1.9850001386109158e-11,3.350959493585107e-12,3.388434004616267e-11,2.0577683118974735e-12,0.0,0.0,1.0028970408113616e-11,1.987935477138691e-12,5.785289622034146e-11,5.923676912268058,1.072540176085726,0.0
256,7676,8.422987398369019,1.9597318036086357e-11,3.3083029892272622e-12,3.345282776477545e-11,2.0315629232836333e-12,0.0,0.0,9.901246879326794e-12,1.9626182088839906e-12,5.711399215973758e-11,5.923676912268111,1.072540176085694,0.0
256,7680,8.427376657044562,1.9347893946135216e-11,3.2661966938223915e-12,3.302688137194823e-11,2.005695546538718e-12,0.0,0.0,9.775170800095626e-12,1.9376274969242245e-12,5.6387888968883955e-11,5.923676912268164,1.0725401760856625,0.0
256,7684,8.431765915720106,1.9101653985776357e-11,3.224627924288604e-12,3.26063753892552e-11,1.980158561460356e-12,-5.684341886080802e-14,-4.1928089505161676e-16,9.65070512587018e-12,1.9129559983146983e-12,5.5667821276117744e-11,5.923676912268215,1.0725401760856315,0.0
256,7688,8.43615517439565,1.8858564122522844e-11,3.183590935463318e-12,3.2191251036771376e-11,1.9549483983916815e-12,0.0,0.0,9.527832435875299e-12,1.888600259921585e-12,5.4959158107740794e-11,5.923676912268267,1.0725401760856008,0.0
256,7692,8.440544433071194,1.8618574271062773e-11,3.1430772722412606e-12,3.1781421409145695e-11,1.9300597796416645e-12,0.0,0.0,9.406526960309905e-12,1.8645551736729974e-12,5.4260422564908705e-11,5.923676912268317,1.0725401760855706,0.0
256,7696,8.444933691746739,1.8381553685157324e-11,3.1030648628179155e-12,3.137666536795406e-11,1.905479275654321e-12,5.684341886080802e-14,4.1928089505161676e-16,9.286723316954748e-12,1.8408077795513126e-12,5.3566319175707014e-11,5.923676912268367,1.0725401760855404,0.0
256,7700,8.449322950422282,1.81476754952115e-11,3.063582934041331e-12,3.097727914887314e-11,1.8812248765804828e-12,0.0,0.0,9.168509208363364e-12,1.8173754618951535e-12,5.288641830629006e-11,5.923676912268416,1.072540176085511,0.0
256,7704,8.453712209097827,1.7916655711644412e-11,3.0245835444749485e-12,3.058277555043526e-11,1.8572669950727114e-12,5.684341886080802e-14,4.1928089505161676e-16,9.051740351919967e-12,1.7942296211056596e-12,5.221345104944057e-11,5.923676912268465,1.0725401760854818,0.0
256,7708,8.45810146777337,1.76887045282364e-11,2.986102177785998e-12,3.019351062755453e-11,1.8336272540553004e-12,5.684341886080802e-14,4.1928089505161676e-16,8.936522038114291e-12,1.7713911277898254e-12,5.154871174571709e-11,5.923676912268512,1.0725401760854532,0.0
256,7712,8.462490726448914,1.7463583973073437e-11,2.9480986609674863e-12,2.980908483026274e-11,1.8102813891848244e-12,1.1368683772161603e-13,8.385617901032335e-16,8.822736236202239e-12,1.748836585976376e-12,5.089203584925013e-11,5.92367691226856,1.0725401760854247,0.0
256,7716,8.466879985124459,1.7241298045018558e-11,2.9105736690837517e-12,2.942950622588098e-11,1.7872298903831083e-12,-5.684341886080802e-14,-4.1928089505161676e-16,8.710385376089961e-12,1.7265664773196038e-12,5.02436091958322e-11,5.923676912268605,1.0725401760853965,0.0
256,7720,8.471269243800002,1.702193922903593e-11,2.873542814897869e-12,2.9054923569420998e-11,1.7644817914205903e-12,5.684341886080802e-14,4.1928089505161676e-16,8.599513176002354e-12,1.7045894676153713e-12,4.960426782901352e-11,5.923676912268652,1.072540176085369,0.0
256,7724,8.475658502475547,1.6805338194398674e-11,2.8369775130009133e-12,2.868505698049067e-11,1.7420200953895167e-12,-5.684341886080802e-14,-4.1928089505161676e-16,8.490037109440913e-12,1.6828891985190523e-12,4.897273360847124e-11,5.923676912268697,1.0725401760853415,0.0
256,7728,8.48004776115109,1.6591401360317654e-11,2.8008619656391377e-12,2.8319741319723545e-11,1.7198347735109633e-12,5.684341886080802e-14,4.1928089505161676e-16,8.381908115743849e-12,1.661455945260692e-12,4.834673143343433e-11,5.923676912268742,1.0725401760853144,0.0
256,7732,8.484437019826634,1.6380240487010152e-11,2.765215039509517e-12,2.7959165438816215e-11,1.6979372945943082e-12,0.0,0.0,8.27518202518484e-12,1.640300774477964e-12,4.7731779190018934e-11,5.923676912268786,1.0725401760852877,0.0
256,7736,8.488826278502179,1.6171763996993368e-11,2.730021275044598e-12,2.7603175368914295e-11,1.6763183082367062e-12,5.684341886080802e-14,4.1928089505161676e-16,8.169813346620788e-12,1.6194146689484033e-12,4.712189383213126e-11,5.92367691226883,1.072540176085261,0.0
256,7740,8.493215537177722,1.5966014795474832e-11,2.695287915247023e-12,2.7251844902480005e-11,1.6549822957941527e-12,0.0,0.0,8.065823939659776e-12,1.5988019616681858e-12,4.652441163391846e-11,5.923676912268872,1.0725401760852353,0.0
256,7744,8.497604795853267,1.576283537164768e-11,2.660988370076654e-12,2.6904903675752166e-11,1.6339128382961239e-12,0.0,0.0,7.963133732356548e-12,1.578446780832508e-12,4.593194237535724e-11,5.923676912268915,1.0725401760852096,0.0
256,7748,8.50199405452881,1.5562191672619748e-11,2.6271168909262197e-12,2.6562295848773225e-11,1.6131065446275783e-12,-5.684341886080802e-14,-4.1928089505161676e-16,7.861726275157561e-12,1.5583458658224093e-12,4.53453965001081e-11,5.923676912268957,1.072540176085184,0.0
256,7752,8.506383313204354,1.5364202911738855e-11,2.593693602685985e-12,2.6224224097745755e-11,1.592575723148858e-12,5.684341886080802e-14,4.1928089505161676e-16,7.761661527499583e-12,1.5385111017553725e-12,4.4771174339680016e-11,5.923676912268998,1.0725401760851592,0.0
256,7756,8.5107725718799,1.5168650248327714e-11,2.5606815619708658e-12,2.5890311229223482e-11,1.572297467209866e-12,0.0,0.0,7.662827725704841e-12,1.5189203349136128e-12,4.419904948922848e-11,5.9236769122690385,1.0725401760851343,0.0
256,7760,8.515161830555442,1.4975647137837594e-11,2.5280999216571823e-12,2.556075381109435e-11,1.5522837142179829e-12,0.0,0.0,7.565283147689423e-12,1.4995851171047645e-12,4.363413274320977e-11,5.923676912269079,1.0725401760851099,0.0
256,7764,8.519551089230987,1.4785118853831927e-11,2.4959360668711545e-12,2.523542585290514e-11,1.532526812875828e-12,-5.684341886080802e-14,-4.1928089505161676e-16,7.468990556539811e-12,1.4804980672539581e-12,4.308012634144439e-11,5.923676912269118,1.072540176085086,0.0
256,7768,8.523940347906532,1.459701573861155e-11,2.464181614694554e-12,2.491424420991735e-11,1.5130217138713018e-12,5.684341886080802e-14,4.1928089505161676e-16,7.373925398467884e-12,1.4616543183265419e-12,4.253036601781149e-11,5.9236769122691575,1.072540176085062,0.0
256,7772,8.528329606582075,1.4411255320672288e-11,2.4328226427772266e-12,2.4597060380313092e-11,1.4937593988102224e-12,5.684341886080802e-14,4.1928089505161676e-16,7.280043458091966e-12,1.4430451059805847e-12,4.1988118424572817e-11,5.923676912269196,1.0725401760850384,0.0
256,7776,8.53271886525762,1.4227876541832714e-11,2.401865725046e-12,2.428394633647099e-11,1.4747442385163946e-12,-5.684341886080802e-14,-4.1928089505161676e-16,7.187366224337353e-12,1.4246746897357804e-12,4.145372033758528e-11,5.923676912269235,1.0725401760850153,0.0
256,7780,8.537108123933162,1.4046821595217571e-11,2.3713011028870752e-12,2.397480668619131e-11,1.455970439899395e-12,-5.684341886080802e-14,-4.1928089505161676e-16,7.095865574966616e-12,1.406537495221959e-12,4.092650012553942e-11,5.923676912269272,1.0725401760849922,0.0
256,7784,8.541497382608707,1.38681000789417e-11,2.3411303965972685e-12,2.366964964462753e-11,1.4374385018587885e-12,0.0,0.0,7.0055436639350196e-12,1.3886339493946215e-12,4.0405541795306284e-11,5.923676912269309,1.0725401760849695,0.0
256,7788,8.545886641284252,1.3691683513581937e-11,2.311348798449287e-12,2.3368426179649278e-11,1.4191454467133217e-12,-5.684341886080802e-14,-4.1928089505161676e-16,6.916385964706005e-12,1.3709611728138841e-12,3.9891149504216364e-11,5.923676912269346,1.0725401760849473,0.0
256,7792,8.550275899959795,1.3517445210313e-11,2.2819349215871026e-12,2.3070925115643173e-11,1.4010784499403721e-12,5.684341886080802e-14,4.1928089505161676e-16,6.828330147000265e-12,1.3535068104155187e-12,3.9382400366000764e-11,5.923676912269382,1.0725401760849251,0.0
256,7796,8.55466515863534,1.3345479401327705e-11,2.2529046737305675e-12,2.277730719443998e-11,1.383247273260112e-12,-5.684341886080802e-14,-4.1928089505161676e-16,6.7414237827482964e-12,1.3362802918742078e-12,3.8879073338436405e-11,5.923676912269418,1.0725401760849034,0.0
256,7800,8.559054417310882,1.3175687187148462e-11,2.2242413592564974e-12,2.2487403534209497e-11,1.365641660616848e-12,0.0,0.0,6.655616884901361e-12,1.3192717087922258e-12,3.8385694097663165e-11,5.923676912269453,1.072540176084882,0.0
256,7804,8.563443675986427,1.300809066995926e-11,2.1959487093244946e-12,2.2201249137161524e-11,1.3482637376662095e-12,5.684341886080802e-14,4.1928089505161676e-16,6.570919720654649e-12,1.3024830963257991e-12,3.7897850756818755e-11,5.923676912269488,1.0725401760848607,0.0
256,7808,8.567832934661972,1.2842514984481617e-11,2.1679972042154607e-12,2.1918544279039928e-11,1.3310953023987807e-12,0.0,0.0,6.487243537005697e-12,1.2858968619170556e-12,3.7413769472858774e-11,5.923676912269522,1.0725401760848394,0.0
256,7812,8.572222193337515,1.2679215274989987e-11,2.1404299158724177e-12,2.1639729159473156e-11,1.314163087778671e-12,5.684341886080802e-14,4.1928089505161676e-16,6.404718781169728e-12,1.2695388627214645e-12,3.693911695046752e-11,5.923676912269556,1.072540176084819,0.0
256,7816,8.57661145201306,1.2517889712407813e-11,2.113195891300964e-12,2.1364285959525565e-11,1.2974356470846036e-12,-5.684341886080802e-14,-4.1928089505161676e-16,6.323192102854963e-12,1.2533787017517921e-12,3.646702071462618e-11,5.923676912269589,1.0725401760847986,0.0
256,7820,8.581000710688603,1.2358616325536485e-11,2.0863083028605207e-12,2.1092347011867818e-11,1.2809210167716479e-12,0.0,0.0,6.242702640074487e-12,1.2374241369175303e-12,3.600278044758569e-11,5.923676912269623,1.0725401760847781,0.0
256,7824,8.585389969364147,1.2201424101228822e-11,2.0597720439396453e-12,2.0823965070158645e-11,1.2646224005264367e-12,5.684341886080802e-14,4.1928089505161676e-16,6.163266117865289e-12,1.2216782852244767e-12,3.5546343823353976e-11,5.923676912269655,1.0725401760847584,0.0
256,7828,8.589779228039692,1.204618555627401e-11,2.0335655935788563e-12,2.0558921937053975e-11,1.2485265474023743e-12,-5.684341886080802e-14,-4.1928089505161676e-16,6.084817935188926e-12,1.2061283415001207e-12,3.509449789235625e-11,5.923676912269687,1.0725401760847388,0.0
256,7832,8.594168486715235,1.1892945523454573e-11,2.007696520182573e-12,2.02972937960163e-11,1.2326380839589515e-12,0.0,0.0,6.007380628777256e-12,1.1907787729596374e-12,3.464789514049444e-11,5.923676912269719,1.0725401760847193,0.0
256,7836,8.59855774539078,1.1741628734803887e-11,1.9821521174591223e-12,2.0038946660760677e-11,1.2169488733184532e-12,0.0,0.0,5.9309143548752405e-12,1.1756216818018609e-12,3.420369393172712e-11,5.92367691226975,1.0725401760846998,0.0
256,7840,8.602947004066323,1.1592266276882144e-11,1.9569376332572054e-12,1.978393420237698e-11,1.2014621748823574e-12,0.0,0.0,5.855435019447042e-12,1.1606602208958466e-12,3.3770100570071723e-11,5.923676912269781,1.072540176084681,0.0
256,7844,8.607336262741867,1.1444795163432258e-11,1.9320424346105056e-12,1.953215871487711e-11,1.1861720550457623e-12,5.684341886080802e-14,4.1928089505161676e-16,5.780914037225288e-12,1.1458887240899534e-12,3.333797324464766e-11,5.923676912269811,1.0725401760846625,0.0
256,7848,8.611725521417412,1.1299231807155379e-11,1.9074692922138775e-12,1.9283641486301397e-11,1.1710798066139796e-12,-5.684341886080802e-14,-4.1928089505161676e-16,5.7073574803460814e-12,1.1313083949987392e-12,3.29156637403165e-11,5.923676912269841,1.0725401760846438,0.0
256,7852,8.616114780092955,1.1155532288531662e-11,1.883210791834491e-12,1.903830769017212e-11,1.1561808854360975e-12,0.0,0.0,5.634743206853368e-12,1.1169148446592115e-12,3.2497063098880326e-11,5.923676912269871,1.0725401760846254,0.0
256,7856,8.6205040387685,1.101356097852199e-11,1.8592440373824462e-12,1.8795919988979517e-11,1.141460878198881e-12,5.684341886080802e-14,4.1928089505161676e-16,5.563000772787163e-12,1.1026941097190515e-12,3.208176193618993e-11,5.9236769122699,1.0725401760846076,0.0
256,7860,8.624893297444045,1.0873461509379302e-11,1.8355932760027292e-12,1.8556731645980594e-11,1.1269351653731952e-12,5.684341886080802e-14,4.1928089505161676e-16,5.492205412685507e-12,1.0886611031155988e-12,3.167374760367744e-11,5.923676912269929,1.0725401760845898,0.0
256,7864,8.629282556119588,1.0735115120632454e-11,1.8122384592570292e-12,1.832054064598537e-11,1.112591478741453e-12,5.684341886080802e-14,4.1928089505161676e-16,5.422297358956671e-12,1.0748039777587587e-12,3.1271037270120634e-11,5.923676912269959,1.072540176084572,0.0
256,7868,8.633671814795132,1.05986200429774e-11,1.7891961698687819e-12,1.808751087940694e-11,1.0984397712346615e-12,-5.684341886080802e-14,-4.1928089505161676e-16,5.353324990499878e-12,1.0611323232799885e-12,3.087146726516079e-11,5.923676912269986,1.0725401760845548,0.0
256,7872,8.638061073470675,1.046383173720352e-11,1.766442007585785e-12,1.7857394676331725e-11,1.0844650020611368e-12,-5.684341886080802e-14,-4.1928089505161676e-16,5.285214970931442e-12,1.0476316029927727e-12,3.047671656716954e-11,5.923676912270015,1.0725401760845379,0.0
256,7876,8.64245033214622,1.0330823775701517e-11,1.7439883924626426e-12,1.763031993712047e-11,1.0706749385053845e-12,0.0,0.0,5.218005234281115e-12,1.0343093361538715e-12,3.0092767618358373e-11,5.923676912270042,1.072540176084521,0.0
256,7880,8.646839590821765,1.0199331527723546e-11,1.7217906511061623e-12,1.7405831028569408e-11,1.0570419103348642e-12,0.0,0.0,5.1515607911676804e-12,1.0211387652628597e-12,2.97099869831825e-11,5.923676912270069,1.0725401760845041,0.0
256,7884,8.651228849497308,1.0069582875438415e-11,1.6998872532323974e-12,1.7184319861411722e-11,1.0435897179684933e-12,0.0,0.0,5.085997736910108e-12,1.0081429026524013e-12,2.9331397961418955e-11,5.923676912270095,1.0725401760844875,0.0
256,7888,8.655618108172852,9.941552494138142e-12,1.6782739236743604e-12,1.696574995530438e-11,1.0303161459848172e-12,5.684341886080802e-14,4.1928089505161676e-16,5.0213055035265504e-12,9.953196535445502e-13,2.895902792547206e-11,5.923676912270121,1.0725401760844715,0.0
256,7892,8.660007366848395,9.815063206027859e-12,1.6569207523276525e-12,1.6749810346098114e-11,1.0172023097848851e-12,1.1368683772161603e-13,8.385617901032335e-16,4.957391763473861e-12,9.82650716838488e-13,2.858780100875023e-11,5.923676912270148,1.0725401760844555,0.0
256,7896,8.66439662552394,9.690200916347708e-12,1.6358422412053676e-12,1.6536648804145015e-11,1.0042571833415573e-12,-5.684341886080802e-14,-4.1928089505161676e-16,4.894300291656576e-12,9.70144769565076e-13,2.8224355820128866e-11,5.923676912270174,1.0725401760844395,0.0
256,7900,8.668785884199485,9.566984007830148e-12,1.6150414935713615e-12,1.6326298292760547e-11,9.914827684900748e-13,0.0,0.0,4.832040898256057e-12,9.578037562915803e-13,2.7864888222057985e-11,5.923676912270198,1.0725401760844235,0.0
256,7904,8.673175142875028,9.445326720442354e-12,1.5945040319255794e-12,1.611860899486912e-11,9.788699669617295e-13,5.684341886080802e-14,4.1928089505161676e-16,4.770569124614493e-12,9.456188644540453e-13,2.750994457247988e-11,5.923676912270223,1.0725401760844084,0.0
256,7908,8.677564401550573,9.325224476566436e-12,1.574229083501721e-12,1.591357727990777e-11,9.664185582753962e-13,-5.684341886080802e-14,-4.1928089505161676e-16,4.709884038328442e-12,9.33589909232115e-13,2.71618707997869e-11,5.923676912270249,1.0725401760843933,0.0
256,7912,8.681953660226116,9.206582975923837e-12,1.554200729086103e-12,1.5711044450717928e-11,9.541189048821762e-13,-5.684341886080802e-14,-4.1928089505161676e-16,4.649938746075295e-12,9.21707595464286e-13,2.6815115329910462e-11,5.923676912270273,1.0725401760843782,0.0
256,7916,8.68634291890166,9.089505859581031e-12,1.5344364647488202e-12,1.5511183156528862e-11,9.41981491628833e-13,-5.684341886080802e-14,-4.1928089505161676e-16,4.590784202948844e-12,9.099820234334955e-13,2.6473267229340192e-11,5.923676912270297,1.0725401760843631,0.0
256,7920,8.690732177577205,8.973857319661436e-12,1.514913364209693e-12,1.5313759216207927e-11,9.299920968863387e-13,-5.684341886080802e-14,-4.1928089505161676e-16,4.532351016816631e-12,8.983994382799388e-13,2.6137214811994272e-11,5.923676912270321,1.0725401760843483,0.0
256,7924,8.695121436252748,8.859742806014014e-12,1.4956492288867468e-12,1.511895410206641e-11,9.18161741320025e-13,0.0,0.0,4.474692949091586e-12,8.869704965531638e-13,2.5802979495006005e-11,5.923676912270345,1.072540176084334,0.0
256,7928,8.699510694928293,8.74704465809186e-12,1.4766241960243573e-12,1.4926564158689916e-11,9.064780571028159e-13,0.0,0.0,4.417749627173061e-12,8.756832312386321e-13,2.5474703566350863e-11,5.923676912270367,1.0725401760843198,0.0
256,7932,8.703899953603836,8.635824873742596e-12,1.4578487317314199e-12,1.4736700981751983e-11,8.949478213488719e-13,0.0,0.0,4.361554276638649e-12,8.645442282870206e-13,2.5151300732260024e-11,5.92367691227039,1.0725401760843056,0.0
256,7936,8.70828921227938,8.526011609526142e-12,1.4393107078245194e-12,1.4549243489372612e-11,8.835636808544573e-13,-5.684341886080802e-14,-4.1928089505161676e-16,4.306071112976609e-12,8.535463945175213e-13,2.482928954965419e-11,5.9236769122704125,1.0725401760842914,0.0
256,7940,8.712678470954925,8.417567916172678e-12,1.4210038867470903e-12,1.4364122839290017e-11,8.723214548852087e-13,-5.684341886080802e-14,-4.1928089505161676e-16,4.25127956444622e-12,8.426856522141232e-13,2.451512066980764e-11,5.923676912270435,1.0725401760842777,0.0
256,7944,8.717067729630468,8.310582323470176e-12,1.4029432135728225e-12,1.4181490110518734e-11,8.612303183463558e-13,0.0,0.0,4.197224345430888e-12,8.319708646305299e-13,2.4203071225215153e-11,5.923676912270457,1.0725401760842643,0.0
256,7948,8.721456988306013,8.204861479317177e-12,1.3850960477468173e-12,1.4001019389030668e-11,8.502704787450095e-13,5.684341886080802e-14,4.1928089505161676e-16,4.143809133764264e-12,8.213829388545153e-13,2.3895145160188826e-11,5.923676912270478,1.072540176084251,0.0
256,7952,8.725846246981556,8.100563001535978e-12,1.3674889973749234e-12,1.3822978118272771e-11,8.394581777033946e-13,5.684341886080802e-14,4.1928089505161676e-16,4.0911130316174215e-12,8.109375544629248e-13,2.359211269096174e-11,5.9236769122704995,1.0725401760842377,0.0
256,7956,8.7302355056571,7.997620004570826e-12,1.3501107712343514e-12,1.3647250408715812e-11,8.28786377344999e-13,0.0,0.0,4.039101680140488e-12,8.006279008686458e-13,2.3291816576367162e-11,5.92367691227052,1.0725401760842244,0.0
256,7960,8.734624764332645,7.895919784747424e-12,1.3329423433593081e-12,1.3473647042108262e-11,8.182435865998628e-13,0.0,0.0,3.987719182861748e-12,7.904428983122766e-13,2.2993800231477488e-11,5.923676912270541,1.0725401760842113,0.0
256,7964,8.739014023008188,7.795506149387352e-12,1.3159911090419799e-12,1.3302238916455479e-11,8.078341110459784e-13,0.0,0.0,3.936986392009918e-12,7.803866801079613e-13,2.2703291694633453e-11,5.923676912270563,1.0725401760841988,0.0
256,7968,8.743403281683733,7.696384127899262e-12,1.2992579173173033e-12,1.3133038027432718e-11,7.975586791709123e-13,-5.684341886080802e-14,-4.1928089505161676e-16,3.886906973919029e-12,7.704599729938593e-13,2.2412571288243244e-11,5.923676912270582,1.0725401760841864,0.0
256,7972,8.747792540359278,7.598530942856929e-12,1.2827389230352873e-12,1.2966004454381946e-11,7.874148666256886e-13,0.0,0.0,3.837469077697409e-12,7.606604278945391e-13,2.2127216301098668e-11,5.923676912270603,1.072540176084174,0.0
256,7976,8.75218179903482,7.501910766847929e-12,1.2664280780246772e-12,1.280107308098601e-11,7.773987189495197e-13,0.0,0.0,3.7886532959272255e-12,7.509841978852552e-13,2.184752445567503e-11,5.923676912270622,1.0725401760841615,0.0
256,7980,8.756571057710365,7.406456400890282e-12,1.2503140381519262e-12,1.2638131161859316e-11,7.675033892071704e-13,0.0,0.0,3.740426325379642e-12,7.414246816233565e-13,2.1567242275810642e-11,5.923676912270642,1.072540176084149,0.0
256,7984,8.760960316385908,7.312365041471004e-12,1.2344300929583002e-12,1.2477518798155149e-11,7.577495314640619e-13,5.684341886080802e-14,4.1928089505161676e-16,3.692888946387538e-12,7.320018557157101e-13,2.1293465218438226e-11,5.923676912270661,1.072540176084137,0.0
256,7988,8.765349575061453,7.219442917296245e-12,1.2187435311233272e-12,1.231890100839544e-11,7.481168025684696e-13,0.0,0.0,3.6459418692093754e-12,7.226960390194186e-13,2.1024036835297056e-11,5.923676912270681,1.0725401760841256,0.0
256,7992,8.769738833736998,7.127640983107384e-12,1.2032460731173588e-12,1.2162197697111495e-11,7.386003383879602e-13,5.684341886080802e-14,4.1928089505161676e-16,3.599561510681535e-12,7.13502556896337e-13,2.0755522957926885e-11,5.923676912270699,1.072540176084114,0.0
256,7996,8.77412809241254,7.036999413463263e-12,1.1879445009711234e-12,1.200747718499338e-11,7.292042879822725e-13,5.684341886080802e-14,4.1928089505161676e-16,3.553768083358018e-12,7.044254158647369e-13,2.0490560905030026e-11,5.923676912270718,1.0725401760841025,0.0
256,8000,8.778517351088086,6.9475010346472276e-12,1.1728359155196411e-12,1.1854707533026704e-11,7.199267117211338e-13,1.1368683772161603e-13,8.385617901032335e-16,3.508552044893428e-12,6.954627244476094e-13,2.0230032516644764e-11,5.923676912270737,1.072540176084091,0.0
256,8004,8.782906609763629,6.859171691650324e-12,1.1579246797610008e-12,1.1703937693837211e-11,7.107705824575464e-13,0.0,0.0,3.4639280484248355e-12,6.866173871795026e-13,1.9973368835283208e-11,5.923676912270754,1.0725401760840794,0.0
256,8008,8.787295868439173,6.771976231304857e-12,1.1432048593459436e-12,1.1555103226012209e-11,7.017319867171197e-13,0.0,0.0,3.4198768701077933e-12,6.778855935234595e-13,1.9720254442618486e-11,5.923676912270773,1.0725401760840683,0.0
256,8012,8.791685127114718,6.68588919863643e-12,1.128672157116678e-12,1.1408159466034827e-11,6.928082121209322e-13,0.0,0.0,3.376385249419092e-12,6.692647149878739e-13,1.9468197346180406e-11,5.92367691227079,1.0725401760840576,0.0
256,8016,8.796074385790261,6.600865310492225e-12,1.1143189286399423e-12,1.1263033657701203e-11,6.839948402441128e-13,5.684341886080802e-14,4.1928089505161676e-16,3.333431806623235e-12,6.607505136965779e-13,1.9221319246571097e-11,5.923676912270808,1.072540176084047,0.0
256,8020,8.800463644465806,6.516948290655371e-12,1.1001525551054569e-12,1.1119796071217405e-11,6.752961385389157e-13,0.0,0.0,3.2910371916361483e-12,6.523470828614163e-13,1.8973152603478137e-11,5.923676912270825,1.0725401760840363,0.0
256,8024,8.804852903141349,6.434167579860277e-12,1.0861780065233765e-12,1.0978500839158366e-11,6.667153944324293e-13,0.0,0.0,3.2492175581820873e-12,6.440576244622763e-13,1.8734688684878865e-11,5.9236769122708415,1.0725401760840256,0.0
256,8028,8.809242161816893,6.352353810780349e-12,1.0723666913062293e-12,1.0838857427890463e-11,6.582349640542405e-13,5.684341886080802e-14,4.1928089505161676e-16,3.2078868668458343e-12,6.358650838266459e-13,1.8495083096183065e-11,5.923676912270858,1.072540176084015,0.0
256,8032,8.813631420492438,6.2715658753990385e-12,1.058728551249343e-12,1.0700964674485002e-11,6.49860849699011e-13,5.684341886080802e-14,4.1928089505161676e-16,3.1670743135568046e-12,6.277752481511674e-13,1.8260558506409156e-11,5.923676912270874,1.0725401760840043,0.0
256,8036,8.818020679167981,6.191858248844332e-12,1.045272782520705e-12,1.0564918462308907e-11,6.415988742853463e-13,-5.684341886080802e-14,-4.1928089505161676e-16,3.126808375875226e-12,6.19793762237847e-13,1.8030409477172725e-11,5.92367691227089,1.0725401760839943,0.0
256,8040,8.822409937843526,6.113209310456302e-12,1.0319957352487492e-12,1.0430681185490123e-11,6.334467540393336e-13,-5.684341886080802e-14,-4.1928089505161676e-16,3.0870778995896803e-12,6.119184151067241e-13,1.7798903195463066e-11,5.923676912270906,1.0725401760839846,0.0
256,8044,8.826799196519069,6.0355105645413835e-12,1.018879093834031e-12,1.0298063659820231e-11,6.253929999584228e-13,0.0,0.0,3.0478267553448603e-12,6.041380808363747e-13,1.7572812115227256e-11,5.923676912270921,1.0725401760839748,0.0
256,8048,8.831188455194614,5.958754392246165e-12,1.0059215721069089e-12,1.0167053653701377e-11,6.174368692276605e-13,0.0,0.0,3.0090513491768902e-12,5.964520470338013e-13,1.7347639624654972e-11,5.923676912270937,1.072540176083965,0.0
256,8052,8.835577713870158,5.8828987423084574e-12,9.93116071222727e-13,1.0037579669133276e-11,6.09574019831852e-13,0.0,0.0,2.9707305290159644e-12,5.888561209505689e-13,1.7127574035944308e-11,5.9236769122709525,1.0725401760839552,0.0
256,8056,8.839966972545701,5.808157965162855e-12,9.80498776550433e-13,9.910012645740335e-12,6.018269786315969e-13,0.0,0.0,2.9329742555660586e-12,5.813720989202621e-13,1.6911588023390004e-11,5.923676912270967,1.0725401760839455,0.0
256,8060,8.844356231221246,5.734332555878178e-12,9.680360088509096e-13,9.784009272314772e-12,5.941748966174845e-13,5.684341886080802e-14,4.1928089505161676e-16,2.895680823211369e-12,5.739798209270814e-13,1.6694696324082255e-11,5.923676912270983,1.0725401760839357,0.0
256,8064,8.84874548989679,5.661466065179242e-12,9.55735120099199e-13,9.6596438233405e-12,5.866222844182943e-13,-5.684341886080802e-14,-4.1928089505161676e-16,2.8588722131665084e-12,5.666836440719633e-13,1.6483300154827618e-11,5.923676912270997,1.0725401760839266,0.0
256,8068,8.853134748572334,5.589632851293042e-12,9.43608663010126e-13,9.537041613801536e-12,5.791767523107133e-13,0.0,0.0,2.822585460808056e-12,5.594909094812665e-13,1.6273797640320183e-11,5.923676912271011,1.0725401760839177,0.0
256,8072,8.857524007247878,5.5187151331460324e-12,9.31636754481474e-13,9.416003388773244e-12,5.718261997058165e-13,0.0,0.0,2.7867616525143095e-12,5.523899393382357e-13,1.6066602226131394e-11,5.923676912271026,1.0725401760839088,0.0
256,8076,8.861913265923421,5.448576754243131e-12,9.197964093813561e-13,9.29629545813954e-12,5.645564347936102e-13,-5.684341886080802e-14,-4.1928089505161676e-16,2.7513315783808264e-12,5.453670149041758e-13,1.5861843361349623e-11,5.9236769122710395,1.0725401760839,0.0
256,8080,8.866302524598966,5.379340757708936e-12,9.081083991202365e-13,9.178128124901912e-12,5.57380229103709e-13,0.0,0.0,2.7163574922078505e-12,5.384344760836887e-13,1.5660358421080418e-11,5.923676912271054,1.072540176083891,0.0
256,8084,8.870691783274511,5.3109434127090904e-12,8.965619650366783e-13,9.061391986882384e-12,5.502909387311471e-13,-5.684341886080802e-14,-4.1928089505161676e-16,2.681806992700509e-12,5.3158590031484e-13,1.546136752742078e-11,5.923676912271068,1.0725401760838822,0.0
256,8088,8.875081041950054,5.243380813569483e-12,8.851564477979447e-13,8.946080275310592e-12,5.432881526140255e-13,5.684341886080802e-14,4.1928089505161676e-16,2.6476780730044247e-12,5.248208898003634e-13,1.5266294812211938e-11,5.923676912271081,1.0725401760838733,0.0
256,8092,8.879470300625599,5.1767566033315025e-12,8.739093438075238e-13,8.832371016233212e-12,5.363826821288397e-13,5.684341886080802e-14,4.1928089505161676e-16,2.614023462226359e-12,5.181498964668019e-13,1.507092711360352e-11,5.923676912271095,1.0725401760838644,0.0
256,8096,8.883859559301142,5.111053508763087e-12,8.628177371008349e-13,8.720235587943229e-12,5.295727891026862e-13,1.1368683772161603e-13,8.385617901032335e-16,2.5808347183796413e-12,5.115712469494814e-13,1.4880368452505035e-11,5.923676912271109,1.0725401760838564,0.0
256,8100,8.888248817976686,5.046139933544949e-12,8.518594123678204e-13,8.60944746076739e-12,5.228447165734198e-13,0.0,0.0,2.548044729677522e-12,5.050716383971234e-13,1.4689647740680203e-11,5.92367691227112,1.0725401760838484,0.0
256,8104,8.892638076652231,4.982030451800467e-12,8.410368299255428e-13,8.500034375312436e-12,5.162001492054438e-13,5.684341886080802e-14,4.1928089505161676e-16,2.515661803975592e-12,4.986527175870339e-13,1.4503457396693395e-11,5.923676912271134,1.0725401760838404,0.0
256,8108,8.897027335327774,4.918898739217398e-12,8.303793086734503e-13,8.392291001770876e-12,5.09656982079016e-13,1.1368683772161603e-13,8.385617901032335e-16,2.4837730956478815e-12,4.923317601980782e-13,1.4319111917366324e-11,5.923676912271147,1.0725401760838325,0.0
256,8112,8.901416594003319,4.8564311317201215e-12,8.198338977027976e-13,8.285680033956175e-12,5.031825850280202e-13,-5.684341886080802e-14,-4.1928089505161676e-16,2.452219510909124e-12,4.860772307717743e-13,1.4139271749055444e-11,5.92367691227116,1.0725401760838245,0.0
256,8116,8.905805852678862,4.79472513809699e-12,8.094170578688602e-13,8.180368902797673e-12,4.967871259961249e-13,0.0,0.0,2.4210506387515647e-12,4.798989588033692e-13,1.3957798413910341e-11,5.923676912271172,1.0725401760838165,0.0
256,8120,8.910195111354406,4.733743399491318e-12,7.991224824710469e-13,8.076292825165733e-12,4.904666707567483e-13,0.0,0.0,2.3902472705293415e-12,4.737931367685585e-13,1.3780449575456476e-11,5.923676912271184,1.0725401760838085,0.0
256,8124,8.914584370029951,4.673572836946048e-12,7.889648450042542e-13,7.97360193925742e-12,4.842303370800433e-13,-5.684341886080802e-14,-4.1928089505161676e-16,2.3598539035291416e-12,4.677685848882865e-13,1.3603441882507004e-11,5.923676912271196,1.0725401760838005,0.0
256,8128,8.918973628705494,4.614143719413646e-12,7.789323738866478e-13,7.872177141460088e-12,4.78070891900836e-13,-5.684341886080802e-14,-4.1928089505161676e-16,2.3298352834478605e-12,4.61818315079329e-13,1.3432610760017452e-11,5.923676912271208,1.072540176083793,0.0
256,8132,8.923362887381039,4.555652601469632e-12,7.69058250295802e-13,7.772355025106311e-12,4.720087762574592e-13,0.0,0.0,2.3002910704220237e-12,4.559620819040183e-13,1.3259312422144192e-11,5.92367691227122,1.0725401760837858,0.0
256,8136,8.927752146056582,4.497882647973049e-12,7.593058694093799e-13,7.673763236224117e-12,4.660213773971399e-13,-5.684341886080802e-14,-4.1928089505161676e-16,2.271110981211371e-12,4.501780250958539e-13,1.3092531389362838e-11,5.923676912271231,1.0725401760837787,0.0
256,8140,8.932141404732127,4.440788336955179e-12,7.496675464786361e-13,7.576322446587115e-12,4.601038777814436e-13,5.684341886080802e-14,4.1928089505161676e-16,2.242271481409999e-12,4.4446147968141146e-13,1.2925500355923464e-11,5.923676912271243,1.0725401760837716,0.0
256,8144,8.936530663407671,4.3843606726140255e-12,7.401417628856362e-13,7.480018353933792e-12,4.5425540884570316e-13,0.0,0.0,2.2137683736999767e-12,4.3881161367127563e-13,1.2763413126132895e-11,5.9236769122712545,1.0725401760837645,0.0
256,8148,8.940919922083214,4.328526618005612e-12,7.307161889667175e-13,7.384727751676345e-12,4.484684883544125e-13,-1.1368683772161603e-13,-8.385617901032335e-16,2.1855652417468604e-12,4.332212086451859e-13,1.2598737406925311e-11,5.923676912271266,1.0725401760837574,0.0
256,8152,8.945309180758759,4.2735251562690665e-12,7.214311684378971e-13,7.290860255940314e-12,4.4276799196051414e-13,5.684341886080802e-14,4.1928089505161676e-16,2.1577833789959004e-12,4.2771430730475016e-13,1.2438597050220299e-11,5.923676912271277,1.0725401760837503,0.0
256,8156,8.949698439434304,4.219405372166432e-12,7.122949874975568e-13,7.198499980606799e-12,4.3715902783134687e-13,5.684341886080802e-14,4.1928089505161676e-16,2.1304476922409073e-12,4.222958466571609e-13,1.2279817896211193e-11,5.923676912271287,1.0725401760837432,0.0
256,8160,8.954087698109847,4.1658234344798595e-12,7.032496025989364e-13,7.107059319573547e-12,4.3160591112797184e-13,5.684341886080802e-14,4.1928089505161676e-16,2.103384240749714e-12,4.169313482925391e-13,1.2123605532620442e-11,5.923676912271298,1.072540176083736,0.0
256,8164,8.958476956785391,4.112826145353538e-12,6.943029146024106e-13,7.01661552951721e-12,4.2611333358529914e-13,0.0,0.0,2.0766158011051316e-12,4.1162532696914784e-13,1.1969025168749048e-11,5.923676912271309,1.072540176083729,0.0
256,8168,8.962866215460934,4.060603475814542e-12,6.854869932899559e-13,6.927496657088562e-12,4.207012172086524e-13,-5.684341886080802e-14,-4.1928089505161676e-16,2.050239595317203e-12,4.063970539655987e-13,1.181956609245867e-11,5.92367691227132,1.072540176083722,0.0
256,8172,8.96725547413648,4.009123569926468e-12,6.767964609313421e-13,6.839645001345296e-12,4.1536605786690537e-13,0.0,0.0,2.0242384323325645e-12,4.012431216833565e-13,1.1668656219381315e-11,5.92367691227133,1.0725401760837159,0.0
256,8176,8.971644732812024,3.9582707791397315e-12,6.682117944243987e-13,6.752864190251074e-12,4.1009593004658576e-13,0.0,0.0,1.9985542260593754e-12,3.961520163380547e-13,1.1520343451336689e-11,5.92367691227134,1.0725401760837097,0.0
256,8180,8.976033991487567,3.9080431830286205e-12,6.597326695742479e-13,6.6671503939644825e-12,4.0489060116455085e-13,0.0,0.0,1.973185824203458e-12,3.9112350952274995e-13,1.1373671077168863e-11,5.9236769122713495,1.0725401760837034,0.0
256,8184,8.980423250163112,3.858435008382966e-12,6.513581117817929e-13,6.582491834581145e-12,3.9974935595828183e-13,-5.684341886080802e-14,-4.1928089505161676e-16,1.948129675417294e-12,3.86156897291829e-13,1.1229507221031684e-11,5.92367691227136,1.0725401760836972,0.0
256,8188,8.984812508838655,3.809433334955745e-12,6.430859399275676e-13,6.4988676105135964e-12,3.9467092509143355e-13,5.684341886080802e-14,4.1928089505161676e-16,1.923379632530741e-12,3.8125096115753975e-13,1.1085999308435662e-11,5.92367691227137,1.072540176083691,0.0
256,8192,8.9892017675142,3.7611297327269764e-12,6.349316123124512e-13,6.416437529664068e-12,3.8966501356746057e-13,0.0,0.0,1.8989831137800933e-12,3.764151003294077e-13,1.09475731654948e-11,5.923676912271379,1.0725401760836848,0.0
256,8196,8.993591026189744,3.7133868316724286e-12,6.268719389437638e-13,6.3349617460134455e-12,3.8471705573340346e-13,0.0,0.0,1.874868948413937e-12,3.71635207391027e-13,1.080956670374473e-11,5.9236769122713895,1.0725401760836786,0.0
256,8200,8.997980284865287,3.6661709487305904e-12,6.189012336468526e-13,6.254389102235337e-12,3.7982394484658915e-13,0.0,0.0,1.8510222105849084e-12,3.669083237514064e-13,1.0671916005054219e-11,5.923676912271398,1.0725401760836724,0.0
256,8204,9.002369543540832,3.6195331096268594e-12,6.110281102820196e-13,6.174803844799818e-12,3.749907971263768e-13,0.0,0.0,1.827467738211543e-12,3.622393727653297e-13,1.053463733179918e-11,5.923676912271408,1.0725401760836661,0.0
256,8208,9.006758802216375,3.5735820148154233e-12,6.032709190151835e-13,6.096387297233456e-12,3.7022862420252387e-13,0.0,0.0,1.8042590550102553e-12,3.5763896386630783e-13,1.0399870352070673e-11,5.923676912271417,1.07254017608366,0.0
256,8212,9.01114806089192,3.528079703329013e-12,5.955894886873169e-13,6.01873963980146e-12,3.655131453489014e-13,0.0,0.0,1.7812780407278845e-12,3.530836833406423e-13,1.0269012575156442e-11,5.923676912271426,1.0725401760836537,0.0
256,8216,9.015537319567464,3.4833506171915354e-12,5.880385896764657e-13,5.942409308511616e-12,3.60877666636585e-13,-5.684341886080802e-14,-4.1928089505161676e-16,1.7586868362524649e-12,3.4860567064138774e-13,1.0136765421998079e-11,5.923676912271435,1.0725401760836484,0.0
256,8220,9.019926578243007,3.4391288857503012e-12,5.805733392760565e-13,5.866948581846084e-12,3.562949983032623e-13,5.684341886080802e-14,4.1928089505161676e-16,1.7363531347097907e-12,3.4417869999277657e-13,1.0008497059758401e-11,5.9236769122714446,1.072540176083643,0.0
256,8224,9.024315836918552,3.3954601499701228e-12,5.732014423230492e-13,5.792431375704059e-12,3.517696292011553e-13,5.684341886080802e-14,4.1928089505161676e-16,1.714298677701801e-12,3.398070809998894e-13,9.881836186806195e-12,5.9236769122714525,1.0725401760836377,0.0
256,8228,9.028705095594095,3.352435449658338e-12,5.659382676177154e-13,5.719011563875501e-12,3.4731090395992425e-13,0.0,0.0,1.6925689561546003e-12,3.354998308421785e-13,9.756998482696399e-12,5.923676912271461,1.0725401760836324,0.0
256,8232,9.03309435426964,3.3099187918741547e-12,5.587608576384335e-13,5.646455795603797e-12,3.429046513785996e-13,0.0,0.0,1.6710948626418458e-12,3.3124325109408567e-13,9.633427735523982e-12,5.923676912271469,1.072540176083627,0.0
256,8236,9.037483612945184,3.2679397006713243e-12,5.516741964608359e-13,5.574822264506501e-12,3.3855440550807294e-13,0.0,0.0,1.6498938861081387e-12,3.2704080840193813e-13,9.509519953649466e-12,5.923676912271478,1.0725401760836217,0.0
256,8240,9.041872871620727,3.2264825247729135e-12,5.446756419291861e-13,5.504078681838346e-12,3.3425820547920106e-13,-5.684341886080802e-14,-4.1928089505161676e-16,1.628956280438749e-12,3.228905708977127e-13,9.387068254520014e-12,5.923676912271486,1.0725401760836164,0.0
256,8244,9.046262130296272,3.1856009889417433e-12,5.37774263539275e-13,5.434318312847241e-12,3.3002171521435887e-13,0.0,0.0,1.6083097028573103e-12,3.187980207768715e-13,9.270261134933847e-12,5.923676912271494,1.072540176083611,0.0
256,8248,9.050651388971817,3.1451820579459552e-12,5.309509793537294e-13,5.365344880157585e-12,3.258330149487434e-13,0.0,0.0,1.587895946862105e-12,3.147516203874865e-13,9.154066551807096e-12,5.923676912271502,1.0725401760836057,0.0
256,8252,9.05504064764736,3.1052755593337523e-12,5.242142009636844e-13,5.297244615862563e-12,3.2169734148698416e-13,0.0,0.0,1.5677405750913375e-12,3.1075643673776583e-13,9.036506469370192e-12,5.92367691227151,1.0725401760836004,0.0
256,8256,9.059429906322904,3.0657963823160462e-12,5.175495604705615e-13,5.2298750631102875e-12,3.1760604354075086e-13,0.0,0.0,1.5478015198226327e-12,3.0680413119329837e-13,8.91938941641198e-12,5.923676912271518,1.072540176083595,0.0
256,8260,9.063819164998447,3.0268033382942254e-12,5.109669860663028e-13,5.163332933389915e-12,3.1356499431983614e-13,5.684341886080802e-14,4.1928089505161676e-16,1.528107280265878e-12,3.0290035284747066e-13,8.80890003197047e-12,5.923676912271526,1.0725401760835898,0.0
256,8264,9.068208423673992,2.9884106523257723e-12,5.044857605475858e-13,5.097820307399976e-12,3.095864660201075e-13,5.684341886080802e-14,4.1928089505161676e-16,1.5087179088103813e-12,2.9905700524275355e-13,8.694297674957613e-12,5.923676912271534,1.0725401760835849,0.0
256,8268,9.072597682349537,2.9506110792220202e-12,4.981046608246346e-13,5.0333197531922205e-12,3.05669400013577e-13,0.0,0.0,1.4896280738496578e-12,2.9527303155185074e-13,8.586237910124625e-12,5.923676912271541,1.0725401760835804,0.0
256,8272,9.07698694102508,2.9133350008789086e-12,4.918119343820619e-13,4.9697129717897306e-12,3.0180661209994146e-13,0.0,0.0,1.470802780032422e-12,2.9154149502078605e-13,8.476506888007354e-12,5.9236769122715485,1.072540176083576,0.0
256,8276,9.081376199700625,2.8764848682586144e-12,4.855911135699154e-13,4.9068333390073544e-12,2.9798798332844863e-13,5.684341886080802e-14,4.1928089505161676e-16,1.4521927068982744e-12,2.8785261938250643e-13,8.369802598373026e-12,5.9236769122715565,1.0725401760835716,0.0
256,8280,9.085765458376168,2.840004347564341e-12,4.794326884507641e-13,4.8445875856964654e-12,2.9420784953983614e-13,0.0,0.0,1.433770347339169e-12,2.8420095219735626e-13,8.26494567792396e-12,5.923676912271564,1.072540176083567,0.0
256,8284,9.090154717051712,2.8039403246126053e-12,4.733445740100488e-13,4.783051179806712e-12,2.904707938410832e-13,0.0,0.0,1.4155578828409743e-12,2.805908902639e-13,8.159450898397378e-12,5.923676912271571,1.0725401760835627,0.0
256,8288,9.094543975727257,2.7683760840122246e-12,4.673408298614268e-13,4.722371058448554e-12,2.8678573960296615e-13,0.0,0.0,1.3975989654594222e-12,2.7703108626199497e-13,8.055642832974188e-12,5.923676912271578,1.0725401760835582,0.0
256,8292,9.0989332344028,2.733277677825126e-12,4.614157251153552e-13,4.662483424425066e-12,2.8314881247379213e-13,0.0,0.0,1.3798745139323836e-12,2.735177579172509e-13,7.955319119271303e-12,5.923676912271584,1.0725401760835538,0.0
256,8296,9.103322493078345,2.69861372358271e-12,4.555639619696302e-13,4.603334129832593e-12,2.79556724095572e-13,5.684341886080802e-14,4.1928089505161676e-16,1.3623684821182663e-12,2.7004772457474066e-13,7.853372880166473e-12,5.923676912271591,1.0725401760835493,0.0
256,8300,9.107711751753888,2.664476716741858e-12,4.4980115495864507e-13,4.545091513236426e-12,2.760196975319645e-13,5.684341886080802e-14,4.1928089505161676e-16,1.345131049445814e-12,2.666309327656199e-13,7.75315305359153e-12,5.923676912271597,1.072540176083545,0.0
256,8304,9.112101010429432,2.6307211918932186e-12,4.441027474748224e-13,4.487498575803787e-12,2.7252212545363803e-13,5.684341886080802e-14,4.1928089505161676e-16,1.3280858549745257e-12,2.6325224627784355e-13,7.654335273598199e-12,5.9236769122716035,1.0725401760835405,0.0
256,8308,9.116490269104977,2.5973823536029626e-12,4.3847468254420674e-13,4.430619850076804e-12,2.6906792686919937e-13,5.684341886080802e-14,4.1928089505161676e-16,1.3112521496888722e-12,2.5991548102804537e-13,7.557809203666468e-12,5.92367691227161,1.072540176083536,0.0
256,8312,9.12087952778052,2.5644549716450008e-12,4.32916077231053e-13,4.3744444205217025e-12,2.6565643888719255e-13,5.684341886080802e-14,4.1928089505161676e-16,1.29462663528168e-12,2.566199832280918e-13,7.46116739098273e-12,5.923676912271616,1.0725401760835316,0.0
256,8316,9.125268786456065,2.53193981384482e-12,4.2742706115510555e-13,4.318972026295148e-12,2.6228764566681476e-13,1.1368683772161603e-13,8.385617901032335e-16,1.2782091811229708e-12,2.5336572698460023e-13,7.368317106038036e-12,5.923676912271622,1.0725401760835271,0.0
256,8320,9.129658045131608,2.4998019185106156e-12,4.2200173229092926e-13,4.264138973345219e-12,2.5895767912028504e-13,1.1368683772161603e-13,8.385617901032335e-16,1.2619807988114674e-12,2.501489484299932e-13,7.274711675925873e-12,5.923676912271629,1.0725401760835227,0.0
256,8324,9.134047303807153,2.468057044296092e-12,4.1664275092097004e-13,4.209975647355196e-12,2.5566838454534573e-13,0.0,0.0,1.2459506002867353e-12,2.469714537265379e-13,7.18080702472651e-12,5.9236769122716355,1.0725401760835183,0.0
256,8328,9.138436562482697,2.4367348531171484e-12,4.113551243939302e-13,4.156531512366858e-12,2.5242276585287754e-13,0.0,0.0,1.2301331859890132e-12,2.4383613696325343e-13,7.091147963069053e-12,5.923676912271641,1.072540176083514,0.0
256,8332,9.14282582115824,2.4059442195718035e-12,4.061572322736568e-13,4.103992258325383e-12,2.4923209984167624e-13,0.0,0.0,1.2145835103129624e-12,2.4075389116168904e-13,7.001918912403722e-12,5.923676912271647,1.0725401760835105,0.0
256,8336,9.147215079833785,2.3754913281028364e-12,4.0101635576739803e-13,4.052034661078814e-12,2.460767573728348e-13,5.684341886080802e-14,4.1928089505161676e-16,1.199206165634971e-12,2.3770580468963824e-13,6.910753450950091e-12,5.923676912271653,1.072540176083507,0.0
256,8340,9.15160433850933,2.345431361589762e-12,3.9594181052155605e-13,4.000750177256405e-12,2.4296229253279365e-13,0.0,0.0,1.1840281277687244e-12,2.346972246739613e-13,6.822511130406601e-12,5.9236769122716595,1.0725401760835034,0.0
256,8344,9.155993597184873,2.31573029299982e-12,3.909278522942918e-13,3.950076796587223e-12,2.398849394884168e-13,5.684341886080802e-14,4.1928089505161676e-16,1.169030909672492e-12,2.317244866262184e-13,6.7379229214388054e-12,5.923676912271666,1.0725401760834998,0.0
256,8348,9.160382855860417,2.2865618943547288e-12,3.860038162475819e-13,3.900309566624168e-12,2.3686261623675036e-13,0.0,0.0,1.1543017846336143e-12,2.2880488979618804e-13,6.650800070440722e-12,5.923676912271671,1.0725401760834963,0.0
256,8352,9.16477211453596,2.2576640866928206e-12,3.8112545976564066e-13,3.851007848064701e-12,2.338685631126362e-13,-5.684341886080802e-14,-4.1928089505161676e-16,1.1397105627016478e-12,2.2591262802324537e-13,6.568812631268911e-12,5.923676912271677,1.0725401760834927,0.0
256,8356,9.169161373211505,2.2290741555392908e-12,3.762990771696723e-13,3.802232363649566e-12,2.30906467758553e-13,5.684341886080802e-14,4.1928089505161676e-16,1.1252751169642934e-12,2.230512440982932e-13,6.4860804829760996e-12,5.9236769122716835,1.0725401760834892,0.0
256,8360,9.17355063188705,2.2008898893502983e-12,3.715411765268126e-13,3.7541513739729605e-12,2.279865485030386e-13,5.684341886080802e-14,4.1928089505161676e-16,1.1110452939612204e-12,2.202306185674483e-13,6.404275116457434e-12,5.923676912271688,1.0725401760834856,0.0
256,8364,9.177939890562593,2.1730828462857986e-12,3.668469564543283e-13,3.7067128162247455e-12,2.251056436141311e-13,0.0,0.0,1.0970055649196487e-12,2.1744767332826654e-13,6.3238810810978625e-12,5.923676912271694,1.072540176083482,0.0
256,8368,9.182329149238138,2.145705603381408e-12,3.6222529269551105e-13,3.6600073980251285e-12,2.2226926169156282e-13,5.684341886080802e-14,4.1928089505161676e-16,1.0831828097258295e-12,2.147077364929394e-13,6.243977713311682e-12,5.923676912271699,1.0725401760834785,0.0
256,8372,9.18671840791368,2.1185242229083294e-12,3.5763669327058854e-13,3.613640149309914e-12,2.194534165257414e-13,0.0,0.0,1.069460274936367e-12,2.119876652758409e-13,6.163252029380938e-12,5.923676912271704,1.072540176083475,0.0
256,8376,9.191107666589225,2.091667451492315e-12,3.5310289242125873e-13,3.5678259006713445e-12,2.1667115460317174e-13,0.0,0.0,1.0559013773421296e-12,2.0930003010875848e-13,6.085840545791695e-12,5.923676912271709,1.0725401760834714,0.0
256,8380,9.19549692526477,2.0652369574274406e-12,3.4864105318588145e-13,3.5227350879179693e-12,2.1393282635138375e-13,-1.1368683772161603e-13,-8.385617901032335e-16,1.042556456081073e-12,2.066548091802956e-13,6.008841494599859e-12,5.923676912271715,1.0725401760834679,0.0
256,8384,9.199886183940313,2.0391101307289078e-12,3.442304772740849e-13,3.47815946179277e-12,2.112257849629884e-13,1.1368683772161603e-13,8.385617901032335e-16,1.0293639098942569e-12,2.0403979193212973e-13,5.932988711171184e-12,5.923676912271719,1.0725401760834643,0.0
256,8388,9.204275442615858,2.0132771065748e-12,3.3986949936514636e-13,3.4340878335630693e-12,2.0854935095538334e-13,-5.684341886080802e-14,-4.1928089505161676e-16,1.0163206192920073e-12,2.014543600212065e-13,5.858901355345281e-12,5.923676912271724,1.0725401760834608,0.0
256,8392,9.2086647012914,1.9877343472033053e-12,3.355575222351011e-13,3.39051745615936e-12,2.0590335750127974e-13,-5.684341886080802e-14,-4.1928089505161676e-16,1.0034258831275257e-12,1.9889837446669952e-13,5.784100471054818e-12,5.92367691227173,1.0725401760834572,0.0
256,8396,9.213053959966945,1.9626030151063385e-12,3.3131499981715793e-13,3.3476466070496935e-12,2.0329984582946248e-13,-5.684341886080802e-14,-4.1928089505161676e-16,9.907380962264703e-13,1.9638341024997613e-13,5.710947436666213e-12,5.923676912271734,1.0725401760834536,0.0
256,8400,9.21744321864249,1.937750511226115e-12,3.271195475248939e-13,3.305253267181301e-12,2.0072533290408658e-13,-5.684341886080802e-14,-4.1928089505161676e-16,9.781916933675104e-13,1.9389647107887013e-13,5.637862314344416e-12,5.923676912271739,1.07254017608345,0.0
256,8404,9.221832477318033,1.913132156492978e-12,3.2296362290278377e-13,3.263257606806649e-12,1.9817497072974776e-13,-5.684341886080802e-14,-4.1928089505161676e-16,9.65762925724035e-13,1.9143284947763487e-13,5.5675730284417285e-12,5.923676912271743,1.0725401760834465,0.0
256,8408,9.226221735993578,1.888881655511144e-12,3.1886979716904157e-13,3.2218837601634488e-12,1.9566237079574594e-13,0.0,0.0,9.535179923130694e-13,1.890056673689743e-13,5.494816948724702e-12,5.923676912271748,1.0725401760834434,0.0
256,8412,9.23061099466912,1.8651030471693523e-12,3.1485563355175696e-13,3.1813215698395575e-12,1.9319906208747703e-13,0.0,0.0,9.415134984427118e-13,1.8662614501734077e-13,5.426400880283974e-12,5.923676912271753,1.0725401760834408,0.0
256,8416,9.235000253344666,1.841591584398719e-12,3.1088656786521956e-13,3.141211365066882e-12,1.9076320209278673e-13,0.0,0.0,9.296426444487287e-13,1.8427311266822933e-13,5.358352280217279e-12,5.923676912271757,1.072540176083438,0.0
256,8420,9.23938951202021,1.8184060877241107e-12,3.069725298415429e-13,3.1016562423584096e-12,1.8836105177875312e-13,-5.684341886080802e-14,-4.1928089505161676e-16,9.179360358957595e-13,1.8195263693518746e-13,5.292412568072879e-12,5.9236769122717625,1.0725401760834354,0.0
256,8424,9.243778770695753,1.795443111307343e-12,3.030960563679145e-13,3.062485109540804e-12,1.8598222085734863e-13,-5.684341886080802e-14,-4.1928089505161676e-16,9.063432202258159e-13,1.796547171475724e-13,5.222943979454178e-12,5.923676912271767,1.0725401760834328,0.0
256,8428,9.248168029371298,1.7727790809869928e-12,2.992700492010826e-13,3.0238219333333994e-12,1.836342377262469e-13,0.0,0.0,8.949006679074238e-13,1.7738658245606463e-13,5.158127791460058e-12,5.923676912271771,1.07254017608343,0.0
256,8432,9.252557288046843,1.7503771157050626e-12,2.954882822995961e-13,2.985609708527607e-12,1.8131364050566248e-13,-5.684341886080802e-14,-4.1928089505161676e-16,8.835917090769481e-13,1.7514492857199138e-13,5.092276718987842e-12,5.923676912271776,1.0725401760834274,0.0
256,8436,9.256946546722386,1.7282747230697413e-12,2.91757087475393e-13,2.947908661119504e-12,1.790240866711759e-13,0.0,0.0,8.724340400156407e-13,1.729332632398052e-13,5.027269498831886e-12,5.92367691227178,1.0725401760834248,0.0
256,8440,9.26133580539793,1.7065281331702904e-12,2.8808595715861315e-13,2.9108147106285855e-12,1.7677140133690894e-13,-5.684341886080802e-14,-4.1928089505161676e-16,8.614560483985179e-13,1.7075721344452874e-13,4.966822395256478e-12,5.923676912271785,1.0725401760834221,0.0
256,8444,9.265725064073473,1.6850170950899419e-12,2.8445459130275697e-13,2.874121723913075e-12,1.7454306620542382e-13,0.0,0.0,8.505966943217909e-13,1.6860467989926357e-13,4.901303994081297e-12,5.923676912271789,1.0725401760834194,0.0
256,8448,9.270114322749018,1.6638103759624289e-12,2.8087459876744856e-13,2.8379510956156454e-12,1.7234645347427806e-13,-5.684341886080802e-14,-4.1928089505161676e-16,8.398920440159937e-13,1.6648281162691911e-13,4.839205487451729e-12,5.923676912271793,1.0725401760834168,0.0
256,8452,9.274503581424563,1.6428807052307054e-12,2.773413758990029e-13,2.802246248635957e-12,1.701781272623508e-13,0.0,0.0,8.293250111223552e-13,1.6438822178144895e-13,4.781059608518495e-12,5.923676912271797,1.0725401760834141,0.0
256,8456,9.278892840100106,1.6221721950108763e-12,2.7384548803636015e-13,2.7669175154937604e-12,1.6803264213676024e-13,0.0,0.0,8.18869251123863e-13,1.623156883711764e-13,4.719913398542852e-12,5.923676912271802,1.0725401760834115,0.0
256,8460,9.28328209877565,1.6017669770010618e-12,2.7040080016563226e-13,2.73210263673401e-12,1.6591836296836666e-13,0.0,0.0,8.085654483613243e-13,1.6027327581758873e-13,4.658860354643931e-12,5.923676912271805,1.0725401760834088,0.0
256,8464,9.287671357451194,1.58162187090288e-12,2.670000228449707e-13,2.6977374502712937e-12,1.6383139324609715e-13,-5.684341886080802e-14,-4.1928089505161676e-16,7.983949369673346e-13,1.5825728418554658e-13,4.6019411434486956e-12,5.92367691227181,1.0725401760834061,0.0
256,8468,9.292060616126738,1.5616775342730166e-12,2.636331382350851e-13,2.663713134823251e-12,1.6176512434230262e-13,0.0,0.0,7.883252526317507e-13,1.56261278422273e-13,4.543779268682529e-12,5.923676912271813,1.0725401760834035,0.0
256,8472,9.296449874802283,1.5419568063486698e-12,2.603040019205283e-13,2.6300718195354544e-12,1.5972211472560447e-13,0.0,0.0,7.783689714241457e-13,1.5428775134745435e-13,4.487197896767128e-12,5.923676912271817,1.0725401760834008,0.0
256,8476,9.300839133477826,1.5224339994119046e-12,2.570082774531253e-13,2.5967681766498665e-12,1.5769961167825728e-13,0.0,0.0,7.685126271284337e-13,1.523340336971871e-13,4.4300937869304756e-12,5.923676912271821,1.0725401760833981,0.0
256,8480,9.30522839215337,1.5030721116502145e-12,2.537397184063654e-13,2.5637394676181197e-12,1.5569380513943088e-13,0.0,0.0,7.587376650289986e-13,1.5039644756876138e-13,4.3737332315146855e-12,5.923676912271825,1.0725401760833955,0.0
256,8484,9.309617650828914,1.4839125601412777e-12,2.5050531656563636e-13,2.531058050914094e-12,1.5370908938017922e-13,0.0,0.0,7.490655579342527e-13,1.4847924928719355e-13,4.316996289927271e-12,5.923676912271827,1.0725401760833928,0.0
256,8488,9.314006909504458,1.4650309694618063e-12,2.473178384234112e-13,2.4988501582044556e-12,1.517531303465786e-13,0.0,0.0,7.395335701892725e-13,1.4658982536481688e-13,4.263798242041897e-12,5.923676912271832,1.0725401760833901,0.0
256,8492,9.318396168180003,1.4464093593783304e-12,2.441742486633253e-13,2.4670829093953037e-12,1.4982393125736575e-13,0.0,0.0,7.301318956831495e-13,1.4472623204120792e-13,4.209111665898644e-12,5.923676912271835,1.0725401760833875,0.0
256,8496,9.322785426855546,1.4280958306290793e-12,2.4108266736669673e-13,2.4358448706114573e-12,1.479268706610062e-13,0.0,0.0,7.208869674562384e-13,1.4289370885507817e-13,4.155419371474865e-12,5.923676912271839,1.0725401760833848,0.0
256,8500,9.32717468553109,1.4100728295684261e-12,2.3804013123119026e-13,2.405098728853386e-12,1.460596825694963e-13,0.0,0.0,7.11787491886489e-13,1.4109001719258934e-13,4.100914272837808e-12,5.9236769122718425,1.0725401760833821,0.0
256,8504,9.331563944206634,1.3922484197930804e-12,2.350311200985238e-13,2.3746917916055862e-12,1.4421309409100936e-13,0.0,0.0,7.027884198849743e-13,1.3930622745494453e-13,4.048108339842162e-12,5.923676912271846,1.0725401760833795,0.0
256,8508,9.335953202882179,1.3746969528539896e-12,2.3206818555651174e-13,2.3447477356204845e-12,1.423946160137654e-13,5.684341886080802e-14,4.1928089505161676e-16,6.939262466186501e-13,1.3754957368852966e-13,3.99687632762071e-12,5.92367691227185,1.0725401760833768,0.0
256,8512,9.340342461557723,1.3574293391709432e-12,2.291531694375075e-13,2.3152979482698436e-12,1.406061544672307e-13,5.684341886080802e-14,4.1928089505161676e-16,6.85210695956019e-13,1.3582198335173626e-13,3.948893144089756e-12,5.923676912271854,1.0725401760833748,0.0
256,8516,9.344731720233266,1.340420650728295e-12,2.2628186354177048e-13,2.286281627466924e-12,1.3884401699030907e-13,5.684341886080802e-14,4.1928089505161676e-16,6.766231514256876e-13,1.341197663006676e-13,3.899263318094381e-12,5.9236769122718576,1.072540176083373,0.0
256,8520,9.349120978908811,1.3236327274456853e-12,2.234478259108811e-13,2.2576507322137696e-12,1.3710528609240958e-13,0.0,0.0,6.681499753806402e-13,1.3244021929050153e-13,3.850394620970688e-12,5.923676912271859,1.0725401760833713,0.0
256,8524,9.353510237584354,1.307046993392011e-12,2.2064792066633384e-13,2.2293688138486824e-12,1.3538774827605956e-13,0.0,0.0,6.597802187388739e-13,1.307811720018862e-13,3.80057410741656e-12,5.923676912271863,1.0725401760833695,0.0
256,8528,9.357899496259899,1.2906982535558771e-12,2.1788802337985892e-13,2.201488733794953e-12,1.3369461377234575e-13,-1.1368683772161603e-13,-8.385617901032335e-16,6.515293044980939e-13,1.2914568157060465e-13,3.756725097314284e-12,5.923676912271866,1.0725401760833677,0.0
256,8532,9.362288754935443,1.274536872170746e-12,2.1515975483576437e-13,2.173931788970626e-12,1.3202110300734477e-13,0.0,0.0,6.433741432761706e-13,1.2752917123553263e-13,3.710350537488574e-12,5.923676912271869,1.072540176083366,0.0
256,8536,9.366678013610986,1.258511073389983e-12,2.1245437454273012e-13,2.1466080614330565e-12,1.30361755337798e-13,-1.1368683772161603e-13,-8.385617901032335e-16,6.352880692590971e-13,1.2592635531772862e-13,3.661129438241815e-12,5.923676912271873,1.0725401760833642,0.0
256,8540,9.371067272286531,1.2427012237056076e-12,2.097854494952445e-13,2.1196496941283016e-12,1.287245956969538e-13,5.684341886080802e-14,4.1928089505161676e-16,6.273100221629585e-13,1.243449524203917e-13,3.6162304400428357e-12,5.923676912271875,1.0725401760833624,0.0
256,8544,9.375456530962076,1.2270839775389642e-12,2.071490386311933e-13,2.093027635740055e-12,1.2710785982208698e-13,5.684341886080802e-14,4.1928089505161676e-16,6.194317706695543e-13,1.2278333093740392e-13,3.569558093997328e-12,5.923676912271878,1.0725401760833606,0.0
256,8548,9.379845789637619,1.2116391860700731e-12,2.0454174054630043e-13,2.0666977631399676e-12,1.2550886815162966e-13,5.684341886080802e-14,4.1928089505161676e-16,6.116399245989715e-13,1.2123883667669855e-13,3.5252844199788996e-12,5.9236769122718815,1.0725401760833588,0.0
256,8552,9.384235048313164,1.196423667836322e-12,2.0197314700902817e-13,2.0407610038213503e-12,1.2393374992986555e-13,5.684341886080802e-14,4.1928089505161676e-16,6.03964489981989e-13,1.1971741741264193e-13,3.4822387798075358e-12,5.923676912271883,1.072540176083357,0.0
256,8556,9.388624306988707,1.181431405173374e-12,1.9944224215297696e-13,2.0152036076863616e-12,1.2238167012457666e-13,5.684341886080802e-14,4.1928089505161676e-16,5.964012788708486e-13,1.1821824301316801e-13,3.436796914818048e-12,5.923676912271887,1.0725401760833553,0.0
256,8560,9.393013565664251,1.1666028331702993e-12,1.969389705831933e-13,1.989917081122283e-12,1.2084604000722376e-13,-5.684341886080802e-14,-4.1928089505161676e-16,5.889179479995242e-13,1.1673490241877979e-13,3.3973980697362363e-12,5.9236769122718895,1.0725401760833535,0.0
256,8564,9.397402824339796,1.1519686976510325e-12,1.9446852262730475e-13,1.9649637098536645e-12,1.1933064213901615e-13,-5.684341886080802e-14,-4.1928089505161676e-16,5.815332657324684e-13,1.1527111588150966e-13,3.3511434201778724e-12,5.923676912271892,1.0725401760833517,0.0
256,8568,9.401792083015339,1.137623624058357e-12,1.9204687239129057e-13,1.9405070341985898e-12,1.1784540818997643e-13,5.684341886080802e-14,4.1928089505161676e-16,5.742957046027308e-13,1.1383649159284637e-13,3.3110207854349785e-12,5.923676912271895,1.07254017608335,0.0
256,8572,9.406181341690884,1.123469658149367e-12,1.8965748382087967e-13,1.9163699476037404e-12,1.1637958262369006e-13,-5.684341886080802e-14,-4.1928089505161676e-16,5.671525087557128e-13,1.1242057232430923e-13,3.2698349826481653e-12,5.9236769122718975,1.0725401760833482,0.0
256,8576,9.410570600366427,1.1095115711642967e-12,1.873011623685477e-13,1.8925705378602163e-12,1.1493426389694585e-13,-5.684341886080802e-14,-4.1928089505161676e-16,5.60109369796659e-13,1.1102448626189613e-13,3.2293618343255265e-12,5.9236769122719,1.0725401760833464,0.0
256,8580,9.414959859041971,1.0957480403533267e-12,1.8497768473551608e-13,1.8691013411049324e-12,1.1350899873543123e-13,-5.684341886080802e-14,-4.1928089505161676e-16,5.531639016103688e-13,1.0964776043152632e-13,3.188805154339387e-12,5.923676912271903,1.0725401760833446,0.0
256,8584,9.419349117717516,1.0821139219044367e-12,1.826760537298405e-13,1.8458589295926095e-12,1.1209750605660139e-13,-5.684341886080802e-14,-4.1928089505161676e-16,5.46285756299251e-13,1.0828437929423389e-13,3.1476908179890348e-12,5.923676912271905,1.0725401760833428,0.0
256,8588,9.42373837639306,1.0686356607287453e-12,1.8040073362455787e-13,1.822881869522993e-12,1.1070212795428607e-13,0.0,0.0,5.394861249972787e-13,1.0693656114874231e-13,3.109565744371079e-12,5.923676912271907,1.072540176083341,0.0
256,8592,9.428127635068604,1.0552876280947445e-12,1.7814739792923194e-13,1.8001221868374088e-12,1.0931995100306224e-13,0.0,0.0,5.327506648632554e-13,1.0560146296713379e-13,3.069851025617834e-12,5.923676912271909,1.0725401760833393,0.0
256,8596,9.432516893744147,1.0421101972157153e-12,1.7592286221025486e-13,1.7776562511322293e-12,1.0795561306617863e-13,0.0,0.0,5.261022328399114e-13,1.0428361543655797e-13,3.032295617029924e-12,5.923676912271913,1.0725401760833375,0.0
256,8600,9.436906152419692,1.0291055044225115e-12,1.737274871103297e-13,1.7554865022746847e-12,1.0660926231478051e-13,0.0,0.0,5.19541510039553e-13,1.0298315356661828e-13,2.9925488949353185e-12,5.923676912271914,1.0725401760833357,0.0
256,8604,9.441295411095236,1.0162326797771348e-12,1.7155437320894388e-13,1.7335414021449447e-12,1.0527655429724571e-13,0.0,0.0,5.130472626023124e-13,1.0169586839651117e-13,2.957453152975659e-12,5.923676912271917,1.072540176083334,0.0
256,8608,9.44568466977078,1.0034981306362246e-12,1.6940460215804002e-13,1.7118329406178914e-12,1.0395821714888875e-13,0.0,0.0,5.066230750263532e-13,1.0042247044294748e-13,2.9199700548887486e-12,5.92367691227192,1.0725401760833322,0.0
256,8612,9.450073928446324,9.909693915767875e-13,1.6728957474432656e-13,1.6904743123101088e-12,1.0266112508637628e-13,1.1368683772161603e-13,8.385617901032335e-16,5.003023792765108e-13,9.916958656653819e-14,2.8830186863843345e-12,5.9236769122719215,1.0725401760833304,0.0
256,8616,9.454463187121867,9.786116144882152e-13,1.6520340811647238e-13,1.6694064548207672e-12,1.0138169129831734e-13,0.0,0.0,4.940677086808247e-13,9.793375453582338e-14,2.847943217392894e-12,5.923676912271924,1.0725401760833286,0.0
256,8620,9.458852445797412,9.664082943295012e-13,1.6314331599135455e-13,1.6485909740143966e-12,1.0011758414020522e-13,-5.684341886080802e-14,-4.1928089505161676e-16,4.8790735206485e-13,9.67126529700221e-14,2.811779466027853e-12,5.923676912271927,1.0725401760833269,0.0
256,8624,9.463241704472956,9.543377630382194e-13,1.611056404951986e-13,1.6280155461511694e-12,9.88680552013798e-14,-5.684341886080802e-14,-4.1928089505161676e-16,4.818185003276377e-13,9.550572505111537e-14,2.775696154086354e-12,5.923676912271929,1.072540176083325,0.0
256,8628,9.4676309631485,9.423415071210473e-13,1.5908050372713493e-13,1.607568458566667e-12,9.762632026291974e-14,0.0,0.0,4.757676870157804e-13,9.430633708219157e-14,2.7450932946977426e-12,5.92367691227193,1.0725401760833233,0.0
256,8632,9.472020221824044,9.30549684750022e-13,1.570898782177328e-13,1.5874647119460027e-12,9.640543614093125e-14,0.0,0.0,4.698183031578885e-13,9.312705438846148e-14,2.7082455783321252e-12,5.923676912271933,1.0725401760833215,0.0
256,8636,9.476409480499589,9.188872506423287e-13,1.5512109526747901e-13,1.5675842291218534e-12,9.519811064705936e-14,-5.684341886080802e-14,-4.1928089505161676e-16,4.639350815785562e-13,9.196088633516254e-14,2.6751238551956404e-12,5.923676912271935,1.0725401760833198,0.0
256,8640,9.480798739175132,9.073700114277317e-13,1.5317682325785327e-13,1.5479354778927182e-12,9.400485802379483e-14,-5.684341886080802e-14,-4.1928089505161676e-16,4.581198991900815e-13,9.080820496253344e-14,2.6420294712288738e-12,5.9236769122719375,1.072540176083318,0.0
256,8644,9.485187997850677,8.959763256239333e-13,1.5125340880218062e-13,1.5285108683267445e-12,9.282521734077176e-14,0.0,0.0,4.5237150732726727e-13,8.966876276103499e-14,2.606899129752607e-12,5.92367691227194,1.0725401760833162,0.0
256,8648,9.48957725652622,8.846968556200121e-13,1.4934927558037146e-13,1.5092785939855241e-12,9.165725701894858e-14,5.684341886080802e-14,4.1928089505161676e-16,4.4667995266550273e-13,8.854058678964692e-14,2.576307628324056e-12,5.923676912271942,1.0725401760833144,0.0
256,8652,9.493966515201764,8.736085975328377e-13,1.4747742162017275e-13,1.4903737554139036e-12,9.050918160413397e-14,5.684341886080802e-14,4.1928089505161676e-16,4.410853464397811e-13,8.74316278692242e-14,2.544549111478713e-12,5.923676912271944,1.0725401760833126,0.0
256,8656,9.498355773877309,8.626276100748842e-13,1.456236764513226e-13,1.471650284896344e-12,8.937212052319537e-14,5.684341886080802e-14,4.1928089505161676e-16,4.355443615887611e-13,8.633329774006963e-14,2.5120246839503926e-12,5.923676912271946,1.0725401760833109,0.0
256,8660,9.502745032552852,8.518098869677395e-13,1.437974926017724e-13,1.4532164929258986e-12,8.825265138396424e-14,0.0,0.0,4.300894881277082e-13,8.525203655021146e-14,2.480467308676005e-12,5.923676912271948,1.072540176083309,0.0
256,8664,9.507134291228397,8.411578680228477e-13,1.4199928194601838e-13,1.4350587281139093e-12,8.714994514875072e-14,5.684341886080802e-14,4.1928089505161676e-16,4.247160799635197e-13,8.418692335433493e-14,2.448006929007834e-12,5.923676912271951,1.0725401760833073,0.0
256,8668,9.51152354990394,8.307124288017339e-13,1.4023594485390352e-13,1.4172548550310183e-12,8.606873046937064e-14,0.0,0.0,4.1944745814751925e-13,8.314258083486945e-14,2.418068162516006e-12,5.923676912271953,1.072540176083306,0.0
256,8672,9.515912808579484,8.204145847891816e-13,1.3849752390943605e-13,1.399701284136263e-12,8.50027164375594e-14,0.0,0.0,4.1425286396823495e-13,8.21129120216099e-14,2.3894634078178174e-12,5.923676912271954,1.0725401760833049,0.0
256,8676,9.52030206725503,8.102664263669381e-13,1.367843719984634e-13,1.382409724949737e-12,8.395261416291402e-14,0.0,0.0,4.091360398857999e-13,8.109865874237787e-14,2.361995899625642e-12,5.923676912271957,1.072540176083304,0.0
256,8680,9.524691325930572,8.002095258340409e-13,1.3508662570307343e-13,1.3652767385843356e-12,8.291214188625573e-14,0.0,0.0,4.0406624458686587e-13,8.009372747561211e-14,2.3318276408234994e-12,5.923676912271959,1.072540176083303,0.0
256,8684,9.529080584606117,7.903558485015143e-13,1.334231863429502e-13,1.3484905822717324e-12,8.189273231559347e-14,5.684341886080802e-14,4.1928089505161676e-16,3.9909910025696254e-13,7.910914361189918e-14,2.2996149440427456e-12,5.923676912271961,1.0725401760833022,0.0
256,8688,9.53346984328166,7.807080880614164e-13,1.3179450865120936e-13,1.3320502852504233e-12,8.089432649737351e-14,5.684341886080802e-14,4.1928089505161676e-16,3.942341302992557e-13,7.814481268054903e-14,2.273610523590388e-12,5.923676912271962,1.0725401760833013,0.0
256,8692,9.537859101957205,7.712189448510611e-13,1.3019260777935448e-13,1.3158850318419228e-12,7.991262385324685e-14,5.684341886080802e-14,4.1928089505161676e-16,3.894507122864661e-13,7.719664691849677e-14,2.248324601971335e-12,5.923676912271964,1.0725401760833004,0.0
256,8696,9.54224836063275,7.618969716483714e-13,1.2861892755662367e-13,1.3000014009653682e-12,7.894802391560244e-14,5.684341886080802e-14,4.1928089505161676e-16,3.8475052081899954e-13,7.626497826385978e-14,2.2184033189905997e-12,5.923676912271966,1.0725401760832995,0.0
256,8700,9.546637619308292,7.526437386945965e-13,1.2705685165498142e-13,1.2842388489976557e-12,7.799077700125774e-14,0.0,0.0,3.8008629289219076e-13,7.534043827701697e-14,2.191694389948987e-12,5.923676912271968,1.0725401760832987,0.0
256,8704,9.551026877983837,7.434661058793204e-13,1.255075381202978e-13,1.2686103646917004e-12,7.704167190657481e-14,5.684341886080802e-14,4.1928089505161676e-16,3.754619163217334e-13,7.442379759806714e-14,2.164821829315302e-12,5.923676912271969,1.0725401760832978,0.0
256,8708,9.55541613665938,7.343993152008734e-13,1.2397693629769277e-13,1.2531700908257613e-12,7.610399667828166e-14,0.0,0.0,3.7089321164235687e-13,7.351819216230332e-14,2.1387017819659206e-12,5.92367691227197,1.0725401760832969,0.0
256,8712,9.559805395334925,7.254422691452879e-13,1.2246486091136825e-13,1.2379052356589452e-12,7.51769744843955e-14,1.1368683772161603e-13,8.385617901032335e-16,3.6637602176922577e-13,7.26227979552864e-14,2.1136279542893986e-12,5.923676912271972,1.072540176083296,0.0
256,8716,9.56419465401047,7.165477193779079e-13,1.2096333577772144e-13,1.2227577148609767e-12,7.425707791095175e-14,1.1368683772161603e-13,8.385617901032335e-16,3.6189392208305665e-13,7.173435930050691e-14,2.0888711431098662e-12,5.923676912271974,1.072540176083295,0.0
256,8720,9.568583912686012,7.077630129961657e-13,1.1948035375290118e-13,1.2077987703143373e-12,7.334863341932024e-14,5.684341886080802e-14,4.1928089505161676e-16,3.574676729269553e-13,7.085699129860809e-14,2.0626390495498664e-12,5.923676912271976,1.0725401760832942,0.0
256,8724,9.572973171361557,6.990994181783269e-13,1.1801781706392507e-13,1.1930463091358433e-12,7.245272849408794e-14,5.684341886080802e-14,4.1928089505161676e-16,3.5310252926202294e-13,6.99917355842921e-14,2.0376570197145945e-12,5.9236769122719775,1.0725401760832933,0.0
256,8728,9.577362430037102,6.905251878180785e-13,1.1657036635261345e-13,1.1784470073323422e-12,7.156612481267806e-14,5.684341886080802e-14,4.1928089505161676e-16,3.4878273796094147e-13,6.913546958371566e-14,2.01326262480984e-12,5.923676912271979,1.0725401760832924,0.0
256,8732,9.581751688712645,6.820289271166845e-13,1.1513607801663208e-13,1.1639796611781527e-12,7.068753469013813e-14,0.0,0.0,3.4450196366588534e-13,6.8286937506696e-14,1.987341863554565e-12,5.923676912271981,1.0725401760832916,0.0
256,8736,9.58614094738819,6.736745313442002e-13,1.1372573847647646e-13,1.149748382362931e-12,6.982328074439668e-14,0.0,0.0,3.402908525156429e-13,6.745221400935984e-14,1.963936343355989e-12,5.923676912271982,1.0725401760832907,0.0
256,8740,9.590530206063733,6.654098586803058e-13,1.1233054545931977e-13,1.1356787170139851e-12,6.896884145254034e-14,0.0,0.0,3.3612786238290677e-13,6.662702902634811e-14,1.9409709473308018e-12,5.923676912271984,1.0725401760832898,0.0
256,8744,9.594919464739277,6.57314886123345e-13,1.1096400020763828e-13,1.1219001976031065e-12,6.813208321584623e-14,0.0,0.0,3.3205109433729355e-13,6.58189349249453e-14,1.9191288918492323e-12,5.9236769122719855,1.0725401760832889,0.0
256,8748,9.599308723414822,6.49333193973209e-13,1.0961657828231342e-13,1.108304474032491e-12,6.730642602131875e-14,0.0,0.0,3.280280702251633e-13,6.502149390832629e-14,1.8937423626863165e-12,5.923676912271986,1.072540176083288,0.0
256,8752,9.603697982090365,6.414129971362307e-13,1.0827953763099601e-13,1.0948242047858659e-12,6.648778027364415e-14,0.0,0.0,3.2403957391125503e-13,6.423089696764328e-14,1.869443652471915e-12,5.923676912271988,1.0725401760832871,0.0
256,8756,9.60808724076591,6.335615113181388e-13,1.0695409636632711e-13,1.0814581476836193e-12,6.567607053626858e-14,0.0,0.0,3.2008477707027193e-13,6.344697991283714e-14,1.8477833503255658e-12,5.92367691227199,1.0725401760832862,0.0
256,8760,9.612476499441453,6.258000072856245e-13,1.0564384529297185e-13,1.0682491790535614e-12,6.487390065358086e-14,0.0,0.0,3.1617659316855814e-13,6.267230244214546e-14,1.825096219287024e-12,5.923676912271992,1.0725401760832853,0.0
256,8764,9.616865758116997,6.181083165109566e-13,1.043453796797084e-13,1.0551579962853829e-12,6.407888381013885e-14,5.684341886080802e-14,4.1928089505161676e-16,3.123032239596697e-13,6.190452591543675e-14,1.805487679063453e-12,5.923676912271993,1.0725401760832844,0.0
256,8768,9.621255016792542,6.105648120013545e-13,1.0307192999274554e-13,1.042311309357802e-12,6.329871499951929e-14,0.0,0.0,3.085019323403098e-13,6.115103655794876e-14,1.7821160732629252e-12,5.923676912271994,1.0725401760832836,0.0
256,8772,9.625644275468085,6.031046209188918e-13,1.0181254478437817e-13,1.0296098506329194e-12,6.252736577910273e-14,0.0,0.0,3.04743727085676e-13,6.040608774944382e-14,1.7614356654489798e-12,5.923676912271996,1.0725401760832827,0.0
256,8776,9.63003353414363,5.95707110835127e-13,1.0056374101041824e-13,1.0170092391867767e-12,6.176214093160444e-14,0.0,0.0,3.0101516132221714e-13,5.966701406008204e-14,1.7383944423902435e-12,5.923676912271998,1.0725401760832818,0.0
256,8780,9.634422792819173,5.883747448590508e-13,9.932593447831558e-14,1.0045247570374975e-12,6.100396852151067e-14,0.0,0.0,2.9732113441727864e-13,5.893478663902084e-14,1.7173234687723652e-12,5.923676912271999,1.072540176083281,0.0
256,8784,9.638812051494718,5.811574679996431e-13,9.8107556608237e-14,9.922441297883755e-13,6.025817605310076e-14,0.0,0.0,2.9368769490775535e-13,5.821456880896571e-14,1.696246890598503e-12,5.923676912272,1.07254017608328,0.0
256,8788,9.643201310170262,5.740375702428335e-13,9.690561770065423e-14,9.801236497478425e-13,5.952210919394354e-14,0.0,0.0,2.9010144864487275e-13,5.7503705591145e-14,1.6768548752658251e-12,5.923676912272001,1.0725401760832791,0.0
256,8792,9.647590568845805,5.670071776758954e-13,9.571878852832492e-14,9.6815988521437e-13,5.879555953960637e-14,0.0,0.0,2.8656171985265713e-13,5.6802063033719376e-14,1.6566898508017529e-12,5.923676912272002,1.0725401760832782,0.0
256,8796,9.65197982752135,5.601044581130092e-13,9.455351235524639e-14,9.564150220544533e-13,5.808230358700045e-14,5.684341886080802e-14,4.1928089505161676e-16,2.8308681330708315e-13,5.611326949653839e-14,1.6353703188428873e-12,5.923676912272003,1.0725401760832773,0.0
256,8800,9.656369086196893,5.532874045911538e-13,9.340269781508595e-14,9.448104440057797e-13,5.73775670346884e-14,5.684341886080802e-14,4.1928089505161676e-16,2.796532258117146e-13,5.5432666192496263e-14,1.6146328398473758e-12,5.923676912272006,1.0725401760832765,0.0
256,8804,9.660758344872438,5.465829815591999e-13,9.227089688616219e-14,9.334000212981513e-13,5.668462137775294e-14,5.684341886080802e-14,4.1928089505161676e-16,2.7627716796560704e-13,5.476346637516306e-14,1.5973241878483833e-12,5.923676912272007,1.0725401760832756,0.0
256,8808,9.665147603547982,5.399517129753774e-13,9.115144545725585e-14,9.221118320395892e-13,5.599909885840255e-14,5.684341886080802e-14,4.1928089505161676e-16,2.7293719857077286e-13,5.4101419985318624e-14,1.5767053183238525e-12,5.923676912272008,1.0725401760832747,0.0
256,8812,9.669536862223525,5.333829595639399e-13,9.004254746894237e-14,9.109391026090834e-13,5.532058812016249e-14,5.684341886080802e-14,4.1928089505161676e-16,2.696316994336553e-13,5.344620626577158e-14,1.5596875301725558e-12,5.9236769122720085,1.0725401760832738,0.0
256,8816,9.67392612089907,5.268324470283773e-13,8.893672879709822e-14,8.997546047607833e-13,5.464136269551611e-14,5.684341886080802e-14,4.1928089505161676e-16,2.6632126038301585e-13,5.279001336003249e-14,1.540355867581553e-12,5.92367691227201,1.072540176083273,0.0
256,8820,9.678315379574615,5.203269595204011e-13,8.783851098334494e-14,8.886757283273047e-13,5.396855157317519e-14,5.684341886080802e-14,4.1928089505161676e-16,2.630430592938542e-13,5.2140210640396695e-14,1.5229425945256168e-12,5.923676912272012,1.072540176083272,0.0
256,8824,9.682704638250158,5.139200389574056e-13,8.675693265659282e-14,8.77751624779483e-13,5.330513968184222e-14,5.684341886080802e-14,4.1928089505161676e-16,2.598102095893803e-13,5.14993974404114e-14,1.5019752703948393e-12,5.923676912272013,1.0725401760832711,0.0
256,8828,9.687093896925703,5.076347215874482e-13,8.569588265959923e-14,8.670383708419167e-13,5.2654532515227764e-14,5.684341886080802e-14,4.1928089505161676e-16,2.5663987744256704e-13,5.087097642683811e-14,1.4854893048905991e-12,5.923676912272014,1.0725401760832702,0.0
256,8832,9.691483155601246,5.015007322449063e-13,8.466037896259068e-14,8.565826220747532e-13,5.2019563427415566e-14,5.684341886080802e-14,4.1928089505161676e-16,2.535457331134941e-13,5.0257657309037614e-14,1.4661751181833689e-12,5.923676912272016,1.0725401760832693,0.0
256,8836,9.69587241427679,4.953796206010314e-13,8.362704920228696e-14,8.461676707473074e-13,5.13870719348153e-14,5.684341886080802e-14,4.1928089505161676e-16,2.504643025310609e-13,4.9646858301175014e-14,1.450559413135211e-12,5.9236769122720165,1.0725401760832685,0.0
256,8840,9.700261672952335,4.893027802504348e-13,8.260119305911898e-14,8.357873726534918e-13,5.0756684904806646e-14,5.684341886080802e-14,4.1928089505161676e-16,2.4739173947334407e-13,4.903781700783951e-14,1.4320691242889353e-12,5.923676912272018,1.0725401760832676,0.0
256,8844,9.704650931627878,4.833395244326161e-13,8.159451158304714e-14,8.25625988463146e-13,5.0139592337460703e-14,5.684341886080802e-14,4.1928089505161676e-16,2.4438481918854256e-13,4.844178737889087e-14,1.4131692110078004e-12,5.923676912272019,1.0725401760832667,0.0
256,8848,9.709040190303423,4.774779273196616e-13,8.060499152654121e-14,8.156452890740363e-13,4.953347261060446e-14,5.684341886080802e-14,4.1928089505161676e-16,2.4143162007980187e-13,4.7856406323765764e-14,1.3960466564313373e-12,5.92367691227202,1.0725401760832658,0.0
256,8852,9.713429448978966,4.717001926555869e-13,7.962962863122446e-14,8.057896353228398e-13,4.893494680326643e-14,5.684341886080802e-14,4.1928089505161676e-16,2.385148168526105e-13,4.7278239634743e-14,1.3785690495431577e-12,5.923676912272021,1.072540176083265,0.0
256,8856,9.71781870765451,4.65952240520895e-13,7.865929344586284e-14,7.960058300560419e-13,4.834078429573746e-14,5.684341886080802e-14,4.1928089505161676e-16,2.3561999214449404e-13,4.670442951234931e-14,1.3614277528546087e-12,5.923676912272022,1.072540176083264,0.0
256,8860,9.722207966330055,4.602852615498369e-13,7.770262766969301e-14,7.863558157391178e-13,4.7754746803383464e-14,5.684341886080802e-14,4.1928089505161676e-16,2.3276461595377986e-13,4.613843884739475e-14,1.3459146222123386e-12,5.923676912272023,1.0725401760832631,0.0
256,8864,9.726597225005598,4.546708764491772e-13,7.675484047876294e-14,7.768134564575641e-13,4.717524711345087e-14,5.684341886080802e-14,4.1928089505161676e-16,2.2994170974295755e-13,4.557888435907072e-14,1.3313900909700034e-12,5.923676912272024,1.0725401760832622,0.0
256,8868,9.730986483681143,4.4909619374496295e-13,7.581375561090576e-14,7.673003107723914e-13,4.659752154138002e-14,5.684341886080802e-14,4.1928089505161676e-16,2.2712614146068429e-13,4.502078438979478e-14,1.3146738921588342e-12,5.923676912272025,1.0725401760832614,0.0
256,8872,9.735375742356686,4.436248852110927e-13,7.489012175732146e-14,7.580037906769367e-13,4.603295146454562e-14,-5.684341886080802e-14,-4.1928089505161676e-16,2.243760521926579e-13,4.447566362477736e-14,1.2987456008017242e-12,5.923676912272025,1.0725401760832605,0.0
256,8876,9.73976500103223,4.3819852187835996e-13,7.397407528600043e-14,7.487907576117563e-13,4.5473451486911e-14,5.684341886080802e-14,4.1928089505161676e-16,2.2165090252252568e-13,4.393548636935482e-14,1.2846617121900454e-12,5.923676912272027,1.0725401760832596,0.0
256,8880,9.744154259707775,4.32852848158876e-13,7.307165035657706e-14,7.397240196849609e-13,4.4922835893612716e-14,5.684341886080802e-14,4.1928089505161676e-16,2.1896934289984594e-13,4.340394950255192e-14,1.2687867825414422e-12,5.923676912272027,1.0725401760832587,0.0
256,8884,9.748543518383318,4.2758926805926736e-13,7.218308398512219e-14,7.307906009903995e-13,4.4380316668462205e-14,-5.684341886080802e-14,-4.1928089505161676e-16,2.1632701118078898e-13,4.288018836327958e-14,1.2552100376668628e-12,5.923676912272029,1.0725401760832578,0.0
256,8888,9.752932777058863,4.223715946832987e-13,7.130226731445617e-14,7.219178161163233e-13,4.384147968573558e-14,5.684341886080802e-14,4.1928089505161676e-16,2.137020240447365e-13,4.2359865255079986e-14,1.2389270586951487e-12,5.923676912272029,1.072540176083257,0.0
256,8892,9.757322035734406,4.1725774710017836e-13,7.043897789829542e-14,7.132272343054222e-13,4.331370774630688e-14,5.684341886080802e-14,4.1928089505161676e-16,2.1113113323231974e-13,4.1850265082193e-14,1.2260750846439919e-12,5.92367691227203,1.072540176083256,0.0
256,8896,9.76171129440995,4.122237309717521e-13,6.95891651547953e-14,7.046844146140658e-13,4.279490927978288e-14,5.684341886080802e-14,4.1928089505161676e-16,2.086043660423772e-13,4.134941106279206e-14,1.2100717197180478e-12,5.923676912272031,1.0725401760832551,0.0
256,8900,9.766100553085495,4.072710245401247e-13,6.875307863201976e-14,6.962616420944454e-13,4.228340118000631e-14,-5.684341886080802e-14,-4.1928089505161676e-16,2.0611249394081477e-13,4.0855473923324534e-14,1.1955530207002653e-12,5.9236769122720325,1.0725401760832542,0.0
256,8904,9.770489811761038,4.0237755275565234e-13,6.79269917510262e-14,6.879255586212925e-13,4.1777157635259186e-14,-1.1368683772161603e-13,-8.385617901032335e-16,2.0364579047962464e-13,4.03665256940912e-14,1.1807552480205776e-12,5.9236769122720325,1.0725401760832534,0.0
256,8908,9.774879070436583,3.9760262254911013e-13,6.712091635608865e-14,6.797975947013248e-13,4.128355302109319e-14,5.684341886080802e-14,4.1928089505161676e-16,2.0124088103474739e-13,3.9889826231411596e-14,1.1676517066043721e-12,5.923676912272033,1.0725401760832525,0.0
256,8912,9.779268329112128,3.928660564763146e-13,6.632131736665309e-14,6.717252239070657e-13,4.079332453207193e-14,-5.684341886080802e-14,-4.1928089505161676e-16,1.9885209026337023e-13,3.941632180088298e-14,1.1537993508896051e-12,5.923676912272034,1.0725401760832516,0.0
256,8916,9.78365758778767,3.881694484508028e-13,6.552846385774855e-14,6.63739049736558e-13,4.0308330693650517e-14,0.0,0.0,1.9648942151372356e-13,3.894799525917241e-14,1.1425861580484652e-12,5.923676912272035,1.0725401760832507,0.0
256,8920,9.788046846463216,3.835243138642218e-13,6.474429978948924e-14,6.558200250616442e-13,3.982741478928373e-14,0.0,0.0,1.941459249715066e-13,3.848346901896574e-14,1.1287211885946422e-12,5.923676912272036,1.0725401760832498,0.0
256,8924,9.792436105138759,3.789466108461156e-13,6.397151911864905e-14,6.480604172263259e-13,3.935618013945683e-14,0.0,0.0,1.918511142029193e-13,3.8028593238645965e-14,1.1128214120028524e-12,5.923676912272037,1.072540176083249,0.0
256,8928,9.796825363814303,3.7441424816795463e-13,6.320639253506188e-14,6.403770908277261e-13,3.8889577999014825e-14,0.0,0.0,1.895788428723193e-13,3.757818520990849e-14,1.101013354873259e-12,5.923676912272038,1.072540176083248,0.0
256,8932,9.801214622489848,3.699869907296367e-13,6.245900919463256e-14,6.328651336375365e-13,3.8433382970714344e-14,0.0,0.0,1.8735701980248322e-13,3.713777700002096e-14,1.0888693754272e-12,5.923676912272038,1.0725401760832471,0.0
256,8936,9.805603881165391,3.655753271299609e-13,6.171425831354786e-14,6.253742861314738e-13,3.797846991629947e-14,0.0,0.0,1.8514125778243332e-13,3.6698570207169114e-14,1.0770006318216579e-12,5.923676912272039,1.0725401760832463,0.0
256,8940,9.809993139840936,3.612291846409991e-13,6.098056831773498e-14,6.179771320307763e-13,3.752924678591238e-14,0.0,0.0,1.829526115219498e-13,3.6264738281151845e-14,1.0630230924561983e-12,5.92367691227204,1.0725401760832454,0.0
256,8944,9.814382398516479,3.56945305938094e-13,6.025738932496612e-14,6.10716440515099e-13,3.70883109169219e-14,0.0,0.0,1.8080537741060645e-13,3.5839115042278947e-14,1.0519194277517945e-12,5.9236769122720405,1.0725401760832445,0.0
256,8948,9.818771657192023,3.5271379165443237e-13,5.954305018285403e-14,6.03550239240341e-13,3.665311336313197e-14,0.0,0.0,1.7868628279799742e-13,3.541906959510015e-14,1.039262306373105e-12,5.923676912272041,1.0725401760832436,0.0
256,8952,9.823160915867568,3.485789492599195e-13,5.884503061565807e-14,5.965341714615192e-13,3.622703329399928e-14,0.0,0.0,1.7661111956725279e-13,3.500773219560862e-14,1.0265486959548909e-12,5.923676912272042,1.0725401760832427,0.0
256,8956,9.827550174543111,3.4444598410171704e-13,5.814732795236119e-14,5.895264990962623e-13,3.5801463071479385e-14,-5.684341886080802e-14,-4.1928089505161676e-16,1.7453861677255963e-13,3.4596922145884424e-14,1.015533127235588e-12,5.923676912272042,1.0725401760832418,0.0
256,8960,9.831939433218656,3.4040221580757474e-13,5.746468297458315e-14,5.826739986045388e-13,3.5385316310175493e-14,0.0,0.0,1.7251213954447918e-13,3.419523525167885e-14,1.0037532880920292e-12,5.923676912272043,1.072540176083241,0.0
256,8964,9.836328691894199,3.3647530409302615e-13,5.680176503143653e-14,5.760015611612381e-13,3.498010463082047e-14,-5.684341886080802e-14,-4.1928089505161676e-16,1.7053829910894554e-13,3.3803981985557555e-14,9.925268170134391e-13,5.923676912272044,1.072540176083241,0.0
256,8968,9.840717950569744,3.3257838524454283e-13,5.6143910306036156e-14,5.69397755999041e-13,3.457906093387371e-14,0.0,0.0,1.6858536234846256e-13,3.341687223123706e-14,9.808721613757716e-13,5.923676912272044,1.0725401760832407,0.0
256,8972,9.845107209245288,3.2867892831373295e-13,5.548562711663206e-14,5.628013969080122e-13,3.4178469430750925e-14,1.1368683772161603e-13,8.385617901032335e-16,1.6663502788489658e-13,3.303027830238546e-14,9.716721026794246e-13,5.923676912272046,1.0725401760832405,0.0
256,8976,9.849496467920831,3.24738876583897e-13,5.482049095404471e-14,5.561280419802738e-13,3.3773202033314917e-14,-5.684341886080802e-14,-4.1928089505161676e-16,1.6466164339457595e-13,3.2639115413404364e-14,9.588034759757473e-13,5.923676912272046,1.0725401760832398,0.0
256,8980,9.853885726596376,3.209273337504492e-13,5.417704890109422e-14,5.496820863051333e-13,3.338174440686774e-14,0.0,0.0,1.6275583525094766e-13,3.2261347460447455e-14,9.48505389928697e-13,5.923676912272046,1.0725401760832396,0.0
256,8984,9.858274985271919,3.171506113665281e-13,5.35394850298951e-14,5.432704870309435e-13,3.2992373216605865e-14,0.0,0.0,1.6085934661600943e-13,3.188542681396375e-14,9.376368736485489e-13,5.923676912272047,1.0725401760832391,0.0
256,8988,9.862664243947464,3.134695639667051e-13,5.291807244201459e-14,5.370310225218441e-13,3.261345563011778e-14,0.0,0.0,1.5901410391296614e-13,3.151966410014186e-14,9.280190899024227e-13,5.923676912272048,1.072540176083239,0.0
256,8992,9.867053502623008,3.097750498714678e-13,5.2294386486492044e-14,5.307564696449283e-13,3.2232407155694127e-14,0.0,0.0,1.5715806620951875e-13,3.1151761608914535e-14,9.166027452110351e-13,5.923676912272048,1.0725401760832385,0.0
256,8996,9.871442761298551,3.0621595152087765e-13,5.1693560613761415e-14,5.247285008989217e-13,3.1866333534258924e-14,0.0,0.0,1.553755332873361e-13,3.0798429183852457e-14,9.060987294681593e-13,5.9236769122720485,1.0725401760832385,0.0
256,9000,9.875832019974096,3.026299014588988e-13,5.108818491297841e-14,5.186574817434576e-13,3.149764549659854e-14,-5.684341886080802e-14,-4.1928089505161676e-16,1.5358035807314297e-13,3.0442590812538945e-14,8.979423941174275e-13,5.923676912272049,1.0725401760832378,0.0
256,9004,9.88022127864964,2.9912368209593227e-13,5.049628575728633e-14,5.126960565591655e-13,3.113561301134809e-14,-5.684341886080802e-14,-4.1928089505161676e-16,1.5181671761526683e-13,3.0093003238495185e-14,8.86877766912991e-13,5.923676912272049,1.0725401760832374,0.0
256,9008,9.884610537325184,2.957001989437812e-13,4.991835363795372e-14,5.068978885936106e-13,3.078349500372795e-14,-5.684341886080802e-14,-4.1928089505161676e-16,1.501021420345611e-13,2.9753141269976155e-14,8.751331784783754e-13,5.92367691227205,1.0725401760832372,0.0
256,9012,9.888999796000729,2.9224277817707473e-13,4.933469237183306e-14,5.010648451968421e-13,3.042925903963833e-14,-5.684341886080802e-14,-4.1928089505161676e-16,1.4837802317408303e-13,2.941138763923701e-14,8.664104836708226e-13,5.92367691227205,1.0725401760832365,0.0
256,9016,9.893389054676271,2.88854339914389e-13,4.876267632287099e-14,4.953374484073658e-13,3.008143890777237e-14,-5.684341886080802e-14,-4.1928089505161676e-16,1.4668476339869358e-13,2.9075750874690836e-14,8.574277840545714e-13,5.923676912272051,1.0725401760832365,0.0
256,9020,9.897778313351816,2.8556811662419287e-13,4.8207915599275813e-14,4.897727714797048e-13,2.9743500620289486e-14,-5.684341886080802e-14,-4.1928089505161676e-16,1.4503926694647067e-13,2.8749581722548024e-14,8.462826136162484e-13,5.923676912272052,1.0725401760832363,0.0
256,9024,9.902167572027361,2.823132758411819e-13,4.765845268439808e-14,4.842731591083542e-13,2.940951365020044e-14,-5.684341886080802e-14,-4.1928089505161676e-16,1.4341341604655315e-13,2.842730669799824e-14,8.390542872353636e-13,5.923676912272053,1.0725401760832363,0.0
256,9028,9.906556830702904,2.7905460595529685e-13,4.710834336308549e-14,4.787665412848071e-13,2.907510124471792e-14,-5.684341886080802e-14,-4.1928089505161676e-16,1.4178547530703798e-13,2.8104617426909806e-14,8.29415621834807e-13,5.923676912272053,1.0725401760832358,0.0
256,9032,9.910946089378449,2.759043402153895e-13,4.657653418669693e-14,4.734386331901375e-13,2.875154173519296e-14,-5.684341886080802e-14,-4.1928089505161676e-16,1.4021021393954336e-13,2.779237022397907e-14,8.189216059754571e-13,5.923676912272054,1.0725401760832354,0.0
256,9036,9.915335348053992,2.727830446805639e-13,4.604961558849331e-14,4.681636953668913e-13,2.8431199067012986e-14,-5.684341886080802e-14,-4.1928089505161676e-16,1.3865074885555235e-13,2.7483254149280445e-14,8.113947709893935e-13,5.923676912272054,1.072540176083235,0.0
256,9040,9.919724606729536,2.697358664258274e-13,4.553520902988718e-14,4.630121548470346e-13,2.8118350216341113e-14,-5.684341886080802e-14,-4.1928089505161676e-16,1.3712770060764567e-13,2.7181356594277378e-14,8.037222565407004e-13,5.923676912272055,1.0725401760832347,0.0
256,9044,9.924113865405081,2.667450147273797e-13,4.503031118641237e-14,4.579617896492437e-13,2.781164566039091e-14,-5.684341886080802e-14,-4.1928089505161676e-16,1.3563476704252557e-13,2.6885428350565305e-14,7.949358716058555e-13,5.923676912272056,1.0725401760832345,0.0
256,9048,9.928503124080624,2.637306879724149e-13,4.4521450423138805e-14,4.5288276724374234e-13,2.7503200775608756e-14,-5.684341886080802e-14,-4.1928089505161676e-16,1.3413373622120222e-13,2.658789507441033e-14,7.855194236387976e-13,5.9236769122720565,1.0725401760832338,0.0
256,9052,9.932892382756169,2.6081659208811195e-13,4.402951004093028e-14,4.479804988517072e-13,2.7205490017783657e-14,-5.684341886080802e-14,-4.1928089505161676e-16,1.326852106707855e-13,2.630076935621242e-14,7.79029247789991e-13,5.9236769122720565,1.0725401760832336,0.0
256,9056,9.937281641431712,2.5789289532969114e-13,4.353594889610083e-14,4.430547813495872e-13,2.690635521464414e-14,-5.684341886080802e-14,-4.1928089505161676e-16,1.3122950570584315e-13,2.6012220539504907e-14,7.710229594865594e-13,5.923676912272057,1.0725401760832332,0.0
256,9060,9.941670900107257,2.5505607048108185e-13,4.305705295180443e-14,4.382394670951178e-13,2.6613925110614493e-14,-5.684341886080802e-14,-4.1928089505161676e-16,1.2980519914811803e-13,2.5729895493044267e-14,7.628421971904199e-13,5.923676912272058,1.0725401760832332,0.0
256,9064,9.946060158782801,2.522112077028606e-13,4.2576800091907983e-14,4.3344295123403584e-13,2.632263661767051e-14,0.0,0.0,1.2838755263118006e-13,2.544889059519522e-14,7.553870900393242e-13,5.923676912272058,1.0725401760832327,0.0
256,9068,9.950449417458344,2.4941803173856984e-13,4.210527269335859e-14,4.287622977606816e-13,2.6038384352957096e-14,-5.684341886080802e-14,-4.1928089505161676e-16,1.270051293924918e-13,2.5174867630845256e-14,7.46231696599185e-13,5.923676912272058,1.0725401760832327,0.0
256,9072,9.954838676133889,2.466279461352545e-13,4.163426699121858e-14,4.24084109705113e-13,2.5754281811053333e-14,0.0,0.0,1.256233399143695e-13,2.4900970290069975e-14,7.391829485918006e-13,5.92367691227206,1.0725401760832325,0.0
256,9076,9.959227934809432,2.4386201719472625e-13,4.1167339273604865e-14,4.194251763804107e-13,2.547134859323783e-14,0.0,0.0,1.2424650772909633e-13,2.4628055580404807e-14,7.308885633680602e-13,5.92367691227206,1.0725401760832323,0.0
256,9080,9.963617193484977,2.4121700246981923e-13,4.072082357666884e-14,4.1500565200109786e-13,2.5202954485251113e-14,0.0,0.0,1.2294164588073938e-13,2.4369406780422808e-14,7.237723902124882e-13,5.923676912272061,1.0725401760832323,0.0
256,9084,9.968006452160521,2.384711877481653e-13,4.025729142217787e-14,4.1039147561168383e-13,2.492273931958148e-14,-5.684341886080802e-14,-4.1928089505161676e-16,1.215784095625963e-13,2.4099187034000177e-14,7.160795051479007e-13,5.923676912272063,1.072540176083232,0.0
256,9088,9.972395710836064,2.358397060859853e-13,3.981306029661997e-14,4.0599354054510017e-13,2.4655656312933888e-14,-5.684341886080802e-14,-4.1928089505161676e-16,1.2027988392083132e-13,2.384179419244283e-14,7.102169422409104e-13,5.923676912272063,1.072540176083232,0.0
256,9092,9.976784969511609,2.3305390715323704e-13,3.9342778244778665e-14,4.012834129265424e-13,2.4369614107441415e-14,-5.684341886080802e-14,-4.1928089505161676e-16,1.1888731386593573e-13,2.35657599333041e-14,7.01493979006101e-13,5.923676912272063,1.0725401760832312,0.0
256,9096,9.981174228187152,2.30452335592137e-13,3.8903596365073114e-14,3.969267717535175e-13,2.410503884524227e-14,-5.684341886080802e-14,-4.1928089505161676e-16,1.1760067929055664e-13,2.3310724130582004e-14,6.961230840194476e-13,5.923676912272064,1.072540176083231,0.0
256,9100,9.985563486862697,2.278894156289848e-13,3.8470939418870904e-14,3.9265495604613343e-13,2.384561496433017e-14,0.0,0.0,1.1633978336512757e-13,2.3060790224992633e-14,6.883645422920426e-13,5.9236769122720645,1.0725401760832307,0.0
256,9104,9.989952745538242,2.2534879506472841e-13,3.804204692492125e-14,3.884096290764301e-13,2.3587799722835197e-14,0.0,0.0,1.150863365316009e-13,2.2812332873173254e-14,6.823437541615838e-13,5.9236769122720645,1.0725401760832303,0.0
256,9108,9.994342004213784,2.2281540936777568e-13,3.761437577835613e-14,3.841789325923832e-13,2.3330872978791564e-14,-5.684341886080802e-14,-4.1928089505161676e-16,1.1383729490873832e-13,2.256474871912065e-14,6.757341121158313e-13,5.923676912272065,1.0725401760832298,0.0
256,9112,9.99873126288933,2.2035060331053222e-13,3.719828183978613e-14,3.8008005205281495e-13,2.3081951309457417e-14,-5.684341886080802e-14,-4.1928089505161676e-16,1.1262776141812546e-13,2.2324995839320402e-14,6.676078814555217e-13,5.923676912272066,1.0725401760832298,0.0
256,9114,10.0,2.1915407077001883e-13,3.6996290313537543e-14,3.781061341554023e-13,2.2962076886817067e-14,-5.684341886080802e-14,-4.1928089505161676e-16,1.1204582657324906e-13,2.2209645122702765e-14,6.669305869923496e-13,5.923676912272066,1.0725401760832296,0.0
