width,step,time,D_euc,e_euc,D_H,e_H,U_gap,e_U,D_pred,e_pred,grad_norm,theta_norm,max_abs_theta,nan_or_inf
256,0,0.0,5.300586149384334,1.0,15.794023434202972,1.0,124.72558812007634,1.0,4.851529158319803,1.0,52.74393382512041,0.0,0.0,0.0
256,4,0.004359443084698711,5.100116144562902,0.9621796535002611,15.045962908356291,0.9526364812004326,113.19049991981677,0.907516265313943,4.620116133733223,0.9523010133434459,49.78592355172447,0.2250218510201275,0.05307135324694447,0.0
256,8,0.008718886169397422,4.910960552523899,0.9264938657952592,14.346115595999322,0.9083255863057597,102.90551634688757,0.8250553707377025,4.403653630319299,0.907683636769976,47.033612042310985,0.43746736955864635,0.10313098893191595,0.0
256,12,0.013078329254096133,4.732297921314795,0.8927876630897611,13.690842921711473,0.8668369385892561,93.7195899534886,0.7514062781027938,4.201013489397633,0.8659153335589849,44.47121837098092,0.6381863594239457,0.150368578417294,0.0
256,16,0.017437772338794844,4.5633735737524495,0.8609186692084021,13.07679707515269,0.8279585711411601,85.50131087236105,0.6855153955261118,4.011157634597933,0.8267821348077995,42.084215343381004,0.8279642527159978,0.19496083794406716,0.0
256,20,0.021797215423493554,4.4034940573325825,0.8307560585245937,12.500897733118997,0.7914954530235468,78.13622206694987,0.6264650521569499,3.8331308617272692,0.7900871532749422,39.85922885997507,1.0075272982934704,0.23707247123917338,0.0
256,24,0.026156658508192265,4.252022036349153,0.8021795923160362,11.960310615185712,0.7572681315189701,71.52451500586199,0.5734550230142319,3.6660541973855754,0.7556492144541114,37.78394549235527,1.1775473206980602,0.27685704016496404,0.0
256,28,0.030516101592890976,4.108371594006255,0.7750787324687561,11.452427725499492,0.7251114811377654,65.57905040389471,0.5257866600778036,3.509118780459957,0.7233015954242449,35.84702757469189,1.338646085186962,0.31445776910432527,0.0
256,32,0.03487554467758969,3.9720039145246098,0.7493518268703094,10.974849146593026,0.6948735508918067,60.2236568952369,0.4828492517289887,3.361580224768711,0.6928908628744395,34.03803517405267,1.4913993015954723,0.3500082883123184,0.0
256,36,0.0392349877622884,3.8424233172561912,0.7249053612122672,10.525366263043821,0.666414502098969,55.391667485610526,0.4441082886078166,3.2227534248458642,0.6642758024692526,32.34735435967713,1.6363402970628422,0.3836333210408951,0.0
256,40,0.04359443084698711,3.7191736166599108,0.7016532722691234,10.10194630350268,0.6396056296602846,51.0246595594258,0.4090953614931294,3.0920077701934847,0.6373264324076161,30.766131242774318,1.7739633851851244,0.41544931885407,0.0
256,44,0.04795387393168582,3.6018347836880045,0.6795163180408565,9.702718099197126,0.6143284603583193,47.07136925624371,0.37739945720622275,2.9687627363179434,0.611923094644678,29.28621130539481,1.9047269568903789,0.44556504919394135,0.0
256,48,0.05231331701638453,3.49001988571069,0.6584215004440702,9.325958965585055,0.5904739222679063,43.48675531388824,0.34865945287844613,2.8524838235426007,0.5879556177975197,27.900083579750103,2.0290563162474102,0.47408213893042656,0.0
256,52,0.05667276010108324,3.3833722835843654,0.6383015365154183,8.970082621504089,0.5679415798560106,40.23119111830482,0.322557638129341,2.7426788169863534,0.5653225462497697,26.60082927833039,2.147346282503939,0.5010955773270601,0.0
256,56,0.06103220318578195,3.2815630658604054,0.6190943743535912,8.633628067035765,0.5466389297827107,37.26976679995391,0.2988141195539877,2.6388943432465326,0.5439304304130871,25.38207451059915,2.2599635778899607,0.5266941815794143,0.0
256,60,0.06539164627048066,3.1842887014481724,0.60074275027452,8.315249347476954,0.5264807528061373,34.57168585535794,0.2771819830753169,2.540712701255068,0.5236931735013988,24.2379467541979,2.3672490191043862,0.5509610278295817,0.0
256,64,0.06975108935517937,3.0912688932948122,0.5831937838900826,8.013706136371304,0.5073885175462707,32.10974302005752,0.25744310773780194,2.4477489465155355,0.5045314305321517,23.163034777739657,2.4695195289164107,0.5739738503278063,0.0
256,68,0.07411053243987809,3.0022446168312524,0.5663986080445018,7.727855075580498,0.48928983218078126,29.85987203458768,0.2394045398754974,2.359648209499976,0.4863720555927107,22.152351738654296,2.567069982946902,0.5958054111990333,0.0
256,72,0.0784699755245768,2.9169763280621854,0.5503120307555031,7.4566418149389,0.4721179404350549,27.80075357814769,0.22289534968063837,2.2760832304099066,0.46914759370387193,21.20130120341105,2.6601749054398742,0.6165238430762743,0.0
256,76,0.0828294186092755,2.8352423272502016,0.5348922265096128,7.199093698197478,0.45581125849208115,25.91347503771334,0.20776390336813494,2.1967520938049554,0.45279581388020385,20.3056458590086,2.7490900266809626,0.6361929666828107,0.0
256,80,0.08718886169397422,2.7568372651622335,0.5201004544530309,6.954313045776827,0.4403129496893626,24.181234969330887,0.19387549366414716,2.1213761477914557,0.43725928023199545,19.461478704105062,2.834053713660682,0.6548725852800409,0.0
256,84,0.09154830477867293,2.6815707798112056,0.5059008012015184,6.721470988360323,0.42557053409231665,22.589086123684808,0.18111027948762004,2.049698093556543,0.422484958178918,18.66519652576107,2.915288284607717,0.6726187577460091,0.0
256,88,0.09590774786337164,2.6092662525381045,0.49225994616485425,6.499801808604872,0.41153553023918743,21.123711775571678,0.16936149264924988,1.9814802320426685,0.40842385305355994,17.91347548367747,2.9930012171246543,0.6894840519102139,0.0
256,92,0.10026719094807035,2.539759673140392,0.47914694744380043,6.288597751260304,0.3981631265432937,19.77323083857806,0.15853387533873076,1.9165028554931982,0.3950306785658746,17.20324863820102,3.067386258839224,0.7055177796421599,0.0
256,96,0.10462663403276906,2.4728986045625394,0.46653304651029354,6.087204264795424,0.385411880016158,18.527027880671824,0.14854231725758957,1.8545627724701488,0.38226355277898133,16.53168527140882,3.138624448732324,0.7207662150733617,0.0
256,100,0.10898607711746777,2.40854123842452,0.45439149002498025,5.895015640250282,0.37324344014105026,17.37560469939774,0.13931066560832592,1.7954719557570256,0.37008371941411544,15.896171862413299,3.206885056614631,0.7352727972242592,0.0
256,104,0.11334552020216648,2.34655553337539,0.44269736728039855,5.711471015487988,0.36162229588183536,16.310450580379722,0.13077068487884985,1.7390563033187831,0.3584552924589778,15.294294588788961,3.272326447591367,0.7490783182079952,0.0
256,108,0.1177049632868652,2.2868184289230524,0.43142746188337444,5.536050715319213,0.3505155439576302,15.323928761293189,0.12286114655591339,1.6851545032016833,0.34734502220023583,14.723823235829872,3.335096877775322,0.7622210980915022,0.0
256,112,0.1220644063715639,2.22921512800935,0.4205601164068005,5.368272900130045,0.33989267665037814,14.409176965135373,0.11552703164055887,1.6336169939220004,0.33672208093824174,14.182696404311107,3.395335226977227,0.7747371474101931,0.0
256,116,0.12642384945626262,2.17363844217358,0.41007510884924475,5.207690497668368,0.3297253875406301,13.560020159752696,0.10871883118881859,1.5843050125172249,0.3265578667707949,13.669007915642306,3.453171673616181,0.7866603182551574,0.0
256,120,0.13078329254096133,2.119988193679148,0.3999535398411336,5.053888394543332,0.3199873936870837,12.770893952249935,0.10239193211865305,1.5370897230191674,0.3168258239535135,13.180994320850527,3.508728316647364,0.7980224447805495,0.0
256,124,0.13514273562566004,2.068170669469376,0.3901777296289384,4.906480865773329,0.31065427287818437,12.036777243099891,0.09650607725747339,1.49185141865736,0.30750127845753744,12.71702342678443,3.5621197488965173,0.8088534739133474,0.0
256,128,0.13950217871035875,2.0180981222715304,0.3807311239542694,4.7651092223861715,0.3017033146897213,11.353132950634915,0.09102489009476532,1.4484787916152846,0.29856128745125926,12.27558375935564,3.6134535858174037,0.8191815869873574,0.0
256,132,0.14386162179505746,1.969688314585036,0.3715982080234308,4.629439658635996,0.2931133841811737,10.715855776475905,0.08591545598614049,1.4068682646429145,0.289984501531914,11.855274889578595,3.6628309533469703,0.8290333129678511,0.0
256,136,0.14822106487975617,1.922864101672762,0.36276442783523166,4.499161281859698,0.2848647971558961,10.121226120092729,0.08114795265867,1.3669233792783915,0.2817510386254772,11.454798553684105,3.710346938220518,0.8384336338821229,0.0
256,140,0.15258050796445488,1.877553050025306,0.3542161182010757,4.373984309356142,0.2769392059963643,9.565869369246911,0.07669532381789708,1.3285542358508582,0.2738423685597238,11.072950503703188,3.756091003823462,0.8474060830242165,0.0
256,144,0.1569399510491536,1.833687088089544,0.3459404368519749,4.253638417938334,0.26931949516592507,9.04671989528049,0.07253299047642889,1.2916769808269204,0.2662412073957849,10.70861302968035,3.800147374394979,0.8559728364587418,0.0
256,148,0.1612993941338523,1.7912021863463679,0.33792530408253374,4.137871232986751,0.2619896855430723,8.560989170389746,0.06863859533095867,1.2562133374262925,0.25893142067837194,10.360748099108147,3.8425953901599987,0.8641547983087977,0.0
256,152,0.165658837218551,1.7500380640905335,0.33015934743251013,4.026446944925286,0.2549348468234989,8.106137500149146,0.06499177612492131,1.2220901757692686,0.2518979348343249,10.028391063303083,3.88350983574762,0.8719716802762473,0.0
256,156,0.17001828030324972,1.7101379205098297,0.3226318509526466,3.9191450420543146,0.24814101728930923,7.679848930329513,0.06157396446137369,1.1892391191310527,0.24512665601352665,9.710644884287744,3.922961244054489,0.8794420758087153,0.0
256,160,0.17437772338794844,1.6714481878831666,0.31533270864342167,3.815759149612367,0.24159513030410576,7.2800089439252815,0.05836820698665811,1.1575961831670496,0.23860439572581113,9.40667483932553,3.9610161775292707,0.8865835292964492,0.0
256,164,0.17873716647264715,1.6339183049194541,0.3082523816935292,3.7160959658031216,0.23528494694744326,6.904684613529184,0.05535900626006171,1.127101445240221,0.23231880268252628,9.115703663588592,3.9977374886876946,0.8934126006534026,0.0
256,168,0.18309660955734586,1.5975005084429164,0.30138185917956767,3.619974286322208,0.22919899425265644,6.552106916817081,0.05253217896642996,1.0976987412278914,0.22625830030217728,8.83700709454284,4.0331845615153625,0.8999449256103583,0.0
256,172,0.18745605264204457,1.5621496417973477,0.29471262191989694,3.5272241096526407,0.22332650855856087,6.220654959857484,0.04987472942495736,1.0693353874121685,0.22041202938631912,8.569909784519398,4.067413535276331,0.9061952720234346,0.0
256,176,0.19181549572674328,1.5278229784931847,0.2882366092041806,3.4376858160727513,0.2176573835282669,5.908841885013942,0.047374736604371484,1.0419619252667018,0.21476979551485526,8.313781550623126,4.100477512118356,0.9121775924787358,0.0
256,180,0.196174938811442,1.4944800597585128,0.28194618814602185,3.3512094139401376,0.21218212242758097,5.615302268040523,0.04502125307787313,1.0155318871440104,0.20932202074937395,8.068033933617517,4.1324267497494755,0.9179050734530877,0.0
256,184,0.2005343818961407,1.4620825447794856,0.27583412542956354,3.267653847383247,0.2068917942914364,5.338780833159319,0.042804214545130434,0.9900015810432586,0.20405969926935763,7.832117039733033,4.163308840354451,0.923390181271569,0.0
256,188,0.2048938249808394,1.4305940725282809,0.2698935612421742,3.1868863600523523,0.2017779936397299,5.078122335943874,0.04071435871727494,0.9653298927992532,0.19897435659926432,7.60551664148339,4.193168876822566,0.9286447050848163,0.0
256,192,0.20925326806553812,1.3999801341787044,0.2641179852045821,3.108781910057515,0.19683280343406662,4.832262482150554,0.03874315250771492,0.9414781041806527,0.19405801211482535,7.387751515551745,4.2220496072695965,0.9336797970726944,0.0
256,196,0.21361271115023683,1.3702079552018607,0.2585012141272359,3.0332226316558053,0.19204876099443838,4.600219766594535,0.03688272659949931,0.918409725519951,0.18930314454464037,7.178370997636025,4.249991578755729,0.9385060100658078,0.0
256,200,0.21797215423493554,1.3412463863178596,0.2530373714374298,2.9600973396469348,0.1874188266199893,4.3810881300925075,0.035125816571614225,0.8960903416206781,0.18470266020848053,6.97695273582934,4.2770332710270935,0.9431333327623534,0.0
256,204,0.22233159731963426,1.3130658025551065,0.2477208681359928,2.889301072798382,0.1829363546809368,4.174030344636947,0.03346570986394954,0.874487469799385,0.18024986375682017,6.783100625666162,4.303211221040868,0.9475712227049172,0.0
256,208,0.22669104040433297,1.285638009737117,0.24254638515524257,2.8207346729509863,0.17859506696960473,3.9782720475939755,0.031896197945877766,0.8535704290221978,0.17593843119718755,6.596442911396936,4.328560138971912,0.9518286371698877,0.0
256,212,0.23105048348903168,1.2589361577786693,0.2375088570015781,2.7543043967563965,0.1743890281175456,3.793096354995839,0.03041153312778236,0.8333102191888542,0.17176238501212035,6.416630439370878,4.3531130163422675,0.9559140621111446,0.0
256,216,0.2354099265737304,1.2329346602290867,0.23260345657664533,2.689921557271231,0.17031262290304275,3.617838992136285,0.02900638952011438,0.813679409701925,0.1677160711909894,6.243335050617059,4.376901226863025,0.9598355392894865,0.0
256,220,0.2397693696584291,1.207609119551098,0.22782558108056833,2.6275021928815567,0.16636053528903422,3.4518838867987824,0.027675827701654696,0.7946520365360846,0.16379413801385687,6.0762481008248335,4.399954620530582,0.9636006917098474,0.0
256,224,0.2441288127431278,1.1829362576695654,0.2231708389093844,2.5669667612574947,0.16252772904582144,3.2946591767003497,0.026415262708791572,0.7762035070924744,0.15999151644000253,5.915079096943686,4.422301611475955,0.9672167474796347,0.0
256,228,0.24848825582782652,1.1588938513658686,0.21863503746665353,2.5082398562433665,0.15880942982594368,3.145633588223859,0.025220435001641214,0.7583105121870103,0.1563034019669029,5.759554440556118,4.443969260026028,0.9706905621934608,0.0
256,232,0.25284769891252523,1.135460672131299,0.21421417181629682,2.451249945775621,0.1552011085704281,3.0043131483325283,0.02408738410149009,0.7409509445794876,0.15272523783740302,5.609416269032058,4.464983349399226,0.974028639942084,0.0
256,236,0.25720714199722394,1.11261643012685,0.20990441411014155,2.3959291290904976,0.1516984661363715,2.870238195812192,0.023012424628127984,0.7241038235030302,0.1492526994836828,5.464421386255069,4.485368457424749,0.9772371530364676,0.0
256,240,0.26156658508192265,1.0903417219276184,0.20570210372946435,2.342212911637539,0.14829741904556928,2.7429806617208783,0.0219921244955778,0.7077492247013133,0.145881680106489,5.32434027542564,4.5051480236439705,0.9803219605314761,0.0
256,244,0.26592602816662136,1.0686179817579693,0.20160373808509646,2.290039996255069,0.14499408626277205,2.6221415922238975,0.021023285051175695,0.6918682155244774,0.14260827729706718,5.188956187099724,4.524344412124551,0.9832886256278084,0.0
256,248,0.2702854712513201,1.0474274359489537,0.19760596402543384,2.2393520892908696,0.1417847769201994,2.5073488899056997,0.020102922966310766,0.6764427946741559,0.13942878061737216,5.0580642962170925,4.542978970292162,0.9861424320252827,0.0
256,252,0.2746449143360188,1.0267530603724535,0.19370556980603199,2.1900937204667743,0.13866597891225016,2.3982552522139713,0.019228253707692385,0.661455836223917,0.13633966006152884,4.931470922418063,4.561072084061157,0.9888883992955123,0.0
256,256,0.2790043574207175,1.0065785406273788,0.18989947757839828,2.1422120753907117,0.13563434829098797,2.2945362879748927,0.018396676436321046,0.6468910375740149,0.13333755532823557,4.808992808443708,4.578643229523877,0.9915312973372986,0.0
256,260,0.2833638005054162,0.986888234772189,0.18618473635916974,2.0956568397149904,0.13268669939900882,2.1958887949222117,0.01760576019740373,0.6327328710289486,0.13041926583990246,4.690456451867013,4.595711021438445,0.9940756599737066,0.0
256,264,0.2877232435901149,0.9676671384152106,0.18255851544410906,2.0503800540261112,0.1298199956817768,2.1020291829741495,0.016853231278817264,0.6189665387132266,0.1275817414498626,4.575697485815075,4.612293258736704,0.9965257977457409,0.0
256,268,0.29208268667481363,0.9489008519898716,0.17901809823430317,2.0063359786299957,0.12703134112648878,2.0126920295726336,0.0161369616283947,0.6055779305651772,0.12482207378403201,4.464560104718344,4.628406967257139,0.9988858099537844,0.0
256,272,0.29644212975951234,0.9305755500561944,0.17556087644463267,1.9634809674679432,0.12431797227905203,1.9276287548044593,0.01545495823157542,0.5925535851708613,0.12213748816797308,4.356896531465348,4.644068439892314,1.0011595959944826,0.0
256,276,0.30080157284421105,0.9126779524828421,0.17218434466702331,1.921773350463573,0.12167725079487025,1.8466064052760771,0.014805353360998422,0.5798806532203402,0.1195253360944792,4.252566522653355,4.659293274326133,1.0033508660375223,0.0
256,280,0.30516101592890976,0.8951952973758043,0.16888609526321569,1.8811733236600408,0.11910665648287182,1.7694065368251017,0.014186395618528984,0.567546863386924,0.1169830881905858,4.151436908909446,4.674096408523271,1.0054631510837542,0.0
256,284,0.3095204590136085,0.8781153156305536,0.16566381356381635,1.8416428465605406,0.1166037808056144,1.6958241871438986,0.013596441698164515,0.5555404904467303,0.11450832764635528,4.053381167515498,4.6884921541211,1.007499812443325,0.0
256,288,0.3138799020983072,0.8614262069943057,0.16251527335224253,1.8031455461339767,0.11416632080139563,1.6256669302715068,0.013033948805328046,0.5438503254710998,0.11209874407092048,3.958279024805964,4.702494227863445,1.0094640506698946,0.0
256,292,0.3182393451830059,0.8451166175339577,0.15943833261385978,1.7656466269921944,0.11179207339711636,1.5587540057044862,0.012497467674426487,0.532465647938256,0.10975212774412371,3.86601608602235,4.716115781205314,1.011358913984611,0.0
256,296,0.3225987882677046,0.8291756184134416,0.15643092953215199,1.7291127872856829,0.1094789300832097,1.4949155155775316,0.01198563613216512,0.5213761996232105,0.10746636423468908,3.7764834905035394,4.729369428208409,1.0131873062212848,0.0
256,300,0.3269582313524033,0.8135926858916966,0.15349107871517112,1.693512139901605,0.10722487192428724,1.4339916839970783,0.011497173159179974,0.5105721601364146,0.10523942935823509,3.68957759026946,4.742267271838597,1.0149519943221244,0.0
256,304,0.331317674437102,0.798357682459283,0.15061686763680138,1.6588141385816793,0.10502796488128609,1.3758321731792762,0.01103087340710496,0.500044123992131,0.10306938445059412,3.6051996502178723,4.754820928768539,1.0166556154114639,0.0
256,308,0.33567711752180074,0.7834608390379002,0.14780645327854913,1.6249895086081463,0.10288635542284477,1.3202954515434158,0.010585602132197088,0.48978307909706326,0.10095437193387631,3.5232555683019733,4.767041552781376,1.0183006834731234,0.0
256,312,0.34003656060649945,0.7688927381727981,0.14505805895865034,1.592010181734109,0.10079826640541185,1.2672482093726103,0.01016029051033698,0.4797803865585082,0.09889261115451428,3.443655614191374,4.778939856864547,1.0198895956553629,0.0
256,316,0.34439600369119816,0.754644298153296,0.14236997133627352,1.559849235060108,0.09876199320321094,1.2165648180588278,0.009753931301471286,0.47002776171926086,0.09688239447416666,3.366314185042128,4.790526134076594,1.0214246382258416,0.0
256,320,0.34875544677589687,0.7407067580014394,0.1397405375795039,1.528480833582214,0.09677590007066791,1.168126829314133,0.009365574834488244,0.4605172563337872,0.09492208359586053,3.291149577113464,4.801810277264003,1.0229079921975488,0.0
256,324,0.3531148898605956,0.7270716632732243,0.13716816268662552,1.4978801761582827,0.0948384167212597,1.1218225110640674,0.00899432528619598,0.45124124180683334,0.09301010610912389,3.218083772071497,4.812801797699791,1.024341738645316,0.0
256,328,0.3574743329452943,0.7137308526208714,0.13465130695098157,1.4680234446586016,0.09294803510798284,1.077546417033716,0.008639337230435314,0.4421923934217346,0.09114495223911549,3.1470422369134434,4.82350984271062,1.0257278637312723,0.0
256,332,0.361833776029993,0.7006764450683522,0.1321884835603957,1.4388877560850597,0.0911033063917745,1.0351989873058187,0.008299812435514095,0.4333636754912599,0.08932517178590839,3.0779537365313745,4.833943212354615,1.0270682634564348,0.0
256,336,0.3661932191146917,0.6879008279557863,0.12977825632278164,1.410451117459378,0.0893028380852567,0.994686177371193,0.007974996890081486,0.42474832736893514,0.08754937124113572,3.010750158012463,4.844110375207872,1.0283647481545255,0.0
256,340,0.3705526621993904,0.6753966455114832,0.12741923751016307,1.3826923832959757,0.08754529136012719,0.955919113412449,0.00766417803933033,0.41633985026346904,0.08581621107017261,2.9453663458439565,4.854019483313671,1.0296190467431048,0.0
256,344,0.37491210528408914,0.6631567880132965,0.1251100858138722,1.35559121548884,0.08582937850739289,0.9188137717553104,0.007366682214965755,0.40813199480319934,0.08412440314891252,2.8817399472563685,4.863678386344844,1.030832810746149,0.0
256,348,0.37927154836878785,0.6511743815036345,0.12284950440420042,1.3291280454544225,0.08415386054044408,0.8832906806067626,0.007081872243860637,0.40011874930141605,0.082472708345009,2.819811266997964,4.8730946450263,1.0320076181013274,0.0
256,352,0.38363099145348656,0.6394427780249297,0.12063623908823767,1.3032840383842046,0.08251754493170242,0.8492746423536346,0.006809145221556441,0.3922943286770341,0.08085993423419818,2.7595231308882995,4.882275543861664,1.033144976764395,0.0
256,356,0.38799043453818527,0.6279555463446498,0.11846907656006819,1.2780410594712588,0.0809192834742526,0.8166944748471678,0.00654793043798612,0.3846531639884173,0.07928493294300464,2.700820757548543,4.891228103205051,1.0342463281223648,0.0
256,360,0.392349877622884,0.6167064631410283,0.11634684273788458,1.2533816419849564,0.07935797026048967,0.7854827702324769,0.006297687443864957,0.3771898925412067,0.07774659910976117,2.643651637752255,4.899959090716304,1.0353130502263825,0.0
256,364,0.3967093207075827,0.6056895046226355,0.11426840118294967,1.2292889570769971,0.07783253977038511,0.7555756699958351,0.0060579042471094555,0.36989934853382317,0.07624386795645435,2.5879654208821696,4.90847503223556,1.0363464608545752,0.0
256,368,0.4010687637922814,0.5948988385567032,0.11223265159567325,1.2057467852102701,0.07634196506250257,0.7269126550224314,0.0058280956296042075,0.36277655420690164,0.07477571346444088,2.5337138080173256,4.91678222211066,1.0373478204145035,0.0
256,372,0.4054282068769801,0.5843288166827797,0.11023852838438439,1.1827394891097087,0.07488525606137891,0.6994363495498419,0.005607801575379045,0.3558167114653006,0.07334114664757126,2.4808504512101752,4.924886733008778,1.0383183346942673,0.0
256,376,0.4097876499616788,0.5739739674898249,0.10828499930267,1.1602519881413802,0.07346145793533394,0.6730923379930118,0.005396585801984831,0.34901519394352976,0.07193921391671113,2.4293308585457756,4.932794425241634,1.0392591574707615,0.0
256,380,0.41414709304637753,0.5638289893362826,0.10637106415141873,1.1382697340325567,0.07206964955918456,0.6478289937073214,0.005194034387584052,0.34236753948746756,0.07056899553006858,2.3791123046053158,4.940510955631821,1.0401713929830736,0.0
256,384,0.41850653613107625,0.5538887438939883,0.10449575354195928,1.1167786878515442,0.07070894205672054,0.6235973188197477,0.004999754486780976,0.3358694430271137,0.06922960412412178,2.330153745983454,4.9480417859459775,1.0410560982785244,0.0
256,388,0.42286597921577496,0.544148249897992,0.10265812771691205,1.095765298171592,0.06937847741815058,0.6003507943385671,0.004813373128861055,0.32951674981684875,0.06792018332029731,2.2824157415344484,4.955392190918998,1.041914285438413,0.0
256,392,0.42722542230047367,0.534602677185515,0.10085727542558844,1.075216480348356,0.06807742718805303,0.5780452398063858,0.00463453609254492,0.32330544902127567,0.06663990640288017,2.2358603770452885,4.9625672658919235,1.0427469236901028,0.0
256,396,0.4315848653851724,0.5252473410083166,0.09909231285097109,1.0551195968451226,0.06680499121966563,0.5566386818233013,0.004462906851859554,0.317231667626192,0.06538797506393977,2.190451194055548,4.96957193408476,1.0435549414116938,0.0
256,400,0.4359443084698711,0.5160776966037273,0.09736238258549386,1.0354624385444133,0.06556039649162815,0.5360912308182151,0.004298165588139838,0.31129166465561287,0.06416361821133945,2.146153122563437,4.976410953524178,1.044339228035155,0.0
256,404,0.4403037515545698,0.5070893340105149,0.09566665265301151,1.0162332069886446,0.06434289598354821,0.5163649654932101,0.004140008263549682,0.3054818256770285,0.06296609083615688,2.102932417375832,4.983088923644816,1.0451006358534514,0.0
256,408,0.4446631946392685,0.4982779731166055,0.09400431557451071,0.9974204974963001,0.06315176760700013,0.49742382441291966,0.0039881457518888405,0.2997986575782545,0.06179467293608553,2.06075659787691,4.989610291581785,1.0458399817368673,0.0
256,412,0.4490226377239672,0.4896394589264643,0.09237458747526181,0.9790132831035635,0.06198631318878807,0.4792335042466789,0.0038423030227390806,0.2942387836003225,0.06064866849161105,2.0195943910055982,4.995979358170902,1.0465580487634392,0.0
256,416,0.45338208080866593,0.4811697570366856,0.09077670723125096,0.9610008992845983,0.060845857503509154,0.4617613642129186,0.0037022183753374627,0.28879893861186234,0.05952740449196437,1.9794156772463727,5.002200283672192,1.0472555877681082,0.0
256,420,0.45774152389336464,0.47286494930902023,0.08920993565286053,0.9433730294066806,0.05972974735264389,0.44497633630601285,0.003567642718811022,0.28347596461137015,0.058430230008046466,1.9401914394513582,5.008277093231274,1.0479333188149527,0.0
256,424,0.46210096697806335,0.4647212297307146,0.08767355470388727,0.9261196908791699,0.05863735068757706,0.4288488409171123,0.0034383388956582763,0.27826680644461854,0.05735651530969852,1.9018937143238728,5.0142136820923815,1.048591932596601,0.0
256,428,0.46646041006276207,0.45673490045263065,0.08616686675410051,0.9092312219579188,0.057568055774117714,0.4133507074915883,0.003314081045612273,0.2731685077252798,0.05630565102485839,1.8644955464050392,5.020013820575959,1.0492320917646947,0.0
256,432,0.4708198531474608,0.4489023679961719,0.08468919386364697,0.8926982691691135,0.0565212703962385,0.3984550998888494,0.0031946540072053786,0.2681782069475765,0.05527704733829794,1.8279709444155858,5.0256811588330175,1.0498544321950491,0.0
256,436,0.4751792962321595,0.441220139620566,0.08323987709770814,0.8765117753188026,0.055496421096897966,0.384136446136381,0.0030798527545651943,0.26329313378047947,0.05427013322778091,1.7922948398147946,5.031219231387732,1.0504595641909547,0.0
256,440,0.4795387393168582,0.4336848198425364,0.08181827586990716,0.8606629680564463,0.054492952453940605,0.3703703722920295,0.0029694818671487442,0.2585106055336163,0.05328435573561399,1.7574430474475236,5.036631461479085,1.0510480736278622,0.0
256,444,0.4838981824015569,0.4262931071008536,0.08042376731304854,0.8451433489627683,0.05351032638919328,0.3571336401480494,0.0028633550302783754,0.2538280237856626,0.052319179273688864,1.7233922281588017,5.041921165211765,1.0516205230425217,0.0
256,448,0.4882576254862556,0.419041790558683,0.07905574567585416,0.8299446831340085,0.05254802150899118,0.3444040885311779,0.0027612945645091825,0.24924287116655083,0.0513740849602292,1.6901198532631099,5.047091555525927,1.0521774526694627,0.0
256,452,0.49261706857095433,0.4119277470370412,0.07771362174443422,0.8150589892363558,0.05160553247447343,0.33216057796761334,0.00266313098197488,0.24475270828535528,0.05044856998656457,1.657604170762916,5.05214574599488,1.052719381427552,0.0
256,456,0.49697651165565304,0.404947938073051,0.07639682228730231,0.8004785300059223,0.05068236940008805,0.32038293850030186,0.0025687025680076287,0.24035517079620405,0.04954214701235448,1.62582417321757,5.057086754459274,1.0532468078592043,0.0
256,460,0.5013359547403518,0.39809940709703046,0.07510478952280965,0.7861958031710866,0.049778057278839355,0.30905192046196817,0.002477854986455838,0.23604796659502342,0.048654343587779716,1.5947595671701496,5.06191750650584,1.053760211024687,0.0
256,464,0.5056953978250505,0.3913792767227829,0.07383698060793556,0.7722035327754043,0.04889213543289723,0.2981491480155114,0.002390440907189598,0.23182887314034772,0.04778470160130614,1.5643907440454143,5.066640838798362,1.05426005135382,0.0
256,468,0.5100548409097492,0.38478474614575914,0.07259286714742898,0.75849466088057,0.048024156988269444,0.2876570752922589,0.002306319654434698,0.22769573489182685,0.04693277675170836,1.5346987524377274,5.071259502268025,1.0547467714572458,0.0
256,472,0.5144142839944479,0.37831308864405466,0.07137193472235065,0.7450623396301078,0.04717368837231351,0.27755894496766587,0.002225356874649115,0.22364646086043333,0.046098138043116965,1.5056652717126444,5.075776165170014,1.055220796899332,0.0
256,476,0.5187737270791466,0.3719616491774725,0.07017368243711614,0.7318999236555865,0.046340308832935516,0.26783874912359806,0.0021474242227324134,0.2196790222647218,0.04528036730192543,1.4772725868506353,5.080193416012773,1.0556825369346463,0.0
256,480,0.5231331701638453,0.36572784208013936,0.06899762248418863,0.719000962808205,0.04552360997838982,0.2584811922596373,0.002072399065465149,0.21579145028781618,0.044479058714458966,1.4495035644658496,5.084513766366011,1.056132385209852,0.0
256,484,0.527492613248544,0.35960914884240075,0.06784327972561478,0.7063591951995741,0.04472319533665551,0.24947165632158885,0.0020001642011213965,0.21198183393010692,0.04369381838437124,1.4223416299368328,5.088739653553246,1.0565707204327544,0.0
256,488,0.5318520563332427,0.3536031159779434,0.06671019129063954,0.6939685405364288,0.04393867993342313,0.2407961676272521,0.001930607594292775,0.2082483179529224,0.042924263908792754,1.395770745589964,5.09287344323432,1.0569979070101554,0.0
256,492,0.5362114994179414,0.3477073529723101,0.06559790618867622,0.6818230937348762,0.04316968988778024,0.2324413655751414,0.001863622125007456,0.20458910090870977,0.04217002397231056,1.3697753898799216,5.096917431883054,1.0574142956560717,0.0
256,496,0.5405709425026402,0.3419195303091633,0.06450598493694465,0.669917118800581,0.04241586202473478,0.22439447303116822,0.0017991053513023987,0.20100243325350586,0.041430737957909684,1.3443405375148374,5.100873849164933,1.0578202239717904,0.0
256,500,0.5449303855873389,0.3362373775708487,0.06343399920212651,0.6582450429620452,0.04167684350376316,0.21664326829215952,0.001736959284438024,0.19748661553771646,0.040706055574055475,1.3194516404768506,5.104744860219473,1.0582160169991623,0.0
256,504,0.5492898286720376,0.33065868160998063,0.062381531455419664,0.6468014510448501,0.040952291462614906,0.20917605853691157,0.0016770901760393602,0.19403999667144087,0.03999563649714133,1.2950946098917173,5.108532567851623,1.058601987748456,0.0
256,508,0.5536492717567363,0.3251812847889395,0.061348174640404526,0.635581080075386,0.04024187267564732,0.20198165467496665,0.0016194083164435674,0.1906609722607844,0.039299150028568465,1.2712557987038218,5.11223901463641,1.058978437702027,0.0
256,512,0.558008714841435,0.31980308328432877,0.06033353185316572,0.6245788141032266,0.039545263226003644,0.19504934751336123,0.0015638278436144355,0.18734798301179617,0.038616274765764604,1.2479219851154681,5.11586618494074,1.059345657294986,0.0
256,516,0.5623681579261337,0.3145220254535846,0.05933721603413926,0.6137896792318797,0.038862148190984616,0.18836888516580075,0.00151026656201816,0.18409951319884943,0.03794669828648569,1.2250803567517254,5.119416006866115,1.0597039263739982,0.0
256,520,0.5667276010108324,0.3093361102610722,0.058358849671182454,0.6032088388482072,0.03819222133999876,0.18193045163241095,0.0014586457708843361,0.1809140891944552,0.037290116845780215,1.2027184955142787,5.122890354115825,1.0600535146352743,0.0
256,524,0.5710870440955311,0.3042433857611334,0.057398064513388095,0.5928315890413095,0.03753518484450863,0.17572464648270625,0.001408890101312105,0.1777902780576565,0.0366462350850282,1.1808243630898587,5.126291047789974,1.0603946820427694,0.0
256,528,0.5754464871802298,0.29924194763567435,0.05645450129518817,0.5826533542021721,0.03689074899942208,0.16974246558152117,0.0013609273617383628,0.1747266861783053,0.03601476575249879,1.1593862870807286,5.129619858111561,1.0607276792275457,0.0
256,532,0.5798059302649285,0.2943299377839999,0.055527809470314236,0.572669682795813,0.03625863195540536,0.16397528279679818,0.001314688391278101,0.17172195797466336,0.03539542943489897,1.1383929477266366,5.132878506086635,1.0610527478692107,0.0
256,536,0.5841653733496273,0.2895055429627107,0.054617646955202666,0.5628762432981101,0.03563855946162303,0.15841483263466216,0.0012701069204993636,0.16877477464190285,0.03478795429941381,1.1178333651891235,5.1360686651014476,1.0613701210602922,0.0
256,540,0.588524816434326,0.2847669934735857,0.05372367988145264,0.5532688202898884,0.03503026461843467,0.15305319375255522,0.0012271194392381394,0.16588385294920763,0.03419207584576428,1.097696887370996,5.139191962459317,1.0616800236543684,0.0
256,544,0.5928842595190247,0.28011256189746914,0.052845582356963364,0.5438433107012278,0.03443348763960298,0.14788277329728317,0.0011856650710270682,0.16304794408329523,0.03360753666783331,1.0779731782450017,5.14224998085984,1.061982672598733,0.0
256,548,0.5972437026037234,0.2755405618722779,0.051983036235394846,0.534595720199313,0.0338479756235901,0.14289629202772858,0.0011456854538152898,0.16026583253629045,0.03303408622443366,1.058652206667354,5.1452442598229275,1.0622782772523272,0.0
256,552,0.6016031456884221,0.27104934691333016,0.05113573089361309,0.5255221597134846,0.033273482333540966,0.13808677017505033,0.0011071246266011658,0.15753633503598635,0.03247148061881274,1.0397242356529006,5.148176297060022,1.0625670396896443,0.0
256,556,0.6059625887731208,0.26663730927428403,0.05030336301679656,0.5166188420914685,0.03270976798557214,0.13344751400205723,0.0010699289216707006,0.15485829951662808,0.031919482386509886,1.0211798120901883,5.151047549794757,1.0628491549912664,0.0
256,560,0.6103220318578195,0.262302878847051,0.049485636390895676,0.507882078881066,0.032156599045004244,0.1289721030243527,0.0010340468621417775,0.15223060412844822,0.0313778602912013,1.0030097568756635,5.153859436035192,1.0631248115216665,0.0
256,564,0.6146814749425182,0.25804452209912565,0.04868226170215112,0.4993082772318644,0.03161374803019351,0.12465437785613176,0.0009994290645166089,0.14965215628426973,0.030846389128185256,0.9852051554474553,5.156613335799657,1.0633941911948763,0.0
256,568,0.619040918027217,0.2538607410468459,0.04789295634339081,0.4908939369118038,0.03108099332363541,0.12048842864840026,0.0009660281459839911,0.14712189174157764,0.030324849535178177,0.9677573487001793,5.159310592298161,1.0636574697285865,0.0
256,572,0.6234003611119157,0.24975007226316306,0.04711744422683738,0.48263564743368276,0.03055811899002912,0.11646858408687422,0.0009337986362088516,0.14463877371853684,0.029813027810107733,0.9506579242632015,5.161952513071203,1.0639148168872221,0.0
256,576,0.6277598041966144,0.24571108591856644,0.04635545560317059,0.47453008528692847,0.030044914601006802,0.11258940092125158,0.0009026968933821266,0.14220179204250943,0.029310715735604734,0.933898708125709,5.164540371087743,1.0641663967145065,0.0
256,580,0.6321192472813131,0.24174238485386912,0.04560672688660057,0.46657401127018233,0.029541175066246032,0.10884565399641133,0.0008726810242948944,0.1398099623296945,0.028817710409910005,0.9174717565927866,5.167075405804037,1.0644123677560018,0.0
256,584,0.6364786903660118,0.2378426036836176,0.04487100048571857,0.4587642679204653,0.029046700470697153,0.105232326760472,0.0008437108082357752,0.13746232519457963,0.02833381408392607,0.9013693485575347,5.1695588241849,1.064652883272092,0.0
256,588,0.6408381334507105,0.23401040792894337,0.0441480246399021,0.4510977770348904,0.0285612959176703,0.10174460222299331,0.0008157476244973992,0.13515794548795584,0.02785883400415637,0.8855839780750261,5.171991801688963,1.0648880914418482,0.0
256,592,0.6451975765354092,0.23024449317872778,0.04343755326106166,0.4435715372810797,0.028084771377538738,0.09837785434297075,0.0007887543833287842,0.13289591156230768,0.027392582261287,0.8701083472245955,5.1743754832193565,1.0651181355581962,0.0
256,596,0.6495570196201079,0.22654358427800006,0.042739345780525274,0.43618262189262863,0.027616941541826964,0.09512763982058914,0.00076269546012489,0.13067533456344632,0.026934875644177767,0.8549353592477003,5.176710984041212,1.065343154214788,0.0
256,600,0.6539164627048066,0.22290643454253423,0.04205316700086554,0.42892817644612347,0.02715762568246239,0.09198969027477233,0.0007375366327093333,0.12849534774730526,0.026485535499039682,0.8400581119491305,5.178999390667331,1.0655632814849534,0.0
256,604,0.6582759057895053,0.21933182499865847,0.04137878695248336,0.4218054167163907,0.026706647515980255,0.08895990478572458,0.0007132450215434601,0.12635510582087078,0.026044387593587192,0.8254698913500921,5.1812417617132525,1.0657786470930948,0.0
256,608,0.662635348874204,0.21581856364733126,0.040715980754769676,0.4148116266068043,0.026263835072480844,0.08603434278410305,0.0006897890327145678,0.12425378430626609,0.025611261985962804,0.8111641655821437,5.183439128722969,1.065989376578871,0.0
256,612,0.6669947919589028,0.21236548475157746,0.04006452848167439,0.407944156151623,0.025829020569147296,0.08320921726908637,0.0006671383035610852,0.122190578927052,0.025185992898241062,0.7971345790115149,5.185592496966409,1.0661955914544918,0.0
256,616,0.6713542350436015,0.20897144814641963,0.039424215031519064,0.40120041958747077,0.02540204028814124,0.08048088833868405,0.0006452636508011744,0.12016470501585223,0.02476841859432791,0.7833749465839825,5.187702846209825,1.0663974093554418,0.0
256,620,0.6757136781283002,0.2056353385704743,0.038794830000896965,0.39457789349120526,0.024982734458701732,0.07784585701602964,0.0006241370210344132,0.11817539694245052,0.024358381262079728,0.7698792483807496,5.189771131460112,1.066594944184923,0.0
256,624,0.6800731212129989,0.20235606501841802,0.03817616756251038,0.3880741149815397,0.024570947143280814,0.0753007593593793,0.000603731443518113,0.11622190756154586,0.023955726899474353,0.7566416243764352,5.191798283684089,1.0667883062523034,0.0
256,628,0.6844325642976976,0.1991325601135609,0.037568026346801335,0.3816866799819046,0.024166526127556428,0.07284236083785345,0.0005840209850742603,0.11430350767938825,0.023560305204673698,0.7436563693905412,5.193785210503702,1.0669776024058382,0.0
256,632,0.6887920073823963,0.19596377949980023,0.03697020932723856,0.3754132415421504,0.023769322814170893,0.07046755096263269,0.0005649807070445871,0.11241948553855345,0.02317196946982525,0.7309179282243348,5.195732796868054,1.067162936159919,0.0
256,636,0.693151450467095,0.1928487012522509,0.03638252370912797,0.36925150821679126,0.02337919212004925,0.06817333816030668,0.000546586624187128,0.1105691463201463,0.02279057647845591,0.7184208909753135,5.1976419057031755,1.0673444078170964,0.0
256,640,0.6975108935517937,0.18978632530588507,0.03580478082182078,0.3631992424976011,0.022995992377158936,0.0659568448754726,0.0005288156654108085,0.10875181166275545,0.02241598640631869,0.7061599885219124,5.199513378540356,1.0675221145851064,0.0
256,644,0.7018703366364925,0.18677567290153618,0.03523679601419746,0.35725425929846194,0.022619585236577838,0.06381530289337434,0.0005116456362742327,0.10696681919751108,0.022048062725558506,0.694130088171388,5.201348036123857,1.067696150689124,0.0
256,648,0.7062297797211912,0.18381578604864957,0.03467838855331119,0.3514144244904578,0.022249835575743625,0.061746048870077175,0.000495055183148407,0.10521352209862535,0.021686672112069347,0.6823261894641853,5.203146678998771,1.0678666074794532,0.0
256,652,0.7105892228058899,0.1809057270041893,0.034129381526079264,0.34567765348529794,0.021886611408763065,0.05974652005954795,0.00047902375895817406,0.1034912886488234,0.021331684355920647,0.6707434201283288,5.204910088079783,1.0680335735348536,0.0
256,656,0.7149486658905886,0.17804457776713176,0.033589601743915,0.3400419098652318,0.021529783799664956,0.05781425023246811,0.0004635315904608839,0.10179950181909715,0.020982972274735886,0.6593770321778172,5.206639025201525,1.068197134761699,0.0
256,660,0.7193081089752873,0.1752314395880001,0.03305887965019743,0.33450520405769757,0.021179226778485404,0.05594686577097718,0.0004485596469356054,0.10013755886223898,0.020640411629911534,0.6482223981490984,5.208334233651223,1.0683573744891437,0.0
256,664,0.723667552059986,0.1724654324929179,0.03253704923047989,0.32906559205302477,0.02083481726007903,0.05414208193667491,0.00043408961026145674,0.09850487091963642,0.02030388104556934,0.6372750074701509,5.20999643868427,1.068514373560478,0.0
256,668,0.7280269951446847,0.1697456948216767,0.0320239479253427,0.32372117416357804,0.02049643496555406,0.05239769930096827,0.00042010384629755153,0.09690086264082927,0.019973261930139215,0.6265304629567694,5.211626348023363,1.0686682104208345,0.0
256,672,0.7323864382293834,0.16707138277933592,0.031519416545798686,0.31847009382279906,0.020163962346233553,0.05071160032974831,0.0004065853775003011,0.09532497181535335,0.019648438400474665,0.6159844774310833,5.213224652341805,1.0688189612014045,0.0
256,676,0.7367458813140821,0.1644416700008911,0.031023299191164186,0.31331053642267154,0.01983728451004938,0.04908174611676941,0.00039351785673295223,0.0937766490164146,0.019329297208406683,0.6056328704573646,5.214792025731519,1.0689666998003142,0.0
256,680,0.7411053243987809,0.16185574712856335,0.030535443169311186,0.30824072818818904,0.019516289150279083,0.04750617325703388,0.00038088554219763257,0.0922553572559554,0.019015727669645828,0.5954715651905769,5.216329126156368,1.0691114979603085,0.0
256,684,0.7454647674834796,0.15931282140128306,0.030055698919219966,0.3032589350874719,0.019200866476539805,0.045982990855236494,0.0003686732734502527,0.09076057165069518,0.018707621594946298,0.5854965853331712,5.217836595891271,1.0692534253433748,0.0
256,688,0.7498242105681783,0.15681211625595512,0.02958391993575445,0.2983634617762306,0.0188909091479569,0.04451037766159516,0.0003568664484367389,0.08929177909874256,0.018404873223449074,0.5757040521959919,5.219315061947639,1.0693925496024412,0.0
256,692,0.754183653652877,0.15435287094010916,0.02911996269658542,0.29355265057532753,0.018586312208428185,0.043086579329951746,0.00034545100150958004,0.08784847796639463,0.018107379158124774,0.566090181859124,5.220765136485621,1.0695289364502742,0.0
256,696,0.7585430967375757,0.15193434013555496,0.02866368659118996,0.2888248804802417,0.018286973023908075,0.04170990579228828,0.0003344133823777455,0.08643017778475348,0.017815038303240098,0.5566512824289527,5.222187417213613,1.0696626497256934,0.0
256,700,0.7629025398222744,0.1495557935926762,0.028214953851857908,0.2841785662012889,0.017992791221639066,0.040378728744087766,0.0003237405359453121,0.0850363989558064,0.01752775180377489,0.5473837513876126,5.223582487775488,1.0697937514572176,0.0
256,704,0.7672619829069731,0.1472165157750096,0.027773629486638734,0.27961215723349414,0.017703668631260612,0.039091479236390114,0.00031341988300552894,0.08366667246762884,0.017245422986719623,0.5382840730313662,5.224950918125978,1.0699223019242536,0.0
256,708,0.7716214259916718,0.14491580551377142,0.027339581214165052,0.27512413695506177,0.017419509227728686,0.03784664536766513,0.00030343930173517604,0.08232053961838509,0.016967957304186255,0.5293488159945047,5.226293264894613,1.070048359715928,0.0
256,712,0.7759808690763705,0.1426529756720045,0.026912679400291174,0.27071302175342893,0.017140219075981775,0.03664277007351302,0.000293787109973265,0.08099755174881326,0.01669526227826787,0.5205746308554913,5.227610071738624,1.0701719817876634,0.0
256,716,0.7803403121610692,0.14042735281803112,0.026492796996487232,0.26637736017792635,0.016865706277291514,0.03547844900771224,0.00028445204823212606,0.07969726998289367,0.0164272474475851,0.5119582478222944,5.228901869685184,1.0702932235155938,0.0
256,720,0.784699755245768,0.1382382769079107,0.02607980947993217,0.262115732118114,0.01659588091723896,0.034352328511999985,0.00027542326341991805,0.07841926497641294,0.016163824315460026,0.5034964744939157,5.2301691774633525,1.070412138748908,0.0
256,724,0.7890591983304667,0.13608510097660975,0.025673594795250353,0.25792674800689225,0.016330655015259463,0.03326310366873031,0.00026669029322761833,0.07716311667314599,0.015904906299660244,0.49518619369521877,5.231412501826087,1.0705287798602097,0.0
256,728,0.7934186414151654,0.1339671908376042,0.02527403329783906,0.2538090480475254,0.016069942475701638,0.03220951643538683,0.00025824305117228994,0.07592841406839043,0.015650408683658454,0.48702436138241234,5.23263233786265,1.0706431977939748,0.0
256,732,0.7977780844998641,0.13188392479064467,0.024881007698735934,0.24976130146375083,0.015813659040347927,0.031190353854412933,0.00025007181224421426,0.0747147549795973,0.01540024856935473,0.47900800461651105,5.233829169301729,1.070755442113186,0.0
256,736,0.8021375275845628,0.12983469333742348,0.02449440301097716,0.24578220577217513,0.015561722242346303,0.030204446337222635,0.0002421671991487752,0.07352174582385272,0.015154344831210911,0.471134219602244,5.235003468805616,1.0708655610442193,0.0
256,740,0.8064969706692615,0.12781889890489317,0.024114106497399236,0.24187048607619327,0.015314051361504707,0.02925066601733306,0.000234520169102532,0.0723490014019745,0.014912618071748464,0.4634001697901073,5.2361556982557005,1.0709736015200573,0.0
256,744,0.8108564137539602,0.12583595557599467,0.02374000761983853,0.2380248943806932,0.015070567380901501,0.028327925172561663,0.00022712200118302656,0.0711961446889961,0.01467499057836292,0.45580308403912806,5.237286309029607,1.071079609221891,0.0
256,748,0.8152158568386589,0.12388528882756278,0.023371997989684992,0.23424420892684097,0.014831192944767329,0.02743517470793222,0.00021996428416532873,0.07006280663082078,0.014441386281410118,0.4483402548382094,5.238395742270233,1.071183628619188,0.0
256,752,0.8195752999233576,0.12196633527518384,0.0230099713197474,0.2305272335462639,0.014595852317595172,0.026571402703268632,0.00021303890487722296,0.0689486259468356,0.01421173071352087,0.4410090365839153,5.239484429146962,1.0712857030082739,0.0
256,756,0.8239347430080564,0.12007854242478909,0.022653823377389363,0.22687279703397714,0.014364471344437134,0.025735633017006876,0.0002063380370051297,0.06785324893828318,0.013985950970102452,0.4338068439126422,5.240552791109317,1.071385874549505,0.0
256,760,0.8282941860927551,0.11822136843077552,0.022303451938896792,0.2232797525394267,0.014136977412348272,0.02492692394707774,0.0001998541303575974,0.06677632930219803,0.013763975670987047,0.4267311500852472,5.24160124013328,1.071484184303074,0.0
256,764,0.8326536291774538,0.11639428186045263,0.021958756745038825,0.2197469769750401,0.013913299412938942,0.024144366944881313,0.00019357990055446318,0.06571752795072008,0.013545734923188545,0.41977948542220717,5.242630178960557,1.0715806722635155,0.0
256,768,0.8370130722621525,0.11459676146462056,0.02161963945778544,0.2162733704417047,0.013693367705998893,0.023387085381159523,0.00018750831913211114,0.06467651283560613,0.013331160284730744,0.41294943578760057,5.2436400013309745,1.0716753773929548,0.0
256,772,0.8413725153468512,0.11282829595409215,0.021286003618146497,0.2128578556706094,0.013477114084157433,0.022654233360412945,0.00018163260403793942,0.06365295877776568,0.013120184729511175,0.4062386411200679,5.244631092208263,1.0717683376531584,0.0
256,776,0.8457319584315499,0.11108838378197908,0.020957754605098165,0.20949937748091343,0.013264471738545676,0.0219449945825545,0.0001759462105035538,0.0626465473016559,0.012912742613166496,0.3996447940091644,5.245603827999426,1.0718595900364292,0.0
256,780,0.8500914015162486,0.10937653293156631,0.02063479959556368,0.20619690225271978,0.013055375225427813,0.021258581249355757,0.00017044282227709047,0.06165696647437445,0.012708769639906213,0.39316563831550294,5.246558576767904,1.0719491705953934,0.0
256,784,0.8544508446009473,0.10769226070960725,0.020317047525416743,0.2029494174148535,0.012849760433769746,0.02059423301454899,0.00016511634320555318,0.060683910749296445,0.012508202830283038,0.386798967833119,5.247495698440728,1.0720371144717242,0.0
256,788,0.858810287685646,0.10603509354487616,0.02000440905147673,0.19975593094696206,0.012647564553714526,0.019951215974231218,0.00015996088914027568,0.059727080814106694,0.012310980489869212,0.38054262499260777,5.248415545009873,1.0721234559238455,0.0
256,792,0.8631697307703448,0.10440456679182211,0.01969679651446638,0.19661547089547496,0.012448726045935296,0.019328821697797594,0.0001549707801673324,0.05878618344308464,0.012117042178809384,0.3743944996036223,5.249318460727965,1.0722082283536527,0.0
256,796,0.8675291738550435,0.10280022453917109,0.019394123902902963,0.1935270849029727,0.012253184611837246,0.018726366295595653,0.00015014053313236196,0.057860931353503495,0.01192632868222152,0.3683525276353294,5.250204782298545,1.0722914643322932,0.0
256,800,0.8718886169397422,0.10122161942333174,0.01909630681789573,0.19048983975053724,0.012060881164581488,0.0181431895242099,0.00014546485446709632,0.056951043066011696,0.011738781981418651,0.3624146900336036,5.251074839061057,1.072373195625039,0.0
256,804,0.8762480600244409,0.09966831244646139,0.018803262438822528,0.18750282091266457,0.011871757800904308,0.01757865392517033,0.00014093863328386901,0.05605624276886757,0.01155434522592484,0.35657901157357924,5.25192895317071,1.0724534532152938,0.0
256,808,0.8806075031091396,0.09813987279905713,0.01851490948986012,0.18456513212434292,0.011685757773706684,0.017032143998051197,0.00013655693474585136,0.055176260185905115,0.011372962706260212,0.35084355974645354,5.2527674397734,1.0725322673277615,0.0
256,812,0.8849669461938383,0.09663587768693899,0.018231168207343124,0.18167589495990763,0.011502825465389447,0.01650306540472002,0.00013231499368703814,0.054310830448111025,0.01119457982747034,0.34520644367930986,5.253590607175823,1.0726096674508114,0.0
256,816,0.889326389278537,0.0951559121624981,0.017951960307927547,0.1788342484233021,0.01132290636191061,0.015990844204623045,0.00012820820848107183,0.0534596939686992,0.011019143083376527,0.3396658130868955,5.254398757010942,1.0726856823580726,0.0
256,820,0.8936858323632357,0.09369956896008587,0.017677208957535596,0.1760393485493852,0.01114594702754212,0.015494926118947205,0.0001242321351415867,0.052622596321571416,0.010846600031524049,0.33421985725420034,5.255192184398937,1.0727603401292873,0.0
256,824,0.8980452754479344,0.09226644833542565,0.017406838741059315,0.1732903680159399,0.01097189508030414,0.015014775823544824,0.00012038248165316115,0.0517992881230586,0.010676899268806599,0.3288668040488973,5.255971178103802,1.072833668170448,0.0
256,828,0.9024047185326332,0.09085615790893102,0.01714077563280129,0.17058649576604848,0.010800699168055714,0.014549876268972639,0.00011665510251966198,0.05098952491683905,0.010509990407745567,0.32360491896254506,5.256736020685695,1.0729056932332508,0.0
256,832,0.9067641616173319,0.08946831251281948,0.016878946967631356,0.16792693664051286,0.010632308945221412,0.014099728024746128,0.00011304599350673719,0.05019306706193517,0.010345824053403854,0.3184325041796712,5.257486988649182,1.072976441433889,0.0
256,836,0.9111236047020306,0.08810253404191336,0.01662128141283894,0.1653109110200087,0.0104666750501343,0.013663848651219723,0.00010955128660580222,0.04940967962369261,0.010184351780914438,0.3133478976737586,5.258224352587511,1.0730459382712092,0.0
256,840,0.9154830477867293,0.08675845130802451,0.016367708940661505,0.16273765447667515,0.010303749082976306,0.01324177209227173,0.00010616724516482982,0.04863913226765015,0.010025526113604768,0.3083494723292786,5.258948377323013,1.073114208644262,0.0
256,844,0.919842490871428,0.08543569989782052,0.016118160801469838,0.16020641743484815,0.010143483584297518,0.012833048093682464,0.00010289025922513814,0.04788119915621045,0.009869300501698482,0.3034356350888784,5.259659322043768,1.0731812768692606,0.0
256,848,0.9242019339561267,0.08413392203407623,0.015872569497591964,0.15771646484066115,0.009985832014096929,0.012437241641009678,9.971684101450013e-05,0.04713565884802681,0.009715629301576946,0.2986048261249296,5.26035744043663,1.0732471666959773,0.0
256,852,0.9285613770408254,0.08285276644021496,0.015630868757757734,0.15526707584024071,0.009830748731447358,0.012053932420030833,9.664362062118497e-05,0.04640229420002197,0.009564467755583306,0.29385551803462373,5.261042980816744,1.0733119013235952,0.0
256,856,0.9329208201255241,0.08159188820804907,0.015392993512146954,0.1528575434662395,0.009678188974648264,0.011682714297307939,9.366734182933423e-05,0.04568089227195972,0.009415771972352749,0.2891862150578319,5.26171618625363,1.0733755034160362,0.0
256,860,0.9372802632102228,0.0803509486686302,0.015158879868024219,0.1504871743324528,0.009528108841890355,0.011323194819283344,9.078485810291174e-05,0.04497124423349145,0.009269498907652867,0.2845954523170493,5.262377294693958,1.073437995116785,0.0
256,864,0.9416397062949216,0.07912961526612514,0.014928465085944519,0.1481552883362786,0.009380465272416833,0.010974994731213883,8.799312872870955e-05,0.044273145273603653,0.00912560634571894,0.28008179507860165,5.263026539081108,1.0734993980632301,0.0
256,868,0.9459991493796203,0.07792756143463198,0.014701687556513594,0.14586121836878288,0.009235216028166139,0.010637747512078022,8.528921508741899e-05,0.043586394512393045,0.00898405288106895,0.2756438380345584,5.263664147471597,1.0735597334005347,0.0
256,872,0.950358592464319,0.07674446647785901,0.014478486777688336,0.14360431003214782,0.009092319675882175,0.010311098929946638,8.267027708877103e-05,0.042910794915101316,0.008844797900784403,0.2712802046046011,5.264290343148487,1.0736190217950594,0.0
256,876,0.9547180355490177,0.07558001545158677,0.014258803332602267,0.14138392136428188,0.008951735569677953,0.00999470661020041,8.013356970967549e-05,0.04224615320834097,0.008707801567242728,0.26698954625721105,5.26490534473184,1.0736772834473525,0.0
256,880,0.9590774786337164,0.0744338990488383,0.014042578867901966,0.13919942257038057,0.008813423834039354,0.009688239622050787,7.767643967911127e-05,0.04159227979844794,0.008573024801288078,0.26277054184962756,5.265509366286318,1.073734538104721,0.0
256,884,0.9634369217184151,0.07330581348768511,0.013829756072580694,0.1370501957612335,0.008677345347256008,0.00939137807915813,7.529632227604189e-05,0.04094898869189768,0.00844042926582745,0.25862189698589955,5.2661026174260135,1.073790805073401,0.0
256,888,0.9677963648031138,0.0721954604016176,0.01362027865729588,0.134935634698081,0.008543461725266864,0.009103812755768104,7.299073825175026e-05,0.04031609741772459,0.008309977349839735,0.25454234339251275,5.266685303416584,1.0738461032303415,0.0
256,892,0.9721558078878125,0.07110254673241155,0.013414091334157477,0.13285514454382824,0.008411735305908304,0.008825244715922054,7.075729085699542e-05,0.039693426951885546,0.008181632152785475,0.2505306383110186,5.267257625274769,1.073900451034611,0.0
256,896,0.9765152509725112,0.07002678462542498,0.013211139796974837,0.13080814162043378,0.00828212913355316,0.008555384957105616,6.859366298492928e-05,0.03908080164351146,0.0080553574694058,0.2465855639071496,5.267819779865364,1.0739538665384505,0.0
256,900,0.98087469405721,0.06896789132725989,0.013011370701949736,0.1287940531722925,0.008154606944129304,0.008293954066289189,6.64976144133664e-05,0.03847804914299136,0.00793111777489908,0.24270592669587013,5.268371959995733,1.0740063673979738,0.0
256,904,0.9852341371419087,0.06792558908572739,0.01281473164880397,0.1268123171354417,0.008029133150506886,0.008040681888701329,6.446697914914115e-05,0.03788500033183651,0.007808878210464464,0.2388905569819217,5.268914354507924,1.0740579708835372,0.0
256,908,0.9895935802266074,0.06689960505205575,0.01262117116233007,0.12486238191242258,0.007905672828243693,0.0077953072085392705,6.249966286817216e-05,0.037301489254273165,0.007688604569201752,0.2351383083153139,5.2694471483684415,1.0741086938897848,0.0
256,912,0.9939530233113061,0.0658896711852821,0.01243063867435401,0.12294370615263639,0.007784191701678364,0.0075575774413323416,6.059364044895486e-05,0.03672735305051415,0.007570263282357287,0.23144805696136936,5.269970522755769,1.0741585529453843,0.0
256,916,0.9983124663960048,0.0648955241587716,0.012243084506099245,0.12105575853803821,0.007664656130361577,0.00732724833761722,5.8746953596747935e-05,0.03616243189166171,0.007453821405906092,0.22781870138483434,5.270484655145691,1.0742075642224618,0.0
256,920,1.0026719094807035,0.06391690526880861,0.012058459850941691,0.11919801757401818,0.007547033095815676,0.007104083696845009,5.695770854979442e-05,0.0356065689161948,0.007339246607460602,0.22424916174761703,5.270989719394468,1.0742557435457483,0.0
256,924,1.0070313525654022,0.06295356034520637,0.011876716757545475,0.11736997138532297,0.00743129018861342,0.00688785509146328,5.52240738671216e-05,0.03505961016799619,0.007226507153496764,0.22073837941979133,5.271485885819944,1.074303106401447,0.0
256,928,1.011390795650101,0.062005239663883965,0.01169780811336986,0.11557111751687786,0.0073173955957670156,0.006678341602196269,5.3544278306123265e-05,0.03452140453587625,0.007115571896888654,0.21728531650337693,5.271973321280631,1.07434966794583,0.0
256,932,1.0157502387347996,0.0610716978613592,0.011521687628537593,0.11380096273936986,0.007205318088418596,0.006475329560259979,5.191660875574323e-05,0.03399180369455051,0.007006410264742727,0.2138889553685976,5.272452189252821,1.0743954430135776,0.0
256,936,1.0201096818194983,0.060152693851109225,0.011348309820055654,0.11205902285946144,0.0070950270098238824,0.006278612302139663,5.033940827037906e-05,0.03347066204703118,0.006898992246523537,0.21054829820220022,5.272922649905807,1.0744404461258652,0.0
256,940,1.024469124904197,0.05924799074175152,0.011177629996379402,0.1103448225345056,0.006986492263620858,0.006087989930222193,4.88110741507279e-05,0.03295783666839287,0.006793288382462683,0.20726236656744554,5.273384860175231,1.0744846914982076,0.0
256,944,1.0288285679888958,0.058357355756999,0.011009604242311434,0.10865789509163797,0.0068796843023755634,0.00590326908292127,4.733005610074214e-05,0.03245318725087421,0.006689269752243127,0.20403020097546623,5.273838973834637,1.0745281930480721,0.0
256,948,1.0331880110735945,0.05748056015734491,0.010844189404226795,0.10699778235112668,0.0067745741163974795,0.005724262714124961,4.589485445932775e-05,0.03195657605027905,0.006586907963951382,0.2008508604676661,5.274285141565263,1.0745709644022623,0.0
256,952,1.0375474541582932,0.05661737916343346,0.010681343075616193,0.10536403445386089,0.006671133222816949,0.005550789878270734,4.4504018477161674e-05,0.031467867833640514,0.00648617514328999,0.19772342220874667,5.27472351102413,1.074613018904088,0.0
256,956,1.041906897242992,0.055767591881075405,0.010521023582939566,0.10375620969286879,0.006569333654917724,0.0053826755249133384,4.315614466961909e-05,0.030986929828114473,0.006387043923043424,0.19464698109015954,5.275154226910464,1.0746543696203212,0.0
256,960,1.0462663403276906,0.05493098122786639,0.010363189971782018,0.10217387434875269,0.006469147951717521,0.005219750299829684,4.1849875222111635e-05,0.030513631671067958,0.0062894874327902705,0.19162064934357734,5.275577431030513,1.0746950293479518,0.0
256,964,1.0506257834123893,0.05410733386136903,0.010207801993304764,0.10061660252893627,0.006370549147789952,0.005061850352319652,4.058389644510224e-05,0.030047845361330358,0.006193479288855109,0.18864355616418177,5.275993262360778,1.0747350106207434,0.0
256,968,1.054985226497088,0.0532964401088204,0.010054820090983864,0.09908397601062205,0.006273510763321354,0.004908817151090261,3.9356937297937805e-05,0.029589445211576162,0.00609899358449361,0.18571484734339036,5.27640185710973,1.074774325715603,0.0
256,972,1.0593446695817867,0.05249809389832652,0.00990420538762948,0.09757558408735782,0.006178006794396141,0.004760497305142053,3.816776795278774e-05,0.02913830780180806,0.006006004880304446,0.18283368491082128,5.276803348778023,1.0748129866587652,0.0
256,976,1.0637041126664855,0.0517120926915091,0.009755919672679123,0.09609102341911847,0.006084011703504706,0.004616742390965101,3.7015198409170465e-05,0.028694311933912007,0.005914488194862157,0.1799992467851862,5.277197868217275,1.0748510052317983,0.0
256,980,1.0680635557511842,0.05093823741756726,0.00960992538975784,0.0946298978858063,0.005991500410267797,0.004477408786954129,3.589807716635996e-05,0.028257338587254203,0.0058244189955647665,0.1772107264338633,5.277585543687427,1.0748883929774427,0.0
256,984,1.0724229988358829,0.05017633240872149,0.009466185624499189,0.09319181844408185,0.0059004482823717345,0.004342357512541639,3.4815289933619286e-05,0.027827270875293346,0.005735773189690686,0.17446733254092306,5.277966500912735,1.074925161205279,0.0
256,988,1.0767824419205816,0.04942618533700543,0.009324664092620456,0.09177640298743636,0.005810831126708896,0.004211454072731158,3.3765758383730285e-05,0.027403994003180606,0.005648527115659188,0.17176828868330726,5.2783408631364255,1.0749613209972397,0.0
256,992,1.0811418850052803,0.04868760715237384,0.009185325128246227,0.09038327620942095,0.005722625180718054,0.0040845683092243235,3.274843895938988e-05,0.026987395226321688,0.005562657534489198,0.16911283301501662,5.278708751174058,1.074996883212963,0.0
256,996,1.085501328089979,0.04796041202209477,0.009048133672474203,0.08901206946995005,0.005635807103919366,0.003961574255697542,3.17623217128761e-05,0.026577363809875302,0.0054781416214510935,0.16650021795898445,5.27907028346561,1.0750318584949994,0.0
256,1000,1.0898607711746777,0.04724441727139474,0.00891305526217741,0.08766242066459773,0.005550353969638866,0.00384234999836508,3.080642918809857e-05,0.026173790989163438,0.005394956957906449,0.16392970990649203,5.279425576126338,1.0750662572738718,0.0
256,1004,1.0942202142593764,0.0465394433253286,0.008780056019037474,0.08633397409681148,0.005466243256917659,0.0037267775418285964,2.987981534503359e-05,0.025776569930970227,0.005313081523330935,0.16140058892385337,5.279774742996435,1.0751000897729965,0.0
256,1008,1.0985796573440751,0.045845313651843446,0.008649102638803145,0.08502638035296607,0.005383452842600954,0.0036147426780530623,2.898156450922534e-05,0.025385595695705636,0.0052324936875154755,0.1589121484662392,5.280117895689525,1.0751333660134665,0.0
256,1012,1.1029391004287739,0.04516185470600972,0.00852016238076902,0.08373929618018545,0.0053019609936023416,0.003506134862448107,2.8110790378255554e-05,0.025000765200412025,0.005153172202941138,0.15646369509837096,5.280455143640013,1.075166095818706,0.0
256,1016,1.1072985435134726,0.044488895875391045,0.008393203057469116,0.08247238436686109,0.005221746359338802,0.003400847091597825,2.726663504142989e-05,0.024621977182591657,0.005075096197323241,0.1540545482219015,5.280786594149331,1.0751982888189953,0.0
256,1020,1.1116579865981713,0.04382626942652693,0.008268193024580381,0.08122531362579846,0.005142787964332118,0.0032987757867886103,2.6448268045950597e-05,0.024249132164834142,0.00499824516632034,0.15168403980936088,5.281112352431099,1.075229954455876,0.0
256,1024,1.11601742968287,0.04317381045250191,0.008145101171031165,0.07999775847992437,0.005065065200972419,0.003199820680947596,2.5654885490434017e-05,0.023882132420223367,0.004922598966403884,0.14935151414439618,5.281432521655248,1.075261101986434,0.0
256,1028,1.1203768727675687,0.04253135682157575,0.008023896909309887,0.07878939915048995,0.004988557822439749,0.003103884709275917,2.488570914805174e-05,0.023520881938503834,0.004848137807884403,0.14705632756819714,5.281747202991096,1.0752917404874678,0.0
256,1032,1.1247363158522674,0.04189874912685106,0.007904550165969405,0.07759992144770805,0.004913245935779761,0.0030108739044294452,2.4139985626131537e-05,0.02316528639298773,0.004774842248090374,0.14479784823192074,5.282056495649454,1.0753218788595473,0.0
256,1036,1.1290957589369661,0.04127583063695318,0.0077870313723223585,0.07642901666376123,0.004839109995129505,0.0029206972942574794,2.3416985546267006e-05,0.02281525310818323,0.004702693184695747,0.1425754558549249,5.28236049692373,1.0753515258309605,0.0
256,1040,1.1334552020216648,0.04066244724769965,0.007671311455323222,0.07527638146812268,0.00476613079508967,0.0028332668035204733,2.271600275632951e-05,0.022470691028126332,0.004631671849192483,0.14038854148869379,5.282659302230111,1.0753806899615597,0.0
256,1044,1.1378146451063635,0.040058447434737215,0.007557361828632862,0.07414171780513297,0.004694289464239639,0.002748497159529961,2.203635357392676e-05,0.022131510685398745,0.004561759800504508,0.13823650728626838,5.282953005146804,1.0754093796465027,0.0
256,1048,1.1421740881910623,0.03946368220712287,0.007445154383861226,0.0730247327937742,0.004623567458791687,0.002666305799834845,2.137737604626829e-05,0.021797624170814097,0.00449293891873941,0.13611876627705924,5.283241697452389,1.0754376031198989,0.0
256,1052,1.146533531275761,0.038878005061829035,0.007334661481984353,0.07192513862958999,0.004553946556381035,0.002586612783431974,2.073842923828733e-05,0.021468945103756517,0.004425191399074619,0.1340347421468604,5.283525469163283,1.0754653684583562,0.0
256,1056,1.1508929743604597,0.03830127193915073,0.007225855944931569,0.07084265248869621,0.004485408849988275,0.0025093407058989214,2.011889255220924e-05,0.021145388603154874,0.004358499745774591,0.1319838690229673,5.283804408570364,1.075492683584439,0.0
256,1060,1.1552524174451584,0.0377333411789952,0.007118711047339159,0.06977699643383253,0.004417936741991022,0.0024344146157204705,1.95181650566907e-05,0.020826871259077343,0.004292846766335868,0.12996559126424614,5.284078602274745,1.075519556270034,0.0
256,1064,1.159611860529857,0.037174073478033594,0.007013200508466669,0.06872789732240384,0.004351512938341548,0.0023617619351625763,1.8935664852418664e-05,0.020513311104930793,0.004228215565756803,0.12797936325600134,5.284348135222747,1.0755459941396315,0.0
256,1068,1.1639713036145558,0.036623331847695936,0.006909298484272301,0.06769508671646411,0.004286120442867398,0.0022913123827947857,1.8370828450926074e-05,0.020204627590250428,0.004164589540928939,0.12602464920953935,5.28461309074008,1.0755720046735213,0.0
256,1072,1.1683307466992545,0.03608098157299024,0.0068069795596438065,0.06667830079459508,0.004221742551691986,0.0022229978984569243,1.782311017300468e-05,0.019900741554065144,0.004101952375147063,0.12410092296631162,5.284873550565241,1.0755975952109058,0.0
256,1076,1.1726901897839532,0.035546890172126935,0.006706218740781286,0.0656772802656327,0.004158362847772172,0.0021567525716932323,1.7291981574918488e-05,0.01960157519882433,0.004040288032734984,0.12220766780647839,5.285129594882172,1.0756227729529366,0.0
256,1080,1.177049632868652,0.035020927356932276,0.006606991447728847,0.06469177028420008,0.004095965195550229,0.0020925125713233683,1.6776930883732182e-05,0.019307052064873285,0.003979580753784393,0.1203443762618207,5.285381302352179,1.0756475449656713,0.0
256,1084,1.1814090759533507,0.03450296499403138,0.0065092735070514645,0.06372152036799948,0.004034533735717173,0.0020302160790492962,1.6277462464997626e-05,0.019017097005463057,0.003919815049003873,0.11851054993285945,5.285628750145128,1.0756719181829584,0.0
256,1088,1.1857685190380494,0.03399287706678562,0.006413041144654146,0.06276628431682489,0.0039740528800850375,0.001969803223573763,1.579309629454211e-05,0.018731636162282635,0.0038609756946755805,0.1167056993100855,5.285872013969955,1.0756958994092478,0.0
256,1092,1.190127962122748,0.03349053963796664,0.006318270978740074,0.06182582013325184,0.003914507306565346,0.0019112160176177895,1.532336745349972e-05,0.018450596941500544,0.0038030477277169275,0.11492934359917263,5.286111168104484,1.0757194953223332,0.0
256,1096,1.1944874052074468,0.032995830813151814,0.006224940012904855,0.060899889944966215,0.0038558819542513527,0.0018543982976666484,1.486782564521864e-05,0.01817390799030397,0.003746016440844811,0.11318101055013426,5.286346285424586,1.0757427124760237,0.0
256,1100,1.1988468482921455,0.03250863070482444,0.006133025629363713,0.05998825992869174,0.003798162018601499,0.0017992956647390201,1.4426034720371852e-05,0.017901499173923207,0.003689867377839879,0.11146023629019673,5.286577437432689,1.0757655573027516,0.0
256,1104,1.2032062913768442,0.032028821397164405,0.0060425055823089616,0.05909070023568027,0.003741332946721832,0.0017458554272593574,1.3997572218930571e-05,0.017633301553130414,0.003634586328908561,0.10976656516045663,5.286804694285657,1.0757880361161152,0.0
256,1108,1.207565734461543,0.03155628691151374,0.005953357991394786,0.05820698491872697,0.003685380432744959,0.0016940265467155768,1.3582028934469297e-05,0.01736924736220121,0.0035801593261405,0.108099549556097,5.287028124822048,1.0758101551133592,0.0
256,1112,1.2119251775462416,0.031090913172502423,0.005865561335346592,0.05733689186067492,0.0036302904133033134,0.001643759584169402,1.3179008485307079e-05,0.01710926998732814,0.0035265726390591202,0.1064587497701114,5.287247796588778,1.0758319203777942,0.0
256,1116,1.2162846206309403,0.030632587974821116,0.005779094445692409,0.05648020270437555,0.003576049063094591,0.0015950066488130688,1.2788126902055714e-05,0.016853303945475916,0.003473812770263264,0.1048437338404818,5.2874637758671845,1.0758533378811577,0.0
256,1120,1.220644063715639,0.030181200950625358,0.005693936500613412,0.05563670278406869,0.0035226427905370736,0.0015477213483450214,1.2409012229751867e-05,0.01660128486366726,0.003421866451157571,0.10325407740067209,5.287676127698535,1.075874413485919,0.0
256,1124,1.2250035068003378,0.029736643537559757,0.005610067018911424,0.054806181058152756,0.003470058233512966,0.0015018587411645967,1.2041304144573132e-05,0.016353149458690423,0.003370720637769783,0.10168936353338831,5.287884915908955,1.0758951529475271,0.0
256,1128,1.2293629498850365,0.029298808947387175,0.005527465854090542,0.05398843004330987,0.003418282255197523,0.00145737528924883,1.1684653576023067e-05,0.016108835517217656,0.0033203625066527518,0.10014918262749478,5.2880902031338355,1.0759155619166043,0.0
256,1132,1.2337223929697352,0.02886759213521123,0.005446113188550707,0.053183245749957045,0.003367301939972136,0.0014142288142124926,1.133872235463809e-05,0.015868281876325753,0.003270779450869323,0.09863313223805587,5.288292050841682,1.0759356459410907,0.0
256,1136,1.238081836054434,0.028442889769278907,0.005365989527890715,0.052390427618991736,0.0033171045894193688,0.0013723784530839112,1.1003182857415668e-05,0.01563142840440913,0.0032219590760581263,0.09714081694935386,5.288490519357462,1.0759554104683335,0.0
256,1140,1.2424412791391326,0.028024600201351408,0.005287075695318428,0.0516097784598029,0.003267677718398126,0.0013317846163545255,1.0677717671472387e-05,0.01539821598247648,0.003173889196578433,0.09567184824089388,5.28868566788544,1.07597486084713,0.0
256,1144,1.2468007222238313,0.02761262343763164,0.005209352826166001,0.05084110438951979,0.0032190090511971833,0.0012924089478474343,1.036201927228598e-05,0.015168586485822677,0.0031265578317323586,0.094225844356227,5.288877554531513,1.0759940023297199,0.0
256,1148,1.25116016530853,0.027206861110234917,0.00513280236250759,0.0500842147734667,0.0031710865177650756,0.001254214284756472,1.0055789703304581e-05,0.014942482766066191,0.003079953202062403,0.09280243017463231,5.289066236325066,1.076012840073734,0.0
256,1152,1.2555196083932287,0.02680721644919453,0.005057406047877969,0.04933892216680252,0.003123898250014997,0.0012171646203569253,9.758740276976136e-06,0.014719848633545552,0.003034063725723,0.09140123708546903,5.289251769240356,1.076031379144095,0.0
256,1156,1.2598790514779274,0.02641359425498805,0.0049831459220893905,0.048605042257312575,0.003077432578202666,0.0011812250664320345,9.470591273499072e-06,0.014500628840064976,0.0029888780149240368,0.09002190286524869,5.289434208217434,1.0760496245148738,0.0
256,1160,1.2642384945626262,0.026025900871575556,0.004910004316145013,0.047882393809330875,0.0030316780273757526,0.0011463618185416635,9.191071662360359e-06,0.014284769061982497,0.0029443848724449682,0.08866407155725634,5.289613607182622,1.0760675810711056,0.0
256,1164,1.2685979376473249,0.025644044159938015,0.004837963847246702,0.04717079860876529,0.002986623313893146,0.0011125421206656938,8.91991881886035e-06,0.014072215883632205,0.0029005732882178,0.08732739335375317,5.2897900190685325,1.0760852536105603,0.0
256,1168,1.2729573807320236,0.02526793347210635,0.004767007413895392,0.04647008140920258,0.002942257342012589,0.0010797342332011794,8.656878267526733e-06,0.013862916781073611,0.002857432435977497,0.0860115244806307,5.28996349583369,1.0761026468454757,0.0
256,1172,1.2773168238167223,0.024897479625670446,0.004697118191081999,0.045780069879068463,0.0028985692005451115,0.0010479073990268262,8.401703410033076e-06,0.013656820106160518,0.002814951669978253,0.08471612708446796,5.2901340884816985,1.0761197654042483,0.0
256,1176,1.281676266901421,0.02453259487875873,0.004628279625567109,0.04510059454981994,0.002855548159574824,0.0010170318144560042,8.154155292311655e-06,0.013453875070922503,0.002773120521774189,0.0834408691219861,5.2903018470800305,1.0761366138330881,0.0
256,1180,1.2860357099861197,0.024173192905478185,0.004560475431247526,0.04443148876514646,0.002813183667242586,0.0009870785970065299,7.914002346144445e-06,0.013254031732251915,0.0027319286970630295,0.08218542425177874,5.290466820778397,1.0761531965976336,0.0
256,1184,1.2903951530708184,0.02381918877180581,0.004493689584608,0.04377258863115844,0.0027714653465921854,0.000958019757774764,7.681020167669646e-06,0.013057240976889753,0.0026913660725913845,0.08094947172828376,5.290629057826728,1.076169518084532,0.0
256,1188,1.2947545961555171,0.023470498911922398,0.004427906320256394,0.04312373296754162,0.002730382992477674,0.0009298281726728419,7.454991286773279e-06,0.012863454506703946,0.002651422693120298,0.07973269629796272,5.2907886055927875,1.076185582602983,0.0
256,1192,1.2991140392402158,0.023127041104979085,0.004363110126540497,0.042484763259655216,0.0026899265685304567,0.0009024775546322417,7.235704944228483e-06,0.012672624824253355,0.0026120887684496943,0.07853478809762887,5.290945510579396,1.0762013943862472,0.0
256,1196,1.3034734823249146,0.022788734452288746,0.004299285741244988,0.04185552361155479,0.0026500862041849305,0.0008759424285358364,7.022956890710713e-06,0.012484705218631598,0.0025733546705004945,0.07735544255484525,5.291099818441302,1.0762169575931233,0.0
256,1200,1.3078329254096133,0.022455499354932972,0.004236418147366814,0.041235860699918615,0.0026108521917613285,0.0008501981038193662,6.816549167127278e-06,0.012299649751584305,0.0025352109304531026,0.07619436029039182,5.291251574001692,1.0762322763093901,0.0
256,1204,1.312192368494312,0.022127257491776405,0.004174492568967396,0.040625623728858314,0.0025722149836045526,0.0008252206516772276,6.616289921862446e-06,0.012117413243893977,0.0024976482359410405,0.0750512470227108,5.291400821268359,1.0762473545492175,0.0
256,1208,1.3165518115790107,0.021803931797880607,0.004113494467100237,0.040024664385595175,0.0025341651892778123,0.0008009868796534647,6.421993207058164e-06,0.011937951262026729,0.0024606574282985696,0.07392581347428104,5.291547603449525,1.076262196256546,0.0
256,1212,1.3209112546637094,0.021485446443309252,0.004053409535812336,0.03943283679698345,0.0024966935728098967,0.0007774743089044023,6.233478796314907e-06,0.011761220105035268,0.0024242294998611225,0.07281777527996376,5.29169196296933,1.0762768053064367,0.0
256,1216,1.325270697748408,0.02117172681231677,0.003994223698217956,0.03884999748686224,0.002459791049994904,0.0007546611523707725,6.050572009684508e-06,0.011587176791712527,0.002388355591317405,0.0717268528971354,5.291833941483015,1.0762911855063908,0.0
256,1220,1.3296301408331068,0.02086269948291248,0.003935923102643222,0.038276005334217676,0.002423448685743275,0.0007325262921540343,5.873103532282514e-06,0.011415779047990357,0.0023530269891120074,0.07065277151767203,5.291973579891762,1.0763053405976408,0.0
256,1224,1.3339895839178055,0.020558292206793734,0.0038784941188403457,0.03771072153214011,0.0023876576914831672,0.00071104925933696,5.700909252497696e-06,0.011246985294578668,0.0023182351228975733,0.0695952609816951,5.292110918357245,1.0763192742564138,0.0
256,1228,1.3383490270025042,0.020258433889639865,0.0038219233342699074,0.03715400954755759,0.0023524094226109733,0.0006902102128378829,5.53383009245385e-06,0.011080754634839294,0.002283971563035358,0.0685540556930942,5.292245996315867,1.0763329900951666,0.0
256,1232,1.342708470087203,0.01996305457175988,0.0037661975504498873,0.03660573508172964,0.0023176953759899816,0.0006699899204249959,5.371711855790012e-06,0.010917046842889744,0.0022502280181431644,0.06752889453665822,5.29237885249271,1.0763464916637955,0.0
256,1236,1.3470679131719017,0.01967208540908758,0.0037113037793702307,0.03606576603148623,0.002283507187496221,0.0006503697397306496,5.214405075440678e-06,0.010755822351932265,0.0022169963326897236,0.066519520796967,5.2925095249151894,1.076359782450819,0.0
256,1240,1.3514273562566004,0.01938545865451668,0.0036572292399715666,0.03553397245119546,0.002249836629610436,0.0006313315992088064,5.061764860960272e-06,0.010597042242803148,0.0021842684846344715,0.06552568207882396,5.292638050926428,1.0763728658845353,0.0
256,1244,1.355786799341299,0.01910310763956923,0.0036039613546867953,0.03501022651544428,0.0022166756090552194,0.0006128579803430512,4.913650755874071e-06,0.010440668232737616,0.002152036583111759,0.06454713022930524,5.292764467198356,1.0763857453341559,0.0
256,1248,1.3601462424259978,0.018824966756391524,0.0035514877460444735,0.03449440248241914,0.00218401616447645,0.0005949319013893728,4.769926607334314e-06,0.010286662664346182,0.002120292866158655,0.06358362126135164,5.292888809744537,1.0763984241109144,0.0
256,1252,1.3645056855106965,0.01855097144007012,0.0034997962333325767,0.03398637665796967,0.0021518504641679834,0.0005775368991862706,4.6304604202808956e-06,0.010134988494797485,0.0020890296984853052,0.062634915278877,5.293011113932737,1.0764109054691515,0.0
256,1256,1.3688651285953952,0.018281058151262474,0.0034488748293216268,0.03348602736034301,0.002120170803838803,0.0005606570142617784,4.495124238035425e-06,0.009985609285203728,0.0020582395692870527,0.06170077640333912,5.293131414497227,1.0764231926073786,0.0
256,1260,1.373224571680094,0.018015164359135843,0.0033987117370459707,0.032993234885574076,0.0020889696044217023,0.0005442767741214993,4.363794008311357e-06,0.00983848919020433,0.0020279150900974134,0.060780972701774225,5.293249745550838,1.0764352886693171,0.0
256,1264,1.3775840147647926,0.017753228524608432,0.003349295346642084,0.0325078814735185,0.0020582394099226543,0.0005283811789809079,4.2363494688212856e-06,0.009693592947743706,0.001998048992681067,0.05987527611623182,5.293366140596775,1.0764471967449174,0.0
256,1268,1.3819434578494914,0.0174951900838871,0.00330061423224282,0.03202985127451497,0.002027972885310039,0.0005129556863607831,4.112674023769271e-06,0.009550885869039202,0.001968634126966042,0.058983462394620594,5.2934806325401755,1.0764589198713552,0.0
256,1272,1.38630290093419,0.017240989432295618,0.003252657148926476,0.03155903031666384,0.001998162814442882,0.0004979861972742583,3.992654633104115e-06,0.00941033382873515,0.001939663459014264,0.05810531102285365,5.293593253699445,1.0764704610340092,0.0
256,1276,1.3906623440188888,0.016990567908388283,0.0032054130297196936,0.03109530647370971,0.001968802098037339,0.0004834590423570262,3.876181701316882e-06,0.00927190325523936,0.001911130069029707,0.05724060515837251,5.293704035817363,1.0764818231674167,0.0
256,1280,1.3950217871035875,0.01674386777834331,0.003158870982653139,0.030638569433516005,0.0019398837516706616,0.000469360968509136,3.7631489703401587e-06,0.009135561121238348,0.0018830271494033862,0.056389131564921195,5.293813010071946,1.0764930091562093,0.0
256,1284,1.3993812301882862,0.01650083222063025,0.003113020287868886,0.03018871066711822,0.0019114009038217982,0.00045567912593469373,3.6534534156375388e-06,0.009001274934387335,0.0018553480027943777,0.05555068054861822,5.2939202070871145,1.0765040218360302,0.0
256,1288,1.403740673272985,0.016261405310946653,0.0030678503947785896,0.029745623398345317,0.0018833467939479728,0.00044240105569315347,3.546995146394846e-06,0.008869012728171774,0.0018280860402461888,0.05472504589525399,5.294025656943124,1.0765148639944337,0.0
256,1292,1.4081001163576836,0.01602553200741863,0.0030233509192714478,0.02930920257399717,0.0018557147705964656,0.0004295146777621994,3.4436773098130855e-06,0.008738743052936745,0.0018012347793377327,0.05391202480876816,5.294129389186802,1.076525538371764,0.0
256,1296,1.4124595594423823,0.015793158136060834,0.0029795116409711063,0.028879344834567975,0.001828498289550964,0.000417008279100628,3.343405995401393e-06,0.008610434967081165,0.0017747878423682727,0.05311141785097487,5.294231432841559,1.076536047662017,0.0
256,1300,1.416819002527081,0.015564230376489675,0.002936322500540335,0.028455948485502185,0.0018016909120116286,0.00040487050210913367,3.246090142460223e-06,0.008484058028412742,0.001748738954575503,0.05232302888240377,5.294331816417217,1.0765463945136844,0.0
256,1304,1.4211784456117798,0.015338696247886323,0.002893773597032834,0.02803891346897475,0.0017752863028083574,0.0003930903342848069,3.1516414571352377e-06,0.008359582285661164,0.0017230819423862396,0.05154666500426596,5.294430567919632,1.0765565815305822,0.0
256,1308,1.4255378886964785,0.015116504095204257,0.0028518551852911678,0.027628141336184353,0.0017492782286465296,0.0003816570969092936,3.059974321723487e-06,0.008236978270146121,0.0016978107316990296,0.050782136501569694,5.294527714860118,1.0765666112726604,0.0
256,1312,1.4298973317811772,0.014897603075616316,0.002810557673389891,0.027223535220148424,0.0017236605563845189,0.0003705604349306668,2.971005713550289e-06,0.008116216987596726,0.0016729193461979645,0.0500292567872884,5.294623284264697,1.0765764862567968,0.0
256,1316,1.4342567748658759,0.014681943145197593,0.0027698716201231648,0.026824999808991622,0.0016984272513424516,0.00035979030735688866,2.884655127947842e-06,0.007997269910119842,0.001648401905697189,0.04928784234761926,5.294717302683145,1.0765862089575762,0.0
256,1320,1.4386162179505746,0.014469475045838913,0.0027297877325358727,0.026432441319716348,0.0016735723756414848,0.00034933697713768197,2.8008444971321108e-06,0.007880108968313836,0.0016242526245153807,0.04855771268824356,5.294809796197874,1.0765957818080518,0.0
256,1324,1.4429756610352733,0.01426015029238758,0.002690296863497616,0.026045767472447624,0.0016490900865731174,0.00033919100167167926,2.7194981140929306e-06,0.0077647065435254535,0.0016004658098797352,0.04783869028164596,5.2949007904326315,1.076605207200494,0.0
256,1328,1.447335104119972,0.014053921160009574,0.002651390009318487,0.025664887465140146,0.0016249746349977666,0.00032934322439359676,2.6405425651433295e-06,0.007651035460246095,0.0015770358603586804,0.04713060051541757,5.294990310561018,1.0766144874871217,0.0
256,1332,1.4516945472046707,0.013850740671771207,0.0026130583074062434,0.025289711948742178,0.0016012203637722662,0.00031978476528138344,2.563906653809633e-06,0.007539068978645893,0.001553957264322997,0.0464332716415165,5.295078381314854,1.0766236249808214,0.0
256,1336,1.4560539902893694,0.013650562586433922,0.002575293033963695,0.024920153002803327,0.0015778217062054711,0.000310507012841299,2.48952133657102e-06,0.007428780787241666,0.0015312245984345327,0.0457465347265067,5.295165026992358,1.0766326219558497,0.0
256,1340,1.4604134333740681,0.013453341386459908,0.002538085601725862,0.024556124111520437,0.0015547731845416016,0.0003015016156950878,2.41731965540884e-06,0.007320144995696999,0.0015088325261621502,0.04507022360273355,5.295250271466185,1.0766414806485245,0.0
256,1344,1.4647728764587669,0.013259032266224045,0.0025014275577360605,0.024197540140211984,0.0015320694084707167,0.0002927604744513701,2.3472366726346684e-06,0.007213136127751543,0.001486775796324312,0.044404174820390684,5.295334138191289,1.0766502032579002,0.0
256,1348,1.4691323195434656,0.013067591120428056,0.0024653105811601353,0.02384431731221199,0.0015097050736657507,0.0002842757340886237,2.279209409820097e-06,0.0071077291142767965,0.0014650492416577309,0.04374822760051486,5.29541665021264,1.0766587919464312,0.0
256,1352,1.4734917626281643,0.012878974532713458,0.002429726481138196,0.023496373186175996,0.0014876749603456388,0.0002760397765086964,2.2131767880937648e-06,0.007003899286456144,0.0014436477774116391,0.04310222378882485,5.295497830172787,1.0766672488406224,0.0
256,1356,1.477851205712863,0.01269313976447026,0.0023946671946732862,0.023153626633792113,0.0014659739318640902,0.00026804521320400454,2.149079569349883e-06,0.006901622369086988,0.0014225663999672179,0.04246600781046848,5.295577700319265,1.0766755760316655,0.0
256,1360,1.4822106487975617,0.012510044743836185,0.0023601247845559934,0.022815997817886336,0.0014445969333233247,0.00026028487826579294,2.086860300191252e-06,0.006800874474001767,0.0014018001854815333,0.04183942662555469,5.29565628251187,1.0766837755760652,0.0
256,1364,1.4865700918822604,0.012329648054884665,0.002326091437324674,0.022483408170917707,0.0014235389902124904,0.0002527518215060809,2.026463256783769e-06,0.006701632093606446,0.0013813442885556885,0.04122232968555972,5.29573359822978,1.0766918494962507,0.0
256,1368,1.4909295349669591,0.012151908926996947,0.0022925594612604114,0.02215578037385365,0.0014027952070701558,0.00024543930209119935,1.9678343938126715e-06,0.006603872094533628,0.0013611939409265967,0.04061456889051345,5.295809668578539,1.076699799781178,0.0
256,1372,1.4952889780516578,0.011976787224415832,0.002259521284416242,0.02183303833541974,0.0013823607661705055,0.00023834078160689387,1.9109212888812954e-06,0.00650757171140848,0.001341344450182013,0.040015998546979965,5.295884514296908,1.076707628386918,0.0
256,1376,1.4996484211363565,0.011804243435976466,0.002226969452679782,0.021515107171714305,0.001362230926232638,0.00023144991831713924,1.8556730964805458e-06,0.006412708540724631,0.001321791198498228,0.03942647532683999,5.295958155763581,1.0767153372372353,0.0
256,1380,1.5040078642210553,0.011634238665012897,0.0021948966278690176,0.02120191318618471,0.0013424010211527612,0.00022476056147979762,1.8020405024141091e-06,0.006319260534829034,0.001302529641400226,0.038845858226778024,5.296030613003764,1.0767229282241553,0.0
256,1384,1.508367307305754,0.011466734619434883,0.002163295585860207,0.02089338384995378,0.001322866458758559,0.00021826674441172145,1.7499756681972168e-06,0.006227205996012339,0.0012835553065435898,0.03827400852859207,5.296101905695638,1.0767304032085192,0.0
256,1388,1.5127267503904527,0.01130169360197416,0.002132159214747761,0.020589447782494195,0.0013036227195855885,0.00021196267999812335,1.699432195052564e-06,0.006136523570704103,0.0012648637925180117,0.037710789760142256,5.29617205317668,1.0767377640205305,0.0
256,1392,1.5170861934751514,0.011139078500594946,0.002101480513035102,0.02029003473264017,0.0012846653556750332,0.00020584275478086056,1.6503650765125338e-06,0.006047192243769613,0.0012464507676717533,0.03715606765709715,5.296241074449881,1.076745012460289,0.0
256,1396,1.52144563655985,0.010978852779067596,0.002071252587856306,0.019995075559933434,0.0012659899893926213,0.0001999015234446233,1.6027306542116544e-06,0.005959191332907406,0.001228311968956858,0.03660971012532775,5.296308988189825,1.0767521502983166,0.0
256,1400,1.5258050796445488,0.010820980467700863,0.002041468653227667,0.01970450221629437,0.0012475923122681333,0.0001941337039284008,1.5564865786922856e-06,0.0058725004831447405,0.001210443200794556,0.03607158720399946,5.296375812748662,1.076759179276072,0.0
256,1404,1.5301645227292475,0.010665426154231487,0.002012122028328939,0.019418247728014915,0.00122946808385528,0.00018853417242326032,1.5115917692988059e-06,0.0057870996614299754,0.0011928403339606399,0.03554157102935208,5.296441566161962,1.0767661011064549,0.0
256,1408,1.5345239658139462,0.010512154974866605,0.0019832061358134134,0.019136246178064156,0.0012116131306113796,0.00018309795899540404,1.4680063790850295e-06,0.005702969151319124,0.0011754993044902557,0.035019535799113946,5.296506266154454,1.0767729174743028,0.0
256,1412,1.538883408898645,0.010361132605477585,0.0019547145001465615,0.018858432688703245,0.001194023344796621,0.00017782024178814027,1.4256917483279247e-06,0.005620089547755569,0.0011584161126018948,0.03450535773759349,5.296569930145657,1.0767796300368766,0.0
256,1416,1.5432428519833437,0.010212325252941669,0.0019266407459725629,0.01858474340440204,0.0011766946833924271,0.00017269634378180854,1.384610378549986e-06,0.005538441751940619,0.0011415868216401095,0.03399891506135894,5.296632575255405,1.0767862404243378,0.0
256,1420,1.5476022950680424,0.010065699646629789,0.0018989785965084116,0.01831511547505383,0.0011596231670386958,0.0001677217274504983,1.344725889678937e-06,0.005458006966293835,0.0011250075570367322,0.03350008794558578,5.296694218309259,1.076792750240217,0.0
256,1424,1.551961738152741,0.009921223030036386,0.0018717218719648094,0.018049487039479548,0.0011428048789893666,0.00016289199123775688,1.3060029917913621e-06,0.005378766689500517,0.0011086745052900618,0.03300875849099459,5.296754875843821,1.0767991610618732,0.0
256,1428,1.5563211812374398,0.009778863152550573,0.0018448644879937276,0.01778779720921967,0.0011262359640862032,0.0001582028648385858,1.268407447285637e-06,0.005300702711645786,0.0010925839129618965,0.032524810691352365,5.296814564111945,1.0768054744409443,0.0
256,1432,1.5606806243221385,0.009638588261364251,0.001818400454161806,0.01752998605260484,0.0011099126277502242,0.00015365020544777508,1.2319060408025683e-06,0.005223797109432599,0.001076732085691869,0.0320481304016183,5.296873299087846,1.0768116919037898,0.0
256,1436,1.5650400674068372,0.009500367093516463,0.0017923238724494527,0.017275994579103313,0.0010938311349906597,0.00014922999434929807,1.1964665518805231e-06,0.00514803224148307,0.001061115387228952,0.03157860530661958,5.29693109647211,1.076817814951925,0.0
256,1440,1.569399510491536,0.0093641688680702,0.0017666289357749336,0.017025764723937485,0.0010779878094309457,0.0001449383323119946,1.1620577180398537e-06,0.005073390743720812,0.0010457302384796643,0.031116124890297442,5.296987971696622,1.0768238450624474,0.0
256,1444,1.5737589535762346,0.009229963278419906,0.0017413099265431184,0.0167792393329657,0.0010623790323515147,0.0001407714364063395,1.1286492092610172e-06,0.0049998555248330955,0.0010305731165727264,0.030660580405507773,5.297043939929377,1.0768297836884548,0.0
256,1448,1.5781183966609333,0.009097720484727831,0.001716361215218535,0.016536362147825227,0.001047001241749121,0.000136725636536994,1.0962116001839568e-06,0.004927409761811623,0.0010156405539399251,0.030211864844372924,5.297099016079219,1.0768356322594554,0.0
256,1452,1.582477839745632,0.00896741110648563,0.0016917772589220535,0.016297077791329113,0.001031850931412242,0.00013279737231641775,1.0647163450419693e-06,0.0048560368955697175,0.0010009291374127236,0.029769872909137497,5.297153214800482,1.076841392181772,0.0
256,1456,1.5868372828303308,0.008839006215200357,0.0016675526000510363,0.016061331753114878,0.0010169246500124239,0.00012898318885845583,1.0341357439363654e-06,0.0047857206266352665,0.00098643550733449,0.02933450098355868,5.297206550497543,1.0768470648389366,0.0
256,1460,1.5911967259150295,0.008712477327202168,0.0016436818649224532,0.015829070375539267,0.0010022190002112064,0.00012527973456144537,1.0044429250623018e-06,0.0047164449109177355,0.0009721563566879912,0.02890564710481352,5.2972590373292885,1.0768526515920787,0.0
256,1464,1.5955561689997282,0.008587796396570877,0.0016201597624384153,0.01560024083981355,0.0009877306377822782,0.00012168375718601965,9.756118132621813e-07,0.004648193955547537,0.0009580884302378004,0.02848321093588573,5.297310689213502,1.0768581537803077,0.0
256,1468,1.599915612084427,0.008464935808180878,0.0015969810827740408,0.01537479115237762,0.0009734562707487519,0.00011819210152452797,9.476171113399888e-07,0.004580952214787258,0.0009442285236875189,0.028067093738456363,5.297361519831157,1.0768635727210856,0.0
256,1472,1.6042750551691256,0.00834386837086039,0.0015741406960868912,0.015152670131505008,0.0009593926585350588,0.00011480170604727391,9.204342731721701e-07,0.004514704386012353,0.000930573482851312,0.0276571983462671,5.297411542630645,1.0768689097105955,0.0
256,1476,1.6086344982538243,0.008224567310664883,0.0015516335512479446,0.014933827394138111,0.0009455366111334209,0.00011150960034456148,8.940394831989767e-07,0.0044494354057610834,0.000917120202839722,0.02725342913897244,5.297460770831907,1.076874166024102,0.0
256,1480,1.612993941338523,0.008107006264260995,0.001529454674593418,0.014718213342946252,0.0009318849882844302,0.0001083129020571505,8.684096318140833e-07,0.004385130445851512,0.0009038656272593,0.026855692016411605,5.297509217430498,1.0768793429163055,0.0
256,1484,1.6173533844232217,0.007991159272420745,0.0015075991686973945,0.01450577915360559,0.0009184346986716756,0.00010520881448883301,8.435222962231771e-07,0.004321774909565193,0.0008908067474259855,0.026463894373394203,5.297556895201578,1.07688444162169,0.0
256,1488,1.6217128275079205,0.007877000773622442,0.0014860622111645821,0.014296476762294008,0.0009051826991299804,0.00010219462393479262,8.193557190238092e-07,0.004259354427895546,0.0008779406015918205,0.026077945074867992,5.297603816703811,1.0768894633548647,0.0
256,1492,1.6260722705926192,0.007764505597757666,0.0014648390534430834,0.014090258853399144,0.0008921259938671349,9.926769740786767e-05,7.958887899754801e-07,0.0041978548558603244,0.0008652642741848715,0.025697754431571667,5.297649994283212,1.0768944093108987,0.0
256,1496,1.6304317136773179,0.0076536489599417345,0.0014439250196566864,0.013887078847434522,0.0008792616336988054,9.642547951216329e-05,7.731010209335085e-07,0.004137262268876669,0.0008527748950620549,0.025323234176089813,5.297695440076908,1.0768992806656512,0.0
256,1500,1.6347911567620166,0.007544406454426125,0.001423315505456394,0.013686890889160334,0.0008665867152964009,9.36654911356527e-05,7.509725353668301e-07,0.0040775629591977,0.0008404696387746447,0.024954297439329864,5.297740166016834,1.0769040785760937,0.0
256,1504,1.6391505998467153,0.0074367540486113375,0.0014030059768908993,0.013489649835905757,0.0008540983804476986,9.098532643747603e-05,7.294840442033615e-07,0.0040187434324097165,0.0008283457238462729,0.02459085872742416,5.297784183833361,1.0769088041806292,0.0
256,1508,1.643510042931414,0.007330668077157756,0.00138299196929555,0.013295311246087904,0.0008417938153299212,8.8382650631047e-05,7.086168280558348e-07,0.003960790403988514,0.000816400412063117,0.02423283389900709,5.297827505058845,1.0769134585994018,0.0
256,1512,1.6478694860161127,0.00722612523619382,0.001363269086199672,0.013103831367925695,0.000829670249795154,8.585519833559374e-05,6.883527240051084e-07,0.0039036907959143067,0.0008046310077761638,0.02388014014293304,5.297870141031134,1.0769180429346055,0.0
256,1516,1.6522289291008114,0.007123102577618611,0.0013438329982517051,0.012915167128342824,0.0008177249566677355,8.34007710750484e-05,6.686741055472631e-07,0.0038474317333435123,0.0007930348572151976,0.023532695956342702,5.297912102896982,1.0769225582707833,0.0
256,1520,1.6565883721855101,0.007021577503498348,0.0013246794421620538,0.012729276122058687,0.0008059552510535487,8.101723534537086e-05,6.495638670981741e-07,0.0037920005413370275,0.0007816093478144291,0.023190421123118633,5.297953401615419,1.0769270056751226,0.0
256,1524,1.6609478152702088,0.006921527760554376,0.0013058042196631998,0.01254611660086229,0.0007943584896608972,7.870252096608965e-05,6.310054107768233e-07,0.0037373847416435216,0.0007703519075494673,0.022853236692742855,5.2979940479610494,1.0769313861977463,0.0
256,1528,1.6653072583549076,0.006822931434741646,0.001287203196486889,0.01236564746306702,0.0007829320701328336,7.645461857919145e-05,6.129826263523948e-07,0.0036835720495370884,0.0007592600042854932,0.02252106495947833,5.298034052527295,1.0769357008719973,0.0
256,1532,1.6696667014396063,0.006725766945915527,0.0012688723013579786,0.012187828243141827,0.0007716734303906567,7.4271578682783e-05,5.954798834965601e-07,0.0036305503707079346,0.0007483311451363674,0.022193829441959582,5.298073425729567,1.0769399507147184,0.0
256,1536,1.674026144524305,0.006630013042585942,0.0012508075250047624,0.012012619101516771,0.0007605800479884481,7.215150895945044e-05,5.7848201036333e-07,0.0035783077982054607,0.0007375628758345362,0.021871454863085275,5.298112177808396,1.0769441367265273,0.0
256,1540,1.6783855876090037,0.00653564879675743,0.0012330049191855033,0.011839980814559805,0.0007496494394784528,7.009257285517378e-05,5.619742821953581e-07,0.0035268326094328195,0.0007269527801115481,0.021553867130304636,5.2981503188324925,1.076948259892087,0.0
256,1544,1.6827450306937024,0.006442653598852747,0.0012154605957307315,0.011669874764720365,0.000738879159787018,6.809298849930201e-05,5.459424126647312e-07,0.0034761132631915977,0.0007164984790889017,0.021240993316215893,5.298187858701749,1.076952321180371,0.0
256,1548,1.6871044737784011,0.006351007152719479,0.0011981707256011962,0.011502262930838156,0.0007282668016009947,6.615102631712944e-05,5.303725347315601e-07,0.0034261383967761436,0.000706197630679127,0.02093276163950094,5.298224807150198,1.076956321544924,0.0
256,1552,1.6914639168630998,0.006260689470718306,0.0011811315379612287,0.011337107878614522,0.0007178099947644301,6.426500755196685e-05,5.152511887945348e-07,0.0033768968231167548,0.0006960479289969376,0.0206291014462129,5.298261173748903,1.0769602619241172,0.0
256,1556,1.6958233599477985,0.006171680868890706,0.001164339319267087,0.01117437275124199,0.0007075064056852777,6.243330324195995e-05,5.005653144874643e-07,0.003328377527970384,0.0006860471037801777,0.02032994319135113,5.298296967908809,1.0769641432414017,0.0
256,1560,1.7001828030324972,0.006083961962205523,0.0011477904123701826,0.011014021260190474,0.0006973537367520238,6.065433223056971e-05,4.863022347281002e-07,0.003280569667158426,0.0006761929198204723,0.020035218420778055,5.298332198883526,1.0769679664055538,0.0
256,1564,1.704542246117196,0.0059975136598825465,0.0011314812156348333,0.010856017676146726,0.000687349725760019,5.892655991601714e-05,4.724496456916853e-07,0.003233462563850544,0.0006664831764033686,0.0197448597534276,5.298366875772078,1.0769717323109191,0.0
256,1568,1.7089016892018947,0.00591231716079195,0.00111540818207033,0.01070032682010437,0.0006774921453473423,5.724849711441493e-05,4.5899560769599593e-07,0.003187045705893736,0.0006569157067578017,0.01945880086384669,5.298401007521586,1.0769754418376503,0.0
256,1572,1.7132611322865934,0.005828353948928753,0.0010995678184771544,0.010546914054602858,0.0006677788024400951,5.5618698013404355e-05,4.459285287944194e-07,0.0031413087431861426,0.0006474883775147815,0.01917697646500286,5.298434602929913,1.0769790958519423,0.0
256,1576,1.717620575371292,0.005745605788960273,0.0010839566846069708,0.010395745275111133,0.0006582075377068569,5.40357599447816e-05,4.332371629529625e-07,0.0030962414850943185,0.0006381990881750402,0.018899322291398183,5.298467670648258,1.0769826952062618,0.0
256,1580,1.7219800184559908,0.005664054721845382,0.0010685713923361598,0.010246786901553975,0.0006487762250221752,5.249832094023077e-05,4.2091059045309423e-07,0.0030518338979133785,0.0006290457705855157,0.01862577508249748,5.298500219183695,1.0769862407395745,0.0
256,1584,1.7263394615406895,0.005583683060525344,0.0010534086048528599,0.010100005869979844,0.0006394827709390144,5.10050592765765e-05,4.0893821424576247e-07,0.00300807610236963,0.0006200263884245924,0.01835627256637562,5.2985322569016775,1.0769897332775662,0.0
256,1588,1.7306989046253882,0.005504473385684113,0.001038465035857112,0.009955369624366436,0.0006303251141699236,4.955469222522879e-05,3.9730974992494155e-07,0.002964958371164579,0.0006111389366958712,0.01809075344372728,5.298563792028491,1.0769931736328626,0.0
256,1592,1.735058347710087,0.005426408541576482,0.0010237374487738044,0.0098128461085606,0.0006213012250767117,4.814597446056723e-05,3.8601521296669245e-07,0.002922471126559289,0.0006023814412302551,0.01782915737207298,5.298594832653663,1.0769965626052438,0.0
256,1596,1.7394177907947856,0.0053494716319244014,0.0010092226559784798,0.009672403758353041,0.000612409105168657,4.6777697320976586e-05,3.7504491280444046e-07,0.0028806049379992175,0.0005937519581963799,0.01757142495028175,5.298625386732321,1.0769999009818543,0.0
256,1600,1.7437772338794844,0.005273646015879021,0.00099491751803554,0.009534011493682921,0.0006036467866089401,4.5448687671978405e-05,3.6438944371401843e-07,0.0028393505197780652,0.0005852485736190851,0.017317497703331127,5.2986554620875275,1.0770031895374115,0.0
256,1604,1.748136676964183,0.005198915304048051,0.0009808189429487732,0.009397638710971665,0.0005950123317292588,4.415780676936265e-05,3.540396756987096e-07,0.002798698728740427,0.0005768694029058833,0.017067318067341842,5.298685066412544,1.0770064290344092,0.0
256,1608,1.7524961200488818,0.005125263354586854,0.0009669238854239085,0.009263255275582504,0.0005865038325524027,4.290394917916274e-05,3.4398674583003823e-07,0.0027586405620222,0.0005686125903812112,0.016820829374863212,5.298714207273086,1.0770096202233175,0.0
256,1612,1.7568555631335805,0.005052674269352693,0.0009532293461430796,0.009130831514404794,0.0005781194103227296,4.168604215237792e-05,3.3422205323454366e-07,0.0027191671548284523,0.0005604763088284031,0.016577975840387345,5.298742892109508,1.0770127638427798,0.0
256,1616,1.7612150062182792,0.004981132390120416,0.0009397323710508841,0.009000338208559491,0.000569857215044311,4.0503043976514164e-05,3.2473724587709223e-07,0.0026802697782476815,0.0005524587590391647,0.016338702546139772,5.298771128238971,1.0770158606198064,0.0
256,1620,1.765574449302978,0.004910622294859825,0.0009264300506520767,0.008871746586226232,0.0005617154250267791,3.935394374821044e-05,3.15524218737886e-07,0.0026419398371025746,0.0005445581693705701,0.016102955428088653,5.298798922857556,1.0770189112699644,0.0
256,1624,1.7699338923876766,0.004841128794071696,0.0009133195193203294,0.00874502831558602,0.0005536922464384914,3.823776017952696e-05,3.065751042417579e-07,0.0026041688678354823,0.0005367727953092147,0.015870681262196915,5.298826283042349,1.0770219164975643,0.0
256,1628,1.7742933354723753,0.004772636927183526,0.0009003979546182587,0.008620155497881633,0.0005457859128671503,3.715354046107677e-05,2.9788226314321455e-07,0.0025669485364292347,0.0005291009190426526,0.01564182765090168,5.298853215753483,1.0770248769958444,0.0
256,1632,1.778652778557074,0.00470513195900227,0.0008876625766282044,0.008497100660590114,0.0005379946848875187,3.6100359920965275e-05,2.8943828179194943e-07,0.0025302706363616026,0.0005215408490377689,0.015416343009833312,5.298879727836144,1.0770277934471504,0.0
256,1636,1.7830122216417728,0.004638599376224865,0.0008751106472939112,0.008375836750709062,0.000530316849636341,3.507732066054814e-05,2.8123596119489414e-07,0.002494127086593922,0.0005140909196261939,0.015194176554742568,5.298905826022546,1.0770306665231135,0.0
256,1640,1.7873716647264715,0.004573024884003592,0.0008627394697725554,0.008256337128150742,0.00052275072039409,3.4083551440744486e-05,2.7326831610472286e-07,0.002458509929592088,0.0005067494905963891,0.014975278288649089,5.298931516933864,1.0770334968848243,0.0
256,1644,1.7917311078111702,0.004508394402567271,0.0008505463877973049,0.00813857555924592,0.0005152946361736626,3.311820614726457e-05,2.655285627146602e-07,0.002423411329380474,0.0004995149467925197,0.014759598989221972,5.298956807082133,1.077036285183004,0.0
256,1648,1.7960905508958689,0.004444694063895791,0.0008385287850499411,0.008022526210352592,0.0005079469613157149,3.21804635063927e-05,2.580101163797423e-07,0.0023888235696273474,0.0004923856977198201,0.014547090196357344,5.298981702872118,1.0770390320581738,0.0
256,1652,1.8004499939805676,0.004381910208448497,0.0008266840845436421,0.007908163641570307,0.000500706085090685,3.12695261754925e-05,2.507065843248506e-07,0.0023547390517619717,0.000485360177156489,0.014337704199953803,5.299006210603146,1.0770417381408195,0.0
256,1656,1.8048094370652663,0.004320029381943959,0.000815009748015459,0.007795462800555523,0.0004935704213072109,3.0384620174572774e-05,2.436117610872339e-07,0.0023211502931220268,0.0004784368427718355,0.014131394027924014,5.2990303364709055,1.077044404051555,0.0
256,1660,1.809168880149965,0.00425903833219198,0.0008035032753286482,0.007684399016439347,0.00048653840792703195,2.9524994090479595e-05,2.3671962213603812e-07,0.0022880499251317675,0.000471614175750759,0.01392811343438069,5.299054086569217,1.0770470304012822,0.0
256,1664,1.8135283232346637,0.004198924005975372,0.0007921622038843909,0.007574947993842924,0.0004796085066860727,2.868991856530556e-05,2.3002431977057572e-07,0.002255430691509481,0.0004648906804242704,0.013727816888022618,5.299077466891767,1.0770496177913478,0.0
256,1668,1.8178877663193624,0.004139673545982165,0.0007809841080430303,0.007467085806991594,0.0004727792027217802,2.7878685273208248e-05,2.235201749168644e-07,0.002223285446504577,0.00045826488390611925,0.013530459560723053,5.299100483333819,1.077052166813698,0.0
256,1672,1.8222472094040612,0.004081274287785756,0.0007699665985543501,0.00736078889392307,0.0004660490042064145,2.7090606636193115e-05,2.1720167484888773e-07,0.0021916071531629046,0.00045173533573524043,0.013335997316307186,5.299123141693883,1.0770546780510317,0.0
256,1676,1.8266066524887599,0.004023713756874132,0.0007591073219971132,0.007256034050791646,0.00045941644198641864,2.632501514199248e-05,2.1106346771962102e-07,0.002160388881620874,0.00044530060752413715,0.01314438669950311,5.299145447675364,1.0770571520769487,0.0
256,1680,1.8309660955734586,0.00396697966572562,0.0007484039602273773,0.007152798426263468,0.000452880069227555,2.558126271878791e-05,2.0510035754780495e-07,0.002129623807426906,0.00043895929261289734,0.012955584925101748,5.299167406888178,1.077059589456097,0.0
256,1684,1.8353255386581573,0.00391105991093122,0.0007378542298355987,0.007051059516003006,0.00044643846106581585,2.4858720223619457e-05,1.9930730011621485e-07,0.002099305209890243,0.00043271000572884963,0.012769549867271371,5.299189024850343,1.0770619907443173,0.0
256,1688,1.839684981742856,0.0038559425703629567,0.0007274558816124187,0.0069507951572494,0.0004400902142640239,2.41567767034212e-05,1.9367939704693866e-07,0.0020694264704567314,0.00042655138265177854,0.012586240049064511,5.299210306989532,1.077064356488785,0.0
256,1692,1.8440444248275547,0.00380161590038683,0.0007172067000228626,0.006851983523480104,0.0004338339468739608,2.3474839167647588e-05,1.8821189397838552e-07,0.002039981071110783,0.00042048207988453596,0.012405614632087527,5.29923125864461,1.0770666872281498,0.0
256,1696,1.8484038679122534,0.003748068333120251,0.000707104502688932,0.006754603119161343,0.0004276682979039917,2.281233167877872e-05,1.829001732733201e-07,0.002010962592803392,0.00041450077432902315,0.012227633406363096,5.299251885067137,1.0770689834926737,0.0
256,1700,1.8527633109969521,0.0036952884737326223,0.000697147139880338,0.0066586327745829085,0.00042159192699202987,2.2168695352320356e-05,1.7773975401886272e-07,0.001982364713905449,0.00040860616296738654,0.012052256780329514,5.299272191422846,1.0770712458043639,0.0
256,1704,1.8571227540816508,0.0036432650977889615,0.0006873324940133514,0.006564051640776836,0.00041560351408381226,2.1543386992561864e-05,1.7272628108854075e-07,0.0019541812086862143,0.00040279696254840044,0.011879445771029786,5.2992921827930966,1.0770734746771082,0.0
256,1708,1.8614821971663496,0.003591987148635602,0.0006776584791575953,0.006470839184518369,0.00040970175911638526,2.0935879945227498e-05,1.6785553197850645e-07,0.0019264059458164796,0.0003970719092789373,0.011709161994457939,5.2993118641763,1.0770756706168039,0.0
256,1712,1.8658416402510483,0.003541443734826909,0.0006681230405505719,0.006378975183406739,0.00040388538170664344,2.034566222164358e-05,1.6312340176785792e-07,0.0018990328868956667,0.00039142975852037254,0.011541367656051987,5.299331240489319,1.077077834121486,0.0
256,1716,1.870201083335747,0.0034916241275932,0.0006587241541199653,0.006288439721026392,0.00039815312084496294,1.97722371240161e-05,1.5852590813186538e-07,0.001872056085003062,0.0003858692844899645,0.011376025541365895,5.299350316568848,1.0770799656814543,0.0
256,1720,1.8745605264204457,0.0034425177583480757,0.0006494598260133789,0.006199213182184921,0.00039250373459368985,1.9215122108562355e-05,1.5405918222701416e-07,0.0018454696832720509,0.0003803892799669744,0.011213099006864456,5.299369097172763,1.077082065779397,0.0
256,1724,1.8789199695051444,0.003394114216235861,0.0006403280921356384,0.006111276248229192,0.000386935999790581,1.867384867182409e-05,1.497194677795091e-07,0.0018192679134878085,0.0003749885560036216,0.011052551970907053,5.29938758698145,1.077084134890512,0.0
256,1728,1.883279412589843,0.0033464032457171207,0.0006313270176932804,0.006024609892435499,0.00038144871175693073,1.8147962236980675e-05,1.4550312017377856e-07,0.0017934450947071899,0.0003696659416406149,0.01089434890485283,5.299405790599112,1.0770861734826278,0.0
256,1732,1.8876388556745418,0.003299374744192135,0.0006224546967462002,0.005939195375473794,0.0003760406840103887,1.7637020903293887e-05,1.4140659642602206e-07,0.00176799563190084,0.00036442028362726323,0.010738454824315284,5.299423712555049,1.0770881820163212,0.0
256,1736,1.8919982987592405,0.0032530187596626413,0.0006137092517665204,0.0058550142409461116,0.00037071074798247436,1.714059595769868e-05,1.374264592859407e-07,0.0017429140146175478,0.00035925044614617125,0.010584835280567506,5.299441357304919,1.0770901609450332,0.0
256,1740,1.8963577418439392,0.003207325488429827,0.0006050888332042975,0.005772048310995586,0.0003654577527405617,1.6658270908465056e-05,1.3355936948902367e-07,0.0017181948156697725,0.00035415531054229987,0.010433456352096644,5.299458729231976,1.077092110715183,0.0
256,1744,1.900717184928638,0.003162285272828717,0.0005965916190600954,0.00569027968198628,0.0003602805647143472,1.618964148519808e-05,1.298020857565484e-07,0.001693832689840404,0.00034913377505640253,0.010284284636264284,5.2994758326482865,1.0770940317662798,0.0
256,1748,1.9050766280133367,0.003117888598997938,0.0005882158144642329,0.005609690720251683,0.0003551780674266658,1.5734315013560263e-05,1.2615145978235401e-07,0.0016698223726101169,0.0003441847545627068,0.010137287241147642,5.299492671795922,1.077095924531034,0.0
256,1752,1.9094360710980354,0.003074126094685085,0.0005799596512627469,0.005530264057912295,0.00035014916122868054,1.529191035842814e-05,1.226044357770937e-07,0.0016461586789054347,0.00033930718031086466,0.009992431777479644,5.299509250848136,1.0770977894354652,0.0
256,1756,1.913795514182734,0.0030309885270861634,0.0005718213876097862,0.0054519825887594615,0.0003451927630392673,1.4862057071240997e-05,1.1915804363201668e-07,0.0016228365018666584,0.0003344999996719971,0.009849686350738615,5.299525573910513,1.077099626899008,0.0
256,1760,1.9181549572674328,0.002988466800719201,0.0005637993075664496,0.005374829464205437,0.00034030780608859294,1.4444395958435052e-05,1.158094034764469e-07,0.001599850811635658,0.0003297621758888333,0.009709019553353277,5.299541645022109,1.0771014373346184,0.0
256,1764,1.9225144003521315,0.0029465519553308023,0.0005558917207058404,0.005298788089297467,0.00033549323966574604,1.4038577717201406e-05,1.1255571473983452e-07,0.001577196654162852,0.00032509268782980415,0.00957040045705487,5.299557468156556,1.0771032211488762,0.0
256,1768,1.9268738434368302,0.002905235163836437,0.0005480969617244843,0.005223842118797112,0.00033074802887049964,1.3644263390233391e-05,1.0939425979773877e-07,0.0015548691500337504,0.00032049052974716897,0.009433798605337372,5.299573047223165,1.0771049787420865,0.0
256,1772,1.931233286521529,0.0028645077302919954,0.0005404133900596464,0.00514997545332031,0.0003260711543689183,1.3261123569918709e-05,1.0632239759135796e-07,0.0015328634933137006,0.00031595471103889374,0.009299184006043779,5.299588386067993,1.0771067105083796,0.0
256,1776,1.9355927296062276,0.002824361087897852,0.0005328393895127811,0.00507717223554039,0.00032146161215295196,1.2888839023617038e-05,1.033375686407559e-07,0.0015111749504115144,0.0003114842560144211,0.009166527124081213,5.299603488474906,1.0771084168358085,0.0
256,1780,1.9399521726909263,0.0027847867970338573,0.0005253733678788169,0.005005416846450958,0.00031691841330382017,1.2527098988357466e-05,1.0043728137242636e-07,0.0014897988589610356,0.0003070782036641387,0.009035798874237985,5.299618358166614,1.0771100981064465,0.0
256,1784,1.944311615775625,0.0027457765433253623,0.0005180137565812953,0.004934693901688886,0.0003124405837592016,1.2175601966646354e-05,9.761911849976293e-08,0.0014687306267207256,0.00030273560743256073,0.008906970614149167,5.2996329988056905,1.0771117546964817,0.0
256,1788,1.9486710588603238,0.0027073221357390024,0.0005107590103131253,0.004864988247914922,0.0003080271640840723,1.1834055385406828e-05,9.488073428857194e-08,0.0014479657304905247,0.0002984555349950713,0.008780014137328046,5.299647413995577,1.07711338697631,0.0
256,1792,1.9530305019450225,0.0026694155047089357,0.0005036076066830816,0.004796284959253131,0.0003036772092452686,1.1502174743327487e-05,9.221984772085473e-08,0.0014274997150463425,0.0002942370680383005,0.008654901666362071,5.299661607281566,1.0771149953106276,0.0
256,1796,1.9573899450297212,0.002632048700291732,0.0004965580458677095,0.004728569333785843,0.00029938978838956403,1.1179684065609763e-05,8.963424614079037e-08,0.0014073281920911893,0.0002900793020439312,0.008531605846188265,5.299675582151769,1.0771165800585198,0.0
256,1800,1.96174938811442,0.002595213890350453,0.0004896088502687365,0.004661826890104988,0.00029516398462531735,1.0866314994473214e-05,8.712177796277016e-08,0.001387446839223206,0.00028598134607598876,0.008410099737468549,5.299689342038071,1.0771181415735522,0.0
256,1804,1.9661088311991186,0.0025589033587670755,0.0004827585641758305,0.004596043363918165,0.0002909988948075851,1.0561807357589714e-05,8.468035722887598e-08,0.0013678513989200994,0.0002819423225715123,0.008290356810120116,5.299702890317061,1.0771196802038565,0.0
256,1808,1.9704682742838173,0.0025231095036826853,0.0004760057534345981,0.004531204704708426,0.00028689362932663576,1.0265908144901914e-05,8.23079554054191e-08,0.0013485376775396753,0.00027796136713454387,0.008172350936891571,5.299716230310952,1.077121196292216,0.0
256,1812,1.974827717368516,0.002487824835764823,0.00046934900511970455,0.0044672970724464744,0.000282847311899782,9.97837156546666e-06,8.000260183868798e-08,0.0013295015443360817,0.000274037628333356,0.008056056387083389,5.299729365288485,1.0771226901761521,0.0
256,1816,1.9791871604532147,0.0024530419765026305,0.00046278692721323894,0.00440430683435648,0.00027885907936660845,9.698959445358923e-06,7.776238694518322e-08,0.001310738930492117,0.0002701702675009906,0.007941447820354457,5.299742298465817,1.0771241621880059,0.0
256,1820,1.9835466035379135,0.002418753656527811,0.0004563181482879493,0.004342220561731765,0.000274928081487356,9.427439749742916e-06,7.558545036217341e-08,0.0012922458281664846,0.0002663584585388784,0.007828500280636952,5.299755033007388,1.07712561265502,0.0
256,1824,1.9879060466226122,0.002384952713962018,0.00044994131719546367,0.004281025026801402,0.0002710534807445307,9.163587662897044e-06,7.346998960690437e-08,0.0012740182895563058,0.0002626013877236034,0.007717189190131612,5.299767572026784,1.0771270418994192,0.0
256,1828,1.9922654897073109,0.002351632092789977,0.0004436551027593656,0.00422070719964654,0.0002672344521476604,8.907184678719204e-06,7.141425278463343e-08,0.001256052425974531,0.0002588982535167388,0.007607490343421001,5.299779918587577,1.0771284502384908,0.0
256,1832,1.9966249327920096,0.0023187848412578264,0.00043745819347302834,0.004161254245165245,0.00026347018304112314,8.658018487039953e-06,6.941653767713381e-08,0.0012383444069418907,0.0002552482663776792,0.0074993799016718704,5.29979207570415,1.07712983798466,0.0
256,1836,2.0009843758767083,0.002286404110296529,0.0004313492972021775,0.004102653520085656,0.0002597598729150355,8.415882916779083e-06,6.747519128694674e-08,0.0012208904592933196,0.0002516506485794558,0.007392834386914305,5.299804046342513,1.0771312054455693,0.0
256,1840,2.005343818961407,0.0022544831519694724,0.00042532714089201846,0.0040448925700257935,0.00025610273321909343,8.180578049632459e-06,6.558861074887711e-08,0.001203686866298366,0.00024810463402743534,0.007287830676446408,5.299815833421105,1.0771325529241513,0.0
256,1844,2.0097032620461057,0.0022230153179443454,0.0004193904702789426,0.003987959126600106,0.0002524979871793735,7.951909083203645e-06,6.375523421503654e-08,0.0011867299667955957,0.0002446094680809025,0.007184345997291709,5.299827439811574,1.0771338807187048,0.0
256,1848,2.0140627051308044,0.002191994057988976,0.00041353804960675476,0.003931841104572063,0.0002489448696180486,7.729687240498606e-06,6.197354814680889e-08,0.0011700161543407998,0.00024116440737748828,0.007082357920765522,5.299838868339557,1.0771351891229664,0.0
256,1852,2.018422148215503,0.0021614129184900108,0.00040776866134720967,0.003876526599050817,0.00024544262677589487,7.513729315178352e-06,6.024208366886756e-08,0.001153541876368401,0.00023776871966031825,0.006981844357133813,5.29985012178543,1.0771364784261825,0.0
256,1856,2.022781591300202,0.0021312655409948455,0.00040208110592493494,0.0038220038827324956,0.00024199051613762337,7.303856932594499e-06,5.855941064445332e-08,0.0011373036333662322,0.00023442168360791773,0.006882783550348016,5.2998612028850625,1.0771377489131808,0.0
256,1860,2.0271410343849006,0.0021015456607763354,0.00039647420144665153,0.003768261403185329,0.000238587806259988,7.099897061380034e-06,5.692414177710504e-08,0.0011212979780634454,0.00023112258866682292,0.006785154072863368,5.299872114330545,1.0771390008644381,0.0
256,1864,2.0315004774695993,0.0020722471054192347,0.0003909467834344938,0.0037152877801766115,0.00023523377660254177,6.901681672388804e-06,5.533492987617255e-08,0.0011055215146309576,0.00022787073488677646,0.006688934820544561,5.299882858770915,1.0771402345561503,0.0
256,1868,2.035859920554298,0.002043363793428918,0.00038549770456353317,0.0036630718030423973,0.00023192771736109876,6.709047511321842e-06,5.379046603382523e-08,0.0010899708978946937,0.0002246654327585606,0.006594105007647883,5.2998934388128625,1.0771414502602976,0.0
256,1872,2.0402193636389967,0.0020148897328615455,0.00038012583440334724,0.0036116024280984124,0.00022866892930380588,6.521836098727363e-06,5.2289479625052025e-08,0.0010746428325611752,0.0002215060030543749,0.006500644161903153,5.299903857021426,1.0771426482447128,0.0
256,1876,2.0445788067236954,0.0019868190199753715,0.0003748300591635779,0.00356086877609161,0.00022545672360978772,6.3398932752534165e-06,5.083073466167863e-08,0.0010595340724552894,0.00021839177667072512,0.0064085321196295396,5.2999141159206795,1.0771438287731443,0.0
256,1880,2.048938249808394,0.0019591458379027695,0.0003696092814433976,0.0035108601296914422,0.00022229042171030653,6.1630694290215615e-06,4.9413031615358875e-08,0.0010446414197699482,0.00021532209447376212,0.0063177490209941085,5.299924217994403,1.0771449921053213,0.0
256,1884,2.053297692893093,0.0019318644553432648,0.00036446241998493915,0.003461565931021524,0.00021916935513247883,5.991219495626865e-06,4.803520741757476e-08,0.0010299617243278508,0.00021229630714711615,0.0062282753052816464,5.299934165686748,1.0771461384970162,0.0
256,1888,2.0576571359777915,0.001904969225275975,0.0003593884094303869,0.00341297577922847,0.00021609286534534652,5.8242018781129445e-06,4.6696126800427226e-08,0.0010154918828543765,0.00020931377504202509,0.0061400917062866935,5.299943961402883,1.077147268200107,0.0
256,1892,2.0620165790624903,0.0018784545836925447,0.0003543862000829339,0.003365079428090049,0.0002130603036084367,5.66187986805744e-06,4.53946936903325e-08,0.0010012288382622563,0.0002063738680298904,0.0060531792477524346,5.299953607509638,1.077148381462638,0.0
256,1896,2.066376022147189,0.0018523150483495743,0.0003494547576714175,0.003317866783660768,0.00021007103082269172,5.504120167643123e-06,4.4129839358577916e-08,0.0009871695789474538,0.0002034759653571439,0.005967519238895558,5.299963106336126,1.0771494785288789,0.0
256,1900,2.0707354652318877,0.0018265452175398186,0.00034459306311849543,0.0032713279019533498,0.0002071244173836718,5.35079317387499e-06,4.2900524700061166e-08,0.0009733111380957945,0.00020061945550232965,0.005883093269999801,5.299972460174367,1.0771505596393853,0.0
256,1904,2.0750949083165864,0.0018011397688830252,0.0003398001123125276,0.0032254529866579066,0.0002042198430371441,5.201773547014454e-06,4.1705744790768844e-08,0.000959650593000887,0.00019780373603551347,0.0057998832080715336,5.2999816712798955,1.077151625031056,0.0
256,1908,2.079454351401285,0.0017760934581346822,0.00033507491588283614,0.00318023238689543,0.00020135669673684495,5.056939130554383e-06,4.054452022856726e-08,0.0009461850643923193,0.00019502821347981038,0.005717871192581022,5.299990741872352,1.0771526749371887,0.0
256,1912,2.083813794485984,0.001751401118013582,0.00033041649897851545,0.0031356565950072753,0.00019853437650452067,4.916171235436195e-06,3.941589941194167e-08,0.0009329117157746359,0.00019229230317513435,0.005637039631246197,5.299999674136074,1.0771537095875392,0.0
256,1916,2.0881732375706825,0.0017270576570473895,0.0003258239010506391,0.003091716244379101,0.00019575228929215029,4.779354696893279e-06,3.8318958995744147e-08,0.0009198277527766304,0.00018959542914407385,0.005557371195923841,5.300008470220673,1.0771547292083736,0.0
256,1920,2.0925326806553812,0.0017030580584358045,0.00032129617563778594,0.0030484021072985424,0.0001930098508463038,4.646377760764153e-06,3.72528029796979e-08,0.000906930422510742,0.00018693702395985044,0.005478848818511238,5.300017132241601,1.077155734022524,0.0
256,1924,2.09689212374008,0.0016793973789313204,0.00031683239015488563,0.0030057050928464987,0.0001903064855746289,4.517131628745119e-06,3.621655906241442e-08,0.0008942170129425162,0.0001843165286163516,0.005401455686971293,5.3000256622807065,1.0771567242494426,0.0
256,1928,2.1012515668247786,0.001656070747736889,0.00031243162568525415,0.0029636162448208217,0.00018764162641438917,4.391510628920514e-06,3.5209380008637046e-08,0.0008816848522697694,0.00018173339240016385,0.005325175241362382,5.300034062386787,1.077157700105254,0.0
256,1932,2.1056110099094774,0.0016330733654212801,0.000308092976775967,0.002922126739693707,0.000185014714703136,4.26941238629297e-06,3.4230445016484534e-08,0.0008693313083118411,0.00017918707276468493,0.005249991169989464,5.3000423345761245,1.0771586618028055,0.0
256,1936,2.109970452994176,0.0016104005028499612,0.0003038155512361609,0.0028812278845989133,0.00018242520005126936,4.150737140662386e-06,3.327895424847683e-08,0.0008571537879077818,0.00017667703520607802,0.00517588740557166,5.300050480833016,1.0771596095517204,0.0
256,1940,2.114329896078875,0.0015880475001335383,0.00029959846993864837,0.0028409111153524457,0.00017987254021671706,4.0353880308430234e-06,3.2354131110274325e-08,0.0008451497363245574,0.0001742027531412905,0.005102848121488362,5.300058503110293,1.0771605435584461,0.0
256,1944,2.1186893391635735,0.0015660097655915857,0.0002954408666244352,0.00280116799450265,0.0001773562009814764,3.923271094663505e-06,3.145522225067784e-08,0.00083331663667406,0.00017176370778788783,0.005030857728090076,5.300066403329841,1.0771614640263047,0.0
256,1948,2.123048782248272,0.001544282774732501,0.00029134188771026204,0.0027619902094109523,0.00017487565603009587,3.814295041593141e-06,3.0581495738637264e-08,0.0008216520093392937,0.00016935938804577873,0.004959900869043038,5.300074183383093,1.0771623711555414,0.0
256,1952,2.127408225332971,0.0015228620692491984,0.00028730069209913315,0.002723369570362753,0.00017243038683006646,3.708371025368251e-06,2.973223924026009e-08,0.0008101534114095894,0.00016698929038080117,0.00488996241777672,5.300081845131531,1.0771632651433714,0.0
256,1956,2.1317676684176696,0.001501743256030071,0.0002833164509937263,0.0026852980087075794,0.00017001988251406504,3.605412814522424e-06,2.8906761386055007e-08,0.0007988184361245768,0.0001646529187101137,0.004821027473929622,5.300089390407173,1.0771641461840284,0.0
256,1960,2.1361271115023683,0.0014809220061849041,0.00027938834771262306,0.0026477675750276775,0.00016764363976399876,3.5053366218562587e-06,2.8104390403688346e-08,0.0007876447123266715,0.0001623497842893417,0.00475308135990547,5.300096821013048,1.0771650144688094,0.0
256,1964,2.140486554587067,0.001460394054086183,0.0002755155775094437,0.0026107704373360204,0.00016530116269691163,3.4080611044373654e-06,2.7324474117984056e-08,0.0007766299039223687,0.000160079405601539,0.004686109617448775,5.300104138723669,1.0771658701861213,0.0
256,1968,2.1448459976717658,0.0014401551964244594,0.00027169734739463373,0.002574298879301122,0.0001629919627525886,3.3135074204437842e-06,2.656638040667157e-08,0.0007657717093515615,0.00015784130824780327,0.004620098004286939,5.300111345285498,1.0771667135215248,0.0
256,1972,2.1492054407564645,0.001420201291278741,0.0002679328759600857,0.0025383452985004414,0.00016071555858296953,3.221598433356121e-06,2.582949081991588e-08,0.0007550678610654157,0.00015563502483965556,0.0045550324908147834,5.3001184424173955,1.0771675446577789,0.0
256,1976,2.153564883841163,0.0014005282572005068,0.0002642213932063304,0.0025029022046998686,0.00015847147594321491,3.132259735139087e-06,2.511320878377887e-08,0.0007445161250120527,0.00015346009489302872,0.004490899256863069,5.300125431811073,1.0771683637748848,0.0
256,1980,2.157924326925862,0.0013811320723124479,0.0002605621403725071,0.0024679622181611348,0.00015625924758453912,3.0454187935902155e-06,2.441695276400154e-08,0.0007341143001305934,0.00015131606472397957,0.004427684688474442,5.3001323151315285,1.0771691710501277,0.0
256,1984,2.1622837700105606,0.0013620087734201136,0.0002569543697687682,0.002433518067973918,0.00015407841314860776,2.9610051228701195e-06,2.3740157633247545e-08,0.0007238602178525905,0.00014920248734592373,0.004365375374756359,5.300139094017486,1.0771699666581191,0.0
256,1988,2.1666432130952593,0.0013431544551377782,0.0002533973446113665,0.0023995625904149522,0.00015192851906364437,2.8789503403459094e-06,2.308227512685107e-08,0.0007137517416115447,0.000147118922368537,0.004303958104777927,5.300145770081812,1.0771707507708388,0.0
256,1992,2.171002656179958,0.0013245652690274034,0.0002498903388602131,0.0023660887273321786,0.00014980911844212296,2.7991879960609367e-06,2.2442772475573264e-08,0.000703786766359919,0.00014506493589820177,0.004243419864519505,5.3001523449119405,1.077171523557674,0.0
256,1996,2.1753620992646567,0.0013062374227509976,0.00024643263705896335,0.0023330895245542364,0.0001477197709800646,2.721653459047957e-06,2.1821131494106528e-08,0.0006939632180937316,0.00014304010044001615,0.004183747833865514,5.300158820070281,1.0771722851854608,0.0
256,2000,2.1797215423493554,0.0012881671792351235,0.0002430235341773937,0.0023005581303232048,0.00014566004285780648,2.6462839173291286e-06,2.1216848581074536e-08,0.0006842790533841121,0.00014104399480123784,0.004124929383637411,5.300165197094625,1.0771730358185234,0.0
256,2004,2.184080985434054,0.0012703508558490526,0.0002396623354563541,0.00226848779375325,0.00014362950664241096,2.573018491602852e-06,2.0629435630527913e-08,0.0006747322589166099,0.00013907620399632625,0.004066952072691322,5.30017147749854,1.0771737756187127,0.0
256,2008,2.188440428518753,0.0012527848235949224,0.00023634835625498398,0.002236871863312112,0.00014162774119152075,2.5017978941832553e-06,2.005841729745715e-08,0.0006653208510373367,0.00013713631915339303,0.004009803645044338,5.300177662771767,1.0771745047454435,0.0
256,2012,2.1927998716034516,0.0012354655063106425,0.00023308092190033408,0.00220570378532681,0.0001396543315587475,2.43256465637387e-06,1.9503332820783988e-08,0.0006560428753063581,0.00013522393742214692,0.003953472027052086,5.3001837543805985,1.0771752233557337,0.0
256,2016,2.1971593146881503,0.0012183893798840282,0.00022985936753910598,0.002174977102510744,0.0001377088689004153,2.3652627874071186e-06,1.8963733288874315e-08,0.0006468964060574885,0.00013333866188315846,0.0038979453246357743,5.30018975376826,1.0771759316042402,0.0
256,2020,2.201518757772849,0.0012015529714799631,0.00022668303799185005,0.0021446854525155163,0.00013579095038386877,2.299837888131151e-06,1.8439182551033885e-08,0.0006378795459654834,0.00013148010145864935,0.0038432118205478693,5.300195662355281,1.0771766296432954,0.0
256,2024,2.2058782008575477,0.001184952858778915,0.00022355128760930484,0.0021148225665042686,0.00013390017909714407,2.236237321540102e-06,1.792925858475185e-08,0.0006289904256196682,0.00012964787082460864,0.0037892599716704794,5.300201481539862,1.0771773176229436,0.0
256,2028,2.2102376439422464,0.0011685856692267955,0.0002204634801308771,0.0020853822677466723,0.00013203616396001053,2.1744095306530653e-06,1.743354802672655e-08,0.0006202272031040493,0.00012784159032424498,0.0037360784063768583,5.300207212698231,1.0771779956909746,0.0
256,2032,2.214597087026945,0.0011524480792963383,0.00021741898854529433,0.0020563584702357365,0.0001301985196363936,2.1143050616956316e-06,1.6951654376326846e-08,0.0006115880635839538,0.00012606088588278442,0.0036836559219241894,5.300212857185001,1.0771786639929608,0.0
256,2036,2.218956530111644,0.0011365368137597998,0.00021441719495339382,0.0020277451773261226,0.00012838686644815978,2.055875256701256e-06,1.6483187513391523e-08,0.0006030712188991029,0.00012430538892359465,0.0036319814818755475,5.300218416333516,1.0771793226722892,0.0
256,2040,2.2233159731963426,0.001120848644972729,0.00021145749043299976,0.001999536480393415,0.00012660083029022802,1.99907316300596e-06,1.602777099019492e-08,0.0005946749071629555,0.00012257473628560139,0.0035810442135777846,5.300223891456193,1.0771799718701964,0.0
256,2044,2.2276754162810413,0.0011053803921684626,0.00020853927490582398,0.0019717265575138134,0.00012484004254697463,1.9438528511273034e-06,1.5585036562472723e-08,0.000586397392368165,0.0001208685701419649,0.0035308334056823793,5.300229283844859,1.077180611725801,0.0
256,2048,2.23203485936574,0.001090128920763324,0.00020566195700638562,0.001944309672164118,0.0001231041400099224,1.890170096885413e-06,1.5154629658396162e-08,0.0005782369639981051,0.00011918653792000747,0.00348133850568429,5.300234594771078,1.0771812423761356,0.0
256,2052,2.2363943024504387,0.0010750911416724685,0.00020282495395293988,0.001917280171941844,0.00012139276479670472,1.837981756125373e-06,1.4736204365345655e-08,0.0005701919366444187,0.00011752829222238239,0.003432549117516301,5.300239825486484,1.0771818639561797,0.0
256,2056,2.2407537455351374,0.001060264010636053,0.00020002769142035419,0.0018906324873049698,0.00011970556427127262,1.7872456510303891e-06,1.4329422518415103e-08,0.0005622606496304429,0.0001158934907494541,0.003384454999170666,5.3002449772230955,1.077182476598891,0.0
256,2060,2.245113188619836,0.0010456445275556052,0.00019726960341490861,0.0018643611303309972,0.00011804219096532449,1.7379213090862322e-06,1.3933959625133965e-08,0.00055444146664041,0.00011428179622286883,0.0033370460603807783,5.30025005119363,1.077183080435237,0.0
256,2064,2.249472631704535,0.0010312297358404103,0.0001945501321509864,0.0018384606934950145,0.00011640230250093905,1.689968883056281e-06,1.354949620625807e-08,0.0005467327753543341,0.00011269287631029726,0.0032903123602984747,5.300255048591815,1.0771836755942235,0.0
256,2068,2.2538320747892335,0.0010170167217638166,0.00019186872792963542,0.001812925848466501,0.00011478556151439498,1.6433500036328041e-06,1.3175724631987395e-08,0.0005391329870885051,0.00011112640355133295,0.0032442441052376197,5.300259970592695,1.077184262202927,0.0
256,2072,2.2581915178739322,0.0010030026138293552,0.00018922484901898152,0.001787751344924787,0.00011319163558117159,1.5980274383764481e-06,1.2812346387478954e-08,0.0005316405364415639,0.00010958205528454113,0.00319883164645757,5.3002648183529235,1.077184840386523,0.0
256,2076,2.262550960958631,0.0009891845821462508,0.00018661796153641332,0.0017629320093922197,0.00011162019714207067,1.5539646938123042e-06,1.2459068882611841e-08,0.0005242538809458732,0.00010805951357559903,0.0031540654779521676,5.300269593011066,1.0771854102683156,0.0
256,2080,2.2669104040433297,0.000975559837814667,0.00018404753933260357,0.0017384627440858124,0.00011007092343050851,1.511126356490422e-06,1.2115608186474328e-08,0.0005169715007244187,0.00010655846514657617,0.0031099362342985695,5.300274295687884,1.0771859719697658,0.0
256,2084,2.2712698471280284,0.0009621256323199013,0.00018151306387721906,0.0017143385257858375,0.00010854349640088082,1.4694783203594852e-06,1.1781690850355285e-08,0.0005097918981527791,0.00010507860130625948,0.0030664346885235024,5.300278927486622,1.0771865256105193,0.0
256,2088,2.275629290212727,0.0009488792569360176,0.00017901402414641075,0.0016905544047222342,0.00010703760265805546,1.4289871614892036e-06,1.1457048894517805e-08,0.0005027135975264248,0.00010361961788157659,0.003023551750029395,5.300283489493286,1.0771870713084357,0.0
256,2092,2.279988733297426,0.0009358180421384194,0.0001765499165119909,0.0016671055034779328,0.00010555293338793641,1.3896204222874076e-06,1.1141422086938458e-08,0.0004957351447330752,0.00010218121515006205,0.0029812784625034565,5.300287982776921,1.0771876091796146,0.0
256,2096,2.2843481763821245,0.0009229393570251704,0.0001741202446322602,0.0016439870159087823,0.0001040891842890788,1.3513466683434672e-06,1.0834558399055157e-08,0.0004888551069300264,0.00010076309777334787,0.002939606001918296,5.300292408389882,1.0771881393384226,0.0
256,2100,2.288707619466823,0.0009102406087470441,0.0001717245193444821,0.0016211942060799273,0.00010264605550534559,1.3141353747414541e-06,1.0536213094271436e-08,0.00048207207222639555,9.936497473166755e-05,0.002898525674503343,5.3002967673680965,1.0771886618975197,0.0
256,2104,2.293067062551522,0.0008977192419463245,0.00016936225855900767,0.0015987224072187025,0.00010122325155960998,1.2779566986864666e-06,1.0246146904965056e-08,0.00047538464937030663,9.798655925937861e-05,0.0028580289148087234,5.300301060731335,1.0771891769678867,0.0
256,2108,2.2974265056362206,0.0008853727382040336,0.0001670329871549904,0.00157656702068352,9.982048128847036e-05,1.2427817637217231e-06,9.96412831122726e-09,0.00046879146744086036,9.662756878147131e-05,0.0028181072837564964,5.3003052894834575,1.0771896846588487,0.0
256,2112,2.3017859487209194,0.0008731986154955029,0.0001647362368776754,0.001554723514948502,9.84374577779623e-05,1.2085826597285632e-06,9.689933540862773e-09,0.00046229117554481396,9.528772485104802e-05,0.0027787524667258366,5.3003094546126786,1.0771901850781018,0.0
256,2116,2.306145391805618,0.0008611944276538613,0.00016247154623718162,0.0015331874246030492,9.707389830021611e-05,1.1753319881790958e-06,9.423342923406986e-09,0.0004558824425177273,9.396675308772337e-05,0.002739956271689039,5.300313557091811,1.077190678331738,0.0
256,2120,2.3105048348903168,0.0008493577638421331,0.00016023846040890902,0.0015119543493676254,9.572952425114117e-05,1.1430030326664564e-06,9.164142257369513e-09,0.0004495639566299571,9.266438311702357e-05,0.0027017106273528424,5.300317597878507,1.0771911645242684,0.0
256,2124,2.3148642779750155,0.0008376862480325864,0.00015803653113531302,0.001491019953123354,9.440406108898475e-05,1.1115703273389954e-06,8.912127367712709e-09,0.0004433344252967864,9.138034851063811e-05,0.002664007581356005,5.300321577915512,1.0771916437586488,0.0
256,2128,2.319223721059714,0.0008261775384946862,0.0001558653166293028,0.0014703799629577493,9.309723827391234e-05,1.0810086905621574e-06,8.66709635813819e-09,0.00043719257479337635,9.011438672766553e-05,0.0026268392984600893,5.30032549813089,1.0771921161363025,0.0
256,2132,2.323583164144413,0.0008148293272902339,0.00015372438147899487,0.0014500301682240705,9.180878920845065e-05,1.05129379335267e-06,8.428854168565347e-09,0.00043113714997379234,8.88662390566988e-05,0.0025901980587885918,5.300329359438262,1.0771925817571437,0.0
256,2136,2.3279426072291116,0.0008036393397763503,0.00015161329655394686,0.0014299664196153912,9.05384511788622e-05,1.022402045691706e-06,8.197211663635652e-09,0.000425166913994431,8.763565055881808e-05,0.002554076256115264,5.300333162737035,1.0771930407196009,0.0
256,2140,2.3323020503138103,0.0007926053341155202,0.0001495316389127232,0.0014101846282521117,8.928596529737104e-05,9.943103691512079e-07,7.971983809721235e-09,0.0004192806480414682,8.642237001141199e-05,0.002518466396112941,5.300336908912631,1.0771934931206388,0.0
256,2144,2.336661493398509,0.0007817251007935909,0.00014747899171196164,0.0013906807647843542,8.805107644533094e-05,9.669965947978199e-07,7.752992865159865e-09,0.0004134771510627567,8.522614985291636e-05,0.0024833610947062076,5.300340598836704,1.0771939390557814,0.0
256,2148,2.3410209364832077,0.0007709964621445497,0.00014545494411671836,0.0013714508585072418,8.683353321720905e-05,9.404387242284429e-07,7.54006245553286e-09,0.00040775523950357744,8.4046746128347e-05,0.002448753076398468,5.300344233367365,1.0771943786191336,0.0
256,2152,2.3453803795679065,0.0007604172718827919,0.00014345909121222654,0.0013524909964902007,8.563308786545768e-05,9.146160664386116e-07,7.3330266886221344e-09,0.00040211374704658296,8.288391843569673e-05,0.0024146351726435367,5.300347813349389,1.0771948119034023,0.0
256,2156,2.349739822652605,0.0007499854146420023,0.00014149103391690245,0.0013337973227188036,8.444949624618004e-05,8.895076462067664e-07,7.131717393470343e-09,0.00039655152435549244,8.17374298731057e-05,0.002381000320237114,5.300351339614435,1.0771952389999175,0.0
256,2160,2.354099265737304,0.0007396988055213097,0.00013955037889672373,0.0013153660372502644,8.328251776566032e-05,8.650939093968191e-07,6.935977792816436e-09,0.0003910674388228676,8.060704698687276e-05,0.0023478415597353065,5.300354812981249,1.077195659998655,0.0
256,2164,2.3584587088220026,0.0007295553896381051,0.00013763673848086468,0.0012971933953815377,8.213191532769175e-05,8.413553587161005e-07,6.74565156514722e-09,0.00038566037432165865,7.949253972024395e-05,0.002315152033904226,5.300358234255869,1.0771960749882548,0.0
256,2168,2.3628181519067013,0.000719553141687562,0.00013574973057859619,0.0012792757068299362,8.099745528169742e-05,8.182731221495487e-07,6.560587402175866e-09,0.0003803292309604905,7.839368136297202e-05,0.0022829249861838295,5.30036160423183,1.077196484056042,0.0
256,2172,2.3671775949914,0.0007096900655086249,0.00013388897859740583,0.0012616093349260922,7.98789073716325e-05,7.95829180333385e-07,6.3806408318333286e-09,0.0003750729248426447,7.73102485016376e-05,0.0022511537591642637,5.300364923690356,1.0771968872880477,0.0
256,2176,2.3715370380760987,0.0006999641936569083,0.00013205411136242158,0.001244190695819773,7.877604468570042e-05,7.740053433735739e-07,6.205666014807003e-09,0.00036989038782888,7.624202097076165e-05,0.0022198317931146497,5.300368193400565,1.0771972847690272,0.0
256,2180,2.3758964811607974,0.0006903735869833886,0.00013024476303692863,0.0012270162576966735,7.7688643606764e-05,7.527844445576193e-07,6.0355253152456214e-09,0.0003647805673035375,7.518878180459488e-05,0.002188952624522113,5.300371414119647,1.0771976765824804,0.0
256,2184,2.380255924245496,0.0006809163342201646,0.00012846057304421953,0.0012100825400084905,7.661648376359751e-05,7.321498856072139e-07,5.870085654776433e-09,0.000359742425944615,7.415031718972543e-05,0.0021585098846361255,5.300374586593065,1.0771980628106705,0.0
256,2188,2.384615367330195,0.0006715905515715444,0.00012670118599044937,0.0011933861127130536,7.555934798277552e-05,7.120852956177259e-07,5.709215778018094e-09,0.0003547749414968507,7.312641641830666e-05,0.0021284972980626024,5.300377711554737,1.0771984435346427,0.0
256,2192,2.3889748104148936,0.0006623943823119685,0.0001249662515887806,0.0011769235955272274,7.451702224137036e-05,6.925747015884554e-07,5.552787619824225e-09,0.0003498771065486223,7.211687184207152e-05,0.002098908681352056,5.300380789727211,1.0771988188342418,0.0
256,2196,2.3933342534995923,0.0006533259963897847,0.0001232554245846318,0.0011606916571909448,7.348929562035425e-05,6.736026421094721e-07,5.400677216779114e-09,0.0003450479283121759,7.112147882703317e-05,0.002069737941643468,5.300383821821859,1.0771991887881323,0.0
256,2200,2.397693696584291,0.0006443835900363737,0.00012156836468193602,0.0011446870147411592,7.24759602586296e-05,6.551542242050346e-07,5.252765162945568e-09,0.00034028642840681857,7.014003570879653e-05,0.0020409790752885988,5.300386808539038,1.0771995534738144,0.0
256,2204,2.4020531396689897,0.0006355653853821379,0.00011990473647069375,0.001128906432798787,7.147681130788167e-05,6.372149528033333e-07,5.108935242621354e-09,0.00033559164264599576,6.917234374867057e-05,0.0020126261665340726,5.300389750568277,1.0771999129676426,0.0
256,2208,2.4064125827536884,0.0006268696300771155,0.0001182642093553987,0.0011133467228643542,7.049164688798235e-05,6.197704465193965e-07,4.969072151599947e-09,0.00033096262082697085,6.821820709031684e-05,0.001984673386197536,5.300392648588441,1.0772002673448422,0.0
256,2212,2.410772025838387,0.0006182945969182451,0.00011664645748471806,0.001098004742626043,6.952026804317912e-05,6.028072334629542e-07,4.833067877640449e-09,0.0003263984265242097,6.727743271716192e-05,0.001957114990376612,5.300395503267901,1.0772006166795278,0.0
256,2216,2.415131468923086,0.000609838583481536,0.00011505115968209838,0.0010828773952770265,6.8562478698872e-05,5.863117280568986e-07,4.700813497006261e-09,0.0003218981368855427,6.63498304103821e-05,0.0019299453191767956,5.300398315264698,1.077200961044719,0.0
256,2220,2.4194909120077845,0.0006014999117600466,0.00011347799937746717,0.0010679616288437666,6.76180856190847e-05,5.702710268451483e-07,4.572205554935003e-09,0.0003174608424316069,6.543521270756434e-05,0.0019031587954597977,5.300401085226711,1.0772013005123564,0.0
256,2224,2.4238503550924833,0.0005932769278070841,0.00011192666453991951,0.0010532544355239413,6.668689836454537e-05,5.546725674321351e-07,4.44714333115141e-09,0.00031308564685816084,6.453339486195929e-05,0.0018767499236023806,5.300403813791809,1.0772016351533191,0.0
256,2228,2.428209798177182,0.0005851680013848231,0.00011039684761142701,0.0010387528510347052,6.576872925142173e-05,5.395037874222908e-07,4.3255261053802164e-09,0.0003087716668414927,6.364419480237187e-05,0.0018507132882772325,5.300406501588017,1.0772019650374403,0.0
256,2232,2.4325692412618807,0.0005771715256181298,0.00010888824544152887,0.0010244539539706642,6.486339331067113e-05,5.2475297707133e-07,4.207259993563931e-09,0.0003045180318467309,6.276743309365013e-05,0.001825043553268804,5.300409149233665,1.0772022902335228,0.0
256,2236,2.4369286843465794,0.0005692859166536687,0.00010740055922301942,0.0010103548651717593,6.397070824801811e-05,5.10408540321805e-07,4.092252023140772e-09,0.0003003238839391158,6.190293289778453e-05,0.0017997354602793789,5.300411757337544,1.0772026108093546,0.0
256,2240,2.441288127431278,0.0005615096133237912,0.00010593349442853803,0.000996452747100098,6.309049440449833e-05,4.96459051646525e-07,3.980410588792509e-09,0.0002961883775979464,6.10505199355585e-05,0.0017747838277805013,5.300414326499057,1.0772029268317247,0.0
256,2244,2.445647570515977,0.0005538410768158538,0.00010448676074818305,0.000982744803227004,6.222257471764965e-05,4.828937676393252e-07,3.871649554175136e-09,0.00029211067953358066,6.0210022448828354e-05,0.001750183549855045,5.3004168573083605,1.0772032383664374,0.0
256,2248,2.4500070136006755,0.0005462787903459153,0.00010306007202795221,0.0009692282774282867,6.136677468322357e-05,4.697017175203655e-07,3.76588095995324e-09,0.000288089968506894,5.9381271163310135e-05,0.0017259295950853713,5.300419350346518,1.0772035454783273,0.0
256,2252,2.4543664566853742,0.0005388212588378046,0.00010165314620919592,0.000955900453389539,6.052292231753153e-05,4.568728968479263e-07,3.663024594504888e-09,0.00028412543515173364,5.856409925198365e-05,0.00170201700543142,5.300421806185638,1.077203848231275,0.0
256,2256,2.458725899770073,0.0005314670086066294,0.0001002657052689087,0.0009427586540197877,5.96908481203202e-05,4.443970169631939e-07,3.56299796746889e-09,0.0002802162817998696,5.7758342299011345e-05,0.0016784408951462059,5.300424225389016,1.0772041466882194,0.0
256,2260,2.4630853428547717,0.0005242145870473706,9.889747516097978e-05,0.0009298002408746501,5.887038503824858e-05,4.322642439547053e-07,3.465722234466869e-09,0.0002763617223087866,5.6963838264242664e-05,0.001655196449702063,5.300426608511274,1.0772044409111738,0.0
256,2264,2.4674447859394704,0.0005170625623275892,9.754818575821965e-05,0.000917022613587265,5.806136842885731e-05,4.2046519865834853e-07,3.371122197103264e-09,0.0002725609818918014,5.6180427448197715e-05,0.0016322789247199302,5.300428956098494,1.0772047309612387,0.0
256,2268,2.471804229024169,0.0005100095230847663,9.621757079526086e-05,0.0009044232093078135,5.726363602508193e-05,4.089907861271058e-07,3.279124935721774e-09,0.0002688132969507447,5.540795245757958e-05,0.0016096836449418363,5.300431268688354,1.0772050168986156,0.0
256,2272,2.476163672108868,0.0005030540781288982,9.490536781244997e-05,0.0008919995021529017,5.647702790039044e-05,3.9783162719686516e-07,3.1896552519268383e-09,0.0002651179149115904,5.4646258171394126e-05,0.0015874060031904685,5.30043354681026,1.0772052987826213,0.0
256,2276,2.4805231151935665,0.0004961948561483961,9.361131810036318e-05,0.0008797490026611847,5.570138643431615e-05,3.8697913851137855e-07,3.102644327792821e-09,0.00026147409406195217,5.389519170745471e-05,0.0015654414593693625,5.3004357909854765,1.0772055766717004,0.0
256,2280,2.484882558278265,0.0004894305054212469,9.233516664531421e-05,0.0008676692572588145,5.493655627861239e-05,3.7642496408807347e-07,3.0180251683854964e-09,0.0002578811033915148,5.3154602389491777e-05,0.0015437855394483217,5.300438001727251,1.0772058506234383,0.0
256,2284,2.489242001362964,0.0004827596935299061,9.107666207556666e-05,0.0008557578477318166,5.418238432384607e-05,3.661608047877962e-07,2.9357312345184886e-09,0.00025433822243453423,5.242434171468887e-05,0.0015224338345101178,5.300440179540943,1.0772061206945749,0.0
256,2288,2.4936014444476626,0.000476181107080702,8.98355566083971e-05,0.0008440123907069888,5.343871966653068e-05,3.561785888450686e-07,2.8556978099968298e-09,0.00025084474111488703,5.170426332174419e-05,0.0015013819997547117,5.300442324924145,1.0772063869410167,0.0
256,2292,2.4979608875323613,0.0004696934514272176,8.861160599790887e-05,0.0008324305371402032,5.2705413576728106e-05,3.4647047186808777e-07,2.77786200161696e-09,0.00024739995959333056,5.0994222959387694e-05,0.0014806257535671895,5.300444438366807,1.0772066494178494,0.0
256,2296,2.50232033061706,0.0004632954503981728,8.74045694836947e-05,0.0008210099718131147,5.198231946618269e-05,3.370288368387264e-07,2.7021627391667267e-09,0.00024400318811727503,5.0294078455416104e-05,0.0014601608765723423,5.300446520351354,1.07720690817935,0.0
256,2300,2.5066797737017588,0.0004569858460286181,8.621420974012417e-05,0.0008097484128361455,5.126929285685263e-05,3.2784629411253263e-07,2.628540775425385e-09,0.0002406537468724331,4.960368968611478e-05,0.0014399832107185222,5.300448571352804,1.0772071632789995,0.0
256,2304,2.5110392167864575,0.0004507633982958403,8.504029282652008e-05,0.0007986436111601153,5.0566191349988836e-05,3.1891579510556767e-07,2.556939597659301e-09,0.00023735096583704852,4.8922918546211244e-05,0.0014200886583612873,5.300450591838884,1.077207414769494,0.0
256,2308,2.515398659871156,0.0004446268848587644,8.388258813799452e-05,0.0007876933500946162,4.9872874595640755e-05,3.1023046176414937e-07,2.4873040603783964e-09,0.00023409418463814542,4.825162891924526e-05,0.0014004731813693921,5.300452582270146,1.0772076627027576,0.0
256,2312,2.519758102955855,0.0004385751008011878,8.274086835700774e-05,0.0007768954448333509,4.9189204262603156e-05,3.017833591911767e-07,2.4195785623447417e-09,0.00023088275240985294,4.758968664836655e-05,0.0013811328002514645,5.300454543100075,1.0772079071299527,0.0
256,2316,2.5241175460405536,0.00043260685837937305,8.16149094057495e-05,0.0007662477419877504,4.851504400888704e-05,2.93567836706643e-07,2.3537097810596663e-09,0.0002277160276542075,4.693695950764333e-05,0.0013620635932718355,5.3004564747752045,1.0772081481014923,0.0
256,2320,2.5284769891252523,0.00042672098677240376,8.050449039904155e-05,0.0007557481191257499,4.785025945251727e-05,2.855776983778924e-07,2.2896480400073146e-09,0.00022459337810349592,4.6293317173688354e-05,0.0013432616956146465,5.300458377735221,1.0772083856670505,0.0
256,2324,2.532836432209951,0.0004209163318370472,7.940939359809044e-05,0.0007453944843188656,4.719471814285561e-05,2.7780657774201245e-07,2.227342295428275e-09,0.00022151418058507548,4.565863119779558e-05,0.0013247232985264278,5.300460252413072,1.0772086198755744,0.0
256,2328,2.5371958752946497,0.000415191755866119,7.8329404364901e-05,0.0007351847756959599,4.654828953234741e-05,2.702483925531851e-07,2.166743782302397e-09,0.00021847782088819638,4.503277497848953e-05,0.0013064446484961868,5.300462099235074,1.077208850775294,0.0
256,2332,2.5415553183793484,0.0004095461373499654,7.726431111727792e-05,0.0007251169610027203,4.591084494862993e-05,2.628974584695243e-07,2.107806925844491e-09,0.00021548369363252832,4.44156237344259e-05,0.0012884220464293031,5.30046391862101,1.077209078413734,0.0
256,2336,2.545914761464047,0.00040397837074199167,7.621390528459083e-05,0.0007151890371687562,4.5282257567123043e-05,2.557477500886307e-07,2.050483416782258e-09,0.00021253120213896454,4.380705447776161e-05,0.0012706518468511376,5.3004657109842395,1.0772093028377236,0.0
256,2340,2.550274204548746,0.0003984873662274116,7.517798126414682e-05,0.0007053990298806587,4.4662402383997474e-05,2.487939241291315e-07,1.99473041481762e-09,0.00020961975830220645,4.3206945987891915e-05,0.0012531304571159663,5.300467476731792,1.077209524093407,0.0
256,2344,2.5546336476334446,0.0003930720494952593,7.415633637817863e-05,0.0006957449931612239,4.405115618953328e-05,2.4203052362281596e-07,1.9405041681567966e-09,0.00020674878246519112,4.2615178785567274e-05,0.001235854336617167,5.300469216264467,1.0772097422262537,0.0
256,2348,2.5589930907181433,0.00038773136151425147,7.31487708315592e-05,0.0006862250089557621,4.344839754192702e-05,2.3545243266198668e-07,1.887763659493118e-09,0.00020391770329563326,4.2031635107446145e-05,0.0012188199960257802,5.300470929976934,1.077209957281068,0.0
256,2352,2.563352533802842,0.00038246425831141973,7.215508767003874e-05,0.0006768371867236697,4.285400674143204e-05,2.2905442165210843e-07,1.836466960024211e-09,0.00020112595766414237,4.14561988809724e-05,0.0012020239965309463,5.300472618257826,1.0772101693020004,0.0
256,2356,2.5677119768875407,0.0003772697107542772,7.117509273914873e-05,0.0006675796630364872,4.226786580490951e-05,2.228313178420649e-07,1.7865725966955536e-09,0.0001983729905242734,4.088875569965132e-05,0.0011854629490949738,5.300474281489834,1.0772103783325557,0.0
256,2360,2.5720714199722394,0.00037214670433613077,7.020859464369912e-05,0.0006584506011819437,4.168985844075847e-05,2.1677868744518491e-07,1.7380450211746994e-09,0.00019565825479437026,4.032919279869509e-05,0.0011691335137207276,5.300475920049795,1.0772105844156041,0.0
256,2364,2.576430863056938,0.0003670942389647013,6.925540470789999e-05,0.0006494481907741151,4.1119870024232925e-05,2.1089152824060875e-07,1.690844127650682e-09,0.00019298121124123384,3.9777399031044415e-05,0.0011530323987253778,5.300477534308793,1.077210787593389,0.0
256,2368,2.580790306141637,0.00036211132875365204,6.83153369360314e-05,0.0006405706473689314,4.055778757309771e-05,2.0516552012850298e-07,1.6449352792867585e-09,0.00019034132836538551,3.923326484371891e-05,0.0011371563600304996,5.300479124632241,1.077210987907538,0.0
256,2372,2.5851497492263356,0.00035719700181741315,6.738820797373547e-05,0.000631816212085945,4.00034997236807e-05,1.9959594510510215e-07,1.6002806490112222e-09,0.0001877380822882045,3.8696682254553854e-05,0.0011215022004526427,5.300480691379968,1.0772111853990711,0.0
256,2376,2.5895091923110343,0.0003523503000686574,6.647383706980842e-05,0.0006231831512349825,3.9456896707234165e-05,1.9417859675741056e-07,1.5568465114830337e-09,0.0001851709566405221,3.816754482923712e-05,0.0011060667690336904,5.300482234906313,1.0772113801084098,0.0
256,2380,2.593868635395733,0.0003475702790192544,6.557204603864893e-05,0.0006146697559493,3.891787032670809e-05,1.8890949604610796e-07,1.5146009643525612e-09,0.00018263944245315987,3.764574765874687e-05,0.001090846960321742,5.300483755560205,1.0772115720753863,0.0
256,2384,2.5982280784804317,0.00034285600758369653,6.468265922317278e-05,0.0006062743418232971,3.838631393381189e-05,1.8378432287136093e-07,1.4735093707830612e-09,0.00018014303804882712,3.713118733706938e-05,0.0010758397137486254,5.300485253685245,1.0772117613392522,0.0
256,2388,2.6025875215651304,0.0003382065678856033,6.380550345830832e-05,0.0005979952485559764,3.7862122406440105e-05,1.7879921188068693e-07,1.4335407399206055e-09,0.00017768124893573575,3.662376193927089e-05,0.001061042012929783,5.300486729619797,1.077211947938687,0.0
256,2392,2.606946964649829,0.0003336210550674253,6.294040803509543e-05,0.0005898308396004664,3.7345192126481834e-05,1.7395024087818456e-07,1.3946636251634144e-09,0.0001752535877030289,3.6123370999943304e-05,0.0010464508850336238,5.300488183697062,1.0772121319118064,0.0
256,2396,2.611306407734528,0.00032909857710216266,6.208720466516474e-05,0.0005817795018170804,3.6835420957854196e-05,1.692338287284656e-07,1.356849314396819e-09,0.0001728595739172593,3.5629915491866195e-05,0.0010320634001367171,5.300489616245159,1.0772123132961717,0.0
256,2400,2.6156658508192265,0.00032463825460853334,6.124572744586751e-05,0.000573839645133027,3.633270822495681e-05,1.6464599639220978e-07,1.320065905271187e-09,0.00017049873402086123,3.514329780507985e-05,0.001017876670590344,5.300491027587206,1.0772124921287967,0.0
256,2404,2.6200252939039252,0.000320239220668603,6.041581282587002e-05,0.0005660097022065634,3.58369546914077e-05,1.601835606379609e-07,1.2842878759068134e-09,0.00016817060123194567,3.466342172623096e-05,0.0010038878504006574,5.3004924180414,1.0772126684461565,0.0
256,2408,2.624384736988624,0.00031590062064805013,5.959729957124499e-05,0.0005582881280960776,3.5348062539091135e-05,1.558428834869119e-07,1.2494860584411771e-09,0.00016587471544556745,3.419019241822175e-05,0.0009900941346179418,5.300493787921087,1.0772128422841958,0.0
256,2412,2.6287441800733227,0.0003116216120191484,5.8790028732075866e-05,0.0005506733999342591,3.4865935347527756e-05,1.516206680207688e-07,1.215634019498869e-09,0.00016361062313651403,3.372351640017272e-05,0.0009764927587332049,5.30049513753484,1.0772130136783358,0.0
256,2416,2.6331036231580214,0.00030740136418640326,5.799384360956157e-05,0.0005431640166071185,3.439047807355167e-05,1.475136173212377e-07,1.1827053257044798e-09,0.0001613778772635391,3.3263301527683284e-05,0.0009630809980794197,5.300496467186536,1.0772131826634832,0.0
256,2420,2.63746306624272,0.0003032390583146701,5.720858972358962e-05,0.0005357584984377752,3.3921597031289433e-05,1.4351860500028124e-07,1.1506749109261557e-09,0.0001591760371750253,3.280945697338685e-05,0.0009498561672531109,5.3004977771754245,1.0772133492740368,0.0
256,2424,2.641822509327419,0.00029913388715957766,5.6434114780744055e-05,0.0005284553868743904,3.3459199872401506e-05,1.3963256151328096e-07,1.1195181647798952e-09,0.00015700466851588022,3.236189320776021e-05,0.0009368156195366168,5.3004990677962,1.0772135135438952,0.0
256,2428,2.6461819524121175,0.000295085054900899,5.567026864286948e-05,0.0005212532441836415,3.300319556667455e-05,1.358525310024561e-07,1.0892113883774e-09,0.00015486334313608962,3.192052198027444e-05,0.0009239567463232754,5.300500339339076,1.0772136755064654,0.0
256,2432,2.650541395496816,0.0002910917769780753,5.491690329604128e-05,0.0005141506531481948,3.255349438286691e-05,1.32175500766607e-07,1.0597304270825202e-09,0.00015275163900046394,3.148525630079185e-05,0.0009112769765688135,5.30050159208985,1.0772138351946683,0.0
256,2436,2.654900838581515,0.00028715327992824617,5.417387282000863e-05,0.0005071462167688253,3.211000786984826e-05,1.2859862863479066e-07,1.0310524935026616e-09,0.00015066914009977301,3.105601042124896e-05,0.000898773776234803,5.300502826329973,1.077213992640947,0.0
256,2440,2.6592602816662136,0.00028326880122647106,5.344103335805095e-05,0.0005002385579705942,3.167264883799624e-05,1.2511929980973946e-07,1.0031566232366375e-09,0.0001486154363630914,3.063269981758914e-05,0.000886444647744782,5.300504042336618,1.0772141478772739,0.0
256,2444,2.6636197247509124,0.00027943758912857264,5.271824308732902e-05,0.0004934263193139556,3.124133134090515e-05,1.217347858073481e-07,9.760209403875576e-10,0.00014659012357161815,3.0215241171999e-05,0.0008742871294522659,5.300505240382746,1.0772143009351567,0.0
256,2448,2.667979167835611,0.0002756589025159652,5.2005362189610505e-05,0.00048670816270947136,3.081597065732305e-05,1.1844247183034895e-07,9.49624480554235e-10,0.00014459280327357063,2.9803552355366336e-05,0.0008622987951128545,5.300506420737169,1.0772144518456463,0.0
256,2452,2.6723386109203098,0.00027193201074312054,5.130225282249315e-05,0.0004800827691374899,3.039648327340327e-05,1.152397999248933e-07,9.239467350833349e-10,0.0001426230827005638,2.9397552410044154e-05,0.0008504772533702071,5.300507583664617,1.0772146006393437,0.0
256,2456,2.6766980540050085,0.00026825619348701816,5.060877909100228e-05,0.000473548838371465,2.9982786865186268e-05,1.1212426898055128e-07,8.989676510693743e-10,0.00014068057468507404,2.8997161532838233e-05,0.0008388201472363333,5.3005087294257995,1.0772147473464058,0.0
256,2460,2.681057497089707,0.0002646307405987756,4.992480701959963e-05,0.00046710508870537046,2.957480028134088e-05,1.0909354841714958e-07,8.74668542850426e-10,0.00013876489757912842,2.860230105824736e-05,0.0008273251536050811,5.300509858277468,1.0772148919965518,0.0
256,2464,2.685416940174406,0.00026105495195754864,4.9250204524620416e-05,0.00046075025668525205,2.9172443526167488e-05,1.0614536449793377e-07,8.510311805124147e-10,0.00013687567517422597,2.821289344195742e-05,0.0008159899827225607,5.300510970472475,1.077215034619071,0.0
256,2468,2.6897763832591046,0.0002575281373266772,4.858484138713399e-05,0.00045448309684499664,2.877563774286825e-05,1.0327744348614942e-07,8.280373341412648e-10,0.00013501253662252064,2.7828862244595603e-05,0.0008048123777525681,5.300512066259839,1.077215175242828,0.0
256,2472,2.6941358263438033,0.00025404961621161364,4.7928589226140894e-05,0.0004483023814454435,2.8384305197028892e-05,1.0048756848846097e-07,8.05669229570753e-10,0.00013317511635900278,2.745013211569039e-05,0.000793790114229615,5.300513145884799,1.0772153138962695,0.0
256,2476,2.698495269428502,0.00025061871772038896,4.7281321472248585e-05,0.00044220690021812243,2.799836926039346e-05,9.777352261153283e-08,7.839090926346557e-10,0.00013136305402505953,2.7076628777915788e-05,0.0007829209996510437,5.300514209588874,1.07721545060743,0.0
256,2480,2.7028547125132008,0.0002472347804255868,4.6642913341631714e-05,0.000436195460111888,2.7617754394822456e-05,9.513320264886715e-08,7.62740060662453e-10,0.00012957599439290322,2.6708279011514463e-05,0.0007722028729577688,5.300515257609923,1.0772155854039387,0.0
256,2484,2.7072141555978995,0.00024389715222867842,4.6013241810437736e-05,0.00043026688504378777,2.7242386136519035e-05,9.256490329789813e-08,7.421484612185886e-10,0.00012781358729125938,2.6345010638980513e-05,0.0007616336041071627,5.300516290182197,1.0772157183130244,0.0
256,2488,2.711573598682598,0.00024060519022629104,4.539218558955738e-05,0.00042442001565367004,2.6872191080491957e-05,9.006623713503359e-08,7.221151528932832e-10,0.0001260754875321759,2.598675250997332e-05,0.000751211093604551,5.300517307536399,1.0772158493615218,0.0
256,2492,2.715933041767297,0.00023735826057830341,4.477962509973971e-05,0.0004186537090620816,2.650709686522689e-05,8.763555570112658e-08,7.026269189988321e-10,0.00012436135483881152,2.5633434486433292e-05,0.0007409332720592742,5.300518309899736,1.0772159785758788,0.0
256,2496,2.7202924848519956,0.0002341557383780514,4.417544244710535e-05,0.00041296683863213375,2.6147032157608908e-05,8.52708126330981e-08,6.836673526125676e-10,0.00012267085377441105,2.5284987427942167e-05,0.0007307980997488518,5.300519297495972,1.0772161059821597,0.0
256,2500,2.7246519279366943,0.00023099700752436246,4.357952139900469e-05,0.0004073582937346825,2.579192663805487e-05,8.297047315863892e-08,6.652241485424887e-10,0.0001210036536722671,2.4941343177286702e-05,0.0007208035661883961,5.300520270545484,1.077216231606052,0.0
256,2504,2.729011371021393,0.00022788146059526753,4.299174736019262e-05,0.0004018269795167229,2.5441710985849292e-05,8.073249091467005e-08,6.472808998659275e-10,0.00011935942856664556,2.460243454622099e-05,0.0007109476896957539,5.300521229265312,1.0772163554728726,0.0
256,2508,2.7333708141060917,0.00022480849872390325,4.241200734941642e-05,0.0003963718166737281,2.5096316864729952e-05,7.855527428546338e-08,6.298248456430314e-10,0.00011773785712488428,2.4268195301470605e-05,0.0007012285169767611,5.300522173869212,1.0772164776075726,0.0
256,2512,2.7377302571907904,0.00022177753147596219,4.184018997629569e-05,0.0003909917412249363,2.4755676908660183e-05,7.643734534212854e-08,6.128441364296511e-10,0.00011613862258037509,2.3938560150918807e-05,0.0006916441227013122,5.300523104567704,1.077216598034742,0.0
256,2516,2.742089700275489,0.00021878797672882143,4.1276185418519e-05,0.00038568570429174854,2.4419724707798103e-05,7.437671456500539e-08,5.963228210509709e-10,0.00011456141266647402,2.361346472998408e-05,0.0006821926091223371,5.300524021568124,1.0772167167786166,0.0
256,2520,2.746449143360188,0.000215839260552809,4.0719885399443765e-05,0.00038045267188000886,2.4088394794711663e-05,7.237218824229785e-08,5.802513288021011e-10,0.0001130059195515685,2.3292845588236157e-05,0.0006728721056391849,5.300524925074672,1.077216833863082,0.0
256,2524,2.7508085864448866,0.00021293081709400352,4.0171183165985436e-05,0.000375291624665186,2.3761622630777406e-05,7.042200422802125e-08,5.646155314996333e-10,0.00011147183977501247,2.2976640176190916e-05,0.0006636807684254545,5.30052581528846,1.0772169493116792,0.0
256,2528,2.7551680295295853,0.00021006208845885196,3.962997346684966e-05,0.0003702015577808937,2.3439344592790616e-05,6.852474143670406e-08,5.494040354472704e-10,0.00010995887418405749,2.2664786832310578e-05,0.0006546167800375715,5.30052669240756,1.0772170631476095,0.0
256,2532,2.759527472614284,0.00020723252459979157,3.909615253095391e-05,0.000365181480609347,2.3121497959698037e-05,6.66789219394559e-08,5.346049912008633e-10,0.00010846672787136384,2.2357224770123486e-05,0.0006456783490136098,5.300527556627052,1.0772171753937394,0.0
256,2536,2.7638869156989827,0.00020444158320383655,3.856961804640842e-05,0.0003602304165771478,2.2808020899668016e-05,6.488295412054867e-08,5.202056378205592e-10,0.0001069951101140979,2.205389406567079e-05,0.0006368637095146507,5.3005284081390664,1.0772172860726061,0.0
256,2540,2.7682463587836814,0.00020168872958155887,3.80502691395715e-05,0.00035534740295195403,2.2498852457216595e-05,6.313598532869946e-08,5.0619913908858e-10,0.00010554373431329797,2.1754735645008514e-05,0.0006281711209410651,5.300529247132832,1.077217395206422,0.0
256,2544,2.77260580186838,0.0001989734365583696,3.753800635453882e-05,0.00035053149064331743,2.219393254059754e-05,6.143619657450472e-08,4.925709110736652e-10,0.00010411231793448173,2.1459691271965528e-05,0.0006195988675720672,5.300530073794721,1.0772175028170785,0.0
256,2548,2.776965244953079,0.00019629518436696292,3.7032731632852095e-05,0.0003457817440057143,2.1893201909331206e-05,5.978256467642495e-08,4.793127503144811e-10,0.00010270058244890946,2.1168703536036677e-05,0.0006111452581922007,5.300530888308289,1.0772176089261527,0.0
256,2552,2.7813246880377775,0.00019365346054193408,3.653434829361787e-05,0.0003410972406455281,2.1596602161983635e-05,5.8173668548988644e-08,4.664132631147303e-10,0.0001013082532760248,2.0881715840518662e-05,0.000602808625755229,5.300531690854324,1.0772177135549106,0.0
256,2556,2.7856841311224763,0.0001910477598152281,3.6042761013783056e-05,0.00033647707122970146,2.1304075724051336e-05,5.6608485010656295e-08,4.53864246013079e-10,9.993505972639826e-05,2.0598672390749495e-05,0.0005945873270088413,5.300532481610886,1.0772178167243114,0.0
256,2560,2.790043574207175,0.0001884775840133206,3.5557875808737184e-05,0.0003319203392974146,2.1015565836037687e-05,5.508553613253753e-08,4.4165384956537827e-10,9.8580734945568e-05,2.0319518182532947e-05,0.0005864797421670053,5.300533260753345,1.0772179184550135,0.0
256,2564,2.7944030172918737,0.0001859424419564131,3.5079600013294835e-05,0.00032742616107566145,2.073101654177612e-05,5.360408295018715e-08,4.297761490495535e-10,9.724501585904972e-05,2.0044198990803947e-05,0.0005784842745579634,5.300534028454428,1.0772180187673772,0.0
256,2568,2.7987624603765724,0.0001834418493582887,3.4607842262802495e-05,0.0003229936652959133,2.0450372676822158e-05,5.2162420161039336e-08,4.182174720300482e-10,9.592764311766716e-05,1.9772661358360078e-05,0.00057059935029645,5.300534784884258,1.0772181176814708,0.0
256,2572,2.803121903461271,0.00018097532872811493,3.414251247461289e-05,0.00031862199301444736,2.017357985707752e-05,5.075997933090548e-08,4.0697326102834343e-10,9.462836104397829e-05,1.9504852584818905e-05,0.0005628234179512561,5.300535530210392,1.0772182152170728,0.0
256,2576,2.80748134654597,0.00017854240927356037,3.36835218298071e-05,0.0003143102974350863,1.990058446756684e-05,4.9395566747989506e-08,3.960339453395497e-10,9.334691757942046e-05,1.9240720715723506e-05,0.0005551549482093187,5.300536264597863,1.0772183113936782,0.0
256,2580,2.8118407896306685,0.0001761426268053083,3.3230782755180265e-05,0.00031005774373452636,1.9631333651378308e-05,4.8067988700495334e-08,3.853899542587774e-10,9.208306423222878e-05,1.8980214531807386e-05,0.0005475924335723122,5.300536988209214,1.0772184062305012,0.0
256,2584,2.8162002327153672,0.00017377552364298806,3.278420890549476e-05,0.0003058635088902522,1.936577529876809e-05,4.6776335693721194e-08,3.750339958203964e-10,9.083655602612531e-05,1.872328353841825e-05,0.0005401343880278738,5.300537701204543,1.0772184997464809,0.0
256,2588,2.820559675800066,0.00017144064852247425,3.234371514599139e-05,0.0003017267815110409,1.910385803642865e-05,4.551958454612759e-08,3.6495786656307275e-10,8.960715144978262e-05,1.846987795510141e-05,0.0005327793467370951,5.300538403741533,1.0772185919602824,0.0
256,2592,2.8249191188847647,0.00016913755650426788,3.190921753510473e-05,0.0002976467616693729,1.8845531216877883e-05,4.429682576301275e-08,3.5515427452117624e-10,8.839461240685442e-05,1.821994870530007e-05,0.0005255258657380499,5.3005390959754966,1.0772186828903045,0.0
256,2596,2.8292785619694634,0.00016686580888377112,3.1480633307535744e-05,0.00029362266073744024,1.8590744908075893e-05,4.31071498496749e-08,3.4561592772907676e-10,8.71987041670821e-05,1.797344740627737e-05,0.0005183725216321727,5.300539778059405,1.0772187725546807,0.0
256,2600,2.833638005054162,0.0001646249731021173,3.1057880857429055e-05,0.0002896537012241109,1.8339449883102443e-05,4.1949704154831124e-08,3.36335989968996e-10,8.601919531768485e-05,1.773032635909691e-05,0.0005113179112912843,5.300540450143928,1.0772188609712847,0.0
256,2604,2.837997448138861,0.00016241462265924165,3.064087972197305e-05,0.0002857391166160345,1.8091597610096493e-05,4.0823522340360796e-08,3.27306713527452e-10,8.485585771598613e-05,1.7490538538858063e-05,0.0005043606515576299,5.30054111237747,1.0772189481577337,0.0
256,2608,2.8423568912235595,0.00016023433702713367,3.02295505650342e-05,0.0002818781512190935,1.7847140242217718e-05,3.972763806814328e-08,3.1852035069096264e-10,8.370846644214295e-05,1.725403758495252e-05,0.0004974993789766183,5.300541764906198,1.0772190341313916,0.0
256,2612,2.846716334308258,0.00015808370156507106,2.9823815161165255e-05,0.00027807006000353746,1.7606030607841122e-05,3.8661539747408824e-08,3.09972799728861e-10,8.257679975297556e-05,1.702077779154765e-05,0.0004907327494713971,5.300542407874087,1.0772191189093738,0.0
256,2616,2.851075777392957,0.00015596230743605214,2.942359637983947e-05,0.0002743141084512805,1.7368222200888704e-05,3.762414735319908e-08,3.016554014319612e-10,8.14606390364411e-05,1.6790714098202557e-05,0.0004840594381112979,5.300543041422941,1.0772192025085503,0.0
256,2620,2.8554352204776556,0.00015386975152409456,2.9028818169848366e-05,0.00027060957240483674,1.7133669171264766e-05,3.661483560790657e-08,2.9356314257389257e-10,8.035976876659709e-05,1.6563802080585154e-05,0.00047747813878954326,5.3005436656924365,1.0772192849455484,0.0
256,2624,2.8597946635623543,0.0001518056363529672,2.8639405543969793e-05,0.0002669557379188511,1.690232631545559e-05,3.563280870366725e-08,2.856896426847287e-10,7.927397645933837e-05,1.6339997941348617e-05,0.00047098756398300973,5.30054428082015,1.077219366236758,0.0
256,2628,2.864154106647053,0.00014976957000596003,2.825528456383184e-05,0.0002633519011135981,1.667414906725367e-05,3.4677100302360486e-08,2.7802715405098754e-10,7.820305262872231e-05,1.6119258501129125e-05,0.0004645864444668934,5.300544886941587,1.0772194463983333,0.0
256,2632,2.8685135497317518,0.00014776116604697,2.787638232502504e-05,0.00025979736803088634,1.6449093488634343e-05,3.374742618689197e-08,2.7057339793340967e-10,7.714679074401192e-05,1.590154118969155e-05,0.0004582735290535196,5.300545484190223,1.0772195254461978,0.0
256,2636,2.8728729928164505,0.00014578004344261802,2.7502626942409085e-05,0.00025629145449181903,1.6227116260749836e-05,3.284264948888449e-08,2.6331925937495745e-10,7.610498718727094e-05,1.568680403718894e-05,0.0004520475843373651,5.300546072697524,1.0772196033960468,0.0
256,2640,2.877232435901149,0.00014382582648572956,2.7133947535676785e-05,0.00025283348595713103,1.600817467508652e-05,3.196242914782488e-08,2.5626200388851947e-10,7.507744121172991e-05,1.5475005665580906e-05,0.00044590739442603827,5.300546652592986,1.0772196802633507,0.0
256,2644,2.881591878985848,0.00014189814471909823,2.6770274214971445e-05,0.0002494227973880726,1.5792226624656734e-05,3.110591251243022e-08,2.493947952563175e-10,7.406395490031613e-05,1.5266105280085793e-05,0.00043985176070386915,5.300547224004156,1.077219756063358,0.0
256,2648,2.8859513220705466,0.00013999663286177777,2.6411538066981224e-05,0.0002460587331118031,1.5579230595476204e-05,3.0272531148511916e-08,2.427130759998327e-10,7.306433312552458e-05,1.5060062660909257e-05,0.00043387950156343935,5.300547787056671,1.0772198308111003,0.0
256,2652,2.8903107651552453,0.0001381209307350752,2.605767114097712e-05,0.0002427406466864263,1.5369145658018705e-05,2.946154609162477e-08,2.362109213969905e-10,7.207838350918808e-05,1.4856838154952056e-05,0.00042798945218529034,5.300548341874281,1.0772199045213926,0.0
256,2656,2.894670208239944,0.00013627068319029264,2.5708606435180862e-05,0.00023946790076906013,1.5161931458862916e-05,2.867244575099903e-08,2.298842297171241e-10,7.11059163831469e-05,1.4656392667703254e-05,0.00042218046425514407,5.300548888578879,1.077219977208839,0.0
256,2660,2.8990296513246427,0.0001344455400374116,2.5364277883310603e-05,0.00023623986698581976,1.4957548212460364e-05,2.7904661692446098e-08,2.2372844348171447e-10,7.01467447504947e-05,1.4458687655252215e-05,0.0004164514057758248,5.300549427290532,1.0772200488878347,0.0
256,2664,2.9033890944093415,0.0001326451559748799,2.502462034133465e-05,0.0002330559258037111,1.475595669302437e-05,2.715762548177736e-08,2.1773900521224286e-10,6.920068424739102e-05,1.4263685116417361e-05,0.00041080116079313654,5.300549958127502,1.0772201195725686,0.0
256,2668,2.90774853749404,0.00013086919052001774,2.4689569574341935e-05,0.00022991546640368173,1.4557118226492245e-05,2.6430711841385346e-08,2.1191090168233851e-10,6.826755310521927e-05,1.4071347584946168e-05,0.0004052286291782902,5.300550481206283,1.077220189277027,0.0
256,2672,2.912107980578739,0.00012911730794108346,2.4359062243725726e-05,0.0002268178865567867,1.4360994682684719e-05,2.572318180682487e-08,2.0623820816992691e-10,6.734717211367632e-05,1.3881638121907157e-05,0.0003997327264091868,5.300550996641619,1.0772202580149965,0.0
256,2676,2.9164674236634376,0.0001273891771895238,2.4033035894402002e-05,0.0002237625925005841,1.416754846747991e-05,2.5034864847839344e-08,2.0071955743145245e-10,6.643936458392679e-05,1.3694520308095248e-05,0.0003943123833184731,5.300551504546538,1.0772203258000665,0.0
256,2680,2.9208268667481363,0.00012568447183405743,2.3711428942373808e-05,0.00022074899881904445,1.3976742515209792e-05,2.4365078843402443e-08,1.9534948049269244e-10,6.554395631281052e-05,1.3509958236654176e-05,0.00038896654590543905,5.3005520050323724,1.0772203926456327,0.0
256,2684,2.925186309832835,0.00012400286999499514,2.339418066234017e-05,0.00021777652832276475,1.3788540281075923e-05,2.371342588958214e-08,1.901247871186837e-10,6.46607755471364e-05,1.3327916505716712e-05,0.00038369417509526594,5.300552498208787,1.0772204585648992,0.0
256,2688,2.9295457529175337,0.00012234405427987604,2.3081231175553362e-05,0.0002148446119316956,1.3602905733724301e-05,2.3079110178514384e-08,1.850390968394999e-10,6.378965294872912e-05,1.3148360211200083e-05,0.00037849424653036876,5.300552984183804,1.077220523570882,0.0
256,2692,2.9339051960022324,0.00012070771171992302,2.277252143783066e-05,0.00021195268855931393,1.3419803347911766e-05,2.246196117994259e-08,1.8009104241158534e-10,6.293042155990513e-05,1.2971254939689859e-05,0.00037336575035269606,5.300553463063831,1.0772205876764112,0.0
256,2696,2.938264639086931,0.00011909353370752203,2.2467993227759312e-05,0.0002091002049987445,1.3239198097295752e-05,2.1861467303097015e-08,1.7527652210427303e-10,6.208291676953212e-05,1.2796566761444113e-05,0.0003683076910148879,5.300553934953679,1.077220650894133,0.0
256,2700,2.94262408217163,0.00011750121593431405,2.2167589135017053e-05,0.00020628661580990044,1.3061055447288595e-05,2.1277060113789048e-08,1.705909784390442e-10,6.124697627938904e-05,1.2624262223459519e-05,0.00036331908704502155,5.300554399956593,1.0772207132365148,0.0
256,2704,2.9469835252563286,0.00011593045833053482,2.1871252548928047e-05,0.00020351138320904487,1.288534134806511e-05,2.0708398551505525e-08,1.6603167692878745e-10,6.042244007125246e-05,1.2454308342687186e-05,0.0003583989708664622,5.300554858174272,1.077220774715845,0.0
256,2708,2.9513429683410273,0.00011438096500511129,2.157892764716157e-05,0.00020077397695964899,1.2712022227652268e-05,2.015514155573328e-08,1.6159588308639154e-10,5.9609150374366663e-05,1.228667259932757e-05,0.00035354638859010496,5.300555309706896,1.0772208353442376,0.0
256,2712,2.955702411425726,0.0001128524441863612,2.1290559384544495e-05,0.00019807387426441198,1.2541064985092417e-05,1.9616663848864846e-08,1.572785836854857e-10,5.880695163326196e-05,1.2121322930197162e-05,0.00034876039981837956,5.300555754653143,1.077220895133633,0.0
256,2716,2.9600618545104247,0.00011134460816403273,2.100609348212659e-05,0.00019541055965973606,1.2372436983761968e-05,1.9092681213805918e-08,1.530774999868105e-10,5.8015690476305187e-05,1.1958227722246106e-05,0.0003440400774462504,5.300556193110219,1.0772209540958022,0.0
256,2720,2.9644212975951234,0.0001098571732315793,2.0725476416290162e-05,0.00019278352491057386,1.2206106044713646e-05,1.858273890320561e-08,1.4898898600755088e-10,5.723521568435943e-05,1.1797355806098322e-05,0.00033938450748012143,5.300556625173874,1.0772210122423485,0.0
256,2724,2.968780740679822,0.0001083898596298587,2.0448655408128446e-05,0.00019019226890799274,1.2042040440190761e-05,1.8086666386807337e-08,1.450116745041512e-10,5.646537816025734e-05,1.163867644975932e-05,0.00033479278884462904,5.30055705093843,1.0772210695847093,0.0
256,2728,2.973140183764521,0.00010694239149122798,2.0175578412898618e-05,0.00018763629756738358,1.1880208887182296e-05,1.7603781543584773e-08,1.411400965023888e-10,5.570603089846398e-05,1.1482159352363095e-05,0.00033026403318752313,5.300557470496797,1.0772211261341604,0.0
256,2732,2.9774996268492195,0.00010551449678472878,1.9906194109680558e-05,0.00018511512372870262,1.1720580541106703e-05,1.7133856999862473e-08,1.373724290108562e-10,5.4957028955347264e-05,1.1327774638044257e-05,0.0003257973647201045,5.300557883940497,1.0772211819018158,0.0
256,2736,2.9818590699339182,0.00010410590726168755,1.9640451891113872e-05,0.00018262826705749374,1.1563124989545128e-05,1.6676608538546134e-08,1.337063932902939e-10,5.421822941968158e-05,1.117549284985821e-05,0.0003213919200099239,5.300558291359688,1.077221236898632,0.0
256,2740,2.986218513018617,0.00010271635840251526,1.9378301853361222e-05,0.00018017525394808996,1.1407812246112594e-05,1.6231581412284868e-08,1.3013834335788686e-10,5.3489491383800846e-05,1.1025284943835214e-05,0.0003170468478218836,5.300558692843179,1.0772212911354095,0.0
256,2744,2.9905779561033157,0.000101345589363933,1.911969478615197e-05,0.00017775561742756565,1.125461274437674e-05,1.5798605090822093e-08,1.2666691197007942e-10,5.277067591497441e-05,1.0877122283080356e-05,0.0003127613089390118,5.300559088478453,1.077221344622795,0.0
256,2748,2.9949373991880144,9.999334292724253e-05,1.886458216302301e-05,0.00017536889706168144,1.1103497331902701e-05,1.5377167983388063e-08,1.2328799739620462e-10,5.206164602737973e-05,1.0730976631996558e-05,0.0003085344759804738,5.300559478351689,1.0772213973712836,0.0
256,2752,2.999296842272713,9.865936544702585e-05,1.8612916131640494e-05,0.00017301463886159376,1.0954437264346427e-05,1.4967042716307333e-08,1.1999977664485493e-10,5.1362266654302284e-05,1.0586820150554394e-05,0.0003043655332532362,5.300559862547778,1.077221449391222,0.0
256,2756,3.003656285357412,9.734340680101229e-05,1.836464950434185e-05,0.0001706923951926187,1.080740419967805e-05,1.45679450724856e-08,1.1679997097677092e-10,5.067240462094569e-05,1.0444625388687702e-05,0.0003002536765558821,5.300560241150346,1.0772215006928092,0.0
256,2760,3.0080157284421105,9.604522034006128e-05,1.81197357486996e-05,0.0001684017246833439,1.0662370192427293e-05,1.4179704521666281e-08,1.1368721314839691e-10,4.999192861734958e-05,1.03043652807114e-05,0.0002961981130399586,5.30056061424177,1.0772215512860994,0.0
256,2764,3.0123751715268092,9.476456283956887e-05,1.7878128978353806e-05,0.0001661421921372421,1.0519307688087288e-05,1.3801638942823047e-08,1.1065603418551032e-10,4.9320709172050364e-05,1.0166013139892427e-05,0.0002921980610295372,5.300560981903201,1.0772216011810039,0.0
256,2768,3.016734614611508,9.350119445078056e-05,1.763978394382681e-05,0.00016391336844420536,1.0378189517513343e-05,1.343391886621248e-08,1.0770780133166678e-10,4.865861862572117e-05,1.002954265301639e-05,0.00028825274987323736,5.300561344214578,1.0772216503872931,0.0
256,2772,3.0210940576962066,9.225487865351155e-05,1.740465602360354e-05,0.00016171483049458812,1.0238988891480576e-05,1.307586217080825e-08,1.0483704561264367e-10,4.800553110555774e-05,9.894927875107972e-06,0.00028436141977323013,5.300561701254646,1.0772216989145993,0.0
256,2776,3.0254535007809054,9.10253822092866e-05,1.7172701215290925e-05,0.00015954616109403513,1.010167939529124e-05,1.2727525700029219e-08,1.0204422277629289e-10,4.736132249989892e-05,9.762143224199696e-06,0.000280523321650298,5.300562053100983,1.0772217467724172,0.0
256,2780,3.029812943865604,8.981247511496918e-05,1.6943876126869655e-05,0.00015740694887921684,9.966234983439495e-06,1.238851154994336e-08,9.932614258765122e-11,4.6725870433118186e-05,9.631163476156545e-06,0.0002767377169591324,5.300562399830006,1.0772217939701074,0.0
256,2784,3.034172386950303,8.861593055740058e-05,1.671813796813648e-05,0.0001552967882354323,9.832629974394436e-06,1.2058706033712951e-08,9.668189355101492e-11,4.6099054241072415e-05,9.501963759615451e-06,0.0002730038775785149,5.300562741516993,1.077221840516897,0.0
256,2788,3.0385318300350015,8.743552486799318e-05,1.6495444542137825e-05,0.00015321527921412722,9.70083904537774e-06,1.1737483873730525e-08,9.410646244001325e-11,4.548075494652557e-05,9.374519550919612e-06,0.00026932108561603194,5.300563078236102,1.077221886421883,0.0
256,2792,3.0428912731197,8.627103747926137e-05,1.627575423696902e-05,0.00015116202745387507,9.570837227360573e-06,1.1425015600252664e-08,9.160121649820184e-11,4.4870855235602304e-05,9.248806669265102e-06,0.00026568863330146057,5.300563410060391,1.0772219316940328,0.0
256,2796,3.047250716204399,8.512225088045392e-05,1.6059026017403926e-05,0.0001491366440998577,9.442599899965497e-06,1.1120960152766202e-08,8.916342123846941e-11,4.4269239433798566e-05,9.124801271756148e-06,0.00026210582281937237,5.300563737061823,1.077221976342187,0.0
256,2800,3.0516101592890976,8.39889505749516e-05,1.584521941685769e-05,0.00014713874572649634,9.316102786567857e-06,1.0824976470757974e-08,8.679034217370463e-11,4.36757934829292e-05,9.002479848653562e-06,0.00025857196617670215,5.300564059311294,1.0772220203750609,0.0
256,2804,3.0559696023737963,8.287092503785436e-05,1.563429452938518e-05,0.000145167954260387,9.191321949416415e-06,1.053695086739026e-08,8.448106780820374e-11,4.309040491816497e-05,8.881819218641608e-06,0.000255086385052563,5.3005643768786435,1.0772220638012455,0.0
256,2808,3.060329045458495,8.17679656740448e-05,1.5426212001769314e-05,0.00014322389690419948,9.068233784815017e-06,1.0256655968987616e-08,8.22337751505592e-11,4.251296284535976e-05,8.762796524154661e-06,0.00025164841066858083,5.300564689832672,1.0772221066292107,0.0
256,2812,3.0646884885431938,8.06798667770885e-05,1.5220933025767256e-05,0.000141306206062069,8.946815018398753e-06,9.983807558455737e-09,8.004618546151159e-11,4.1943357918821596e-05,8.645389226795362e-06,0.0002482573836562498,5.300564998241159,1.0772221488673068,0.0
256,2816,3.0690479316278925,7.960642548858741e-05,1.5018419330442112e-05,0.00013941451926582186,8.827042700462934e-06,9.718235105538042e-09,7.791693149750525e-11,4.138148231933258e-05,8.52957510280407e-06,0.00024491265391139803,5.300565302170873,1.077222190523765,0.0
256,2820,3.073407374712591,7.85474417582658e-05,1.4818633174632794e-05,0.00013754847910252925,8.708894201376148e-06,9.45988176681567e-09,7.584555751068828e-11,4.0827229732564434e-05,8.415332238609867e-06,0.00024161358046445114,5.300565601687588,1.0772222316067008,0.0
256,2824,3.07776681779729,7.750271830435453e-05,1.4621537339480184e-05,0.00013570773314259825,8.592347207027339e-06,9.208406481775455e-09,7.38293290139494e-11,4.028049532765397e-05,8.302639026414517e-06,0.00023835953135398615,5.3005658968561065,1.0772222721241138,0.0
256,2828,3.0821262608819886,7.647206057490247e-05,1.4427095121128206e-05,0.0001338919338696156,8.477379714383863e-06,8.963525033323094e-09,7.186596726802917e-11,3.974117573630297e-05,8.191474159884523e-06,0.00023514988350154895,5.300566187740261,1.0772223120838913,0.0
256,2832,3.0864857039666873,7.545527670923808e-05,1.4235270323453238e-05,0.00013210073861039394,8.363970027062345e-06,8.72540795171517e-09,6.995683951648324e-11,3.920916903193605e-05,8.081816629855131e-06,0.0002319840225720404,5.300566474402938,1.0772223514938086,0.0
256,2836,3.090845147051386,7.445217750036445e-05,1.4046027250969612e-05,0.0001303338094667925,8.252096751011923e-06,8.493600489600794e-09,6.809829977649654e-11,3.868437470938994e-05,7.97364572014388e-06,0.00022886134285926227,5.300566756906092,1.077222390361531,0.0
256,2840,3.0952045901360847,7.346257635759885e-05,1.3859330701781268e-05,0.00012859081324792922,8.141738790222228e-06,8.267875273304526e-09,6.628852505666153e-11,3.8166693664717477e-05,7.866941003387782e-06,0.0002257812471669153,5.300567035310754,1.0772224286946153,0.0
256,2844,3.0995640332207834,7.248628926989438e-05,1.367514596066205e-05,0.00012687142140367736,8.032875342512735e-06,8.048289146245224e-09,6.452797110483008e-11,3.7656028175376e-05,7.761682336959747e-06,0.00022274314667051443,5.30056730967705,1.077222466500512,0.0
256,2848,3.103923476305482,7.15231347695609e-05,1.3493438792211375e-05,0.00012517530995885754,7.925485895366116e-06,7.834444204490865e-09,6.281344768603902e-11,3.715228188062168e-05,7.657849858927443e-06,0.0002197464608149006,5.300567580064213,1.0772225037865653,0.0
256,2852,3.108282919390181,7.057293389687569e-05,1.331417543417774e-05,0.0001235021594491158,7.819550221868353e-06,7.626454134879168e-09,6.11458662959921e-11,3.665535976240882e-05,7.555423984116262e-06,0.0002167906171860089,5.300567846530594,1.0772225405600164,0.0
256,2856,3.1126423624748796,6.963551016445894e-05,1.3137322590737846e-05,0.00012185165485632082,7.715048376618414e-06,7.424034720315831e-09,5.95229481954299e-11,3.616516812614376e-05,7.454385400142292e-06,0.00021387505140479923,5.300568109133684,1.0772225768280042,0.0
256,2860,3.1170018055595783,6.87106895231011e-05,1.2962847426049642e-05,0.00012022348554658374,7.611960691803968e-06,7.226901743706549e-09,5.7942414645093e-11,3.568161458222014e-05,7.35471506360636e-06,0.00021099920699630022,5.300568367930115,1.0772226125975666,0.0
256,2864,3.121361248644277,6.779830032730497e-05,1.2790717557751566e-05,0.00011861734520788165,7.510267773252012e-06,7.035112048470182e-09,5.640472139283328e-11,3.520460802743949e-05,7.256394196264434e-06,0.00020816253529495294,5.300568622975681,1.0772226478756417,0.0
256,2868,3.1257206917289757,6.689817330147416e-05,1.26209010505837e-05,0.00011703293178874633,7.40995049654694e-06,6.848381417512428e-09,5.490758969939132e-11,3.4734058626746215e-05,7.159404281262823e-06,0.00020536449532580954,5.30056887432535,1.07722268266907,0.0
256,2872,3.1300801348136744,6.601014150707609e-05,1.2453366410192805e-05,0.00011546994743874518,7.310990003262094e-06,6.666653007414425e-09,5.345056381691523e-11,3.426987779549691e-05,7.063727059483522e-06,0.00020260455368832205,5.300569122033271,1.0772227169845952,0.0
256,2876,3.134439577898373,6.513404030958697e-05,1.2288082576896203e-05,0.00011392809844862662,7.213367697170058e-06,6.489813131338451e-09,5.203273224970125e-11,3.38119781816318e-05,6.969344525869381e-06,0.00019988218446197732,5.300569366152794,1.0772227508288663,0.0
256,2880,3.138799020983072,6.426970734641452e-05,1.212501891963014e-05,0.0001124070951921961,7.117065240562536e-06,6.317804945865646e-09,5.065363924989748e-11,3.3360273648360366e-05,6.876238925855246e-06,0.00019719686908610683,5.300569606736474,1.077222784208438,0.0
256,2884,3.1431584640677706,6.341698249494427e-05,1.1964145229921445e-05,0.00011090665206844394,7.022064550586171e-06,6.150230547063984e-09,4.931009458254074e-11,3.291467925692273e-05,6.784392751814739e-06,0.0001945480962718451,5.300569843836092,1.0772228171297726,0.0
256,2888,3.1475179071524693,6.257570784133754e-05,1.180543171600102e-05,0.0001094264874450278,6.928347795664132e-06,5.987203621771187e-09,4.800300974333479e-11,3.2475111249754556e-05,6.693788739590187e-06,0.00019193536188204927,5.300570077502657,1.0772228495992417,0.0
256,2892,3.151877350237168,6.174572764955132e-05,1.164884899695916e-05,0.00010796632360221039,6.835897391946525e-06,5.82843995289295e-09,4.673010599302021e-11,3.2041487033789e-05,6.604409865050818e-06,0.0001893581688361854,5.300570307786425,1.0772228816231266,0.0
256,2896,3.1562367933218667,6.092688833076682e-05,1.1494368096978012e-05,0.00010652588667743377,6.74469599980111e-06,5.673882697010413e-09,4.5490927583745114e-11,3.161372516394515e-05,6.5162393406893835e-06,0.00018681602700972214,5.300570534736907,1.07722291320762,0.0
256,2900,3.1605962364065654,6.011903841347356e-05,1.1341960439687677e-05,0.00010510490661120614,6.654726520387118e-06,5.5235886975424364e-09,4.428593026336139e-11,3.1191745327011304e-05,6.42926061230017e-06,0.0001843084531394282,5.300570758402879,1.0772229443588275,0.0
256,2904,3.164955679491264,5.932202851381073e-05,1.1191597842570866e-05,0.00010370311709343204,6.565972092257143e-06,5.377216893975856e-09,4.311237954475772e-11,3.077546832565961e-05,6.3434573556840925e-06,0.0001818349707229308,5.300570978832398,1.0772229750827687,0.0
256,2908,3.169315122575963,5.8535711306383824e-05,1.1043252511457205e-05,0.00010232025551055577,6.478416088010525e-06,5.234653599472949e-09,4.1969363932230346e-11,3.0364816062701443e-05,6.2588134734034005e-06,0.00017939510991830175,5.300571196072807,1.0772230053853786,0.0
256,2912,3.1736745656606615,5.775994149553896e-05,1.0896897035103902e-05,0.00010095606289357454,6.392042111001792e-06,5.09612618770916e-09,4.0858706417186795e-11,2.995971152560316e-05,6.175313091590055e-06,0.00017698840745213363,5.300571410170748,1.077223035272508,0.0
256,2916,3.1780340087453602,5.6994575786972914e-05,1.075250437983974e-05,9.96102838666849e-05,6.306833992089212e-06,4.961179911333602e-09,3.9776761016811995e-11,2.9560078771191184e-05,6.092940556793134e-06,0.0001746144065312564,5.300571621172176,1.077223064749926,0.0
256,2920,3.182393451830059,5.623947285961248e-05,1.061004788425988e-05,9.828266659641593e-05,6.222775786414151e-06,4.829757926927414e-09,3.8723071983254064e-11,2.916584291050218e-05,6.011680432856141e-06,0.00017227265674686965,5.300571829122361,1.0772230938233196,0.0
256,2924,3.1867528949147577,5.5494493338184893e-05,1.0469501254051046e-05,9.697296274195753e-05,6.139851770256106e-06,4.701860234490596e-09,3.7697639316512994e-11,2.8776930093987285e-05,5.9315174978672916e-06,0.000169962713982581,5.300572034065908,1.0772231224982967,0.0
256,2928,3.1911123379994564,5.475949976614139e-05,1.0330838556883324e-05,9.568092740621395e-05,6.058046437933653e-06,4.577486834023148e-09,3.670046301658879e-11,2.8393267496935197e-05,5.852436741154916e-06,0.0001676841403244596,5.300572236046761,1.0772231507803858,0.0
256,2932,3.195471781084155,5.403435657868542e-05,1.0194034217321709e-05,9.44063190870123e-05,5.977344498715213e-06,4.456353508430766e-09,3.5729264344222026e-11,2.8014783304940194e-05,5.774423360292111e-06,0.00016543650397514689,5.300572435108211,1.077223178675038,0.0
256,2936,3.199831224168854,5.331893007631717e-05,1.0059063011835058e-05,9.314889962929128e-05,5.8977308737918775e-06,4.3383465708757285e-09,3.4783131803708936e-11,2.764140669966369e-05,5.697462758161914e-06,0.00016321937916951323,5.300572631292914,1.0772232061876266,0.0
256,2940,3.2041906672535525,5.261308839905693e-05,9.925900063933111e-06,9.190843417843127e-05,5.819190693322492e-06,4.223579708195757e-09,3.386297689075328e-11,2.7273067844932852e-05,5.621540540091931e-06,0.00016103234608689777,5.300572824642892,1.0772232333234508,0.0
256,2944,3.208550110338251,5.191670150049659e-05,9.794520839271095e-06,9.068469113338132e-05,5.7417092934658945e-06,4.11193923355313e-09,3.29678881096513e-11,2.690969787278223e-05,5.546642510977236e-06,0.0001588749907681736,5.3005730151995465,1.0772232600877347,0.0
256,2948,3.21290955342295,5.122964112269071e-05,9.6649011409127e-06,8.947744210127011e-05,5.665272213507102e-06,4.0031977732724044e-09,3.209604246899545e-11,2.6551228869936214e-05,5.47275467249413e-06,0.00015674690502034022,5.300573203003669,1.0772232864856286,0.0
256,2952,3.2172689965076486,5.0551780771053887e-05,9.537017104594273e-06,8.8286461851989e-05,5.589865192981733e-06,3.897241640515858e-09,3.124652847308196e-11,2.6197593864281908e-05,5.399863220311911e-06,0.00015464768635578405,5.3005733880954455,1.077223312522211,0.0
256,2956,3.2216284395923473,4.988299569002201e-05,9.410845194133095e-06,8.711152827422875e-05,5.515474168892465e-06,3.794298208958935e-09,3.0421169113318373e-11,2.5848726811777308e-05,5.327954541394393e-06,0.0001525769379011679,5.300573570514472,1.0772233382024887,0.0
256,2960,3.225987882677046,4.922316283843386e-05,9.286362196782925e-06,8.595242233101374e-05,5.442085272893686e-06,3.693912731250748e-09,2.9616318406889605e-11,2.5504562583209786e-05,5.257015211270545e-06,0.00015053426831219754,5.3005737502997565,1.0772233635313981,0.0
256,2964,3.2303473257617448,4.8572160865963625e-05,9.163545218787795e-06,8.480892801706966e-05,5.369684828592218e-06,3.5963125810667407e-09,2.8833799345203196e-11,2.5165036951498634e-05,5.1870319914172935e-06,0.00014851929170823635,5.300573927489733,1.0772233885138065,0.0
256,2968,3.2347067688464435,4.792987008920178e-05,9.042371680869456e-06,8.368083231564192e-05,5.29825934881328e-06,3.5013272281503305e-09,2.8072244684703495e-11,2.483008657883666e-05,5.1179918266091376e-06,0.0001465316275772008,5.300574102122268,1.0772234131545126,0.0
256,2972,3.239066211931142,4.729617246890171e-05,8.922819313934778e-06,8.25679251573821e-05,5.227795532997372e-06,3.4087292988260742e-09,2.732983143398296e-11,2.4499649004446502e-05,5.0498818423944706e-06,0.0001445709007213106,5.300574274234667,1.0772234374582483,0.0
256,2976,3.243425655015841,4.667095158665973e-05,8.80486615467623e-06,8.14699993782062e-05,5.158280264532069e-06,3.3186893233505543e-09,2.660792683659725e-11,2.4173662632030504e-05,4.982689342508745e-06,0.000142636741169158,5.300574443863688,1.0772234614296783,0.0
256,2980,3.2477850981005396,4.6054092622678383e-05,8.688490541376747e-06,8.038685067915274e-05,5.089700608210436e-06,3.231093614886049e-09,2.590561939684259e-11,2.385206671781763e-05,4.916401806410693e-06,0.0001407287840955011,5.300574611045545,1.0772234850734026,0.0
256,2984,3.2521445411852383,4.5445482333030425e-05,8.573671109620385e-06,7.931827758532167e-05,5.022043807631237e-06,3.1457716431759764e-09,2.5221541871163327e-11,2.3534801358335885e-05,4.8510068867619735e-06,0.00013884666976180762,5.300574775815919,1.0772235083939559,0.0
256,2988,3.256503984269937,4.4845009028129334e-05,8.4603867882306e-06,7.826408140697562e-05,4.955297282736059e-06,3.062723408220336e-09,2.455569425955946e-11,2.3221807478828387e-05,4.786492407039483e-06,0.00013699004343955133,5.300574938209963,1.0772235313958098,0.0
256,2992,3.2608634273546357,4.425256255106918e-05,8.348616795183894e-06,7.722406620047795e-05,4.889448627336102e-06,2.981835223181406e-09,2.390716506632722e-11,2.291302682162288e-05,4.722846359138073e-06,0.00013515855533559117,5.300575098262313,1.0772235540833734,0.0
256,2996,3.2652228704393345,4.366803425610496e-05,8.238340633549938e-06,7.619803872940948e-05,4.824485606650281e-06,2.903107088059187e-09,2.3275954291466605e-11,2.260840193455224e-05,4.6600569009837835e-06,0.00013335186052739064,5.300575256007094,1.0772235764609934,0.0
256,3000,3.269582313524033,4.309131698770023e-05,8.129538087538735e-06,7.518580842673116e-05,4.76039615490955e-06,2.8264821594348177e-09,2.2661606187125734e-11,2.2307876159687088e-05,4.598112354211393e-06,0.0001315696188963253,5.3005754114779275,1.0772235985329557,0.0
256,3004,3.273941756608732,4.2522305059905685e-05,8.022189218610223e-06,7.418718735763127e-05,4.697168373004573e-06,2.7519604373082984e-09,2.2064120753304604e-11,2.2011393622274908e-05,4.537001201884555e-06,0.0001298114950483469,5.300575564707941,1.0772236203034864,0.0
256,3008,3.2783011996934306,4.1960894235760315e-05,7.916274361588122e-06,7.320199018228665e-05,4.6347905261279424e-06,2.679257704585325e-09,2.148121925074379e-11,2.171889921964969e-05,4.476712086209835e-06,0.0001280771582608604,5.3005757157297735,1.0772236417767524,0.0
256,3012,3.2826606427781293,4.140698170719365e-05,7.81177412086833e-06,7.223003411962237e-05,4.573251041479627e-06,2.60854449152248e-09,2.0914268922998953e-11,2.1430338610441705e-05,4.417233806312632e-06,0.00012636628240816035,5.300575864575581,1.077223662956862,0.0
256,3016,3.287020085862828,4.086046607526993e-05,7.708669366691813e-06,7.127113891166637e-05,4.512538506010073e-06,2.5398776415386237e-09,2.036372551792197e-11,2.1145658203963834e-05,4.35855531604948e-06,0.000124678545896639,5.300576011277048,1.077223683847866,0.0
256,3020,3.2913795289475267,4.0321247330390817e-05,7.6069412314096905e-06,7.032512678782426e-05,4.452641664158271e-06,2.4728024072828703e-09,1.9825943052697766e-11,2.0864805149573927e-05,4.300665721815407e-06,0.00012301363160762392,5.300576155865394,1.0772237044537585,0.0
256,3024,3.2957389720322254,3.9789226833212086e-05,7.506571105883002e-06,6.939182243049552e-05,4.3935494156747335e-06,2.4076598492683843e-09,1.9303656014437647e-11,2.0587727326438224e-05,4.243554280433972e-06,0.00012137122682817664,5.300576298371373,1.0772237247784777,0.0
256,3028,3.300098415116924,3.926430729544053e-05,7.407540635859884e-06,6.847105294037314e-05,4.335250813424443e-06,2.3442225938197225e-09,1.8795041411734077e-11,2.031437333319741e-05,4.1872103970272235e-06,0.0001197510231904149,5.300576438825293,1.0772237448259068,0.0
256,3032,3.304457858201623,3.8746392761196435e-05,7.3098317184594476e-06,6.756264780289066e-05,4.27773506126244e-06,2.2823201106803026e-09,1.82987320010314e-11,2.0044692477978218e-05,4.131623622956883e-06,0.00011815271661132444,5.300576577257012,1.0772237645998748,0.0
256,3036,3.3088173012863216,3.823538858827353e-05,7.213426498636304e-06,6.666643885441578e-05,4.220991511893374e-06,2.2222366169444285e-09,1.781700652158904e-11,1.977863476832751e-05,4.076783653749555e-06,0.00011657600722895134,5.300576713695951,1.0772237841041563,0.0
256,3040,3.3131767443710203,3.773120143027324e-05,7.118307365810051e-06,6.578226025000127e-05,4.1650096648296445e-06,2.163744738936657e-09,1.734804198199946e-11,1.951615090160938e-05,4.022680327117373e-06,0.00011502059934886244,5.300576848171095,1.0772238033424741,0.0
256,3044,3.317536187455719,3.723373921842975e-05,7.024456950436409e-06,6.490994843066614e-05,4.109779164319808e-06,2.106673946400406e-09,1.6890471138707e-11,1.9257192255265116e-05,3.969303620950375e-06,0.00011348620137842552,5.300576980711004,1.0772238223184984,0.0
256,3048,3.3218956305404177,3.6742911143678384e-05,6.93185812062428e-06,6.404934209104738e-05,4.055289797300441e-06,2.051308456429979e-09,1.6446572730971087e-11,1.9001710877181403e-05,3.916643651331189e-06,0.00011197252577445906,5.300577111343821,1.077223841035848,0.0
256,3052,3.3262550736251164,3.625862763940394e-05,6.840493978881071e-06,6.32002821483327e-05,4.00153149142912e-06,1.997136678255629e-09,1.601224502812476e-11,1.8749659476441625e-05,3.864690670628695e-06,0.00011047928898882431,5.300577240097271,1.0772238594980919,0.0
256,3056,3.330614516709815,3.578080036428247e-05,6.750347858875651e-06,6.236261171130048e-05,3.948494313124181e-06,1.9445565158093814e-09,1.5590678265131208e-11,1.850099141410717e-05,3.813435065597852e-06,0.00010900621139857512,5.300577366998673,1.077223877708748,0.0
256,3060,3.334973959794514,3.5309342185132047e-05,6.661403322203007e-06,6.153617604943523e-05,3.896168465609257e-06,1.8935111256723758e-09,1.518141669413855e-11,1.8255660694023075e-05,3.762867355484561e-06,0.00010755301726460533,5.300577492074945,1.0772238956712858,0.0
256,3064,3.3393334028792125,3.484416716008411e-05,6.5736441552093775e-06,6.072082256261028e-05,3.84454428699374e-06,1.8435457604937255e-09,1.4780814332331706e-11,1.801362195379219e-05,3.7129781901652482e-06,0.00010611943467106535,5.300577615352608,1.0772239133891264,0.0
256,3068,3.3436928459639113,3.438519052223836e-05,6.487054365908611e-06,5.991640075164644e-05,3.7936122484087005e-06,1.7950583242054563e-09,1.439206141467387e-11,1.7774830456010345e-05,3.6637583483402545e-06,0.00010470519547827282,5.300577736857795,1.0772239308656428,0.0
256,3072,3.34805228904861,3.3932328663254564e-05,6.401618180886622e-06,5.912276218871831e-05,3.7433629521331577e-06,1.7478214431321248e-09,1.4013334949757502e-11,1.7539242079454826e-05,3.6151987357176007e-06,0.00010331003525119117,5.300577856616253,1.0772239481041612,0.0
256,3076,3.3524117321333087,3.3485499117557345e-05,6.31732004232149e-06,5.8339760488981425e-05,3.6937871297976504e-06,1.7018351172737312e-09,1.3644634937582602e-11,1.73068133106401e-05,3.567290383272447e-06,0.00010193369323651107,5.300577974653355,1.077223965107961,0.0
256,3080,3.3567711752180074,3.304462054609696e-05,6.2341446049198e-06,5.7567251281202856e-05,3.6448756405247113e-06,1.6569856597925536e-09,1.32850498824454e-11,1.7077501235070572e-05,3.5200244454441055e-06,0.00010057591227445004,5.300578090994095,1.077223981880276,0.0
256,3084,3.361130618302706,3.260961272097021e-05,6.152076733015242e-06,5.680509218022421e-05,3.596619469185359e-06,1.6135572877828963e-09,1.2936858523605323e-11,1.6851263529047815e-05,3.4733921984473447e-06,9.923643878997327e-05,5.300578205663105,1.0772239984242948,0.0
256,3088,3.365490061387405,3.218039651003204e-05,6.071101497665463e-06,5.605314275910221e-05,3.5490097246351764e-06,1.5710952538938727e-09,1.2596414878247288e-11,1.662805845137215e-05,3.427385038561911e-06,9.791502270566536e-05,5.300578318684654,1.077224014743162,0.0
256,3092,3.3698495044721035,3.1756893861709e-05,5.991204173787003e-06,5.531126452187957e-05,3.502037637990297e-06,1.5297132449632045e-09,1.2264630442075066e-11,1.6407844835240307e-05,3.38199448046247e-06,9.661141740654034e-05,5.300578430082654,1.0772240308399774,0.0
256,3096,3.3742089475568022,3.1339027790019674e-05,5.912370237329265e-06,5.4579320876547515e-05,3.4556945609155227e-06,1.4894681044097524e-09,1.1941960962940543e-11,1.619058208019441e-05,3.337212155559132e-06,9.532537970388927e-05,5.300578539880668,1.077224046717798,0.0
256,3100,3.378568390641501,3.0926722359845796e-05,5.834585362495797e-06,5.3857177108572026e-05,3.409971963948138e-06,1.4503598322335165e-09,1.1628406440843719e-11,1.597623014424231e-05,3.2930298103732823e-06,9.405666976809774e-05,5.300578648101911,1.0772240623796387,0.0
256,3104,3.3829278337261997,3.0519902672398394e-05,5.757835419002349e-06,5.3144700354732566e-05,3.364861434841505e-06,1.4122178981779143e-09,1.1322599632228938e-11,1.576474953606973e-05,3.24943930493235e-06,9.280505109015876e-05,5.300578754769257,1.0772240778284716,0.0
256,3108,3.3872872768108984,3.0118494850719953e-05,5.682106469341741e-06,5.24417595770329e-05,3.3203546769132243e-06,1.3750991456618067e-09,1.1024996284948085e-11,1.5556101307274088e-05,3.2064326111690374e-06,9.157029042809351e-05,5.300578859905249,1.077224093067228,0.0
256,3112,3.391646719895597,2.9722426025928474e-05,5.607384766188688e-06,5.1748225537919876e-05,3.276443507476111e-06,1.3390035746851936e-09,1.0735596399001162e-11,1.535024704498685e-05,3.1640018114006343e-06,9.035215777983646e-05,5.300578963532095,1.0772241080987979,0.0
256,3116,3.396006162980296,2.9331624322835333e-05,5.533656749686489e-06,5.106397077444605e-05,3.2331198562022986e-06,1.3037606549914926e-09,1.0453032730832512e-11,1.5147148864183646e-05,3.122139096743975e-06,8.915042630885731e-05,5.300579065671677,1.077224122926031,0.0
256,3120,3.4003656060649945,2.8946018846405858e-05,5.460909044892696e-06,5.038886957391489e-05,3.1903757635812135e-06,1.269597760256147e-09,1.0179128271849675e-11,1.4946769400434713e-05,3.0808367656211564e-06,8.796487233090872e-05,5.300579166345561,1.0772241375517375,0.0
256,3124,3.404725049149693,2.856553966838978e-05,5.389128459256847e-06,4.972279794977806e-05,3.1482033793935085e-06,1.2362875168037135e-09,9.912060030645112e-12,1.4749071802728663e-05,3.0400872222803687e-06,8.679527524322624e-05,5.300579265574992,1.0772241519786887,0.0
256,3128,3.409084492234392,2.8190117813598046e-05,5.318301980031462e-06,4.906563361703264e-05,3.106594961153335e-06,1.2037730812153313e-09,9.651372259366939e-12,1.4554019726151637e-05,2.999882975286916e-06,8.564141749990704e-05,5.300579363380906,1.077224166209617,0.0
256,3132,3.4134439353190906,2.7819685247009915e-05,5.248416771839693e-06,4.8417255968958805e-05,3.065542872635489e-06,1.172168140328722e-09,9.397976453718923e-12,1.4361577324960752e-05,2.960216636095515e-06,8.450308455699269e-05,5.300579459783931,1.0772241802472162,0.0
256,3136,3.4178033784037893,2.745417486059518e-05,5.179460174189225e-06,4.777754605347396e-05,3.0250395823782697e-06,1.1413590073061641e-09,9.150961117997298e-12,1.4171709245547287e-05,2.9210809175998603e-06,8.338006483371059e-05,5.300579554804394,1.077224194094144,0.0
256,3140,3.422162821488488,2.7093520460623824e-05,5.111419699078139e-06,4.7146386550304277e-05,2.985077662238094e-06,1.1114025255665183e-09,8.910782000053945e-12,1.3984380619641464e-05,2.88246863273199e-06,8.22721496789581e-05,5.3005796484623255,1.0772242077530196,0.0
256,3144,3.4265222645731868,2.6737656755184187e-05,5.044283028640102e-06,4.652366174852888e-05,2.9456497859677037e-06,1.0822418516909238e-09,8.67698335203698e-12,1.379955705762797e-05,2.844372693084478e-06,8.117913331550946e-05,5.300579740777459,1.0772242212264267,0.0
256,3148,3.4308817076578855,2.6386519341316274e-05,4.9780380127169675e-06,4.590925752347493e-05,2.906748727753277e-06,1.0538769856793806e-09,8.449565173946405e-12,1.3617204641669652e-05,2.8067861074930867e-06,8.01008128188193e-05,5.300579831769242,1.077224234516913,0.0
256,3152,3.435241150742584,2.6040044693159077e-05,4.912672666622661e-06,4.530306131540248e-05,2.8683673608648568e-06,1.026194240694167e-09,8.22761597007845e-12,1.3437289919362892e-05,2.7697019807290073e-06,7.903698805583124e-05,5.300579921456836,1.0772242476269906,0.0
256,3156,3.439600593827283,2.5698170149512613e-05,4.848175168796657e-06,4.470496210715371e-05,2.830498656241211e-06,9.99250460154144e-10,8.011591488284999e-12,1.3259779897085256e-05,2.7331135121276746e-06,7.798746165872108e-05,5.300580009859123,1.0772242605591367,0.0
256,3160,3.4439600369119816,2.5360833902241955e-05,4.784533858616302e-06,4.411485040330388e-05,2.7931356811697735e-06,9.731593308970332e-10,7.802403224269821e-12,1.3084642033789721e-05,2.6970139943096286e-06,7.695203898268338e-05,5.300580096994708,1.0772242733157937,0.0
256,3164,3.4483194799966803,2.5027974984242853e-05,4.72173723412643e-06,4.3532618208551045e-05,2.7562715979183853e-06,9.476366358285304e-10,7.597772438773492e-12,1.2911844234573202e-05,2.6613968118548574e-06,7.593052807428482e-05,5.300580182881923,1.0772242858993706,0.0
256,3168,3.452678923081379,2.4699533257962884e-05,4.659773949873779e-06,4.29581590070864e-05,2.719899662429128e-06,9.227392183674965e-10,7.398154879647897e-12,1.2741354844536352e-05,2.6262554400371736e-06,7.492273962254119e-05,5.300580267538835,1.0772242983122426,0.0
256,3172,3.4570383661660777,2.4375449403838564e-05,4.598632814725553e-06,4.239136774184644e-05,2.6840132230046725e-06,8.985807653516531e-10,7.204462042596806e-12,1.2573142642609263e-05,2.5915834435515655e-06,7.392848692927109e-05,5.3005803509832425,1.077224310556752,0.0
256,3176,3.4613978092507764,2.4055664909144632e-05,4.538302789765753e-06,4.183214079444844e-05,2.64860571903789e-06,8.749907465244178e-10,7.015326684064564e-12,1.2407176835578692e-05,2.557374475283085e-06,7.29475858715747e-05,5.300580433232686,1.0772243226352087,0.0
256,3180,3.465757252335475,2.3740122056900865e-05,4.4787729862023454e-06,4.128037596527261e-05,2.6136706797507534e-06,8.520828487235121e-10,6.831660299754942e-12,1.2243427052160329e-05,2.523622275085019e-06,7.197985486419484e-05,5.30058051430445,1.07722433454989,0.0
256,3184,3.470116695420174,2.3428763914926843e-05,4.420032663302361e-06,4.073597245383327e-05,2.5792017229515377e-06,8.298002285300754e-10,6.653007141816054e-12,1.2081863337157835e-05,2.49032066857495e-06,7.102511482344451e-05,5.300580594215565,1.0772243463030424,0.0
256,3188,3.4744761385048726,2.3121534324638403e-05,4.362071226278245e-06,4.019883083863968e-05,2.5451925537597045e-06,8.080860425252467e-10,6.478911462396015e-12,1.1922456145468474e-05,2.457463565899189e-06,7.00831891376018e-05,5.300580672982813,1.0772243578968803,0.0
256,3192,3.4788355815895713,2.2818377890950937e-05,4.304878224383034e-06,3.9668853059070025e-05,2.511636963458252e-06,7.868834472901653e-10,6.308917513642939e-12,1.1765176336688734e-05,2.4250449606208875e-06,6.915390362674118e-05,5.300580750622732,1.077224369333588,0.0
256,3196,3.48319502467427,2.2519239971359633e-05,4.24844334885025e-06,3.914594239579399e-05,2.4785288282541696e-06,7.663061296625528e-10,6.143936791260599e-12,1.1609995169288823e-05,2.3930589285192783e-06,6.823708650817877e-05,5.300580827151616,1.077224380615319,0.0
256,3200,3.4875544677589687,2.2224066665783272e-05,4.1927564309778475e-06,3.8630003452487016e-05,2.4458621081206746e-06,7.46126715966966e-10,5.9821463038414524e-12,1.1456884295169044e-05,2.361499626467633e-06,6.733256836977887e-05,5.300580902585523,1.0772243917441977,0.0
256,3204,3.4919139108436674,2.1932804806286775e-05,4.137807440189286e-06,3.812094213742506e-05,2.413630845631881e-06,7.266862667165697e-10,5.8262805384968096e-12,1.130581575418375e-05,2.330361291304537e-06,6.644018212791435e-05,5.3005809769402745,1.0772244027223181,0.0
256,3208,3.496273353928366,2.1645401946863245e-05,4.083586482105827e-06,3.7618665645160056e-05,2.3818291648025812e-06,7.07643721398199e-10,5.6736050081153616e-12,1.115676196868845e-05,2.299638238709936e-06,6.555976300369923e-05,5.300581050231464,1.077224413551746,0.0
256,3212,3.500632797013065,2.1361806353774707e-05,4.030083796724234e-06,3.7123082439147905e-05,2.3504512699883353e-06,6.890559234307148e-10,5.524575460548993e-12,1.1009695738368844e-05,2.2693248621392927e-06,6.469114847692236e-05,5.300581122474454,1.0772244242345177,0.0
256,3216,3.5049922400977636,2.1081966995579798e-05,3.977289756535413e-06,3.663410223386114e-05,2.319491444752934e-06,6.710934030706994e-10,5.380559139353359e-12,1.0864590234917897e-05,2.239415631726422e-06,6.383417827735276e-05,5.300581193684385,1.0772244347726416,0.0
256,3220,3.5093516831824623,2.0805833533497153e-05,3.92519486470638e-06,3.615163597753958e-05,2.2889440507762508e-06,6.535287866427097e-10,5.239733053120918e-12,1.0721418996903973e-05,2.2099050932257097e-06,6.298869433542367e-05,5.300581263876175,1.0772244451680988,0.0
256,3224,3.513711126267161,2.0533356311718996e-05,3.873789753252847e-06,3.5675595834767355e-05,2.2588035267511104e-06,6.363620741467457e-10,5.102097201851673e-12,1.0580155924584576e-05,2.1807878669431163e-06,6.215454074836408e-05,5.300581333064526,1.0772244554228423,0.0
256,3228,3.5180705693518597,2.026448634839132e-05,3.823065181337549e-06,3.520589517033111e-05,2.229064387361265e-06,6.197637958393898e-10,4.969018829101276e-12,1.0440775275104084e-05,2.1520586467463316e-06,6.133156376637531e-05,5.3005814012639245,1.0772244655387984,0.0
256,3232,3.5224300124365584,1.9999175326065233e-05,3.7730120334688167e-06,3.474244853205656e-05,2.1997212221946918e-06,6.035065780451987e-10,4.8386749434621895e-12,1.0303251657385117e-05,2.1237121990117797e-06,6.051961175282333e-05,5.300581468488644,1.0772244755178664,0.0
256,3236,3.526789455521257,1.9737375582434047e-05,3.723621317753048e-06,3.428517163423089e-05,2.1707686946939785e-06,5.878177944396157e-10,4.712888536341952e-12,1.0167560027196574e-05,2.095743361608041e-06,5.971853515261293e-05,5.3005815347527525,1.077224485361919,0.0
256,3240,3.531148898605956,1.947904010176347e-05,3.6748841642779394e-06,3.383398134222108e-05,2.1422015411824335e-06,5.724700713471975e-10,4.5898366163330235e-12,1.0033675682576064e-05,2.068147042952321e-06,5.892818647055895e-05,5.300581600070112,1.0772244950728045,0.0
256,3244,3.5355083416906545,1.922412250570824e-05,3.626791823379973e-06,3.3388795656002224e-05,2.1140145698211796e-06,5.57520252186805e-10,4.469974931287289e-12,9.901574258928284e-06,2.0409182210001247e-06,5.8148420231908976e-05,5.3005816644543815,1.0772245046523437,0.0
256,3248,3.5398677847753532,1.8972577044552746e-05,3.5793356639918816e-06,3.2949533694468094e-05,2.0862026596157735e-06,5.428546501207165e-10,4.3523919855009805e-12,9.771231724356874e-06,2.014051942283055e-06,5.7379092972167875e-05,5.300581727919021,1.077224514102333,0.0
256,3252,3.544227227860052,1.8724358588783696e-05,3.5325071720527623e-06,3.251611568032478e-05,2.058760759459749e-06,5.286437954055145e-10,4.238455022529751e-12,9.642624375169392e-06,1.987543320982298e-06,5.662006318577836e-05,5.300581790477296,1.0772245234245443,0.0
256,3256,3.5485866709447507,1.8479422620237997e-05,3.486297948838053e-06,3.2088462924205854e-05,2.0316838871288634e-06,5.14887688041199e-10,4.1281640423736e-12,9.515728831150083e-06,1.9613875379542398e-06,5.5871191315484757e-05,5.300581852142277,1.0772245326207242,0.0
256,3260,3.5529461140294494,1.8237725223998332e-05,3.4406997094305604e-06,3.166649781019391e-05,2.004967128364396e-06,5.014726411900483e-10,4.020607549328759e-12,9.390522031253252e-06,1.9355798398427863e-06,5.513233972391734e-05,5.3005819129268446,1.0772245416925956,0.0
256,3264,3.557305557114148,1.7999223079944974e-05,3.3957042811266434e-06,3.125014378060959e-05,1.978605635910062e-06,4.883418114332017e-10,3.915329795543343e-12,9.266981229074967e-06,1.910115538145985e-06,5.440337265770207e-05,5.300581972843691,1.0772245506418574,0.0
256,3268,3.561665000198847,1.7763873454766633e-05,3.3513036019289896e-06,3.083932532175934e-05,1.9525946286096297e-06,4.755520421895199e-10,3.8127865288692354e-12,9.145083988614337e-06,1.8849900083423372e-06,5.368415623359718e-05,5.300582031905324,1.0772245594701857,0.0
256,3272,3.5660244432835455,1.7531634193553096e-05,3.307489718960497e-06,3.043396794884103e-05,1.9269293904512206e-06,4.631033334590029e-10,3.712977749306438e-12,9.024808179781282e-06,1.8601986889648587e-06,5.297455839722792e-05,5.30058209012407,1.077224568179232,0.0
256,3276,3.570383886368244,1.7302463712402405e-05,3.2642547870695573e-06,3.0033998192708214e-05,1.9016052697292866e-06,4.511093720793724e-10,3.6168149525587203e-12,8.90613197445864e-06,1.835737080789398e-06,5.227444891470197e-05,5.300582147512075,1.0772245767706263,0.0
256,3280,3.574743329452943,1.7076320990132634e-05,3.221591067266411e-06,2.963934358502869e-05,1.8766176781049208e-06,4.3934278437518515e-10,3.522475147218542e-12,8.789033842086433e-06,1.8116007459244621e-06,5.158369933491265e-05,5.300582204081309,1.0772245852459754,0.0
256,3284,3.5791027725376416,1.685316556074013e-05,3.1794909253003335e-06,2.9249932644780084e-05,1.851962089750828e-06,4.278035703464411e-10,3.4299583332859036e-12,8.673492545643965e-06,1.7877853069830454e-06,5.0902182970703064e-05,5.300582259843566,1.0772245936068643,0.0
256,3288,3.5834622156223404,1.6632957505835225e-05,3.137946830232568e-06,2.8865694864679887e-05,1.8276340404921377e-06,4.1666226024972275e-10,3.3406317543164593e-12,8.559487137611606e-06,1.7642864462502696e-06,5.022977486466817e-05,5.30058231481047,1.0772246018548555,0.0
256,3292,3.587821658707039,1.6415657446942212e-05,3.0969513529836503e-06,2.8486560697419143e-05,1.8036291269347915e-06,4.0586201066616923e-10,3.2540396624583247e-12,8.446996955875637e-06,1.7410999048392875e-06,4.956635178052506e-05,5.300582368993475,1.0772246099914902,0.0
256,3296,3.5921811017917378,1.6201226538294118e-05,3.0564971649740847e-06,2.811246154276984e-05,1.7799430056492445e-06,3.9523229133919813e-10,3.1688148141558448e-12,8.33600161989266e-06,1.7182214819006904e-06,4.8911792174514604e-05,5.30058242240387,1.0772246180182887,0.0
256,3300,3.5965405448764365,1.598962645942068e-05,3.0165770367260014e-06,2.7743329734291217e-05,1.7565713923287752e-06,3.8488678910653107e-10,3.0858687051127893e-12,8.226481026733696e-06,1.6956470338071135e-06,4.826597615651183e-05,5.300582475052777,1.0772246259367497,0.0
256,3304,3.600899987961135,1.578081940802473e-05,2.9771838365192273e-06,2.7379098526593253e-05,1.7335100609830714e-06,3.7493919080588967e-10,3.0061128310329283e-12,8.118415347295343e-06,1.6733724733722796e-06,4.762878549240419e-05,5.300582526951159,1.0772246337483518,0.0
256,3308,3.605259431045834,1.5574768092848947e-05,2.9383105290455406e-06,2.7019702082567844e-05,1.7107548431297718e-06,3.6504843592410907e-10,2.9268127048049525e-12,8.011785022500845e-06,1.6513937690679595e-06,4.7000103562199076e-05,5.3005825781098155,1.0772246414545525,0.0
256,3312,3.6096188741305326,1.5371435726744808e-05,2.8999501741010676e-06,2.6665075460972648e-05,1.688301627008335e-06,3.5555558497435413e-10,2.8507028135401707e-12,7.9065707596058e-06,1.6297069442625034e-06,4.637981533889929e-05,5.300582628539395,1.0772246490567898,0.0
256,3316,3.6139783172152313,1.5170786019547293e-05,2.8620959252420393e-06,2.631515460367767e-05,1.666146356772557e-06,3.4629010770004243e-10,2.776415913682929e-12,7.80275352840384e-06,1.6083080764387523e-06,4.576780737643715e-05,5.300582678250386,1.0772246565564816,0.0
256,3320,3.61833776029993,1.4972783171551797e-05,2.8247410285541522e-06,2.596987632402048e-05,1.64428503175328e-06,3.3730884752003476e-10,2.704407753085112e-12,7.700314557763132e-06,1.5871932964801411e-06,4.516396778274856e-05,5.3005827272531265,1.0772246639550258,0.0
256,3324,3.6226972033846288,1.477739186657511e-05,2.787878821343468e-06,2.5629178294371683e-05,1.6227137056710991e-06,3.2855496101547033e-10,2.6342225838948342e-12,7.599235331926473e-06,1.5663587879080717e-06,4.456818619352336e-05,5.300582775557805,1.0772246712538018,0.0
256,3328,3.6270566464693275,1.4584577265584094e-05,2.751502730934408e-06,2.5292999034731235e-05,1.6014284859143379e-06,3.198579179297667e-10,2.5644931625564417e-12,7.499497587118553e-06,1.5458007861825989e-06,4.3980353762335095e-05,5.3005828231744605,1.0772246784541695,0.0
256,3332,3.631416089554026,1.4394304999972672e-05,2.7156062734014005e-06,2.4961277900719703e-05,1.5804255327787126e-06,3.1155877877608873e-10,2.497953976181243e-12,7.401083307973969e-06,1.5255155779661719e-06,4.340036312016139e-05,5.3005828701129865,1.07722468555747,0.0
256,3336,3.635775532638725,1.4206541164988034e-05,2.680183052328681e-06,2.463395507180122e-05,1.5597010587216686e-06,3.03487013297854e-10,2.4332377812135846e-12,7.303974724033043e-06,1.5054995004013495e-06,4.2828108378745625e-05,5.300582916383134,1.0772246925650266,0.0
256,3340,3.6401349757234236,1.4021252313833104e-05,2.6452267576976706e-06,2.4310971540758745e-05,1.5392513276960052e-06,2.956426214950625e-10,2.3703445776534657e-12,7.208154306611567e-06,1.4857489404655908e-06,4.226348508998753e-05,5.30058296199451,1.0772246994781431,0.0
256,3344,3.6444944188081223,1.383840545097684e-05,2.610731164624912e-06,2.399226910170004e-05,1.5190726543904728e-06,2.879119165299926e-10,2.308362869797117e-12,7.11360476523176e-06,1.4662603342356015e-06,4.170639024093713e-05,5.300583006956585,1.0772247062981066,0.0
256,3348,3.648853861892821,1.3657968026221788e-05,2.576690132242859e-06,2.367779033948408e-05,1.4991614035603054e-06,2.8046542865922675e-10,2.2486599012001924e-12,7.020309044477897e-06,1.4470301662392138e-06,4.115672222430392e-05,5.300583051278689,1.077224713026186,0.0
256,3352,3.6532133049775197,1.3479907928529098e-05,2.543097602534919e-06,2.3367478618663245e-05,1.4795139893270939e-06,2.730757842073217e-10,2.1894126804551527e-12,6.928250320706298e-06,1.4280549687772487e-06,4.061438082195838e-05,5.30058309497002,1.0772247196636322,0.0
256,3356,3.6575727480622184,1.330419348015808e-05,2.5099475992298266e-06,2.306127807298726e-05,1.460126874514228e-06,2.660272002685815e-10,2.1328999468214227e-12,6.837411998922377e-06,1.409331321279811e-06,4.007926718460284e-05,5.300583138039638,1.0772247262116792,0.0
256,3360,3.661932191146917,1.313079343029201e-05,2.4772342265991014e-06,2.275913359406453e-05,1.4409965699289874e-06,2.590354597487021e-10,2.076842961039578e-12,6.74777770940946e-06,1.3908558496114186e-06,3.955128381487191e-05,5.300583180496474,1.0772247326715445,0.0
256,3364,3.666291634231616,1.2959676949820206e-05,2.444951668472642e-06,2.2460990821974087e-05,1.422119633768136e-06,2.5221424948540516e-10,2.0221532188133874e-12,6.659331304934178e-06,1.3726252254949776e-06,3.903033454967421e-05,5.300583222349331,1.077224739044428,0.0
256,3368,3.6706510773163146,1.2790813625149895e-05,2.4130941870712838e-06,2.216679613425485e-05,1.4034926709207755e-06,2.4573409973527305e-10,1.9701979636985066e-12,6.5720568574726645e-06,1.3546361658369832e-06,3.851632453499924e-05,5.300583263606883,1.077224745331514,0.0
256,3372,3.6750105204010133,1.2624173452794777e-05,2.3816561219858828e-06,2.1876496636193323e-05,1.385112332353412e-06,2.3936763682286255e-10,1.919154204287396e-12,6.485938655320175e-06,1.3368854321317542e-06,3.800916022003256e-05,5.3005833042776755,1.0772247515339697,0.0
256,3376,3.679369963485712,1.2459726833578903e-05,2.3506318890838338e-06,2.159004015049502e-05,1.3669753144559987e-06,2.3311486074817367e-10,1.8690219405800546e-12,6.400961200019631e-06,1.3193698298283406e-06,3.7508749322403674e-05,5.300583344370134,1.0772247576529466,0.0
256,3380,3.6837294065704107,1.2297444567165088e-05,2.320015979476806e-06,2.130737520751844e-05,1.3490783584236016e-06,2.270326149300672e-10,1.8202569204283682e-12,6.317109203456956e-06,1.302086207731815e-06,3.7015000824212007e-05,5.300583383892559,1.07722476368958,0.0
256,3384,3.6880888496551094,1.2137297846672504e-05,2.2898029585053073e-06,2.1028451035633527e-05,1.331418249645943e-06,2.2117774278740399e-10,1.7733148916842215e-12,6.234367584992334e-06,1.2850314574119636e-06,3.652782494879095e-05,5.300583422853134,1.0772247696449904,0.0
256,3388,3.692448292739808,1.1979258253256428e-05,2.25998746471611e-06,2.075321755153665e-05,1.3139918170941944e-06,2.1543655748246238e-10,1.7272843586438445e-12,6.152721468579291e-06,1.268202512609472e-06,3.6047133148124025e-05,5.30058346125992,1.0772247755202822,0.0
256,3392,3.696807735824507,1.1823297750800544e-05,2.230564208860906e-06,2.048162535081594e-05,1.296795932723619e-06,2.0980905901524238e-10,1.6821653213072376e-12,6.072156179959823e-06,1.251596348657781e-06,3.5572838083478055e-05,5.300583499120863,1.0772247813165445,0.0
256,3396,3.7011671789092055,1.1669388680789839e-05,2.20152797292904e-06,2.0213625698731638e-05,1.2798275108898302e-06,2.0435209080460481e-10,1.6384135275262852e-12,5.99265724392005e-06,1.2352099819174222e-06,3.510485359512029e-05,5.300583536443794,1.077224787034852,0.0
256,3400,3.7055266219939043,1.1517503757119135e-05,2.1728736091680914e-06,1.9949170520996013e-05,1.2630835077650199e-06,1.9912249626941048e-10,1.5964847251528727e-12,5.914210381549391e-06,1.2190404692110764e-06,3.4643094717704925e-05,5.30058357323643,1.0772247926762635,0.0
256,3404,3.709886065078603,1.1367616060801416e-05,2.1445960390855583e-06,1.968821239430555e-05,1.2465609207385032e-06,1.9394974515307695e-10,1.555011670631345e-12,5.836801507423856e-06,1.2030849072429932e-06,3.4187477627479407e-05,5.300583609506378,1.077224798241825,0.0
256,3408,3.7142455081633017,1.1219699035493297e-05,2.116690252604699e-06,1.9430704538330053e-05,1.2302567879095086e-06,1.8877699403674342e-10,1.5135386161098174e-12,5.760416727222618e-06,1.1873404321077159e-06,3.373791965665838e-05,5.30058364526113,1.077224803732567,0.0
256,3412,3.7186049512480004,1.1073726481856481e-05,2.0891513070007737e-06,1.917660080570645e-05,1.2141681874536345e-06,1.8388846001471393e-10,1.4743443008477143e-12,5.685042334753753e-06,1.1718042186770273e-06,3.329433925425511e-05,5.300583680508077,1.0772248091495056,0.0
256,3416,3.722964394332699,1.0929672553180377e-05,2.061974326075214e-06,1.892585567416836e-05,1.198292237124532e-06,1.7911361283040605e-10,1.436061481289381e-12,5.610664809611531e-06,1.1564734801170678e-06,3.285665599114597e-05,5.300583715254494,1.0772248144936438,0.0
256,3420,3.727323837417398,1.0787511750433617e-05,2.0351544992220516e-06,1.867842423772873e-05,1.182626093695632e-06,1.74395609064959e-10,1.3982344095829327e-12,5.537270814554379e-06,1.1413454673478795e-06,3.2424790523352684e-05,5.3005837495075605,1.0772248197659702,0.0
256,3424,3.7316832805020965,1.0647218917656831e-05,2.0086870805587246e-06,1.8434262198472274e-05,1.1671669524404842e-06,1.6996182239381596e-10,1.362686077135909e-12,5.464847193064237e-06,1.1264174685403397e-06,3.199866459639922e-05,5.300583783274343,1.0772248249674594,0.0
256,3428,3.7360427235867952,1.0508769236980112e-05,1.9825673879860834e-06,1.8193325857662878e-05,1.151912046569721e-06,1.6547119230381213e-10,1.3266819968370004e-12,5.393380966701681e-06,1.111686808570998e-06,3.1578201013002936e-05,5.3005838165618115,1.077224830099074,0.0
256,3432,3.740402166671494,1.037213822433915e-05,1.956790802380201e-06,1.7955572108075568e-05,1.1368586467455546e-06,1.6126477930811234e-10,1.2929566557975163e-12,5.322859332824541e-06,1.0971508485518348e-06,3.116332364139996e-05,5.3005838493768325,1.0772248351617624,0.0
256,3436,3.7447616097561927,1.0237301724737806e-05,1.9313527666986173e-06,1.7720958425575228e-05,1.1220040605485842e-06,1.5717205315013416e-10,1.2601428104618023e-12,5.253269662084288e-06,1.0828069853142173e-06,3.075395737289135e-05,5.300583881726175,1.07722484015646,0.0
256,3440,3.7491210528408914,1.0104235907765367e-05,1.9062487851346362e-06,1.7489442861107227e-05,1.1073456319706805e-06,1.5307932699215598e-10,1.227328965126088e-12,5.184599496043566e-06,1.0686526509178216e-06,3.035002813022084e-05,5.300583913616508,1.0772248450840896,0.0
256,3444,3.75348049592559,9.97291726352818e-06,1.8814744223497885e-06,1.726098403342736e-05,1.0928807409546825e-06,1.48929757415317e-10,1.194059371938489e-12,5.1168365450136065e-06,1.0546853122048813e-06,2.995146283803178e-05,5.300583945054406,1.077224849945561,0.0
256,3448,3.757839939010289,9.843322597520093e-06,1.8570253025061012e-06,1.7035541119986176e-05,1.0786068028172365e-06,1.4517809177050367e-10,1.1639800137140841e-12,5.0499686853442475e-06,1.040902470241603e-06,2.9558189420520184e-05,5.300583976046347,1.0772248547417724,0.0
256,3452,3.7621993820949875,9.715429027266962e-06,1.8328971086330546e-06,1.6813073850893645e-05,1.06452126786667e-06,1.4136958270682953e-10,1.1334449076377947e-12,4.983983957627394e-06,1.0273016599478634e-06,2.9170136781113796e-05,5.300584006598716,1.0772248594736085,0.0
256,3456,3.766558825179686,9.589213977402783e-06,1.8090855816986534e-06,1.6593542500193787e-05,1.050621620850543e-06,1.3773160389973782e-10,1.1042770451171596e-12,4.918870564103863e-06,1.013880449562707e-06,2.878723478836373e-05,5.300584036717805,1.0772248641419426,0.0
256,3460,3.770918268264385,9.46465517573883e-06,1.7855865198678365e-06,1.6376907878828414e-05,1.0369053805101472e-06,1.3415046851150692e-10,1.0755649304484098e-12,4.854616866569963e-06,1.000636440212848e-06,2.8409414266271608e-05,5.300584066409817,1.0772248687476358,0.0
256,3464,3.7752777113490836,9.341730649172029e-06,1.7623957777305582e-06,1.6163131327353144e-05,1.023370099119319e-06,1.3068301996099763e-10,1.0477643114834298e-12,4.791211384211646e-06,9.875672654662461e-07,2.8036606984133356e-05,5.300584095680862,1.0772248732915373,0.0
256,3468,3.7796371544337823,9.220418719475425e-06,1.7395092655076233e-06,1.595217470839156e-05,1.0100133620066753e-06,1.2732925824820995e-10,1.0208751882222194e-12,4.728642791359122e-06,9.74670590869284e-07,2.766874563118783e-05,5.3005841245369645,1.0772248777744848,0.0
256,3472,3.783996597518481,9.100697999493791e-06,1.716922948332958e-06,1.5744000399907443e-05,9.96832787129643e-07,1.2391865311656147e-10,9.935303171091244e-13,4.666899915487852e-06,9.61944113534733e-07,2.7305763818366283e-05,5.300584152984062,1.0772248821973052,0.0
256,3476,3.7883560406031798,8.982547388985472e-06,1.6946328454691373e-06,1.5538571287791636e-05,9.83826024605096e-07,1.2073542166035622e-10,9.680084374035688e-13,4.6059717350139296e-06,9.493855616873349e-07,2.694759605193849e-05,5.300584181028003,1.0772248865608127,0.0
256,3480,3.7927154836878785,8.86594607088969e-06,1.6726350296031834e-06,1.533585075917851e-05,9.709907562861875e-07,1.177227204607334e-10,9.438538012536682e-13,4.545847377305548e-06,9.369926942539247e-07,2.6594177733618692e-05,5.300584208674556,1.077224890865811,0.0
256,3484,3.797074926772577,8.750873507304401e-06,1.6509256260877523e-06,1.5135802695284408e-05,9.583246953089139e-07,1.1459633242338896e-10,9.187876693999976e-13,4.486516116553505e-06,9.247633004244975e-07,2.6245445144373738e-05,5.300584235929402,1.0772248951130927,0.0
256,3488,3.801434369857276,8.637309435924496e-06,1.629500812269172e-06,1.4938391465078152e-05,9.458255856913639e-07,1.1164047464262694e-10,8.950887811019817e-13,4.4279673718895245e-06,9.126951992643557e-07,2.590133542780804e-05,5.300584262798144,1.0772248993034401,0.0
256,3492,3.8057938129419746,8.525233865999107e-06,1.6083568167247536e-06,1.4743581918060236e-05,9.334912018765316e-07,1.0874146028072573e-10,8.718456406558508e-13,4.370190705238419e-06,9.007862392713966e-07,2.5561786579576814e-05,5.300584289286301,1.077224903437624,0.0
256,3496,3.8101532560266733,8.414627074947626e-06,1.587489918624375e-06,1.4551339378264054e-05,9.213193483525037e-07,1.0595613275654614e-10,8.495139959134897e-13,4.313175819535206e-06,8.890342980086219e-07,2.5226737441370815e-05,5.300584315399314,1.077224907516405,0.0
256,3500,3.814512699111372,8.305469604561991e-06,1.5668964470140109e-06,1.4361629637458527e-05,9.093078592220837e-07,1.0322764865122736e-10,8.276380990230137e-13,4.256912556702766e-06,8.774372816872926e-07,2.4896127680732818e-05,5.300584341142544,1.0772249115405335,0.0
256,3504,3.8188721421960707,8.1977422572777e-06,1.5465727801122281e-06,1.4174418948508935e-05,8.974545977824321e-07,1.0049916454590857e-10,8.057622021325375e-13,4.201390895677694e-06,8.659931247600154e-07,2.4569897787937524e-05,5.300584366521275,1.0772249155107492,0.0
256,3508,3.8232315852807695,8.091426093091978e-06,1.5265153447287714e-06,1.398967401991474e-05,8.857574561792281e-07,9.78843672783114e-11,7.847978009458312e-13,4.146600950786926e-06,8.546997895861334e-07,2.4247989062313607e-05,5.300584391540717,1.0772249194277816,0.0
256,3512,3.827591028365468,7.98650242558852e-06,1.5067206155145986e-06,1.3807362008706303e-05,8.742143549569247e-07,9.532641342957504e-11,7.642891476110099e-13,4.092532969634764e-06,8.435552659961963e-07,2.393034359257398e-05,5.300584416206002,1.077224923292351,0.0
256,3516,3.831950471450167,7.88295281866788e-06,1.4871851143450407e-06,1.3627450514646147e-05,8.628232426916012e-07,9.29389898374211e-11,7.451477378318432e-13,4.039177331379342e-06,8.325575709367072e-07,2.3616904262710072e-05,5.300584440522189,1.0772249271051668,0.0
256,3520,3.8363099145348656,7.780759083278627e-06,1.4679054097031074e-06,1.3449907574369483e-05,8.515820956199701e-07,9.043787940754555e-11,7.250948323489068e-13,3.986524544989064e-06,8.21704748110736e-07,2.3307614724016003e-05,5.300584464494263,1.0772249308669295,0.0
256,3524,3.8406693576195643,7.679903273791732e-06,1.448878115995484e-06,1.3274701654977567e-05,8.404889172337398e-07,8.816414265311323e-11,7.0686491827351e-13,3.934565247339133e-06,8.109948675855767e-07,2.300241939909805e-05,5.300584488127142,1.0772249345783298,0.0
256,3528,3.845028800704263,7.5803676850547106e-06,1.4300998929967724e-06,1.310180164875253e-05,8.295417379449835e-07,8.589040589868091e-11,6.886350041981132e-13,3.883290201638728e-06,8.004260254685559e-07,2.2701263452365963e-05,5.300584511425665,1.0772249382400487,0.0
256,3532,3.8493882437889617,7.482134848778616e-06,1.411567445167865e-06,1.2931176866767426e-05,8.187386146815593e-07,8.361666914424859e-11,6.704050901227164e-13,3.8326902955323244e-06,7.89996343515675e-07,2.2404092802950164e-05,5.3005845343946065,1.0772249418527586,0.0
256,3536,3.8537476868736604,7.3851875305697935e-06,1.3932775210959616e-06,1.2762797033541703e-05,8.080776305487205e-07,8.151346264639869e-11,6.535424196029744e-13,3.7827565395085764e-06,7.797039688036489e-07,2.2110854100920228e-05,5.300584557038673,1.0772249454171217,0.0
256,3540,3.858107129958359,7.289508726826095e-06,1.375226912909014e-06,1.2596632281606312e-05,7.975568944850047e-07,7.935341272968799e-11,6.362240012313475e-13,3.733480065287195e-06,7.695470733974081e-07,2.1821494716045724e-05,5.3005845793625,1.0772249489337915,0.0
256,3544,3.862466573043058,7.195081661192464e-06,1.357412455607042e-06,1.2432653145114815e-05,7.871745408577213e-07,7.73070496506989e-11,6.198170785634903e-13,3.684852123916682e-06,7.595238539580027e-07,2.153596273351523e-05,5.300584601370658,1.077224952403413,0.0
256,3548,3.8668260161277566,7.101889781832138e-06,1.3398310265473236e-06,1.2270830555030614e-05,7.769287291582297e-07,7.537437340943143e-11,6.043216515994031e-13,3.6368640843447276e-06,7.496325314479318e-07,2.125420694107927e-05,5.3005846230676505,1.077224955826622,0.0
256,3552,3.8711854592124553,7.009916758472267e-06,1.3224795448870258e-06,1.2111135833872677e-05,7.66817643669265e-07,7.338485374930315e-11,5.88370476783431e-13,3.589507431856044e-06,7.398713508091486e-07,2.097617682183224e-05,5.300584644457918,1.0772249592040457,0.0
256,3556,3.875544902297154,6.919146478972143e-06,1.3053549709357719e-06,1.1953540689587924e-05,7.568394930769677e-07,7.156586434575729e-11,5.737865455231135e-13,3.542773766249741e-06,7.302385805873804e-07,2.0701822537241352e-05,5.300584665545835,1.0772249625363028,0.0
256,3560,3.8799043453818527,6.829563046915253e-06,1.288454305701363e-06,1.1798017211289517e-05,7.46992510201052e-07,6.963318810448982e-11,5.582911185590263e-13,3.4966548005729393e-06,7.207325126711002e-07,2.043109493480724e-05,5.300584686335713,1.0772249658240034,0.0
256,3564,3.8842637884665514,6.741150778257382e-06,1.2717745902574133e-06,1.1644537863286172e-05,7.372749516167729e-07,6.787104211980477e-11,5.441629351505938e-13,3.45114235934528e-06,7.113514619255615e-07,2.01639455154921e-05,5.300584706831804,1.0772249690677491,0.0
256,3568,3.88862323155125,6.653894198637121e-06,1.2553129052359565e-06,1.1493075480293428e-05,7.276850973517257e-07,6.59952092973981e-11,5.291232560383914e-13,3.406228377134995e-06,7.020937658992966e-07,1.99003264468658e-05,5.300584727038298,1.0772249722681342,0.0
256,3572,3.892982674635949,6.567778040523433e-06,1.2390663702893093e-06,1.13436032623723e-05,7.182212505653879e-07,6.434675015043467e-11,5.159065683337287e-13,3.3619048970544606e-06,6.929577845140204e-07,1.9640190531718046e-05,5.30058474695932,1.0772249754257437,0.0
256,3576,3.8973421177206475,6.482787240347804e-06,1.2230321435490266e-06,1.1196094769824969e-05,7.088817372259374e-07,6.269829100347124e-11,5.026898806290661e-13,3.3181640692424825e-06,6.83941899751797e-07,1.9383491226611282e-05,5.300584766598943,1.0772249785411552,0.0
256,3580,3.9017015608053462,6.3989069358699995e-06,1.2072074211289324e-06,1.1050523918524645e-05,6.996649058145644e-07,6.104983185650781e-11,4.894731929244034e-13,3.274998149476274e-06,6.750445153689402e-07,1.913018260535999e-05,5.300584785961176,1.0772249816149386,0.0
256,3584,3.906061003890045,6.316122463270663e-06,1.1915894365766102e-06,1.0906864974716817e-05,6.905691269963106e-07,5.945821612840518e-11,4.767122530716257e-13,3.232399497624881e-06,6.662640565772331e-07,1.888021936931343e-05,5.300584805049973,1.0772249846476556,0.0
256,3588,3.9104204469747437,6.234419354713525e-06,1.1761754604134971e-06,1.0765092550727732e-05,6.815927933483518e-07,5.803713065688498e-11,4.653185567745027e-13,3.190360576374669e-06,6.575989697812236e-07,1.8633556832183277e-05,5.3005848238692295,1.0772249876398605,0.0
256,3592,3.9147798900594424,6.1537833355057935e-06,1.1609627995991649e-06,1.0625181599871213e-05,6.727343190375227e-07,5.644551492878236e-11,4.52557616921725e-13,3.1488739497136535e-06,6.490477222658148e-07,1.839015090651347e-05,5.3005848424227855,1.0772249905920999,0.0
256,3596,3.919139333144141,6.074200321612903e-06,1.1459487970624577e-06,1.0487107412066967e-05,6.639921395428896e-07,5.5081272876122966e-11,4.416196684764869e-13,3.1079322816299863e-06,6.406088019279958e-07,1.814995810748599e-05,5.300584860714427,1.0772249935049127,0.0
256,3600,3.92349877622884,5.995656416889704e-06,1.1311308311791335e-06,1.0350845608898017e-05,6.553647113428106e-07,5.3660187404602766e-11,4.302259721793639e-13,3.067528334641862e-06,6.322807169738249e-07,1.7912935534052737e-05,5.300584878747883,1.0772249963788314,0.0
256,3604,3.9278582193135385,5.9181379107606125e-06,1.1165063153342027e-06,1.0216372139529048e-05,6.468505116565066e-07,5.2239101933082566e-11,4.1883227588224093e-13,3.0276549685854026e-06,6.240619956685883e-07,1.7679040869543973e-05,5.300584896526832,1.07722499921438,0.0
256,3608,3.9322176623982372,5.841631275594937e-06,1.1020726974267637e-06,1.0083663275991048e-05,6.384480381455068e-07,5.0874859880423173e-11,4.078943274370029e-13,2.9883051392111746e-06,6.159511860475129e-07,1.7448232361554432e-05,5.300584914054897,1.0772250020120764,0.0
256,3612,3.936577105482936,5.766123164252599e-06,1.0878274594069821e-06,9.952695608857833e-06,6.301558086399082e-07,4.96243046654854e-11,3.9786787469553466e-13,2.9494718969000873e-06,6.079468556510867e-07,1.7220468830370066e-05,5.300584931335651,1.0772250047724308,0.0
256,3616,3.9409365485676346,5.691600407644274e-06,1.0737681168157895e-06,9.823446042885098e-06,6.21972360862261e-07,4.831690603168681e-11,3.873856741021815e-13,2.911148385366112e-06,6.000475912576624e-07,1.6995709641150854e-05,5.300584948372613,1.0772250074959464,0.0
256,3620,3.9452959916523334,5.61805001233313e-06,1.0598922183324328e-06,9.695891792768627e-06,6.138962521590003e-07,4.7066350816749036e-11,3.7735922136071325e-13,2.8733278403958806e-06,5.922519986236629e-07,1.6773914723453344e-05,5.300584965169254,1.07722501018312,0.0
256,3624,3.949655434737032,5.545459158224622e-06,1.0461973453386339e-06,9.57001037905047e-06,6.059260592412443e-07,4.5929482439532876e-11,3.682442643230149e-13,2.8360035886320097e-06,5.845587022327995e-07,1.655504453031656e-05,5.300584981728994,1.0772250128344414,0.0
256,3628,3.9540148778217308,5.473815196004476e-06,1.0326811114352443e-06,9.445779623542562e-06,5.98060377895041e-07,4.473577064345591e-11,3.5867355943343156e-13,2.799169046211823e-06,5.769663450154838e-07,1.6339060067740872e-05,5.3005849980552044,1.077225015450394,0.0
256,3632,3.9583743209064295,5.403105645263126e-06,1.019341162088404e-06,9.323177646004142e-06,5.902978227709984e-07,4.3428372009657323e-11,3.481913588400784e-13,2.7628177177799147e-06,5.694735881452978e-07,1.6125922850528874e-05,5.300585014151206,1.0772250180314538,0.0
256,3636,3.962733763991128,5.333318191758179e-06,1.006175174113083e-06,9.202182859310077e-06,5.826370270783668e-07,4.240519047016278e-11,3.3998789750614986e-13,2.7269431950528017e-06,5.620791107431384e-07,1.5915594921175544e-05,5.300585030020278,1.0772250205780913,0.0
256,3640,3.967093207075827,5.264440685366826e-06,9.931808552867863e-07,9.08277396577836e-06,5.750766423525136e-07,4.132516551180743e-11,3.313286883203364e-13,2.6915391557260307e-06,5.547816096519501e-07,1.57080388352808e-05,5.300585045665643,1.0772250230907703,0.0
256,3644,3.9714526501605256,5.196461137981172e-06,9.803559439524897e-07,8.96492995344957e-06,5.67615338219357e-07,4.0245140553452075e-11,3.226694791345229e-13,2.656599362368733e-06,5.475797992088695e-07,1.5503217651496e-05,5.300585061090485,1.077225025569948,0.0
256,3648,3.9758120932452243,5.129367721101922e-06,9.6769820856467e-07,8.848630091828242e-06,5.602518021257311e-07,3.916511559509672e-11,3.1401026994870946e-13,2.6221176611581295e-06,5.404724109843812e-07,1.5301094926513246e-05,5.300585076297941,1.0772250280160753,0.0
256,3652,3.980171536329923,5.063148763834948e-06,9.552054473113385e-07,8.733853928304137e-06,5.529847391127973e-07,3.814193405560218e-11,3.0580680861478094e-13,2.5880879808150103e-06,5.334581935628983e-07,1.5101634705464739e-05,5.3005850912911,1.0772250304295972,0.0
256,3656,3.9845309794146218,4.9977927507504525e-06,9.428754877101562e-07,8.620581284369257e-06,5.458128715765253e-07,3.728928277269006e-11,2.9897059083650714e-13,2.5545043314797806e-06,5.265359123110918e-07,1.4904801529845424e-05,5.300585106073009,1.077225032810953,0.0
256,3660,3.9888904224993205,4.933288319809631e-06,9.307061862172799e-07,8.508792251920331e-06,5.387349390335838e-07,3.6209257814334705e-11,2.9031138165069367e-13,2.5213608036127956e-06,5.197043491512275e-07,1.4710560402224559e-05,5.300585120646671,1.0772250351605752,0.0
256,3664,3.993249865584019,4.869624260134693e-06,9.186954278066591e-07,8.39846718933568e-06,5.317496978729473e-07,3.5356606531422585e-11,2.8347516387241987e-13,2.4886515668293247e-06,5.129623023210279e-07,1.451887681113016e-05,5.300585135015046,1.0772250374788912,0.0
256,3668,3.997609308668718,4.806789510162923e-06,9.068411256217832e-07,8.289586718156992e-06,5.248559211458026e-07,3.444711182964966e-11,2.7618319824226116e-13,2.4563708689118544e-06,5.063085861700875e-07,1.432971670177249e-05,5.3005851491810505,1.0772250397663223,0.0
256,3672,4.001968751753417,4.744773155616256e-06,8.951412205926253e-07,8.1821317195352e-06,5.180523983405184e-07,3.342393029015511e-11,2.679797369083326e-13,2.424513034755218e-06,4.997420309424427e-07,1.4143046487992904e-05,5.300585163147559,1.077225042023284,0.0
256,3676,4.006328194838115,4.68356442723797e-06,8.8359368100865e-07,8.076083330165154e-06,5.113379351252499e-07,3.2741809263825417e-11,2.625107626857136e-13,2.3930724651566032e-06,4.932614825271667e-07,1.3958833019533958e-05,5.300585176917409,1.0772250442501863,0.0
256,3680,4.010687637922814,4.623152699402941e-06,8.721965022566273e-07,7.971422939871497e-06,5.04711353195087e-07,3.183231456205249e-11,2.5521879705555485e-13,2.3620436360996626e-06,4.868658023108107e-07,1.377704361008162e-05,5.300585190493391,1.077225046447433,0.0
256,3684,4.015047081007513,4.5635274875436815e-06,8.60947706335032e-07,7.868132186995853e-06,4.981714899799951e-07,3.1093350116861984e-11,2.492940749810509e-13,2.331421097381894e-06,4.805538668944782e-07,1.3597646000498065e-05,5.300585203878258,1.0772250486154236,0.0
256,3688,4.019406524092211,4.5046784467409745e-06,8.498453415881554e-07,7.766192955930554e-06,4.917171984886615e-07,3.0183855415089056e-11,2.420021093508922e-13,2.3011994718826786e-06,4.7432456794295294e-07,1.3420608373326926e-05,5.300585217074726,1.077225050754551,0.0
256,3692,4.02376596717691,4.446595369623572e-06,8.388874823098661e-07,7.665587373385e-06,4.853473470721007e-07,2.950173438875936e-11,2.3653313512827315e-13,2.2713734544532613e-06,4.6817681195590106e-07,1.3245899341960508e-05,5.30058523008547,1.0772250528652039,0.0
256,3696,4.028125410261609,4.389268184460725e-06,8.280722283837498e-07,7.566297805015612e-06,4.790608192102785e-07,2.864908310584724e-11,2.296969173499994e-13,2.241937810915488e-06,4.6210952006148983e-07,1.307348793362107e-05,5.300585242913127,1.0772250549477644,0.0
256,3700,4.032484853346308,4.332686953489772e-06,8.173977049675941e-07,7.468306852428713e-06,4.728565133223505e-07,2.7910118660656735e-11,2.2377219527549543e-13,2.21288737716998e-06,4.5612162783256447e-07,1.2903343593450866e-05,5.300585255560294,1.0772250570026105,0.0
256,3704,4.036844296431006,4.276841871117309e-06,8.068620621540255e-07,7.37159735002071e-06,4.667333425665966e-07,2.722799763432704e-11,2.183032210528764e-13,2.184217058257931e-06,4.502120850932649e-07,1.2735436185057463e-05,5.300585268029534,1.0772250590301147,0.0
256,3708,4.041203739515705,4.221723261977675e-06,7.964634746042248e-07,7.2761523615308595e-06,4.6069023462215997e-07,2.6545876607997343e-11,2.1283424683025737e-13,2.1559218273363615e-06,4.443798557078048e-07,1.2569735974214143e-05,5.300585280323372,1.077225061030644,0.0
256,3712,4.045563182600404,4.1673215792784675e-06,7.862001412357959e-07,7.18195517710772e-06,4.547261315033087e-07,2.5863755581667647e-11,2.0736527260763832e-13,2.1279967248062138e-06,4.386239174007538e-07,1.2406213624040117e-05,5.300585292444297,1.0772250630045608,0.0
256,3716,4.049922625685102,4.11362740316271e-06,7.760702849137751e-07,7.088989310399102e-06,4.488399893751861e-07,2.518163455533795e-11,2.018962983850193e-13,2.1004368574472288e-06,4.3294326157871814e-07,1.2244840193599393e-05,5.300585304394763,1.0772250649522228,0.0
256,3720,4.054282068769801,4.060631438797544e-06,7.660721520900454e-07,6.99723849516869e-06,4.430307783395915e-07,2.4499513529008254e-11,1.9642732416240026e-13,2.0732373974125134e-06,4.273368931231001e-07,1.2085587128384187e-05,5.3005853161771865,1.077225066873983,0.0
256,3724,4.0586415118545,4.00832451492609e-06,7.562040125301347e-07,6.906686682749432e-06,4.372974822737415e-07,2.3874235921539366e-11,1.9141409779166615e-13,2.0463935814723237e-06,4.2180383023422605e-07,1.192842626565198e-05,5.300585327793952,1.077225068770189,0.0
256,3728,4.0630009549391986,3.9566975820430755e-06,7.464641589690317e-07,6.817318038776342e-06,4.316390986234072e-07,2.3305801732931286e-11,1.8685661927281696e-13,2.01990071004193e-06,4.1634310423096965e-07,1.1773329815678976e-05,5.300585339247409,1.0772250706411837,0.0
256,3732,4.067360398023897,3.905741710658425e-06,7.368509067835976e-07,6.72911694014142e-06,4.260546382101147e-07,2.2737367544323206e-11,1.8229914075396775e-13,1.9937541462776517e-06,4.1095375936442585e-07,1.1620270360665786e-05,5.300585350539873,1.0772250724873058,0.0
256,3736,4.071719841108596,3.855448090007789e-06,7.273625937492972e-07,6.642067972698905e-06,4.2054312508585244e-07,2.205524651799351e-11,1.7683016653134873e-13,1.967949315394537e-06,4.0563485267727085e-07,1.1469220854666616e-05,5.300585361673626,1.0772250743088894,0.0
256,3740,4.076079284193295,3.8058080262503187e-06,7.179975797001932e-07,6.556155928081388e-06,4.1510359633148393e-07,2.148681232938543e-11,1.7227268801249955e-13,1.942481703720425e-06,4.003854538087846e-07,1.1320154614509232e-05,5.300585372650919,1.0772250761062634,0.0
256,3744,4.080438727277993,3.7568129409406853e-06,7.087542462406805e-07,6.471365800934062e-06,4.0973510188163353e-07,2.0975221559638157e-11,1.6817095734553527e-13,1.917346857872072e-06,3.952046448250336e-07,1.1173045311980191e-05,5.300585383473969,1.077225077879753,0.0
256,3748,4.084798170362692,3.708454369329535e-06,6.996309964248527e-07,6.387682786021627e-06,4.0443670434150997e-07,2.0463630789890885e-11,1.6406922667857098e-13,1.89254038389916e-06,3.900915200424335e-07,1.1027866975940478e-05,5.300585394144963,1.0772250796296785,0.0
256,3752,4.089157613447391,3.660723959196987e-06,6.906262545364312e-07,6.3050922760564864e-06,3.9920747884939844e-07,1.9895196601282805e-11,1.595117481597218e-13,1.8680579466354463e-06,3.850451858940075e-07,1.088459398748493e-05,5.300585404666055,1.0772250813563564,0.0
256,3756,4.0935170565320895,3.6136134689328956e-06,6.817384657265912e-07,6.2235798583592025e-06,3.9404651286521717e-07,1.9383605831535533e-11,1.5541001749275752e-13,1.8438952687082538e-06,3.800647607252221e-07,1.0743201059448432e-05,5.300585415039369,1.0772250830600982,0.0
256,3760,4.097876499616788,3.5671147662614127e-06,6.729660957733392e-07,6.143131312565447e-06,3.8895290602533243e-07,1.892885848064907e-11,1.5176403467767816e-13,1.820048129855909e-06,3.751493746532967e-07,1.0603663258184987e-05,5.300585425266999,1.077225084741212,0.0
256,3764,4.102235942701487,3.5212198269579485e-06,6.643076308394573e-07,6.063732608365293e-06,3.839257699994221e-07,1.8474111129762605e-11,1.481180518625988e-13,1.796512366256275e-06,3.7029816942880106e-07,1.0465955979737323e-05,5.300585435351009,1.0772250864000006,0.0
256,3768,4.106595385786186,3.4759207328644796e-06,6.557615770980742e-07,5.985369902033158e-06,3.7896422827076825e-07,1.801936377887614e-11,1.4447206904751946e-13,1.7732838694969543e-06,3.6551029822339225e-07,1.0330054943267817e-05,5.300585445293432,1.0772250880367638,0.0
256,3772,4.110954828870884,3.4312096710624982e-06,6.473264605766355e-07,5.908029534883311e-06,3.740674160384677e-07,1.750777300912887e-11,1.4037033838055517e-13,1.7503585861137137e-06,3.6078492553467483e-07,1.0195936204119323e-05,5.300585455096275,1.077225089651797,0.0
256,3776,4.115314271955583,3.3870789320644333e-06,6.390008268156993e-07,5.831698030146412e-06,3.6923448001966967e-07,1.7053025658242404e-11,1.3672435556547582e-13,1.7277325166648129e-06,3.561212269954009e-07,1.0063576131245465e-05,5.300585464761512,1.077225091245391,0.0
256,3780,4.119673715040282,3.3435209085175726e-06,6.307832406244212e-07,5.756362090617335e-06,3.6446457830064784e-07,1.659827830735594e-11,1.3307837275039647e-13,1.7054017150301408e-06,3.5151838922900774e-07,9.932951417469243e-06,5.300585474291093,1.0772250928178335,0.0
256,3784,4.1240331581249805,3.3005280939899636e-06,6.226722858515037e-07,5.682008596551085e-06,3.5975688020357944e-07,1.6143530956469476e-11,1.2943238993531711e-13,1.6833622877874077e-06,3.4697560972103797e-07,9.804039059021786e-06,5.300585483686938,1.0772250943694082,0.0
256,3788,4.128392601209679,3.2580930815011627e-06,6.146665651080101e-07,5.608624603032554e-06,3.5511056612001207e-07,1.574562702444382e-11,1.262421549721227e-13,1.6616103934295666e-06,3.4249209665783413e-07,9.67681637175472e-06,5.3005854929509395,1.0772250959003942,0.0
256,3792,4.132752044294378,3.2162085621373144e-06,6.067646995060874e-07,5.536197337530232e-06,3.5052482735597574e-07,1.5404566511278972e-11,1.2350766786081317e-13,1.6401422416380206e-06,3.380670687767318e-07,9.551260966459023e-06,5.300585502084965,1.0772250974110675,0.0
256,3796,4.137111487379077,3.174867323697383e-06,5.989653284035663e-07,5.464714197533259e-06,3.459988659823734e-07,1.5063505998114124e-11,1.2077318074950364e-13,1.618954092581516e-06,3.3369975522154696e-07,9.427350754614255e-06,5.30058551109085,1.0772250989017007,0.0
256,3800,4.141470930463775,3.1340622497080128e-06,5.91267109218107e-07,5.394162748763648e-06,3.4153189472178716e-07,1.460875864722766e-11,1.171271979344243e-13,1.5980422563834484e-06,3.293893954327768e-07,9.30506394955227e-06,5.300585519970412,1.0772251003725617,0.0
256,3804,4.145830373548474,3.093786317724705e-06,5.836687171067014e-07,5.324530722205273e-06,3.371231367603685e-07,1.4210854715202004e-11,1.1393696297122984e-13,1.577403092240139e-06,3.2513523896585843e-07,9.184379055995999e-06,5.300585528725436,1.0772251018239154,0.0
256,3808,4.150189816633173,3.0540325983530173e-06,5.761688447810144e-07,5.255806012357624e-06,3.3277182563727486e-07,1.3869794202037156e-11,1.1120247585992033e-13,1.5570330079014686e-06,3.2093654538411666e-07,9.065274856433502e-06,5.300585537357684,1.077225103256023,0.0
256,3812,4.1545492597178715,3.0147942539133863e-06,5.687662022554914e-07,5.187976674874716e-06,3.2847720509517666e-07,1.34718902700115e-11,1.080122408967259e-13,1.5369284589693108e-06,3.167925841141569e-07,8.947730427510576e-06,5.300585545868891,1.077225104669142,0.0
256,3816,4.15890870280257,2.9760645372025647e-06,5.61459516613693e-07,5.121030924390904e-06,3.242385289425988e-07,1.318767317570746e-11,1.057335016373013e-13,1.5170859482520242e-06,3.1270263431281246e-07,8.831725128512078e-06,5.3005855542607705,1.0772251060635267,0.0
256,3820,4.163268145887269,2.937836790242809e-06,5.542475317723192e-07,5.054957132287483e-06,3.2005506091251256e-07,1.2846612662542611e-11,1.0299901452599178e-13,1.4975020251001287e-06,3.086659847302141e-07,8.717238585268317e-06,5.30058556253501,1.0772251074394286,0.0
256,3824,4.167627588971968,2.9001044433490395e-06,5.471290083052207e-07,4.989743825051885e-06,3.1592607455844813e-07,1.2448708730516955e-11,9.980877956279736e-14,1.4781732849190565e-06,3.046819336093576e-07,8.604250700827835e-06,5.30058557069327,1.077225108797094,0.0
256,3828,4.171987032056666,2.8628610135255963e-06,5.40102723140934e-07,4.925379681459987e-06,3.1185085307609215e-07,1.2107648217352107e-11,9.707429245148783e-14,1.459096368332469e-06,3.0074978851364625e-07,8.492741649931533e-06,5.300585578737193,1.0772251101367676,0.0
256,3832,4.176346475141365,2.826100103603012e-06,5.331674693998257e-07,4.8618535310140405e-06,3.0782868920438506e-07,1.1880274541908875e-11,9.525130104394816e-14,1.4402679607169607e-06,2.9686886623098414e-07,8.38269187013376e-06,5.300585586668395,1.0772251114586897,0.0
256,3836,4.180705918226064,2.789815400978623e-06,5.263220561564991e-07,4.799154351743154e-06,3.038588850862585e-07,1.1539214028744027e-11,9.251681393263864e-14,1.4216847915493967e-06,2.930384926392484e-07,8.27408205764281e-06,5.300585594488467,1.077225112763098,0.0
256,3840,4.1850653613107625,2.754000676568695e-06,5.195653082421033e-07,4.7372712683799204e-06,2.9994075215318824e-07,1.1311840353300795e-11,9.069382252509896e-14,1.403343633866084e-06,2.8925800259481374e-07,8.166893175442836e-06,5.30058560219898,1.0772251140502271,0.0
256,3844,4.189424804395461,2.718649783655964e-06,5.128960660269123e-07,4.676193550245493e-06,2.9607361099128774e-07,1.0970779840135947e-11,8.795933541378945e-14,1.3852413036318513e-06,2.855267398025064e-07,8.061106431133295e-06,5.300585609801483,1.0772251153203074,0.0
256,3848,4.19378424748016,2.683756656704502e-06,5.063131851967393e-07,4.615910609236915e-06,2.922567912138755e-07,1.0743406164692715e-11,8.613634400624977e-14,1.36737465914471e-06,2.81844056692893e-07,7.956703291748003e-06,5.300585617297502,1.0772251165735673,0.0
256,3852,4.198143690564859,2.6493153102905514e-06,4.998155365512304e-07,4.556411997874715e-06,2.884896313378586e-07,1.0345502232667059e-11,8.294610904305534e-14,1.349740600453714e-06,2.7820931430228907e-07,7.853665464928004e-06,5.300585624688539,1.0772251178102314,0.0
256,3856,4.202503133649557,2.615319838189683e-06,4.934020058316482e-07,4.497687407741634e-06,2.8477147868488044e-07,1.0174971976084635e-11,8.157886548740058e-14,1.3323360688967744e-06,2.746218821774934e-07,7.751974911671114e-06,5.3005856319760785,1.0772251190305218,0.0
256,3860,4.206862576734256,2.5817644121745054e-06,4.870714934940504e-07,4.439726667317409e-06,2.811016892442299e-07,9.890754881780595e-12,7.930012622797598e-14,1.3151580464560213e-06,2.7108113824291456e-07,7.65161382414792e-06,5.300585639161581,1.0772251202346574,0.0
256,3864,4.211222019818955,2.548643280996598e-06,4.808229145172227e-07,4.3825197402167625e-06,2.774796275612796e-07,9.606537787476555e-12,7.702138696855138e-14,1.2982035552354879e-06,2.675864686929112e-07,7.552564641803302e-06,5.300585646246488,1.077225121422854,0.0
256,3868,4.215581462903653,2.5159507694037346e-06,4.7465519821726955e-07,4.326056723419626e-06,2.73904666625432e-07,9.43600753089413e-12,7.565414341289662e-14,1.2814696569342104e-06,2.64137267883187e-07,7.45481003259818e-06,5.300585653232221,1.0772251225953249,0.0
256,3872,4.219940905988352,2.4836812770588127e-06,4.6856728804366167e-07,4.270327845397018e-06,2.7037618775145973e-07,9.15179043659009e-12,7.337540415347202e-14,1.2649534522905786e-06,2.6073293821625947e-07,7.358332895892108e-06,5.300585660120177,1.0772251237522799,0.0
256,3876,4.224300349073051,2.4518292775615877e-06,4.6255814139467745e-07,4.215323464348498e-06,2.668935804679094e-07,8.924416761146858e-12,7.155241274593235e-14,1.2486520805575582e-06,2.573728900332932e-07,7.263116364004139e-06,5.300585666911738,1.0772251248939262,0.0
256,3880,4.22865979215775,2.4203893174439035e-06,4.5662672942784505e-07,4.161034066464994e-06,2.6345624240711255e-07,8.753886504564434e-12,7.018516919027759e-14,1.2325627189877996e-06,2.5405654150796956e-07,7.169143792414361e-06,5.300585673608264,1.0772251260204684,0.0
256,3884,4.233019235242448,2.3893560153522913e-06,4.5077203690573284e-07,4.107450264439038e-06,2.6006357921086094e-07,8.412825991399586e-12,6.745068207896808e-14,1.2166825823895342e-06,2.507833185549481e-07,7.076398757519016e-06,5.300585680211096,1.0772251271321085,0.0
256,3888,4.237378678327147,2.3587240608300372e-06,4.4499306196617597e-07,4.054562795368042e-06,2.5671500439765245e-07,8.29913915367797e-12,6.653918637519823e-14,1.201008922505412e-06,2.475526547018321e-07,6.984865054035614e-06,5.300585686721557,1.0772251282290448,0.0
256,3892,4.241738121411846,2.328488213508456e-06,4.392888159697038e-07,4.00236251928111e-06,2.534099392694161e-07,8.071765478234738e-12,6.471619496765856e-14,1.1855390275733644e-06,2.443639909986533e-07,6.894526699296611e-06,5.300585693140947,1.0772251293114745,0.0
256,3896,4.246097564496544,2.2986433022219113e-06,4.3365832333258085e-07,3.950840417607206e-06,2.501478128145237e-07,7.844391802791506e-12,6.289320356011888e-14,1.1702702218725129e-06,2.412167759242747e-07,6.80536791493568e-06,5.300585699470555,1.0772251303795906,0.0
256,3900,4.250457007581243,2.26918422392211e-06,4.2810062132197904e-07,3.899987591241248e-06,2.4692806158534467e-07,7.673861546209082e-12,6.152596000446412e-14,1.1551998651480817e-06,2.3811046526785262e-07,6.7173731406012255e-06,5.300585705711644,1.0772251314335846,0.0
256,3904,4.254816450665942,2.240105943031077e-06,4.2261475993391153e-07,3.849795259428083e-06,2.437501296275846e-07,7.503331289626658e-12,6.015871644880936e-14,1.140325352280699e-06,2.3504452206067338e-07,6.630527021990313e-06,5.300585711865463,1.0772251324736448,0.0
256,3908,4.2591758937506405,2.211403490193992e-06,4.171998016579445e-07,3.8002547575081655e-06,2.406134683375529e-07,7.219114195322618e-12,5.787997718938477e-14,1.1256441126149622e-06,2.3201841643775648e-07,6.544814403136972e-06,5.300585717933243,1.0772251334999572,0.0
256,3912,4.263535336835339,2.1830719616581583e-06,4.118548213600345e-07,3.7513575358914374e-06,2.3751753639719387e-07,7.105427357601002e-12,5.696848148561492e-14,1.1111536096568838e-06,2.2903162557549218e-07,6.460220341795149e-06,5.300585723916196,1.0772251345127053,0.0
256,3916,4.267894779920038,2.155106518364138e-06,4.065789061110637e-07,3.7030951584113376e-06,2.3446179966987054e-07,6.934897101018578e-12,5.5601237929960166e-14,1.0968513405835461e-06,2.260836335905711e-07,6.376730087132375e-06,5.30058572981552,1.0772251355120699,0.0
256,3920,4.272254223004737,2.1275023850161153e-06,4.013711550114558e-07,3.6554593006680686e-06,2.3144573109546847e-07,6.707523425575346e-12,5.377824652242049e-14,1.0827348357504029e-06,2.2317393143842902e-07,6.2943290816945e-06,5.300585735632393,1.0772251364982297,0.0
256,3924,4.276613666089435,2.100254849148034e-06,3.9623067901499526e-07,3.608441748452317e-06,2.284688105905937e-07,6.59383658785373e-12,5.286675081865065e-14,1.0688016582253511e-06,2.2030201681720943e-07,6.213002974040171e-06,5.300585741367975,1.0772251374713606,0.0
256,3928,4.280973109174134,2.0733592606221567e-06,3.911566008342263e-07,3.5620343967704847e-06,2.2553052498685488e-07,6.423306331271306e-12,5.149950726299589e-14,1.05504940349623e-06,2.1746739410747315e-07,6.132737592175943e-06,5.300585747023414,1.077225138431637,0.0
256,3932,4.285332552258833,2.0468110303891676e-06,3.8614805470653573e-07,3.5162292477230953e-06,2.2263036789653454e-07,6.139089236967266e-12,4.92207680035713e-14,1.0414756988427195e-06,2.1466957424273354e-07,6.053518955889475e-06,5.3005857525998366,1.0772251393792294,0.0
256,3936,4.2896919953435315,2.0206056299090825e-06,3.81204186284903e-07,3.471018409471664e-06,2.1976783964717633e-07,6.139089236967266e-12,4.92207680035713e-14,1.0280782030290634e-06,2.119080746461206e-07,5.975333283956817e-06,5.300585758098358,1.0772251403143076,0.0
256,3940,4.29405143842823,1.9947385902645468e-06,3.763241524706162e-07,3.426394094645616e-06,2.16942447180719e-07,5.8548721426632255e-12,4.69420287441467e-14,1.0148546058298881e-06,2.0918241913264227e-07,5.898166956371561e-06,5.3005857635200755,1.0772251412370377,0.0
256,3944,4.298410881512929,1.969205501448649e-06,3.7150712127891234e-07,3.382348619134753e-06,2.1415370397704108e-07,5.7980287238024175e-12,4.648628089226178e-14,1.0018026276730875e-06,2.0649213783557576e-07,5.822006553194107e-06,5.30058576886607,1.0772251421475851,0.0
256,3948,4.302770324597628,1.944002011534515e-06,3.667522716823142e-07,3.3388744005651148e-06,2.1140112995746023e-07,5.6274984672199935e-12,4.511903733660702e-14,9.889200191851284e-07,2.0383676711274562e-07,5.746838822395766e-06,5.300585774137407,1.0772251430461117,0.0
256,3952,4.307129767682326,1.91912382576613e-06,3.6205879343910624e-07,3.2959639567554462e-06,2.0868425138700406e-07,5.4569682106375694e-12,4.375179378095226e-14,9.76204560734497e-07,2.0121584945241872e-07,5.672650692694016e-06,5.300585779335141,1.077225143932778,0.0
256,3956,4.311489210767025,1.8945667060626889e-06,3.574258869998262e-07,3.25360990480697e-06,2.0600260081677915e-07,5.343281372915953e-12,4.284029807718242e-14,9.636540621601403e-07,1.9862893341733021e-07,5.599429266607e-06,5.3005857844603055,1.0772251448077417,0.0
256,3960,4.315848653851724,1.8703264700666723e-06,3.528527633276768e-07,3.211804959454036e-06,2.0335571697954216e-07,5.229594535194337e-12,4.1928802373412584e-14,9.512663622824831e-07,1.960755735438945e-07,5.527161821643188e-06,5.300585789513923,1.0772251456711588,0.0
256,3964,4.3202080969364225,1.8463989904369192e-06,3.483386437651578e-07,3.1705419317734403e-06,2.0074314470798037e-07,5.115907697472721e-12,4.1017306669642746e-14,9.390393285185979e-07,1.9355533026288334e-07,5.455835795494454e-06,5.3005857944970005,1.0772251465231835,0.0
256,3968,4.324567540021121,1.8227801941947004e-06,3.4388275991069725e-07,3.1298137280688163e-06,1.9816443486407675e-07,5.002220859751105e-12,4.010581096587291e-14,9.269708565520405e-07,1.910677698313725e-07,5.385438801778587e-06,5.3005857994105305,1.077225147363967,0.0
256,3972,4.32892698310582,1.7994660619470151e-06,3.3948435347212005e-07,3.089613348494742e-06,1.956191442519951e-07,4.774847184307873e-12,3.828281955833323e-14,9.150588699239412e-07,1.8861246424845714e-07,5.315958617315316e-06,5.300585804255491,1.0772251481936592,0.0
256,3976,4.333286426190519,1.7764526272123732e-06,3.3514267613945094e-07,3.0499338858699607e-06,1.9310683554293917e-07,4.661160346586257e-12,3.737132385456339e-14,9.033013196805442e-07,1.861889911826024e-07,5.247383179424808e-06,5.300585809032849,1.0772251490124078,0.0
256,3980,4.337645869275217,1.7537359755056624e-06,3.308569894122671e-07,3.010768524064346e-06,1.9062707717302315e-07,4.604316927725449e-12,3.691557600267847e-14,8.916961838940802e-07,1.837969338728854e-07,5.179700582970752e-06,5.300585813743554,1.0772251498203584,0.0
256,3984,4.342005312359916,1.7313122439917764e-06,3.266265645343523e-07,2.9721105373710363e-06,1.8817944330351822e-07,4.547473508864641e-12,3.6459828150793554e-14,8.802414674757083e-07,1.814358810904388e-07,5.112899087011684e-06,5.300585818388543,1.0772251506176547,0.0
256,3988,4.346364755444615,1.7091776205377465e-06,3.224506823148735e-07,2.933953288868839e-06,1.8576351371716816e-07,4.376943252282217e-12,3.5092584595138793e-14,8.689352016901739e-07,1.7910542703841162e-07,5.046967108945317e-06,5.300585822968742,1.0772251514044386,0.0
256,3992,4.3507241985293135,1.68732834316338e-06,3.18328633024739e-07,2.8962902294276387e-06,1.8337887375521657e-07,4.263256414560601e-12,3.4181088891368955e-14,8.577754438595243e-07,1.768051712908991e-07,4.981893207950801e-06,5.30058582748506,1.07722515218085,0.0
256,3996,4.355083641614012,1.6657606992770923e-06,3.1425971625243206e-07,2.859114896388661e-06,1.8102511423384776e-07,4.092726157978177e-12,3.28138453357142e-14,8.467602769719931e-07,1.745347187123257e-07,4.917666108717981e-06,5.300585831938398,1.077225152947027,0.0
256,4000,4.359443084698711,1.6444710251958782e-06,3.1024324081344937e-07,2.8224209126810614e-06,1.7870183138825333e-07,4.035882739117369e-12,3.235809748382928e-14,8.358878094183774e-07,1.7229367940310694e-07,4.854274679075144e-06,5.300585836329639,1.0772251537031055,0.0
256,4004,4.36380252778341,1.623455705333438e-06,3.062785245971341e-07,2.7862019854294673e-06,1.7640862678446887e-07,3.979039320256561e-12,3.1902349631944356e-14,8.251561745796924e-07,1.7008166861465657e-07,4.791707931368195e-06,5.300585840659658,1.0772251544492202,0.0
256,4008,4.368161970868108,1.6027111716243907e-06,3.0236489445804903e-07,2.7504519049173746e-06,1.7414510725374097e-07,3.808509063674137e-12,3.05351060762896e-14,8.145635305185544e-07,1.6789830668577422e-07,4.729955032869135e-06,5.300585844929315,1.0772251551855034,0.0
256,4012,4.372521413952807,1.5822339027007616e-06,2.9850168606061406e-07,2.7151645431522217e-06,1.7191088480167495e-07,3.637978807091713e-12,2.916786252063484e-14,8.041080595535012e-07,1.657432189549042e-07,4.6690052905665406e-06,5.300585849139457,1.077225155912086,0.0
256,4016,4.376880857037506,1.5620204237490784e-06,2.9468824385214604e-07,2.6803338536024105e-06,1.6970557659158435e-07,3.637978807091713e-12,2.916786252063484e-14,7.937879681805219e-07,1.63616035743961e-07,4.608848152582011e-06,5.300585853290922,1.077225156629097,0.0
256,4020,4.3812403001222044,1.5420673054203284e-06,2.9092392085721316e-07,2.645953869291483e-06,1.6752880482382344e-07,3.467448550509289e-12,2.7800618964980083e-14,7.836014865074636e-07,1.61516392241749e-07,4.549473207137802e-06,5.300585857384534,1.0772251573366631,0.0
256,4024,4.385599743206903,1.5223711633105673e-06,2.872080785796476e-07,2.612018701863107e-06,1.6538019667658674e-07,3.467448550509289e-12,2.7800618964980083e-14,7.735468679756625e-07,1.5944392844658482e-07,4.490870180441841e-06,5.300585861421106,1.0772251580349106,0.0
256,4028,4.389959186291602,1.5029286576446074e-06,2.835400869428702e-07,2.578522541052627e-06,1.6325938427245022e-07,3.353761712787673e-12,2.6889123261210245e-14,7.636223892039325e-07,1.5739828913414027e-07,4.433028938121114e-06,5.300585865401439,1.077225158723963,0.0
256,4032,4.394318629376301,1.483736492327447e-06,2.7991932411093513e-07,2.545459652990304e-06,1.611660045709409e-07,3.240074875066057e-12,2.5977627557440406e-14,7.53826349483754e-07,1.5537912375339028e-07,4.3759394756916135e-06,5.300585869326323,1.0772251594039426,0.0
256,4036,4.398678072460999,1.4647914146559452e-06,2.763451764341348e-07,2.5128243797060925e-06,1.5909969933718156e-07,3.126388037344441e-12,2.5066131853670568e-14,7.441570706326035e-07,1.5338608639638113e-07,4.319591928116937e-06,5.300585873196535,1.0772251600749703,0.0
256,4040,4.403037515545698,1.446090214555656e-06,2.728170383050222e-07,2.480611137799713e-06,1.5706011505768636e-07,3.069544618483633e-12,2.461038400178565e-14,7.34612896599417e-07,1.5141883571690838e-07,4.263976553674338e-06,5.300585877012846,1.0772251607371643,0.0
256,4044,4.407396958630397,1.4276297240308118e-06,2.6933431205464545e-07,2.4488144174482755e-06,1.550469028775284e-07,3.069544618483633e-12,2.461038400178565e-14,7.251921931690687e-07,1.494770348696038e-07,4.20908374372868e-06,5.300585880776012,1.077225161390643,0.0
256,4048,4.411756401715095,1.4094068167119676e-06,2.658964078672075e-07,2.4174287816175574e-06,1.530597185504018e-07,3.069544618483633e-12,2.461038400178565e-14,7.158933477283804e-07,1.475603514617051e-07,4.154904018943955e-06,5.300585884486777,1.0772251620355213,0.0
256,4052,4.416115844799794,1.3914184072682847e-06,2.625027436691881e-07,2.3864488650552306e-06,1.5109822237487773e-07,2.8990143619012088e-12,2.324314044613089e-14,7.067147689680249e-07,1.4566845749161212e-07,4.101428020511252e-06,5.300585888145879,1.0772251626719136,0.0
256,4056,4.420475287884493,1.3736614507331729e-06,2.59152745002121e-07,2.355869373050432e-06,1.4916207911586642e-07,2.8421709430404007e-12,2.278739259424597e-14,6.9765488651238e-07,1.438010292725921e-07,4.048646521777458e-06,5.300585891754042,1.0772251632999326,0.0
256,4060,4.4248347309691916,1.3561329420943727e-06,2.5584584494525914e-07,2.3256850807858536e-06,1.4725095796359485e-07,2.7853275241795927e-12,2.233164474236105e-14,6.887121507295224e-07,1.4195774739361546e-07,3.996550406906968e-06,5.300585895311982,1.0772251639196897,0.0
256,4064,4.42919417405389,1.3388299158156662e-06,2.525814840253416e-07,2.295890832422639e-06,1.4536453247566673e-07,2.6716406864579767e-12,2.142014903859121e-14,6.798850324570494e-07,1.4013829666284216e-07,3.945130695121913e-06,5.300585898820402,1.0772251645312945,0.0
256,4068,4.433553617138589,1.3217494452776454e-06,2.4935911011108975e-07,2.2664815401558166e-06,1.4350248051725727e-07,2.6147972675971687e-12,2.0964401186706292e-14,6.711720227228589e-07,1.383423660500685e-07,3.894378507931189e-06,5.300585902279997,1.0772251651348552,0.0
256,4072,4.437913060223288,1.304888642090756e-06,2.461781782836073e-07,2.237452183013885e-06,1.4166448418510883e-07,2.5579538487363607e-12,2.0508653334821373e-14,6.625716323889211e-07,1.3656964861330136e-07,3.8442850998780945e-06,5.300585905691453,1.0772251657304786,0.0
256,4076,4.442272503307986,1.2882446556958673e-06,2.430381507610243e-07,2.2087978061263326e-06,1.398502297611538e-07,2.4442670110147446e-12,1.9597157631051535e-14,6.540823919327784e-07,1.348198414537206e-07,3.7948418351645856e-06,5.300585909055447,1.07722516631827,0.0
256,4080,4.446631946392685,1.271814673108011e-06,2.3993849685015174e-07,2.1805135203000377e-06,1.3805940768569432e-07,2.3874235921539366e-12,1.9141409779166615e-14,6.45702851322644e-07,1.330926456899346e-07,3.7460401901634173e-06,5.3005859123726395,1.0772251668983333,0.0
256,4084,4.450991389477384,1.2555959179861975e-06,2.3687869277099393e-07,2.1525945003852385e-06,1.3629171245394362e-07,2.3874235921539366e-12,1.9141409779166615e-14,6.374315795322121e-07,1.3138776635797228e-07,3.6978717567371895e-06,5.300585915643692,1.077225167470771,0.0
256,4088,4.4553508325620825,1.2395856504275128e-06,2.3385822161790377e-07,2.1250359848864145e-06,1.3454684259138888e-07,2.3305801732931286e-12,1.8685661927281696e-14,6.292671644242239e-07,1.2970491238728404e-07,3.6503282412847067e-06,5.300585918869249,1.0772251680356844,0.0
256,4092,4.459710275646781,1.223781166521803e-06,2.3087657327556986e-07,2.0978332751978933e-06,1.328245006053936e-07,2.2737367544323206e-12,1.8229914075396777e-14,6.212082125240868e-07,1.280437965540798e-07,3.603401449507978e-06,5.300585922049948,1.077225168593173,0.0
256,4096,4.46406971873148,1.208179797618824e-06,2.279332442807584e-07,2.0709817343154797e-06,1.3112439290362427e-07,2.2737367544323206e-12,1.8229914075396777e-14,6.132533486372911e-07,1.264041354024707e-07,3.5570833094520315e-06,5.30058592518642,1.0772251691433359,0.0
256,4100,4.468429161816179,1.1927789100223367e-06,2.2502773776460147e-07,2.0444767863160707e-06,1.2944622976110224e-07,2.1600499167107046e-12,1.731841837162694e-14,6.054012156954541e-07,1.2478564921273575e-07,3.511365845563024e-06,5.300585928279283,1.0772251696862698,0.0
256,4104,4.472788604900877,1.1775759046186953e-06,2.221595633825273e-07,2.018313915661224e-06,1.277897252761089e-07,2.1032064978498966e-12,1.686267051974202e-14,5.976504745480894e-07,1.2318806195840112e-07,3.466241192884585e-06,5.30058593132915,1.0772251702220708,0.0
256,4108,4.477148047985576,1.1625682164112972e-06,2.1932823722643015e-07,1.992488666409232e-06,1.2615459732029836e-07,2.1032064978498966e-12,1.686267051974202e-14,5.899998037296346e-07,1.2161110125821962e-07,3.4217015904659975e-06,5.30058593433662,1.0772251707508331,0.0
256,4112,4.481507491070275,1.1477533136849345e-06,2.165332816670184e-07,1.966996640753968e-06,1.2454056744618413e-07,1.9895196601282805e-12,1.5951174815972178e-14,5.824478990258156e-07,1.2005449828678982e-07,3.3777393724096124e-06,5.300585937302292,1.0772251712726504,0.0
256,4116,4.4858669341549735,1.1331286980091773e-06,2.137742253544527e-07,1.9418334990141377e-06,1.2294736088645866e-07,1.9326762412674725e-12,1.549542696408726e-14,5.749934734699149e-07,1.1851798777378646e-07,3.3343469916039462e-06,5.300585940226749,1.0772251717876147,0.0
256,4120,4.490226377239672,1.1186919038255612e-06,2.1105060314046548e-07,1.916994958912708e-06,1.2137470650837025e-07,1.9895196601282805e-12,1.5951174815972178e-14,5.676352571289655e-07,1.170013079598909e-07,3.291516980295543e-06,5.300585943110567,1.0772251722958168,0.0
256,4124,4.494585820324371,1.1044404975299432e-06,2.0836195590523975e-07,1.8924767939642658e-06,1.1982233671161877e-07,1.8758328224066645e-12,1.503967911220234e-14,5.603719966248919e-07,1.1550420049808826e-07,3.2492419850187125e-06,5.300585945954317,1.0772251727973459,0.0
256,4128,4.49894526340907,1.0903720775955427e-06,2.0570783058062173e-07,1.8682748336875786e-06,1.1828998744181356e-07,1.8189894035458565e-12,1.458393126031742e-14,5.532024551975135e-07,1.1402641046665386e-07,3.207514738245732e-06,5.3005859487585605,1.0772251732922908,0.0
256,4132,4.503304706493768,1.0764842738018243e-06,2.0308778000464316e-07,1.8443849622692446e-06,1.1677739810586267e-07,1.8189894035458565e-12,1.458393126031742e-14,5.461254123083433e-07,1.125676862874878e-07,3.166328077693227e-06,5.300585951523851,1.0772251737807388,0.0
256,4136,4.507664149578467,1.062774746856988e-06,2.0050136285030098e-07,1.8208031178883885e-06,1.152843115292157e-07,1.7053025658242404e-12,1.3672435556547582e-14,5.391396634396761e-07,1.111277796847031e-07,3.125674933692215e-06,5.3005859542507325,1.0772251742627759,0.0
256,4140,4.512023592663166,1.0492411881864705e-06,1.9794814358565616e-07,1.7975252923310137e-06,1.1381047393144658e-07,1.5916157281026244e-12,1.2760939852777744e-14,5.322440199796174e-07,1.0970644566092762e-07,3.0855483220293917e-06,5.300585956939743,1.077225174738487,0.0
256,4144,4.5163830357478645,1.0358813193645092e-06,1.954276923665937e-07,1.7745475300197127e-06,1.1235563486481957e-07,1.5916157281026244e-12,1.2760939852777744e-14,5.254373089349074e-07,1.0830344243811132e-07,3.045941361275885e-06,5.300585959591414,1.0772251752079556,0.0
256,4148,4.520742478832563,1.0226928917302789e-06,1.9293958496440345e-07,1.7518659273182124e-06,1.1091954717025646e-07,1.5916157281026244e-12,1.2760939852777744e-14,5.187183727237286e-07,1.069185314148195e-07,3.006847258504199e-06,5.3005859622062665,1.0772251756712647,0.0
256,4152,4.525101921917262,1.009673686049359e-06,1.904834027019131e-07,1.7294766319415971e-06,1.0950196693999482e-07,1.6484591469634324e-12,1.3216687704662663e-14,5.120860690007478e-07,1.0555147713017046e-07,2.9682593039529416e-06,5.300585964784817,1.0772251761284957,0.0
256,4156,4.529461365001961,9.968215120506283e-07,1.8805873236611947e-07,1.7073758421680818e-06,1.0810265346768131e-07,1.4779288903810084e-12,1.1849444149007905e-14,5.055392704239028e-07,1.0420204721576544e-07,2.9301708832880563e-06,5.300585967327573,1.077225176579729,0.0
256,4160,4.533820808086659,9.841342081252656e-07,1.8566516615140257e-07,1.6855598062673504e-06,1.0672136921217696e-07,1.5347723092418164e-12,1.2305192000892824e-14,4.990768644832516e-07,1.0287001236041082e-07,2.892575471979011e-06,5.300585969835035,1.077225177025044,0.0
256,4164,4.538180251171358,9.716096407837818e-07,1.8330230155709e-07,1.664024821580102e-06,1.0535787973927843e-07,1.4779288903810084e-12,1.1849444149007905e-14,4.926977532287611e-07,1.0155514625400989e-07,2.855466617885168e-06,5.300585972307697,1.0772251774645194,0.0
256,4168,4.542539694256057,9.592457046234252e-07,1.8096974138130781e-07,1.6427672344510466e-06,1.0401195371747573e-07,1.4779288903810084e-12,1.1849444149007905e-14,4.864008532500956e-07,1.0025722558339679e-07,2.818837973328473e-06,5.300585974746046,1.0772251778982322,0.0
256,4172,4.5468991373407555,9.470403216582103e-07,1.7866709359458472e-07,1.6217834390465602e-06,1.026833628430919e-07,1.3642420526593924e-12,1.0937948445238065e-14,4.801850953253661e-07,9.897602995993646e-08,2.782683258572646e-06,5.300585977150563,1.0772251783262583,0.0
256,4176,4.551258580425454,9.349914409694401e-07,1.763939712739203e-07,1.6010698767482585e-06,1.0137188180188709e-07,1.3642420526593924e-12,1.0937948445238065e-14,4.7404942424131314e-07,9.771134188246072e-08,2.7469962866005713e-06,5.30058597952172,1.0772251787486733,0.0
256,4180,4.555618023510153,9.230970384513998e-07,1.741499925548079e-07,1.580623035723377e-06,1.0007728824185712e-07,1.2505552149377763e-12,1.0026452741468227e-14,4.679927986663058e-07,9.64629467110907e-08,2.7117709450633047e-06,5.300585981859983,1.0772251791655516,0.0
256,4184,4.559977466594852,9.113551164999639e-07,1.7193478057248787e-07,1.5604394503503463e-06,9.879936273686378e-08,1.3073986337985843e-12,1.0482200593353146e-14,4.6201419097887924e-07,9.523063263189487e-08,2.677001206583759e-06,5.300585984165813,1.0772251795769663,0.0
256,4188,4.56433690967955,8.997637034637164e-07,1.697479633583966e-07,1.5405157002573262e-06,9.753788872575943e-08,1.2505552149377763e-12,1.0026452741468227e-14,4.5611258698233744e-07,9.401419059806286e-08,2.6426811239599377e-06,5.300585986439662,1.0772251799829895,0.0
256,4192,4.568696352764249,8.883208534618115e-07,1.6758917380580457e-07,1.5208484100359216e-06,9.6292652494261e-08,1.1937117960769683e-12,9.570704889583308e-15,4.502869858208586e-07,9.281341431261303e-08,2.6088048212069542e-06,5.30058598868198,1.0772251803836925,0.0
256,4196,4.573055795848948,8.770246461346696e-07,1.6545804962278303e-07,1.5014342487609463e-06,9.506344314454378e-08,1.1937117960769683e-12,9.570704889583308e-15,4.445363998355097e-07,9.162810019871405e-08,2.5753665097028674e-06,5.300585990893205,1.0772251807791455,0.0
256,4200,4.577415238933646,8.658731860628385e-07,1.633542332225673e-07,1.4822699289997866e-06,9.38500525325191e-08,1.1937117960769683e-12,9.570704889583308e-15,4.388598542710925e-07,9.045804733925991e-08,2.542360475829266e-06,5.3005859930737715,1.0772251811694182,0.0
256,4204,4.581774682018345,8.548646026046306e-07,1.6127737169292562e-07,1.4633522065222e-06,9.26522752494603e-08,1.1368683772161603e-12,9.114957037698389e-15,4.332563871898133e-07,8.930305745907544e-08,2.509781072250713e-06,5.300585995224109,1.0772251815545792,0.0
256,4208,4.586134125103044,8.439970494852842e-07,1.59227116718651e-07,1.4446778795796122e-06,9.146990857637133e-08,1.0800249583553523e-12,8.65920918581347e-15,4.2772504925731915e-07,8.8162934880814e-08,2.4776227332320222e-06,5.3005859973446405,1.0772251819346959,0.0
256,4212,4.590493568187743,8.332687045803251e-07,1.572031245406906e-07,1.4262437885076538e-06,9.030275245882131e-08,1.0231815394945443e-12,8.20346133392855e-15,4.222649036241262e-07,8.703748650051736e-08,2.445879968360604e-06,5.300585999435781,1.0772251823098347,0.0
256,4216,4.594853011272441,8.226777694153377e-07,1.5520505586177337e-07,1.4080468148809768e-06,8.915060945343168e-08,1.0800249583553523e-12,8.65920918581347e-15,4.1687502567576343e-07,8.592652173611525e-08,2.4145473528099568e-06,5.300586001497943,1.0772251826800616,0.0
256,4220,4.59921245435714,8.122224690212575e-07,1.5323257581910966e-07,1.390083881241746e-06,8.801328471068557e-08,9.663381206337363e-13,7.74771348204363e-15,4.115545029515878e-07,8.482985251069143e-08,2.3836195397496595e-06,5.300586003531529,1.0772251830454413,0.0
256,4224,4.603571897441839,8.019010517342045e-07,1.5128535394662828e-07,1.3723519507330921e-06,8.689058595171993e-08,9.663381206337363e-13,7.74771348204363e-15,4.0630243503545703e-07,8.374729322994918e-08,2.3530912529927506e-06,5.300586005536939,1.077225183406038,0.0
256,4228,4.607931340526537,7.917117884641758e-07,1.493630640370091e-07,1.3548480258542776e-06,8.578232338950867e-08,9.094947017729282e-13,7.29196563015871e-15,4.011179331874106e-07,8.267866070629307e-08,2.322957273638101e-06,5.300586007514566,1.0772251837619153,0.0
256,4232,4.612290783611236,7.816529727838135e-07,1.4746538415842988e-07,1.3375691485932017e-06,8.468830973725226e-08,9.094947017729282e-13,7.29196563015871e-15,3.96000120382248e-07,8.162377416678086e-08,2.2932124703168962e-06,5.3005860094648,1.077225184113135,0.0
256,4236,4.616650226695935,7.717229205260926e-07,1.455919965786668e-07,1.320512399717148e-06,8.36083601634713e-08,9.663381206337363e-13,7.74771348204363e-15,3.90948131098848e-07,8.058245520969772e-08,2.263851764582159e-06,5.30058601138802,1.0772251844597587,0.0
256,4240,4.6210096697806335,7.619199693721444e-07,1.4374258768733376e-07,1.303674898074602e-06,8.254229224780117e-08,9.663381206337363e-13,7.74771348204363e-15,3.859611111137102e-07,7.955452776200102e-08,2.234870150396878e-06,5.300586013284606,1.0772251848018468,0.0
256,4244,4.625369112865332,7.522424788502618e-07,1.4191684799569481e-07,1.287053800551787e-06,8.148992597823993e-08,9.094947017729282e-13,7.29196563015871e-15,3.810382174866795e-07,7.853981807637777e-08,2.2062626897915155e-06,5.30058601515493,1.0772251851394594,0.0
256,4248,4.629728555950031,7.426888297949194e-07,1.4011447203460378e-07,1.2706463011593327e-06,8.045108369332076e-08,8.526512829121202e-13,6.836217778273791e-15,3.7617861829096777e-07,7.753815467559658e-08,2.178024505290347e-06,5.300586016999356,1.0772251854726558,0.0
256,4252,4.63408799903473,7.332574239722857e-07,1.3833515828385394e-07,1.2544496303785414e-06,7.942559004072073e-08,8.526512829121202e-13,6.836217778273791e-15,3.7138149241917775e-07,7.654936831252516e-08,2.1501507852095605e-06,5.3005860188182465,1.077225185801494,0.0
256,4256,4.638447442119428,7.23946684143868e-07,1.3657860918418518e-07,1.2384610552560076e-06,7.841327198325163e-08,8.526512829121202e-13,6.836217778273791e-15,3.666460296108359e-07,7.55732919758054e-08,2.1226367853742905e-06,5.300586020611958,1.0772251861260318,0.0
256,4260,4.642806885204127,7.147550534843909e-07,1.3484453102746193e-07,1.2226778783898994e-06,7.74139587346763e-08,7.958078640513122e-13,6.380469926388872e-15,3.6197143015168063e-07,7.460976082787055e-08,2.095477812902978e-06,5.300586022380842,1.0772251864463258,0.0
256,4264,4.647166328288826,7.056809956090392e-07,1.3313263396181276e-07,1.207097437968959e-06,7.642748176217797e-08,8.526512829121202e-13,6.836217778273791e-15,3.5735690488495473e-07,7.365861220727275e-08,2.0686692510203997e-06,5.300586024125245,1.0772251867624318,0.0
256,4268,4.6515257713735245,6.967229939761258e-07,1.3144263187893862e-07,1.1917171067447314e-06,7.545367472128675e-08,7.958078640513122e-13,6.380469926388872e-15,3.5280167490693725e-07,7.271968556592591e-08,2.0422065338227405e-06,5.300586025845508,1.0772251870744054,0.0
256,4272,4.655885214458223,6.87879551855861e-07,1.2977424240822095e-07,1.1765342919649224e-06,7.449237345166033e-08,7.958078640513122e-13,6.380469926388872e-15,3.4830497154677067e-07,7.179282246494769e-08,2.0160851588052384e-06,5.300586027541968,1.077225187382301,0.0
256,4276,4.660244657542922,6.791491919341615e-07,1.281271868419769e-07,1.1615464346880545e-06,7.354341593369116e-08,7.389644451905042e-13,5.924722074503953e-15,3.4386603616331207e-07,7.08778665327863e-08,1.990300682844446e-06,5.300586029214956,1.0772251876861723,0.0
256,4280,4.664604100627621,6.705304563080164e-07,1.2650119013458517e-07,1.14675100975303e-06,7.260664228657955e-08,6.821210263296962e-13,5.468974222619033e-15,3.39484120135364e-07,6.997466346320698e-08,1.964848719495946e-06,5.3005860308648005,1.0772251879860724,0.0
256,4284,4.668963543712319,6.620219057160959e-07,1.248959807573338e-07,1.1321455244623486e-06,7.168189468496132e-08,6.821210263296962e-13,5.468974222619033e-15,3.351584844718251e-07,6.908306093493587e-08,1.9397249430346616e-06,5.3005860324918235,1.0772251882820534,0.0
256,4288,4.673322986797018,6.536221199389108e-07,1.2331129077391363e-07,1.1177275192521715e-06,7.076901740133301e-08,7.389644451905042e-13,5.924722074503953e-15,3.308884000095753e-07,6.820290865244839e-08,1.9149250797626715e-06,5.3005860340963435,1.0772251885741675,0.0
256,4292,4.677682429881717,6.453296971590978e-07,1.2174685571973077e-07,1.103494566611716e-06,6.986785673763329e-08,6.252776074688882e-13,5.0132263707341134e-15,3.266731470940313e-07,6.733405828012498e-08,1.8904449169269169e-06,5.300586035678673,1.0772251888624653,0.0
256,4296,4.6820418729664155,6.371432537092522e-07,1.2020241455433314e-07,1.089444270604433e-06,6.897826099492618e-08,5.684341886080801e-13,4.557478518849194e-15,3.225120154357898e-07,6.647636341270248e-08,1.86628029382627e-06,5.300586037239124,1.0772251891469973,0.0
256,4300,4.686401316051114,6.290614239547011e-07,1.1867770963929468e-07,1.075574266690508e-06,6.810008046216285e-08,6.252776074688882e-13,5.0132263707341134e-15,3.184043040588614e-07,6.562967956460396e-08,1.842427112234407e-06,5.300586038777999,1.0772251894278129,0.0
256,4304,4.690760759135813,6.21082860042337e-07,1.1717248669083061e-07,1.061882221254923e-06,6.723316738630063e-08,6.821210263296962e-13,5.468974222619033e-15,3.143493211595261e-07,6.479386414084596e-08,1.8188813103553426e-06,5.300586040295599,1.0772251897049612,0.0
256,4308,4.695120202220512,6.132062315099641e-07,1.1568649470609742e-07,1.0483658309576962e-06,6.637737593116347e-08,5.684341886080801e-13,4.557478518849194e-15,3.103463839146022e-07,6.396877639751884e-08,1.7956389012775085e-06,5.30058604179222,1.0772251899784904,0.0
256,4312,4.69947964530521,6.054302254340875e-07,1.142194859910745e-07,1.0350228229738095e-06,6.553256219263301e-08,5.684341886080801e-13,4.557478518849194e-15,3.063948185520429e-07,6.315427745633802e-08,1.7726959349187286e-06,5.300586043268156,1.0772251902484482,0.0
256,4316,4.703839088389909,5.977535458025153e-07,1.127712160422003e-07,1.0218509539069105e-06,6.469858412986945e-08,5.684341886080801e-13,4.557478518849194e-15,3.0249396002890153e-07,6.23502302382662e-08,1.7500485174179403e-06,5.300586044723693,1.0772251905148817,0.0
256,4320,4.708198531474608,5.901749134865945e-07,1.1134144354113434e-07,1.0088480097143477e-06,6.387530156056516e-08,5.684341886080801e-13,4.557478518849194e-15,2.9864315200821053e-07,6.155649945874748e-08,1.727692807358756e-06,5.300586046159117,1.0772251907778376,0.0
256,4324,4.7125579745593065,5.826930658974409e-07,1.0992993028990219e-07,9.960118051422473e-07,6.306257612517655e-08,5.115907697472721e-13,4.101730666964275e-15,2.948417466925236e-07,6.077295159339702e-08,1.7056250169919577e-06,5.300586047574707,1.0772251910373614,0.0
256,4328,4.716917417644005,5.753067570133719e-07,1.085364412160708e-07,9.833401837530254e-07,6.2260271288666e-08,5.115907697472721e-13,4.101730666964275e-15,2.910891048314053e-07,5.999945487954488e-08,1.6838414020775365e-06,5.3005860489707395,1.0772251912934983,0.0
256,4332,4.721276860728704,5.68014756888826e-07,1.0716074428010216e-07,9.708310170680185e-07,6.146825228621743e-08,5.115907697472721e-13,4.101730666964275e-15,2.873845954670261e-07,5.923587926379774e-08,1.6623382671035463e-06,5.300586050347487,1.077225191546293,0.0
256,4336,4.725636303813403,5.60815851565953e-07,1.058026104586739e-07,9.584822044190967e-07,6.068638611384114e-08,4.547473508864641e-13,3.645982815079355e-15,2.837275958903306e-07,5.848209639300448e-08,1.641111973157547e-06,5.300586051705218,1.0772251917957893,0.0
256,4340,4.729995746898101,5.537088428536238e-07,1.044618137029878e-07,9.46291672564703e-07,5.991454150406334e-08,4.547473508864641e-13,3.645982815079355e-15,2.801174915271696e-07,5.773797959078551e-08,1.6201589198729533e-06,5.300586053044196,1.077225192042031,0.0
256,4344,4.7343551899828,5.466925481259478e-07,1.0313813090075829e-07,9.342573753039785e-07,5.915258890149448e-08,4.547473508864641e-13,3.645982815079355e-15,2.76553675822669e-07,5.700340383369889e-08,1.5994755611193887e-06,5.300586054364683,1.0772251922850604,0.0
256,4348,4.738714633067499,5.397658001660642e-07,1.0183134184674241e-07,9.223772932517535e-07,5.840040044858274e-08,4.547473508864641e-13,3.645982815079355e-15,2.7303555017604804e-07,5.627824573780498e-08,1.5790583888941444e-06,5.300586055666937,1.07722519252492,0.0
256,4352,4.7430740761521974,5.32927446860799e-07,1.0054122918513432e-07,9.106494332856851e-07,5.76578499506095e-08,5.684341886080801e-13,4.557478518849194e-15,2.695625237759141e-07,5.556238352471736e-08,1.5589039532249474e-06,5.300586056951211,1.0772251927616519,0.0
256,4356,4.747433519236896,5.261763510252755e-07,9.926757837647656e-08,8.990718282348002e-07,5.692481285596946e-08,4.547473508864641e-13,3.645982815079355e-15,2.661340135076716e-07,5.4855697002517856e-08,1.5390088408473405e-06,5.300586058217754,1.0772251929952967,0.0
256,4360,4.751792962321595,5.195113903321634e-07,9.801017768431232e-08,8.876425367431735e-07,5.6201166247539345e-08,5.115907697472721e-13,4.101730666964275e-15,2.6274944391264866e-07,5.415806755733174e-08,1.519369679790607e-06,5.300586059466815,1.0772251932258954,0.0
256,4364,4.756152405406294,5.129314568218057e-07,9.676881808276675e-08,8.763596424453084e-07,5.548678879046712e-08,3.979039320256561e-13,3.190234963194436e-15,2.5940824694442533e-07,5.346937810310192e-08,1.4999831543523252e-06,5.3005860606986355,1.0772251934534876,0.0
256,4368,4.760511848490992,5.064354571137124e-07,9.554329329644705e-08,8.652212543163655e-07,5.47815607543467e-08,5.115907697472721e-13,4.101730666964275e-15,2.5610986207212857e-07,5.27895131028802e-08,1.4808459827900022e-06,5.300586061913456,1.0772251936781132,0.0
256,4372,4.764871291575691,5.000223120717805e-07,9.433339973728345e-08,8.542255060855515e-07,5.408536397607663e-08,3.979039320256561e-13,3.190234963194436e-15,2.5285373610629807e-07,5.2118358532934634e-08,1.4619549300634213e-06,5.300586063111512,1.0772251938998112,0.0
256,4376,4.76923073466039,4.936909563041347e-07,9.313893641016989e-08,8.433705553740033e-07,5.339808180527517e-08,3.410605131648481e-13,2.7344871113095163e-15,2.4963932294343957e-07,5.145580183009669e-08,1.4433068043400769e-06,5.300586064293037,1.0772251941186197,0.0
256,4380,4.773590177745088,4.874403384051876e-07,9.195970495863067e-08,8.32654584100159e-07,5.2719599129946335e-08,3.979039320256561e-13,3.190234963194436e-15,2.4646608368574087e-07,5.080173191643721e-08,1.4248984468600654e-06,5.300586065458262,1.0772251943345774,0.0
256,4384,4.777949620829787,4.812694205876026e-07,9.079550959538735e-08,8.220757978582931e-07,5.2049802337131854e-08,3.979039320256561e-13,3.190234963194436e-15,2.4333348645736607e-07,5.0156039161400836e-08,1.4067267531927845e-06,5.300586066607412,1.0772251945477214,0.0
256,4388,4.782309063914486,4.751771785045895e-07,8.964615706883315e-08,8.116324255873066e-07,5.138857929194055e-08,3.410605131648481e-13,2.7344871113095163e-15,2.4024100630548046e-07,4.951861536140525e-08,1.3887886533285712e-06,5.300586067740712,1.0772251947580884,0.0
256,4392,4.786668506999185,4.691626011060215e-07,8.851145663588827e-08,8.013227193331417e-07,5.0735819322505615e-08,3.410605131648481e-13,2.7344871113095163e-15,2.37188125130206e-07,4.888935372540351e-08,1.3710811165231623e-06,5.300586068858381,1.0772251949657154,0.0
256,4396,4.791027950083883,4.6322469041961875e-07,8.739122002071838e-08,7.911449538671652e-07,5.009141319582254e-08,3.979039320256561e-13,3.190234963194436e-15,2.3417433157139884e-07,4.82681488515466e-08,1.3536011536948515e-06,5.300586069960637,1.077225195170638,0.0
256,4400,4.795387393168582,4.57362461472937e-07,8.628526140001703e-08,7.810974265323873e-07,4.945525310801241e-08,3.979039320256561e-13,3.190234963194436e-15,2.3119912096243578e-07,4.765489671765786e-08,1.3363458129201933e-06,5.300586071047694,1.077225195372892,0.0
256,4404,4.799746836253281,4.515749420233474e-07,8.519339735206417e-08,7.711784567946061e-07,4.882723265590259e-08,3.979039320256561e-13,3.190234963194436e-15,2.2826199519777543e-07,4.7049494653934607e-08,1.3193121846669548e-06,5.3005860721197635,1.077225195572512,0.0
256,4408,4.804106279337979,4.4586117232442126e-07,8.411544681265265e-08,7.613863858276937e-07,4.8207246810769106e-08,3.410605131648481e-13,2.7344871113095163e-15,2.2536246260967379e-07,4.645184131753668e-08,1.3024973926227434e-06,5.300586073177052,1.0772251957695334,0.0
256,4412,4.808465722422678,4.402202051894383e-07,8.30512310870695e-08,7.517195766129081e-07,4.759519192462454e-08,2.8421709430404007e-13,2.278739259424597e-15,2.2250003799727122e-07,4.5861836698581885e-08,1.2858986021897886e-06,5.300586074219767,1.0772251959639898,0.0
256,4416,4.812825165507377,4.3465110572412675e-07,8.200057379967529e-08,7.421764134807562e-07,4.6990965701211096e-08,3.410605131648481e-13,2.7344871113095163e-15,2.196742424909313e-07,4.5279382092183404e-08,1.2695130128912865e-06,5.30058607524811,1.0772251961559147,0.0
256,4420,4.8171846085920755,4.2915295106225603e-07,8.096330084402125e-08,7.327553016527187e-07,4.639446716698483e-08,3.979039320256561e-13,3.190234963194436e-15,2.1688460341636875e-07,4.4704380070443796e-08,1.2533378644002636e-06,5.300586076262281,1.0772251963453419,0.0
256,4424,4.821544051676774,4.237248304002738e-07,7.993924038938405e-08,7.234546673010043e-07,4.580559667489899e-08,2.8421709430404007e-13,2.278739259424597e-15,2.1413065431235837e-07,4.4136734486105156e-08,1.237370426141544e-06,5.300586077262476,1.077225196532304,0.0
256,4428,4.825903494761473,4.183658445610441e-07,7.892822279846117e-08,7.142729567708539e-07,4.522425585516417e-08,3.410605131648481e-13,2.7344871113095163e-15,2.1141193469943678e-07,4.35763504248738e-08,1.2216080097654053e-06,5.30058607824889,1.0772251967168331,0.0
256,4432,4.830262937846172,4.1307510616800636e-07,7.79300806602276e-08,7.052086369147089e-07,4.465034763640621e-08,3.410605131648481e-13,2.7344871113095163e-15,2.0872799018006253e-07,4.302313422606531e-08,1.2060479621947999e-06,5.300586079221714,1.0772251968989612,0.0
256,4436,4.83462238093087,4.078517392847378e-07,7.694464872193616e-08,6.962601944287713e-07,4.408377620366038e-08,3.979039320256561e-13,3.190234963194436e-15,2.060783722406192e-07,4.247699344179329e-08,1.190687659388923e-06,5.3005860801811355,1.07722519707872,0.0
256,4440,4.838981824015569,4.0269487923740817e-07,7.597176385562215e-08,6.87426135582115e-07,4.35244469812201e-08,2.8421709430404007e-13,2.278739259424597e-15,2.034626381723337e-07,4.193783682066904e-08,1.1755245144038621e-06,5.300586081127343,1.0772251972561409,0.0
256,4444,4.843341267100268,3.9760367279427756e-07,7.501126509196712e-08,6.787049864809368e-07,4.2972266649367983e-08,3.410605131648481e-13,2.7344871113095163e-15,2.0088035114805793e-07,4.140557432362778e-08,1.160555978182046e-06,5.300586082060517,1.0772251974312537,0.0
256,4448,4.8477007101849665,3.925772774213998e-07,7.406299347988106e-08,6.700952918190724e-07,4.242714306526468e-08,1.7053025658242404e-13,1.3672435556547582e-15,1.9833107985316732e-07,4.0880117047849295e-08,1.1457795273942554e-06,5.300586082980841,1.0772251976040892,0.0
256,4452,4.852060153269665,3.8761486174056527e-07,7.312679217289712e-08,6.615956156500436e-07,4.188898531183105e-08,2.8421709430404007e-13,2.278739259424597e-15,1.9581439871374193e-07,4.0361377273790725e-08,1.1311926770407383e-06,5.300586083888492,1.0772251977746772,0.0
256,4456,4.856419596354364,3.827156049695118e-07,7.220250632356281e-08,6.5320454041142e-07,4.13577036359756e-08,2.2737367544323206e-13,1.8229914075396775e-15,1.933298876071201e-07,3.984926840552571e-08,1.1167929783895786e-06,5.300586084783645,1.0772251979430474,0.0
256,4460,4.860779039439063,3.778786971056514e-07,7.128998311810142e-08,6.44920667244594e-07,4.083320946884103e-08,2.8421709430404007e-13,2.278739259424597e-15,1.9087713195675486e-07,3.9343704990296305e-08,1.1025779982740688e-06,5.300586085666475,1.0772251981092282,0.0
256,4464,4.865138482523761,3.7310333848948436e-07,7.038907169404661e-08,6.367426152558822e-07,4.031541537902085e-08,2.2737367544323206e-13,1.8229914075396775e-15,1.88455722513735e-07,3.884460267347988e-08,1.0885453553077003e-06,5.300586086537153,1.077225198273249,0.0
256,4468,4.86949792560846,3.683887399143198e-07,6.949962316094199e-08,6.2866902167686e-07,3.98042350827109e-08,2.8421709430404007e-13,2.278739259424597e-15,1.8606525540332585e-07,3.8351878208182215e-08,1.074692688231335e-06,5.300586087395845,1.0772251984351382,0.0
256,4472,4.873857368693159,3.637341223145093e-07,6.862149054152383e-08,6.206985413262606e-07,3.9299583409639504e-08,2.8421709430404007e-13,2.278739259424597e-15,1.837053319655045e-07,3.78654494223685e-08,1.0610176683294291e-06,5.300586088242721,1.0772251985949235,0.0
256,4476,4.8782168117778575,3.591387167166705e-07,6.775452876251896e-08,6.128298465466064e-07,3.880137629905525e-08,1.7053025658242404e-13,1.3672435556547582e-15,1.8137555873688164e-07,3.738523521513704e-08,1.0475179966014957e-06,5.3005860890779415,1.0772251987526322,0.0
256,4480,4.882576254862556,3.546017640651011e-07,6.68985946217077e-08,6.050616268773241e-07,3.830953077903027e-08,2.2737367544323206e-13,1.8229914075396775e-15,1.7907554735297213e-07,3.691115553657523e-08,1.0341914107428764e-06,5.30058608990167,1.0772251989082922,0.0
256,4484,4.886935697947255,3.50122515166684e-07,6.605354677752967e-08,5.973925889564871e-07,3.7823964960239017e-08,1.7053025658242404e-13,1.3672435556547582e-15,1.7680491451897093e-07,3.644313138173585e-08,1.021035665635831e-06,5.3005860907140665,1.0772251990619295,0.0
256,4488,4.891295141031954,3.4570023054229555e-07,6.521924572105084e-08,5.898214563012489e-07,3.734459802205641e-08,2.2737367544323206e-13,1.8229914075396775e-15,1.7456328194592676e-07,3.598108477748118e-08,1.0080485566980706e-06,5.300586091515285,1.0772251992135708,0.0
256,4492,4.895654584116652,3.413341800153499e-07,6.439555369833882e-08,5.823469685411313e-07,3.6871350164013404e-08,2.2737367544323206e-13,1.8229914075396775e-15,1.7235027612162726e-07,3.552493873525768e-08,9.9522790163766e-07,5.300586092305483,1.077225199363243,0.0
256,4496,4.900014027201351,3.3702364327336386e-07,6.358233481640692e-08,5.749678824247879e-07,3.640414266954031e-08,2.8421709430404007e-13,2.278739259424597e-15,1.7016552861021603e-07,3.5074617312853235e-08,9.825715509477564e-07,5.300586093084814,1.0772251995109712,0.0
256,4500,4.90437347028605,3.3276790888948313e-07,6.277945485861677e-08,5.676829701020438e-07,3.594289779719396e-08,1.7053025658242404e-13,1.3672435556547582e-15,1.6800867554209684e-07,3.463004550925592e-08,9.700773775450952e-07,5.3005860938534255,1.0772251996567812,0.0
256,4504,4.9087329133707485,3.2856627487778175e-07,6.198678138944027e-08,5.604910200852264e-07,3.548753884152452e-08,1.7053025658242404e-13,1.3672435556547582e-15,1.6587935789892266e-07,3.4191149323396117e-08,9.577432875691277e-07,5.300586094611468,1.0772251998006979,0.0
256,4508,4.913092356455447,3.244180483846342e-07,6.120418369623433e-08,5.533908367333525e-07,3.5037990100416665e-08,1.7053025658242404e-13,1.3672435556547582e-15,1.63777221361303e-07,3.3757855722755843e-08,9.455672135164551e-07,5.300586095359088,1.077225199942746,0.0
256,4512,4.917451799540146,3.203225453104003e-07,6.043153271786857e-08,5.463812395910037e-07,3.4594176833230474e-08,2.2737367544323206e-13,1.8229914075396775e-15,1.6170191611260656e-07,3.333009260292845e-08,9.335471129185745e-07,5.3005860960964295,1.07722520008295,0.0
256,4516,4.921811242624845,3.1627909052013313e-07,5.966870108447706e-08,5.394610637336474e-07,3.415602528266546e-08,1.7053025658242404e-13,1.3672435556547582e-15,1.5965309694068119e-07,3.29077888085852e-08,9.216809692390872e-07,5.3005860968236345,1.0772252002213347,0.0
256,4520,4.926170685709543,3.1228701753814526e-07,5.8915563059835856e-08,5.326291592500818e-07,3.3723462641991475e-08,2.2737367544323206e-13,1.8229914075396775e-15,1.5763042308480098e-07,3.249087410192791e-08,9.099667973875945e-07,5.300586097540844,1.077225200357923,0.0
256,4524,4.930530128794242,3.0834566842659214e-07,5.8171994518456537e-08,5.258843910362365e-07,3.3296417041993246e-08,1.7053025658242404e-13,1.3672435556547582e-15,1.5563355817467337e-07,3.2079279150117054e-08,8.984026331056211e-07,5.300586098248197,1.0772252004927392,0.0
256,4528,4.934889571878941,3.044543938746448e-07,5.743787296240951e-08,5.192256389311604e-07,3.287481755958042e-08,1.7053025658242404e-13,1.3672435556547582e-15,1.536621702701376e-07,3.167293553345444e-08,8.869865355687871e-07,5.300586098945828,1.0772252006258058,0.0
256,4532,4.939249014963639,3.006125528882778e-07,5.671307746279987e-08,5.126517971941781e-07,3.2458594184683665e-08,1.7053025658242404e-13,1.3672435556547582e-15,1.5171593170664403e-07,3.1271775713533337e-08,8.757165984169131e-07,5.300586099633874,1.0772252007571463,0.0
256,4536,4.943608458048338,2.9681951275114316e-07,5.5997488652385906e-08,5.061617744352591e-07,3.204767781584604e-08,1.7053025658242404e-13,1.3672435556547582e-15,1.497945190745496e-07,3.087573302897079e-08,8.645909295879065e-07,5.300586100312465,1.0772252008867829,0.0
256,4540,4.947967901133037,2.930746489412508e-07,5.529098870986024e-08,4.997544934497795e-07,3.164200024976087e-08,1.7053025658242404e-13,1.3672435556547582e-15,1.4789761316942982e-07,3.048474168516596e-08,8.53607674985382e-07,5.300586100981734,1.077225201014738,0.0
256,4544,4.952327344217736,2.8937734501888684e-07,5.459346133870462e-08,4.934288910614936e-07,3.12414941713295e-08,1.7053025658242404e-13,1.3672435556547582e-15,1.4602489894676932e-07,3.0098736744960864e-08,8.427649848063899e-07,5.30058610164181,1.0772252011410335,0.0
256,4548,4.956686787302434,2.8572699244599964e-07,5.390479173311559e-08,4.871839177627098e-07,3.0846093130878975e-08,1.7053025658242404e-13,1.3672435556547582e-15,1.4417606541371175e-07,2.9717654106327845e-08,8.320610535526335e-07,5.300586102292819,1.077225201265691,0.0
256,4552,4.961046230387133,2.8212299056735043e-07,5.3224866574448406e-08,4.810185377274246e-07,3.0455731544993666e-08,1.7053025658242404e-13,1.3672435556547582e-15,1.4235080563448915e-07,2.9341430503488622e-08,8.21494087759215e-07,5.300586102934887,1.0772252013887322,0.0
256,4556,4.965405673471832,2.7856474632713216e-07,5.2553573977754816e-08,4.7493172828443917e-07,3.007034466315556e-08,1.1368683772161603e-13,9.114957037698388e-16,1.4054881657301024e-07,2.8970003474468564e-08,8.110623184642642e-07,5.300586103568138,1.0772252015101782,0.0
256,4560,4.96976511655653,2.7505167452696736e-07,5.189080354045651e-08,4.689224803639389e-07,2.9689868596019505e-08,1.7053025658242404e-13,1.3672435556547582e-15,1.3876979922524867e-07,2.860331138838458e-08,8.00764005933424e-07,5.3005861041926945,1.07722520163005,0.0
256,4564,4.974124559641229,2.715831975002392e-07,5.123644628090494e-08,4.6298979796587844e-07,2.931424028175394e-08,2.2737367544323206e-13,1.8229914075396775e-15,1.3701345846272497e-07,2.8241293413183547e-08,7.905974256717128e-07,5.3005861048086755,1.0772252017483679,0.0
256,4568,4.978484002725928,2.6815874490714337e-07,5.059039459971613e-08,4.5713269776463137e-07,2.894339746100928e-08,1.7053025658242404e-13,1.3672435556547582e-15,1.3527950291394582e-07,2.7883889491204512e-08,7.805608777587764e-07,5.300586105416199,1.077225201865152,0.0
256,4572,4.9828434458106265,2.6477775385569563e-07,4.995254230259982e-08,4.5135020934357016e-07,2.857727869177035e-08,1.1368683772161603e-13,9.114957037698388e-16,1.3356764503478789e-07,2.753104035368623e-08,7.706526873064514e-07,5.300586106015385,1.0772252019804227,0.0
256,4576,4.987202888895325,2.614396686443723e-07,4.9322784551806345e-08,4.4564137474321494e-07,2.8215823320747388e-08,1.1368683772161603e-13,9.114957037698388e-16,1.3187760097433513e-07,2.7182687493113494e-08,7.608711970826326e-07,5.300586106606346,1.0772252020942,0.0
256,4580,4.991562331980024,2.581439408113488e-07,4.870101787541597e-08,4.400052485299849e-07,2.785897148772904e-08,1.7053025658242404e-13,1.3672435556547582e-15,1.302090905947083e-07,2.6838773167304373e-08,7.512147752754386e-07,5.300586107189196,1.0772252022065028,0.0
256,4584,4.995921775064723,2.548900288001097e-07,4.808714010425343e-08,4.3444089723351035e-07,2.750666408995574e-08,1.1368683772161603e-13,9.114957037698388e-16,1.2856183730479922e-07,2.6499240365139467e-08,7.416818103594084e-07,5.300586107764049,1.077225202317351,0.0
256,4588,5.000281218149421,2.516773983003266e-07,4.748105043619734e-08,4.289473999252712e-07,2.7158842818756242e-08,1.1368683772161603e-13,9.114957037698388e-16,1.269355682314251e-07,2.6164032841840293e-08,7.322707070156548e-07,5.3005861083310135,1.0772252024267632,0.0
256,4592,5.00464066123412,2.4850552165153197e-07,4.688264932367829e-08,4.235238472073144e-07,2.6815450095518175e-08,1.1368683772161603e-13,9.114957037698388e-16,1.2533001392023983e-07,2.5833095057320964e-08,7.229798992891166e-07,5.300586108890201,1.0772252025347584,0.0
256,4596,5.009000104318819,2.453738780780569e-07,4.6291838518001864e-08,4.1816934159451356e-07,2.6476429095890856e-08,1.7053025658242404e-13,1.3672435556547582e-15,1.2374490844823574e-07,2.550637219937713e-08,7.138078364876836e-07,5.300586109441716,1.077225202641355,0.0
256,4600,5.0133595474035175,2.4228195360524386e-07,4.5708521053541415e-08,4.1288299736995545e-07,2.6141723740629053e-08,5.684341886080802e-14,4.557478518849194e-16,1.2217998938088807e-07,2.518381017485255e-08,7.047529824412318e-07,5.300586109985666,1.0772252027465712,0.0
256,4604,5.017718990488216,2.3922924073198613e-07,4.513260118595992e-08,4.076639400258827e-07,2.5811278660196254e-08,5.684341886080802e-14,4.557478518849194e-16,1.2063499760668545e-07,2.4865355575532426e-08,6.958138317287261e-07,5.300586110522156,1.077225202850425,0.0
256,4608,5.022078433572915,2.3621523860246398e-07,4.4563984424609433e-08,4.025113065631144e-07,2.5485039213722472e-08,1.7053025658242404e-13,1.3672435556547582e-15,1.1910967742596548e-07,2.4550955696454254e-08,6.86988896146709e-07,5.300586111051288,1.0772252029529346,0.0
256,4612,5.026437876657614,2.3323945271220877e-07,4.400257747707763e-08,3.9742424496830356e-07,2.5162951455906788e-08,1.7053025658242404e-13,1.3672435556547582e-15,1.1760377639548148e-07,2.4240558503869817e-08,6.782766987678378e-07,5.300586111573164,1.077225203054117,0.0
256,4616,5.030797319742312,2.30301395042559e-07,4.3448288274554056e-08,3.924019144612549e-07,2.484496215267627e-08,1.1368683772161603e-13,9.114957037698388e-16,1.1611704540220958e-07,2.393411265045836e-08,6.696757909745409e-07,5.300586112087886,1.0772252031539897,0.0
256,4620,5.035156762827011,2.2740058372076988e-07,4.2901025907706936e-08,3.874434848952645e-07,2.4531018743218447e-08,1.7053025658242404e-13,1.3672435556547582e-15,1.1464923848520153e-07,2.3631567438606763e-08,6.611847390597929e-07,5.300586112595549,1.07722520325257,0.0
256,4624,5.03951620591171,2.245365431328747e-07,4.2360700647975455e-08,3.8254813695989353e-07,2.422106935281994e-08,1.1368683772161603e-13,9.114957037698388e-16,1.1320011289594628e-07,2.3332872832851346e-08,6.528021306238448e-07,5.300586113096254,1.0772252033498746,0.0
256,4628,5.0438756489964085,2.2170880390388717e-07,4.1827223943834734e-08,3.7771506212451835e-07,2.391506278929232e-08,5.684341886080802e-14,4.557478518849194e-16,1.1176942908089161e-07,2.3037979456275176e-08,6.445265651581156e-07,5.3005861135900965,1.07722520344592,0.0
256,4632,5.048235092081107,2.1891690242607707e-07,4.130050833180107e-08,3.729434618598784e-07,2.3612948493684353e-08,1.1368683772161603e-13,9.114957037698388e-16,1.1035695045195333e-07,2.2746838543205316e-08,6.363566686001959e-07,5.300586114077169,1.077225203540723,0.0
256,4636,5.052594535165806,2.1616038145837744e-07,4.078046754951518e-08,3.682325486424366e-07,2.331467660387317e-08,1.7053025658242404e-13,1.3672435556547582e-15,1.0896244368314185e-07,2.245940200035365e-08,6.282910752702586e-07,5.300586114557567,1.0772252036342997,0.0
256,4640,5.056953978250505,2.1343878924043031e-07,4.0267016368599414e-08,3.635815444254699e-07,2.302019785776123e-08,1.1368683772161603e-13,9.114957037698388e-16,1.0758567825747744e-07,2.2175622313426815e-08,6.203284506327142e-07,5.300586115031383,1.0772252037266659,0.0
256,4644,5.061313421335203,2.1075168003274538e-07,3.9760070696563304e-08,3.5898968159229845e-07,2.2729463653630096e-08,1.1368683772161603e-13,9.114957037698388e-16,1.0622642675018554e-07,2.1895452605498555e-08,6.124674632767344e-07,5.300586115498707,1.0772252038178378,0.0
256,4648,5.065672864419902,2.0809861385973324e-07,3.925954752832458e-08,3.5445620247995756e-07,2.2442426019981703e-08,1.1368683772161603e-13,9.114957037698388e-16,1.0488446468643274e-07,2.1618846607686196e-08,6.047068050504878e-07,5.300586115959628,1.0772252039078305,0.0
256,4652,5.070032307504601,2.054791563419868e-07,3.8765364914567665e-08,3.4998035912086567e-07,2.2159037599182026e-08,1.7053025658242404e-13,1.3672435556547582e-15,1.0355957046581937e-07,2.1345758643587016e-08,5.970451900962705e-07,5.300586116414235,1.0772252039966594,0.0
256,4656,5.0743917505892995,2.0289287862512116e-07,3.827744194831873e-08,3.4556141310402986e-07,2.18792516386733e-08,1.1368683772161603e-13,9.114957037698388e-16,1.0225152532071034e-07,2.107614362068936e-08,5.894813422780628e-07,5.300586116862615,1.07722520408434,0.0
256,4660,5.078751193673998,2.0033935746623582e-07,3.779569878125749e-08,3.4119863571020254e-07,2.160302199953148e-08,1.1368683772161603e-13,9.114957037698388e-16,1.0096011335581572e-07,2.0809957038531034e-08,5.820140023907907e-07,5.300586117304854,1.0772252041708867,0.0
256,4664,5.083110636758697,1.9781817499288172e-07,3.732005657824435e-08,3.368913075159933e-07,2.133030313140055e-08,0.0,0.0,9.968512143154756e-08,2.0547154964656718e-08,5.746419299559673e-07,5.300586117741037,1.0772252042563153,0.0
256,4668,5.087470079843396,1.9532891881766121e-07,3.685043753894063e-08,3.3263871857888937e-07,2.1061050084207097e-08,1.7053025658242404e-13,1.3672435556547582e-15,9.842633921842113e-08,2.0287694045831204e-08,5.673638979285087e-07,5.300586118171248,1.0772252043406396,0.0
256,4672,5.091829522928094,1.9287118177091224e-07,3.638676484737718e-08,3.2844016798993817e-07,2.0795218479838386e-08,1.1368683772161603e-13,9.114957037698388e-16,9.718355906496643e-08,2.0031531480813226e-08,5.601787029879553e-07,5.300586118595568,1.0772252044238741,0.0
256,4676,5.096188966012793,1.9044456190669539e-07,3.5928962673083923e-08,3.2429496386369547e-07,2.053276451150591e-08,5.684341886080802e-14,4.557478518849194e-16,9.595657599406333e-08,1.9778625019600072e-08,5.530851458089844e-07,5.3005861190140795,1.077225204506033,0.0
256,4680,5.100548409097492,1.8804866248931665e-07,3.547695616854725e-08,3.2020242334196724e-07,2.0273644943982313e-08,5.684341886080802e-14,4.557478518849194e-16,9.474518770496077e-08,1.952893296384376e-08,5.460820495448197e-07,5.300586119426862,1.0772252045871304,0.0
256,4684,5.1049078521821905,1.8568309181495573e-07,3.503067143555867e-08,3.161618722269147e-07,2.0017817090371403e-08,1.7053025658242404e-13,1.3672435556547582e-15,9.354919446255912e-08,1.9282414144029876e-08,5.391682534579724e-07,5.300586119833994,1.0772252046671802,0.0
256,4688,5.109267295266889,1.8334746333054756e-07,3.459003554764287e-08,3.121726452643698e-07,1.9765238830046302e-08,1.1368683772161603e-13,9.114957037698388e-16,9.236839918400363e-08,1.903902793732625e-08,5.323426086647812e-07,5.300586120235554,1.0772252047461959,0.0
256,4692,5.113626738351588,1.8104139536239433e-07,3.415497649885803e-08,3.0823408560894903e-07,1.9515868574783064e-08,0.0,0.0,9.120260727793139e-08,1.879873423444846e-08,5.256039801375892e-07,5.300586120631619,1.0772252048241908,0.0
256,4696,5.117986181436287,1.787645111306443e-07,3.372542320652743e-08,3.043455448830119e-07,1.926966527249365e-08,1.1368683772161603e-13,9.114957037698388e-16,9.005162666308895e-08,1.856149344349729e-08,5.189512544860187e-07,5.300586121022264,1.0772252049011788,0.0
256,4700,5.122345624520985,1.7651643864985598e-07,3.3301305492480006e-08,3.005063830128788e-07,1.9026588396856052e-08,5.684341886080802e-14,4.557478518849194e-16,8.89152677200599e-08,1.8327266480008815e-08,5.123833245708841e-07,5.300586121407565,1.0772252049771727,0.0
256,4704,5.126705067605684,1.742968109361983e-07,3.2882554122140425e-08,2.967159685416139e-07,1.8786597967118147e-08,5.684341886080802e-14,4.557478518849194e-16,8.779334338244836e-08,1.8096014785749167e-08,5.058991023775834e-07,5.300586121787595,1.0772252050521849,0.0
256,4708,5.131064510690383,1.7210526544158604e-07,3.246910069777399e-08,2.9297367769824124e-07,1.8549654489165057e-08,1.1368683772161603e-13,9.114957037698388e-16,8.66856688625867e-08,1.7867700272177268e-08,4.994975065887875e-07,5.300586122162426,1.0772252051262288,0.0
256,4712,5.135423953775081,1.6994144449139205e-07,3.20608777410647e-08,2.89278895125677e-07,1.8315719001608227e-08,5.684341886080802e-14,4.557478518849194e-16,8.559206186633137e-08,1.7642285364718677e-08,4.931774885153802e-07,5.30058612253213,1.0772252051993167,0.0
256,4716,5.13978339685978,1.6780499488997018e-07,3.165781861869386e-08,2.856310132015562e-07,1.8084753032783524e-08,5.684341886080802e-14,4.557478518849194e-16,8.451234239184655e-08,1.7419732961290734e-08,4.869379912969464e-07,5.300586122896778,1.0772252052714613,0.0
256,4720,5.144142839944479,1.656955678988334e-07,3.1259857538223205e-08,2.820294320113057e-07,1.7856718599046326e-08,1.1368683772161603e-13,9.114957037698388e-16,8.344633272198664e-08,1.720000643073246e-08,4.807779807001738e-07,5.300586123256439,1.0772252053426747,0.0
256,4724,5.148502283029178,1.6361281943219608e-07,3.086692958498557e-08,2.784735596799428e-07,1.7631578225779408e-08,1.1368683772161603e-13,9.114957037698388e-16,8.239385752243333e-08,1.6983069633032614e-08,4.746964413144728e-07,5.300586123611183,1.0772252054129696,0.0
256,4728,5.152861726113876,1.6155640971723766e-07,3.047897065799082e-08,2.749628117909474e-07,1.7409294910598765e-08,1.1368683772161603e-13,9.114957037698388e-16,8.135474366965546e-08,1.6768886883868692e-08,4.686923621959216e-07,5.300586123961076,1.077225205482357,0.0
256,4732,5.157221169198575,1.595260034516306e-07,3.0095917499644755e-08,2.7149661163147826e-07,1.7189832138879502e-08,5.684341886080802e-14,4.557478518849194e-16,8.032882032268043e-08,1.6557422969400468e-08,4.627647490226541e-07,5.300586124306187,1.077225205550849,0.0
256,4736,5.161580612283274,1.5752126941060808e-07,2.9717707621619217e-08,2.680743895529269e-07,1.6973153843269257e-08,5.684341886080802e-14,4.557478518849194e-16,7.931591873490017e-08,1.6348643107479357e-08,4.569126213774197e-07,5.300586124646579,1.0772252056184581,0.0
256,4740,5.165940055367972,1.5554188087195223e-07,2.9344279385029613e-08,2.6469558366825113e-07,1.6759224447839925e-08,0.0,0.0,7.831587245950736e-08,1.6142512989993028e-08,4.511350104636733e-07,5.300586124982319,1.0772252056851945,0.0
256,4744,5.170299498452671,1.5358751515141966e-07,2.8975571912789104e-08,2.613596390750034e-07,1.654800881889363e-08,1.1368683772161603e-13,9.114957037698388e-16,7.732851712007809e-08,1.5938998735577785e-08,4.4543095837695943e-07,5.300586125313471,1.0772252057510705,0.0
256,4748,5.17465894153737,1.5165785374210787e-07,2.861152511590119e-08,2.5806600808536356e-07,1.633947227952727e-08,1.7053025658242404e-13,1.3672435556547582e-15,7.635369047838844e-08,1.5738066903596947e-08,4.397995231905797e-07,5.300586125640097,1.077225205816097,0.0
256,4752,5.1790183846220685,1.49752582277996e-07,2.8252079686581424e-08,2.5481415015183744e-07,1.613358060492813e-08,5.684341886080802e-14,4.557478518849194e-16,7.539123241201211e-08,1.5539684489523267e-08,4.342397751898075e-07,5.300586125962259,1.0772252058802847,0.0
256,4756,5.183377827706767,1.4787139030795312e-07,2.7897177055622134e-08,2.5160353149644225e-07,1.5930299998895698e-08,1.7053025658242404e-13,1.3672435556547582e-15,7.444098480507838e-08,1.5343818902421894e-08,4.287507916157155e-07,5.300586126280021,1.0772252059436451,0.0
256,4760,5.187737270791466,1.4601397147879342e-07,2.7546759426927344e-08,2.4843362542457725e-07,1.5729597113714438e-08,1.1368683772161603e-13,9.114957037698388e-16,7.350279164121834e-08,1.5150437984108514e-08,4.2333166482058145e-07,5.3005861265934415,1.0772252060061884,0.0
256,4764,5.192096713876165,1.441800232388733e-07,2.7200769721593885e-08,2.4530391179322624e-07,1.5531439016482963e-08,1.1368683772161603e-13,9.114957037698388e-16,7.257649884528514e-08,1.4959509976524613e-08,4.1798149938371183e-07,5.300586126902581,1.0772252060679255,0.0
256,4768,5.196456156960863,1.4236924709110696e-07,2.6859151625644877e-08,2.422138774638071e-07,1.5335793217786255e-08,1.1368683772161603e-13,9.114957037698388e-16,7.166195441810129e-08,1.4771003549511694e-08,4.1269941395836836e-07,5.300586127207498,1.0772252061288667,0.0
256,4772,5.200815600045562,1.4058134826268945e-07,2.652184952772026e-08,2.3916301572899193e-07,1.5142627635404736e-08,5.684341886080802e-14,4.557478518849194e-16,7.07590082664911e-08,1.4584887765777459e-08,4.0748452950748995e-07,5.30058612750825,1.0772252061890226,0.0
256,4776,5.205175043130261,1.38816035710457e-07,2.618880852008802e-08,2.361508263257931e-07,1.49519105951428e-08,1.1368683772161603e-13,9.114957037698388e-16,6.986751220728863e-08,1.4401132081721916e-08,4.0233599124079384e-07,5.300586127804896,1.0772252062484033,0.0
256,4780,5.2095344862149595,1.3707302218106968e-07,2.585997440999818e-08,2.331768155248702e-07,1.4763610836483301e-08,5.684341886080802e-14,4.557478518849194e-16,6.898731999331281e-08,1.42197063527914e-08,3.9725294216009295e-07,5.30058612809749,1.0772252063070191,0.0
256,4784,5.213893929299658,1.3535202413393646e-07,2.5535293705141962e-08,2.3024049600191803e-07,1.4577697504444464e-08,1.7053025658242404e-13,1.3672435556547582e-15,6.811828727540267e-08,1.404058082565325e-08,3.9223454955009e-07,5.30058612838609,1.0772252063648795,0.0
256,4788,5.218253372384357,1.3365276157808587e-07,2.5214713582876057e-08,2.2734138657358606e-07,1.4394140132859604e-08,1.1368683772161603e-13,9.114957037698388e-16,6.726027152474649e-08,1.3863726122186244e-08,3.872799789208435e-07,5.3005861286707505,1.0772252064219947,0.0
256,4792,5.222612815469056,1.3197495818542996e-07,2.4898181911590838e-08,2.2447901236857053e-07,1.4212908655209844e-08,5.684341886080802e-14,4.557478518849194e-16,6.641313208276269e-08,1.3689113249762081e-08,3.823884141777472e-07,5.300586128951525,1.0772252064783738,0.0
256,4796,5.226972258553754,1.30318341061596e-07,2.4585647207475826e-08,2.2165290444613604e-07,1.403397338047077e-08,0.0,0.0,6.55767300485228e-08,1.3516713578040938e-08,3.775590497493557e-07,5.300586129228467,1.077225206534027,0.0
256,4800,5.231331701638453,1.2868264096392977e-07,2.427705867564785e-08,2.1886260016564552e-07,1.3857305016509252e-08,1.1368683772161603e-13,9.114957037698388e-16,6.475092838803527e-08,1.3346498861497108e-08,3.72791086609543e-07,5.300586129501629,1.0772252065889636,0.0
256,4804,5.235691144723152,1.2706759202589458e-07,2.397236615815659e-08,2.1610764269960249e-07,1.3682874639251674e-08,5.684341886080802e-14,4.557478518849194e-16,6.393559178955485e-08,1.3178441209595292e-08,3.680837433562263e-07,5.300586129771063,1.0772252066431927,0.0
256,4808,5.2400505878078505,1.2547293170667873e-07,2.3671520124477644e-08,2.1338758098257565e-07,1.3510653689450095e-08,1.1368683772161603e-13,9.114957037698388e-16,6.313058664965772e-08,1.3012513083920392e-08,3.634362328596715e-07,5.300586130036822,1.0772252066967238,0.0
256,4812,5.244410030892549,1.2389840096202824e-07,2.33744717037415e-08,2.1070196997144925e-07,1.3340613989160014e-08,1.1368683772161603e-13,9.114957037698388e-16,6.233578114920016e-08,1.2848687313834158e-08,3.5884779919094396e-07,5.300586130298955,1.0772252067495658,0.0
256,4816,5.248769473977248,1.2234374403186043e-07,2.30811726446651e-08,2.0805037028780568e-07,1.3172727719097798e-08,5.684341886080802e-14,4.557478518849194e-16,6.155104514764066e-08,1.2686937074692799e-08,3.5431768037019095e-07,5.3005861305575115,1.0772252068017272,0.0
256,4820,5.253128917061947,1.2080870830714985e-07,2.2791575290438747e-08,2.0543234799031153e-07,1.3006967404229285e-08,5.684341886080802e-14,4.557478518849194e-16,6.077625011565848e-08,1.2527235873958286e-08,3.4984513138424013e-07,5.30058613081254,1.0772252068532173,0.0
256,4824,5.257488360146645,1.1929304448180495e-07,2.2505632607378883e-08,2.0284747483940228e-07,1.284330593052832e-08,0.0,0.0,6.001126921367997e-08,1.2369557567384233e-08,3.454294140803782e-07,5.300586131064091,1.0772252069040449,0.0
256,4828,5.261847803231344,1.1779650660978377e-07,2.2223298195703487e-08,2.0029532838468823e-07,1.2681716550510862e-08,5.684341886080802e-14,4.557478518849194e-16,5.9255977317404574e-08,1.221387636427734e-08,3.4106980179898187e-07,5.300586131312212,1.077225206954218,0.0
256,4832,5.266207246316043,1.1631885164033183e-07,2.1944526201850774e-08,1.9777549117332096e-07,1.2522172833112647e-08,5.684341886080802e-14,4.557478518849194e-16,5.851025078355885e-08,1.2060166779214475e-08,3.367655785211577e-07,5.3005861315569485,1.0772252070037458,0.0
256,4836,5.2705666894007415,1.1485983976937647e-07,2.16692713847727e-08,1.9528755134959054e-07,1.2364648701652729e-08,5.684341886080802e-14,4.557478518849194e-16,5.7773967627355566e-08,1.1908403668620645e-08,3.3251603081921296e-07,5.300586131798348,1.0772252070526367,0.0
256,4840,5.27492613248544,1.1341923422459843e-07,2.1397489075386905e-08,1.9283110229034994e-07,1.2209118410750349e-08,1.1368683772161603e-13,9.114957037698388e-16,5.7047007414666826e-08,1.1758562208543651e-08,3.283204607659263e-07,5.3005861320364565,1.0772252071008983,0.0
256,4844,5.279285575570139,1.1199680119251471e-07,2.1129135162820283e-08,1.9040574248184015e-07,1.2055556538526104e-08,5.684341886080802e-14,4.557478518849194e-16,5.632925122561188e-08,1.1610617887148804e-08,3.2417817494063043e-07,5.300586132271318,1.0772252071485393,0.0
256,4848,5.283645018654838,1.1059231016320901e-07,2.0864166159445284e-08,1.880110760840023e-07,1.1903938022331425e-08,1.1368683772161603e-13,9.114957037698388e-16,5.5620581820756597e-08,1.1464546538976032e-08,3.2008849898140287e-07,5.300586132502979,1.0772252071955672,0.0
256,4852,5.288004461739536,1.0920553315321519e-07,2.0602539054270342e-08,1.856467116470034e-07,1.175423807748528e-08,1.1368683772161603e-13,9.114957037698388e-16,5.492088326270514e-08,1.1320324266942161e-08,3.1605075359935263e-07,5.300586132731483,1.0772252072419906,0.0
256,4856,5.292363904824235,1.0783624526258382e-07,2.0344211418035162e-08,1.833122630036003e-07,1.1606432253774287e-08,1.1368683772161603e-13,9.114957037698388e-16,5.4230041178221046e-08,1.1177927496369447e-08,3.1206427619222354e-07,5.300586132956871,1.077225207287817,0.0
256,4860,5.296723347908934,1.0648422455830678e-07,2.0089141381217806e-08,1.8100734913041049e-07,1.1460496426669056e-08,5.684341886080802e-14,4.557478518849194e-16,5.354794271922352e-08,1.1037332966946121e-08,3.081284112884334e-07,5.300586133179189,1.0772252073330544,0.0
256,4864,5.301082790993632,1.0514925189202977e-07,1.98372875996446e-08,1.7873159378083372e-07,1.1316406774082593e-08,0.0,0.0,5.2874476452233e-08,1.089851770993883e-08,3.0424251168262293e-07,5.300586133398475,1.07722520737771,0.0
256,4868,5.305442234078331,1.0383111085639989e-07,1.958860924625476e-08,1.7648462545102283e-07,1.1174139774215736e-08,1.1368683772161603e-13,9.114957037698388e-16,5.2209532349681345e-08,1.076145904640151e-08,3.0040593635778635e-07,5.300586133614776,1.0772252074217918,0.0
256,4872,5.30980167716303,1.0252958785995756e-07,1.9343066025229384e-08,1.7426607748681124e-07,1.1033672212327282e-08,5.684341886080802e-14,4.557478518849194e-16,5.15530018208463e-08,1.0626134593551593e-08,2.966180560287622e-07,5.30058613382813,1.0772252074653066,0.0
256,4876,5.314161120247729,1.0124447205560646e-07,1.910061815849669e-08,1.7207558796351586e-07,1.0894981173123697e-08,1.1368683772161603e-13,9.114957037698388e-16,5.090477767634141e-08,1.0492522257450663e-08,2.928782520624191e-07,5.300586134038578,1.0772252075082625,0.0
256,4880,5.318520563332427,9.99755553167309e-08,1.886122638122637e-08,1.699127996492648e-07,1.0758044038437206e-08,1.1368683772161603e-13,9.114957037698388e-16,5.026475411740187e-08,1.0360600230796041e-08,2.891859026946755e-07,5.300586134246158,1.077225207550666,0.0
256,4884,5.322880006417126,9.872263200834659e-08,1.862485189865526e-08,1.677773595954315e-07,1.0622838461294092e-08,1.7053025658242404e-13,1.3672435556547582e-15,4.9632826614017065e-08,1.0230346967801398e-08,2.8554040662268806e-07,5.300586134450911,1.077225207592525,0.0
256,4888,5.327239449501825,9.748549942713643e-08,1.8391456469103782e-08,1.6566891990463436e-07,1.048934241454066e-08,0.0,0.0,4.90088921328161e-08,1.0101741231168652e-08,2.8194115794980865e-07,5.300586134652876,1.077225207633846,0.0
256,4892,5.331598892586523,9.626395709533592e-08,1.8161002270761513e-08,1.635871365398335e-07,1.0357534115441102e-08,1.1368683772161603e-13,9.114957037698388e-16,4.839284878508159e-08,9.974762019536364e-09,2.783875752171294e-07,5.300586134852091,1.0772252076746363,0.0
256,4896,5.335958335671222,9.505780733025631e-08,1.7933452009132485e-08,1.615316702604446e-07,1.0227392084947613e-08,0.0,0.0,4.7784596102586434e-08,9.849388624335373e-09,2.748790705587455e-07,5.300586135048594,1.0772252077149025,0.0
256,4900,5.340317778755921,9.386685503558248e-08,1.7708768877661796e-08,1.5950218627808855e-07,1.0098895125904165e-08,1.7053025658242404e-13,1.3672435556547582e-15,4.7184034936113885e-08,9.725600608871701e-09,2.714150646098795e-07,5.300586135242422,1.0772252077546518,0.0
256,4904,5.3446772218406196,9.269090743324015e-08,1.7486916507150107e-08,1.5749835381672805e-07,9.972022295196501e-09,5.684341886080802e-14,4.557478518849194e-16,4.659106732587754e-08,9.603377781617438e-09,2.679949972064046e-07,5.30058613543361,1.0772252077938904,0.0
256,4908,5.349036664925318,9.152977416872081e-08,1.7267858985624078e-08,1.5551984625882744e-07,9.846752913006273e-09,0.0,0.0,4.6005596543633315e-08,9.482700204890889e-09,2.646182972488521e-07,5.300586135622197,1.0772252078326252,0.0
256,4912,5.353396108010017,9.038326753105379e-08,1.7051560899835927e-08,1.535663415480494e-07,9.723066588307806e-09,1.1368683772161603e-13,9.114957037698388e-16,4.54275272127974e-08,9.363548219615361e-09,2.612844175388743e-07,5.300586135808217,1.0772252078708626,0.0
256,4916,5.357755551094716,8.925120212493089e-08,1.683798727340701e-08,1.5163752162275427e-07,9.600943183000063e-09,5.684341886080802e-14,4.557478518849194e-16,4.4856765140542596e-08,9.245902410710757e-09,2.579928066524351e-07,5.300586135991705,1.077225207908609,0.0
256,4920,5.362114994179414,8.813339485253052e-08,1.6627103563398787e-08,1.4973307237079246e-07,9.480362809044331e-09,0.0,0.0,4.4293217303934134e-08,9.129743604235887e-09,2.5474292869979125e-07,5.300586136172696,1.077225207945871,0.0
256,4924,5.366474437264113,8.702966494012436e-08,1.641887566533239e-08,1.4785268368793375e-07,9.361305832163658e-09,1.1368683772161603e-13,9.114957037698388e-16,4.37367918676678e-08,9.015052871044655e-09,2.5153424950624823e-07,5.300586136351225,1.0772252079826548,0.0
256,4928,5.370833880348812,8.593983399432438e-08,1.6213269923800097e-08,1.459960495665144e-07,9.243752877455569e-09,5.684341886080802e-14,4.557478518849194e-16,4.318739821005609e-08,8.90181153214235e-09,2.483662410144371e-07,5.3005861365273255,1.0772252080189662,0.0
256,4932,5.3751933234335105,8.48637259622592e-08,1.601025312495226e-08,1.4416286803471958e-07,9.127684825547723e-09,5.684341886080802e-14,4.557478518849194e-16,4.2644946905305464e-08,8.790001155032612e-09,2.452383875083752e-07,5.300586136701029,1.0772252080548117,0.0
256,4936,5.379552766518209,8.380116688283355e-08,1.5809792449570337e-08,1.4235284071447934e-07,9.01308278460605e-09,0.0,0.0,4.210934959206627e-08,8.679603526622874e-09,2.421501726898954e-07,5.30058613687237,1.0772252080901974,0.0
256,4940,5.383912209602908,8.275198513850873e-08,1.5611855520567366e-08,1.405656732765713e-07,8.899928119149635e-09,1.1368683772161603e-13,9.114957037698388e-16,4.158051910899732e-08,8.570600681167011e-09,2.391010944658119e-07,5.300586137041383,1.077225208125129,0.0
256,4944,5.388271652687607,8.171601120093234e-08,1.541641035499889e-08,1.388010749794659e-07,8.78820242085264e-09,5.684341886080802e-14,4.557478518849194e-16,4.1058369357354715e-08,8.462974871942063e-09,2.360906487259291e-07,5.300586137208096,1.0772252081596123,0.0
256,4948,5.392631095772305,8.06930777899843e-08,1.522342539406832e-08,1.370587589534344e-07,8.677887526532654e-09,0.0,0.0,4.054281538551237e-08,8.356708588669657e-09,2.331183468168171e-07,5.300586137372541,1.0772252081936537,0.0
256,4952,5.396990538857004,7.968301977882422e-08,1.5032869485213335e-08,1.353384420361721e-07,8.56896550774314e-09,0.0,0.0,4.0033773340232194e-08,8.251784547471795e-09,2.3018369934342423e-07,5.300586137534751,1.0772252082272582,0.0
256,4956,5.401349981941703,7.868567402764017e-08,1.4844711850741177e-08,1.3363984449171492e-07,8.461418652976623e-09,5.684341886080802e-14,4.557478518849194e-16,3.953116038356261e-08,8.148185673741918e-09,2.272862298378252e-07,5.300586137694755,1.0772252082604319,0.0
256,4960,5.4057094250264015,7.770087946029014e-08,1.4658922102287714e-08,1.319626901354003e-07,8.355229475576604e-09,0.0,0.0,3.903489472962394e-08,8.045895109727142e-09,2.2442545822764822e-07,5.3005861378525845,1.0772252082931804,0.0
256,4964,5.4100688681111,7.672847727328791e-08,1.4475470280244376e-08,1.3030670668819118e-07,8.25038073617161e-09,5.684341886080802e-14,4.557478518849194e-16,3.854489574939772e-08,7.944896236127478e-09,2.2160091759934102e-07,5.300586138008268,1.0772252083255087,0.0
256,4968,5.414428311195799,7.576831057218827e-08,1.4294326785159184e-08,1.286716251626625e-07,8.146855403798872e-09,5.684341886080802e-14,4.557478518849194e-16,3.8061083789221264e-08,7.845172634683844e-09,2.1881214882930767e-07,5.300586138161836,1.0772252083574227,0.0
256,4972,5.418787754280498,7.482022433699261e-08,1.4115462371210213e-08,1.2705717980542466e-07,8.044636652258866e-09,5.684341886080802e-14,4.557478518849194e-16,3.758338015379708e-08,7.746708084675941e-09,2.1605869632703786e-07,5.300586138313317,1.0772252083889275,0.0
256,4976,5.423147197365196,7.388406566231186e-08,1.3938848191514352e-08,1.2546310848908245e-07,7.943707884932223e-09,-5.684341886080802e-14,-4.557478518849194e-16,3.711170722158872e-08,7.64948658670772e-09,2.1334010400655353e-07,5.300586138462739,1.0772252084200284,0.0
256,4980,5.427506640449895,7.295968365305324e-08,1.3764455778447738e-08,1.238891525538628e-07,7.844052724752383e-09,5.684341886080802e-14,4.557478518849194e-16,3.664598839861927e-08,7.553492353184295e-09,2.106559324991894e-07,5.300586138610131,1.0772252084507308,0.0
256,4984,5.431866083534594,7.204692913170775e-08,1.359225698842307e-08,1.2233505628920136e-07,7.745654981382194e-09,5.684341886080802e-14,4.557478518849194e-16,3.618614796439246e-08,7.458709776553123e-09,2.0800574285665414e-07,5.300586138755521,1.0772252084810394,0.0
256,4988,5.4362255266192925,7.114565493497077e-08,1.3422224057849597e-08,1.2080056746538554e-07,7.648498684874948e-09,1.7053025658242404e-13,1.3672435556547582e-15,3.5732111230111665e-08,7.365123461916186e-09,2.0538909577735863e-07,5.300586138898935,1.07722520851096,0.0
256,4992,5.440584969703991,7.025571592005631e-08,1.3254329604324335e-08,1.1928543731130454e-07,7.552568084265613e-09,5.684341886080802e-14,4.557478518849194e-16,3.5283804530966055e-08,7.272718225440009e-09,2.0280557449120133e-07,5.300586139040401,1.077225208540497,0.0
256,4996,5.44494441278869,6.937696845206727e-08,1.3088546529920175e-08,1.1778941966424655e-07,7.457847593740174e-09,5.684341886080802e-14,4.557478518849194e-16,3.4841154975339854e-08,7.181479042662531e-09,2.0025474740908282e-07,5.300586139179947,1.0772252085696556,0.0
256,5000,5.449303855873389,6.850927105860193e-08,1.292484814468289e-08,1.1631227207315015e-07,7.364321862488089e-09,0.0,0.0,3.440409077086534e-08,7.091391115699339e-09,1.97736201398482e-07,5.300586139317596,1.0772252085984408,0.0
256,5004,5.453663298958087,6.765248392755506e-08,1.2763208071887092e-08,1.148537549526909e-07,7.271975721143209e-09,0.0,0.0,3.397254097443984e-08,7.002439821717019e-09,1.952495242902698e-07,5.300586139453376,1.0772252086268572,0.0
256,5008,5.458022742042786,6.680646897811848e-08,1.2603600261431104e-08,1.1341363168271232e-07,7.180794188079259e-09,5.684341886080802e-14,4.557478518849194e-16,3.3546435520911245e-08,6.91461071884584e-09,1.9279431137614112e-07,5.300586139587312,1.0772252086549097,0.0
256,5012,5.462382185127485,6.597109003293288e-08,1.2445999022314816e-08,1.119916689299684e-07,7.0907624897809925e-09,5.684341886080802e-14,4.557478518849194e-16,3.312570531925929e-08,6.827889566004688e-09,1.9037015916367628e-07,5.300586139719431,1.0772252086826029,0.0
256,5016,5.4667416282121835,6.514621252355974e-08,1.229037896707452e-08,1.1058763612930202e-07,7.001866027994956e-09,5.684341886080802e-14,4.557478518849194e-16,3.271028209848766e-08,6.7422622911362636e-09,1.8797667545922815e-07,5.300586139849755,1.0772252087099414,0.0
256,5020,5.471101071296882,6.433170363079938e-08,1.2136715038255068e-08,1.0920130570842706e-07,6.914090393961594e-09,5.684341886080802e-14,4.557478518849194e-16,3.2300098473650557e-08,6.657715004816508e-09,1.856134685027629e-07,5.30058613997831,1.0772252087369298,0.0
256,5024,5.475460514381581,6.352743219257153e-08,1.1984982491030784e-08,1.0783245296679517e-07,6.8274213607456775e-09,5.684341886080802e-14,4.557478518849194e-16,3.189508791123465e-08,6.574233993119122e-09,1.8328015034779387e-07,5.30058614010512,1.0772252087635732,0.0
256,5028,5.47981995746628,6.273326882143458e-08,1.183515691537644e-08,1.0648085624186387e-07,6.741844893763595e-09,-5.684341886080802e-14,-4.557478518849194e-16,3.1495184777197004e-08,6.49180572751716e-09,1.8097633979982857e-07,5.30058614023021,1.0772252087898755,0.0
256,5032,5.484179400550978,6.19490857343129e-08,1.16872142039439e-08,1.0514629663805368e-07,6.657347133622242e-09,5.684341886080802e-14,4.557478518849194e-16,3.110032425741329e-08,6.4104168484857786e-09,1.7870166611597074e-07,5.300586140353602,1.0772252088158407,0.0
256,5036,5.488538843635677,6.117475662780517e-08,1.154113052853799e-08,1.038285577996278e-07,6.573914381738879e-09,5.684341886080802e-14,4.557478518849194e-16,3.071044228996773e-08,6.330054151545792e-09,1.7645575594598187e-07,5.3005861404753185,1.077225208841474,0.0
256,5040,5.492898286720376,6.04101570299212e-08,1.1396882406474587e-08,1.025274265230133e-07,6.491533139110303e-09,5.684341886080802e-14,4.557478518849194e-16,3.0325475746793035e-08,6.25070462470341e-09,1.7423824097132648e-07,5.300586140595385,1.077225208866779,0.0
256,5044,5.497257729805074,5.965516400163262e-08,1.125444664427567e-08,1.0124269224016129e-07,6.4101900736017486e-09,0.0,0.0,2.994536228051156e-08,6.172355416881043e-09,1.7204876088525167e-07,5.300586140713822,1.0772252088917602,0.0
256,5048,5.501617172889773,5.8909656006950923e-08,1.1113800313158444e-08,9.997414678721776e-08,6.3298720053002665e-09,5.684341886080802e-14,4.557478518849194e-16,2.9570040255640713e-08,6.094993823737319e-09,1.6988696185761187e-07,5.300586140830652,1.077225208916422,0.0
256,5052,5.505976615974472,5.817351321517378e-08,1.097492080605664e-08,9.872158493905962e-08,6.2505659403589145e-09,1.1368683772161603e-13,9.114957037698388e-16,2.919944890743934e-08,6.0186073204086e-09,1.6775248918048126e-07,5.300586140945898,1.0772252089407681,0.0
256,5056,5.510336059059171,5.744661723593437e-08,1.083778578763536e-08,9.748480395189027e-08,6.172259042036159e-09,5.684341886080802e-14,4.557478518849194e-16,2.883352820635127e-08,5.943183533568e-09,1.656449923327649e-07,5.30058614105958,1.0772252089648027,0.0
256,5060,5.514695502143869,5.672885126286264e-08,1.0702373221393963e-08,9.626360380647634e-08,6.09493864609643e-09,5.684341886080802e-14,4.557478518849194e-16,2.8472218929929787e-08,5.868710256250501e-09,1.635641313054511e-07,5.30058614117172,1.07722520898853,0.0
256,5064,5.519054945228568,5.602009997966756e-08,1.0568661351947713e-08,9.50577870298124e-08,6.018592249518806e-09,0.0,0.0,2.811546260943847e-08,5.7951754368462885e-09,1.615095671898372e-07,5.30058614128234,1.0772252090119536,0.0
256,5068,5.523414388313267,5.532024940425142e-08,1.043662867561862e-08,9.38671584504315e-08,5.94320749500448e-09,0.0,0.0,2.7763201458160938e-08,5.722567164323914e-09,1.5948096505039555e-07,5.3005861413914594,1.0772252090350778,0.0
256,5072,5.527773831397965,5.462918716721944e-08,1.0306253992978616e-08,9.269152566775029e-08,5.868772200693386e-09,1.1368683772161603e-13,9.114957037698388e-16,2.7415378510108654e-08,5.650873696820826e-09,1.5747799050009134e-07,5.3005861414991005,1.0772252090579064,0.0
256,5076,5.532133274482664,5.394680225758157e-08,1.0177516360874074e-08,9.153069862672212e-08,5.795274333233324e-09,5.684341886080802e-14,4.557478518849194e-16,2.7071937494427182e-08,5.580083435755918e-09,1.5550032499549818e-07,5.300586141605282,1.0772252090804433,0.0
256,5080,5.536492717567363,5.327298502140991e-08,1.0050395092172513e-08,9.038448960081242e-08,5.722702006702042e-09,1.1368683772161603e-13,9.114957037698388e-16,2.673282282985356e-08,5.510184924687077e-09,1.5354764179011534e-07,5.300586141710024,1.077225209102692,0.0
256,5084,5.5408521606520615,5.260762723911925e-08,9.92486977034222e-09,8.925271330904557e-08,5.651043490018072e-09,-5.684341886080802e-14,-4.557478518849194e-16,2.63979796588509e-08,5.441166856347027e-09,1.5161962581929605e-07,5.300586141813346,1.0772252091246561,0.0
256,5088,5.54521160373676,5.195062215775229e-08,9.80092025554313e-09,8.813518701537115e-08,5.58028721323211e-09,5.684341886080802e-14,4.557478518849194e-16,2.6067353878532264e-08,5.373018079017378e-09,1.4971596114703317e-07,5.300586141915268,1.0772252091463397,0.0
256,5092,5.549571046821459,5.1301864240876505e-08,9.678526637442775e-09,8.703173006011143e-08,5.510421737860578e-09,5.684341886080802e-14,4.557478518849194e-16,2.5740892000556376e-08,5.305727567650246e-09,1.4783633737696794e-07,5.300586142015809,1.0772252091677461,0.0
256,5096,5.553930489906158,5.066124943801206e-08,9.557669286046109e-09,8.594216433962602e-08,5.441435787255624e-09,1.1368683772161603e-13,9.114957037698388e-16,2.5418541293772864e-08,5.239284453270378e-09,1.459804492745668e-07,5.300586142114987,1.077225209188879,0.0
256,5100,5.558289932990856,5.002867485173948e-08,9.43832878889259e-09,8.486631374139751e-08,5.3733182108375285e-09,5.684341886080802e-14,4.557478518849194e-16,2.5100249617134878e-08,5.173677988534996e-09,1.4414800028279474e-07,5.300586142212823,1.0772252092097419,0.0
256,5104,5.562649376075555,4.9404039026883124e-08,9.320486005613063e-09,8.380400461280986e-08,5.306058013775446e-09,-5.684341886080802e-14,-4.557478518849194e-16,2.47859655575964e-08,5.108897576157278e-09,1.423386853582529e-07,5.3005861423093314,1.0772252092303383,0.0
256,5108,5.567008819160254,4.87872417165372e-08,9.204122023788608e-09,8.275506539300132e-08,5.2396443336781376e-09,0.0,0.0,2.447563832221821e-08,5.044932746667175e-09,1.40552214987342e-07,5.3005861424045335,1.0772252092506716,0.0
256,5112,5.5713682622449525,4.8178184042896894e-08,9.089218189292671e-09,8.171932686041826e-08,5.17406645626787e-09,5.684341886080802e-14,4.557478518849194e-16,2.4169217810515076e-08,4.981773173323654e-09,1.3878829698095608e-07,5.300586142498446,1.077225209270745,0.0
256,5116,5.575727705329651,4.7576768221741005e-08,8.975756054312421e-09,8.069662168243854e-08,5.109313786864772e-09,0.0,0.0,2.3866654481836658e-08,4.919408644779172e-09,1.370466410388296e-07,5.300586142591086,1.0772252092905623,0.0
256,5120,5.58008714841435,4.6982897957073295e-08,8.863717451801134e-09,7.968678507979715e-08,5.04537589245501e-09,2.2737367544323206e-13,1.8229914075396775e-15,2.356789955170658e-08,4.857829105549206e-09,1.3532697381435533e-07,5.300586142682471,1.0772252093101262,0.0
256,5124,5.584446591499049,4.639647788129922e-08,8.753084389862845e-09,7.868965386203161e-08,4.982242440619919e-09,1.1368683772161603e-13,9.114957037698388e-16,2.3272904706030872e-08,4.797024597104723e-09,1.3362900746716833e-07,5.30058614277262,1.0772252093294405,0.0
256,5128,5.588806034583747,4.581741408745002e-08,8.643839152160887e-09,7.770506735981259e-08,4.919903258566609e-09,0.0,0.0,2.2981622377861575e-08,4.736985314918862e-09,1.319524693847857e-07,5.300586142861548,1.0772252093485084,0.0
256,5132,5.593165477668446,4.5245613731814086e-08,8.535964222950963e-09,7.673286672143824e-08,4.858348288585434e-09,1.1368683772161603e-13,9.114957037698388e-16,2.2694005538313257e-08,4.6777015653705185e-09,1.3029708971618046e-07,5.300586142949271,1.0772252093673325,0.0
256,5136,5.597524920753145,4.4680985168518436e-08,8.429442312471075e-09,7.577289514366419e-08,4.7975676026650135e-09,5.684341886080802e-14,4.557478518849194e-16,2.2410007764921007e-08,4.619163779834338e-09,1.2866259416024307e-07,5.300586143035807,1.0772252093859165,0.0
256,5140,5.6018843638378435,4.412343790855272e-08,8.324256349211054e-09,7.482499782429552e-08,4.737551399490594e-09,5.684341886080802e-14,4.557478518849194e-16,2.2129583228380113e-08,4.5613625119474916e-09,1.2704872032121872e-07,5.300586143121173,1.0772252094042631,0.0
256,5144,5.606243806922542,4.3572882727570204e-08,8.220389500250121e-09,7.38890221297411e-08,4.678290015052763e-09,5.684341886080802e-14,4.557478518849194e-16,2.185268674157504e-08,4.504288447715551e-09,1.254552069945349e-07,5.300586143205382,1.0772252094223758,0.0
256,5148,5.610603250007241,4.302923141596857e-08,8.117825124107536e-09,7.296481716402564e-08,4.6197738953594085e-09,5.684341886080802e-14,4.557478518849194e-16,2.1579273631867304e-08,4.447932379188402e-09,1.2388179730491198e-07,5.300586143288451,1.0772252094402572,0.0
256,5152,5.61496269309194,4.249239681761639e-08,8.016546778048669e-09,7.205223385209535e-08,4.5619936017102275e-09,0.0,0.0,2.1309299766340693e-08,4.392285209663791e-09,1.2232823109971198e-07,5.300586143370397,1.0772252094579107,0.0
256,5156,5.619322136176638,4.1962292996714544e-08,7.916538249564812e-09,7.11511251914428e-08,4.504939826628374e-09,5.684341886080802e-14,4.557478518849194e-16,2.104272162514007e-08,4.337337968803975e-09,1.207942601284006e-07,5.300586143451234,1.077225209475339,0.0
256,5160,5.623681579261337,4.143883519349609e-08,7.817783548015578e-09,7.026134621118626e-08,4.448603391269561e-09,5.684341886080802e-14,4.557478518849194e-16,2.077949629054739e-08,4.2830818103840505e-09,1.1927963731007062e-07,5.300586143530977,1.0772252094925447,0.0
256,5164,5.628041022346036,4.092193947791295e-08,7.720266839294e-09,6.938275338422714e-08,4.392975208202764e-09,0.0,0.0,2.051958127310743e-08,4.2295079764529e-09,1.1778411090988183e-07,5.3005861436096415,1.077225209509531,0.0
256,5168,5.6324004654307345,4.041152315935318e-08,7.623972523123126e-09,6.851520527257865e-08,4.338046322269256e-09,1.1368683772161603e-13,9.114957037698388e-16,2.026293470078006e-08,4.17660783632136e-09,1.1630744240896789e-07,5.300586143687242,1.0772252095263004,0.0
256,5172,5.636759908515433,3.990750459763933e-08,7.528885197399274e-09,6.76585622639211e-08,4.283807893902585e-09,5.684341886080802e-14,4.557478518849194e-16,2.0009515242992308e-08,4.1243728709077915e-09,1.1484939171473514e-07,5.300586143763792,1.077225209542856,0.0
256,5176,5.641119351600132,3.9409803111281257e-08,7.434989640883155e-09,6.681268639272143e-08,4.23025118780274e-09,0.0,0.0,1.975928205693178e-08,4.07279466166805e-09,1.134097264237281e-07,5.300586143839307,1.0772252095592008,0.0
256,5180,5.645478794684831,3.8918339070716885e-08,7.3422708307905285e-09,6.597744149891516e-08,4.177367582983116e-09,5.684341886080802e-14,4.557478518849194e-16,1.951219483449655e-08,4.021864900272819e-09,1.1198820794639074e-07,5.300586143913801,1.0772252095753367,0.0
256,5184,5.649838237769529,3.8433033924683e-08,7.250713947767271e-09,6.515269326044885e-08,4.1251485748309395e-09,1.1368683772161603e-13,9.114957037698388e-16,1.9268213811500073e-08,3.9715753905049396e-09,1.1058460741018355e-07,5.300586143987288,1.077225209591267,0.0
256,5188,5.654197680854228,3.795380997541176e-08,7.160304333478311e-09,6.433830883029236e-08,4.073585752124669e-09,5.684341886080802e-14,4.557478518849194e-16,1.902729966094557e-08,3.921918026261058e-09,1.0919869733806667e-07,5.300586144059781,1.0772252096069945,0.0
256,5192,5.658557123938927,3.748059066273055e-08,7.071027544205453e-09,6.353415731803118e-08,4.022670827526055e-09,5.684341886080802e-14,4.557478518849194e-16,1.878941363545123e-08,3.872884820908392e-09,1.078302561545921e-07,5.300586144131294,1.0772252096225212,0.0
256,5196,5.6629165670236254,3.701330029633604e-08,6.982869300338635e-09,6.274010931645381e-08,3.972395607605981e-09,0.0,0.0,1.8554517426569364e-08,3.8244678782875175e-09,1.0647905645841671e-07,5.300586144201839,1.07722520963785,0.0
256,5200,5.667276010108324,3.655186415537427e-08,6.895815505162535e-09,6.195603708858949e-08,3.9227520046867674e-09,5.684341886080802e-14,4.557478518849194e-16,1.832257322072923e-08,3.776659404243334e-09,1.0514488825571838e-07,5.300586144271431,1.0772252096529835,0.0
256,5204,5.671635453193023,3.609620849341414e-08,6.80985224579488e-09,6.118181456099057e-08,3.8737320364168525e-09,0.0,0.0,1.8093543696728208e-08,3.7294517061079404e-09,1.0382752477871354e-07,5.300586144340084,1.0772252096679242,0.0
256,5208,5.675994896277722,3.564626055680999e-08,6.724965796650682e-09,6.041731736496567e-08,3.825327828381468e-09,0.0,0.0,1.7867392038274447e-08,3.6828371952859374e-09,1.0252676269335408e-07,5.3005861444078075,1.0772252096826744,0.0
256,5212,5.68035433936242,3.52019483930346e-08,6.641142583282666e-09,5.966242251520366e-08,3.777531593754689e-09,0.0,0.0,1.7644081839065595e-08,3.636808367689199e-09,1.0124238769258848e-07,5.300586144474616,1.0772252096972368,0.0
256,5216,5.684713782447119,3.4763200967958106e-08,6.558369204506914e-09,5.8917008593883115e-08,3.730335644956342e-09,5.684341886080802e-14,4.557478518849194e-16,1.7423577156730287e-08,3.591357814855322e-09,9.997419029535155e-08,5.300586144540523,1.0772252097116137,0.0
256,5220,5.689073225531818,3.432994832228877e-08,6.476632461916728e-09,5.818095603047777e-08,3.683732411367909e-09,5.684341886080802e-14,4.557478518849194e-16,1.720584259608117e-08,3.54647824110779e-09,9.872196552317544e-08,5.300586144605538,1.0772252097258073,0.0
256,5224,5.693432668616516,3.3902121197503324e-08,6.395919289311254e-09,5.7454146452831966e-08,3.637714398245815e-09,0.0,0.0,1.699084311669244e-08,3.5021624238937404e-09,9.748551505145178e-08,5.300586144669675,1.07722520973982,0.0
256,5228,5.697792111701215,3.347965123309145e-08,6.316216789907306e-09,5.6736463034754375e-08,3.5922742087293554e-09,0.0,0.0,1.6778544136152865e-08,3.458403235066542e-09,9.6264635137823e-08,5.3005861447329465,1.0772252097536543,0.0
256,5232,5.702151554785914,3.306247104212601e-08,6.237512250596329e-09,5.602779061258631e-08,3.5474045512212252e-09,0.0,0.0,1.6568911564141753e-08,3.415193647909549e-09,9.505913016683749e-08,5.300586144795362,1.0772252097673125,0.0
256,5236,5.706510997870613,3.265051402658623e-08,6.159793107103561e-09,5.5328015387226153e-08,3.503098220521174e-09,0.0,0.0,1.6361911714826406e-08,3.3725267190794162e-09,9.38688044842589e-08,5.300586144856935,1.0772252097807968,0.0
256,5240,5.710870440955311,3.224371440819485e-08,6.083046949805725e-09,5.4637024951571466e-08,3.459348099563502e-09,0.0,0.0,1.6157511314121495e-08,3.330395590102403e-09,9.269346422904207e-08,5.300586144917678,1.0772252097941097,0.0
256,5244,5.71522988404001,3.184200732067923e-08,6.00726154113686e-09,5.395470847298083e-08,3.4161471709696497e-09,5.684341886080802e-14,4.557478518849194e-16,1.5955677554548897e-08,3.2887934986821185e-09,9.153292309876804e-08,5.300586144977599,1.0772252098072528,0.0
256,5248,5.719589327124709,3.144532856139135e-08,5.932424768729349e-09,5.328095624982233e-08,3.373488488971024e-09,1.1368683772161603e-13,9.114957037698388e-16,1.5756377963319516e-08,3.2477137515084657e-09,9.038699199461926e-08,5.3005861450367115,1.0772252098202286,0.0
256,5252,5.723948770209407,3.105361491030217e-08,5.858524705594883e-09,5.261566026953786e-08,3.3313652147428925e-09,1.1368683772161603e-13,9.114957037698388e-16,1.5559580567971408e-08,3.207149758399072e-09,8.925548563884008e-08,5.300586145095026,1.077225209833039,0.0
256,5256,5.728308213294106,3.066680386313369e-08,5.785549559777583e-09,5.195871374662981e-08,3.2897705871519653e-09,5.684341886080802e-14,4.557478518849194e-16,1.5365253759402873e-08,3.167095004067587e-09,8.813821824593823e-08,5.300586145152552,1.0772252098456867,0.0
256,5260,5.732667656378805,3.028483379829337e-08,5.713487705847582e-09,5.131001140705008e-08,3.2486979407625138e-09,0.0,0.0,1.5173366376025683e-08,3.1275430654693977e-09,8.70350177368944e-08,5.300586145209303,1.0772252098581732,0.0
256,5264,5.7370270994635035,2.990764369058613e-08,5.64232763089039e-09,5.066944899874692e-08,3.2081406748465988e-09,5.684341886080802e-14,4.557478518849194e-16,1.498388755887215e-08,3.0884875819362114e-09,8.594569853052157e-08,5.300586145265288,1.077225209870501,0.0
256,5268,5.741386542548202,2.9535173517894584e-08,5.572058011230533e-09,5.0036923997778705e-08,3.1680922980917285e-09,1.1368683772161603e-13,9.114957037698388e-16,1.47967869609968e-08,3.0499222983380503e-09,8.487008587820639e-08,5.3005861453205165,1.0772252098826718,0.0
256,5272,5.745745985632901,2.9167363770012578e-08,5.5026676197688784e-09,4.941233474379706e-08,3.128546373863893e-09,0.0,0.0,1.4612034490705142e-08,3.011841012157418e-09,8.380800869706848e-08,5.300586145375,1.0772252098946877,0.0
256,5276,5.7501054287176,2.8804155885027812e-08,5.434145408309877e-09,4.87955812127942e-08,3.0894965691341346e-09,1.1368683772161603e-13,9.114957037698388e-16,1.442960054122315e-08,2.974237620828905e-09,8.275929387930755e-08,5.300586145428749,1.077225209906551,0.0
256,5280,5.754464871802298,2.8445491961754493e-08,5.3664804533095744e-09,4.8186564500077724e-08,3.0509366217430466e-09,1.1368683772161603e-13,9.114957037698388e-16,1.424945583677383e-08,2.937106090012401e-09,8.172377067062478e-08,5.300586145481772,1.0772252099182633,0.0
256,5284,5.758824314886997,2.8091314835900444e-08,5.29966197024517e-09,4.758518698991531e-08,3.012860351141846e-09,0.0,0.0,1.407157148414589e-08,2.90044046422246e-09,8.070127712181104e-08,5.30058614553408,1.0772252099298267,0.0
256,5288,5.763183757971696,2.7741568158083604e-08,5.2336793283334906e-09,4.699135243547381e-08,2.975261663453723e-09,5.684341886080802e-14,4.557478518849194e-16,1.3895918994530088e-08,2.864234871329222e-09,7.969164486853417e-08,5.300586145585682,1.077225209941243,0.0
256,5292,5.7675432010563945,2.7396196192733002e-08,5.1685220125919625e-09,4.640496564459406e-08,2.9381345315786434e-09,5.684341886080802e-14,4.557478518849194e-16,1.3722470191511004e-08,2.8284835035936204e-09,7.869471390874169e-08,5.300586145636588,1.077225209952514,0.0
256,5296,5.771902644141093,2.7055143781314985e-08,5.104179616900945e-09,4.5825932439886075e-08,2.901472992666775e-09,0.0,0.0,1.3551197200039804e-08,2.7931806153944456e-09,7.771031655042867e-08,5.300586145686808,1.077225209963642,0.0
256,5300,5.776262087225792,2.6718356772457363e-08,5.040641925150243e-09,4.525416034843156e-08,2.865271191787064e-09,1.1368683772161603e-13,9.114957037698388e-16,1.3382072649045147e-08,2.75832056499062e-09,7.673830150334868e-08,5.30058614573635,1.0772252099746282,0.0
256,5304,5.780621530310491,2.638578143940074e-08,4.977898801336426e-09,4.468955762615787e-08,2.82952332015538e-09,0.0,0.0,1.3215069383313681e-08,2.7238977551338404e-09,7.577850947296045e-08,5.300586145785225,1.077225209985475,0.0
256,5308,5.784980973395189,2.6057364954546948e-08,4.9159402790903655e-09,4.413203407276522e-08,2.794223666731712e-09,1.1368683772161603e-13,9.114957037698388e-16,1.3050160704857052e-08,2.6899066828192838e-09,7.483078317585236e-08,5.3005861458334405,1.0772252099961839,0.0
256,5312,5.789340416479888,2.573305493913809e-08,4.854756476720409e-09,4.358150025815978e-08,2.759366569241707e-09,-5.684341886080802e-14,-4.557478518849194e-16,1.2887320143786845e-08,2.6563418920582192e-09,7.389497779491693e-08,5.300586145881005,1.0772252100067568,0.0
256,5316,5.793699859564587,2.5412799812739967e-08,4.794337663145363e-09,4.303786811941724e-08,2.724946451973471e-09,5.684341886080802e-14,4.557478518849194e-16,1.2726521635015849e-08,2.623198010299775e-09,7.297093220976855e-08,5.300586145927928,1.077225210017195,0.0
256,5320,5.7980593026492855,2.5096548613956428e-08,4.7346742240707485e-09,4.250105064767745e-08,2.6909578059532756e-09,1.1368683772161603e-13,9.114957037698388e-16,1.2567739425343912e-08,2.59046972927942e-09,7.205850517805085e-08,5.30058614597422,1.077225210027501,0.0
256,5324,5.802418745733984,2.478425092677351e-08,4.675756648093006e-09,4.1970961778888e-08,2.657395182027981e-09,5.684341886080802e-14,4.557478518849194e-16,1.2410948041685118e-08,2.558151798469932e-09,7.115754825540698e-08,5.300586146019888,1.0772252100376758,0.0
256,5328,5.806778188818683,2.4475857256564233e-08,4.617575597635955e-09,4.1447517017041234e-08,2.624253230325338e-09,5.684341886080802e-14,4.557478518849194e-16,1.2256122474894344e-08,2.526239062971833e-09,7.026791239549202e-08,5.30058614606494,1.077225210047721,0.0
256,5332,5.811137631903382,2.4171318384302234e-08,4.5601217871177786e-09,4.0930632349849905e-08,2.5915266315998998e-09,0.0,0.0,1.2103237859449865e-08,2.494726397489384e-09,6.938946176585452e-08,5.300586146109385,1.077225210057639,0.0
256,5336,5.81549707498808,2.3870585954732226e-08,4.503386093914313e-09,4.0420225233537746e-08,2.5592101595851224e-09,5.684341886080802e-14,4.557478518849194e-16,1.1952269764270501e-08,2.4636087662739823e-09,6.852204802897133e-08,5.300586146153231,1.0772252100674309,0.0
256,5340,5.819856518072779,2.3573612016263812e-08,4.447359471556159e-09,3.9916213827811384e-08,2.527298632555544e-09,5.684341886080802e-14,4.557478518849194e-16,1.1803193966982944e-08,2.4328811765960127e-09,6.766553571953638e-08,5.300586146196486,1.0772252100770985,0.0
256,5344,5.824215961157478,2.3280349433612864e-08,4.392033027576939e-09,3.941851767738937e-08,2.495786956477856e-09,5.684341886080802e-14,4.557478518849194e-16,1.1655986654855779e-08,2.4025387201614834e-09,6.681978349903123e-08,5.300586146239158,1.0772252100866433,0.0
256,5348,5.8285754042421765,2.299075161923969e-08,4.337397972846847e-09,3.8927057273912797e-08,2.4646700972732355e-09,5.684341886080802e-14,4.557478518849194e-16,1.1510624295832357e-08,2.37257654652925e-09,6.598466046011072e-08,5.300586146281255,1.0772252100960669,0.0
256,5352,5.832934847326875,2.2704772515663647e-08,4.283445618236168e-09,3.844175400948279e-08,2.4339430778755653e-09,0.0,0.0,1.1367083624221149e-08,2.342989860161499e-09,6.516002651640588e-08,5.300586146322786,1.0772252101053708,0.0
256,5356,5.837294290411574,2.242236666598396e-08,4.230167387919604e-09,3.7962530314758717e-08,2.4036009869751377e-09,-5.684341886080802e-14,-4.557478518849194e-16,1.1225341682177142e-08,2.3137739289739196e-09,6.434575430546578e-08,5.300586146363757,1.0772252101145567,0.0
256,5360,5.841653733496273,2.2143489155334896e-08,4.177554808331315e-09,3.74893095466736e-08,2.373638971909342e-09,1.1368683772161603e-13,9.114957037698388e-16,1.1085375786044884e-08,2.284924077398312e-09,6.354170965364743e-08,5.300586146404176,1.077225210123626,0.0
256,5364,5.846013176580971,2.1868095704084902e-08,4.125599525747713e-09,3.702201613122077e-08,2.344052247703218e-09,5.684341886080802e-14,4.557478518849194e-16,1.0947163568061148e-08,2.2564356949783656e-09,6.274776330708434e-08,5.300586146444051,1.0772252101325799,0.0
256,5368,5.85037261966567,2.1596142561771143e-08,4.07429328627732e-09,3.656057542875003e-08,2.3148360885406665e-09,5.684341886080802e-14,4.557478518849194e-16,1.081068293807472e-08,2.2283042284793172e-09,6.19637899856272e-08,5.300586146483389,1.0772252101414201,0.0
256,5372,5.854732062750369,2.13275865500307e-08,4.023627943960105e-09,3.6104913762365804e-08,2.285985829562485e-09,5.684341886080802e-14,4.557478518849194e-16,1.0675912090412804e-08,2.200525183303262e-09,6.118966286512242e-08,5.300586146522197,1.0772252101501483,0.0
256,5376,5.859091505835067,2.106238495992394e-08,3.973595441396674e-09,3.5654958261300364e-08,2.257496856949526e-09,5.684341886080802e-14,4.557478518849194e-16,1.0542829458162205e-08,2.1730941140655603e-09,6.042525455123633e-08,5.300586146560483,1.0772252101587658,0.0
256,5380,5.863450948919766,2.0800495748912882e-08,3.924187846909888e-09,3.521063719330223e-08,2.2293646289679003e-09,5.684341886080802e-14,4.557478518849194e-16,1.0411413811416687e-08,2.146006644845643e-09,5.967044568075391e-08,5.300586146598254,1.0772252101672737,0.0
256,5384,5.867810392004465,2.0541877301627205e-08,3.8753973094113666e-09,3.4771879564237624e-08,2.201584650617707e-09,1.1368683772161603e-13,9.114957037698388e-16,1.0281644139041484e-08,2.1192584448162435e-09,5.892511447251494e-08,5.300586146635515,1.0772252101756739,0.0
256,5388,5.872169835089164,2.0286488490855524e-08,3.827216069908006e-09,3.4338615207195694e-08,2.1741524792747374e-09,5.684341886080802e-14,4.557478518849194e-16,1.0153499674531902e-08,2.0928452335733862e-09,5.818914288596263e-08,5.300586146672276,1.0772252101839674,0.0
256,5392,5.876529278173862,2.003428890730151e-08,3.779636504847394e-09,3.391077519752158e-08,2.147063750968333e-09,5.684341886080802e-14,4.557478518849194e-16,1.0026960019636968e-08,2.0667628066177667e-09,5.746240666098111e-08,5.300586146708542,1.0772252101921558,0.0
256,5396,5.880888721258561,1.978523838804186e-08,3.7326510371574526e-09,3.3488291017471185e-08,2.1203141274914243e-09,5.684341886080802e-14,4.557478518849194e-16,9.902004896072831e-09,2.0410069841777732e-09,5.674479476784483e-08,5.300586146744319,1.0772252102002404,0.0
256,5400,5.88524816434326,1.9539297552141367e-08,3.6862522372947126e-09,3.3071095493497746e-08,2.0938993557449184e-09,5.684341886080802e-14,4.557478518849194e-16,9.778614423726965e-09,2.0155736685530972e-09,5.6036190296754685e-08,5.300586146779615,1.0772252102082225,0.0
256,5404,5.889607607427958,1.929642727708677e-08,3.640432724469172e-09,3.265912189259916e-08,2.0678152105228447e-09,1.1368683772161603e-13,9.114957037698388e-16,9.656768852856931e-09,1.990458788915389e-09,5.533647785276468e-08,5.300586146814437,1.0772252102161033,0.0
256,5408,5.893967050512657,1.905658908693772e-08,3.5951852398722264e-09,3.225230459044429e-08,2.042057536814834e-09,0.0,0.0,9.536448762031243e-09,1.965658342107942e-09,5.464554850796206e-08,5.30058614684879,1.077225210223884,0.0
256,5412,5.898326493597356,1.8819744887383906e-08,3.550502596692977e-09,3.185057862741503e-08,2.016622221696883e-09,5.684341886080802e-14,4.557478518849194e-16,9.417634927012443e-09,1.9411683656197972e-09,5.3963291072642864e-08,5.300586146882681,1.077225210231566,0.0
256,5416,5.9026859366820545,1.858585716144316e-08,3.5063777170383156e-09,3.145388000515193e-08,1.991505213107164e-09,-5.684341886080802e-14,-4.557478518849194e-16,9.300308407241514e-09,1.9169849554119607e-09,5.3289594409648816e-08,5.300586146916116,1.0772252102391509,0.0
256,5420,5.907045379766753,1.8354888764078437e-08,3.462803593185702e-09,3.106214538713402e-08,1.9667025008882127e-09,5.684341886080802e-14,4.557478518849194e-16,9.184450458971141e-09,1.893104248012379e-09,5.262434847992309e-08,5.300586146949101,1.0772252102466395,0.0
256,5424,5.911404822851452,1.8126803151776175e-08,3.4197733308950394e-09,3.0675312449006476e-08,1.942210138967954e-09,1.7053025658242404e-13,1.3672435556547582e-15,9.070042637529408e-09,1.869522441594595e-09,5.196745043458451e-08,5.300586146981642,1.0772252102540332,0.0
256,5428,5.915764265936151,1.7901564051657582e-08,3.3772800869837495e-09,3.0293319339735364e-08,1.9180242112426675e-09,1.1368683772161603e-13,9.114957037698388e-16,8.957066638724818e-09,1.8462357632880553e-09,5.131879505489704e-08,5.300586147013747,1.077225210261333,0.0
256,5432,5.920123709020849,1.7679135845393987e-08,3.3353171417556202e-09,2.9916105315867267e-08,1.894140871735192e-09,0.0,0.0,8.845504485849791e-09,1.8232405077233824e-09,5.0678274436591076e-08,5.3005861470454185,1.0772252102685407,0.0
256,5436,5.924483152105548,1.7459483277964466e-08,3.2938778440554905e-09,2.9543610271650148e-08,1.870556314844485e-09,5.684341886080802e-14,4.557478518849194e-16,8.73533839154245e-09,1.8005330085592436e-09,5.004578965841743e-08,5.3005861470766655,1.0772252102756568,0.0
256,5440,5.928842595190247,1.7242571517920817e-08,3.2529556226387436e-09,2.917577481386513e-08,1.8472667800836053e-09,0.0,0.0,8.626550778973328e-09,1.7781096428493696e-09,4.9421235518851754e-08,5.300586147107492,1.0772252102826827,0.0
256,5444,5.9332020382749455,1.7028366225826782e-08,3.212543999082938e-09,2.881254040071916e-08,1.8242685608737136e-09,0.0,0.0,8.519124323711478e-09,1.7559668396720197e-09,4.880451617128387e-08,5.300586147137904,1.0772252102896198,0.0
256,5448,5.937561481359644,1.6816833442339876e-08,3.1726365666735103e-09,2.8453849136616507e-08,1.8015579915500106e-09,5.684341886080802e-14,4.557478518849194e-16,8.4130418924949e-09,1.7341010675093071e-09,4.819553091374412e-08,5.300586147167907,1.077225210296469,0.0
256,5452,5.941920924444343,1.6607939622472832e-08,3.1332269968674792e-09,2.8099643834064842e-08,1.7791314512813283e-09,1.1368683772161603e-13,9.114957037698388e-16,8.308286561670738e-09,1.7125088380481033e-09,4.7594185785850644e-08,5.3005861471975075,1.0772252103032314,0.0
256,5456,5.946280367529042,1.6401651721590016e-08,3.0943090555173935e-09,2.7749868148589456e-08,1.7569853726122335e-09,5.684341886080802e-14,4.557478518849194e-16,8.204841656719266e-09,1.6911867143267449e-09,4.700037792114037e-08,5.30058614722671,1.0772252103099078,0.0
256,5460,5.95063981061374,1.619793707370423e-08,3.055876579911003e-09,2.7404466401006624e-08,1.7351162302102512e-09,1.1368683772161603e-13,9.114957037698388e-16,8.102690700680735e-09,1.6701313001047458e-09,4.641401544960422e-08,5.30058614725552,1.0772252103165,0.0
256,5464,5.954999253698439,1.599676345473963e-08,3.017923490706337e-09,2.7063383663626626e-08,1.7135205463238159e-09,5.684341886080802e-14,4.557478518849194e-16,8.00181743892213e-09,1.649339244967734e-09,4.58350039668596e-08,5.300586147283942,1.0772252103230087,0.0
256,5468,5.959358696783138,1.579809890417725e-08,2.9804437582836394e-09,2.6726565459794877e-08,1.6921948717586922e-09,5.684341886080802e-14,4.557478518849194e-16,7.902205750345037e-09,1.6288072260255681e-09,4.526325259164136e-08,5.300586147311983,1.077225210329435,0.0
256,5472,5.9637181398678365,1.56019120892327e-08,2.943431471450543e-09,2.6393958383109208e-08,1.6711358250837717e-09,5.684341886080802e-14,4.557478518849194e-16,7.803839830576654e-09,1.608531985671772e-09,4.469866632051917e-08,5.300586147339647,1.07722521033578,0.0
256,5476,5.968077582952535,1.5408171913631402e-08,2.9068807636342386e-09,2.6065509433427744e-08,1.6503400505903525e-09,5.684341886080802e-14,4.557478518849194e-16,7.706703995574298e-09,1.5885102911023848e-09,4.414115918887699e-08,5.30058614736694,1.0772252103420445,0.0
256,5480,5.972437026037234,1.5216847690542456e-08,2.8707858455068977e-09,2.5741166309452815e-08,1.6298042368171157e-09,5.684341886080802e-14,4.557478518849194e-16,7.610782768134063e-09,1.5687389521471729e-09,4.3590640628839425e-08,5.300586147393866,1.0772252103482298,0.0
256,5484,5.976796469121933,1.5027909156156703e-08,2.8351410075472882e-09,2.5420877429952267e-08,1.609525117893755e-09,1.7053025658242404e-13,1.3672435556547582e-15,7.516060884104719e-09,1.5492148225504442e-09,4.3047017809112874e-08,5.3005861474204305,1.077225210354337,0.0
256,5488,5.981155912206631,1.484132645709119e-08,2.7999406176645234e-09,2.5104591931585868e-08,1.5894994734033547e-09,5.684341886080802e-14,4.557478518849194e-16,7.422523292407638e-09,1.5299347999751548e-09,4.2510208721284224e-08,5.300586147446638,1.0772252103603666,0.0
256,5492,5.98551535529133,1.4657070080938883e-08,2.765179108095679e-09,2.4792259510741257e-08,1.5697241183682195e-09,5.684341886080802e-14,4.557478518849194e-16,7.33015510686444e-09,1.5108958160735951e-09,4.198012873078777e-08,5.300586147472494,1.0772252103663198,0.0
256,5496,5.989874798376029,1.4475110813056392e-08,2.7308509672534393e-09,2.4483830392104053e-08,1.550195901259887e-09,5.684341886080802e-14,4.557478518849194e-16,7.238941598347177e-09,1.4920948348693819e-09,4.1456688627956285e-08,5.300586147498001,1.0772252103721978,0.0
256,5500,5.9942342414607275,1.4295419853984665e-08,2.6969507618784924e-09,2.417925549393483e-08,1.5309117144636558e-09,1.1368683772161603e-13,9.114957037698388e-16,7.148868242490079e-09,1.4735288625918303e-09,4.093980570249529e-08,5.300586147523168,1.0772252103780016,0.0
256,5504,5.998593684545426,1.4117968905504193e-08,2.663473153274568e-09,2.387848659985163e-08,1.5118685051550092e-09,5.684341886080802e-14,4.557478518849194e-16,7.059920771387413e-09,1.4551949583319473e-09,4.042940193279764e-08,5.300586147547996,1.0772252103837316,0.0
256,5508,6.002953127630125,1.3942729798159643e-08,2.630412827037836e-09,2.358147571958645e-08,1.4930632348258552e-09,0.0,0.0,6.972084984274023e-09,1.437090195019794e-09,3.992538932038262e-08,5.300586147572491,1.0772252103893893,0.0
256,5512,6.007312570714824,1.3769674963929134e-08,2.5977645822299272e-09,2.3288175877093428e-08,1.4744929291836676e-09,-5.684341886080802e-14,-4.557478518849194e-16,6.885346980144731e-09,1.4192117073721323e-09,3.942768938087523e-08,5.300586147596657,1.077225210394975,0.0
256,5516,6.011672013799522,1.3598776922231235e-08,2.565523234408847e-09,2.299854025962615e-08,1.456154624275239e-09,5.684341886080802e-14,4.557478518849194e-16,6.799692906808408e-09,1.4015566401673033e-09,3.8936226617583214e-08,5.300586147620498,1.0772252104004907,0.0
256,5520,6.016031456884221,1.3430008710543133e-08,2.533683696868701e-09,2.271252293091114e-08,1.4380454116413245e-09,0.0,0.0,6.715109171220134e-09,1.3841221915990158e-09,3.845091876381144e-08,5.300586147644021,1.0772252104059366,0.0
256,5524,6.02039089996892,1.3263343673594239e-08,2.5022409408693005e-09,2.243007847842505e-08,1.420162415983965e-09,1.1368683772161603e-13,9.114957037698388e-16,6.631582335327595e-09,1.3669055918081436e-09,3.7971689805466004e-08,5.300586147667227,1.0772252104113134,0.0
256,5528,6.0247503430536185,1.3098755511530784e-08,2.471190004722819e-09,2.2151162113059635e-08,1.4025028014767835e-09,5.684341886080802e-14,4.557478518849194e-16,6.549099146168638e-09,1.3499041090864522e-09,3.749846052836285e-08,5.3005861476901215,1.0772252104166224,0.0
256,5532,6.029109786138317,1.2936218093760073e-08,2.440525958673952e-09,2.1875729304487953e-08,1.3850637486781649e-09,1.1368683772161603e-13,9.114957037698388e-16,6.467646426339046e-09,1.3331150272997518e-09,3.7031158518032175e-08,5.30058614771271,1.0772252104218643,0.0
256,5536,6.033469229223016,1.277570582632642e-08,2.4102439742084607e-09,2.160373647617735e-08,1.3678424985360647e-09,0.0,0.0,6.38721128203186e-09,1.3165356887690849e-09,3.656970434967566e-08,5.300586147734994,1.0772252104270397,0.0
256,5540,6.037828672307715,1.2617193379180528e-08,2.3803392726002616e-09,2.1335140474365867e-08,1.3508363187662018e-09,0.0,0.0,6.307780943618685e-09,1.3001634614112505e-09,3.6114031412845554e-08,5.30058614775698,1.0772252104321498,0.0
256,5544,6.042188115392413,1.2460655672007772e-08,2.350807122237808e-09,2.1069898582072627e-08,1.3340425047391287e-09,5.684341886080802e-14,4.557478518849194e-16,6.229342771107842e-09,1.2839957398638427e-09,3.566406090731059e-08,5.30058614777867,1.0772252104371955,0.0
256,5548,6.046547558477112,1.2306067962722285e-08,2.3216428553192444e-09,2.0807968656184516e-08,1.317458388159886e-09,0.0,0.0,6.151884294239328e-09,1.268029953749648e-09,3.521972567753214e-08,5.30058614780007,1.0772252104421773,0.0
256,5552,6.050907001561811,1.2153405968392554e-08,2.292841890666031e-09,2.0549309343829414e-08,1.301081350767694e-09,0.0,0.0,6.075393276868248e-09,1.252263580947393e-09,3.478095073529059e-08,5.300586147821183,1.077225210447096,0.0
256,5556,6.055266444646509,1.2002645461895913e-08,2.2643996576284354e-09,2.029387938830591e-08,1.2849087803908288e-09,-5.684341886080802e-14,-4.557478518849194e-16,5.999857511344509e-09,1.2366941052091706e-09,3.434766873304648e-08,5.300586147842012,1.0772252104519526,0.0
256,5560,6.059625887731208,1.1853762741262702e-08,2.236311684631241e-09,2.004163842673613e-08,1.2689381214500845e-09,5.684341886080802e-14,4.557478518849194e-16,5.925265054479678e-09,1.2213190647980634e-09,3.3919810806108915e-08,5.300586147862563,1.0772252104567477,0.0
256,5564,6.063985330815907,1.1706734313177952e-08,2.2085735394636863e-09,1.979254644698446e-08,1.2531668405735318e-09,5.684341886080802e-14,4.557478518849194e-16,5.851604066710138e-09,1.206136019336362e-09,3.349730686709058e-08,5.300586147882838,1.0772252104614821,0.0
256,5568,6.068344773900606,1.1561536840980783e-08,2.181180819469119e-09,1.9546563716851215e-08,1.2375924221134102e-09,5.684341886080802e-14,4.557478518849194e-16,5.778862791756607e-09,1.1911425456129714e-09,3.3080089617953046e-08,5.300586147902841,1.077225210466157,0.0
256,5572,6.072704216985304,1.1418147495088722e-08,2.154129217655475e-09,1.930365136060551e-08,1.222212404649357e-09,1.7053025658242404e-13,1.3672435556547582e-15,5.7070297265220986e-09,1.1763362726028787e-09,3.2668094879984695e-08,5.300586147922576,1.077225210470773,0.0
256,5576,6.077063660070003,1.1276543724401296e-08,2.1274144795686554e-09,1.9063770982144186e-08,1.2070243571286824e-09,1.7053025658242404e-13,1.3672435556547582e-15,5.6360935100144656e-09,1.1617148585718024e-09,3.226125361680872e-08,5.300586147942046,1.0772252104753304,0.0
256,5580,6.081423103154702,1.1136703023178715e-08,2.1010323593122335e-09,1.8826884267256256e-08,1.192025853683706e-09,0.0,0.0,5.5660428056324345e-09,1.1472759668129221e-09,3.1859505251534513e-08,5.300586147961257,1.07722521047983,0.0
256,5584,6.0857825462394,1.099860351214891e-08,2.074978729178169e-09,1.859295395390663e-08,1.1772145350653586e-09,1.1368683772161603e-13,9.114957037698388e-16,5.496866587604206e-09,1.133017324687769e-09,3.14627802958383e-08,5.3005861479802086,1.0772252104842732,0.0
256,5588,6.090141989324099,1.0862223245844297e-08,2.0492494489700823e-09,1.836194268446643e-08,1.1625880359720415e-09,0.0,0.0,5.428553802461296e-09,1.1189366538490166e-09,3.1071018133250836e-08,5.3005861479989065,1.0772252104886602,0.0
256,5592,6.094501432408798,1.0727540900072292e-08,2.0238404957003293e-09,1.8133814162085703e-08,1.148144058265468e-09,5.684341886080802e-14,4.557478518849194e-16,5.3610937107108765e-09,1.1050317406661837e-09,3.068415806082201e-08,5.300586148017354,1.0772252104929918,0.0
256,5596,6.0988608754934965,1.0594535212354671e-08,1.9987478580241984e-09,1.790853219073723e-08,1.133880310190952e-09,5.684341886080802e-14,4.557478518849194e-16,5.294475602545511e-09,1.0913003776275583e-09,3.030213794539412e-08,5.3005861480355545,1.0772252104972686,0.0
256,5600,6.103220318578195,1.0463185106833328e-08,1.973967559804425e-09,1.7686060888074605e-08,1.119794519854536e-09,5.684341886080802e-14,4.557478518849194e-16,5.228688860832232e-09,1.0777403763235442e-09,2.992489655759528e-08,5.300586148053511,1.0772252105014914,0.0
256,5604,6.107579761662894,1.0333469967901691e-08,1.949495711734056e-09,1.7466365166680867e-08,1.1058844656932907e-09,5.684341886080802e-14,4.557478518849194e-16,5.163723104037851e-09,1.0643495969065077e-09,2.9552370737211643e-08,5.300586148071227,1.077225210505661,0.0
256,5608,6.111939204747593,1.020536930275573e-08,1.925328447673865e-09,1.7249410142206366e-08,1.0921479390015125e-09,5.684341886080802e-14,4.557478518849194e-16,5.099568010506915e-09,1.051125911870849e-09,2.9184505310740218e-08,5.300586148088706,1.077225210509778,0.0
256,5612,6.116298647832291,1.0078862880831924e-08,1.901461950958497e-09,1.7035161380768016e-08,1.0785827595948276e-09,5.684341886080802e-14,4.557478518849194e-16,5.036213392008557e-09,1.0380672212125208e-09,2.8821239083644157e-08,5.300586148105951,1.0772252105138431,0.0
256,5616,6.12065809091699,9.95393083774226e-09,1.8778924740046746e-09,1.6823585068394095e-08,1.0651867865386055e-09,5.684341886080802e-14,4.557478518849194e-16,4.97364924361463e-09,1.0251714627099388e-09,2.846251553072351e-08,5.300586148122965,1.077225210517857,0.0
256,5620,6.125017534001689,9.830553419340396e-09,1.854616290027136e-09,1.6614647593879747e-08,1.0519578917364186e-09,5.684341886080802e-14,4.557478518849194e-16,4.911865620911948e-09,1.0124365866148975e-09,2.810827684255416e-08,5.30058614813975,1.07722521052182,0.0
256,5624,6.1293769770863875,9.708711303936859e-09,1.831629753827231e-09,1.6408316065388348e-08,1.038893992638702e-09,5.684341886080802e-14,4.557478518849194e-16,4.850852791757059e-09,9.998605869323524e-10,2.7758465727389562e-08,5.300586148156312,1.0772252105257334,0.0
256,5628,6.133736420171086,9.588385281648454e-09,1.8089292412995022e-09,1.6204557797842753e-08,1.0259930197868861e-09,0.0,0.0,4.790601085748637e-09,9.874414703935806e-10,2.7413031915796113e-08,5.300586148172651,1.077225210529597,0.0
256,5632,6.138095863255785,9.469556350812432e-09,1.7865111676210235e-09,1.6003340449150202e-08,1.0132529254384883e-09,1.1368683772161603e-13,9.114957037698388e-16,4.731100933573133e-09,9.751772645661318e-10,2.707191306957656e-08,5.3005861481887715,1.077225210533412,0.0
256,5636,6.142455306340484,9.35220580704716e-09,1.7643720040534429e-09,1.5804632193760544e-08,1.0006716945559672e-09,5.684341886080802e-14,4.557478518849194e-16,4.672342919113833e-09,9.63066028594575e-10,2.67350613552956e-08,5.300586148204677,1.0772252105371787,0.0
256,5640,6.146814749425182,9.236315187444156e-09,1.7425082674143423e-09,1.560840161417549e-08,9.882473379376209e-10,5.684341886080802e-14,4.557478518849194e-16,4.614317746885651e-09,9.511058464881404e-10,2.6402418593243726e-08,5.300586148220369,1.0772252105408981,0.0
256,5644,6.151174192509881,9.121866261879865e-09,1.7209165184381307e-09,1.5414617697501853e-08,9.759778919993564e-10,0.0,0.0,4.557016241406052e-09,9.392948269910538e-10,2.6073930484962202e-08,5.30058614823585,1.0772252105445705,0.0
256,5648,6.15553363559458,9.008840968141869e-09,1.6995933495370603e-09,1.5223249700482036e-08,9.638614102290816e-10,5.684341886080802e-14,4.557478518849194e-16,4.500429306414627e-09,9.276310951768515e-10,2.5749552613901573e-08,5.300586148251126,1.0772252105481965,0.0
256,5652,6.1598930786792785,8.89722156190301e-09,1.6785354130951021e-09,1.5034267433032518e-08,9.518959811389697e-10,5.684341886080802e-14,4.557478518849194e-16,4.444548009740159e-09,9.161128099412288e-10,2.542922448953524e-08,5.300586148266196,1.077225210551777,0.0
256,5656,6.164252521763977,8.786990502673289e-09,1.6577393999518152e-09,1.4847641058766098e-08,9.400797156355092e-10,0.0,0.0,4.389363524094794e-09,9.047381517985007e-10,2.511290184365186e-08,5.300586148281065,1.0772252105553122,0.0
256,5660,6.168611964848676,8.678130309817742e-09,1.6372020122389128e-09,1.4663340835087246e-08,9.284107305636156e-10,5.684341886080802e-14,4.557478518849194e-16,4.334867049662582e-09,8.935053069255069e-10,2.48005283580204e-08,5.300586148295735,1.077225210558803,0.0
256,5664,6.172971407933375,8.570623970301058e-09,1.616920040304701e-09,1.448133782010402e-08,9.168871934648238e-10,1.1368683772161603e-13,9.114957037698388e-16,4.281050023704178e-09,8.824125103654546e-10,2.449205879930375e-08,5.300586148310208,1.0772252105622495,0.0
256,5668,6.177330851018073,8.464454540305063e-09,1.59689028755588e-09,1.4301603189429994e-08,9.055072793205406e-10,0.0,0.0,4.227903918236613e-09,8.714580043255547e-10,2.4187445330530887e-08,5.300586148324488,1.077225210565653,0.0
256,5672,6.181690294102772,8.35960536925933e-09,1.5771096127227933e-09,1.412410861615289e-08,8.94269194609793e-10,0.0,0.0,4.175420352411476e-09,8.606400613404786e-10,2.3886637531319324e-08,5.300586148338577,1.077225210569013,0.0
256,5676,6.186049737187471,8.256059925774078e-09,1.5575748970202141e-09,1.3948825983160354e-08,8.83171159095109e-10,5.684341886080802e-14,4.557478518849194e-16,4.123591007694627e-09,8.49956966789152e-10,2.358958507523346e-08,5.300586148352478,1.0772252105723312,0.0
256,5680,6.1904091802721695,8.153801881130304e-09,1.5382830598984553e-09,1.3775727507581866e-08,8.722114137015679e-10,5.684341886080802e-14,4.557478518849194e-16,4.072407664077186e-09,8.394070263585833e-10,2.3296243596305577e-08,5.300586148366192,1.0772252105756075,0.0
256,5684,6.194768623356868,8.05281522997043e-09,1.5192310818126724e-09,1.3604785972529993e-08,8.613882351895183e-10,5.684341886080802e-14,4.557478518849194e-16,4.021862269549778e-09,8.289885803639367e-10,2.3006564942840366e-08,5.300586148379724,1.0772252105788425,0.0
256,5688,6.199128066441567,7.953084053643879e-09,1.5004159595760243e-09,1.3435974302665547e-08,8.50699909281449e-10,5.684341886080802e-14,4.557478518849194e-16,3.971946813775836e-09,8.186999777099996e-10,2.2720509077452217e-08,5.300586148393073,1.0772252105820366,0.0
256,5692,6.203487509526266,7.854592762908203e-09,1.4818347521472729e-09,1.326926598134737e-08,8.40144757073864e-10,5.684341886080802e-14,4.557478518849194e-16,3.922653451657083e-09,8.085396013605715e-10,2.2438022465783255e-08,5.3005861484062455,1.0772252105851905,0.0
256,5696,6.207846952610964,7.757325782351294e-09,1.4634845210943908e-09,1.3104634522210957e-08,8.297211015802364e-10,0.0,0.0,3.873974347285248e-09,7.985058361737015e-10,2.2159062135575617e-08,5.300586148419241,1.077225210588305,0.0
256,5700,6.212206395695663,7.661267806648343e-09,1.4453623789395825e-09,1.294205389073921e-08,8.19427294422798e-10,5.684341886080802e-14,4.557478518849194e-16,3.825901798172806e-09,7.885970945081993e-10,2.1883587510524343e-08,5.300586148432063,1.0772252105913802,0.0
256,5704,6.216565838780362,7.566403770486792e-09,1.4274654834853753e-09,1.278149847025587e-08,8.092617136794107e-10,5.684341886080802e-14,4.557478518849194e-16,3.778428225783399e-09,7.788118142717618e-10,2.161154963307521e-08,5.300586148444714,1.0772252105944164,0.0
256,5708,6.22092528186506,7.472718868910188e-09,1.4097910416526573e-09,1.2622943083684193e-08,7.99222765261219e-10,5.684341886080802e-14,4.557478518849194e-16,3.731546181526278e-09,7.691484601565497e-10,2.1342910760067273e-08,5.300586148457195,1.0772252105974145,0.0
256,5712,6.225284724949759,7.380198293015744e-09,1.392336259617808e-09,1.2466362552382852e-08,7.89308854980305e-10,5.684341886080802e-14,4.557478518849194e-16,3.685248216525008e-09,7.596054967958381e-10,2.1077623691178155e-08,5.30058614846951,1.0772252106003748,0.0
256,5716,6.229644168034458,7.288827474615177e-09,1.3750983889700158e-09,1.2311732098981193e-08,7.795184140552399e-10,5.684341886080802e-14,4.557478518849194e-16,3.639527000339256e-09,7.501814132350199e-10,2.081565061145062e-08,5.300586148481661,1.0772252106032978,0.0
256,5720,6.234003611119157,7.198592126825909e-09,1.358074734369147e-09,1.2159027435721884e-08,7.698499047045055e-10,5.684341886080802e-14,4.557478518849194e-16,3.594375347767185e-09,7.408747284561309e-10,2.055694783003394e-08,5.300586148493648,1.077225210606184,0.0
256,5724,6.238363054203855,7.109478101929602e-09,1.3412626267295687e-09,1.2008224504086998e-08,7.603018036608973e-10,5.684341886080802e-14,4.557478518849194e-16,3.5497861411707457e-09,7.31683975367494e-10,2.030147570539008e-08,5.3005861485054755,1.0772252106090339,0.0
256,5728,6.242722497288554,7.021471308191248e-09,1.3246594075273724e-09,1.1859299347246628e-08,7.508725940955966e-10,5.684341886080802e-14,4.557478518849194e-16,3.5057522932195167e-09,7.226076931244581e-10,2.0049187567903844e-08,5.300586148517145,1.0772252106118476,0.0
256,5732,6.247081940373253,6.934557966074611e-09,1.3082624771375641e-09,1.1712228534542795e-08,7.415607924944073e-10,5.684341886080802e-14,4.557478518849194e-16,3.4622668720861617e-09,7.136444529347578e-10,1.9800051943905774e-08,5.300586148528659,1.077225210614626,0.0
256,5736,6.251441383457951,6.848724484470461e-09,1.2920692714834838e-09,1.156698896296287e-08,7.323649360880277e-10,5.684341886080802e-14,4.557478518849194e-16,3.419323043125203e-09,7.047928460373087e-10,1.9554025186952846e-08,5.3005861485400185,1.0772252106173696,0.0
256,5740,6.25580082654265,6.7639573942698096e-09,1.2760772495048395e-09,1.1423557734597062e-08,7.232835750932606e-10,1.1368683772161603e-13,9.114957037698388e-16,3.3769140322885185e-09,6.960514761613887e-10,1.9311066682924004e-08,5.300586148551227,1.0772252106200788,0.0
256,5744,6.260160269627349,6.680243306880233e-09,1.260283885331464e-09,1.1281912085175391e-08,7.143152681883254e-10,1.1368683772161603e-13,9.114957037698388e-16,3.3350331049514597e-09,6.874189551622646e-10,1.907114242010895e-08,5.300586148562286,1.0772252106227538,0.0
256,5748,6.2645197127120475,6.597569090702279e-09,1.244686701577068e-09,1.1142029697935289e-08,7.054586023854129e-10,5.684341886080802e-14,4.557478518849194e-16,3.2936736592447978e-09,6.788939222588273e-10,1.8834208805464397e-08,5.300586148573196,1.0772252106253952,0.0
256,5752,6.268879155796746,6.51592183893322e-09,1.2292832632651482e-09,1.1003888625318076e-08,6.967121880728915e-10,5.684341886080802e-14,4.557478518849194e-16,3.2528292020760562e-09,6.704750390910948e-10,1.8600234760276378e-08,5.300586148583961,1.0772252106280034,0.0
256,5756,6.273238598881445,6.435288719776018e-09,1.2140711495696528e-09,1.0867467063937393e-08,6.880746447674121e-10,5.684341886080802e-14,4.557478518849194e-16,3.212493283579145e-09,6.621609762089333e-10,1.8369176719477654e-08,5.300586148594583,1.0772252106305786,0.0
256,5760,6.277598041966144,6.355657014126195e-09,1.1990479609249266e-09,1.0732743391655108e-08,6.795446034613741e-10,0.0,0.0,3.1726595071510135e-09,6.53950415140817e-10,1.8141003514246386e-08,5.3005861486050625,1.0772252106331217,0.0
256,5764,6.281957485050842,6.2770143351049465e-09,1.184211360442472e-09,1.0599696550934387e-08,6.711207308949576e-10,0.0,0.0,3.1333216432118744e-09,6.458420718421522e-10,1.7915676763298194e-08,5.300586148615403,1.0772252106356328,0.0
256,5768,6.286316928135541,6.199348326031247e-09,1.169559016930855e-09,1.0468305546667717e-08,6.628016977610613e-10,1.1368683772161603e-13,9.114957037698388e-16,3.0944734810335247e-09,6.378346661540447e-10,1.7693158098833315e-08,5.300586148625604,1.0772252106381122,0.0
256,5772,6.29067637122024,6.122646764259805e-09,1.155088624485606e-09,1.0338549600740172e-08,6.545861884914885e-10,5.684341886080802e-14,4.557478518849194e-16,3.0561088737066735e-09,6.299269310719911e-10,1.7473417975086837e-08,5.30058614863567,1.0772252106405604,0.0
256,5776,6.2950358143049385,6.046897659309656e-09,1.1407979210020022e-09,1.0210408336810948e-08,6.464729129564069e-10,0.0,0.0,3.0182217934262866e-09,6.221176241413267e-10,1.72564165809974e-08,5.300586148645601,1.0772252106429778,0.0
256,5780,6.299395257389637,5.972089075648322e-09,1.1266846547418126e-09,1.0083861476290089e-08,6.384605872150879e-10,0.0,0.0,2.9808062414551596e-09,6.144055088988648e-10,1.7042121390709065e-08,5.3005861486554,1.0772252106453648,0.0
256,5784,6.303754700474336,5.898209383218148e-09,1.1127466315971919e-09,9.958889242363588e-09,6.305479590967919e-10,5.684341886080802e-14,4.557478518849194e-16,2.9438563668943388e-09,6.06789379353924e-10,1.683049965525566e-08,5.300586148665068,1.0772252106477216,0.0
256,5788,6.308114143559035,5.8252469710370734e-09,1.0989816610590658e-09,9.835471919452118e-09,6.227337803078583e-10,0.0,0.0,2.9073663379546933e-09,5.992680334547513e-10,1.662151455687213e-08,5.300586148674607,1.0772252106500488,0.0
256,5792,6.312473586643733,5.753190288280855e-09,1.0853875639676361e-09,9.713589876532918e-09,6.15016807908333e-10,5.684341886080802e-14,4.557478518849194e-16,2.8713303472502485e-09,5.918402741795861e-10,1.6415137248550237e-08,5.300586148684018,1.077225210652347,0.0
256,5796,6.316833029728432,5.68202813634803e-09,1.071962227612884e-09,9.593224081711656e-09,6.073958368921319e-10,0.0,0.0,2.835742764651126e-09,5.845049410427968e-10,1.621133384111165e-08,5.300586148693304,1.0772252106546163,0.0
256,5800,6.321192472813131,5.6117494029613955e-09,1.058703555570586e-09,9.474355656448393e-09,5.998696719628178e-10,5.684341886080802e-14,4.557478518849194e-16,2.800598005623091e-09,5.772608829569526e-10,1.601006904586868e-08,5.300586148702466,1.0772252106568572,0.0
256,5804,6.3255519158978295,5.5423429674035106e-09,1.0456094498241965e-09,9.356965703237623e-09,5.92437116623147e-10,5.684341886080802e-14,4.557478518849194e-16,2.7658904798615166e-09,5.701069476452264e-10,1.581131572670049e-08,5.300586148711506,1.0772252106590696,0.0
256,5808,6.329911358982528,5.47379811468673e-09,1.0326778889014972e-09,9.24103601661141e-09,5.850970181922963e-10,5.684341886080802e-14,4.557478518849194e-16,2.7316148018710934e-09,5.630420250462053e-10,1.5615039825330035e-08,5.300586148720425,1.0772252106612543,0.0
256,5812,6.334270802067227,5.406103963469387e-09,1.0199068199461881e-09,9.126548104277465e-09,5.778482058291328e-10,0.0,0.0,2.6977655011641323e-09,5.560649875797987e-10,1.5421208895530143e-08,5.300586148729226,1.0772252106634115,0.0
256,5816,6.338630245151926,5.339249942707513e-09,1.0072942486422317e-09,9.013484017341558e-09,5.706895430978202e-10,0.0,0.0,2.6643372685587238e-09,5.491747409143565e-10,1.5229796271850386e-08,5.300586148737909,1.0772252106655418,0.0
256,5820,6.342989688236624,5.27322563511152e-09,9.948382096806423e-10,8.901826059654929e-09,5.63619909565124e-10,5.684341886080802e-14,4.557478518849194e-16,2.6313248693459193e-09,5.423702060686384e-10,1.5040766167703203e-08,5.3005861487464765,1.0772252106676452,0.0
256,5824,6.347349131321323,5.208020675080673e-09,9.825367475039695e-10,8.79155661553371e-09,5.56638189892452e-10,5.684341886080802e-14,4.557478518849194e-16,2.5987230923652487e-09,5.356503089152301e-10,1.485409495707831e-08,5.30058614875493,1.0772252106697222,0.0
256,5828,6.351708574406022,5.143624831562017e-09,9.703879319383293e-10,8.682658311726764e-09,5.497432840908613e-10,1.1368683772161603e-13,9.114957037698388e-16,2.566526798649771e-09,5.290139902072893e-10,1.4669750801661707e-08,5.30058614876327,1.0772252106717732,0.0
256,5832,6.3560680174907205,5.0800280455732094e-09,9.583898652724015e-10,8.57511405568737e-09,5.429341099442343e-10,5.684341886080802e-14,4.557478518849194e-16,2.534730931866985e-09,5.224602077306326e-10,1.4487699310102728e-08,5.300586148771499,1.0772252106737983,0.0
256,5836,6.360427460575419,5.017220329337386e-09,9.46540663228375e-10,8.468906887173641e-09,5.362095936133462e-10,0.0,0.0,2.503330475213576e-09,5.159879274188547e-10,1.4307918539459257e-08,5.300586148779619,1.077225210675798,0.0
256,5840,6.364786903660118,4.955191882343222e-09,9.348384768576528e-10,8.364020157593335e-09,5.295686809910965e-10,5.684341886080802e-14,4.557478518849194e-16,2.4723205038520277e-09,5.095961341615949e-10,1.4130379202234412e-08,5.30058614878763,1.0772252106777729,0.0
256,5844,6.369146346744817,4.893932982098129e-09,9.232814719305264e-10,8.260437348172365e-09,5.230103261898332e-10,0.0,0.0,2.441696131252432e-09,5.032838207444781e-10,1.3955049895529477e-08,5.300586148795534,1.0772252106797229,0.0
256,5848,6.373505789829515,4.833434076637213e-09,9.118678463887656e-10,8.158142245461143e-09,5.16533502653552e-10,5.684341886080802e-14,4.557478518849194e-16,2.4114525617438264e-09,4.970499986810279e-10,1.3781909012639859e-08,5.300586148803334,1.077225210681648,0.0
256,5852,6.377865232914214,4.773685711813195e-09,9.005958166282536e-10,8.057118783092996e-09,5.101371931388166e-10,5.684341886080802e-14,4.557478518849194e-16,2.3815850425041723e-09,4.908936883168132e-10,1.3610919689370725e-08,5.300586148811029,1.0772252106835492,0.0
256,5856,6.382224675998913,4.714678478181851e-09,8.894636074784793e-10,7.957350990335108e-09,5.038203864572566e-10,-5.684341886080802e-14,-4.557478518849194e-16,2.3520888496816305e-09,4.848139159687569e-10,1.3442063952432426e-08,5.300586148818622,1.0772252106854265,0.0
256,5860,6.3865841190836115,4.656403140133937e-09,8.784694765643571e-10,7.858823180123554e-09,4.97582089381023e-10,1.1368683772161603e-13,9.114957037698388e-16,2.322959342934569e-09,4.788097251669541e-10,1.3275310618413065e-08,5.300586148826114,1.0772252106872802,0.0
256,5864,6.39094356216831,4.5988506095263875e-09,8.676117093315324e-10,7.761519911044803e-09,4.914213242356431e-10,5.684341886080802e-14,4.557478518849194e-16,2.294191954419443e-09,4.72880174384848e-10,1.3110633464236244e-08,5.3005861488335055,1.0772252106891107,0.0
256,5868,6.395303005253009,4.54201191518086e-09,8.568886132920256e-10,7.665425955429473e-09,4.853371268798741e-10,0.0,0.0,2.265782180040805e-09,4.67024335235676e-10,1.2948008371028615e-08,5.300586148840799,1.0772252106909181,0.0
256,5872,6.399662448337708,4.485878089059877e-09,8.462984965504077e-10,7.57052608761193e-09,4.793285332993409e-10,1.1368683772161603e-13,9.114957037698388e-16,2.237725516180587e-09,4.6124127943107393e-10,1.2787408011931103e-08,5.300586148847995,1.077225210692703,0.0
256,5876,6.404021891422406,4.430440419353037e-09,8.35839715550635e-10,7.476805510261868e-09,4.733946065997576e-10,5.684341886080802e-14,4.557478518849194e-16,2.2100175856874885e-09,4.555301047500803e-10,1.2628806489310963e-08,5.300586148855095,1.0772252106944653,0.0
256,5880,6.408381334507105,4.375690293081822e-09,8.255106453821265e-10,7.384249602548726e-09,4.675344210619353e-10,1.1368683772161603e-13,9.114957037698388e-16,2.1826540639183393e-09,4.4988991979474014e-10,1.2472182646672028e-08,5.300586148862101,1.0772252106962057,0.0
256,5884,6.412740777591804,4.321618992423478e-09,8.153096413545578e-10,7.292843561644371e-09,4.617470394434929e-10,5.684341886080802e-14,4.557478518849194e-16,2.1556305722581995e-09,4.4431982204240623e-10,1.2317507471237982e-08,5.300586148869014,1.0772252106979243,0.0
256,5888,6.417100220676502,4.268218131612012e-09,8.052351214228954e-10,7.202573146512111e-09,4.560315600719242e-10,0.0,0.0,2.1289428981971938e-09,4.388189432081031e-10,1.2164758245737634e-08,5.300586148875834,1.0772252106996216,0.0
256,5892,6.421459663761201,4.215479445648388e-09,7.952855263258041e-10,7.1134243345321115e-09,4.503870951038058e-10,0.0,0.0,2.1025868942941356e-09,4.333864284188514e-10,1.2013909071447993e-08,5.300586148882564,1.0772252107012974,0.0
256,5896,6.4258191068459,4.163394651859725e-09,7.854592934676301e-10,7.025383052322232e-09,4.448127534816945e-10,0.0,0.0,2.0765583973745254e-09,4.2802141955871207e-10,1.1864942800618269e-08,5.300586148889204,1.077225210702952,0.0
256,5900,6.430178549930599,4.111955599214302e-09,7.757548850879271e-10,6.938435467532401e-09,4.3930765940911384e-10,5.684341886080802e-14,4.557478518849194e-16,2.0508533161656383e-09,4.227230733321814e-10,1.17178298887305e-08,5.300586148895756,1.0772252107045859,0.0
256,5904,6.434537993015297,4.061154198562894e-09,7.661707751009007e-10,6.852567846024435e-09,4.3387094330788185e-10,5.684341886080802e-14,4.557478518849194e-16,2.0254675882078465e-09,4.1749055238272813e-10,1.157254432272067e-08,5.30058614890222,1.0772252107061993,0.0
256,5908,6.438897436099996,4.010982544514419e-09,7.567054720882702e-10,6.767766769296845e-09,4.285017555843821e-10,0.0,0.0,2.0003972445306125e-09,4.1232303862384627e-10,1.142906838175567e-08,5.300586148908599,1.0772252107077924,0.0
256,5912,6.443256879184695,3.961432859952253e-09,7.473575088318064e-10,6.684019034438086e-09,4.231992602950945e-10,5.684341886080802e-14,4.557478518849194e-16,1.975638379857161e-09,4.072197270976251e-10,1.128738198816746e-08,5.300586148914893,1.0772252107093656,0.0
256,5916,6.447616322269393,3.912497321407978e-09,7.381254093686255e-10,6.601311368065529e-09,4.1796261703461614e-10,5.684341886080802e-14,4.557478518849194e-16,1.951187068350351e-09,4.021798086082394e-10,1.1147455828016536e-08,5.300586148921102,1.077225210710919,0.0
256,5920,6.451975765354092,3.864168273071783e-09,7.290077293660452e-10,6.519630775907707e-09,4.1279100306949193e-10,0.0,0.0,1.927039466540157e-09,3.9720249093742136e-10,1.1009274101414612e-08,5.30058614892723,1.077225210712453,0.0
256,5924,6.456335208438791,3.816438274744983e-09,7.200030651682294e-10,6.438964615317097e-09,4.0768361792936854e-10,5.684341886080802e-14,4.557478518849194e-16,1.903191834464378e-09,3.9228700320199617e-10,1.0872805733185729e-08,5.300586148933275,1.0772252107139677,0.0
256,5928,6.4606946515234895,3.769299799622607e-09,7.111099967803397e-10,6.359300123947428e-09,4.026396535651552e-10,5.684341886080802e-14,4.557478518849194e-16,1.8796403977007614e-09,3.8743256741586284e-10,1.0738041218685368e-08,5.3005861489392405,1.0772252107154634,0.0
256,5932,6.465054094608188,3.7227455206122324e-09,7.02327141884984e-10,6.2806248598089125e-09,3.9765832221116096e-10,5.684341886080802e-14,4.557478518849194e-16,1.8563814759382977e-09,3.826384249911848e-10,1.0604951960104254e-08,5.3005861489451265,1.0772252107169404,0.0
256,5936,6.469413537692887,3.676768135760357e-09,6.936531229074383e-10,6.202926434346935e-09,3.927388394849472e-10,1.1368683772161603e-13,9.114957037698388e-16,1.8334114050436838e-09,3.7790382067468327e-10,1.0473518927609407e-08,5.300586148950934,1.077225210718399,0.0
256,5940,6.473772980777586,3.6313604973571297e-09,6.85086591372336e-10,6.126192713821119e-09,3.8788043713766154e-10,0.0,0.0,1.8107265960112424e-09,3.7322801469842945e-10,1.0343720931344201e-08,5.300586148956665,1.0772252107198392,0.0
256,5944,6.478132423862284,3.586515495383295e-09,6.766262059149572e-10,6.050411637960378e-09,3.830823515721664e-10,5.684341886080802e-14,4.557478518849194e-16,1.7883234818948136e-09,3.6861027184141493e-10,1.0215537087092952e-08,5.300586148962319,1.0772252107212617,0.0
256,5948,6.482491866946983,3.542226138198398e-09,6.682706475037349e-10,5.975571336447377e-09,3.7834383121826283e-10,0.0,0.0,1.7661985515532666e-09,3.6404986838519635e-10,1.0088947827737006e-08,5.300586148967898,1.0772252107226663,0.0
256,5952,6.486851310031682,3.498485499628037e-09,6.600186094578215e-10,5.901660056957616e-09,3.7366413197647867e-10,5.684341886080802e-14,4.557478518849194e-16,1.7443483289835775e-09,3.5954608785401713e-10,9.96393469524581e-09,5.3005861489734025,1.0772252107240532,0.0
256,5956,6.4912107531163805,3.4552868146839772e-09,6.518688155054909e-10,5.828666320405872e-09,3.69042527047511e-10,5.684341886080802e-14,4.557478518849194e-16,1.7227694189900538e-09,3.550982304281747e-10,9.840476061354883e-09,5.300586148978835,1.0772252107254223,0.0
256,5960,6.495570196201079,3.4126233428148966e-09,6.438199939852453e-10,5.756578691491043e-09,3.6447829240425225e-10,0.0,0.0,1.701458439407319e-09,3.5070559897378284e-10,9.718551219724828e-09,5.300586148984194,1.0772252107267746,0.0
256,5964,6.499929639285778,3.370488322575508e-09,6.358708692937651e-10,5.685385696048943e-09,3.599707015589755e-10,5.684341886080802e-14,4.557478518849194e-16,1.6804119964571672e-09,3.463674939633122e-10,9.598146444518645e-09,5.300586148989481,1.0772252107281097,0.0
256,5968,6.504289082370477,3.328875251291449e-09,6.280202146470347e-10,5.615076303552155e-09,3.555190561128551e-10,5.684341886080802e-14,4.557478518849194e-16,1.6596268277343016e-09,3.420832429478933e-10,9.47923818021951e-09,5.300586148994699,1.0772252107294285,0.0
256,5972,6.508648525455175,3.287777673594367e-09,6.202668121857134e-10,5.545639555540856e-09,3.511226622300317e-10,5.684341886080802e-14,4.557478518849194e-16,1.6390996918648526e-09,3.3785217781366705e-10,9.361806140298447e-09,5.300586148999848,1.0772252107307305,0.0
256,5976,6.513007968539874,3.2471890807481967e-09,6.126094339821945e-10,5.477064417056004e-09,3.467808212310911e-10,5.684341886080802e-14,4.557478518849194e-16,1.6188273253352692e-09,3.336736258833301e-10,9.245838070366098e-09,5.3005861490049275,1.0772252107320162,0.0
256,5980,6.517367411624573,3.2071032020049063e-09,6.050468970073079e-10,5.409340243588529e-09,3.424928591579936e-10,1.1368683772161603e-13,9.114957037698388e-16,1.5988065796530638e-09,3.295469381877873e-10,9.1313096328833e-09,5.30058614900994,1.0772252107332858,0.0
256,5984,6.5217268547092715,3.167513854535645e-09,5.975780348185744e-10,5.342456549040577e-09,3.382581120825201e-10,1.7053025658242404e-13,1.3672435556547582e-15,1.5790343534988985e-09,3.254714754813006e-10,9.018205135804479e-09,5.300586149014887,1.0772252107345395,0.0
256,5988,6.52608629779397,3.1284147970974396e-09,5.902016699532007e-10,5.27640274204407e-09,3.340759094112575e-10,1.1368683772161603e-13,9.114957037698388e-16,1.559507514204226e-09,3.2144659205641455e-10,8.906508509392221e-09,5.300586149019766,1.0772252107357776,0.0
256,5992,6.530445740878669,3.089799918205831e-09,5.829166494284246e-10,5.2111684598977945e-09,3.2994559502885594e-10,5.684341886080802e-14,4.557478518849194e-16,1.5402229970277854e-09,3.174716562068856e-10,8.796198913486002e-09,5.300586149024582,1.0772252107370002,0.0
256,5996,6.534805183963368,3.051663167377559e-09,5.757218317698716e-10,5.146743432384171e-09,3.2586651867557495e-10,5.684341886080802e-14,4.557478518849194e-16,1.521177764200471e-09,3.1354604178598614e-10,8.687260293946193e-09,5.300586149029333,1.0772252107382074,0.0
256,6000,6.539164627048066,3.013998740417615e-09,5.686161219675096e-10,5.083117814400434e-09,3.2183805700785626e-10,0.0,0.0,1.502368903939947e-09,3.096691486154547e-10,8.579675415476368e-09,5.300586149034022,1.0772252107393996,0.0
256,6004,6.543524070132765,2.9768006520183134e-09,5.615983908428825e-10,5.020281464329452e-09,3.1785956790830825e-10,5.684341886080802e-14,4.557478518849194e-16,1.483793417137149e-09,3.05840358517194e-10,8.473431437814156e-09,5.300586149038647,1.0772252107405769,0.0
256,6008,6.547883513217464,2.94006309432339e-09,5.546675426952319e-10,4.958224524370018e-09,3.1393042722936983e-10,5.684341886080802e-14,4.557478518849194e-16,1.4654483880290393e-09,3.020590704924379e-10,8.368506608180676e-09,5.300586149043212,1.0772252107417395,0.0
256,6012,6.5522429563021625,2.9037803891660526e-09,5.478225062908049e-10,4.896937360925134e-09,3.1005002501898926e-10,1.1368683772161603e-13,9.114957037698388e-16,1.447330967309444e-09,2.983246972405476e-10,8.264887240456191e-09,5.3005861490477155,1.0772252107428875,0.0
256,6016,6.556602399386861,2.8679468556739073e-09,5.410622098854144e-10,4.836410341480349e-09,3.062177513936564e-10,0.0,0.0,1.4294383061888022e-09,2.946366515673689e-10,8.16255291383499e-09,5.30058614905216,1.0772252107440208,0.0
256,6020,6.56096184247156,2.8325569958610797e-09,5.34385616237948e-10,4.7766341406919975e-09,3.024330159184068e-10,5.684341886080802e-14,4.557478518849194e-16,1.4117676466208256e-09,2.909943649828034e-10,8.06148996755855e-09,5.300586149056545,1.0772252107451399,0.0
256,6024,6.565321285556259,2.7976051902755344e-09,5.277916651916841e-10,4.717599227205226e-09,2.986952151146593e-10,5.684341886080802e-14,4.557478518849194e-16,1.394316169629986e-09,2.8739725643798255e-10,7.961685102498477e-09,5.300586149060872,1.0772252107462454,0.0
256,6028,6.569680728640957,2.763086053614175e-09,5.212793407640604e-10,4.659296473188963e-09,2.9500377105297673e-10,1.1368683772161603e-13,9.114957037698388e-16,1.3770811758071837e-09,2.838447695291393e-10,7.863118876600366e-09,5.300586149065142,1.077225210747337,0.0
256,6032,6.574040171725656,2.728994249361276e-09,5.148476361766614e-10,4.601716829360774e-09,2.913581107772362e-10,5.684341886080802e-14,4.557478518849194e-16,1.360059988829052e-09,2.8033635261095126e-10,7.765779473421482e-09,5.300586149069354,1.077225210748415,0.0
256,6036,6.578399614810355,2.6953243723892624e-09,5.084955317068709e-10,4.544851121953233e-09,2.877576534495362e-10,1.1368683772161603e-13,9.114957037698388e-16,1.34324989527356e-09,2.768714463912979e-10,7.669648185895084e-09,5.300586149073511,1.0772252107494795,0.0
256,6040,6.5827590578950534,2.6620712024571463e-09,5.022220425124771e-10,4.488690500166103e-09,2.8420183868067183e-10,1.7053025658242404e-13,1.3672435556547582e-15,1.326648277563757e-09,2.734495113337021e-10,7.574711346038349e-09,5.3005861490776125,1.0772252107505307,0.0
256,6044,6.587118500979752,2.6292296107411693e-09,4.960262009978945e-10,4.433226268550383e-09,2.806901159175152e-10,0.0,0.0,1.3102525640792837e-09,2.7007001737428587e-10,7.480954225614901e-09,5.30058614908166,1.0772252107515687,0.0
256,6048,6.591477944064451,2.5967944970406847e-09,4.899070449675276e-10,4.3784497828858745e-09,2.772219378504948e-10,0.0,0.0,1.2940601984439476e-09,2.6673243759130794e-10,7.388362601999753e-09,5.300586149085653,1.077225210752594,0.0
256,6052,6.59583738714915,2.5647607575087787e-09,4.838636115378819e-10,4.3243523923551614e-09,2.7379675675233575e-10,0.0,0.0,1.2780686223159934e-09,2.6343624465788393e-10,7.296920360413887e-09,5.300586149089593,1.077225210753606,0.0
256,6056,6.600196830233848,2.5331234330602426e-09,4.77894965135972e-10,4.2709256795805215e-09,2.7041403967601807e-10,0.0,0.0,1.2622753459760863e-09,2.601809253916226e-10,7.206614701561917e-09,5.3005861490934825,1.0772252107546056,0.0
256,6060,6.604556273318547,2.5018775569810405e-09,4.720001687495703e-10,4.218161227019504e-09,2.6707325366409205e-10,5.684341886080802e-14,4.557478518849194e-16,1.24667788009888e-09,2.5696596669134184e-10,7.117431511805694e-09,5.3005861490973185,1.0772252107555929,0.0
256,6064,6.608915716403246,2.471018296697353e-09,4.661783106731249e-10,4.16605084251187e-09,2.6377388002920266e-10,0.0,0.0,1.2312738019435533e-09,2.5379086918030026e-10,7.029351431913236e-09,5.300586149101105,1.0772252107565676,0.0
256,6068,6.613275159487944,2.440540888558252e-09,4.604284922039654e-10,4.11458644623344e-09,2.6051540719656266e-10,5.684341886080802e-14,4.557478518849194e-16,1.2160607218352546e-09,2.5065514029733354e-10,6.9423680392426155e-09,5.30058614910484,1.0772252107575302,0.0
256,6072,6.617634602572643,2.410440552970747e-09,4.5474981163181754e-10,4.063759941849865e-09,2.572973225460418e-10,0.0,0.0,1.2010362455810393e-09,2.475582865500052e-10,6.856465480554072e-09,5.3005861491085255,1.0772252107584805,0.0
256,6076,6.621994045657342,2.3807126435918357e-09,4.49141392385134e-10,4.013563442035806e-09,2.5411912669093406e-10,0.0,0.0,1.1861980402147304e-09,2.444998270659757e-10,6.77163040469966e-09,5.300586149112163,1.0772252107594191,0.0
256,6080,6.6263534887420406,2.3513524581831283e-09,4.4360234734723423e-10,3.963988982471617e-09,2.509803153696318e-10,1.1368683772161603e-13,9.114957037698388e-16,1.1715437506158079e-09,2.414792764064394e-10,6.687848301942409e-09,5.300586149115752,1.0772252107603462,0.0
256,6084,6.630712931826739,2.322355525686336e-09,4.3813183301550124e-10,3.9150289868958965e-09,2.478804088904699e-10,5.684341886080802e-14,4.557478518849194e-16,1.1570711362946644e-09,2.3849617276038075e-10,6.60510713031329e-09,5.300586149119293,1.0772252107612614,0.0
256,6088,6.635072374911438,2.293717248929598e-09,4.3272898209493573e-10,3.866675660435289e-09,2.4481891372034783e-10,5.684341886080802e-14,4.557478518849194e-16,1.1427778919421183e-09,2.3555004095613616e-10,6.523394037161825e-09,5.300586149122787,1.0772252107621652,0.0
256,6092,6.639431817996137,2.265433165357391e-09,4.273929526870386e-10,3.8189214417124484e-09,2.4179535110998565e-10,5.684341886080802e-14,4.557478518849194e-16,1.1286617814865316e-09,2.3264042009332442e-10,6.44269485014811e-09,5.300586149126235,1.0772252107630578,0.0
256,6096,6.643791261080835,2.2374989803027003e-09,4.22122934566885e-10,3.77175904384001e-09,2.38809259689461e-10,5.684341886080802e-14,4.557478518849194e-16,1.114720649682833e-09,2.2976686593158323e-10,6.362994014581279e-09,5.3005861491296375,1.0772252107639393,0.0
256,6100,6.648150704165534,2.2099102759285817e-09,4.1691809427251056e-10,3.7251809835310764e-09,2.358601656537977e-10,0.0,0.0,1.1009522836328733e-09,2.269289223470644e-10,6.2842851384918854e-09,5.300586149132995,1.07722521076481,0.0
256,6104,6.652510147250233,2.1826628179814565e-09,4.1177763297649145e-10,3.679180082173151e-09,2.329476144885065e-10,5.684341886080802e-14,4.557478518849194e-16,1.0873545603159278e-09,2.2412615174150658e-10,6.2065544543962805e-09,5.300586149136307,1.0772252107656692,0.0
256,6108,6.6568695903349315,2.1557523663329476e-09,4.067007507430738e-10,3.633749153944356e-09,2.300711512226352e-10,0.0,0.0,1.0739253546744876e-09,2.213581160968252e-10,6.1297869554093e-09,5.300586149139575,1.077225210766518,0.0
256,6112,6.66122903341963,2.129174668168152e-09,4.016866452430845e-10,3.5888809940858903e-09,2.2723031968623892e-10,0.0,0.0,1.0606625361397165e-09,2.186243762589378e-10,6.053975301266047e-09,5.300586149142801,1.077225210767356,0.0
256,6116,6.665588476504329,2.102925687034494e-09,3.967345549659164e-10,3.5445687589198876e-09,2.2442468657124417e-10,0.0,0.0,1.047564080730958e-09,2.1592451504377928e-10,5.97910352492905e-09,5.300586149145984,1.0772252107681837,0.0
256,6120,6.669947919589028,2.0770012884976852e-09,3.918436999158914e-10,3.5008054393461207e-09,2.2165380809584604e-10,5.684341886080802e-14,4.557478518849194e-16,1.0346279155690288e-09,2.132581051882917e-10,5.905158016563084e-09,5.300586149149124,1.0772252107690012,0.0
256,6124,6.674307362673726,2.051397444675691e-09,3.8701332019930694e-10,3.4575842165565647e-09,2.1891725252660727e-10,5.684341886080802e-14,4.557478518849194e-16,1.021852024386898e-09,2.1062473109834696e-10,5.8321326048908756e-09,5.300586149152223,1.0772252107698084,0.0
256,6128,6.678666805758425,2.0261101361804778e-09,3.8224265752492514e-10,3.414898274406556e-09,2.1621458829872155e-10,0.0,0.0,1.009234391297979e-09,2.0802397725823427e-10,5.760012252062554e-09,5.300586149155281,1.0772252107706055,0.0
256,6132,6.683026248843124,2.001135431408203e-09,3.7753097016273116e-10,3.372740948507548e-09,2.1354539345583475e-10,1.1368683772161603e-13,9.114957037698388e-16,9.967730453980338e-10,2.0545543742403054e-10,5.68878958354935e-09,5.300586149158298,1.0772252107713929,0.0
256,6136,6.6873856919278225,1.976469482198743e-09,3.7287753212506713e-10,3.331105721817581e-09,2.109092553708549e-10,0.0,0.0,9.844660595634151e-10,2.0291871437589352e-10,5.618447179164873e-09,5.300586149161275,1.0772252107721703,0.0
256,6140,6.691745135012521,1.9521086252513696e-09,3.6828165229954954e-10,3.2899863862820973e-09,2.0830578098025488e-10,0.0,0.0,9.72311597898e-10,2.0041342969785102e-10,5.548979700542855e-09,5.3005861491642134,1.0772252107729379,0.0
256,6144,6.69610457809722,1.9280488928171745e-09,3.637425821370941e-10,3.2493762209930087e-09,2.0573454474914073e-10,5.684341886080802e-14,4.557478518849194e-16,9.603076729472496e-10,1.9793917373462236e-10,5.480375892903593e-09,5.3005861491671125,1.0772252107736962,0.0
256,6148,6.700464021181919,1.904286543576151e-09,3.592596158063264e-10,3.2092688856562155e-09,2.03195145241227e-10,0.0,0.0,9.48452409707124e-10,1.9549556000928892e-10,5.412618938242469e-09,5.300586149169972,1.0772252107744449,0.0
256,6152,6.704823464266617,1.880817976719124e-09,3.548320739844181e-10,3.169658278827883e-09,2.00687196143054e-10,5.684341886080802e-14,4.557478518849194e-16,9.367440038337452e-10,1.9308221660944554e-10,5.345704693406495e-09,5.300586149172796,1.077225210775184,0.0
256,6156,6.709182907351316,1.8576395008611722e-09,3.504592602606672e-10,3.1305381461688787e-09,1.9821030146058271e-10,5.684341886080802e-14,4.557478518849194e-16,9.251806057885144e-10,1.9069876230712502e-10,5.279620833308375e-09,5.30058614917558,1.0772252107759142,0.0
256,6160,6.713542350436015,1.8347474797175282e-09,3.461404886194775e-10,3.091902330064631e-09,1.9576407132389824e-10,5.684341886080802e-14,4.557478518849194e-16,9.137603947532117e-10,1.883448217942213e-10,5.214356315633335e-09,5.300586149178329,1.0772252107766354,0.0
256,6164,6.7179017935207135,1.812138437270167e-09,3.4187510328091693e-10,3.053744936099286e-09,1.9334813252753603e-10,1.1368683772161603e-13,9.114957037698388e-16,9.024816274533588e-10,1.8602003574598924e-10,5.149900623348839e-09,5.300586149181042,1.0772252107773472,0.0
256,6168,6.722261236605412,1.7898088092866354e-09,3.376624318226622e-10,3.0160599264615363e-09,1.9096210278693553e-10,5.684341886080802e-14,4.557478518849194e-16,8.913425184199825e-10,1.8372403614053e-10,5.0862475223959824e-09,5.300586149183718,1.0772252107780502,0.0
256,6172,6.726620679690111,1.767755089261728e-09,3.335018127131192e-10,2.9788413688933594e-09,1.8860560650065183e-10,5.684341886080802e-14,4.557478518849194e-16,8.803413136673384e-10,1.8145646144528604e-10,5.023382494766386e-09,5.300586149186358,1.0772252107787446,0.0
256,6176,6.73098012277481,1.7459739363428954e-09,3.293926156724556e-10,2.9420835958179102e-09,1.8627828482555238e-10,1.1368683772161603e-13,9.114957037698388e-16,8.694763369264413e-10,1.7921696614672335e-10,4.961294207045446e-09,5.300586149188964,1.0772252107794302,0.0
256,6180,6.735339565859508,1.7244619643444892e-09,3.2533420186837e-10,2.9057808770229365e-09,1.8397977495273823e-10,5.684341886080802e-14,4.557478518849194e-16,8.58745893897737e-10,1.7700520101483645e-10,4.89997807491058e-09,5.300586149191535,1.0772252107801075,0.0
256,6184,6.739699008944207,1.7032158135172623e-09,3.2132593745600977e-10,2.8699275154346636e-09,1.8170971617147607e-10,1.1368683772161603e-13,9.114957037698388e-16,8.481482996767546e-10,1.7482081875613998e-10,4.839424853533132e-09,5.300586149194072,1.077225210780776,0.0
256,6188,6.744058452028906,1.6822322070623427e-09,3.173672042398056e-10,2.8345179686164557e-09,1.794677575618968e-10,0.0,0.0,8.376819155778359e-10,1.7266348160379699e-10,4.779619464769763e-09,5.300586149196576,1.0772252107814364,0.0
256,6192,6.7484178951136045,1.6615078776507196e-09,3.134573858107569e-10,2.799546697273244e-09,1.7725354840303997e-10,5.684341886080802e-14,4.557478518849194e-16,8.273451033962554e-10,1.705328518901006e-10,4.720555657058192e-09,5.300586149199046,1.0772252107820885,0.0
256,6196,6.752777338198303,1.6410395942682106e-09,3.095958726109599e-10,2.765008225584761e-09,1.7506674199285775e-10,5.684341886080802e-14,4.557478518849194e-16,8.171362437656578e-10,1.6842859583031982e-10,4.662227479906799e-09,5.300586149201484,1.0772252107827325,0.0
256,6200,6.757136781283002,1.6208242390694355e-09,3.057820764327536e-10,2.7308972815127157e-09,1.7290700453177638e-10,-5.684341886080802e-14,-4.557478518849194e-16,8.070537780003704e-10,1.6635039214726102e-10,4.6046193316889526e-09,5.300586149203889,1.0772252107833684,0.0
256,6204,6.761496224367701,1.6008586092853668e-09,3.020153930469194e-10,2.6972084347106797e-09,1.7077399219692823e-10,1.1368683772161603e-13,9.114957037698388e-16,7.970961000988059e-10,1.6429790981094685e-10,4.547724805380104e-09,5.300586149206263,1.0772252107839964,0.0
256,6208,6.765855667452399,1.5811396544434108e-09,2.982952469562373e-10,2.663936519525436e-09,1.686673779245199e-10,5.684341886080802e-14,4.557478518849194e-16,7.872616825658742e-10,1.622708339732047e-10,4.491538599990097e-09,5.3005861492086055,1.0772252107846165,0.0
256,6212,6.770215110537098,1.5616642414295162e-09,2.946210470724835e-10,2.6310762324530843e-09,1.6658682592272973e-10,1.1368683772161603e-13,9.114957037698388e-16,7.775489572164076e-10,1.6026884139879947e-10,4.436045723829927e-09,5.3005861492109165,1.0772252107852291,0.0
256,6216,6.774574553621797,1.5424294551125968e-09,2.909922434317478e-10,2.5986226354022283e-09,1.645320235358613e-10,1.1368683772161603e-13,9.114957037698388e-16,7.67956463789382e-10,1.582916310978832e-10,4.381243744950068e-09,5.300586149213197,1.077225210785834,0.0
256,6220,6.778933996706495,1.5234322393302102e-09,2.874082594633723e-10,2.5665705471039174e-09,1.625026427114097e-10,1.1368683772161603e-13,9.114957037698388e-16,7.584826699641511e-10,1.5633888722763675e-10,4.3271187760991525e-09,5.300586149215448,1.0772252107864313,0.0
256,6224,6.783293439791194,1.5046696602042717e-09,2.838685416666683e-10,2.5349150079340594e-09,1.6049836943033389e-10,5.684341886080802e-14,4.557478518849194e-16,7.49126109467227e-10,1.544103075589196e-10,4.2736674824602e-09,5.300586149217669,1.077225210787021,0.0
256,6228,6.787652882875893,1.4861388623151843e-09,2.803725513427982e-10,2.5036511805444664e-09,1.5851889741550269e-10,5.684341886080802e-14,4.557478518849194e-16,7.398853518145575e-10,1.5250559723953034e-10,4.220875684364119e-09,5.3005861492198605,1.0772252107876037,0.0
256,6232,6.792012325960592,1.4678369219193722e-09,2.769197369030333e-10,2.472774112514454e-09,1.565639131039595e-10,-5.684341886080802e-14,-4.557478518849194e-16,7.307589325166029e-10,1.5062445440803692e-10,4.1687382167626266e-09,5.300586149222022,1.0772252107881792,0.0
256,6236,6.79637176904529,1.4497610351297577e-09,2.7350956937057766e-10,2.4422790609260224e-09,1.5463311619742886e-10,5.684341886080802e-14,4.557478518849194e-16,7.217454492614709e-10,1.4876659001909991e-10,4.117248161490574e-09,5.300586149224157,1.0772252107887477,0.0
256,6240,6.800731212129989,1.4319083525271401e-09,2.701415111786188e-10,2.412161190372694e-09,1.5272620054171909e-10,5.684341886080802e-14,4.557478518849194e-16,7.128434718535136e-10,1.4693170927996398e-10,4.066395298525001e-09,5.3005861492262625,1.077225210789309,0.0
256,6244,6.805090655214688,1.414276118663667e-09,2.668150424888266e-10,2.3824158457050583e-09,1.5084287139563082e-10,0.0,0.0,7.040516241336968e-10,1.45119528535932e-10,4.016174265360536e-09,5.300586149228341,1.0772252107898632,0.0
256,6248,6.809450098299386,1.3968616408931199e-09,2.635296553109256e-10,2.353038463415967e-09,1.489828398203026e-10,5.684341886080802e-14,4.557478518849194e-16,6.9536855653075e-10,1.4332976961259205e-10,3.966573218956057e-09,5.300586149230391,1.0772252107904103,0.0
256,6252,6.813809541384085,1.3796622257160767e-09,2.602848414936762e-10,2.3240244842063752e-09,1.4714581714330947e-10,0.0,0.0,6.867929209141632e-10,1.4156215463250264e-10,3.917589183559514e-09,5.300586149232414,1.0772252107909503,0.0
256,6256,6.818168984468784,1.3626752311399522e-09,2.5708010260303527e-10,2.2953694334413715e-09,1.453315200527436e-10,5.684341886080802e-14,4.557478518849194e-16,6.783233940999152e-10,1.3981641086020688e-10,3.869210235025011e-09,5.300586149234411,1.0772252107914841,0.0
256,6260,6.8225284275534825,1.345897930260853e-09,2.5391492418572984e-10,2.267068694798892e-09,1.4353965626576247e-10,0.0,0.0,6.699586110797179e-10,1.380922569394059e-10,3.821431475071953e-09,5.300586149236381,1.0772252107920108,0.0
256,6264,6.826887870638181,1.3293277418667819e-09,2.507888192744842e-10,2.239117901332534e-09,1.4176994928876581e-10,5.684341886080802e-14,4.557478518849194e-16,6.616972806787839e-10,1.363894267324047e-10,3.774246656120787e-09,5.300586149238325,1.0772252107925313,0.0
256,6268,6.83124731372288,1.3129621814327527e-09,2.477013191428374e-10,2.211512842941591e-09,1.400221325588525e-10,0.0,0.0,6.535381578627201e-10,1.347076636119931e-10,3.727644731379646e-09,5.300586149240243,1.0772252107930451,0.0
256,6272,6.835606756807579,1.2967986702300395e-09,2.446519372920037e-10,2.1842491600229966e-09,1.382959300473662e-10,1.1368683772161603e-13,9.114957037698388e-16,6.454799537371916e-10,1.3304670191052428e-10,3.681619667291402e-09,5.300586149242136,1.0772252107935525,0.0
256,6276,6.839966199892277,1.2808346557331585e-09,2.416401921666584e-10,2.157322530166254e-09,1.365910680805015e-10,0.0,0.0,6.375213901562198e-10,1.3140627817580884e-10,3.6361646674018008e-09,5.300586149244005,1.0772252107940536,0.0
256,6280,6.844325642976976,1.265067763963209e-09,2.386656358957862e-10,2.1307289283298985e-09,1.3490729181239964e-10,0.0,0.0,6.296612767334505e-10,1.2978614704472204e-10,3.5912730837782072e-09,5.300586149245848,1.0772252107945486,0.0
256,6284,6.848685086061675,1.2494954258474487e-09,2.357277838022835e-10,2.1044640155099616e-09,1.3324432651863803e-10,5.684341886080802e-14,4.557478518849194e-16,6.218983308133083e-10,1.2818604413555377e-10,3.546935899321385e-09,5.300586149247668,1.0772252107950373,0.0
256,6288,6.8530445291463735,1.2341153365239437e-09,2.3282620105462994e-10,2.0785238853923307e-09,1.3160192487059086e-10,5.684341886080802e-14,4.557478518849194e-16,6.142313971759292e-10,1.266057313337166e-10,3.5031505584222087e-09,5.300586149249462,1.07722521079552,0.0
256,6292,6.857403972231072,1.218925018167311e-09,2.29960420190301e-10,2.0529043424136445e-09,1.299798212257903e-10,5.684341886080802e-14,4.557478518849194e-16,6.066592351963963e-10,1.2504495292088413e-10,3.4599048049288048e-09,5.300586149251234,1.0772252107959968,0.0
256,6296,6.861763415315771,1.2039222568899552e-09,2.2713002354084772e-10,2.0276016468492786e-09,1.2837777880323877e-10,5.684341886080802e-14,4.557478518849194e-16,5.991807393514145e-10,1.2350348102595445e-10,3.4171972990797286e-09,5.3005861492529815,1.0772252107964677,0.0
256,6300,6.86612285840047,1.1891046355675942e-09,2.24334555095517e-10,2.002611697938827e-09,1.2679553796292606e-10,5.684341886080802e-14,4.557478518849194e-16,5.917946967718103e-10,1.2198106565163109e-10,3.375017116091662e-09,5.300586149254706,1.0772252107969327,0.0
256,6304,6.870482301485168,1.174469934874713e-09,2.2157359615995078e-10,1.977930746080977e-09,1.2523286129851124e-10,5.684341886080802e-14,4.557478518849194e-16,5.844999989904453e-10,1.2047747832002544e-10,3.333360450212279e-09,5.300586149256408,1.0772252107973919,0.0
256,6308,6.874841744569867,1.16001583824084e-09,2.1884670969371497e-10,1.9535548637536603e-09,1.2368950013858482e-10,0.0,0.0,5.772954844680304e-10,1.1899247961398656e-10,3.2922191427579144e-09,5.300586149258088,1.0772252107978453,0.0
256,6312,6.879201187654566,1.145740155063119e-09,2.161534824212219e-10,1.9294803480861427e-09,1.2216522003555655e-10,5.684341886080802e-14,4.557478518849194e-16,5.701800584893908e-10,1.175258438901885e-10,3.2515876678201116e-09,5.300586149259745,1.077225210798293,0.0
256,6316,6.8835606307392645,1.1316405899947203e-09,2.1349348130605534e-10,1.9057033203363276e-09,1.2065977540652528e-10,5.684341886080802e-14,4.557478518849194e-16,5.631525743859142e-10,1.1607733479663286e-10,3.2114567023868708e-09,5.30058614926138,1.0772252107987352,0.0
256,6320,6.887920073823963,1.11771498533589e-09,2.1086629928007362e-10,1.8822201232174462e-09,1.1917293469005357e-10,5.684341886080802e-14,4.557478518849194e-16,5.56211950569375e-10,1.1464672939572811e-10,3.1718263790210617e-09,5.300586149262994,1.0772252107991718,0.0
256,6324,6.892279516908662,1.1039612745258387e-09,2.0827154646926442e-10,1.859027258880466e-09,1.177044764195185e-10,0.0,0.0,5.493571527750927e-10,1.1323381450423928e-10,3.1326850908732394e-09,5.300586149264587,1.077225210799603,0.0
256,6328,6.896638959993361,1.0903772373830495e-09,2.057088040177778e-10,1.836120972731714e-09,1.1625416287248733e-10,5.684341886080802e-14,4.557478518849194e-16,5.425870709363591e-10,1.1183836131457357e-10,3.09402649603808e-09,5.300586149266159,1.0772252108000289,0.0
256,6332,6.900998403078059,1.0769608498919334e-09,2.0317769007811014e-10,1.8134978385986217e-09,1.1482177712053889e-10,1.1368683772161603e-13,9.114957037698388e-16,5.359006919705189e-10,1.104601610095473e-10,3.0558478661954615e-09,5.30058614926771,1.0772252108004494,0.0
256,6336,6.905357846162758,1.0637099179049162e-09,2.006777907059329e-10,1.7911541477525712e-09,1.1340708434519047e-10,5.684341886080802e-14,4.557478518849194e-16,5.292969194350953e-10,1.0909898758980212e-10,3.0181439672685183e-09,5.3005861492692405,1.0772252108008646,0.0
256,6340,6.909717289247457,1.0506224742547297e-09,1.9820873477865462e-10,1.7690865671668952e-09,1.1200987351556188e-10,1.1368683772161603e-13,9.114957037698388e-16,5.227747676823667e-10,1.077546378930588e-10,2.9809021516095295e-09,5.30058614927075,1.077225210801275,0.0
256,6344,6.9140767323321555,1.0376965497453026e-09,1.957701507909331e-10,1.747291763098713e-09,1.106299335554258e-10,0.0,0.0,5.163332509473404e-10,1.0642690873286611e-10,2.9441255827188645e-09,5.300586149272241,1.07722521080168,0.0
256,6348,6.918436175416854,1.0249300539745066e-09,1.9336164437088769e-10,1.7257662031148795e-09,1.0926704080846316e-10,0.0,0.0,5.099713249398321e-10,1.0511558485952643e-10,2.907802933909217e-09,5.300586149273711,1.0772252108020801,0.0
256,6352,6.922795618501553,1.012321021756523e-09,1.9098284476974394e-10,1.70450655877427e-09,1.0792098453412774e-10,0.0,0.0,5.036880054107633e-10,1.0382046339904966e-10,2.8719286124855258e-09,5.300586149275162,1.0772252108024754,0.0
256,6356,6.927155061586252,9.998675211363585e-10,1.886333875080011e-10,1.6835095639770782e-09,1.0659155793901953e-10,5.684341886080802e-14,4.557478518849194e-16,4.974823267565251e-10,1.0254134532066067e-10,2.83649945866694e-09,5.300586149276595,1.0772252108028655,0.0
256,6360,6.93151450467095,9.875676329606338e-10,1.8631291052129024e-10,1.6627719713491239e-09,1.0527855541535315e-10,1.1368683772161603e-13,9.114957037698388e-16,4.913533288080413e-10,1.0127803271375337e-10,2.8015101843697935e-09,5.300586149278008,1.077225210803251,0.0
256,6364,6.935873947755649,9.75419473578001e-10,1.8402105844299813e-10,1.6422905957162112e-09,1.0398177529354082e-10,0.0,0.0,4.853000698612751e-10,1.0003033147374626e-10,2.7669494067484377e-09,5.300586149279402,1.0772252108036315,0.0
256,6368,6.940233390840348,9.634211772812104e-10,1.817574792918161e-10,1.622062278905005e-09,1.027010176135566e-10,0.0,0.0,4.793216160786679e-10,9.879804911750096e-11,2.7328205093279076e-09,5.300586149280779,1.0772252108040072,0.0
256,6372,6.9445928339250464,9.515708254968689e-10,1.7952181111279443e-10,1.6020837759886807e-09,1.0143607692256967e-10,1.1368683772161603e-13,9.114957037698388e-16,4.734170080657112e-10,9.758098789406564e-11,2.69910935237881e-09,5.300586149282136,1.0772252108043785,0.0
256,6376,6.948952277009745,9.39866615471665e-10,1.7731371380141249e-10,1.5823520371935602e-09,1.0018676012388809e-10,1.1368683772161603e-13,9.114957037698388e-16,4.675853441012426e-10,9.637896194015214e-11,2.6658198530576046e-09,5.300586149283476,1.077225210804745,0.0
256,6380,6.953311720094444,9.283067692361176e-10,1.7513285192882694e-10,1.5628640538458424e-09,9.895287672306222e-11,0.0,0.0,4.618257345872031e-10,9.519178789129324e-11,2.632941052486106e-09,5.3005861492848,1.077225210805107,0.0
256,6384,6.957671163179143,9.168895285817432e-10,1.7297889379427225e-10,1.5436168549259397e-09,9.773423860972235e-11,0.0,0.0,4.561373012057114e-10,9.401928470809858e-11,2.600468183305112e-09,5.3005861492861035,1.0772252108054645,0.0
256,6388,6.962030606263841,9.056130725783574e-10,1.7085149586400832e-10,1.5246073562603315e-09,9.653065050914743e-11,5.684341886080802e-14,4.557478518849194e-16,4.5051913193755154e-10,9.286126440463912e-11,2.5683983214223287e-09,5.300586149287392,1.0772252108058176,0.0
256,6392,6.96639004934854,8.944756441158926e-10,1.6875032664449504e-10,1.5058325908182393e-09,9.534192456351952e-11,5.684341886080802e-14,4.557478518849194e-16,4.449703497183355e-10,9.171754619989526e-11,2.5367253262812212e-09,5.300586149288662,1.0772252108061662,0.0
256,6396,6.970749492433239,8.834754834355658e-10,1.6667505414248986e-10,1.4872895774038706e-09,9.41678720181616e-11,5.684341886080802e-14,4.557478518849194e-16,4.3949007295839094e-10,9.058794838009312e-11,2.505442472791327e-09,5.3005861492899164,1.0772252108065106,0.0
256,6400,6.975108935517937,8.726109333428699e-10,1.6462536571436048e-10,1.4689755154304048e-09,9.300831555366975e-11,5.684341886080802e-14,4.557478518849194e-16,4.340774737154919e-10,8.947230028930157e-11,2.4745464240758564e-09,5.300586149291154,1.0772252108068505,0.0
256,6404,6.979468378602636,8.618803499389289e-10,1.6260095122480685e-10,1.4508876250857383e-09,9.186307916599313e-11,1.1368683772161603e-13,9.114957037698388e-16,4.287317301300209e-10,8.837043252534024e-11,2.4440355936216368e-09,5.300586149292375,1.0772252108071865,0.0
256,6408,6.983827821687335,8.512820999972315e-10,1.606015025519599e-10,1.4330231426788492e-09,9.073198787178862e-11,1.1368683772161603e-13,9.114957037698388e-16,4.2345202504151903e-10,8.728217665462209e-11,2.413899395041554e-09,5.30058614929358,1.0772252108075182,0.0
256,6412,6.988187264772034,8.408145540386844e-10,1.5862671228093244e-10,1.415379309782621e-09,8.961486702099772e-11,1.1368683772161603e-13,9.114957037698388e-16,4.182375428084241e-10,8.620736455663589e-11,2.3841344696480938e-09,5.3005861492947695,1.0772252108078457,0.0
256,6416,6.992546707856732,8.304760396508126e-10,1.5667626489709496e-10,1.3979533010700234e-09,8.851153772778795e-11,1.1368683772161603e-13,9.114957037698388e-16,4.1308744820850777e-10,8.51458240748922e-11,2.3547414235243277e-09,5.300586149295944,1.0772252108081692,0.0
256,6420,6.996906150941431,8.202649962391768e-10,1.5474986598122757e-10,1.3807424824434702e-09,8.742183321403612e-11,5.684341886080802e-14,4.557478518849194e-16,4.0800096263189466e-10,8.409739472187257e-11,2.3257085813717303e-09,5.300586149297102,1.0772252108084885,0.0
256,6424,7.00126559402613,8.1017977686322e-10,1.5284720482419153e-10,1.363744060413144e-09,8.634557660968571e-11,5.684341886080802e-14,4.557478518849194e-16,4.029772598777538e-10,8.306190620058319e-11,2.2970381726081556e-09,5.300586149298245,1.0772252108088043,0.0
256,6428,7.005625037110828,8.002188965856795e-10,1.5096800128012735e-10,1.346955526445299e-09,8.528260908669924e-11,0.0,0.0,3.9801559837691926e-10,8.20392056583581e-11,2.2687182289675245e-09,5.300586149299372,1.0772252108091156,0.0
256,6432,7.009984480195527,7.903807942114364e-10,1.4911196081649187e-10,1.3303742409939258e-09,8.423276352198611e-11,5.684341886080802e-14,4.557478518849194e-16,3.931151977542196e-10,8.102913224381496e-11,2.240752312063934e-09,5.300586149300485,1.0772252108094234,0.0
256,6436,7.014343923280226,7.806639757079656e-10,1.472788015715281e-10,1.3139976789048412e-09,8.319588003518438e-11,5.684341886080802e-14,4.557478518849194e-16,3.882753114833672e-10,8.003153208252301e-11,2.2131304618206412e-09,5.300586149301584,1.0772252108097276,0.0
256,6440,7.0187033663649245,7.71066932921102e-10,1.454682390193133e-10,1.297823291453403e-09,8.21717972535664e-11,0.0,0.0,3.83495186080144e-10,7.904624986587884e-11,2.185850884346598e-09,5.300586149302667,1.0772252108100273,0.0
256,6444,7.023062809449623,7.615881587283725e-10,1.4367998882856217e-10,1.281848525816678e-09,8.116035354492084e-11,5.684341886080802e-14,4.557478518849194e-16,3.7877406664510687e-10,7.807312999357198e-11,2.1589076137411053e-09,5.3005861493037365,1.0772252108103235,0.0
256,6448,7.027422252534322,7.522261855367796e-10,1.419137741255561e-10,1.26607090080562e-09,8.016139181254234e-11,5.684341886080802e-14,4.557478518849194e-16,3.741112196244396e-10,7.711202126506502e-11,2.132295525646112e-09,5.300586149304792,1.0772252108106162,0.0
256,6452,7.031781695619021,7.4297962300273e-10,1.4016933261032412e-10,1.2504880658003895e-09,7.917476322672647e-11,1.1368683772161603e-13,9.114957037698388e-16,3.6950595006547667e-10,7.616278043631199e-11,2.1060155969281225e-09,5.3005861493058335,1.0772252108109053,0.0
256,6456,7.036141138703719,7.338469872294354e-10,1.3844638433330098e-10,1.2350975137500863e-09,7.820030905332224e-11,1.1368683772161603e-13,9.114957037698388e-16,3.6495751682771997e-10,7.522525474300421e-11,2.080061034424541e-09,5.300586149306861,1.0772252108111908,0.0
256,6460,7.040500581788418,7.248269126295337e-10,1.3674467166498608e-10,1.2198969405034214e-09,7.723788340478565e-11,0.0,0.0,3.6046523885751907e-10,7.429930380596879e-11,2.054426010333926e-09,5.300586149307875,1.0772252108114728,0.0
256,6464,7.044860024873117,7.159179789782082e-10,1.350639266680653e-10,1.2048839353277808e-09,7.628733364536659e-11,0.0,0.0,3.560284030957458e-10,7.338478064904524e-11,2.0291079667059866e-09,5.300586149308877,1.0772252108117513,0.0
256,6468,7.0492194679578155,7.071187544990038e-10,1.3340387922591088e-10,1.1900560797856116e-09,7.534850665147607e-11,5.684341886080802e-14,4.557478518849194e-16,3.5164629461734486e-10,7.24815379114671e-11,2.0041025264997547e-09,5.300586149309865,1.0772252108120262,0.0
256,6472,7.053578911042514,6.984280018742837e-10,1.317642959081811e-10,1.175411287610434e-09,7.442127033096617e-11,5.684341886080802e-14,4.557478518849194e-16,3.473182968211955e-10,7.158944849905424e-11,1.979407465015193e-09,5.300586149310839,1.0772252108122975,0.0
256,6476,7.057938354127213,6.898443097030514e-10,1.3014491044224933e-10,1.1609471749912914e-09,7.350547375263391e-11,5.684341886080802e-14,4.557478518849194e-16,3.4304370502568556e-10,7.070836716242463e-11,1.9550162342234884e-09,5.300586149311802,1.077225210812566,0.0
256,6480,7.062297797211912,6.813663951609639e-10,1.2854548081255222e-10,1.1466615622962436e-09,7.260097891288894e-11,5.684341886080802e-14,4.557478518849194e-16,3.3882187445400016e-10,6.983816099980775e-11,1.93092750322486e-09,5.300586149312751,1.077225210812831,0.0
256,6484,7.06665724029661,6.729928840130518e-10,1.2696574775814563e-10,1.1325521348970136e-09,7.17076392608358e-11,5.684341886080802e-14,4.557478518849194e-16,3.3465212109930195e-10,6.897868902331811e-11,1.9071347516138253e-09,5.300586149313688,1.0772252108130926,0.0
256,6488,7.071016683381309,6.647226021279807e-10,1.2540548976931326e-10,1.1186169045256876e-09,7.08253289091145e-11,1.1368683772161603e-13,9.114957037698388e-16,3.3053385702572443e-10,6.812983004727441e-11,1.88363453332285e-09,5.300586149314612,1.0772252108133509,0.0
256,6492,7.075376126466008,6.565542621044546e-10,1.2386446396701123e-10,1.1048536966113162e-09,6.995391017457177e-11,1.1368683772161603e-13,9.114957037698388e-16,3.264664393986854e-10,6.729145157024024e-11,1.8604288885068846e-09,5.300586149315525,1.0772252108136062,0.0
256,6496,7.0797355695507065,6.484865431430417e-10,1.2234242117135737e-10,1.091260277489082e-09,6.90932416325208e-11,0.0,0.0,3.2244920782107656e-10,6.646341747078116e-11,1.8375079571886987e-09,5.300586149316425,1.077225210813858,0.0
256,6500,7.084095012635405,6.405181752501915e-10,1.2083912178742496e-10,1.0778345011820913e-09,6.824318741024352e-11,0.0,0.0,3.184815278828697e-10,6.56455969839347e-11,1.8148701324705762e-09,5.300586149317313,1.0772252108141072,0.0
256,6504,7.088454455720104,6.326479866036609e-10,1.1935434474112703e-10,1.064574383485977e-09,6.740362187766373e-11,5.684341886080802e-14,4.557478518849194e-16,3.1456281285506993e-10,6.483786917278063e-11,1.7925112026073767e-09,5.30058614931819,1.0772252108143527,0.0
256,6508,7.092813898804803,6.248746805865415e-10,1.1788784541481718e-10,1.051477743740547e-09,6.657440696608721e-11,5.684341886080802e-14,4.557478518849194e-16,3.1069241843356395e-10,6.404010123298197e-11,1.7704306358021436e-09,5.300586149319056,1.0772252108145957,0.0
256,6512,7.097173341889501,6.171971940719041e-10,1.1643942324069043e-10,1.0385427735851329e-09,6.575542817899724e-11,5.684341886080802e-14,4.557478518849194e-16,3.068698096007769e-10,6.325218288640629e-11,1.7486233559442778e-09,5.300586149319909,1.0772252108148355,0.0
256,6516,7.1015327849742,6.096142095483235e-10,1.1500882965917467e-10,1.025767250308472e-09,6.494654478523232e-11,1.1368683772161603e-13,9.114957037698388e-16,3.0309432938592214e-10,6.247397871785454e-11,1.7270829098528596e-09,5.300586149320752,1.0772252108150722,0.0
256,6520,7.105892228058899,6.021246194738068e-10,1.135958557231909e-10,1.013149302184706e-09,6.414763827630305e-11,0.0,0.0,2.993654244463555e-10,6.170537467202047e-11,1.7058107782658891e-09,5.300586149321584,1.0772252108153062,0.0
256,6524,7.1102516711435975,5.947272932190413e-10,1.1220028813004372e-10,1.0006870150627431e-09,6.335858745756267e-11,0.0,0.0,2.956825287783083e-10,6.094625408387941e-11,1.6847982152106552e-09,5.300586149322404,1.0772252108155371,0.0
256,6528,7.114611114228296,5.874210590551197e-10,1.1082190582325485e-10,9.883784095813705e-10,6.25792670055797e-11,-5.684341886080802e-14,-4.557478518849194e-16,2.9204505724786196e-10,6.019649634528919e-11,1.6640499517726971e-09,5.300586149323213,1.0772252108157652,0.0
256,6532,7.118970557312995,5.802047971546371e-10,1.094604975379993e-10,9.762215983648669e-10,6.180955742099232e-11,1.1368683772161603e-13,9.114957037698388e-16,2.884524520639865e-10,5.945598648403967e-11,1.6435554028902404e-09,5.300586149324014,1.0772252108159903,0.0
256,6536,7.123330000397694,5.730774062983275e-10,1.0811585552003351e-10,9.642147214277347e-10,6.104934093865314e-11,5.684341886080802e-14,4.557478518849194e-16,2.849041633916197e-10,5.872461116780933e-11,1.6233126440310302e-09,5.300586149324802,1.0772252108162128,0.0
256,6540,7.127689443482392,5.660377764609513e-10,1.0678777035379319e-10,9.523558933695309e-10,6.029849818426526e-11,5.684341886080802e-14,4.557478518849194e-16,2.8139963351491075e-10,5.800225543988402e-11,1.6033190049208601e-09,5.30058614932558,1.0772252108164326,0.0
256,6544,7.132048886567091,5.590847997012566e-10,1.0547603301687579e-10,9.40643247994915e-10,5.955691099950451e-11,5.684341886080802e-14,4.557478518849194e-16,2.7793831094252277e-10,5.728880562654997e-11,1.5835765129237871e-09,5.300586149326349,1.0772252108166496,0.0
256,6548,7.13640832965179,5.522174843395173e-10,1.0418045642058995e-10,9.290751139911685e-10,5.882447356505731e-11,5.684341886080802e-14,4.557478518849194e-16,2.745197017410702e-10,5.658415991797166e-11,1.5640751513667002e-09,5.300586149327106,1.0772252108168638,0.0
256,6552,7.140767772736488,5.454346698368993e-10,1.029008216195584e-10,9.17649524487472e-10,5.8101061348322625e-11,5.684341886080802e-14,4.557478518849194e-16,2.7114322424524484e-10,5.5888198420958896e-11,1.5448140778862317e-09,5.300586149327855,1.0772252108170755,0.0
256,6556,7.145127215821187,5.387354315605715e-10,1.0163695417404845e-10,9.063649157825273e-10,5.73865753434135e-11,1.1368683772161603e-13,9.114957037698388e-16,2.678084161364241e-10,5.5200825842129406e-11,1.5257915126038834e-09,5.300586149328592,1.0772252108172844,0.0
256,6560,7.149486658905886,5.321186517699721e-10,1.0038864321293561e-10,8.952194038252302e-10,5.668089626146654e-11,5.684341886080802e-14,4.557478518849194e-16,2.645147205993371e-10,5.4521927410397076e-11,1.5070058052103404e-09,5.300586149329321,1.077225210817491,0.0
256,6564,7.153846101990585,5.255833320835558e-10,9.915570038317415e-11,8.84211299984143e-10,5.598391718663192e-11,5.684341886080802e-14,4.557478518849194e-16,2.612616383715996e-10,5.385140021751009e-11,1.4884514306225609e-09,5.30058614933004,1.0772252108176947,0.0
256,6568,7.158205545075283,5.191284184402072e-10,9.793792682730083e-11,8.733388225405223e-10,5.529552530922875e-11,5.684341886080802e-14,4.557478518849194e-16,2.58048642706403e-10,5.318913569011121e-11,1.4701223590243343e-09,5.30058614933075,1.0772252108178961,0.0
256,6572,7.162564988159982,5.127530382126368e-10,9.673515791686423e-11,8.62600494943659e-10,5.461562714131741e-11,1.1368683772161603e-13,9.114957037698388e-16,2.54875297023904e-10,5.253504384011024e-11,1.452024764733447e-09,5.30058614933145,1.077225210818095,0.0
256,6576,7.166924431244681,5.064561488731204e-10,9.554719697027197e-11,8.519945603027523e-10,5.3944111445200424e-11,5.684341886080802e-14,4.557478518849194e-16,2.517410821033404e-10,5.188901764542299e-11,1.4341487494387398e-09,5.3005861493321405,1.0772252108182914,0.0
256,6580,7.171283874329379,5.002367709232205e-10,9.43738591969349e-11,8.415193598741906e-10,5.328087319737835e-11,1.1368683772161603e-13,9.114957037698388e-16,2.486455074474989e-10,5.125095600447975e-11,1.4164932029415363e-09,5.300586149332823,1.0772252108184852,0.0
256,6584,7.175643317414078,4.940938813514179e-10,9.321495159715632e-11,8.311731715277353e-10,5.262580336102177e-11,0.0,0.0,2.4558806417398767e-10,5.0620754026147196e-11,1.399054652152958e-09,5.300586149333496,1.0772252108186768,0.0
256,6588,7.180002760498777,4.880266176874014e-10,9.207031145868385e-11,8.20954532669536e-10,5.197880933187083e-11,0.0,0.0,2.425683197171345e-10,4.9998322549738434e-11,1.3818325876784871e-09,5.30058614933416,1.077225210818866,0.0
256,6592,7.1843622035834755,4.82034029843511e-10,9.0939759539518e-11,8.108618381461803e-10,5.133978947949431e-11,1.1368683772161603e-13,9.114957037698388e-16,2.395857995582496e-10,4.938356376718629e-11,1.3648210226378985e-09,5.300586149334816,1.0772252108190528,0.0
256,6596,7.188721646668174,4.761152150385819e-10,8.982312552242602e-11,8.008935641129947e-10,5.0708647321531017e-11,1.1368683772161603e-13,9.114957037698388e-16,2.3664005326363846e-10,4.8776384834836775e-11,1.3480220881964916e-09,5.300586149335462,1.0772252108192373,0.0
256,6600,7.193081089752873,4.70269254358e-10,8.872023604646478e-11,7.910481607732374e-10,5.008528473246227e-11,1.1368683772161603e-13,9.114957037698388e-16,2.3373062277312605e-10,4.8176691337061325e-11,1.3314314790773547e-09,5.3005861493361,1.0772252108194196,0.0
256,6604,7.197440532837572,4.6449519495474743e-10,8.763091134905878e-11,7.813240165404186e-10,4.946959967454596e-11,5.684341886080802e-14,4.557478518849194e-16,2.3085703160444255e-10,4.75843850610585e-11,1.315042934045869e-09,5.300586149336731,1.0772252108195997,0.0
256,6608,7.20179997592227,4.587922655942745e-10,8.655500593034667e-11,7.717198272036923e-10,4.8861509571556256e-11,5.684341886080802e-14,4.557478518849194e-16,2.2801889416139573e-10,4.699938652751785e-11,1.2988553030650925e-09,5.300586149337352,1.0772252108197773,0.0
256,6612,7.206159419006969,4.531595241438355e-10,8.549234204909021e-11,7.622340022363652e-10,4.826091371915395e-11,5.684341886080802e-14,4.557478518849194e-16,2.252157402906526e-10,4.6421598828162054e-11,1.2828702630118445e-09,5.300586149337965,1.077225210819953,0.0
256,6616,7.210518862091668,4.47596158057341e-10,8.444276641165988e-11,7.528651721372837e-10,4.7667725407251576e-11,1.1368683772161603e-13,9.114957037698388e-16,2.2244716525191483e-10,4.5850938537686424e-11,1.2670836873010966e-09,5.300586149338571,1.0772252108201261,0.0
256,6620,7.2148783051763665,4.4210119856804306e-10,8.340609625208966e-11,7.436116990078836e-10,4.708184093215569e-11,5.684341886080802e-14,4.557478518849194e-16,2.1971268480481668e-10,4.528730584418631e-11,1.2514877189707472e-09,5.300586149339169,1.0772252108202975,0.0
256,6624,7.219237748261065,4.36673862423874e-10,8.238218380331275e-11,7.344722561251229e-10,4.650317629227876e-11,5.684341886080802e-14,4.557478518849194e-16,2.1701190662095245e-10,4.4730619880703495e-11,1.2360865524088533e-09,5.300586149339758,1.0772252108204667,0.0
256,6628,7.223597191345764,4.3131331833342146e-10,8.137087223523737e-11,7.25445442865741e-10,4.593164280703436e-11,-5.684341886080802e-14,-4.557478518849194e-16,2.143444167787264e-10,4.4180795329478933e-11,1.2208767895271439e-09,5.30058614934034,1.0772252108206337,0.0
256,6632,7.227956634430463,4.2601868344146794e-10,8.037199498982772e-11,7.165297683796074e-10,4.53671460831137e-11,0.0,0.0,2.117097745749208e-10,4.3637741352510145e-11,1.2058521961268327e-09,5.300586149340915,1.0772252108207987,0.0
256,6636,7.232316077515161,4.2078921630730294e-10,7.938541218807996e-11,7.077239797147125e-10,4.480960678974876e-11,1.1368683772161603e-13,9.114957037698388e-16,2.091076095987358e-10,4.310138160050853e-11,1.1910138933496972e-09,5.3005861493414805,1.0772252108209617,0.0
256,6640,7.23667552059986,4.1562406962917167e-10,7.8410963979417e-11,6.99026645140819e-10,4.425893427681207e-11,5.684341886080802e-14,4.557478518849194e-16,2.0653749859104873e-10,4.257162883105859e-11,1.176360208791983e-09,5.30058614934204,1.0772252108211224,0.0
256,6644,7.241034963684559,4.105224781248517e-10,7.744850598693394e-11,6.904364766980905e-10,4.371504699701192e-11,5.684341886080802e-14,4.557478518849194e-16,2.0399906097591926e-10,4.2048404599627073e-11,1.1618873980473678e-09,5.300586149342592,1.0772252108212814,0.0
256,6648,7.2453944067692575,4.0548367302846357e-10,7.649789317650477e-11,6.819521646202378e-10,4.317786202237909e-11,0.0,0.0,2.0149190917535144e-10,4.1531629018412983e-11,1.1475910920857693e-09,5.300586149343137,1.0772252108214384,0.0
256,6652,7.249753849853956,4.005069030022289e-10,7.555898380196084e-11,6.735724525178454e-10,4.264729980450586e-11,5.684341886080802e-14,4.557478518849194e-16,1.99015672225885e-10,4.102122562421304e-11,1.1334721160250193e-09,5.300586149343674,1.0772252108215934,0.0
256,6656,7.254113292938655,3.955912857839916e-10,7.463161141715238e-11,6.652958469695177e-10,4.2123265787283614e-11,0.0,0.0,1.9656990853944284e-10,4.051710339663702e-11,1.1195278820969134e-09,5.300586149344205,1.0772252108217466,0.0
256,6660,7.258472736023354,3.9073614744272166e-10,7.371564887934249e-11,6.571212065527031e-10,4.160568770144186e-11,5.684341886080802e-14,4.557478518849194e-16,1.9415428058759086e-10,4.001919276412862e-11,1.1057536033768823e-09,5.300586149344729,1.0772252108218976,0.0
256,6664,7.262832179108052,3.859407385820496e-10,7.281095480862561e-11,6.490472642368146e-10,4.109448532482617e-11,0.0,0.0,1.9176841377527822e-10,3.952741651493899e-11,1.0921525081881455e-09,5.300586149345245,1.0772252108220468,0.0
256,6668,7.267191622192751,3.8120431961344635e-10,7.19173896754274e-11,6.410727810381284e-10,4.058958021107175e-11,0.0,0.0,1.8941194219925221e-10,3.904169922887776e-11,1.0787168530654677e-09,5.3005861493457544,1.0772252108221942,0.0
256,6672,7.27155106527745,3.7652608874822726e-10,7.103480221559288e-11,6.331963972233128e-10,4.009088626854164e-11,1.1368683772161603e-13,9.114957037698388e-16,1.8708446371333832e-10,3.8561958015342526e-11,1.0654476006246795e-09,5.300586149346258,1.07722521082234,0.0
256,6676,7.2759105083621485,3.7190544547409664e-10,7.016307913744476e-11,6.254170966884726e-10,3.9598339162527247e-11,0.0,0.0,1.8478567788069868e-10,3.808813094811827e-11,1.0523400329496657e-09,5.3005861493467545,1.0772252108224838,0.0
256,6680,7.280269951446847,3.6734161922741483e-10,6.93020750676945e-11,6.177335788031404e-10,3.911185654349472e-11,5.684341886080802e-14,4.557478518849194e-16,1.8251520024882888e-10,3.7620138783632116e-11,1.0393978801987682e-09,5.300586149347245,1.077225210822626,0.0
256,6684,7.284629394531546,3.6283395340974777e-10,6.84516661335447e-11,6.101447378491651e-10,3.863136840280087e-11,1.1368683772161603e-13,9.114957037698388e-16,1.802727040683732e-10,3.7157914172117605e-11,1.0266115526711479e-09,5.300586149347729,1.0772252108227662,0.0
256,6688,7.288988837616245,3.583816995313396e-10,6.761171112613005e-11,6.02649310496759e-10,3.81567947526077e-11,0.0,0.0,1.7805781591398713e-10,3.670138014292646e-11,1.0139837540007684e-09,5.300586149348206,1.0772252108229048,0.0
256,6692,7.293348280700943,3.539842999133731e-10,6.678210483466788e-11,5.952463492964915e-10,3.7688075605070167e-11,0.0,0.0,1.7587025551504435e-10,3.6250478926514854e-11,1.001512608712949e-09,5.3005861493486774,1.0772252108230416,0.0
256,6696,7.297707723785642,3.496409343205312e-10,6.596269251489143e-11,5.879344758968115e-10,3.722512368973707e-11,1.1368683772161603e-13,9.114957037698388e-16,1.7370961565926642e-10,3.58051265880521e-11,9.89198215481607e-10,5.300586149349142,1.0772252108231768,0.0
256,6700,7.302067166870341,3.453509588756154e-10,6.515335269397104e-11,5.807126034232348e-10,3.6767870191053684e-11,0.0,0.0,1.7157557507544774e-10,3.5365256906931245e-11,9.770301687761805e-10,5.3005861493496,1.0772252108233105,0.0
256,6704,7.3064266099550395,3.411137638547423e-10,6.435397034238615e-11,5.735796950708733e-10,3.63162494636262e-11,0.0,0.0,1.6946782702768535e-10,3.49308066585703e-11,9.650141362895596e-10,5.300586149350053,1.0772252108234424,0.0
256,6708,7.310786053039738,3.3692870984030636e-10,6.356442482864669e-11,5.66534677134965e-10,3.587019352574201e-11,5.684341886080802e-14,4.557478518849194e-16,1.673860543347158e-10,3.4501710465383557e-11,9.5314787219578e-10,5.300586149350501,1.0772252108235725,0.0
256,6712,7.315145496124437,3.32795057176322e-10,6.278457661045209e-11,5.595763031115803e-10,3.542962345489382e-11,5.684341886080802e-14,4.557478518849194e-16,1.6532988861162577e-10,3.40778923956593e-11,9.414261343672781e-10,5.300586149350941,1.0772252108237013,0.0
256,6716,7.319504939209136,3.28712208389183e-10,6.201431296939926e-11,5.527035570508471e-10,3.4994474926125034e-11,5.684341886080802e-14,4.557478518849194e-16,1.632990292932217e-10,3.3659290496725765e-11,9.298487107139385e-10,5.300586149351377,1.0772252108238283,0.0
256,6720,7.323864382293834,3.246796083738281e-10,6.125352918026619e-11,5.459155090384348e-10,3.4564689061827e-11,0.0,0.0,1.6129320175287976e-10,3.3245848162384197e-11,9.184158630946159e-10,5.3005861493518065,1.0772252108239537,0.0
256,6724,7.328223825378533,3.2069655700345264e-10,6.050209315826359e-11,5.392109731105494e-10,3.414019077259652e-11,1.1368683772161603e-13,9.114957037698388e-16,1.5931205528474397e-10,3.283749310494043e-11,9.07122859777542e-10,5.30058614935223,1.0772252108240776,0.0
256,6728,7.332583268463232,3.1676252816835784e-10,5.975990564838758e-11,5.325890588490207e-10,3.372092368152785e-11,5.684341886080802e-14,4.557478518849194e-16,1.5735532660683344e-10,3.243417105656008e-11,8.959689346062266e-10,5.3005861493526485,1.0772252108242,0.0
256,6732,7.33694271154793,3.128768239882524e-10,5.902683498967246e-11,5.260485955374289e-10,3.330681366460663e-11,0.0,0.0,1.5542266992049677e-10,3.2035810741024845e-11,8.849525768739747e-10,5.3005861493530615,1.0772252108243208,0.0
256,6736,7.341302154632629,3.0903894542391523e-10,5.830278703418683e-11,5.195887366848657e-10,3.289780712618565e-11,5.684341886080802e-14,4.557478518849194e-16,1.53513834866521e-10,3.164236055414875e-11,8.740726302171478e-10,5.300586149353468,1.0772252108244402,0.0
256,6740,7.345661597717328,3.0524815482700216e-10,5.758762261838851e-11,5.132082345954072e-10,3.249382506828639e-11,5.684341886080802e-14,4.557478518849194e-16,1.5162845254755963e-10,3.1253744458597066e-11,8.633267095343745e-10,5.3005861493538715,1.0772252108245581,0.0
256,6744,7.350021040802027,3.015039649461802e-10,5.688124981823001e-11,5.069062739991394e-10,3.209481587202165e-11,0.0,0.0,1.497662822286734e-10,3.08699128339447e-11,8.527107176111368e-10,5.300586149354268,1.0772252108246747,0.0
256,6748,7.354380483886725,2.9780588278530477e-10,5.618357562585698e-11,5.006820142441622e-10,3.170072631144153e-11,5.684341886080802e-14,4.557478518849194e-16,1.4792707512419067e-10,3.049081440034491e-11,8.422295084720758e-10,5.300586149354659,1.0772252108247897,0.0
256,6752,7.358739926971424,2.941531649469932e-10,5.549445979312292e-11,4.945342054925152e-10,3.1311477252944276e-11,1.1368683772161603e-13,9.114957037698388e-16,1.4611046196780918e-10,3.0116373044413617e-11,8.318752331961696e-10,5.300586149355046,1.0772252108249032,0.0
256,6756,7.363099370056123,2.9054539455176567e-10,5.481382367222023e-11,4.884621473991666e-10,3.0927024354121854e-11,0.0,0.0,1.4431623586046331e-10,2.974654611999557e-11,8.21651036089265e-10,5.300586149355428,1.0772252108250155,0.0
256,6760,7.367458813140821,2.869819944428719e-10,5.414155837769093e-11,4.824648602737669e-10,3.0547305585792555e-11,0.0,0.0,1.4254410702352812e-10,2.938127389775278e-11,8.115495133791634e-10,5.300586149355804,1.0772252108251263,0.0
256,6764,7.37181825622552,2.834624020387166e-10,5.3477557773802225e-11,4.765413975203009e-10,3.017226101414539e-11,5.684341886080802e-14,4.557478518849194e-16,1.407937957574911e-10,2.9020498725859715e-11,8.015755221855053e-10,5.3005861493561754,1.0772252108252358,0.0
256,6768,7.376177699310219,2.799860576986947e-10,5.282171627966376e-11,4.706908131918988e-10,2.9801830746470067e-11,1.1368683772161603e-13,9.114957037698388e-16,1.3906502240393315e-10,2.8664162960961076e-11,7.917231078177438e-10,5.300586149356541,1.077225210825344,0.0
256,6772,7.3805371423949175,2.765523737578898e-10,5.2173923027363964e-11,4.649121156457086e-10,2.943595199681112e-11,5.684341886080802e-14,4.557478518849194e-16,1.3735749385329998e-10,2.831220618714576e-11,7.819902555508162e-10,5.300586149356904,1.0772252108254508,0.0
256,6776,7.384896585479616,2.7316091991205564e-10,5.153409683640052e-11,4.592045766798951e-10,2.9074578659004524e-11,5.684341886080802e-14,4.557478518849194e-16,1.3567099479070735e-10,2.7964584023585126e-11,7.723774982852128e-10,5.300586149357262,1.0772252108255562,0.0
256,6780,7.389256028564315,2.6981120257063497e-10,5.090214458677814e-11,4.535673660381256e-10,2.871765816529665e-11,0.0,0.0,1.3400527990158404e-10,2.7621245905897674e-11,7.628851976960954e-10,5.300586149357613,1.0772252108256604,0.0
256,6784,7.393615471649014,2.665026006501723e-10,5.0277949105897787e-11,4.479994378652108e-10,2.836512429727306e-11,5.684341886080802e-14,4.557478518849194e-16,1.3236004012846148e-10,2.7282128130978983e-11,7.535085388073149e-10,5.300586149357962,1.0772252108257632,0.0
256,6788,7.397974914733712,2.632346737145294e-10,4.9661427301790813e-11,4.425000444402668e-10,2.8016929712919416e-11,-5.684341886080802e-14,-4.557478518849194e-16,1.3073505430233144e-10,2.6947185111344984e-11,7.442503632053982e-10,5.300586149358304,1.0772252108258649,0.0
256,6792,7.402334357818411,2.6000692820254505e-10,4.9052486060007716e-11,4.370683511242189e-10,2.7673021566988394e-11,5.684341886080802e-14,4.557478518849194e-16,1.291300756582165e-10,2.6616365983655606e-11,7.351041463145778e-10,5.300586149358644,1.077225210825965,0.0
256,6796,7.40669380090311,2.5681883600406376e-10,4.845102574814172e-11,4.317034732299465e-10,2.7333343845436174e-11,1.1368683772161603e-13,9.114957037698388e-16,1.27544842926379e-10,2.6289616894841203e-11,7.26070264069127e-10,5.3005861493589785,1.077225210826064,0.0
256,6800,7.4110532439878085,2.5366993640625195e-10,4.785695944885564e-11,4.2640463263921006e-10,2.6997847281637145e-11,0.0,0.0,1.2597912608642521e-10,2.5966890432965e-11,7.171482643688919e-10,5.300586149359308,1.077225210826162,0.0
256,6804,7.415412687072507,2.5055964796985724e-10,4.727017746876161e-11,4.2117084079357167e-10,2.6666469284925788e-11,1.1368683772161603e-13,9.114957037698388e-16,1.2443263268102426e-10,2.5648126316552567e-11,7.08332653018052e-10,5.300586149359634,1.0772252108262586,0.0
256,6808,7.419772130157206,2.474875869363938e-10,4.6690607408605106e-11,4.1600146239047267e-10,2.633916963106404e-11,5.684341886080802e-14,4.557478518849194e-16,1.2290517535632243e-10,2.5333285928119073e-11,6.996310209672047e-10,5.300586149359955,1.077225210826354,0.0
256,6812,7.424131573241905,2.444533381112014e-10,4.611817093843382e-11,4.108957863604109e-10,2.6015903298623053e-11,1.1368683772161603e-13,9.114957037698388e-16,1.2139654356896235e-10,2.502232587034575e-11,6.910366581911033e-10,5.300586149360273,1.0772252108264484,0.0
256,6816,7.428491016326603,2.414563085756996e-10,4.5552756199188434e-11,4.05852819723516e-10,2.569660741699393e-11,5.684341886080802e-14,4.557478518849194e-16,1.1990644407733988e-10,2.471518570010332e-11,6.825433751769066e-10,5.300586149360585,1.0772252108265414,0.0
256,6820,7.432850459411302,2.38496112200979e-10,4.499429034441417e-11,4.0087190091373836e-10,2.538124009906333e-11,5.684341886080802e-14,4.557478518849194e-16,1.1843468098628127e-10,2.4411825039365102e-11,6.741557093224159e-10,5.300586149360894,1.0772252108266334,0.0
256,6824,7.437209902496001,2.355722810389431e-10,4.444268509178083e-11,3.9595224870063275e-10,2.5069751881156053e-11,5.684341886080802e-14,4.557478518849194e-16,1.1698102367349696e-10,2.4112196352131212e-11,6.658736269150603e-10,5.300586149361199,1.0772252108267242,0.0
256,6828,7.4415693455806995,2.3268441019748967e-10,4.3897864055000046e-11,3.9109317866619783e-10,2.4762099429285412e-11,5.684341886080802e-14,4.557478518849194e-16,1.1554526979722756e-10,2.3816257931601007e-11,6.576933849015376e-10,5.3005861493615,1.077225210826814,0.0
256,6832,7.445928788665398,2.2983198229879867e-10,4.3359729626410047e-11,3.862938195720137e-10,2.4458227580913273e-11,5.684341886080802e-14,4.557478518849194e-16,1.1412716189992513e-10,2.3523956710475593e-11,6.496134028327758e-10,5.300586149361798,1.0772252108269027,0.0
256,6836,7.450288231750097,2.2701461023399563e-10,4.28282087746774e-11,3.81553514002709e-10,2.4158094711726868e-11,1.1368683772161603e-13,9.114957037698388e-16,1.1272650551618023e-10,2.3235252605432148e-11,6.416319722898932e-10,5.300586149362091,1.0772252108269902,0.0
256,6840,7.454647674834796,2.2423186100946436e-10,4.230321981192759e-11,3.768715320084851e-10,2.3861654604889695e-11,5.684341886080802e-14,4.557478518849194e-16,1.113430849119258e-10,2.2950101149239822e-11,6.337508412061113e-10,5.30058614936238,1.0772252108270766,0.0
256,6844,7.459007117919494,2.2148327466535308e-10,4.178467596287978e-11,3.7224710120634603e-10,2.3568858356903602e-11,0.0,0.0,1.0997667191804827e-10,2.266845531154877e-11,6.259640056494477e-10,5.3005861493626645,1.077225210827162,0.0
256,6848,7.463366561004193,2.1876840283398925e-10,4.1272492639214876e-11,3.6767945937340127e-10,2.3279657707558404e-11,0.0,0.0,1.0862704103985273e-10,2.2390268613261886e-11,6.182761565459842e-10,5.300586149362947,1.0772252108272464,0.0
256,6852,7.467726004088892,2.1608694588354645e-10,4.076661331287768e-11,3.631681067198271e-10,2.2994021012616916e-11,1.7053025658242404e-13,1.3672435556547582e-15,1.0729404475301014e-10,2.211551064657902e-11,6.106809337291168e-10,5.300586149363226,1.0772252108273297,0.0
256,6856,7.4720854471735905,2.134384008400287e-10,4.026694309360855e-11,3.5871219543399024e-10,2.2711894592810085e-11,5.684341886080802e-14,4.557478518849194e-16,1.0597743249372372e-10,2.1844129765145257e-11,6.031802490546227e-10,5.3005861493635,1.077225210827412,0.0
256,6860,7.476444890258289,2.1082240754079425e-10,3.97734140337067e-11,3.5431111841672866e-10,2.2433240009600416e-11,5.684341886080802e-14,4.557478518849194e-16,1.0467702483847899e-10,2.157608898608188e-11,5.957715046695496e-10,5.30058614936377,1.0772252108274933,0.0
256,6864,7.480804333342988,2.0823848550094934e-10,3.9285935485670075e-11,3.499640581874046e-10,2.215800550412854e-11,5.684341886080802e-14,4.557478518849194e-16,1.0339257992233258e-10,2.1311338456046678e-11,5.884521709463858e-10,5.3005861493640385,1.0772252108275737,0.0
256,6868,7.485163776427687,2.0568631556003805e-10,3.8804447237203876e-11,3.456704824901561e-10,2.1886157376567172e-11,1.1368683772161603e-13,9.114957037698388e-16,1.0212394064167996e-10,2.1049845792753693e-11,5.812266574780078e-10,5.300586149364302,1.077225210827653,0.0
256,6872,7.489523219512385,2.0316550841227736e-10,3.832887584250944e-11,3.4142973233711446e-10,2.161765390304072e-11,1.1368683772161603e-13,9.114957037698388e-16,1.0087091214091127e-10,2.0791570832451764e-11,5.74087499322832e-10,5.3005861493645625,1.0772252108277314,0.0
256,6876,7.493882662597084,2.0067564629603293e-10,3.785914248735331e-11,3.372411032803553e-10,2.1352450481366137e-11,5.684341886080802e-14,4.557478518849194e-16,9.963328621675003e-11,2.053647066016096e-11,5.670381707521172e-10,5.300586149364819,1.0772252108278086,0.0
256,6880,7.498242105681783,1.9821633957242253e-10,3.7395173663094876e-11,3.3310393683043615e-10,2.1090505419225745e-11,5.684341886080802e-14,4.557478518849194e-16,9.841086819798548e-11,2.028450515013857e-11,5.600742807383945e-10,5.300586149365073,1.077225210827885,0.0
256,6884,7.502601548766481,1.9578724299974975e-10,3.693690423699472e-11,3.290176520134698e-10,2.0831781932206137e-11,5.684341886080802e-14,4.557478518849194e-16,9.720348641631479e-11,2.0035638918014587e-11,5.531949358304675e-10,5.300586149365324,1.0772252108279605,0.0
256,6888,7.50696099185118,1.93388019425729e-10,3.648427060244858e-11,3.249816796898915e-10,2.0576243985185106e-11,5.684341886080802e-14,4.557478518849194e-16,9.6010972637918e-11,1.97898372873366e-11,5.464015031857189e-10,5.300586149365571,1.077225210828035,0.0
256,6892,7.511320434935879,1.9101822096855814e-10,3.60371882628009e-11,3.2099526592265615e-10,2.0323843842571506e-11,5.684341886080802e-14,4.557478518849194e-16,9.483310407825463e-11,1.9547054337626106e-11,5.396941206059353e-10,5.300586149365815,1.0772252108281084,0.0
256,6896,7.515679878020578,1.8867755679246007e-10,3.559560234944489e-11,3.1705791974374325e-10,2.007455041868141e-11,1.7053025658242404e-13,1.3672435556547582e-15,9.366973560999268e-11,1.9307260155153367e-11,5.330645198498178e-10,5.300586149366055,1.077225210828181,0.0
256,6900,7.520039321105276,1.8636558711464048e-10,3.5159429893670706e-11,3.131688987660552e-10,1.9828316709209627e-11,0.0,0.0,9.252064778850143e-11,1.9070409507864005e-11,5.26520254584422e-10,5.300586149366293,1.0772252108282527,0.0
256,6904,7.524398764189975,1.8408202173893646e-10,3.472861614754015e-11,3.0932771493728757e-10,1.9585111813081053e-11,0.0,0.0,9.138569641249356e-11,1.8836472672905165e-11,5.200536205314545e-10,5.300586149366527,1.0772252108283236,0.0
256,6908,7.528758207274674,1.8182648952810128e-10,3.430309109290121e-11,3.055337390973889e-10,1.9344895894971004e-11,5.684341886080802e-14,4.557478518849194e-16,9.026469541379003e-11,1.860541129779601e-11,5.136668621740412e-10,5.300586149366758,1.0772252108283935,0.0
256,6912,7.533117650359372,1.7959860052789534e-10,3.388278116161848e-11,3.0178631733883563e-10,1.9107627552666408e-11,1.1368683772161603e-13,9.114957037698388e-16,8.915745165433126e-11,1.8377185572807842e-11,5.073615008566843e-10,5.300586149366986,1.0772252108284626,0.0
256,6916,7.537477093444071,1.7739809266139176e-10,3.3467636910683294e-11,2.98085006938159e-10,1.8873278755091422e-11,0.0,0.0,8.806383425696564e-11,1.8151768521466374e-11,5.011309307055538e-10,5.300586149367212,1.077225210828531,0.0
256,6920,7.54183653652877,1.752245918849093e-10,3.305758777362042e-11,2.944291748287058e-10,1.864180941957453e-11,0.0,0.0,8.698365603368596e-11,1.7929121560471136e-11,4.949788298452642e-10,5.300586149367434,1.0772252108285985,0.0
256,6924,7.5461959796134686,1.7307778919684414e-10,3.265257545468763e-11,2.9081830335966293e-10,1.8413186771008407e-11,0.0,0.0,8.591676410911733e-11,1.770921317906132e-11,4.889021449787121e-10,5.300586149367654,1.077225210828665,0.0
256,6928,7.550555422698167,1.7095735304286472e-10,3.225253740338161e-11,2.872518317489503e-10,1.8187375303425727e-11,5.684341886080802e-14,4.557478518849194e-16,8.486299268164425e-11,1.749200920211191e-11,4.828988091987936e-10,5.30058614936787,1.0772252108287308,0.0
256,6932,7.554914865782866,1.6886289887655516e-10,3.18574010717982e-11,2.8372910957856107e-10,1.796433383555247e-11,0.0,0.0,8.382214944752036e-11,1.7277469991863332e-11,4.769728655437546e-10,5.300586149368084,1.0772252108287959,0.0
256,6936,7.559274308867565,1.6679422337566256e-10,3.14671281014904e-11,2.8024979913148556e-10,1.7744040984806102e-11,5.684341886080802e-14,4.557478518849194e-16,8.279413477242183e-11,1.7065575011631045e-11,4.711157409967811e-10,5.3005861493682955,1.07722521082886,0.0
256,6940,7.563633751952263,1.6475089143061092e-10,3.108163640539015e-11,2.768131612853546e-10,1.752644995358801e-11,0.0,0.0,8.17787300150519e-11,1.6856279194944338e-11,4.653302544993486e-10,5.300586149368503,1.0772252108289235,0.0
256,6944,7.567993195036962,1.6273269878923787e-10,3.070088744961524e-11,2.7341885532853286e-10,1.7311539169710662e-11,5.684341886080802e-14,4.557478518849194e-16,8.077583460607666e-11,1.664956181239385e-11,4.59619812040682e-10,5.300586149368709,1.0772252108289861,0.0
256,6948,7.572352638121661,1.6073923295615162e-10,3.0324803413452974e-11,2.7006618128688424e-10,1.7099264314249313e-11,5.684341886080802e-14,4.557478518849194e-16,7.978524151019349e-11,1.6445380189743097e-11,4.539772321258353e-10,5.300586149368912,1.077225210829048,0.0
256,6952,7.5767120812063595,1.5877025779933326e-10,2.995333974861903e-11,2.6675474566176763e-10,1.6889600472802458e-11,5.684341886080802e-14,4.557478518849194e-16,7.880683459054222e-11,1.6243710388795202e-11,4.4840739079393344e-10,5.300586149369113,1.0772252108291094,0.0
256,6956,7.581071524291058,1.568254210520684e-10,2.958642999704547e-11,2.634839499663454e-10,1.668250975212269e-11,0.0,0.0,7.784043680437879e-11,1.6044515917397214e-11,4.429017999958956e-10,5.30058614936931,1.0772252108291698,0.0
256,6960,7.585430967375757,1.5490446165278823e-10,2.9224024907279445e-11,2.602533597691976e-10,1.6477964646145975e-11,5.684341886080802e-14,4.557478518849194e-16,7.688591995560222e-11,1.5847770351694556e-11,4.3746646628504727e-10,5.300586149369504,1.0772252108292293,0.0
256,6964,7.589790410460456,1.5300709817031058e-10,2.8866071384969837e-11,2.5706249476299997e-10,1.6275934744171306e-11,5.684341886080802e-14,4.557478518849194e-16,7.594314188572499e-11,1.5653444389897443e-11,4.320961520386198e-10,5.300586149369697,1.0772252108292881,0.0
256,6968,7.594149853545154,1.511330221630692e-10,2.8512511240030193e-11,2.539108402091527e-10,1.6076387455478412e-11,-5.684341886080802e-14,-4.557478518849194e-16,7.501195064897043e-11,1.5461506712854388e-11,4.2679420216114416e-10,5.300586149369887,1.0772252108293463,0.0
256,6972,7.598509296629853,1.4928197561647363e-10,2.8163295795845675e-11,2.507979618764529e-10,1.587929528668001e-11,5.684341886080802e-14,4.557478518849194e-16,7.409221793557565e-11,1.5271930873282744e-11,4.2155603522053954e-10,5.3005861493700746,1.0772252108294038,0.0
256,6976,7.602868739714552,1.474535906566935e-10,2.7818355649935115e-11,2.4772323264058495e-10,1.568461853134423e-11,5.684341886080802e-14,4.557478518849194e-16,7.318375815759879e-11,1.5084678617688454e-11,4.163825025235606e-10,5.30058614937026,1.0772252108294607,0.0
256,6980,7.6072281827992505,1.456476508861571e-10,2.7477649977083034e-11,2.4468629255200473e-10,1.5492334399233627e-11,0.0,0.0,7.228646510332094e-11,1.4899728053650495e-11,4.112734090868001e-10,5.300586149370442,1.0772252108295166,0.0
256,6984,7.611587625883949,1.438639229259361e-10,2.7141134748398714e-11,2.416867445313691e-10,1.530241774923424e-11,5.684341886080802e-14,4.557478518849194e-16,7.140022128973125e-11,1.471705496550263e-11,4.0622639304627396e-10,5.300586149370623,1.077225210829572,0.0
256,6988,7.615947068968648,1.4210206358537358e-10,2.6808745218088532e-11,2.387240165331148e-10,1.51148323622303e-11,0.0,0.0,7.052485787877856e-11,1.4536624552247967e-11,4.012404967876297e-10,5.300586149370801,1.0772252108296265,0.0
256,6992,7.620306512053347,1.4036182503897624e-10,2.648043463179621e-11,2.357976830016882e-10,1.4929551294134032e-11,5.684341886080802e-14,4.557478518849194e-16,6.966024882706585e-11,1.4358410833748511e-11,3.963166058807649e-10,5.300586149370976,1.0772252108296805,0.0
256,6996,7.624665955138045,1.3864289620221665e-10,2.615614430081852e-11,2.329072252755186e-10,1.474654170584191e-11,5.684341886080802e-14,4.557478518849194e-16,6.880624104804786e-11,1.4182382255716888e-11,3.914528258785295e-10,5.300586149371149,1.0772252108297338,0.0
256,7000,7.629025398222744,1.3694505723600873e-10,2.5835832750669465e-11,2.3005227015322746e-10,1.4565779968075424e-11,5.684341886080802e-14,4.557478518849194e-16,6.796272415259947e-11,1.4008516064682695e-11,3.866495978042157e-10,5.300586149371321,1.0772252108297864,0.0
256,7004,7.633384841307443,1.3526806579212162e-10,2.5519454260324225e-11,2.2723241061082685e-10,1.4387240310074536e-11,5.684341886080802e-14,4.557478518849194e-16,6.712957789983668e-11,1.3836787476525281e-11,3.8190608441750925e-10,5.300586149371489,1.0772252108298384,0.0
256,7008,7.6377442843921415,1.336116012430328e-10,2.5206948340713576e-11,2.2444710482252616e-10,1.421088842609107e-11,0.0,0.0,6.630664210930981e-11,1.3667163474757584e-11,3.772212717813097e-10,5.3005861493716555,1.0772252108298899,0.0
256,7012,7.64210372747684,1.3197553179076428e-10,2.4898290127044403e-11,2.2169613423889715e-10,1.4036710478648522e-11,5.684341886080802e-14,4.557478518849194e-16,6.549385231693102e-11,1.3499630772004483e-11,3.7259023680177594e-10,5.300586149371821,1.0772252108299405,0.0
256,7016,7.646463170561539,1.3035950376284523e-10,2.4593412896041044e-11,2.1897889803779096e-10,1.3864668426639035e-11,1.1368683772161603e-13,9.114957037698388e-16,6.469103079091173e-11,1.3334152734086779e-11,3.680194254271796e-10,5.300586149371982,1.0772252108299907,0.0
256,7020,7.650822613646238,1.2876333307749957e-10,2.4292281919133696e-11,2.1629508827866425e-10,1.3694742772779692e-11,5.684341886080802e-14,4.557478518849194e-16,6.389808660414337e-11,1.317071061905619e-11,3.6350431828998296e-10,5.300586149372142,1.0772252108300402,0.0
256,7024,7.655182056730936,1.2718671128648695e-10,2.3994839004976788e-11,2.1364418643253134e-10,1.3526900686361598e-11,0.0,0.0,6.311486655828073e-11,1.3009272849581074e-11,3.590459467221708e-10,5.300586149372301,1.077225210830089,0.0
256,7028,7.659541499815635,1.2562942777382692e-10,2.3701044419100487e-11,2.110258340330594e-10,1.336111947105697e-11,5.684341886080802e-14,4.557478518849194e-16,6.234126459058538e-11,1.2849817563948355e-11,3.5463992040302724e-10,5.300586149372457,1.0772252108301372,0.0
256,7032,7.663900942900334,1.2409130525944776e-10,2.3410864716133523e-11,2.0843973436885935e-10,1.3197380340557792e-11,5.684341886080802e-14,4.557478518849194e-16,6.157719308437698e-11,1.2692326702557136e-11,3.5028815720653674e-10,5.300586149372611,1.077225210830185,0.0
256,7036,7.6682603859850325,1.2257198647049485e-10,2.312423249355765e-11,2.0588528472050716e-10,1.3035645133630064e-11,0.0,0.0,6.082247389323212e-11,1.2536763545763448e-11,3.4599209617000483e-10,5.300586149372763,1.077225210830232,0.0
256,7040,7.672619829069731,1.210712827226885e-10,2.2841112154502195e-11,2.0336216803284043e-10,1.2875893775897952e-11,5.684341886080802e-14,4.557478518849194e-16,6.007701334877098e-11,1.2383108786586586e-11,3.417493951988206e-10,5.300586149372912,1.0772252108302784,0.0
256,7044,7.67697927215443,1.195890099950942e-10,2.2561468981875622e-11,2.0087007334753723e-10,1.2718106579007613e-11,5.684341886080802e-14,4.557478518849194e-16,5.934071952271007e-11,1.2231343476715521e-11,3.3755550596669564e-10,5.3005861493730615,1.0772252108303246,0.0
256,7048,7.681338715239129,1.181249574891443e-10,2.2285263206761494e-11,1.9840864549031788e-10,1.2562261055067907e-11,1.7053025658242404e-13,1.3672435556547582e-15,5.861348745132755e-11,1.2081445980967113e-11,3.3341752775592743e-10,5.300586149373207,1.07722521083037,0.0
256,7052,7.685698158323827,1.1667879173849174e-10,2.2012431917938744e-11,1.9597731859811137e-10,1.240832137640811e-11,1.1368683772161603e-13,9.114957037698388e-16,5.7895149766186414e-11,1.1933381801262192e-11,3.293273190653569e-10,5.300586149373351,1.0772252108304148,0.0
256,7056,7.690057601408526,1.1525033738116232e-10,2.1742942031901263e-11,1.9357580378816085e-10,1.225626925239075e-11,5.684341886080802e-14,4.557478518849194e-16,5.718562132526449e-11,1.1787133388077831e-11,3.2528571963510197e-10,5.300586149373494,1.0772252108304592,0.0
256,7060,7.694417044493225,1.1383944964806763e-10,2.1476766236747257e-11,1.9120385583552514e-10,1.2106089156576842e-11,1.1368683772161603e-13,9.114957037698388e-16,5.648482961220908e-11,1.1642685794301418e-11,3.2129763471721314e-10,5.300586149373634,1.0772252108305027,0.0
256,7064,7.698776487577923,1.124458741413492e-10,2.1213856538188677e-11,1.888610404955516e-10,1.195775359472754e-11,5.684341886080802e-14,4.557478518849194e-16,5.579264609922872e-11,1.150001252771013e-11,3.173550195724628e-10,5.300586149373773,1.077225210830546,0.0
256,7068,7.703135930662622,1.1106938419765126e-10,2.0954170174283843e-11,1.865469822781982e-10,1.18112387926574e-11,0.0,0.0,5.510896004352631e-11,1.1359090761934496e-11,3.134631402625854e-10,5.300586149373911,1.0772252108305886,0.0
256,7072,7.707495373747321,1.097097760181731e-10,2.0697668696681014e-11,1.842613336203546e-10,1.1666522744377146e-11,0.0,0.0,5.443366858410204e-11,1.1219899295205654e-11,3.096180603313858e-10,5.300586149374045,1.0772252108306308,0.0
256,7076,7.71185481683202,1.0836688171435758e-10,2.044432043179686e-11,1.82003814065985e-10,1.1523587692787897e-11,0.0,0.0,5.376668892330225e-11,1.1082421061223282e-11,3.058210006948868e-10,5.300586149374178,1.0772252108306726,0.0
256,7080,7.716214259916718,1.0704046357329402e-10,2.0194080533098556e-11,1.7977402034465334e-10,1.138240810478609e-11,1.1368683772161603e-13,9.114957037698388e-16,5.3107901787345243e-11,1.0946631475206415e-11,3.0207189497253077e-10,5.300586149374309,1.0772252108307137,0.0
256,7084,7.720573703001417,1.0573023963835467e-10,1.9946895807105276e-11,1.7757147984079008e-10,1.1242954056674859e-11,5.684341886080802e-14,4.557478518849194e-16,5.245716759132529e-11,1.081250176583344e-11,2.9836672003764126e-10,5.30058614937444,1.0772252108307545,0.0
256,7088,7.724933146086116,1.0443618126345836e-10,1.9702760849493726e-11,1.753961449682404e-10,1.1105222535532573e-11,5.684341886080802e-14,4.557478518849194e-16,5.181447229608217e-11,1.0680029039344519e-11,2.947086802298044e-10,5.300586149374568,1.0772252108307945,0.0
256,7092,7.729292589170814,1.0315786248257823e-10,1.9461595298203024e-11,1.7324729708636436e-10,1.096916804056313e-11,0.0,0.0,5.1179603490942565e-11,1.0549169513528648e-11,2.910918255728603e-10,5.300586149374695,1.0772252108308342,0.0
256,7096,7.733652032255513,1.0189527158419372e-10,1.9223396943756664e-11,1.7112491384131613e-10,1.083478915643079e-11,1.1368683772161603e-13,9.114957037698388e-16,5.05525544779044e-11,1.0419921807789757e-11,2.8752423373235833e-10,5.300586149374819,1.0772252108308733,0.0
256,7100,7.738011475340212,1.0064816645487e-10,1.8988120109426076e-11,1.6902859051093365e-10,1.0702060258115826e-11,0.0,0.0,4.993320576312607e-11,1.0292261291988009e-11,2.8399704990730934e-10,5.300586149374942,1.077225210830912,0.0
256,7104,7.7423709184249105,9.941638616031722e-11,1.875573443360872e-11,1.669580603412684e-10,1.0570964456068237e-11,1.1368683772161603e-13,9.114957037698388e-16,4.932147866786745e-11,1.0166171748815919e-11,2.805177019258113e-10,5.300586149375064,1.0772252108309501,0.0
256,7108,7.746730361509609,9.819970949863255e-11,1.8526198184711798e-11,1.6491294041820318e-10,1.0441477506046598e-11,1.1368683772161603e-13,9.114957037698388e-16,4.871725967261592e-11,1.0041629779565798e-11,2.770772810382136e-10,5.300586149375184,1.0772252108309879,0.0
256,7112,7.751089804594308,9.699791750838409e-11,1.829947005382611e-11,1.6289286440490834e-10,1.0313576213401925e-11,5.684341886080802e-14,4.557478518849194e-16,4.812044060559755e-11,9.918613087808953e-12,2.736782713903231e-10,5.300586149375302,1.0772252108310252,0.0
256,7116,7.755449247679007,9.581088179664998e-11,1.807552581855093e-11,1.60897622651404e-10,1.018724730412707e-11,5.684341886080802e-14,4.557478518849194e-16,4.753095974360555e-11,9.797108951122253e-12,2.7032394508399083e-10,5.30058614937542,1.0772252108310618,0.0
256,7120,7.759808690763705,9.463840601469952e-11,1.7854328436052647e-11,1.5892687829447892e-10,1.0062469449697825e-11,5.684341886080802e-14,4.557478518849194e-16,4.694871732278324e-11,9.677096806121778e-12,2.6701049350239733e-10,5.300586149375534,1.0772252108310982,0.0
256,7124,7.764168133848404,9.348029881005302e-11,1.7635841806082298e-11,1.5698030960179098e-10,9.939222279602298e-12,1.1368683772161603e-13,9.114957037698388e-16,4.6373618286134994e-11,9.558557059604534e-12,2.6373593383681666e-10,5.300586149375649,1.077225210831134,0.0
256,7128,7.768527576933103,9.233633060497372e-11,1.7420022616875803e-11,1.550575349381154e-10,9.817481630572255e-12,5.684341886080802e-14,4.557478518849194e-16,4.5805550031542534e-11,9.441466501956686e-12,2.6050275427047917e-10,5.300586149375762,1.0772252108311695,0.0
256,7132,7.7728870200178015,9.12064566526463e-11,1.720686242657144e-11,1.5315847081652603e-10,9.697242216625533e-12,0.0,0.0,4.5244487602684003e-11,9.325819989166718e-12,2.573099293855426e-10,5.300586149375873,1.0772252108312044,0.0
256,7136,7.7772464631025,9.009037542947005e-11,1.6996304350214948e-11,1.5128261414914316e-10,9.578472184708233e-12,5.684341886080802e-14,4.557478518849194e-16,4.4690282496733646e-11,9.211586911746178e-12,2.54153878129621e-10,5.300586149375982,1.077225210831239,0.0
256,7140,7.781605906187199,8.898799540482624e-11,1.6788331119787996e-11,1.4942981151881026e-10,9.46116182119943e-12,5.684341886080802e-14,4.557478518849194e-16,4.4142889402865634e-11,9.098757930201401e-12,2.5104018504977703e-10,5.300586149376089,1.0772252108312732,0.0
256,7144,7.785965349271898,8.789912379852748e-11,1.6582906365692597e-11,1.4759973573739972e-10,9.345290410153693e-12,-5.684341886080802e-14,-4.557478518849194e-16,4.360221154483053e-11,8.987313096955803e-12,2.479638118444555e-10,5.300586149376196,1.077225210831307,0.0
256,7148,7.790324792356596,8.682357333054043e-11,1.6379994755980908e-11,1.4579207526591043e-10,9.230838226451426e-12,5.684341886080802e-14,4.557478518849194e-16,4.306815699482887e-11,8.877233463798118e-12,2.449217455559992e-10,5.3005861493763025,1.0772252108313403,0.0
256,7152,7.794684235441295,8.57612187163184e-11,1.617957265467322e-11,1.4400661357811488e-10,9.117791560715259e-12,5.684341886080802e-14,4.557478518849194e-16,4.254066157293389e-11,8.768505801924668e-12,2.4191963704044923e-10,5.300586149376406,1.0772252108313731,0.0
256,7156,7.799043678525994,8.471191316194728e-11,1.5981612367867393e-11,1.422431047017325e-10,9.006134839188342e-12,0.0,0.0,4.2019652635283945e-11,8.661115137940618e-12,2.3895445810563186e-10,5.3005861493765085,1.0772252108314058,0.0
256,7160,7.8034031216106925,8.367545182501997e-11,1.5786075250326593e-11,1.4050120758838209e-10,8.895846468362058e-12,5.684341886080802e-14,4.557478518849194e-16,4.150502953610202e-11,8.555040726680117e-12,2.360260224844399e-10,5.30058614937661,1.0772252108314377,0.0
256,7164,7.807762564695391,8.265170358407068e-11,1.5592936564887398e-11,1.3878069758795514e-10,8.786912224494782e-12,5.684341886080802e-14,4.557478518849194e-16,4.0996725754590955e-11,8.450268856837928e-12,2.3313278670945543e-10,5.300586149376709,1.0772252108314697,0.0
256,7168,7.81212200778009,8.16405146703018e-11,1.5402167301777444e-11,1.3708131505798905e-10,8.679315668300875e-12,0.0,0.0,4.04946645397312e-11,8.34678370844945e-12,2.3027485956852704e-10,5.300586149376808,1.0772252108315008,0.0
256,7172,7.816481450864789,8.064174118459712e-11,1.521374031322247e-11,1.3540282167257984e-10,8.57304171015451e-12,5.684341886080802e-14,4.557478518849194e-16,3.999877560444354e-11,8.244570793901205e-12,2.274524657454352e-10,5.3005861493769055,1.0772252108315319,0.0
256,7176,7.820840893949487,7.965516607826932e-11,1.502761465116859e-11,1.337448454050078e-10,8.468066795150802e-12,5.684341886080802e-14,4.557478518849194e-16,3.950894878300026e-11,8.143607405769592e-12,2.2466635091119203e-10,5.3005861493770015,1.0772252108315623,0.0
256,7180,7.825200337034186,7.868073602301557e-11,1.4843780254784536e-11,1.3210730122180678e-10,8.364385539388269e-12,1.1368683772161603e-13,9.114957037698388e-16,3.902515911464118e-11,8.043888399128266e-12,2.219107384935101e-10,5.3005861493770965,1.0772252108315925,0.0
256,7184,7.829559780118885,7.771823720201682e-11,1.4662196785735447e-11,1.3048982476933557e-10,8.261974873783679e-12,0.0,0.0,3.854729877933246e-11,7.945391550049404e-12,2.1919171336672887e-10,5.30058614937719,1.0772252108316225,0.0
256,7188,7.8339192232035835,7.676746085106905e-11,1.4482824858904638e-11,1.288920704343771e-10,8.160812915805421e-12,1.1368683772161603e-13,9.114957037698388e-16,3.807526585388695e-11,7.848095850066641e-12,2.1650408134296074e-10,5.300586149377283,1.0772252108316518,0.0
256,7192,7.838278666288282,7.58283891871301e-11,1.4305661119372167e-11,1.27314007987816e-10,8.060897751494362e-12,5.684341886080802e-14,4.557478518849194e-16,3.76090513954545e-11,7.751999455874525e-12,2.138531624857511e-10,5.300586149377374,1.077225210831681,0.0
256,7196,7.842638109372981,7.490084236408695e-11,1.4130671637661566e-11,1.2575532782611785e-10,7.962209778275155e-12,1.1368683772161603e-13,9.114957037698388e-16,3.7148563676966875e-11,7.657083460636622e-12,2.1123099501661748e-10,5.300586149377463,1.0772252108317097,0.0
256,7200,7.84699755245768,7.398462126336376e-11,1.3957818848384741e-11,1.2421570032381224e-10,7.864728125881793e-12,5.684341886080802e-14,4.557478518849194e-16,3.6693705490799355e-11,7.563327827861027e-12,2.0864558918860801e-10,5.300586149377553,1.0772252108317382,0.0
256,7204,7.851356995542378,7.307965173185828e-11,1.3787088761937492e-11,1.2269500010909536e-10,7.768444856387351e-12,5.684341886080802e-14,4.557478518849194e-16,3.624443977103268e-11,7.470724917498996e-12,2.060854135079285e-10,5.30058614937764,1.0772252108317664,0.0
256,7208,7.855716438627077,7.218574947751342e-11,1.3618446610078742e-11,1.2119291279558492e-10,7.673340064390046e-12,5.684341886080802e-14,4.557478518849194e-16,3.580067347206792e-11,7.379255550937783e-12,2.0356149660267783e-10,5.300586149377727,1.077225210831794,0.0
256,7212,7.860075881711776,7.130277363542768e-11,1.345186581746427e-11,1.197092070810253e-10,7.579399104966966e-12,5.684341886080802e-14,4.557478518849194e-16,3.5362338449525326e-11,7.288905682218371e-12,2.0106879429000567e-10,5.300586149377812,1.0772252108318214,0.0
256,7216,7.8644353247964744,7.043059857762049e-11,1.3287322683322681e-11,1.1824366716542493e-10,7.486608314722434e-12,5.684341886080802e-14,4.557478518849194e-16,3.492937078380122e-11,7.199662136195028e-12,1.986034438229892e-10,5.300586149377897,1.0772252108318483,0.0
256,7220,7.868794767881173,6.956917829963562e-11,1.3124808528527759e-11,1.167962191354162e-10,7.394963013824995e-12,5.684341886080802e-14,4.557478518849194e-16,3.450174875768048e-11,7.111520436502795e-12,1.9616898143927352e-10,5.300586149377979,1.077225210831875,0.0
256,7224,7.873154210965872,6.871828807724186e-11,1.2964280956969923e-11,1.1536648039753872e-10,7.30443897833564e-12,1.7053025658242404e-13,1.3672435556547582e-15,3.4079359165575475e-11,7.024457249140382e-12,1.9376579382690543e-10,5.300586149378062,1.0772252108319016,0.0
256,7228,7.877513654050571,6.787777623359601e-11,1.2805711353541541e-11,1.1395420153947655e-10,7.21502041669138e-12,0.0,0.0,3.366212851484326e-11,6.938457425761662e-12,1.913892933516442e-10,5.300586149378143,1.0772252108319273,0.0
256,7232,7.881873097135269,6.704761874396637e-11,1.264909518577563e-11,1.1255933493360413e-10,7.126704313344861e-12,5.684341886080802e-14,4.557478518849194e-16,3.325004247959632e-11,6.8535180135064015e-12,1.8904694293048135e-10,5.300586149378223,1.077225210831953,0.0
256,7236,7.886232540219968,6.62276066582012e-11,1.2494393033474905e-11,1.1118153268648205e-10,7.03946864139199e-12,0.0,0.0,3.284299839383407e-11,6.7696178507991005e-12,1.8673158152677292e-10,5.300586149378302,1.0772252108319786,0.0
256,7240,7.890591983304667,6.54176988698598e-11,1.2341597141564826e-11,1.0982072577755756e-10,6.9533090307903255e-12,1.1368683772161603e-13,9.114957037698388e-16,3.24409758685046e-11,6.686752735036568e-12,1.8444317337292355e-10,5.30058614937838,1.0772252108320035,0.0
256,7244,7.894951426389365,6.461771715169645e-11,1.2190673885981802e-11,1.0847661164217395e-10,6.868206324631689e-12,1.7053025658242404e-13,1.3672435556547582e-15,3.2043885407844316e-11,6.60490421930018e-12,1.82184799099611e-10,5.300586149378457,1.0772252108320284,0.0
256,7248,7.899310869474064,6.382747606232461e-11,1.2041588281654134e-11,1.0714888154432096e-10,6.784140975268099e-12,5.684341886080802e-14,4.557478518849194e-16,3.165163590209212e-11,6.52405352399321e-12,1.799537575783184e-10,5.300586149378533,1.077225210832053,0.0
256,7252,7.903670312558763,6.304694154684798e-11,1.1894333903840223e-11,1.0583747381682386e-10,6.701109078236899e-12,0.0,0.0,3.126420897656003e-11,6.4441968617143284e-12,1.777461927714787e-10,5.300586149378607,1.077225210832077,0.0
256,7256,7.9080297556434616,6.227597007090956e-11,1.1748883673580693e-11,1.045421458492785e-10,6.619095272638748e-12,5.684341886080802e-14,4.557478518849194e-16,3.088153290621584e-11,6.365319448458356e-12,1.7557052177492847e-10,5.300586149378681,1.077225210832101,0.0
256,7260,7.91238919872816,6.151442486821891e-11,1.1605211788768653e-11,1.032626751706804e-10,6.53808547270219e-12,0.0,0.0,3.050354222409747e-11,6.287407790137153e-12,1.7341889128745433e-10,5.300586149378755,1.0772252108321247,0.0
256,7264,7.916748641812859,6.076225355475546e-11,1.1463308366719598e-11,1.0199897051247133e-10,6.458073899750333e-12,5.684341886080802e-14,4.557478518849194e-16,3.013020985241902e-11,6.210456305461804e-12,1.712931822776853e-10,5.300586149378827,1.0772252108321478,0.0
256,7268,7.921108084897558,6.001924444865025e-11,1.13231334718749e-11,1.0075067124720887e-10,6.379037720624551e-12,5.684341886080802e-14,4.557478518849194e-16,2.976142907681103e-11,6.134442998404672e-12,1.691963288141501e-10,5.300586149378898,1.077225210832171,0.0
256,7272,7.925467527982256,5.928536483838441e-11,1.1184680932932377e-11,9.951772529049026e-11,6.300973637596247e-12,0.0,0.0,2.939718461120339e-11,6.0593647181921336e-12,1.6712468349603908e-10,5.300586149378968,1.0772252108321938,0.0
256,7276,7.929826971066955,5.856049397402032e-11,1.1047927969404317e-11,9.829993144651887e-11,6.2238689119356415e-12,-5.684341886080802e-14,-4.557478518849194e-16,2.9037417075803635e-11,5.985209225426972e-12,1.6507639657061667e-10,5.300586149379037,1.077225210832216,0.0
256,7280,7.934186414151654,5.784448767977699e-11,1.091284738132134e-11,9.709704269671807e-11,6.147707903639562e-12,5.684341886080802e-14,4.557478518849194e-16,2.8682053326159223e-11,5.911961443532266e-12,1.6305460395299724e-10,5.3005861493791055,1.0772252108322382,0.0
256,7284,7.9385458572363525,5.7137275362396266e-11,1.0779425850673663e-11,9.590894194318196e-11,6.072483198643671e-12,5.684341886080802e-14,4.557478518849194e-16,2.833105882130848e-11,5.8396142529049925e-12,1.6105790163898695e-10,5.300586149379173,1.0772252108322604,0.0
256,7288,7.942905300321051,5.643867143164798e-11,1.0647628364308985e-11,9.473531625778498e-11,5.9981749838758355e-12,1.1368683772161603e-13,9.114957037698388e-16,2.798434107439959e-11,5.768148590101686e-12,1.5908703696654355e-10,5.30058614937924,1.0772252108322817,0.0
256,7292,7.94726474340575,5.574859236685118e-11,1.0517439165350874e-11,9.357603201603695e-11,5.9247747988895625e-12,5.684341886080802e-14,4.557478518849194e-16,2.764186084468819e-11,5.697556366797393e-12,1.5713640301426678e-10,5.300586149379305,1.077225210832303,0.0
256,7296,7.951624186490449,5.506697131448818e-11,1.0388845641322938e-11,9.243096390972332e-11,5.85227470978409e-12,5.684341886080802e-14,4.557478518849194e-16,2.7303580655955487e-11,5.62782985837219e-12,1.5521378324776636e-10,5.300586149379371,1.0772252108323244,0.0
256,7300,7.955983629575147,5.4393727285679644e-11,1.0261832512994342e-11,9.129998641180662e-11,5.780666768803866e-12,0.0,0.0,2.6969463794847362e-11,5.558961497448263e-12,1.533131035330189e-10,5.300586149379434,1.077225210832345,0.0
256,7304,7.960343072659846,5.372871005000568e-11,1.0136371438137328e-11,9.018283973115117e-11,5.709934527250001e-12,5.684341886080802e-14,4.557478518849194e-16,2.6639433252088943e-11,5.490935410829273e-12,1.5143562791834828e-10,5.300586149379497,1.0772252108323654,0.0
256,7308,7.964702515744545,5.3071826634025944e-11,1.0012444876533185e-11,8.907936834160653e-11,5.640068137970433e-12,1.1368683772161603e-13,9.114957037698388e-16,2.6313443104865726e-11,5.423742132878097e-12,1.4957888037015812e-10,5.30058614937956,1.0772252108323859,0.0
256,7312,7.9690619588292435,5.242301284025082e-11,9.890040716787479e-12,8.798946606161711e-11,5.5710608780705154e-12,5.684341886080802e-14,4.557478518849194e-16,2.5991462043215644e-11,5.35737520996722e-12,1.4774924601935553e-10,5.3005861493796225,1.0772252108324063,0.0
256,7316,7.973421401913942,5.1782080367801646e-11,9.769123434361341e-12,8.691281790509898e-11,5.5028928041783e-12,5.684341886080802e-14,4.557478518849194e-16,2.5673397060097725e-11,5.291815471431489e-12,1.4593893920939835e-10,5.300586149379683,1.0772252108324258,0.0
256,7320,7.977780844998641,5.114908709361386e-11,9.649703948223698e-12,8.58495176044742e-11,5.435569850970435e-12,1.1368683772161603e-13,9.114957037698388e-16,2.5359275723326735e-11,5.2270685995648516e-12,1.4415021343178053e-10,5.300586149379743,1.0772252108324454,0.0
256,7324,7.98214028808334,5.052379381684362e-11,9.531737131130674e-12,8.479916328279137e-11,5.369066573571959e-12,0.0,0.0,2.5048979307594318e-11,5.163110122637985e-12,1.4238666041206126e-10,5.300586149379802,1.077225210832465,0.0
256,7328,7.986499731168038,4.990621037278536e-11,9.41522483859299e-12,8.376177252205834e-11,5.303384085189265e-12,5.684341886080802e-14,4.557478518849194e-16,2.4742513044324295e-11,5.0999411189549984e-12,1.40643101010821e-10,5.3005861493798605,1.077225210832484,0.0
256,7332,7.990859174252737,4.929621465732543e-11,9.300144034646284e-12,8.273713857565911e-11,5.238509295641953e-12,5.684341886080802e-14,4.557478518849194e-16,2.4439815798651594e-11,5.037548987362094e-12,1.389204983090342e-10,5.300586149379918,1.0772252108325027,0.0
256,7336,7.995218617337436,4.869365851313597e-11,9.18646676816898e-12,8.17250073631507e-11,5.174426117804153e-12,5.684341886080802e-14,4.557478518849194e-16,2.4140812326718303e-11,4.9759182185517e-12,1.37219459884103e-10,5.300586149379975,1.0772252108325213,0.0
256,7340,7.9995780604221345,4.809843692093491e-11,9.07417322639338e-12,8.07252125256077e-11,5.111124018645691e-12,5.684341886080802e-14,4.557478518849194e-16,2.3845453836226388e-11,4.915038755427087e-12,1.3553831611608427e-10,5.300586149380031,1.07722521083254,0.0
256,7344,8.003937503506833,4.7510494256827386e-11,8.963252915405545e-12,7.973765690370492e-11,5.04859684651524e-12,0.0,0.0,2.3553711493325123e-11,4.854904654738244e-12,1.3388106057835357e-10,5.300586149380087,1.0772252108325582,0.0
256,7348,8.008296946591532,4.692975566292756e-11,8.853691712637945e-12,7.876221520159309e-11,4.986836668294949e-12,1.1368683772161603e-13,9.114957037698388e-16,2.3265548298831417e-11,4.795508290192121e-12,1.3224097284467633e-10,5.300586149380141,1.077225210832576,0.0
256,7352,8.01265638967623,4.6356165748900794e-11,8.74547916823974e-12,7.779878728989481e-11,4.925837144284372e-12,5.684341886080802e-14,4.557478518849194e-16,2.2980934423180917e-11,4.7368435133016384e-12,1.306241045247305e-10,5.300586149380195,1.0772252108325937,0.0
256,7356,8.01701583276093,4.5789571114054037e-11,8.63858634188457e-12,7.684711927166201e-11,4.865582198975635e-12,0.0,0.0,2.269979499303065e-11,4.678894891129978e-12,1.2902508069180245e-10,5.300586149380249,1.0772252108326115,0.0
256,7360,8.021375275845628,4.5229937112526734e-11,8.533006697340484e-12,7.590715587637404e-11,4.806068332910804e-12,5.684341886080802e-14,4.557478518849194e-16,2.2422113783308685e-11,4.621659079355917e-12,1.274437287453951e-10,5.300586149380302,1.077225210832629,0.0
256,7364,8.025734718930327,4.46771406295934e-11,8.428717007982725e-12,7.497868862907493e-11,4.747282346479477e-12,5.684341886080802e-14,4.557478518849194e-16,2.2147829147475924e-11,4.56512337135911e-12,1.2588257697012298e-10,5.300586149380353,1.0772252108326459,0.0
256,7368,8.030094162015025,4.413107218613108e-11,8.325696619657229e-12,7.406152980162577e-11,4.6892123536578255e-12,0.0,0.0,2.1876885492106744e-11,4.509276308190471e-12,1.2434402242682852e-10,5.300586149380405,1.0772252108326628,0.0
256,7372,8.034453605099724,4.359170580237476e-11,8.223940631063597e-12,7.31556405362555e-11,4.631855894162615e-12,1.1368683772161603e-13,9.114957037698388e-16,2.1609271506082585e-11,4.454115558395691e-12,1.228218928445874e-10,5.300586149380456,1.0772252108326796,0.0
256,7376,8.038813048184423,4.3058929123979795e-11,8.123427845613096e-12,7.226082919211219e-11,4.575200834236242e-12,1.1368683772161603e-13,9.114957037698388e-16,2.1344930472343624e-11,4.39962943142155e-12,1.2131828644757544e-10,5.300586149380505,1.0772252108326963,0.0
256,7380,8.043172491269122,4.253274666625079e-11,8.024159115155781e-12,7.137710328171578e-11,4.519247649534575e-12,5.684341886080802e-14,4.557478518849194e-16,2.108386460771583e-11,4.3458183842015e-12,1.198311806661221e-10,5.300586149380555,1.0772252108327123,0.0
256,7384,8.04753193435382,4.2012963462765286e-11,7.926097657642092e-12,7.050413418376087e-11,4.463975533370404e-12,5.684341886080802e-14,4.557478518849194e-16,2.082597679123476e-11,4.2926623981061015e-12,1.1836567616889564e-10,5.300586149380603,1.0772252108327283,0.0
256,7388,8.051891377438519,4.149955171225248e-11,7.829238228129293e-12,6.964187698654947e-11,4.409381642155571e-12,5.684341886080802e-14,4.557478518849194e-16,2.057125381798532e-11,4.240158751330606e-12,1.169173636577761e-10,5.300586149380652,1.0772252108327443,0.0
256,7392,8.056250820523218,4.099241502754098e-11,7.733562642369707e-12,6.879017049302417e-11,4.355455769684034e-12,5.684341886080802e-14,4.557478518849194e-16,2.0319648092084674e-11,4.188297633384077e-12,1.1548652309520929e-10,5.300586149380699,1.0772252108327602,0.0
256,7396,8.060610263607916,4.049150574128163e-11,7.639061907518424e-12,6.794892808479282e-11,4.302192431704581e-12,5.684341886080802e-14,4.557478518849194e-16,2.007113379429336e-11,4.137073722389923e-12,1.1407306873499639e-10,5.300586149380746,1.0772252108327756,0.0
256,7400,8.064969706692615,3.999669472986897e-11,7.545711663325122e-12,6.711793724739034e-11,4.249578172844934e-12,5.684341886080802e-14,4.557478518849194e-16,1.9825648297718706e-11,4.086474109656756e-12,1.1267490828531277e-10,5.300586149380792,1.0772252108327907,0.0
256,7404,8.069329149777314,3.9507968395941895e-11,7.453509344533673e-12,6.629717464238967e-11,4.197611515430507e-12,5.684341886080802e-14,4.557478518849194e-16,1.958318469019935e-11,4.0364973704458704e-12,1.1129695239311546e-10,5.3005861493808375,1.0772252108328058,0.0
256,7408,8.073688592862013,3.902524132319515e-11,7.362438836642237e-12,6.548649733913138e-11,4.14628340979387e-12,1.1368683772161603e-13,9.114957037698388e-16,1.9343700766415477e-11,3.987134805372302e-12,1.0993536841397523e-10,5.300586149380883,1.0772252108328209,0.0
256,7412,8.078048035946711,3.854837281364694e-11,7.272473595797392e-12,6.46856659410038e-11,4.09557869851724e-12,5.684341886080802e-14,4.557478518849194e-16,1.9107125696160154e-11,3.938371814872776e-12,1.0858929737898363e-10,5.300586149380927,1.077225210832836,0.0
256,7416,8.08240747903141,3.8077332238160443e-11,7.183607843555782e-12,6.389463170174469e-11,4.045494295226684e-12,0.0,0.0,1.887344517392897e-11,3.890205450288437e-12,1.0726232321345225e-10,5.300586149380972,1.0772252108328504,0.0
256,7420,8.086766922116109,3.7612051867049433e-11,7.095828802144475e-12,6.311327857557117e-11,3.996022852473127e-12,5.684341886080802e-14,4.557478518849194e-16,1.864262483735705e-11,3.842628628828735e-12,1.059477666458965e-10,5.300586149381014,1.0772252108328646,0.0
256,7424,8.091126365200807,3.71524962117774e-11,7.009129776353636e-12,6.234154741097146e-11,3.947160625073332e-12,-5.684341886080802e-14,-4.557478518849194e-16,1.8414647228106264e-11,3.795637751970903e-12,1.0465244196166868e-10,5.300586149381058,1.0772252108328788,0.0
256,7428,8.095485808285506,3.6698572931857976e-11,6.923493345376631e-12,6.15792814374212e-11,3.898897687087592e-12,5.684341886080802e-14,4.557478518849194e-16,1.8189465974550266e-11,3.749223261568462e-12,1.0337007894961843e-10,5.3005861493810995,1.077225210832893,0.0
256,7432,8.099845251370205,3.6250181541727225e-11,6.8389005517696756e-12,6.082631245777487e-11,3.851223389098663e-12,1.1368683772161603e-13,9.114957037698388e-16,1.796703140876085e-11,3.703374920039283e-12,1.021056622404774e-10,5.300586149381141,1.0772252108329072,0.0
256,7436,8.104204694454904,3.580728829421032e-11,6.755345028845415e-12,6.008258569159191e-11,3.8041342626780715e-12,5.684341886080802e-14,4.557478518849194e-16,1.774732741458708e-11,3.658089405513001e-12,1.008569508985625e-10,5.300586149381182,1.0772252108329206,0.0
256,7440,8.108564137539602,3.536986205784555e-11,6.672820903392689e-12,5.934805036839778e-11,3.7576270932887036e-12,1.1368683772161603e-13,9.114957037698388e-16,1.7530339047000498e-11,3.6133636375116956e-12,9.962197202161806e-11,5.300586149381222,1.0772252108329339,0.0
256,7444,8.112923580624301,3.4937725623387856e-11,6.591294743402273e-12,5.862240530393901e-11,3.711682811422733e-12,0.0,0.0,1.7315977206360798e-11,3.5691792507659013e-12,9.840367479702555e-11,5.300586149381263,1.0772252108329472,0.0
256,7448,8.117283023709,3.4510848685086077e-11,6.510760831440222e-12,5.7905598037535074e-11,3.666298095527501e-12,5.684341886080802e-14,4.557478518849194e-16,1.7104226340028625e-11,3.525533039556587e-12,9.719828057349502e-11,5.300586149381302,1.0772252108329605,0.0
256,7452,8.121642466793698,3.4089283504700705e-11,6.431229027125649e-12,5.7197716387059916e-11,3.621478505799516e-12,5.684341886080802e-14,4.557478518849194e-16,1.6895112392274757e-11,3.4824303515318718e-12,9.600998001336369e-11,5.300586149381342,1.0772252108329738,0.0
256,7456,8.126001909878397,3.3672866944272014e-11,6.352668553115231e-12,5.649848958651553e-11,3.5772068986655053e-12,0.0,0.0,1.668855548828324e-11,3.4398547228484297e-12,9.483705452077192e-11,5.30058614938138,1.0772252108329867,0.0
256,7460,8.130361352963096,3.3261462849996516e-11,6.275053722852868e-12,5.58076909955317e-11,3.5334689243702503e-12,0.0,0.0,1.648448874657509e-11,3.397792367857076e-12,9.36744313760667e-11,5.3005861493814175,1.0772252108329992,0.0
256,7464,8.134720796047795,3.2855110202599885e-11,6.198391890379146e-12,5.512538001291788e-11,3.4902683437546592e-12,5.684341886080802e-14,4.557478518849194e-16,1.6282929500830456e-11,3.356246859386003e-12,9.252993036366661e-11,5.300586149381456,1.0772252108330116,0.0
256,7468,8.139080239132493,3.24537463614967e-11,6.1226712380226514e-12,5.4451449370698594e-11,3.447598365137314e-12,1.1368683772161603e-13,9.114957037698388e-16,1.608384598988234e-11,3.3152116508050726e-12,9.13955120286586e-11,5.300586149381492,1.077225210833024,0.0
256,7472,8.143439682217192,3.2057247377261985e-11,6.047868381685571e-12,5.3785696608478265e-11,3.4054461697202427e-12,1.1368683772161603e-13,9.114957037698388e-16,1.5887178604996804e-11,3.2746744555275233e-12,9.027926419952616e-11,5.300586149381529,1.0772252108330365,0.0
256,7476,8.14779912530189,3.166568011295805e-11,5.973995935644973e-12,5.312822922556659e-11,3.3638185638318097e-12,5.684341886080802e-14,4.557478518849194e-16,1.5692958934225197e-11,3.234641784500793e-12,8.917398046854649e-11,5.300586149381565,1.077225210833049,0.0
256,7480,8.15215856838659,3.12788612727624e-11,5.901019319607786e-12,5.2478745226515005e-11,3.3226964266033005e-12,5.684341886080802e-14,4.557478518849194e-16,1.5501097969533e-11,3.195095291337256e-12,8.808243719521252e-11,5.300586149381601,1.0772252108330609,0.0
256,7484,8.156518011471288,3.0896770169918577e-11,5.828934630844035e-12,5.183720723166937e-11,3.282077391338585e-12,5.684341886080802e-14,4.557478518849194e-16,1.5311584575631586e-11,3.1560326808247698e-12,8.700539910727001e-11,5.300586149381636,1.0772252108330724,0.0
256,7488,8.160877454555987,3.0519412527649225e-11,5.757742949087634e-12,5.120361827987388e-11,3.241961650442354e-12,1.1368683772161603e-13,9.114957037698388e-16,1.5124419418871195e-11,3.1174540903118334e-12,8.594131366689133e-11,5.300586149381671,1.077225210833084,0.0
256,7492,8.165236897640685,3.014660323380314e-11,5.687409351379882e-12,5.057767630060817e-11,3.2023300782927146e-12,0.0,0.0,1.4939513573778526e-11,3.0793411904283857e-12,8.488806453736514e-11,5.300586149381705,1.0772252108330955,0.0
256,7496,8.169596340725384,2.977838461766449e-11,5.617941823494985e-12,4.995944876558209e-11,3.1631869468669834e-12,0.0,0.0,1.4756886845075245e-11,3.0416980633351272e-12,8.385060998943722e-11,5.300586149381739,1.077225210833107,0.0
256,7500,8.173955783810083,2.941467803013328e-11,5.5493255276210934e-12,4.9348802695908325e-11,3.1245238365950708e-12,0.0,0.0,1.4576499917577784e-11,3.0045166053636506e-12,8.282362659890917e-11,5.300586149381773,1.0772252108331186,0.0
256,7504,8.178315226894782,2.905540200936379e-11,5.481545095298298e-12,4.8745602919302955e-11,3.086332189031784e-12,0.0,0.0,1.4398312917219547e-11,2.967788597648255e-12,8.181058469675402e-11,5.300586149381806,1.0772252108331297,0.0
256,7508,8.18267466997948,2.870058727273057e-11,5.414606321616744e-12,4.8149900691083795e-11,3.0486152494121348e-12,5.684341886080802e-14,4.557478518849194e-16,1.4222340973817279e-11,2.9315171587555307e-12,8.081114054561074e-11,5.300586149381838,1.0772252108331404,0.0
256,7512,8.187034113064179,2.8350013664829184e-11,5.3484676724143146e-12,4.756132306479338e-11,3.011349404597962e-12,1.1368683772161603e-13,9.114957037698388e-16,1.404847380095843e-11,2.8956795563862473e-12,7.982327812635469e-11,5.3005861493818704,1.077225210833151,0.0
256,7516,8.191393556148878,2.8003719333302368e-11,5.283136344563518e-12,4.697993713358598e-11,2.9745389025983025e-12,0.0,0.0,1.3876731325421958e-11,2.860279897859625e-12,7.884926588004706e-11,5.300586149381902,1.0772252108331617,0.0
256,7520,8.195752999233576,2.766169486153667e-11,5.21861056154131e-12,4.6405728650087396e-11,2.93818284133939e-12,5.684341886080802e-14,4.557478518849194e-16,1.3707109393520884e-11,2.825317327015298e-12,7.788338890256812e-11,5.3005861493819335,1.0772252108331724,0.0
256,7524,8.200112442318275,2.7323849249604934e-11,5.1548731554487825e-12,4.583853977839969e-11,2.902271227427293e-12,1.1368683772161603e-13,9.114957037698388e-16,1.353956120212299e-11,2.790782196764546e-12,7.692923614911145e-11,5.300586149381964,1.077225210833183,0.0
256,7528,8.204471885402974,2.6990185514992793e-11,5.09192469555989e-12,4.527837419042165e-11,2.866804293348611e-12,1.1368683772161603e-13,9.114957037698388e-16,1.3374087786823461e-11,2.7566747205648495e-12,7.598970391357897e-11,5.300586149381995,1.0772252108331937,0.0
256,7532,8.208831328487673,2.6660559677835955e-11,5.029738018866573e-12,4.472499430621916e-11,2.8317669967086613e-12,5.684341886080802e-14,4.557478518849194e-16,1.3210619112036747e-11,2.7229804626407504e-12,7.505945224976489e-11,5.300586149382025,1.077225210833204,0.0
256,7536,8.213190771572371,2.633497509411424e-11,4.96831375850255e-12,4.417840499655143e-11,2.7971596458999965e-12,1.1368683772161603e-13,9.114957037698388e-16,1.3049156589712433e-11,2.6896997140241158e-12,7.413988067859242e-11,5.300586149382054,1.0772252108332139,0.0
256,7540,8.21755021465707,2.6013349938862526e-11,4.9076364775023965e-12,4.36384721407294e-11,2.762973749059248e-12,0.0,0.0,1.2889660714935907e-11,2.6568243319390655e-12,7.323268776418124e-11,5.300586149382083,1.0772252108332236,0.0
256,7544,8.221909657741769,2.5695724328256027e-11,4.847713744118771e-12,4.3105255076615744e-11,2.7292130631684734e-12,5.684341886080802e-14,4.557478518849194e-16,1.2732148734056309e-11,2.624357871213073e-12,7.233718343988706e-11,5.300586149382112,1.0772252108332334,0.0
256,7548,8.226269100826467,2.5381936186612505e-11,4.788514981415901e-12,4.2578487249555843e-11,2.6958607112959827e-12,1.1368683772161603e-13,9.114957037698388e-16,1.2576542101821448e-11,2.592284142053265e-12,7.145408698653332e-11,5.3005861493821405,1.0772252108332432,0.0
256,7552,8.230628543911166,2.5071973126906494e-11,4.73003785247762e-12,4.205814507622205e-11,2.662915200261286e-12,5.684341886080802e-14,4.557478518849194e-16,1.2422833753525749e-11,2.5606016882784363e-12,7.058104306043948e-11,5.300586149382169,1.077225210833253,0.0
256,7556,8.234987986995865,2.476577397581422e-11,4.67227081644372e-12,4.154412995963876e-11,2.630370287388094e-12,0.0,0.0,1.2270994708038501e-11,2.529304536281141e-12,6.97173087926331e-11,5.300586149382197,1.0772252108332627,0.0
256,7560,8.239347430080564,2.4463392506650366e-11,4.615224018100678e-12,4.103652979849839e-11,2.5982315379899434e-12,0.0,0.0,1.2121050846978193e-11,2.49839802079557e-12,6.886423268297675e-11,5.300586149382224,1.0772252108332723,0.0
256,7564,8.243706873165262,2.4164694902608614e-11,4.558872211786494e-12,4.0535115351850405e-11,2.5664844376556395e-12,5.684341886080802e-14,4.557478518849194e-16,1.1972934290886417e-11,2.4678681504684437e-12,6.802139186484548e-11,5.3005861493822515,1.0772252108332812,0.0
256,7568,8.248066316249961,2.3869631328465955e-11,4.5032059956686915e-12,4.003980301339014e-11,2.5351236928445593e-12,5.684341886080802e-14,4.557478518849194e-16,1.1826620344455006e-11,2.437709835088539e-12,6.718833157256309e-11,5.300586149382278,1.07722521083329,0.0
256,7572,8.25242575933466,2.3578197014116885e-11,4.44822446982689e-12,3.9550590842606445e-11,2.5041491806930652e-12,5.684341886080802e-14,4.557478518849194e-16,1.1682108648168297e-11,2.4079230005522798e-12,6.636904574944096e-11,5.300586149382305,1.077225210833299,0.0
256,7576,8.256785202419358,2.329030605559174e-11,4.3939114277572715e-12,3.9067334824293655e-11,2.4735517828655893e-12,1.1368683772161603e-13,9.114957037698388e-16,1.1539356666970282e-11,2.3784988795092864e-12,6.555720981086366e-11,5.3005861493823305,1.0772252108333078,0.0
256,7580,8.261144645504057,2.30059487144801e-11,4.340265032227097e-12,3.859001385455129e-11,2.4433301631667923e-12,0.0,0.0,1.1398357999287837e-11,2.3494361524635983e-12,6.475335668147392e-11,5.300586149382356,1.0772252108333167,0.0
256,7584,8.265504088588756,2.272504144065855e-11,4.287269520805369e-12,3.8118488560619643e-11,2.4134754971979852e-12,0.0,0.0,1.1259071505772109e-11,2.3207263397488034e-12,6.396286170725466e-11,5.300586149382382,1.0772252108333256,0.0
256,7588,8.269863531673455,2.2447526569783575e-11,4.234914014630413e-12,3.765266493454532e-11,2.3839818328372277e-12,5.684341886080802e-14,4.557478518849194e-16,1.1121469515046166e-11,2.292363737724662e-12,6.318135596529972e-11,5.300586149382408,1.0772252108333344,0.0
256,7592,8.274222974758153,2.2173466484783215e-11,4.183210282764421e-12,3.719264263230975e-11,2.3548554798118568e-12,0.0,0.0,1.0985581286845008e-11,2.2643543774246985e-12,6.240909914936488e-11,5.300586149382432,1.0772252108333433,0.0
256,7596,8.278582417842852,2.190277433582403e-11,4.132141940258447e-12,3.673827537038127e-11,2.3260871761670414e-12,1.1368683772161603e-13,9.114957037698388e-16,1.0851363592076195e-11,2.236689348443342e-12,6.164523930017145e-11,5.300586149382457,1.0772252108333515,0.0
256,7600,8.28294186092755,2.1635403081093335e-11,4.08170011228028e-12,3.628948921486064e-11,2.2976722407713684e-12,5.684341886080802e-14,4.557478518849194e-16,1.071879476817852e-11,2.2093641856809303e-12,6.089363736317735e-11,5.300586149382481,1.0772252108333595,0.0
256,7604,8.28730130401225,2.137128327240275e-11,4.031871696847157e-12,3.584616567169159e-11,2.269603171163113e-12,1.1368683772161603e-13,9.114957037698388e-16,1.0587839744906688e-11,2.1823716604381912e-12,6.014884839169756e-11,5.300586149382504,1.0772252108333675,0.0
256,7608,8.291660747096948,2.111033525154074e-11,3.982641665769873e-12,3.540817275099253e-11,2.2418716103911722e-12,1.7053025658242404e-13,1.3672435556547582e-15,1.0458459593729449e-11,2.155703748743717e-12,5.941157619363308e-11,5.300586149382528,1.0772252108333755,0.0
256,7612,8.296020190181647,2.0852598573962107e-11,3.9340174815164824e-12,3.4975572176040056e-11,2.2144814664702986e-12,5.684341886080802e-14,4.557478518849194e-16,1.0330672382783454e-11,2.1293641748122988e-12,5.868547429216667e-11,5.300586149382551,1.0772252108333835,0.0
256,7616,8.300379633266346,2.0598026676286105e-11,3.885990359514971e-12,3.454828836796124e-11,2.187427954117423e-12,5.684341886080802e-14,4.557478518849194e-16,1.0204455877351004e-11,2.103348355611047e-12,5.796942128469412e-11,5.300586149382574,1.0772252108333915,0.0
256,7620,8.304739076351044,2.0346510713631906e-11,3.838539765266368e-12,3.4126135538475044e-11,2.1606993101309897e-12,5.684341886080802e-14,4.557478518849194e-16,1.0079755087765514e-11,2.077644956638036e-12,5.72612014271049e-11,5.300586149382596,1.0772252108333995,0.0
256,7624,8.309098519435743,2.0098102132275444e-11,3.791675404541788e-12,3.370920727233468e-11,2.134301459837981e-12,5.684341886080802e-14,4.557478518849194e-16,9.95659791320387e-12,2.052259728487764e-12,5.656071048457631e-11,5.300586149382618,1.0772252108334075,0.0
256,7628,8.313457962520442,1.9852702253170883e-11,3.745378660712228e-12,3.329732885746963e-11,2.1082233413280957e-12,5.684341886080802e-14,4.557478518849194e-16,9.834932424902507e-12,2.02718196757341e-12,5.586713215356395e-11,5.3005861493826405,1.0772252108334153,0.0
256,7632,8.31781740560514,1.9610376975940824e-11,3.699661966293781e-12,3.289061320445054e-11,2.0824721035441677e-12,5.684341886080802e-14,4.557478518849194e-16,9.714792056925313e-12,2.0024185653435855e-12,5.518651468081462e-11,5.300586149382663,1.0772252108334224,0.0
256,7636,8.322176848689839,1.937101277868452e-11,3.65450390442847e-12,3.248887465978622e-11,2.0570359918188723e-12,0.0,0.0,9.596122140760897e-12,1.977958253493061e-12,5.4510998543746325e-11,5.300586149382684,1.0772252108334295,0.0
256,7640,8.326536291774538,1.913455684183564e-11,3.6098945102624416e-12,3.209202337304196e-11,2.0319093172639355e-12,5.684341886080802e-14,4.557478518849194e-16,9.478896093117856e-12,1.9537955526584154e-12,5.3842215721284515e-11,5.300586149382705,1.0772252108334366,0.0
256,7644,8.330895734859237,1.8900997338969488e-11,3.5658315526415597e-12,3.170003452395929e-11,2.0070905083824827e-12,0.0,0.0,9.3631064071488e-12,1.9299289155239173e-12,5.3186476801310423e-11,5.300586149382726,1.0772252108334437,0.0
256,7648,8.335255177943935,1.8670271361250414e-11,3.5223031632867577e-12,3.1312802742655906e-11,1.982572893671034e-12,5.684341886080802e-14,4.557478518849194e-16,9.248721965075582e-12,1.9063519280751123e-12,5.25368551854737e-11,5.300586149382746,1.0772252108334508,0.0
256,7652,8.339614621028634,1.844240944316274e-11,3.4793151027844036e-12,3.0930381673687334e-11,1.9583598696393984e-12,5.684341886080802e-14,4.557478518849194e-16,9.135758697472097e-12,1.883067873931118e-12,5.1891797009790753e-11,5.300586149382767,1.077225210833458,0.0
256,7656,8.343974064113333,1.821733548194245e-11,3.436853013710267e-12,3.0552647049256916e-11,1.934443568260966e-12,0.0,0.0,9.02418001868136e-12,1.860069212035127e-12,5.1260261847209325e-11,5.300586149382787,1.077225210833465,0.0
256,7660,8.348333507198031,1.799493359292448e-11,3.3948950334510838e-12,3.0179400496663165e-11,1.91081142955048e-12,5.684341886080802e-14,4.557478518849194e-16,8.913927194601197e-12,1.837343836079983e-12,5.063294524805615e-11,5.300586149382807,1.0772252108334721,0.0
256,7664,8.35269295028273,1.777524826222731e-11,3.353449554685931e-12,2.9810718643443416e-11,1.8874683051872893e-12,1.1368683772161603e-13,9.114957037698388e-16,8.805022929521225e-12,1.8148964258870103e-12,5.001470367826056e-11,5.300586149382826,1.0772252108334792,0.0
256,7668,8.357052393367429,1.755825848255788e-11,3.312512614212917e-12,2.94465615177538e-11,1.8644116643505402e-12,5.684341886080802e-14,4.557478518849194e-16,8.697455250005938e-12,1.792724513484748e-12,4.9402103391905454e-11,5.300586149382846,1.0772252108334863,0.0
256,7672,8.361411836452127,1.734399802863188e-11,3.2720905839152137e-12,2.9086986281577588e-11,1.8416451262562934e-12,1.1368683772161603e-13,9.114957037698388e-16,8.59124105795952e-12,1.7708315827034762e-12,4.8799990516051104e-11,5.300586149382864,1.0772252108334928,0.0
256,7676,8.365771279536826,1.7132364194951973e-11,3.232164087539999e-12,2.8731820642108975e-11,1.8191577821702084e-12,-5.684341886080802e-14,-4.557478518849194e-16,8.486329462602181e-12,1.7492071439061893e-12,4.8202698010760714e-11,5.300586149382883,1.077225210833499,0.0
256,7680,8.370130722621525,1.692325283722406e-11,3.192713477393383e-12,2.8380895667250097e-11,1.7969389361414677e-12,5.684341886080802e-14,4.557478518849194e-16,8.382670769407355e-12,1.72784095402829e-12,4.761494088863209e-11,5.3005861493829025,1.0772252108335052,0.0
256,7684,8.374490165706224,1.6716720282780182e-11,3.1537493800986213e-12,2.8034303039986103e-11,1.7749943930864392e-12,5.684341886080802e-14,4.557478518849194e-16,8.280291960113642e-12,1.7067385745613655e-12,4.7031840046148536e-11,5.30058614938292,1.0772252108335114,0.0
256,7688,8.378849608790922,1.6512752366347732e-11,3.1152691232583205e-12,2.7692015279473626e-11,1.7533224130530787e-12,5.684341886080802e-14,4.557478518849194e-16,8.179184786515296e-12,1.6858983053804706e-12,4.6456288262205064e-11,5.300586149382938,1.0772252108335176,0.0
256,7692,8.383209051875621,1.6311191637210865e-11,3.0772430024753804e-12,2.7353769788382364e-11,1.7319063696680366e-12,1.1368683772161603e-13,9.114957037698388e-16,8.079271738288112e-12,1.6653041700126875e-12,4.588968235520961e-11,5.300586149382957,1.0772252108335238,0.0
256,7696,8.38756849496032,1.611217815299856e-11,3.0396974407952975e-12,2.7019803923361856e-11,1.7107612911887124e-12,-5.684341886080802e-14,-4.557478518849194e-16,7.980623009135228e-12,1.644970636824762e-12,4.532881581751758e-11,5.300586149382974,1.07722521083353,0.0
256,7700,8.391927938045018,1.591553624712495e-11,3.002599297244428e-12,2.6689821360611456e-11,1.6898684158472841e-12,0.0,0.0,7.883151015100718e-12,1.624879652960972e-12,4.4773354305903535e-11,5.300586149382991,1.0772252108335363,0.0
256,7704,8.396287381129717,1.5721307115813713e-11,2.9659563438356246e-12,2.6363892258404465e-11,1.6692321857210724e-12,1.1368683772161603e-13,9.114957037698388e-16,7.78687651612172e-12,1.6050354974715841e-12,4.4227494913368683e-11,5.300586149383009,1.0772252108335425,0.0
256,7708,8.400646824214416,1.55294830286915e-11,2.929767122169169e-12,2.6041998593818545e-11,1.648851459687145e-12,0.0,0.0,7.691794010470122e-12,1.5854370363372131e-12,4.3688430018561724e-11,5.300586149383026,1.0772252108335487,0.0
256,7712,8.405006267299115,1.5339926626495356e-11,2.894005718268931e-12,2.5723912249159718e-11,1.6287117944533966e-12,0.0,0.0,7.597836199543708e-12,1.5660703979309927e-12,4.315409501700762e-11,5.300586149383043,1.077225210833555,0.0
256,7716,8.409365710383813,1.5152706020745514e-11,2.8586849819440267e-12,2.540974896506296e-11,1.6088205181484356e-12,0.0,0.0,7.505037322305395e-12,1.5469426396077899e-12,4.262712945077721e-11,5.30058614938306,1.0772252108335607,0.0
256,7720,8.413725153468512,1.496779281910859e-11,2.823799556742815e-12,2.5099462414356904e-11,1.5891746975632825e-12,5.684341886080802e-14,4.557478518849194e-16,7.413383740840857e-12,1.5280509503128048e-12,4.210658043880647e-11,5.300586149383076,1.077225210833566,0.0
256,7724,8.41808459655321,1.478521651558434e-11,2.789355006955533e-12,2.4793099636310607e-11,1.5697773109934457e-12,5.684341886080802e-14,4.557478518849194e-16,7.322889263351045e-12,1.509398176200415e-12,4.1590510288027836e-11,5.300586149383092,1.0772252108335714,0.0
256,7728,8.42244403963791,1.4604822012787487e-11,2.755322072160613e-12,2.449040413809917e-11,1.5506121185728791e-12,5.684341886080802e-14,4.557478518849194e-16,7.233478258675886e-12,1.4909687281321024e-12,4.1083743987128654e-11,5.300586149383108,1.0772252108335767,0.0
256,7732,8.426803482722608,1.4426587290733908e-11,2.7216965981035068e-12,2.4191331038512817e-11,1.5316762786437898e-12,5.684341886080802e-14,4.557478518849194e-16,7.145137190049285e-12,1.4727598159017996e-12,4.058222441084655e-11,5.300586149383123,1.077225210833582,0.0
256,7736,8.431162925807307,1.425062114141777e-11,2.688499109305673e-12,2.389606548110673e-11,1.5129815135868587e-12,5.684341886080802e-14,4.557478518849194e-16,7.0579208371311655e-12,1.4547827307247366e-12,4.008600814135124e-11,5.300586149383139,1.0772252108335874,0.0
256,7740,8.435522368892006,1.4076720856764926e-11,2.6556913631900774e-12,2.360427219842397e-11,1.4945065959131988e-12,5.684341886080802e-14,4.557478518849194e-16,6.971730339388286e-12,1.4370170954105443e-12,3.959506151474506e-11,5.300586149383155,1.0772252108335927,0.0
256,7744,8.439881811976704,1.3904899462031985e-11,2.6232758170805402e-12,2.3315969768988382e-11,1.4762527019237006e-12,1.1368683772161603e-13,9.114957037698388e-16,6.886571069060436e-12,1.4194640172883997e-12,3.911145998418491e-11,5.30058614938317,1.077225210833598,0.0
256,7748,8.444241255061403,1.3735272846450586e-11,2.59127433445185e-12,2.303135054360652e-11,1.4582320103268084e-12,0.0,0.0,6.802499768959531e-12,1.4021351922195587e-12,3.863321559054175e-11,5.300586149383184,1.0772252108336033,0.0
256,7752,8.448600698146102,1.3567722867772204e-11,2.559664626778701e-12,2.2750219811498657e-11,1.4404321929921667e-12,0.0,0.0,6.719459049261166e-12,1.3850187909801764e-12,3.8163796331347584e-11,5.300586149383199,1.0772252108336087,0.0
256,7756,8.4529601412308,1.3402178727167485e-11,2.5284333372685876e-12,2.247245550507177e-11,1.4228455211992547e-12,1.7053025658242404e-13,1.3672435556547582e-15,6.6374127380456545e-12,1.368107357793217e-12,3.7693195566022714e-11,5.300586149383213,1.077225210833614,0.0
256,7760,8.4573195843155,1.3238710436462714e-11,2.497593674239291e-12,2.2198178294952072e-11,1.4054796352195155e-12,0.0,0.0,6.556396591905087e-12,1.3514082628281512e-12,3.723419100500329e-11,5.3005861493832285,1.0772252108336193,0.0
256,7764,8.461679027400198,1.3077175398465177e-11,2.4671187355353327e-12,2.1927149211003994e-11,1.3883194046375382e-12,5.684341886080802e-14,4.557478518849194e-16,6.476340033882512e-12,1.3349069587217361e-12,3.6777304752318424e-11,5.300586149383242,1.0772252108336247,0.0
256,7768,8.466038470484897,1.2917617281713171e-11,2.4370167595924385e-12,2.1659442321263893e-11,1.3713695190776392e-12,5.684341886080802e-14,4.557478518849194e-16,6.397264970382308e-12,1.3186079608347297e-12,3.632800665823806e-11,5.300586149383256,1.07722521083363,0.0
256,7772,8.470397913569595,1.2760033251748094e-11,2.407287211666238e-12,2.1395045248686007e-11,1.3546291948860645e-12,0.0,0.0,6.319167476762713e-12,1.3025104602176992e-12,3.5886222625240016e-11,5.300586149383269,1.0772252108336349,0.0
256,7776,8.474757356654294,1.2604370567729561e-11,2.377920141755184e-12,2.1133873753492202e-11,1.3380930984137608e-12,5.684341886080802e-14,4.557478518849194e-16,6.242022820152136e-12,1.2866093589168272e-12,3.5447342433499776e-11,5.3005861493832835,1.0772252108336393,0.0
256,7780,8.479116799738993,1.2450711496877374e-11,2.3489310702597542e-12,2.08760632693435e-11,1.3217698046550346e-12,5.684341886080802e-14,4.557478518849194e-16,6.165870913368307e-12,1.270912883785221e-12,3.501370165047427e-11,5.300586149383297,1.0772252108336438,0.0
256,7784,8.483476242823691,1.2298837389861137e-11,2.320278747151323e-12,2.0621251936567197e-11,1.3056364024324892e-12,5.684341886080802e-14,4.557478518849194e-16,6.090605046535286e-12,1.255399039721448e-12,3.458819059837122e-11,5.30058614938331,1.0772252108336482,0.0
256,7788,8.48783568590839,1.2148870205531317e-11,2.291986180989137e-12,2.036964423903919e-11,1.2897058386609342e-12,1.1368683772161603e-13,9.114957037698388e-16,6.016285615056062e-12,1.2400802754609521e-12,3.416718253083295e-11,5.3005861493833235,1.0772252108336526,0.0
256,7792,8.492195128993089,1.200068375446975e-11,2.2640295650818986e-12,2.0121025447269748e-11,1.2739645177236077e-12,1.1368683772161603e-13,9.114957037698388e-16,5.942849086208487e-12,1.2249434956022472e-12,3.374805701666064e-11,5.300586149383336,1.077225210833657,0.0
256,7796,8.496554572077788,1.185429387512657e-11,2.2364118874859626e-12,1.9875424989171332e-11,1.258414302851408e-12,5.684341886080802e-14,4.557478518849194e-16,5.8703042530286864e-12,1.2099905125710322e-12,3.333862989817591e-11,5.300586149383349,1.0772252108336615,0.0
256,7800,8.500914015162486,1.1709647836960844e-11,2.2091232001428607e-12,1.9632752201411526e-11,1.2430494536873702e-12,0.0,0.0,5.798624258161374e-12,1.1952157905136803e-12,3.292919511367851e-11,5.300586149383362,1.077225210833666,0.0
256,7804,8.505273458247185,1.1566747514713446e-11,2.1821638567381703e-12,1.9393013057018695e-11,1.2278703484143173e-12,0.0,0.0,5.7278109656225666e-12,1.1806197136422531e-12,3.2526203315231754e-11,5.300586149383374,1.0772252108336704,0.0
256,7808,8.509632901331884,1.1425661254407652e-11,2.1555467513219737e-12,1.9156315108274194e-11,1.2128837967145195e-12,1.1368683772161603e-13,9.114957037698388e-16,5.657895893107387e-12,1.1662087784023227e-12,3.212967490777235e-11,5.300586149383387,1.0772252108336748,0.0
256,7812,8.513992344416582,1.128632718360379e-11,2.1292602111399893e-12,1.8922562430217034e-11,1.1980837250905308e-12,5.684341886080802e-14,4.557478518849194e-16,5.58885098440321e-12,1.1519772018310942e-12,3.173707412062926e-11,5.300586149383398,1.0772252108336793,0.0
256,7816,8.518351787501281,1.114872793066619e-11,2.10330095888756e-12,1.8691719934234336e-11,1.1834679119037026e-12,5.684341886080802e-14,4.557478518849194e-16,5.520665665520231e-12,1.1379228044116643e-12,3.1347963563684833e-11,5.30058614938341,1.0772252108336837,0.0
256,7820,8.52271123058598,1.1012758027254848e-11,2.07764909707844e-12,1.846361474289607e-11,1.1690254114041599e-12,0.0,0.0,5.453289015835969e-12,1.1240350903558353e-12,3.096690307001978e-11,5.300586149383422,1.0772252108336882,0.0
256,7824,8.527070673670679,1.0878431976006221e-11,2.05230736175654e-12,1.8238268282948876e-11,1.1547575802282739e-12,1.1368683772161603e-13,9.114957037698388e-16,5.386727261902633e-12,1.1103153430841547e-12,3.0589555873717687e-11,5.300586149383434,1.0772252108336926,0.0
256,7828,8.531430116755377,1.0745652383531362e-11,2.027257378842805e-12,1.801551565822247e-11,1.1406539779603413e-12,0.0,0.0,5.3209316442910504e-12,1.0967535122748416e-12,3.021638148534393e-11,5.300586149383445,1.077225210833697,0.0
256,7832,8.535789559840076,1.0614652509945144e-11,2.0025431548128016e-12,1.7795755474769167e-11,1.1267398423780553e-12,1.1368683772161603e-13,9.114957037698388e-16,5.2560201583379246e-12,1.0833739191950372e-12,2.984574638295905e-11,5.300586149383457,1.0772252108337015,0.0
256,7836,8.540149002924775,1.0485220446809302e-11,1.978124711363698e-12,1.7578626466824607e-11,1.1129922999073792e-12,5.684341886080802e-14,4.557478518849194e-16,5.191885891731704e-12,1.0701545270171632e-12,2.948342268776329e-11,5.300586149383467,1.0772252108337055,0.0
256,7840,8.544508446009473,1.0357260215483458e-11,1.953983941320614e-12,1.7363967604325222e-11,1.0994011549155002e-12,5.684341886080802e-14,4.557478518849194e-16,5.128481279639592e-12,1.0570855316503352e-12,2.912253073441254e-11,5.300586149383478,1.077225210833709,0.0
256,7844,8.548867889094172,1.0230936948403499e-11,1.9301519983015136e-12,1.715205651803031e-11,1.0859839856186632e-12,5.684341886080802e-14,4.557478518849194e-16,5.065888348577981e-12,1.04418384044762e-12,2.8768196071816248e-11,5.30058614938349,1.0772252108337126,0.0
256,7848,8.55322733217887,1.0106257080756492e-11,1.9066300963583696e-12,1.6942905934442265e-11,1.0727415977965004e-12,1.1368683772161603e-13,9.114957037698388e-16,5.004110925738495e-12,1.0314502422719716e-12,2.841505625160357e-11,5.3005861493835,1.0772252108337161,0.0
256,7852,8.55758677526357,9.983063203330473e-12,1.883388538924136e-12,1.6736250339212657e-11,1.0596571803843999e-12,0.0,0.0,4.9430705338648096e-12,1.0188685613458644e-12,2.8067961585338908e-11,5.300586149383511,1.0772252108337197,0.0
256,7856,8.561946218348268,9.861329668691058e-12,1.8604224873953714e-12,1.6532043031515646e-11,1.0467277765154157e-12,0.0,0.0,4.882753249095537e-12,1.0064359276749246e-12,2.772465528123219e-11,5.300586149383522,1.0772252108337232,0.0
256,7860,8.566305661432967,9.741117950907455e-12,1.8377435393704317e-12,1.6330388703431373e-11,1.0339600147779233e-12,5.684341886080802e-14,4.557478518849194e-16,4.823190049988873e-12,9.9415872657751e-13,2.738905525177613e-11,5.300586149383532,1.0772252108337268,0.0
256,7864,8.570665104517666,9.622400031461365e-12,1.815346408921023e-12,1.6131241456511192e-11,1.0213509891075603e-12,5.684341886080802e-14,4.557478518849194e-16,4.764367418278117e-12,9.820341716606581e-13,2.7053762428718176e-11,5.300586149383542,1.0772252108337304,0.0
256,7868,8.575024547602364,9.505091012134274e-12,1.7932150792867115e-12,1.5934462144757687e-11,1.0088918894631109e-12,5.684341886080802e-14,4.557478518849194e-16,4.706244369373592e-12,9.700538151570078e-13,2.6723711589535157e-11,5.300586149383552,1.077225210833734,0.0
256,7872,8.579383990687063,9.389177054513177e-12,1.7713469397349075e-12,1.5740023907903617e-11,9.96581015184363e-13,0.0,0.0,4.648812840866169e-12,9.582159952381202e-13,2.6395397673237993e-11,5.300586149383562,1.0772252108337375,0.0
256,7876,8.583743433771762,9.274690497102675e-12,1.7497480911955245e-12,1.5547984351490488e-11,9.844220135713062e-13,5.684341886080802e-14,4.557478518849194e-16,4.5920899663115405e-12,9.465242434824173e-13,2.607355975718525e-11,5.300586149383572,1.077225210833741,0.0
256,7880,8.58810287685646,9.161569340402618e-12,1.7284068369432575e-12,1.5358232830979407e-11,9.724078791551092e-13,5.684341886080802e-14,4.557478518849194e-16,4.536042830081652e-12,9.349717753015813e-13,2.5756237896772936e-11,5.300586149383582,1.0772252108337446,0.0
256,7884,8.59246231994116,9.049819050272504e-12,1.7073242081583081e-12,1.5170784583807737e-11,9.605395766954751e-13,5.684341886080802e-14,4.557478518849194e-16,4.4806761469598686e-12,9.235595625094895e-13,2.5442836922221067e-11,5.300586149383592,1.0772252108337481,0.0
256,7888,8.596821763025858,8.939480759159265e-12,1.6865079648215114e-12,1.4985708030854185e-11,9.488214382664313e-13,1.1368683772161603e-13,9.114957037698388e-16,4.426010106207769e-12,9.12291766528432e-13,2.5132134105829978e-11,5.3005861493836015,1.0772252108337517,0.0
256,7892,8.601181206110557,8.830443726822644e-12,1.6659372148584558e-12,1.480281793016448e-11,9.372417352571498e-13,1.1368683772161603e-13,9.114957037698388e-16,4.3719900108824926e-12,9.011571131928669e-13,2.4824755728657275e-11,5.30058614938361,1.0772252108337552,0.0
256,7896,8.605540649195255,8.722804399909298e-12,1.6456301537373288e-12,1.4622273819286166e-11,9.258105688016578e-13,1.1368683772161603e-13,9.114957037698388e-16,4.318662904630765e-12,8.901652991665041e-13,2.4520617639111023e-11,5.300586149383619,1.0772252108337588,0.0
256,7900,8.609900092279954,8.616440944472936e-12,1.6255637964631025e-12,1.4443867373319747e-11,9.145147487903954e-13,1.1368683772161603e-13,9.114957037698388e-16,4.265967114636668e-12,8.79303612412807e-13,2.4221209930765453e-11,5.300586149383628,1.0772252108337623,0.0
256,7904,8.614259535364653,8.511396630964923e-12,1.6057463063690655e-12,1.426767325662163e-11,9.03359002603736e-13,0.0,0.0,4.213924768036034e-12,8.685766137898291e-13,2.3926029428982096e-11,5.300586149383638,1.0772252108337659,0.0
256,7908,8.618618978449351,8.40768285407061e-12,1.586179833158106e-12,1.409371149737613e-11,8.923445983279532e-13,0.0,0.0,4.162541812839942e-12,8.579855293050588e-13,2.3633585642583302e-11,5.300586149383646,1.0772252108337694,0.0
256,7912,8.62297842153405,8.305146181872359e-12,1.5668354306130853e-12,1.392172644629975e-11,8.814553495058996e-13,0.0,0.0,4.1117427982970625e-12,8.475148070059327e-13,2.3345571634173954e-11,5.300586149383656,1.077225210833773,0.0
256,7916,8.627337864618749,8.203894724666813e-12,1.5477334946475117e-12,1.3751898415299293e-11,8.707026726020094e-13,0.0,0.0,4.061580946867569e-12,8.371754171367669e-13,2.3061340718390387e-11,5.300586149383664,1.0772252108337765,0.0
256,7920,8.631697307703448,8.103881010551662e-12,1.5288650692891637e-12,1.3584146430494285e-11,8.600814407478303e-13,1.7053025658242404e-13,1.3672435556547582e-15,4.012032293798261e-12,8.269624200687524e-13,2.2779364867098312e-11,5.300586149383673,1.0772252108337794,0.0
256,7924,8.636056750788146,8.005117435487517e-12,1.5102324931398985e-12,1.3418495367576213e-11,8.495932289499837e-13,5.684341886080802e-14,4.557478518849194e-16,3.963104330676667e-12,8.168773599722489e-13,2.2501158582392417e-11,5.300586149383681,1.077225210833782,0.0
256,7928,8.640416193872845,7.907510349049506e-12,1.4918180982622019e-12,1.3254781785025968e-11,8.39227688894135e-13,5.684341886080802e-14,4.557478518849194e-16,3.9147485575454975e-12,8.069102400079702e-13,2.2225102263418455e-11,5.3005861493836886,1.0772252108337848,0.0
256,7932,8.644775636957544,7.811059977740744e-12,1.4736219273877857e-12,1.3093014981944512e-11,8.289854093536894e-13,5.684341886080802e-14,4.557478518849194e-16,3.86696803575075e-12,7.970616911823263e-13,2.195499621258932e-11,5.3005861493836965,1.0772252108337874,0.0
256,7936,8.649135080042242,7.71589007636253e-12,1.4556673278970731e-12,1.2933393560967308e-11,8.188789648721943e-13,5.684341886080802e-14,4.557478518849194e-16,3.819821109779176e-12,7.873437394947182e-13,2.1686555446356934e-11,5.3005861493837045,1.07722521083379,0.0
256,7940,8.653494523126941,7.621833521066906e-12,1.437922770475523e-12,1.277564668954061e-11,8.088912076623951e-13,1.1368683772161603e-13,9.114957037698388e-16,3.773228118791221e-12,7.777399652067592e-13,2.1423283994324085e-11,5.300586149383713,1.0772252108337927,0.0
256,7944,8.65785396621164,7.52891071388964e-12,1.4203921041381673e-12,1.2619799493417854e-11,7.990237285636077e-13,0.0,0.0,3.727196163274297e-12,7.682518318750272e-13,2.1159404439448553e-11,5.300586149383721,1.0772252108337954,0.0
256,7948,8.662213409296339,7.437263839447266e-12,1.4031021532045296e-12,1.2466097149224092e-11,7.892920509556773e-13,5.684341886080802e-14,4.557478518849194e-16,3.6817978967884296e-12,7.588943148933937e-13,2.0902906067454612e-11,5.300586149383729,1.077225210833798,0.0
256,7952,8.666572852381037,7.346610517428935e-12,1.3859996442624082e-12,1.2314058808007515e-11,7.796657298444062e-13,0.0,0.0,3.636891037119707e-12,7.496380869695209e-13,2.064957454108934e-11,5.3005861493837365,1.0772252108338007,0.0
256,7956,8.670932295465736,7.257066807239142e-12,1.3691064728911262e-12,1.216388373870336e-11,7.701573819601716e-13,5.684341886080802e-14,4.557478518849194e-16,3.592534604468542e-12,7.40495313381301e-13,2.039551725437952e-11,5.300586149383744,1.0772252108338034,0.0
256,7960,8.675291738550435,7.1686520997574036e-12,1.3524262973426148e-12,1.2015597788118485e-11,7.607686437958511e-13,5.684341886080802e-14,4.557478518849194e-16,3.548735997567684e-12,7.314675191598135e-13,2.0147810383597085e-11,5.300586149383752,1.077225210833806,0.0
256,7964,8.679651181635133,7.0813042925516455e-12,1.335947401472598e-12,1.1869105695189802e-11,7.514934838887533e-13,5.684341886080802e-14,4.557478518849194e-16,3.5054673934206455e-12,7.225489694129078e-13,1.9902974846099605e-11,5.300586149383759,1.0772252108338087,0.0
256,7968,8.684010624719832,6.995002662118257e-12,1.319665875618441e-12,1.1724370979643281e-11,7.423295924870799e-13,5.684341886080802e-14,4.557478518849194e-16,3.4627179561842685e-12,7.137374306503164e-13,1.9658045325771648e-11,5.300586149383767,1.0772252108338114,0.0
256,7972,8.68837006780453,6.909727773888132e-12,1.303578053285805e-12,1.1581357911754079e-11,7.332747073601211e-13,5.684341886080802e-14,4.557478518849194e-16,3.4204770219022057e-12,7.050307048111809e-13,1.9420535460799986e-11,5.300586149383774,1.077225210833814,0.0
256,7976,8.69272951088923,6.82554430186496e-12,1.2876961357675038e-12,1.1440177674431843e-11,7.243358680637009e-13,1.1368683772161603e-13,9.114957037698388e-16,3.3787775259808795e-12,6.964355805605482e-13,1.9181199606647995e-11,5.300586149383781,1.0772252108338167,0.0
256,7980,8.697088953973928,6.742316190460832e-12,1.2719944550366293e-12,1.1300600547034238e-11,7.154985298148958e-13,5.684341886080802e-14,4.557478518849194e-16,3.3375515626866833e-12,6.87938061129278e-13,1.894704482453232e-11,5.300586149383788,1.0772252108338194,0.0
256,7984,8.701448397058627,6.660153355694653e-12,1.2564937476713274e-12,1.1162813013382466e-11,7.067744998534495e-13,1.1368683772161603e-13,9.114957037698388e-16,3.2968542883728816e-12,6.795495153768506e-13,1.8716826190856615e-11,5.300586149383794,1.077225210833822,0.0
256,7988,8.705807840143326,6.5789204105638035e-12,1.2411684717789086e-12,1.1026584900275444e-11,6.981492047426412e-13,5.684341886080802e-14,4.557478518849194e-16,3.2566176080949007e-12,6.712559075338512e-13,1.848862514261922e-11,5.300586149383801,1.0772252108338247,0.0
256,7992,8.710167283228024,6.498856571727621e-12,1.226063757586973e-12,1.0892319098601601e-11,6.896481535549444e-13,-5.684341886080802e-14,-4.557478518849194e-16,3.2169605815401435e-12,6.630817782520041e-13,1.8262462597924142e-11,5.3005861493838085,1.0772252108338274,0.0
256,7996,8.714526726312723,6.419660732341006e-12,1.2111227987656898e-12,1.0759508971598884e-11,6.812392685386598e-13,1.1368683772161603e-13,9.114957037698388e-16,3.177733507942545e-12,6.549962711227048e-13,1.804050481614392e-11,5.300586149383815,1.07722521083383,0.0
256,8000,8.718886169397422,6.341451220266619e-12,1.196367918858027e-12,1.0628354888424372e-11,6.729352360848083e-13,0.0,0.0,3.138995637052147e-12,6.470115987387478e-13,1.781904899657686e-11,5.300586149383822,1.0772252108338327,0.0
256,8004,8.72324561248212,6.2641734015942096e-12,1.181788810718942e-12,1.0498764941503439e-11,6.647302370571193e-13,0.0,0.0,3.1007198127160222e-12,6.391221636581637e-13,1.7602123721156075e-11,5.300586149383828,1.0772252108338354,0.0
256,8008,8.72760505556682,6.1878209495003e-12,1.1673842807401628e-12,1.0370724558777307e-11,6.566233488243938e-13,0.0,0.0,3.062901591065758e-12,6.313270499082214e-13,1.738768215312486e-11,5.300586149383835,1.077225210833838,0.0
256,8012,8.731964498651518,6.112480487143204e-12,1.1531706711064722e-12,1.0244385592696103e-11,6.48624185938032e-13,0.0,0.0,3.0255860560285395e-12,6.236355502141041e-13,1.7177586614165496e-11,5.300586149383841,1.0772252108338407,0.0
256,8016,8.736323941736217,6.037970177766835e-12,1.1391136767899052e-12,1.0119437447400572e-11,6.407130829935506e-13,0.0,0.0,2.9886812696570495e-12,6.160287142728622e-13,1.6966118346364248e-11,5.300586149383848,1.0772252108338434,0.0
256,8020,8.740683384820915,5.964359718765305e-12,1.125226446787978e-12,9.996002001444296e-12,6.328977567424214e-13,5.684341886080802e-14,4.557478518849194e-16,2.9522234066242434e-12,6.085139984290369e-13,1.6759143294497134e-11,5.300586149383855,1.077225210833846,0.0
256,8024,8.745042827905614,5.89171135709794e-12,1.111520724511244e-12,9.874178190829254e-12,6.251844713264188e-13,5.684341886080802e-14,4.557478518849194e-16,2.9162414964788583e-12,6.010973862700272e-13,1.65558767029539e-11,5.300586149383861,1.0772252108338487,0.0
256,8028,8.749402270990313,5.819937539529425e-12,1.0979799923080985e-12,9.753821605088614e-12,6.175640833839772e-13,5.684341886080802e-14,4.557478518849194e-16,2.880692971078609e-12,5.937701036256906e-13,1.635388474424336e-11,5.300586149383867,1.0772252108338507,0.0
256,8032,8.753761714075011,5.748996214630764e-12,1.084596316824039e-12,9.634860845822078e-12,6.100320723190247e-13,5.684341886080802e-14,4.557478518849194e-16,2.8455567110258793e-12,5.865277973535589e-13,1.6155386844362344e-11,5.300586149383872,1.0772252108338525,0.0
256,8036,8.75812115715971,5.678931695154598e-12,1.0713780580312251e-12,9.517370249195457e-12,6.025931447325184e-13,0.0,0.0,2.8108546732655672e-12,5.793749932318312e-13,1.5956418455572723e-11,5.300586149383878,1.0772252108338543,0.0
256,8040,8.762480600244409,5.6097422190674796e-12,1.0583248835072804e-12,9.401345942444616e-12,5.95247055420052e-13,0.0,0.0,2.776585681533142e-12,5.723114488081811e-13,1.5761755775080074e-11,5.300586149383884,1.077225210833856,0.0
256,8044,8.766840043329108,5.541468608969126e-12,1.0454444947777653e-12,9.286863163759653e-12,5.879985680943308e-13,5.684341886080802e-14,4.557478518849194e-16,2.742772197620667e-12,5.653417939201983e-13,1.556921376596598e-11,5.300586149383889,1.0772252108338578,0.0
256,8048,8.771199486413806,5.473956355819159e-12,1.0327077424173101e-12,9.17365938065825e-12,5.808310604878616e-13,1.1368683772161603e-13,9.114957037698388e-16,2.709336558563709e-12,5.584500206326731e-13,1.538055812551163e-11,5.300586149383895,1.0772252108338596,0.0
256,8052,8.775558929498505,5.407189808316342e-12,1.0201116736767668e-12,9.06170789238292e-12,5.737428420398067e-13,5.684341886080802e-14,4.557478518849194e-16,2.67627086195612e-12,5.516345000970734e-13,1.5192023146696972e-11,5.300586149383901,1.0772252108338614,0.0
256,8056,8.779918372583204,5.341405192037655e-12,1.0077008544909816e-12,8.951403723144987e-12,5.66758923743278e-13,0.0,0.0,2.6436917433570286e-12,5.449192733023995e-13,1.5007520811963654e-11,5.300586149383906,1.0772252108338631,0.0
256,8060,8.784277815667902,5.276344466290566e-12,9.95426603320732e-13,8.842313378227283e-12,5.598518588416607e-13,0.0,0.0,2.611471137878743e-12,5.38277943439828e-13,1.4826212521622747e-11,5.300586149383912,1.077225210833865,0.0
256,8064,8.788637258752601,5.212094339736912e-12,9.83305278481758e-13,8.734582581497185e-12,5.530308738545928e-13,0.0,0.0,2.5796520979380845e-12,5.317193844984492e-13,1.464402985543689e-11,5.300586149383918,1.0772252108338667,0.0
256,8068,8.7929967018373,5.148680327051302e-12,9.713416935312567e-13,8.628254175317064e-12,5.462986813500621e-13,5.684341886080802e-14,4.557478518849194e-16,2.548247279473946e-12,5.252462051277175e-13,1.4464503021444075e-11,5.300586149383922,1.0772252108338685,0.0
256,8072,8.797356144921999,5.085971729155542e-12,9.595111909927698e-13,8.523109435175617e-12,5.396414327661611e-13,5.684341886080802e-14,4.557478518849194e-16,2.517192095647744e-12,5.188450926510573e-13,1.428900556341583e-11,5.3005861493839275,1.0772252108338702,0.0
256,8076,8.801715588006697,5.023999918738723e-12,9.47819689587021e-13,8.419200016146038e-12,5.330623986484482e-13,5.684341886080802e-14,4.557478518849194e-16,2.4865017696497677e-12,5.125191848812676e-13,1.4114595241625428e-11,5.300586149383933,1.077225210833872,0.0
256,8080,8.806075031091396,4.9628208489037794e-12,9.362777453358085e-13,8.316622103133541e-12,5.265676689527611e-13,5.684341886080802e-14,4.557478518849194e-16,2.456204793891316e-12,5.062743546906676e-13,1.3943355182865521e-11,5.300586149383937,1.0772252108338738,0.0
256,8084,8.810434474176095,4.9023998624955144e-12,9.24878819876351e-13,8.215318799113598e-12,5.201536412389257e-13,5.684341886080802e-14,4.557478518849194e-16,2.426284406302494e-12,5.001071470717023e-13,1.377249831288627e-11,5.300586149383943,1.0772252108338756,0.0
256,8088,8.814793917260793,4.842668294053885e-12,9.13609958894143e-13,8.11517121932361e-12,5.13812788307613e-13,5.684341886080802e-14,4.557478518849194e-16,2.396705361032991e-12,4.940102971292923e-13,1.3604501419493533e-11,5.300586149383948,1.0772252108338773,0.0
256,8092,8.819153360345492,4.783724814302756e-12,9.024897774481767e-13,8.016347351914993e-12,5.07555746343587e-13,5.684341886080802e-14,4.557478518849194e-16,2.367517364328433e-12,4.879940503435744e-13,1.3438062171479465e-11,5.300586149383952,1.0772252108338791,0.0
256,8096,8.82351280343019,4.725468564188689e-12,8.914992476327462e-13,7.918676348361488e-12,5.013716980571959e-13,1.1368683772161603e-13,9.114957037698388e-16,2.338669893670009e-12,4.820479929837101e-13,1.3277824025607508e-11,5.300586149383957,1.077225210833881,0.0
256,8100,8.82787224651489,4.667840893409436e-12,8.806273045767982e-13,7.822054436110578e-12,4.952540730800371e-13,1.1368683772161603e-13,9.114957037698388e-16,2.3101321073650017e-12,4.761657679421336e-13,1.31122797007388e-11,5.300586149383962,1.0772252108338827,0.0
256,8104,8.832231689599588,4.610980435188209e-12,8.69900102599743e-13,7.726716767421534e-12,4.89217760098344e-13,5.684341886080802e-14,4.557478518849194e-16,2.281973554599453e-12,4.70361710737353e-13,1.295418185576952e-11,5.3005861493839665,1.0772252108338845,0.0
256,8108,8.836591132684287,4.554874684997707e-12,8.593152826177079e-13,7.632647429071318e-12,4.832617515649831e-13,1.1368683772161603e-13,9.114957037698388e-16,2.2541897137109605e-12,4.646348893616954e-13,1.2795689577698458e-11,5.300586149383971,1.0772252108338862,0.0
256,8112,8.840950575768986,4.4993840129632495e-12,8.488465022846304e-13,7.539611999862877e-12,4.773712050809905e-13,1.1368683772161603e-13,9.114957037698388e-16,2.2267113362457158e-12,4.589710302837544e-13,1.2640129797449377e-11,5.300586149383976,1.077225210833888,0.0
256,8116,8.845310018853684,4.4445518487795705e-12,8.385019549763958e-13,7.447678157972174e-12,4.715504056961033e-13,5.684341886080802e-14,4.557478518849194e-16,2.1995582298770817e-12,4.5337421627263595e-13,1.2483883717701115e-11,5.300586149383981,1.0772252108338898,0.0
256,8120,8.849669461938383,4.390503568488464e-12,8.283052939340346e-13,7.35706107227944e-12,4.658129768471315e-13,1.1368683772161603e-13,9.114957037698388e-16,2.172794120845262e-12,4.478575826178794e-13,1.233395535117309e-11,5.300586149383985,1.0772252108338916,0.0
256,8124,8.854028905023082,4.3371025291976104e-12,8.182307403307401e-13,7.267530496878986e-12,4.601443404940556e-13,5.684341886080802e-14,4.557478518849194e-16,2.146350964483147e-12,4.4240710391329037e-13,1.2182441004947726e-11,5.30058614938399,1.0772252108338933,0.0
256,8128,8.85838834810778,4.284344407008e-12,8.082774784267263e-13,7.179077053036718e-12,4.545439028214917e-13,1.7053025658242404e-13,1.3672435556547582e-15,2.1202259155608015e-12,4.370221936984266e-13,1.2033778553559962e-11,5.300586149383994,1.077225210833895,0.0
256,8132,8.86274779119248,4.232141420935205e-12,7.9842894760361e-13,7.091555118015494e-12,4.4900244371287154e-13,1.1368683772161603e-13,9.114957037698388e-16,2.0943760185812646e-12,4.3169399796137586e-13,1.1888672240603619e-11,5.3005861493839985,1.0772252108338969,0.0
256,8136,8.867107234277178,4.180668457061527e-12,7.887181415864949e-13,7.005259756546211e-12,4.4353864521790386e-13,0.0,0.0,2.0688884874418074e-12,4.264404932811558e-13,1.1745674866016796e-11,5.300586149384003,1.0772252108338987,0.0
256,8140,8.871466677361877,4.129784965510138e-12,7.791185444632032e-13,6.919953833600887e-12,4.381374931111779e-13,0.0,0.0,2.0436932307855653e-12,4.212472323866943e-13,1.1601222509017045e-11,5.3005861493840065,1.0772252108339004,0.0
256,8144,8.875826120446575,4.079451171892775e-12,7.696226524620499e-13,6.835566548198613e-12,4.3279450462228354e-13,0.0,0.0,2.0187691919486014e-12,4.161098750662251e-13,1.1456922976505393e-11,5.300586149384011,1.0772252108339022,0.0
256,8148,8.880185563531274,4.0298740781667e-12,7.602695182371051e-13,6.7524505884181615e-12,4.275320102283308e-13,1.1368683772161603e-13,9.114957037698388e-16,1.9942207375133278e-12,4.110499334201616e-13,1.1319126892223317e-11,5.300586149384015,1.077225210833904,0.0
256,8152,8.884545006615973,3.980881524142181e-12,7.510266623257435e-13,6.670315996194709e-12,4.223316512086282e-13,0.0,0.0,1.9699621807995877e-12,4.0604974566036234e-13,1.118217769024444e-11,5.300586149384019,1.0772252108339058,0.0
256,8156,8.888904449700672,3.932407671760591e-12,7.418816638264322e-13,6.589052979668545e-12,4.1718647608180244e-13,0.0,0.0,1.945961115256439e-12,4.011026321297779e-13,1.1044599555796453e-11,5.300586149384023,1.0772252108339075,0.0
256,8160,8.89326389278537,3.884505374841948e-12,7.328444940552726e-13,6.508748359167485e-12,4.1210198188463955e-13,0.0,0.0,1.922243120253161e-12,3.962138652628192e-13,1.0911250637752522e-11,5.300586149384027,1.0772252108339093,0.0
256,8164,8.897623335870069,3.837204831878073e-12,7.239208502108331e-13,6.4294562480133264e-12,4.070815948069272e-13,5.684341886080802e-14,4.557478518849194e-16,1.898824301350837e-12,3.913867647470646e-13,1.0778856166439733e-11,5.300586149384031,1.077225210833911,0.0
256,8168,8.901982778954768,3.790541061081733e-12,7.151173387724311e-13,6.351229298247061e-12,4.021286485173288e-13,5.684341886080802e-14,4.557478518849194e-16,1.875719995568677e-12,3.8662449185779657e-13,1.0646089782985896e-11,5.300586149384035,1.0772252108339129,0.0
256,8172,8.906342222039466,3.744453046696992e-12,7.064224486063512e-13,6.273965360694823e-12,3.9723667543180593e-13,5.684341886080802e-14,4.557478518849194e-16,1.8529000380295696e-12,3.81920828993074e-13,1.0517687015888594e-11,5.300586149384039,1.0772252108339146,0.0
256,8176,8.910701665124165,3.698819100606035e-12,6.978132222293292e-13,6.1974628910812645e-12,3.9239291475661997e-13,5.684341886080802e-14,4.557478518849194e-16,1.8303049893303225e-12,3.7726352446868516e-13,1.0389237980004812e-11,5.300586149384043,1.0772252108339164,0.0
256,8180,8.915061108208864,3.6537615390439856e-12,6.893127356242238e-13,6.12193047826574e-12,3.876105733139731e-13,5.684341886080802e-14,4.557478518849194e-16,1.807996581095202e-12,3.7266530244277727e-13,1.0263654237303966e-11,5.3005861493840465,1.0772252108339182,0.0
256,8184,8.919420551293562,3.609290459428722e-12,6.809228937535414e-13,6.047381415057836e-12,3.828904927392879e-13,5.684341886080802e-14,4.557478518849194e-16,1.7859786109941813e-12,3.681269456932847e-13,1.0136681059013408e-11,5.300586149384051,1.07722521083392,0.0
256,8188,8.923779994378261,3.565312518674688e-12,6.726260866619064e-13,5.97365783452173e-12,3.782226776734667e-13,5.684341886080802e-14,4.557478518849194e-16,1.7642044040909203e-12,3.6363883355529606e-13,1.0015120544338888e-11,5.3005861493840545,1.0772252108339209,0.0
256,8192,8.92813943746296,3.5218550029433304e-12,6.644274621123544e-13,5.900803356230613e-12,3.7360988989366985e-13,5.684341886080802e-14,4.557478518849194e-16,1.7426867684378109e-12,3.592036060319884e-13,9.892092316413965e-12,5.300586149384058,1.077225210833922,0.0
256,8196,8.932498880547659,3.4790035968626207e-12,6.563431852280542e-13,5.828964272956778e-12,3.690613919398006e-13,5.684341886080802e-14,4.557478518849194e-16,1.7214690052017422e-12,3.5483018838496004e-13,9.770916963439134e-12,5.300586149384062,1.0772252108339233,0.0
256,8200,8.936858323632357,3.4366979862064278e-12,6.483618772247673e-13,5.7580437041488816e-12,3.6457104981112467e-13,1.1368683772161603e-13,9.114957037698388e-16,1.700522650137269e-12,3.5051271354745384e-13,9.652387769618411e-12,5.300586149384065,1.0772252108339244,0.0
256,8204,8.941217766717056,3.3950038867062182e-12,6.404959359259824e-13,5.688148170756873e-12,3.6014560789107244e-13,1.1368683772161603e-13,9.114957037698388e-16,1.6798790354533938e-12,3.4625763973253637e-13,9.534352482879535e-12,5.300586149384069,1.0772252108339258,0.0
256,8208,8.945577209801755,3.3538222001600833e-12,6.327266656253915e-13,5.619113408638683e-12,3.5577466578086314e-13,5.684341886080802e-14,4.557478518849194e-16,1.6594897116087392e-12,3.420549804926781e-13,9.417266800143492e-12,5.300586149384072,1.0772252108339266,0.0
256,8212,8.949936652886453,3.3130822853889583e-12,6.250407392725377e-13,5.550822078275965e-12,3.5145079411844503e-13,1.1368683772161603e-13,9.114957037698388e-16,1.6393200606664826e-12,3.3789760035869127e-13,9.304764038821417e-12,5.300586149384075,1.0772252108339275,0.0
256,8216,8.954296095971152,3.272794689578783e-12,6.174401466824418e-13,5.483289628964853e-12,3.4717497107737834e-13,5.684341886080802e-14,4.557478518849194e-16,1.6193745667415772e-12,3.3378642359894713e-13,9.19061011756102e-12,5.300586149384078,1.0772252108339284,0.0
256,8220,8.95865553905585,3.2329544606520818e-12,6.09923953604186e-13,5.416510121635569e-12,3.429468206249314e-13,0.0,0.0,1.5996515591777584e-12,3.297211058568088e-13,9.080042387250773e-12,5.300586149384081,1.0772252108339293,0.0
256,8224,8.96301498214055,3.193626293947314e-12,6.025043653555665e-13,5.350587150279666e-12,3.38772901823903e-13,1.1368683772161603e-13,9.114957037698388e-16,1.5801814627401302e-12,3.257079183024809e-13,8.968226310485653e-12,5.300586149384085,1.0772252108339302,0.0
256,8228,8.967374425225248,3.1548291119294107e-12,5.951849518181768e-13,5.285555020485596e-12,3.346553867356805e-13,5.684341886080802e-14,4.557478518849194e-16,1.5609745008420324e-12,3.2174896819184204e-13,8.859864686562753e-12,5.300586149384087,1.077225210833931,0.0
256,8232,8.971733868309947,3.1164139586777635e-12,5.879376112092314e-13,5.221164038928309e-12,3.305784660051563e-13,5.684341886080802e-14,4.557478518849194e-16,1.5419569271925081e-12,3.178290548966882e-13,8.750696823172095e-12,5.30058614938409,1.077225210833932,0.0
256,8236,8.976093311394646,3.07839401981811e-12,5.807648311075309e-13,5.157438407436784e-12,3.2654367197328706e-13,5.684341886080802e-14,4.557478518849194e-16,1.5231359638803336e-12,3.139496670381408e-13,8.644598256040398e-12,5.300586149384094,1.0772252108339329,0.0
256,8240,8.980452754479344,3.040886951131863e-12,5.736888082622831e-13,5.094574226398768e-12,3.2256342075358335e-13,5.684341886080802e-14,4.557478518849194e-16,1.5045694889281177e-12,3.1012273446774153e-13,8.538558625267709e-12,5.300586149384095,1.0772252108339337,0.0
256,8244,8.984812197564043,3.0039819258722165e-12,5.667263659550426e-13,5.032717274992963e-12,3.186469423677244e-13,5.684341886080802e-14,4.557478518849194e-16,1.4863004271145417e-12,3.063571048657331e-13,8.436539012870198e-12,5.300586149384099,1.0772252108339346,0.0
256,8248,8.989171640648742,2.9675075003828864e-12,5.598451599032239e-13,4.97158207899494e-12,3.147761619897727e-13,1.1368683772161603e-13,9.114957037698388e-16,1.468244531995895e-12,3.0263541330634447e-13,8.332426867259316e-12,5.3005861493841016,1.0772252108339355,0.0
256,8252,8.99353108373344,2.931444715928867e-12,5.530416133825796e-13,4.911139405816701e-12,3.1094922875581616e-13,5.684341886080802e-14,4.557478518849194e-16,1.4503932597976816e-12,2.989558987418281e-13,8.232412005002968e-12,5.300586149384104,1.0772252108339364,0.0
256,8256,8.99789052681814,2.8958605804213212e-12,5.463283679971274e-13,4.851497655592154e-12,3.07173006029985e-13,5.684341886080802e-14,4.557478518849194e-16,1.4327784875953738e-12,2.9532513169344285e-13,8.132187057302776e-12,5.300586149384107,1.0772252108339373,0.0
256,8260,9.002249969902838,2.8607155200631072e-12,5.396979578183784e-13,4.792594928081208e-12,3.034435745930664e-13,5.684341886080802e-14,4.557478518849194e-16,1.415382090039907e-12,2.9173937615374173e-13,8.034848915158323e-12,5.30058614938411,1.0772252108339382,0.0
256,8264,9.006609412987537,2.8259943298101565e-12,5.331475142873392e-13,4.734401829944792e-12,2.997590734031799e-13,5.684341886080802e-14,4.557478518849194e-16,1.398195247933085e-12,2.8819681430448466e-13,7.934394652718026e-12,5.300586149384113,1.077225210833939,0.0
256,8268,9.010968856072235,2.791657375889173e-12,5.266695601605165e-13,4.6768517813617496e-12,2.961152869530209e-13,5.684341886080802e-14,4.557478518849194e-16,1.3811982920722867e-12,2.8469339191823546e-13,7.83932822702589e-12,5.300586149384116,1.07722521083394,0.0
256,8272,9.015328299156934,2.7577966639067397e-12,5.202814530666687e-13,4.620102116433479e-12,2.925221768652281e-13,5.684341886080802e-14,4.557478518849194e-16,1.3644378004055171e-12,2.8123870966861376e-13,7.746531026657813e-12,5.3005861493841175,1.0772252108339408,0.0
256,8276,9.019687742241633,2.7242939581677116e-12,5.139608868510023e-13,4.563952339795902e-12,2.889670487579732e-13,5.684341886080802e-14,4.557478518849194e-16,1.3478544759568843e-12,2.778205452286053e-13,7.650252701255589e-12,5.300586149384121,1.0772252108339417,0.0
256,8280,9.024047185326332,2.6911908047828383e-12,5.077156995354979e-13,4.5084697388136516e-12,2.8545416293673914e-13,5.684341886080802e-14,4.557478518849194e-16,1.3314681086540176e-12,2.7444297770955494e-13,7.55787129500501e-12,5.300586149384124,1.0772252108339426,0.0
256,8284,9.02840662841103,2.6585343030334006e-12,5.015547767942968e-13,4.453739192224517e-12,2.819888935063664e-13,5.684341886080802e-14,4.557478518849194e-16,1.3153039765788777e-12,2.711112174443569e-13,7.465985801351581e-12,5.300586149384126,1.0772252108339435,0.0
256,8288,9.032766071495729,2.6262498753355837e-12,4.954640489411957e-13,4.399632124931399e-12,2.7856309972313405e-13,5.684341886080802e-14,4.557478518849194e-16,1.2993239795936585e-12,2.6781741121053976e-13,7.374558240813423e-12,5.300586149384129,1.0772252108339444,0.0
256,8292,9.037125514580428,2.5944176967893268e-12,4.894586416807262e-13,4.346282975535327e-12,2.7518529357903647e-13,5.684341886080802e-14,4.557478518849194e-16,1.2835678252785265e-12,2.6456974355752527e-13,7.285094841242195e-12,5.300586149384132,1.0772252108339453,0.0
256,8296,9.041484957665126,2.562956616207957e-12,4.83523245161414e-13,4.2935582323073155e-12,2.7184702176706535e-13,5.684341886080802e-14,4.557478518849194e-16,1.2679961703460208e-12,2.6136010502411517e-13,7.1962394063997014e-12,5.300586149384134,1.0772252108339462,0.0
256,8300,9.045844400749825,2.5318059092513644e-12,4.776464032275817e-13,4.24135319217943e-12,2.685416550031519e-13,1.1368683772161603e-13,9.114957037698388e-16,1.252577988160139e-12,2.581821003821269e-13,7.109817721908924e-12,5.300586149384136,1.077225210833947,0.0
256,8304,9.050203843834524,2.5009984304970633e-12,4.718343141706235e-13,4.1897229928088445e-12,2.652726843329693e-13,1.1368683772161603e-13,9.114957037698388e-16,1.2373295657440274e-12,2.5503908672220437e-13,7.022474668254082e-12,5.30058614938414,1.077225210833948,0.0
256,8308,9.054563286919223,2.4705880139692436e-12,4.660971342303725e-13,4.138758334688728e-12,2.620458524663184e-13,1.1368683772161603e-13,9.114957037698388e-16,1.2222777074756296e-12,2.519365889782538e-13,6.93794813371972e-12,5.3005861493841415,1.0772252108339488,0.0
256,8312,9.058922730003921,2.4405860869110353e-12,4.604370192520143e-13,4.088477404873524e-12,2.588623109181707e-13,1.1368683772161603e-13,9.114957037698388e-16,1.207427750647877e-12,2.4887570727618534e-13,6.8540756589702104e-12,5.300586149384144,1.0772252108339497,0.0
256,8316,9.06328217308862,2.411047172800608e-12,4.548642555466535e-13,4.0389714535254435e-12,2.557278372006712e-13,1.1368683772161603e-13,9.114957037698388e-16,1.1928066405718216e-12,2.4586199559911916e-13,6.76950175733872e-12,5.300586149384147,1.0772252108339506,0.0
256,8320,9.067641616173319,2.381889280745078e-12,4.493633748452019e-13,3.99010375722254e-12,2.5263377465818585e-13,1.1368683772161603e-13,9.114957037698388e-16,1.1783740216628905e-12,2.4288713583059014e-13,6.688210690604718e-12,5.3005861493841495,1.0772252108339515,0.0
256,8324,9.072001059258017,2.3530057166800464e-12,4.439142484182337e-13,3.941696124329273e-12,2.495688410714446e-13,1.1368683772161603e-13,9.114957037698388e-16,1.1640772887371709e-12,2.3994028495962247e-13,6.6081862952056606e-12,5.300586149384151,1.0772252108339524,0.0
256,8328,9.076360502342716,2.3244305643596534e-12,4.385233064516152e-13,3.8938044027887614e-12,2.4653657245793864e-13,1.1368683772161603e-13,9.114957037698388e-16,1.149932890901034e-12,2.370248334855484e-13,6.527483159541592e-12,5.300586149384154,1.0772252108339533,0.0
256,8332,9.080719945427415,2.2962295310290456e-12,4.3320294516781957e-13,3.8465392354484316e-12,2.435439741794041e-13,1.1368683772161603e-13,9.114957037698388e-16,1.1359735238482036e-12,2.341475206636947e-13,6.446862374223172e-12,5.300586149384157,1.0772252108339542,0.0
256,8336,9.085079388512113,2.268381943317379e-12,4.279492643621787e-13,3.799869505011194e-12,2.4058907604140515e-13,0.0,0.0,1.1221901221288076e-12,2.313064779182834e-13,6.3689866193659504e-12,5.300586149384158,1.077225210833955,0.0
256,8340,9.089438831596812,2.240834641895258e-12,4.2275223508168656e-13,3.753702194218778e-12,2.376659886479524e-13,0.0,0.0,1.1085550753114523e-12,2.284960141712043e-13,6.290240542602811e-12,5.300586149384161,1.077225210833956,0.0
256,8344,9.093798274681511,2.2136551911483667e-12,4.176246039139433e-13,3.708150643639887e-12,2.3478188816724487e-13,0.0,0.0,1.0951018611805394e-12,2.2572302988276764e-13,6.215138858611772e-12,5.300586149384164,1.0772252108339568,0.0
256,8348,9.09815771776621,2.18679351720664e-12,4.1255692400370427e-13,3.663131503973966e-12,2.319314973308967e-13,-5.684341886080802e-14,-4.557478518849194e-16,1.0818058835400474e-12,2.229824552708041e-13,6.1407654865716284e-12,5.3005861493841655,1.0772252108339577,0.0
256,8352,9.102517160850908,2.1602469872603003e-12,4.0754869864933974e-13,3.618640338940686e-12,2.2911453525542376e-13,1.1368683772161603e-13,9.114957037698388e-16,1.0686658313356503e-12,2.202740201000367e-13,6.065512019190074e-12,5.300586149384167,1.0772252108339586,0.0
256,8356,9.106876603935607,2.1339895964856505e-12,4.0259502182291945e-13,3.5746319901930242e-12,2.2632814273606364e-13,0.0,0.0,1.0556683118121526e-12,2.1759496384800768e-13,5.990253782519464e-12,5.30058614938417,1.0772252108339595,0.0
256,8360,9.111236047020306,2.1080099315944825e-12,3.976937403119708e-13,3.5310892032509692e-12,2.2357122730387804e-13,0.0,0.0,1.0428082952326297e-12,2.149442497824291e-13,5.918222499851999e-12,5.300586149384172,1.0772252108339604,0.0
256,8364,9.115595490105004,2.08241579410027e-12,3.9286519177546876e-13,3.4881965883156628e-12,2.2085547757018958e-13,5.684341886080802e-14,4.557478518849194e-16,1.030140443667677e-12,2.1233314488095104e-13,5.846394240794833e-12,5.300586149384174,1.0772252108339613,0.0
256,8368,9.119954933189703,2.057167775739961e-12,3.881019415143176e-13,3.4458855230778166e-12,2.1817654870737561e-13,5.684341886080802e-14,4.557478518849194e-16,1.0176443991563158e-12,2.0975745294886564e-13,5.776382318143118e-12,5.300586149384176,1.0772252108339622,0.0
256,8372,9.124314376274402,2.0322393818701476e-12,3.833989910919933e-13,3.4041082868031285e-12,2.1553141927289493e-13,0.0,0.0,1.0053059506272973e-12,2.072142447919365e-13,5.705657302415193e-12,5.300586149384178,1.077225210833963,0.0
256,8376,9.1286738193591,2.00753737213496e-12,3.7873874993393637e-13,3.3627107681571193e-12,2.1291033169388323e-13,0.0,0.0,9.93079658938049e-13,2.046941544677793e-13,5.634959337377165e-12,5.300586149384181,1.077225210833964,0.0
256,8380,9.1330332624438,1.98316745244562e-12,3.7414116034619417e-13,3.3218698135992436e-12,2.1032448301966688e-13,0.0,0.0,9.81017742973244e-13,2.0220794536314674e-13,5.5679523577034535e-12,5.300586149384182,1.0772252108339648,0.0
256,8384,9.137392705528498,1.959145219074739e-12,3.696091646963034e-13,3.2816095939225497e-12,2.0777540362615985e-13,0.0,0.0,9.69127271804294e-13,1.9975707455913245e-13,5.500681860009505e-12,5.300586149384184,1.0772252108339657,0.0
256,8388,9.141752148613197,1.935399093780646e-12,3.651292591490931e-13,3.241813715109986e-12,2.0525572401580906e-13,0.0,0.0,9.573739956568045e-13,1.973344824724016e-13,5.4348849511181535e-12,5.300586149384186,1.0772252108339666,0.0
256,8392,9.146111591697895,1.9119082907422813e-12,3.6069752228521944e-13,3.2024476528159488e-12,2.0276325827659866e-13,0.0,0.0,9.457477291145652e-13,1.949380696790658e-13,5.367023517365537e-12,5.300586149384188,1.0772252108339675,0.0
256,8396,9.150471034782594,1.888725529524673e-12,3.5632390009245477e-13,3.163597675152883e-12,2.0030346848174917e-13,0.0,0.0,9.342738768685281e-13,1.9257307260873784e-13,5.30346346673994e-12,5.3005861493841895,1.0772252108339684,0.0
256,8400,9.154830477867293,1.8658467421361606e-12,3.520076251100795e-13,3.1252596799068913e-12,1.9787609489922252e-13,0.0,0.0,9.229513233345984e-13,1.9023926131657794e-13,5.240246094571575e-12,5.300586149384192,1.0772252108339693,0.0
256,8404,9.159189920951992,1.843265434678017e-12,3.47747472209675e-13,3.0874196494453944e-12,1.9548025000136374e-13,0.0,0.0,9.117758177821853e-13,1.8793575963953485e-13,5.176804183106614e-12,5.300586149384194,1.0772252108339702,0.0
256,8408,9.16354936403669,1.820915756048367e-12,3.435310180289905e-13,3.0499675104547147e-12,1.9310896448651673e-13,5.684341886080802e-14,4.557478518849194e-16,9.007148613675995e-13,1.856558688971248e-13,5.112549800328683e-12,5.300586149384196,1.077225210833971,0.0
256,8412,9.167908807121389,1.7988081205627667e-12,3.393602273159355e-13,3.0129230831273038e-12,1.907634932719313e-13,0.0,0.0,8.897743914179046e-13,1.8340081289464085e-13,5.050655142384223e-12,5.300586149384198,1.077225210833972,0.0
256,8416,9.172268250206088,1.7769551225866458e-12,3.352374761030985e-13,2.9763043466020517e-12,1.8844497470838707e-13,0.0,0.0,8.789596073412692e-13,1.8117166333710615e-13,4.990013211379182e-12,5.300586149384199,1.0772252108339728,0.0
256,8420,9.176627693290786,1.7553695350469722e-12,3.3116517411019896e-13,2.9401347911049665e-12,1.8615489608163529e-13,0.0,0.0,8.682775203770074e-13,1.7896986538522879e-13,4.9271362364460315e-12,5.300586149384202,1.0772252108339737,0.0
256,8424,9.180987136375485,1.7340827786826372e-12,3.2714924912295817e-13,2.904467488751021e-12,1.8389661765736082e-13,0.0,0.0,8.577438194394508e-13,1.7679865284711747e-13,4.867681239169498e-12,5.300586149384204,1.0772252108339746,0.0
256,8428,9.185346579460184,1.7130506201878366e-12,3.2318135615752765e-13,2.869225849302833e-12,1.8166529011786448e-13,5.684341886080802e-14,4.557478518849194e-16,8.47335797498051e-13,1.7465334533648418e-13,4.810397121721194e-12,5.3005861493842055,1.0772252108339755,0.0
256,8432,9.189706022544883,1.6923354165332321e-12,3.1927325937902127e-13,2.8345164623815636e-12,1.794676621945005e-13,5.684341886080802e-14,4.557478518849194e-16,8.37085008359569e-13,1.7254044674225374e-13,4.75379199736776e-12,5.300586149384207,1.0772252108339764,0.0
256,8436,9.194065465629581,1.6718388893771225e-12,3.1540641775463027e-13,2.800174945207235e-12,1.7729332597691835e-13,5.684341886080802e-14,4.557478518849194e-16,8.269429147135508e-13,1.704499525258837e-13,4.6945485418350246e-12,5.300586149384209,1.0772252108339773,0.0
256,8440,9.19842490871428,1.651621872644474e-12,3.115923081141339e-13,2.7663026250448935e-12,1.7514869700992639e-13,5.684341886080802e-14,4.557478518849194e-16,8.169394204150176e-13,1.6838802648729058e-13,4.636746374392502e-12,5.300586149384211,1.0772252108339782,0.0
256,8444,9.202784351798979,1.631610063097346e-12,3.0781691252897725e-13,2.7327741891765286e-12,1.7302584110762623e-13,5.684341886080802e-14,4.557478518849194e-16,8.070374878527848e-13,1.6634703441260582e-13,4.58040096053371e-12,5.300586149384213,1.077225210833979,0.0
256,8448,9.207143794883677,1.611837637367503e-12,3.0408667870716877e-13,2.699646263426118e-12,1.7092834353910485e-13,5.684341886080802e-14,4.557478518849194e-16,7.972538178547719e-13,1.6433041868615284e-13,4.5262686294958275e-12,5.3005861493842135,1.07722521083398,0.0
256,8452,9.211503237968376,1.5923308577700012e-12,3.0040656125454187e-13,2.666959893060802e-12,1.688588030891058e-13,5.684341886080802e-14,4.557478518849194e-16,7.876004278109428e-13,1.623406563393112e-13,4.470084818603935e-12,5.300586149384215,1.0772252108339808,0.0
256,8456,9.215862681053075,1.5731316347446603e-12,2.9678446692680965e-13,2.634794724741235e-12,1.6682226259303996e-13,5.684341886080802e-14,4.557478518849194e-16,7.781011730447053e-13,1.6038266444515812e-13,4.416884453224765e-12,5.300586149384217,1.0772252108339817,0.0
256,8460,9.220222124137774,1.5541397474027802e-12,2.932014882133921e-13,2.6029749747483507e-12,1.648075922890833e-13,5.684341886080802e-14,4.557478518849194e-16,7.687038612188924e-13,1.584456850889282e-13,4.361891368378689e-12,5.300586149384219,1.0772252108339826,0.0
256,8464,9.224581567222472,1.535362987966852e-12,2.8965909518236676e-13,2.5715192168227977e-12,1.6281596817527873e-13,5.684341886080802e-14,4.557478518849194e-16,7.594141727964264e-13,1.56530889130929e-13,4.310460108174892e-12,5.300586149384221,1.0772252108339835,0.0
256,8468,9.228941010307171,1.5167890749910158e-12,2.8615497083604453e-13,2.540401671234131e-12,1.6084575800569778e-13,1.1368683772161603e-13,9.114957037698388e-16,7.502243103241336e-13,1.5463666935559625e-13,4.257377132208138e-12,5.3005861493842215,1.0772252108339844,0.0
256,8472,9.23330045339187,1.4984111320635032e-12,2.8268781788171565e-13,2.509616776365811e-12,1.5889660964609403e-13,5.684341886080802e-14,4.557478518849194e-16,7.411328419750544e-13,1.527627306339278e-13,4.206284245183551e-12,5.300586149384223,1.0772252108339853,0.0
256,8476,9.237659896476568,1.480211928043741e-12,2.792543855203011e-13,2.4791307822082144e-12,1.5696638621160316e-13,0.0,0.0,7.321296278422261e-13,1.5090698292242761e-13,4.156477773092168e-12,5.300586149384224,1.0772252108339861,0.0
256,8480,9.242019339561267,1.4622638504422975e-12,2.758683302623315e-13,2.4490677549474283e-12,1.5506294296384385e-13,0.0,0.0,7.232514068042654e-13,1.4907699886003452e-13,4.104901024952528e-12,5.300586149384226,1.077225210833987,0.0
256,8484,9.246378782645966,1.4446891889849274e-12,2.7255272308945093e-13,2.4196282424992652e-12,1.5319897761196206e-13,5.684341886080802e-14,4.557478518849194e-16,7.145572531123718e-13,1.4728495486562006e-13,4.056510228660287e-12,5.300586149384228,1.077225210833988,0.0
256,8488,9.250738225730665,1.4273099290007348e-12,2.6927398004209734e-13,2.3905164532618783e-12,1.513557620843503e-13,5.684341886080802e-14,4.557478518849194e-16,7.059598977805111e-13,1.4551286300523884e-13,4.008230789622897e-12,5.3005861493842295,1.0772252108339888,0.0
256,8492,9.255097668815363,1.4100791281426798e-12,2.660232450530893e-13,2.3616511330320695e-12,1.495281517638984e-13,5.684341886080802e-14,4.557478518849194e-16,6.974352519415955e-13,1.4375575806765501e-13,3.959742948374905e-12,5.30058614938423,1.0772252108339897,0.0
256,8496,9.259457111900062,1.393020325386989e-12,2.628049589475664e-13,2.333072842653027e-12,1.477187147640042e-13,5.684341886080802e-14,4.557478518849194e-16,6.88995334101999e-13,1.4201611731436324e-13,3.910420740824564e-12,5.300586149384232,1.07722521083399,0.0
256,8500,9.26381655498476,1.3761850116877486e-12,2.5962883592555007e-13,2.304872159954131e-12,1.4593318602799983e-13,5.684341886080802e-14,4.557478518849194e-16,6.806670468685233e-13,1.402994859262588e-13,3.8639631810936476e-12,5.300586149384234,1.0772252108339906,0.0
256,8504,9.26817599806946,1.3595617274765528e-12,2.564927140434208e-13,2.27702712112649e-12,1.4417017491536967e-13,5.684341886080802e-14,4.557478518849194e-16,6.724438059627903e-13,1.3860450674806894e-13,3.819806199031227e-12,5.300586149384234,1.077225210833991,0.0
256,8508,9.272535441154158,1.3430560540915207e-12,2.5337878042931484e-13,2.2493814557881546e-12,1.4241978715296665e-13,5.684341886080802e-14,4.557478518849194e-16,6.642795280880791e-13,1.3692168106398324e-13,3.7697907394394246e-12,5.300586149384236,1.0772252108339917,0.0
256,8512,9.276894884238857,1.3268173262232522e-12,2.503152083241516e-13,2.2221738905115997e-12,1.406971377349827e-13,5.684341886080802e-14,4.557478518849194e-16,6.562443105796226e-13,1.3526545737733857e-13,3.723516206514086e-12,5.3005861493842374,1.077225210833992,0.0
256,8516,9.281254327323555,1.3108203718622756e-12,2.4729724881738375e-13,2.195373541430446e-12,1.3900027124666812e-13,0.0,0.0,6.483294316743658e-13,1.3363403795328262e-13,3.679530638293831e-12,5.300586149384238,1.0772252108339921,0.0
256,8520,9.285613770408254,1.295025800937074e-12,2.4431747064190097e-13,2.1689152459553765e-12,1.3732506191287848e-13,0.0,0.0,6.405156763890961e-13,1.320234621883467e-13,3.6355842566553706e-12,5.300586149384239,1.0772252108339924,0.0
256,8524,9.289973213492953,1.2793916985113266e-12,2.413679661936876e-13,2.1427285702544496e-12,1.3566705020927304e-13,0.0,0.0,6.327822361836393e-13,1.3042944101417842e-13,3.5927892065652045e-12,5.30058614938424,1.0772252108339928,0.0
256,8528,9.294332656577652,1.263957136573047e-12,2.3845610673073507e-13,2.1168742967747478e-12,1.340300845819008e-13,5.684341886080802e-14,4.557478518849194e-16,6.251468964416328e-13,1.2885564036435385e-13,3.549161366954447e-12,5.300586149384242,1.0772252108339933,0.0
256,8532,9.29869209966235,1.248663965789993e-12,2.355709218941807e-13,2.091258192966837e-12,1.3240819868850411e-13,1.1368683772161603e-13,9.114957037698388e-16,6.175819403987297e-13,1.27296347243353e-13,3.5057828187546923e-12,5.300586149384243,1.0772252108339941,0.0
256,8536,9.303051542747049,1.2335773711901699e-12,2.3272470938585734e-13,2.0659806315561867e-12,1.3080774763713297e-13,1.1368683772161603e-13,9.114957037698388e-16,6.101166985221617e-13,1.2575760726406915e-13,3.463985386718802e-12,5.300586149384244,1.0772252108339941,0.0
256,8540,9.307410985831748,1.2186640106953073e-12,2.2991117894326757e-13,2.040996831962925e-12,1.2922589614138569e-13,1.1368683772161603e-13,9.114957037698388e-16,6.027383375836612e-13,1.2423677523405908e-13,3.4217493327198748e-12,5.300586149384245,1.0772252108339944,0.0
256,8544,9.311770428916446,1.203923669436149e-12,2.2713029002952538e-13,2.0163039466631757e-12,1.2766246391003448e-13,1.1368683772161603e-13,9.114957037698388e-16,5.954459286807757e-13,1.2273365968741132e-13,3.381624069381021e-12,5.300586149384246,1.0772252108339946,0.0
256,8548,9.316129872001145,1.1893536189301622e-12,2.2438152789353425e-13,1.991897362321346e-12,1.2611715884932553e-13,1.1368683772161603e-13,9.114957037698388e-16,5.882381078772351e-13,1.2124797948879185e-13,3.3413530681108786e-12,5.300586149384248,1.0772252108339955,0.0
256,8552,9.320489315085844,1.1750702373261868e-12,2.2168684824840962e-13,1.9679690589941545e-12,1.2460213619364343e-13,1.1368683772161603e-13,9.114957037698388e-16,5.811714663313013e-13,1.197913992405179e-13,3.301061344913135e-12,5.300586149384248,1.0772252108339957,0.0
256,8556,9.324848758170543,1.1609699993821196e-12,2.19026720189609e-13,1.9443494344545637e-12,1.231066575628823e-13,1.1368683772161603e-13,9.114957037698388e-16,5.741960515432254e-13,1.1835362270440994e-13,3.2616609861873417e-12,5.30058614938425,1.0772252108339961,0.0
256,8560,9.329208201255241,1.147055029636371e-12,2.1640154452910874e-13,1.921041545717154e-12,1.2163091651219254e-13,5.684341886080802e-14,4.557478518849194e-16,5.673127485735315e-13,1.1693483230965575e-13,3.2218062517022067e-12,5.300586149384252,1.0772252108339964,0.0
256,8564,9.33356764433994,1.1332824630620565e-12,2.1380323442034573e-13,1.897971272037006e-12,1.2017022008000998e-13,1.1368683772161603e-13,9.114957037698388e-16,5.604995859541228e-13,1.1553049928452595e-13,3.183834898069954e-12,5.300586149384252,1.0772252108339964,0.0
256,8568,9.337927087424639,1.1196620456292464e-12,2.1123362852225233e-13,1.875159564075606e-12,1.1872589475933202e-13,1.1368683772161603e-13,9.114957037698388e-16,5.537629144425047e-13,1.1414193265083573e-13,3.1451151323422868e-12,5.3005861493842525,1.0772252108339968,0.0
256,8572,9.342286530509337,1.1062642300782564e-12,2.0870601833473635e-13,1.8527205522452046e-12,1.173051667273723e-13,5.684341886080802e-14,4.557478518849194e-16,5.47136301920782e-13,1.1277605143988622e-13,3.10701802265576e-12,5.300586149384253,1.077225210833997,0.0
256,8576,9.346645973594036,1.09307523238887e-12,2.0621780338686342e-13,1.8306312299581183e-12,1.1590657931998309e-13,5.684341886080802e-14,4.557478518849194e-16,5.406129569647961e-13,1.1143145579939643e-13,3.0705078485622805e-12,5.300586149384255,1.0772252108339972,0.0
256,8580,9.351005416678735,1.080089764641419e-12,2.037679860682713e-13,1.8088823818052876e-12,1.145295490627193e-13,5.684341886080802e-14,4.557478518849194e-16,5.341901454118552e-13,1.1010758216216877e-13,3.033406362922002e-12,5.300586149384256,1.077225210833998,0.0
256,8584,9.355364859763434,1.0672255923750093e-12,2.0134105215872552e-13,1.7873401583317469e-12,1.1316560126542215e-13,5.684341886080802e-14,4.557478518849194e-16,5.278284764899307e-13,1.0879631127945853e-13,2.9970553285633813e-12,5.300586149384257,1.077225210833998,0.0
256,8588,9.359724302848132,1.0545189228966007e-12,1.9894383247012854e-13,1.7660611860283588e-12,1.1181832123940249e-13,5.684341886080802e-14,4.557478518849194e-16,5.215445309565452e-13,1.0750106078660942e-13,2.961965012969502e-12,5.300586149384258,1.0772252108339981,0.0
256,8592,9.364083745932831,1.04191831049509e-12,1.9656662133792682e-13,1.7449561139587841e-12,1.104820517221704e-13,5.684341886080802e-14,4.557478518849194e-16,5.153118092322782e-13,1.0621636857496341e-13,2.9266624749517628e-12,5.300586149384259,1.0772252108339986,0.0
256,8596,9.36844318901753,1.0295034406544793e-12,1.9422445209650193e-13,1.7241612114133097e-12,1.091654206159735e-13,5.684341886080802e-14,4.557478518849194e-16,5.091706532830484e-13,1.0495054995390072e-13,2.8914400085277887e-12,5.30058614938426,1.0772252108339988,0.0
256,8600,9.372802632102228,1.0171832056898012e-12,1.9190013651753354e-13,1.7035269535202908e-12,1.0785896074025025e-13,0.0,0.0,5.030770143255075e-13,1.0369452556268565e-13,2.8579935317856098e-12,5.3005861493842605,1.077225210833999,0.0
256,8604,9.377162075186927,1.0049490954391163e-12,1.8959206908765017e-13,1.683031374726357e-12,1.0656128134403325e-13,5.684341886080802e-14,4.557478518849194e-16,4.970241327871952e-13,1.0244690211432764e-13,2.822809041130116e-12,5.3005861493842605,1.0772252108339995,0.0
256,8608,9.381521518271626,9.928363911723572e-13,1.8730690591410832e-13,1.6627473638835006e-12,1.0527699739147622e-13,1.1368683772161603e-13,9.114957037698388e-16,4.910340220012888e-13,1.0121221700981083e-13,2.7897134381668108e-12,5.300586149384262,1.0772252108339997,0.0
256,8612,9.385880961356325,9.808424930386666e-13,1.8504415651325504e-13,1.6426614244571656e-12,1.0400525434829207e-13,1.1368683772161603e-13,9.114957037698388e-16,4.851023728694083e-13,9.998958205528141e-14,2.7549321280115924e-12,5.300586149384263,1.0772252108339997,0.0
256,8616,9.390240404441023,9.689968057345009e-13,1.828093683275104e-13,1.6228222876729093e-12,1.0274913763636588e-13,5.684341886080802e-14,4.557478518849194e-16,4.792435582622094e-13,9.878195979516333e-14,2.7210443332153546e-12,5.300586149384263,1.0772252108339997,0.0
256,8620,9.394599847525722,9.57272632855872e-13,1.8059750485652604e-13,1.6031844329468915e-12,1.0150576511587876e-13,0.0,0.0,4.734441065915692e-13,9.758657345791031e-14,2.6904080168409834e-12,5.300586149384265,1.0772252108340004,0.0
256,8624,9.39895929061042,9.456853311995867e-13,1.784114632887211e-13,1.5837826475075492e-12,1.0027733934329654e-13,5.684341886080802e-14,4.557478518849194e-16,4.677146117997973e-13,9.640560667304693e-14,2.658314313374177e-12,5.300586149384265,1.0772252108340006,0.0
256,8628,9.40331873369512,9.342765580209514e-13,1.7625910261442843e-13,1.5646820466862534e-12,9.906798310162273e-14,0.0,0.0,4.620741389421241e-13,9.52429891407993e-14,2.6238078442238376e-12,5.300586149384266,1.0772252108340006,0.0
256,8632,9.407678176779818,9.231150813406678e-13,1.7415339649708136e-13,1.5459862019687395e-12,9.788425402869842e-14,1.1368683772161603e-13,9.114957037698388e-16,4.565528640172982e-13,9.410494075550667e-14,2.592936034108502e-12,5.300586149384267,1.0772252108340006,0.0
256,8636,9.412037619864517,9.121528257711388e-13,1.720852751119017e-13,1.5276287164930344e-12,9.672194820129597e-14,1.1368683772161603e-13,9.114957037698388e-16,4.511316783701296e-13,9.298752283009404e-14,2.5613376583052426e-12,5.300586149384268,1.0772252108340006,0.0
256,8640,9.416397062949216,9.012665051596677e-13,1.7003147949295196e-13,1.50939374510245e-12,9.55673993641013e-14,5.684341886080802e-14,4.557478518849194e-16,4.457465082148165e-13,9.187752843872196e-14,2.5322777802663654e-12,5.300586149384268,1.0772252108340015,0.0
256,8644,9.420756506033914,8.90484269092316e-13,1.6799732029555752e-13,1.4913399469452323e-12,9.442432152630848e-14,5.684341886080802e-14,4.557478518849194e-16,4.4041508378552935e-13,9.077861214752656e-14,2.501551654395178e-12,5.300586149384269,1.0772252108340015,0.0
256,8648,9.425115949118613,8.797788249321007e-13,1.659776485350186e-13,1.4734117859194385e-12,9.328919841467822e-14,5.684341886080802e-14,4.557478518849194e-16,4.351206568305486e-13,8.968732179716322e-14,2.471549370624099e-12,5.300586149384269,1.0772252108340017,0.0
256,8652,9.429475392203312,8.691794761104204e-13,1.6397799254925346e-13,1.455666458403721e-12,9.216565142301752e-14,0.0,0.0,4.298804055179271e-13,8.860719816158018e-14,2.442359010119058e-12,5.30058614938427,1.077225210834002,0.0
256,8656,9.43383483528801,8.586634338627381e-13,1.6199405304684506e-13,1.4380554761841856e-12,9.105061051574637e-14,5.684341886080802e-14,4.557478518849194e-16,4.246796454373266e-13,8.753521448161367e-14,2.4126875225316196e-12,5.300586149384272,1.0772252108340028,0.0
256,8660,9.438194278372709,8.482772377273277e-13,1.6003461010172536e-13,1.420661571294602e-12,8.994931387894919e-14,0.0,0.0,4.19542978018026e-13,8.64764416181152e-14,2.3830151657768474e-12,5.300586149384272,1.0772252108340032,0.0
256,8664,9.442553721457408,8.379937792035819e-13,1.5809454946806502e-13,1.4034409793278933e-12,8.88589905652952e-14,5.684341886080802e-14,4.557478518849194e-16,4.144575368240282e-13,8.542822753384513e-14,2.3549071326620077e-12,5.300586149384273,1.0772252108340037,0.0
256,8668,9.446913164542107,8.279583915515413e-13,1.5620128948337326e-13,1.3866398149681738e-12,8.779522334792262e-14,0.0,0.0,4.094960993371517e-13,8.440557316550679e-14,2.3262331520907823e-12,5.300586149384274,1.077225210834004,0.0
256,8672,9.451272607626805,8.180909666971387e-13,1.5433971708811116e-13,1.37012366783546e-12,8.674950202165519e-14,0.0,0.0,4.0461896333558955e-13,8.340029506814682e-14,2.300399073686076e-12,5.300586149384274,1.0772252108340041,0.0
256,8676,9.455632050711504,8.083070168350727e-13,1.5249389294973688e-13,1.3537458944263884e-12,8.571254184002062e-14,5.684341886080802e-14,4.557478518849194e-16,3.997826407284565e-13,8.24034294512847e-14,2.273229893230423e-12,5.300586149384275,1.0772252108340041,0.0
256,8680,9.459991493796203,7.985983705812777e-13,1.506622754681641e-13,1.3374947160582405e-12,8.468359703467387e-14,0.0,0.0,3.9498372052034365e-13,8.141427323857118e-14,2.2446101736225477e-12,5.300586149384276,1.0772252108340041,0.0
256,8684,9.464350936880901,7.889253480436358e-13,1.4883737869919721e-13,1.3212948580646051e-12,8.365790158340885e-14,1.1368683772161603e-13,9.114957037698388e-16,3.9019966099504464e-13,8.042818011840618e-14,2.2172070464811817e-12,5.3005861493842765,1.0772252108340048,0.0
256,8688,9.4687103799656,7.794627827483792e-13,1.4705218645279716e-13,1.305457534262602e-12,8.265516001676621e-14,1.1368683772161603e-13,9.114957037698388e-16,3.8552301944384266e-13,7.946422805327593e-14,2.191166050201787e-12,5.300586149384277,1.0772252108340048,0.0
256,8692,9.473069823050299,7.701614565776296e-13,1.4529741331854105e-13,1.2898907441581515e-12,8.166954731527183e-14,5.684341886080802e-14,4.557478518849194e-16,3.8092628817400493e-13,7.851674714162257e-14,2.165365588627122e-12,5.300586149384278,1.0772252108340048,0.0
256,8696,9.477429266134997,7.610282424407692e-13,1.435743559283841e-13,1.2746055364464084e-12,8.070176302804315e-14,5.684341886080802e-14,4.557478518849194e-16,3.7641271370048116e-13,7.758640655698782e-14,2.1388731134281378e-12,5.300586149384278,1.077225210834005,0.0
256,8700,9.481788709219696,7.51964757519726e-13,1.4186445353917453e-13,1.2594326849870927e-12,7.974109258694085e-14,1.1368683772161603e-13,9.114957037698388e-16,3.719321632861922e-13,7.666287291056928e-14,2.1143462730025596e-12,5.300586149384279,1.0772252108340052,0.0
256,8704,9.486148152304395,7.4298606541928e-13,1.4017054802619861e-13,1.2444161552475896e-12,7.879031966944703e-14,1.1368683772161603e-13,9.114957037698388e-16,3.6749828329464923e-13,7.574895899871751e-14,2.0885686246419167e-12,5.300586149384279,1.0772252108340052,0.0
256,8708,9.490507595389094,7.341057040803478e-13,1.3849519343546838e-13,1.229550223546708e-12,7.784908188017741e-14,1.1368683772161603e-13,9.114957037698388e-16,3.631083791369858e-13,7.484410941121472e-14,2.0649464053188545e-12,5.30058614938428,1.0772252108340055,0.0
256,8712,9.494867038473792,7.254491771435114e-13,1.3686206708059497e-13,1.2150600192487314e-12,7.693163330487664e-14,1.1368683772161603e-13,9.114957037698388e-16,3.5882946335087707e-13,7.396213681113854e-14,2.03954529814482e-12,5.300586149384281,1.0772252108340055,0.0
256,8716,9.499226481558491,7.168460154957911e-13,1.352390085347548e-13,1.2006441959125733e-12,7.60188941667961e-14,5.684341886080802e-14,4.557478518849194e-16,3.5457198314356496e-13,7.308458252497888e-14,2.0169243283382876e-12,5.300586149384281,1.077225210834006,0.0
256,8720,9.50358592464319,7.083983063815986e-13,1.336452774121744e-13,1.1864997249825994e-12,7.512333573047372e-14,1.1368683772161603e-13,9.114957037698388e-16,3.5039502669176273e-13,7.222362584194231e-14,1.994466048880897e-12,5.300586149384282,1.0772252108340064,0.0
256,8724,9.507945367727888,7.00062523045672e-13,1.3207266202568647e-13,1.1725505629132815e-12,7.424014329205362e-14,5.684341886080802e-14,4.557478518849194e-16,3.4627602589128756e-13,7.137461501132376e-14,1.9696711351605812e-12,5.300586149384282,1.0772252108340064,0.0
256,8728,9.512304810812587,6.918480771229706e-13,1.305229379591027e-13,1.1588045471640931e-12,7.33698130809802e-14,-5.684341886080802e-14,-4.557478518849194e-16,3.4221701499174283e-13,7.053796933382969e-14,1.9451168720636703e-12,5.300586149384283,1.0772252108340066,0.0
256,8732,9.516664253897286,6.836955561606768e-13,1.2898489655527783e-13,1.1451636404399696e-12,7.250613785718744e-14,5.684341886080802e-14,4.557478518849194e-16,3.381890938749701e-13,6.970773190036702e-14,1.9222709470115097e-12,5.300586149384283,1.077225210834007,0.0
256,8736,9.521023696981985,6.756742744378664e-13,1.2747161453386553e-13,1.131750271754307e-12,7.165686922455927e-14,5.684341886080802e-14,4.557478518849194e-16,3.3422864204546455e-13,6.889140127547243e-14,1.901642503353455e-12,5.300586149384284,1.077225210834007,0.0
256,8740,9.525383140066683,6.677263236298675e-13,1.259721670041009e-13,1.1184544183987407e-12,7.081504108551947e-14,1.1368683772161603e-13,9.114957037698388e-16,3.303027069644535e-13,6.808218526276878e-14,1.877959992151674e-12,5.3005861493842845,1.077225210834007,0.0
256,8744,9.529742583151382,6.599042321575577e-13,1.244964638928104e-13,1.1053656202942491e-12,6.998632266813717e-14,1.1368683772161603e-13,9.114957037698388e-16,3.2643778656929267e-13,6.728554563245079e-14,1.8559347079018343e-12,5.3005861493842845,1.0772252108340072,0.0
256,8748,9.53410202623608,6.521750624578608e-13,1.2303829125267801e-13,1.092444784830423e-12,6.916823882030362e-14,1.1368683772161603e-13,9.114957037698388e-16,3.2262290449296685e-13,6.649921992939205e-14,1.83319650873456e-12,5.300586149384285,1.0772252108340072,0.0
256,8752,9.53846146932078,6.445166370560039e-13,1.2159346511722384e-13,1.0796389338040858e-12,6.835743522236762e-14,1.1368683772161603e-13,9.114957037698388e-16,3.1884185544635677e-13,6.571986791001357e-14,1.812416267956965e-12,5.300586149384285,1.0772252108340075,0.0
256,8756,9.542820912405478,6.369092574409653e-13,1.2015826919725523e-13,1.0669309528882184e-12,6.755282827919015e-14,5.684341886080802e-14,4.557478518849194e-16,3.150901466939723e-13,6.494656352907406e-14,1.7907579489146608e-12,5.300586149384286,1.0772252108340075,0.0
256,8760,9.547180355490177,6.293814353201291e-13,1.187380824653198e-13,1.054324479878142e-12,6.675464831810586e-14,5.684341886080802e-14,4.557478518849194e-16,3.1136729271068767e-13,6.41792067098534e-14,1.7705740379525515e-12,5.300586149384286,1.077225210834008,0.0
256,8764,9.551539798574876,6.219519793847231e-13,1.173364533386488e-13,1.0418985528654564e-12,6.596789964292178e-14,5.684341886080802e-14,4.557478518849194e-16,3.076983156020073e-13,6.342295502323031e-14,1.7484919969229355e-12,5.300586149384287,1.077225210834008,0.0
256,8768,9.555899241659574,6.146593118085947e-13,1.1596063048234537e-13,1.029698911894159e-12,6.519547828859618e-14,5.684341886080802e-14,4.557478518849194e-16,3.040960651242206e-13,6.268045706841348e-14,1.7303490760034091e-12,5.300586149384288,1.0772252108340081,0.0
256,8772,9.560258684744273,6.074403437904486e-13,1.145987116653133e-13,1.0176158177349374e-12,6.44304361060542e-14,5.684341886080802e-14,4.557478518849194e-16,3.005279893379232e-13,6.194500322079957e-14,1.7107902553200828e-12,5.300586149384289,1.0772252108340084,0.0
256,8776,9.564618127828972,6.002323245864048e-13,1.1323885843382097e-13,1.0055528670550022e-12,6.366666930969679e-14,5.684341886080802e-14,4.557478518849194e-16,2.969659261084259e-13,6.121078868487562e-14,1.6906574408172157e-12,5.300586149384289,1.0772252108340086,0.0
256,8780,9.56897757091367,5.931131393854059e-13,1.1189576448149915e-13,9.936367782657336e-13,6.291220108702317e-14,5.684341886080802e-14,4.557478518849194e-16,2.9344716575681107e-13,6.048549976322077e-14,1.670474955551435e-12,5.30058614938429,1.077225210834009,0.0
256,8784,9.57333701399837,5.861077302460391e-13,1.1057413533673363e-13,9.81934108317456e-13,6.217124549726921e-14,5.684341886080802e-14,4.557478518849194e-16,2.8999223986804597e-13,5.977336843801986e-14,1.6510802274917721e-12,5.30058614938429,1.077225210834009,0.0
256,8788,9.577696457083068,5.791540995441176e-13,1.092622746281346e-13,9.703015647925441e-13,6.143472996825456e-14,5.684341886080802e-14,4.557478518849194e-16,2.865574367964012e-13,5.906538483953845e-14,1.6323522050253998e-12,5.300586149384291,1.0772252108340092,0.0
256,8792,9.582055900167767,5.72315018295511e-13,1.0797202463391443e-13,9.588651704835472e-13,6.071063364431023e-14,5.684341886080802e-14,4.557478518849194e-16,2.83180711805584e-13,5.836937232871462e-14,1.61419427400206e-12,5.300586149384291,1.0772252108340095,0.0
256,8796,9.586415343252465,5.65496608747418e-13,1.0668567452924065e-13,9.474520311825716e-13,5.998800971326935e-14,5.684341886080802e-14,4.557478518849194e-16,2.798104525557022e-13,5.767469254015718e-14,1.595576817532547e-12,5.300586149384292,1.07722521083401,0.0
256,8800,9.590774786337164,5.587630203750858e-13,1.054153266502397e-13,9.36188707753888e-13,5.92748713875219e-14,5.684341886080802e-14,4.557478518849194e-16,2.764847105720427e-13,5.698918867629682e-14,1.575224267653485e-12,5.300586149384292,1.0772252108340101,0.0
256,8804,9.595134229421863,5.521026671176966e-13,1.0415879518943835e-13,9.250494781621242e-13,5.856959007410804e-14,5.684341886080802e-14,4.557478518849194e-16,2.731956663688184e-13,5.6311248980194193e-14,1.5588684511591304e-12,5.3005861493842925,1.0772252108340101,0.0
256,8808,9.599493672506561,5.45573688032229e-13,1.029270485671849e-13,9.141346368488361e-13,5.78785159245249e-14,5.684341886080802e-14,4.557478518849194e-16,2.699730418335831e-13,5.5646999744526126e-14,1.5383108302097372e-12,5.3005861493842925,1.0772252108340101,0.0
256,8812,9.60385311559126,5.390795276720188e-13,1.017018707892585e-13,9.032794614311926e-13,5.7191219526437e-14,1.1368683772161603e-13,9.114957037698388e-16,2.6676808534215456e-13,5.49863922562804e-14,1.5205439194937884e-12,5.300586149384293,1.0772252108340101,0.0
256,8816,9.608212558675959,5.326694488813116e-13,1.0049255570408593e-13,8.925696956300989e-13,5.6513129751167896e-14,1.1368683772161603e-13,9.114957037698388e-16,2.636062328523521e-13,5.4334669389814625e-14,1.5025996233670104e-12,5.300586149384293,1.0772252108340101,0.0
256,8820,9.612572001760658,5.263954435080732e-13,9.930891200951696e-14,8.820904984288553e-13,5.5849638447327595e-14,1.1368683772161603e-13,9.114957037698388e-16,2.605125654011706e-13,5.3697000863000506e-14,1.484794929960474e-12,5.300586149384293,1.0772252108340101,0.0
256,8824,9.616931444845356,5.202329600365294e-13,9.814630785634051e-14,8.717901974717194e-13,5.5197473975111484e-14,5.684341886080802e-14,4.557478518849194e-16,2.5747145028989464e-13,5.307016445492476e-14,1.4672363952344702e-12,5.300586149384294,1.0772252108340103,0.0
256,8828,9.621290887930055,5.141451612118584e-13,9.69977935877104e-14,8.616173086564608e-13,5.4553376614002814e-14,5.684341886080802e-14,4.557478518849194e-16,2.544680443578905e-13,5.2451100684720756e-14,1.4503220717052687e-12,5.300586149384294,1.0772252108340103,0.0
256,8832,9.625650331014754,5.081052243067236e-13,9.585830887131988e-14,8.515204845470278e-13,5.391409529651612e-14,5.684341886080802e-14,4.557478518849194e-16,2.5148695680813374e-13,5.183663719239183e-14,1.4334250425516755e-12,5.300586149384295,1.0772252108340103,0.0
256,8836,9.630009774099452,5.021376942056367e-13,9.473248430533673e-14,8.41547344214706e-13,5.328264502838974e-14,5.684341886080802e-14,4.557478518849194e-16,2.4854248044776333e-13,5.122972001962354e-14,1.4160559784548277e-12,5.300586149384295,1.0772252108340106,0.0
256,8840,9.634369217184151,4.962784809858402e-13,9.362709462678636e-14,8.317479853223148e-13,5.2662197747605665e-14,5.684341886080802e-14,4.557478518849194e-16,2.456490549370968e-13,5.06333254775636e-14,1.4014576933512756e-12,5.300586149384295,1.077225210834011,0.0
256,8844,9.63872866026885,4.905291205293011e-13,9.254242959267369e-14,8.221331013097234e-13,5.205343051026133e-14,5.684341886080802e-14,4.557478518849194e-16,2.428101252383407e-13,5.004816364381729e-14,1.3848220840078205e-12,5.300586149384296,1.0772252108340112,0.0
256,8848,9.643088103353548,4.848724782747275e-13,9.147525662441043e-14,8.126923168492162e-13,5.145568640155863e-14,5.684341886080802e-14,4.557478518849194e-16,2.400232747929061e-13,4.9473736415928653e-14,1.3701779422905327e-12,5.300586149384296,1.0772252108340112,0.0
256,8852,9.647447546438247,4.792790418100962e-13,9.042000795813208e-14,8.033390604649196e-13,5.08634841407945e-14,5.684341886080802e-14,4.557478518849194e-16,2.372616250471893e-13,4.890450357086146e-14,1.3554876045259633e-12,5.300586149384296,1.0772252108340115,0.0
256,8856,9.651806989522946,4.737538303099174e-13,8.937763050317447e-14,7.94119676047804e-13,5.02797579955521e-14,5.684341886080802e-14,4.557478518849194e-16,2.3454020268686114e-13,4.83435624177693e-14,1.341492975682477e-12,5.300586149384297,1.0772252108340115,0.0
256,8860,9.656166432607645,4.682640122344432e-13,8.834193031441104e-14,7.849474190821064e-13,4.9699015729092335e-14,5.684341886080802e-14,4.557478518849194e-16,2.31832268463488e-13,4.778540144727831e-14,1.3238966445356628e-12,5.300586149384298,1.0772252108340115,0.0
256,8864,9.660525875692343,4.628761308048343e-13,8.732546132819624e-14,7.759430316193473e-13,4.912890213515784e-14,5.684341886080802e-14,4.557478518849194e-16,2.291738079190761e-13,4.723743802014875e-14,1.3082111826386587e-12,5.300586149384298,1.0772252108340115,0.0
256,8868,9.664885318777042,4.575312856659221e-13,8.631711149889802e-14,7.669961377050441e-13,4.8562428750362923e-14,5.684341886080802e-14,4.557478518849194e-16,2.2653181086233883e-13,4.669286805663393e-14,1.2942172398766875e-12,5.300586149384298,1.0772252108340115,0.0
256,8872,9.66924476186174,4.522515153095561e-13,8.532103857270301e-14,7.581746597073255e-13,4.80038960854933e-14,5.684341886080802e-14,4.557478518849194e-16,2.2392743154617167e-13,4.6156051883592706e-14,1.2786477046782101e-12,5.300586149384299,1.0772252108340115,0.0
256,8876,9.67360420494644,4.4702420424873294e-13,8.433486253226071e-14,7.494400382255488e-13,4.745086274866405e-14,-5.684341886080802e-14,-4.557478518849194e-16,2.2134866689888793e-13,4.562451542093712e-14,1.2624700368664118e-12,5.300586149384299,1.0772252108340117,0.0
256,8880,9.677963648031138,4.418984479980881e-13,8.336784565786461e-14,7.408814139560709e-13,4.690897269100188e-14,5.684341886080802e-14,4.557478518849194e-16,2.1882208589993547e-13,4.510373508209907e-14,1.248901139026788e-12,5.300586149384299,1.0772252108340117,0.0
256,8884,9.682323091115837,4.367938367009828e-13,8.240481795616446e-14,7.32359305892438e-13,4.63693946601641e-14,-5.684341886080802e-14,-4.557478518849194e-16,2.163063276065299e-13,4.4585185525596594e-14,1.234900078566352e-12,5.3005861493843,1.0772252108340117,0.0
256,8888,9.686682534200536,4.3173425834996237e-13,8.145028609715334e-14,7.239146939620496e-13,4.583472330390278e-14,5.684341886080802e-14,4.557478518849194e-16,2.1381352838475606e-13,4.4071368306236184e-14,1.221379213921743e-12,5.3005861493843005,1.077225210834012,0.0
256,8892,9.691041977285234,4.267467508661614e-13,8.050935101125152e-14,7.155914187038862e-13,4.530773438984693e-14,5.684341886080802e-14,4.557478518849194e-16,2.1135658408424613e-13,4.3564941524012985e-14,1.207680449083011e-12,5.3005861493843005,1.077225210834012,0.0
256,8896,9.695401420369933,4.217774908953124e-13,7.957185847159602e-14,7.073062080544078e-13,4.478315553987914e-14,5.684341886080802e-14,4.557478518849194e-16,2.08911145792605e-13,4.306088636700182e-14,1.1933596509472069e-12,5.3005861493843005,1.077225210834012,0.0
256,8900,9.699760863454632,4.169403656681994e-13,7.865929425873537e-14,6.992477022555851e-13,4.42729305277159e-14,5.684341886080802e-14,4.557478518849194e-16,2.0653284785106283e-13,4.25706702178391e-14,1.1805310531519162e-12,5.300586149384301,1.077225210834012,0.0
256,8904,9.70412030653933,4.120718587916165e-13,7.774080963470027e-14,6.91128844480356e-13,4.375888432479289e-14,5.684341886080802e-14,4.557478518849194e-16,2.0413645162457134e-13,4.207672363970055e-14,1.1666175790047658e-12,5.300586149384301,1.077225210834012,0.0
256,8908,9.70847974962403,4.0728241736354805e-13,7.683724137015565e-14,6.831292446706599e-13,4.325238895057606e-14,5.684341886080802e-14,4.557478518849194e-16,2.0177480937632744e-13,4.158994057168704e-14,1.154052973784261e-12,5.300586149384301,1.077225210834012,0.0
256,8912,9.712839192708728,4.0259134911716713e-13,7.595223203077802e-14,6.753025865577856e-13,4.2756843395291825e-14,5.684341886080802e-14,4.557478518849194e-16,1.9946452856071762e-13,4.111374415191536e-14,1.1412868646843874e-12,5.300586149384302,1.077225210834012,0.0
256,8916,9.717198635793427,3.979068919147968e-13,7.506846992025852e-14,6.674574629650233e-13,4.226012869650436e-14,5.684341886080802e-14,4.557478518849194e-16,1.9714775165888167e-13,4.063620875508837e-14,1.1284156739880949e-12,5.300586149384302,1.0772252108340121,0.0
256,8920,9.721558078878125,3.9328687061047237e-13,7.419686418192691e-14,6.597307125191357e-13,4.1770908804050935e-14,5.684341886080802e-14,4.557478518849194e-16,1.9486630138706058e-13,4.0165954903700364e-14,1.1153701040582749e-12,5.300586149384303,1.0772252108340123,0.0
256,8924,9.725917521962824,3.887521766873617e-13,7.334135616916923e-14,6.521727651242798e-13,4.129237669180342e-14,5.684341886080802e-14,4.557478518849194e-16,1.926356155581182e-13,3.970616464868004e-14,1.1021299242780832e-12,5.300586149384303,1.0772252108340123,0.0
256,8928,9.730276965047523,3.842680102532575e-13,7.249538059067117e-14,6.446713888581598e-13,4.0817426385608785e-14,5.684341886080802e-14,4.557478518849194e-16,1.9042064571511525e-13,3.9249613781783873e-14,1.088272596783148e-12,5.300586149384304,1.0772252108340126,0.0
256,8932,9.734636408132221,3.7981494032540693e-13,7.165527162869009e-14,6.372343842255346e-13,4.0346551775120364e-14,5.684341886080802e-14,4.557478518849194e-16,1.8822511968586871e-13,3.8797070685040556e-14,1.0781534585051165e-12,5.300586149384304,1.0772252108340128,0.0
256,8936,9.73899585121692,3.7540579857882395e-13,7.08234500862565e-14,6.299046361553274e-13,3.9882468123431324e-14,5.684341886080802e-14,4.557478518849194e-16,1.8606245711075932e-13,3.83513014224977e-14,1.0658873980826861e-12,5.300586149384304,1.0772252108340128,0.0
256,8940,9.743355294301619,3.7102952575420026e-13,6.999782954141695e-14,6.226048507198048e-13,3.9420281558625145e-14,5.684341886080802e-14,4.557478518849194e-16,1.8390775738693364e-13,3.790717346747333e-14,1.053579823719661e-12,5.300586149384305,1.077225210834013,0.0
256,8944,9.747714737386318,3.6673696055954573e-13,6.91880011425043e-14,6.154546315308885e-13,3.896756479403988e-14,5.684341886080802e-14,4.557478518849194e-16,1.8179755761063443e-13,3.74722178674064e-14,1.0426406322161313e-12,5.300586149384306,1.077225210834013,0.0
256,8948,9.752074180471016,3.6252397412579154e-13,6.839318594376565e-14,6.084412770511873e-13,3.8523513630704676e-14,5.684341886080802e-14,4.557478518849194e-16,1.7972790254333406e-13,3.704561936624081e-14,1.0304310932426314e-12,5.300586149384306,1.077225210834013,0.0
256,8952,9.756433623555715,3.5833327172489203e-13,6.760257481458209e-14,6.014645692851174e-13,3.8081782757305984e-14,5.684341886080802e-14,4.557478518849194e-16,1.7766904582816178e-13,3.6621246627670005e-14,1.0187311347477474e-12,5.300586149384307,1.077225210834013,0.0
256,8956,9.760793066640414,3.541879165556037e-13,6.682051882068605e-14,5.945647402969233e-13,3.7644919470573606e-14,5.684341886080802e-14,4.557478518849194e-16,1.7563292529219608e-13,3.62015602835255e-14,1.0081505537675549e-12,5.300586149384307,1.077225210834013,0.0
256,8960,9.765152509725112,3.499846344666359e-13,6.602753442792111e-14,5.875138430821119e-13,3.7198491285622195e-14,5.684341886080802e-14,4.557478518849194e-16,1.7355028497941012e-13,3.577228525603969e-14,9.960151903444303e-13,5.300586149384308,1.0772252108340137,0.0
256,8964,9.769511952809811,3.4593623563167686e-13,6.526377005906366e-14,5.807962026462599e-13,3.6773163283303e-14,5.684341886080802e-14,4.557478518849194e-16,1.7156866600696994e-13,3.5363832805735036e-14,9.84252299427255e-13,5.300586149384308,1.0772252108340137,0.0
256,8968,9.77387139589451,3.418873765330033e-13,6.449991885759911e-14,5.740517710080823e-13,3.634613899362314e-14,5.684341886080802e-14,4.557478518849194e-16,1.695782170907937e-13,3.495356032231343e-14,9.735507056042729e-13,5.3005861493843085,1.0772252108340137,0.0
256,8972,9.778230838979209,3.3796927741254855e-13,6.376073662189301e-14,5.675527329899071e-13,3.5934651822843014e-14,5.684341886080802e-14,4.557478518849194e-16,1.6766116750182394e-13,3.455841695072671e-14,9.64032396907581e-13,5.3005861493843085,1.0772252108340137,0.0
256,8976,9.782590282063907,3.341274474109177e-13,6.30359431946459e-14,5.611794851710977e-13,3.55311290697358e-14,5.684341886080802e-14,4.557478518849194e-16,1.6578119676097682e-13,3.417091629279019e-14,9.519708868690578e-13,5.3005861493843085,1.0772252108340137,0.0
256,8980,9.786949725148606,3.3038395038305385e-13,6.232970110700457e-14,5.549632887233096e-13,3.51375500381683e-14,5.684341886080802e-14,4.557478518849194e-16,1.6394733619622394e-13,3.3792919891056105e-14,9.411896593615416e-13,5.3005861493843085,1.0772252108340137,0.0
256,8984,9.791309168233305,3.266430566969218e-13,6.162395016159893e-14,5.487418285227906e-13,3.474363773162796e-14,5.684341886080802e-14,4.557478518849194e-16,1.621115815886097e-13,3.3414533088110453e-14,9.317083948045252e-13,5.300586149384309,1.0772252108340137,0.0
256,8988,9.795668611318003,3.229404381270876e-13,6.092542013765729e-14,5.425452284687944e-13,3.435129944747821e-14,5.684341886080802e-14,4.557478518849194e-16,1.6028178524018083e-13,3.3037374404998964e-14,9.208098282012533e-13,5.30058614938431,1.077225210834014,0.0
256,8992,9.800028054402702,3.1929144838344515e-13,6.023700764122682e-14,5.364695723903912e-13,3.396661874191169e-14,5.684341886080802e-14,4.557478518849194e-16,1.5848880252907014e-13,3.266780377013306e-14,9.124649312627031e-13,5.30058614938431,1.077225210834014,0.0
256,8996,9.8043874974874,3.156988188546715e-13,5.955922797167255e-14,5.304918164406315e-13,3.358813659170705e-14,5.684341886080802e-14,4.557478518849194e-16,1.567248547049451e-13,3.230421782298894e-14,9.030387716849778e-13,5.30058614938431,1.077225210834014,0.0
256,9000,9.8087469405721,3.1219790371446623e-13,5.88987509901576e-14,5.246903992544766e-13,3.322081934602084e-14,5.684341886080802e-14,4.557478518849194e-16,1.5501378332891665e-13,3.195153079995123e-14,8.906727777881798e-13,5.30058614938431,1.077225210834014,0.0
256,9004,9.813106383656798,3.0870696090020267e-13,5.824015537150719e-14,5.188992062058616e-13,3.285414944251331e-14,5.684341886080802e-14,4.557478518849194e-16,1.533055026330064e-13,3.159941899351578e-14,8.821542494399724e-13,5.300586149384311,1.077225210834014,0.0
256,9008,9.817465826741497,3.052738790008737e-13,5.75924756993774e-14,5.132054093232984e-13,3.249364618593126e-14,5.684341886080802e-14,4.557478518849194e-16,1.516260014518344e-13,3.1253239237326566e-14,8.732912682456035e-13,5.300586149384311,1.077225210834014,0.0
256,9012,9.821825269826196,3.0190178868153873e-13,5.695630259996902e-14,5.076409128999083e-13,3.2141329599434383e-14,5.684341886080802e-14,4.557478518849194e-16,1.49985640408741e-13,3.091512706906713e-14,8.649113616254032e-13,5.300586149384312,1.077225210834014,0.0
256,9016,9.826184712910894,2.985630696986329e-13,5.632642528285502e-14,5.020971113930987e-13,3.1790323313423426e-14,5.684341886080802e-14,4.557478518849194e-16,1.4835015104058011e-13,3.0578019053266335e-14,8.553465022522112e-13,5.300586149384312,1.077225210834014,0.0
256,9020,9.830544155995593,2.9531538916123243e-13,5.57137231314566e-14,4.967440813273378e-13,3.1451395738188326e-14,5.684341886080802e-14,4.557478518849194e-16,1.4677234730928815e-13,3.025280123434708e-14,8.476729510515933e-13,5.300586149384312,1.077225210834014,0.0
256,9024,9.834903599080292,2.9209424036204173e-13,5.510602641482747e-14,4.913734461277106e-13,3.1111353492334947e-14,5.684341886080802e-14,4.557478518849194e-16,1.4518716032018036e-13,2.992606157405061e-14,8.369672997745078e-13,5.300586149384312,1.0772252108340141,0.0
256,9028,9.83926304216499,2.8887011658199367e-13,5.4497768443127006e-14,4.860094813760475e-13,3.077173358648834e-14,5.684341886080802e-14,4.557478518849194e-16,1.43604353087578e-13,2.959981243054335e-14,8.306028939267045e-13,5.300586149384313,1.0772252108340141,0.0
256,9032,9.84362248524969,2.8574714785716923e-13,5.390859422035031e-14,4.80831130992829e-13,3.044386587090648e-14,5.684341886080802e-14,4.557478518849194e-16,1.4207693049072088e-13,2.9284979200233316e-14,8.220499943587671e-13,5.300586149384313,1.0772252108340143,0.0
256,9036,9.847981928334388,2.8259429038486707e-13,5.3313781234871643e-14,4.755668337355139e-13,3.011055642133868e-14,5.684341886080802e-14,4.557478518849194e-16,1.405228634164289e-13,2.8964653994802585e-14,8.137978202593677e-13,5.300586149384314,1.0772252108340146,0.0
256,9040,9.852341371419087,2.794449202816283e-13,5.271962617079357e-14,4.703193931282299e-13,2.977831425206848e-14,5.684341886080802e-14,4.557478518849194e-16,1.3897416172814814e-13,2.8645434705843984e-14,8.051018214762989e-13,5.300586149384314,1.0772252108340148,0.0
256,9044,9.856700814503785,2.7642286847265113e-13,5.2149490769951506e-14,4.653121210679922e-13,2.946127837573857e-14,5.684341886080802e-14,4.557478518849194e-16,1.374973328393304e-13,2.8341029879937673e-14,7.963402020875456e-13,5.300586149384314,1.0772252108340148,0.0
256,9048,9.861060257588484,2.7345000407062795e-13,5.1588634985658954e-14,4.603504703052535e-13,2.914713101592182e-14,5.684341886080802e-14,4.557478518849194e-16,1.3603268366333307e-13,2.8039135543492095e-14,7.875486989053386e-13,5.300586149384314,1.0772252108340148,0.0
256,9052,9.865419700673183,2.705253932197389e-13,5.1036882638189087e-14,4.555407464433732e-13,2.8842602921360146e-14,1.1368683772161603e-13,9.114957037698388e-16,1.3461540093055139e-13,2.7747004405755613e-14,7.799190303759698e-13,5.300586149384314,1.0772252108340148,0.0
256,9056,9.869779143757881,2.6764156374495554e-13,5.0492824039100324e-14,4.507540921161709e-13,2.8539535476440665e-14,1.1368683772161603e-13,9.114957037698388e-16,1.3320334020009004e-13,2.7455949630161855e-14,7.713893059256422e-13,5.300586149384314,1.0772252108340148,0.0
256,9060,9.87413858684258,2.647514155319864e-13,4.9947573357097017e-14,4.459259805652826e-13,2.823384316371225e-14,1.1368683772161603e-13,9.114957037698388e-16,1.317779510107179e-13,2.7162147584897885e-14,7.642454817221888e-13,5.300586149384314,1.0772252108340152,0.0
256,9064,9.878498029927279,2.6190619982553206e-13,4.9410799569016077e-14,4.411920681939875e-13,2.7934115080427053e-14,1.1368683772161603e-13,9.114957037698388e-16,1.3038104604013865e-13,2.6874216723308872e-14,7.567806034760617e-13,5.300586149384315,1.0772252108340152,0.0
256,9068,9.882857473011978,2.5909001547714997e-13,4.88795027899402e-14,4.3655068445600037e-13,2.764024545579829e-14,0.0,0.0,1.2901300854309826e-13,2.6592236042085018e-14,7.497114290420678e-13,5.300586149384316,1.0772252108340152,0.0
256,9072,9.887216916096676,2.5629626488164033e-13,4.8352438326355524e-14,4.319142829402621e-13,2.7346691281014817e-14,0.0,0.0,1.2764529680293686e-13,2.6310322506057738e-14,7.410736914610904e-13,5.300586149384316,1.0772252108340152,0.0
256,9076,9.891576359181375,2.5359126239544915e-13,4.7842116937370015e-14,4.2746624154381464e-13,2.7065063143955393e-14,1.1368683772161603e-13,9.114957037698388e-16,1.2633460545012297e-13,2.604016204529534e-14,7.348016844489594e-13,5.300586149384316,1.0772252108340152,0.0
256,9080,9.895935802266074,2.5077938125969515e-13,4.7311631995420604e-14,4.2279916594286707e-13,2.6769566836735745e-14,1.1368683772161603e-13,9.114957037698388e-16,1.2495782308071322e-13,2.57563788659139e-14,7.273594546850869e-13,5.300586149384316,1.0772252108340152,0.0
256,9084,9.900295245350772,2.480652930635079e-13,4.679959651109921e-14,4.1835335782446706e-13,2.6488080099874743e-14,1.1368683772161603e-13,9.114957037698388e-16,1.2364840175854087e-13,2.5486480184602905e-14,7.208313365171964e-13,5.300586149384316,1.0772252108340152,0.0
256,9088,9.904654688435471,2.4535555287041223e-13,4.6288381314000604e-14,4.138470151572746e-13,2.6202760612667086e-14,1.1368683772161603e-13,9.114957037698388e-16,1.2231872259867678e-13,2.5212405946054047e-14,7.132400080680711e-13,5.3005861493843165,1.0772252108340155,0.0
256,9092,9.90901413152017,2.427046038100952e-13,4.5788257556814824e-14,4.0949727334877005e-13,2.592735632277064e-14,0.0,0.0,1.2103732938308222e-13,2.494828443430406e-14,7.07658610493898e-13,5.3005861493843165,1.0772252108340155,0.0
256,9096,9.913373574604869,2.400168463865665e-13,4.528118959342724e-14,4.0505847208443433e-13,2.5646313225498592e-14,0.0,0.0,1.1972867268432838e-13,2.467854335761494e-14,7.012952935311758e-13,5.3005861493843165,1.0772252108340155,0.0
256,9100,9.917733017689567,2.3740531021885394e-13,4.4788501408741124e-14,4.007387839922238e-13,2.5372811789325212e-14,1.1368683772161603e-13,9.114957037698388e-16,1.1845489178026017e-13,2.4415990899925633e-14,6.938958438356203e-13,5.300586149384317,1.0772252108340155,0.0
256,9104,9.922092460774266,2.3486282339818664e-13,4.430883996206082e-14,3.965658654787219e-13,2.510860308209579e-14,1.1368683772161603e-13,9.114957037698388e-16,1.1722554462383705e-13,2.416259715203587e-14,6.874593853703325e-13,5.300586149384317,1.0772252108340155,0.0
256,9108,9.926451903858965,2.3237563754160306e-13,4.383961150571878e-14,3.9250257505465906e-13,2.4851335487110242e-14,1.1368683772161603e-13,9.114957037698388e-16,1.1602916707482631e-13,2.3915999118721138e-14,6.80961544905639e-13,5.300586149384317,1.0772252108340155,0.0
256,9112,9.930811346943663,2.2988536701458845e-13,4.3369801100448064e-14,3.8838871744431584e-13,2.4590866226222962e-14,0.0,0.0,1.1481626424822853e-13,2.366599488561913e-14,6.727600954504195e-13,5.300586149384317,1.0772252108340155,0.0
256,9116,9.935170790028362,2.2736926131896397e-13,4.289511667410085e-14,3.8418990850238746e-13,2.4325018264212498e-14,1.1368683772161603e-13,9.114957037698388e-16,1.135768133424629e-13,2.3410518547063044e-14,6.66475289704888e-13,5.3005861493843165,1.0772252108340155,0.0
256,9120,9.93953023311306,2.2501865631282982e-13,4.2451655339846866e-14,3.803544806851054e-13,2.4082177810463633e-14,1.1368683772161603e-13,9.114957037698388e-16,1.1244769281836995e-13,2.317778357067799e-14,6.614943654535069e-13,5.300586149384317,1.0772252108340155,0.0
256,9124,9.94388967619776,2.2271187069301258e-13,4.2016460900061156e-14,3.7659867709965276e-13,2.3844378772042605e-14,1.1368683772161603e-13,9.114957037698388e-16,1.1134230299584858e-13,2.2949939980245116e-14,6.539798638631016e-13,5.300586149384317,1.0772252108340155,0.0
256,9128,9.948249119282458,2.2039698774168586e-13,4.157973883082441e-14,3.727984353780089e-13,2.360376612907196e-14,1.1368683772161603e-13,9.114957037698388e-16,1.1022270768279393e-13,2.271916834587605e-14,6.499771769526628e-13,5.300586149384318,1.0772252108340155,0.0
256,9132,9.952608562367157,2.1803959989043615e-13,4.1134997855994016e-14,3.689324373940426e-13,2.3358990122497584e-14,1.1368683772161603e-13,9.114957037698388e-16,1.0908388186955006e-13,2.248443290967014e-14,6.438734190127168e-13,5.300586149384317,1.0772252108340155,0.0
256,9136,9.956968005451856,2.1578208623971378e-13,4.070909898611439e-14,3.652462062415667e-13,2.3125596068865048e-14,1.1368683772161603e-13,9.114957037698388e-16,1.0799857970314828e-13,2.2260729798550915e-14,6.377638541456894e-13,5.300586149384318,1.0772252108340155,0.0
256,9140,9.961327448536554,2.1351896785419787e-13,4.0282142736044054e-14,3.614978186670099e-13,2.2888266575834196e-14,1.1368683772161603e-13,9.114957037698388e-16,1.068930759617727e-13,2.203286272709783e-14,6.309204700590531e-13,5.300586149384318,1.0772252108340157,0.0
256,9144,9.965686891621253,2.1134045025257914e-13,3.987114713287444e-14,3.5793900576145177e-13,2.2662940019850286e-14,1.1368683772161603e-13,9.114957037698388e-16,1.0584522902329108e-13,2.181687990925066e-14,6.241039999760683e-13,5.300586149384318,1.0772252108340157,0.0
256,9148,9.970046334705952,2.0923706621977636e-13,3.9474326107138044e-14,3.5451048506879774e-13,2.2445862926927317e-14,1.1368683772161603e-13,9.114957037698388e-16,1.0483601362088138e-13,2.160885984599308e-14,6.203016685412157e-13,5.300586149384318,1.0772252108340157,0.0
256,9152,9.97440577779065,2.0712117313758508e-13,3.907514514439923e-14,3.5104718933605045e-13,2.2226584049244554e-14,1.1368683772161603e-13,9.114957037698388e-16,1.0381604403576424e-13,2.1398623124367277e-14,6.150538696385148e-13,5.300586149384318,1.0772252108340157,0.0
256,9156,9.97876522087535,2.0497175799325753e-13,3.866963996369818e-14,3.4754222969807616e-13,2.2004667217692686e-14,1.7053025658242404e-13,1.3672435556547582e-15,1.0278427374269906e-13,2.1185954033984543e-14,6.105475697155383e-13,5.300586149384318,1.0772252108340157,0.0
256,9160,9.983124663960048,2.0285974165783633e-13,3.827119038172761e-14,3.4411334269944467e-13,2.1787566932074138e-14,1.1368683772161603e-13,9.114957037698388e-16,1.0177543552442095e-13,2.0978011716138618e-14,6.042672796194137e-13,5.300586149384319,1.0772252108340157,0.0
256,9164,9.987484107044747,2.007930161392929e-13,3.788128529193231e-14,3.4068423174818345e-13,2.1570452466874898e-14,1.1368683772161603e-13,9.114957037698388e-16,1.0076387697291552e-13,2.0769508681632326e-14,6.014988063547707e-13,5.300586149384319,1.0772252108340157,0.0
256,9168,9.991843550129445,1.987724820485326e-13,3.7500094602107376e-14,3.37356907674272e-13,2.135978264687793e-14,1.1368683772161603e-13,9.114957037698388e-16,9.978322856127682e-14,2.0567376863057764e-14,5.958806630052102e-13,5.300586149384319,1.0772252108340157,0.0
256,9172,9.996202993214144,1.9681568284852587e-13,3.7130928033569665e-14,3.3416891761184483e-13,2.1157934772224066e-14,1.1368683772161603e-13,9.114957037698388e-16,9.884486226518741e-14,2.037396025862899e-14,5.910519403319718e-13,5.300586149384319,1.0772252108340157,0.0
256,9176,10.0,1.948926396400325e-13,3.676812981573167e-14,3.3102399474235286e-13,2.09588137007255e-14,1.1368683772161603e-13,9.114957037698388e-16,9.791874361687131e-14,2.0183068146452786e-14,5.851355670893016e-13,5.300586149384319,1.0772252108340157,0.0
