width,step,time,D_euc,e_euc,D_H,e_H,U_gap,e_U,D_pred,e_pred,grad_norm,theta_norm,max_abs_theta,nan_or_inf
64,0,0.0,4.369660171073197,1.0,7.268720328622986,1.0,26.417147607868543,1.0,4.289618473188806,1.0,13.297291666228949,0.0,0.0,0.0
64,4,0.004359443084698711,4.317303011219882,0.9880180247883084,7.163457530711117,0.9855183865724807,25.657561897150927,0.9712464902724256,4.226192149074224,0.9852139940857182,13.075329362736644,0.05760433046786991,0.01933594566670652,0.0
64,8,0.008718886169397422,4.265833231257844,0.9762391271287686,7.06018220976753,0.9713102018749754,24.923086417558963,0.9434435082664049,4.163971815994109,0.9707091299657485,12.857809223342063,0.11424791547624867,0.03837579237745432,0.0
64,12,0.013078329254096133,4.215232229590864,0.9646590500321663,6.958851843415891,0.957369595857625,24.212809489306352,0.9165565430725907,4.102931695456,0.9564793981330402,12.644635788804253,0.16994956464124858,0.05712471834562461,0.0
64,16,0.017437772338794844,4.165481825134372,0.9532736327436927,6.859424844304507,0.9436908471073315,23.525854597330962,0.8905524149141527,4.043046574444419,0.9425189209050819,12.435715680478665,0.22472768494499865,0.0755878030341253,0.0
64,20,0.021797215423493554,4.116564247976761,0.9420788086057789,6.761860539910811,0.9302683600693443,22.861378980601444,0.8653992217461061,3.984291793194262,0.9288219495736246,12.230957554889834,0.2786002896925472,0.09377002914625332,0.0
64,24,0.026156658508192265,4.068462130233606,0.9310706029650777,6.666119152779355,0.9170966623284857,22.21857227952586,0.8410662880540476,3.9266432332283396,0.9153828616159798,12.030272059314925,0.3315850072685487,0.11167628457494308,0.0
64,28,0.030516101592890976,4.0211584970909975,0.9202451311227237,6.572161781183391,0.9041704019486532,21.596655239023818,0.8175241157599882,3.8700773056529867,0.9021961579664818,11.833571788355082,0.38369908969814814,0.1293113643112921,0.0
64,32,0.03487554467758969,3.974636758034252,0.9095985963270168,6.479950380200357,0.8914843448692631,20.99487846492937,0.7947443371469785,3.814570939705841,0.8892564603467343,11.640771241471949,0.43495942101637797,0.14667997231323565,0.0
64,36,0.0392349877622884,3.9288806982583884,0.8991272878077032,6.389447743191808,0.8790333723573389,20.41252123148945,0.7726996697179157,3.7601015715500195,0.8765585086532985,11.451786781467286,0.485382525450292,0.1637867233352236,0.0
64,40,0.04359443084698711,3.8838744702568153,0.888827578851041,6.300617483678628,0.8668124785139781,19.848890337818403,0.7513638729075452,3.706647133309072,0.8640971584015101,11.2665365938841,0.5349845754179657,0.18063614471973302,0.0
64,44,0.04795387393168582,3.8396025855847697,0.8786959249148558,6.213424017602514,0.8548167678339619,19.303319011259873,0.7307117065701005,3.6541860423372134,0.8518673782241463,11.08494064730819,0.5837813993484057,0.19723267815143344,0.0
64,48,0.05231331701638453,3.796049906794133,0.8687288617828182,6.127832545965014,0.8430414528173069,18.77516585569404,0.7107188911683152,3.6026971907195,0.8398642474236958,10.906920654549443,0.6317884893263184,0.21358068137480238,0.0
64,52,0.05667276010108324,3.7532016395363184,0.8589230037571834,6.04380903783557,0.8314818516315832,18.26381384291146,0.6913620695926856,3.5521599349967183,0.8280829535770164,10.732400034682792,0.6790210085656088,0.22968442987597265,0.0
64,56,0.06103220318578195,3.7110433248300008,0.8492750418892555,5.9613202137202785,0.8201333858238584,17.768669345255006,0.6726187705429059,3.502554086109899,0.8165187901911889,10.561303875929058,0.7254937987153903,0.24554811852957517,0.0
64,60,0.06539164627048066,3.6695608314905344,0.8397817422468538,5.880333529283258,0.808991578081152,17.289161207806444,0.6544673734062317,3.453859899559502,0.8051671544094177,10.393558899356478,0.7712213870022077,0.2611758632113246,0.0
64,64,0.06975108935517937,3.6287403487179666,0.8304399442180742,5.800817159412737,0.7980520500383134,16.824739858468647,0.636887074570355,3.406058065774422,0.7940235447658437,10.229093423384063,0.8162179932120927,0.2765717023770792,0.0
64,68,0.07411053243987809,3.5885683788406366,0.8212465588506571,5.722739982624163,0.7873105201322694,16.374876454362592,0.6198578551109437,3.359129700686107,0.7830835589881739,10.067837329068421,0.8604975365159978,0.29173959860908966,0.0
64,72,0.0784699755245768,3.5490317302113867,0.8121985672262787,5.646071565792852,0.7767628015016043,15.939062063027265,0.6033604497966198,3.3130563365031835,0.7723428918470532,9.909722026156066,0.9040736421420693,0.30668344013013726,0.0
64,76,0.0828294186092755,3.5101175102535085,0.803293018869112,5.570782149208858,0.7664047999304725,15.51680687697204,0.5873763173564676,3.2678199126821093,0.7617973330511338,9.754680419883645,0.9469596478981531,0.32140704228624534,0.0
64,80,0.08718886169397422,3.4718131186535715,0.7945270301879991,5.496842631946961,0.7562325118358632,15.10763946019479,0.5718876119575782,3.223402767089479,0.7514427651868241,9.602646878508946,0.9891686105478492,0.3359141489986338,0.0
64,84,0.09154830477867293,3.4341062406983713,0.7858977829516084,5.4242245575448305,0.7462420222972612,14.711106025336207,0.5568771558423058,3.1797876273517267,0.7412751617017221,9.453557201555919,1.0307133120433594,0.35020843418557185,0.0
64,88,0.09590774786337164,3.3969848407532615,0.7774025227959445,5.352900099982597,0.736429503127777,14.326769740196866,0.5423284130770247,3.136957602388062,0.731290584930766,9.307348588757305,1.0716062656183025,0.36429350315477005,0.0
64,92,0.10026719094807035,3.3604371558792123,0.7690385577636081,5.282842049957273,0.7267912109858372,13.954210062398388,0.5282254643662597,3.0948961741225993,0.7214851841641579,9.163959609678944,1.1118597217436046,0.3781728939669383,0.0
64,96,0.10462663403276906,3.3244516895859655,0.7608032568742007,5.214023801445574,0.717323485526556,13.593022101020495,0.5145529828879675,3.053587189371737,0.7118551937561404,9.023330174010043,1.1514856739494985,0.39185007877112354,0.0
64,100,0.10898607711746777,3.2890172057187326,0.752694048725291,5.146419338548922,0.7080227475919244,13.242816004095175,0.501296211107618,3.013014851902918,0.7023969312737294,8.885401502504221,1.1904958645166124,0.4053284651124267,0.0
64,104,0.11334552020216648,3.254122722475898,0.7447084201233615,5.080003222614494,0.698885497438979,12.903216370886852,0.48844093853052983,2.973163714661057,0.6931067956845294,8.750116098556363,1.2289017900390464,0.41861139721268653,0.0
64,108,0.1177049632868652,3.2197575065552777,0.7368439147441754,5.014750579626425,0.6899083130051364,12.573861687931782,0.4759734803535929,2.934018672158936,0.6839812655827763,8.61741772040076,1.2667147068622897,0.4317021572247047,0.0
64,112,0.1220644063715639,3.1859110674264812,0.7290981318220028,4.9506370878613355,0.681087848209893,12.254403787854088,0.46388065697918207,2.895564953028044,0.675016897452781,8.487251353916278,1.303945636398759,0.4446039664605734,0.0
64,116,0.12642384945626262,3.1525731517270126,0.7214687248671638,4.887638965802573,0.6724208312921163,11.944507330015838,0.452149774355581,2.857788112726361,0.6662103239689625,8.359563186024698,1.3406053703236782,0.4573199865946564,0.0
64,120,0.13078329254096133,3.1197337377797543,0.7139534004113509,4.825732960307645,0.663904063182171,11.64384930209981,0.44076860510979626,2.8206740263997085,0.6575582523316771,8.234300578668643,1.3767044756539706,0.4698533208417603,0.0
64,124,0.13514273562566004,3.0873830302295437,0.706549916780205,4.764896335023503,0.6555344159081415,11.35211854176022,0.4297253704400284,2.784208881893367,0.6490574626380813,8.111412043355857,1.412253299712761,0.48220701511102254,0.0
64,128,0.13950217871035875,3.055511454796573,0.6992560828926276,4.705106859044441,0.647308831035434,11.069015277513529,0.41900872273646006,2.748379172910736,0.6407048062872716,7.990847216256904,1.4472619749820452,0.4943840591360316,0.0
64,132,0.14386162179505746,3.0241096531443956,0.6920697570863201,4.646342795807501,0.639224318139053,10.794250688076161,0.408607728900338,2.7131716923159046,0.6324972044189733,7.872556833843669,1.481740423846014,0.5063873875816823,0.0
64,136,0.14822106487975617,2.9931684778603502,0.6849888459690499,4.588582892220455,0.6312779533078738,10.52754647938913,0.3985118543325784,2.678573525577063,0.6244316463850621,7.756492709056323,1.5156983632274792,0.5182198811282597,0.0
64,140,0.15258050796445488,2.962678987546258,0.6780113032951527,4.531806368017464,0.6234668776802404,10.268634478601825,0.3887109475643478,2.644572044347777,0.6165051882532251,7.642607707986733,1.5491453091197813,0.5298843675332326,0.0
64,144,0.1569399510491536,2.932632442017276,0.6711351288667868,4.475992905337739,0.6157882960102398,10.017256244316897,0.37919522550319484,2.6111549001832164,0.6087149513420811,7.5308557270665775,1.5820905810165204,0.541383622671231,0.0
64,148,0.1612993941338523,2.9030202976068358,0.664358367459465,4.421122638522555,0.6082394752640193,9.773162692428343,0.3699552592694502,2.5783100183884873,0.6010581207870986,7.4211916707486765,1.6145433062413903,0.5527203715526651,0.0
64,152,0.165658837218551,2.873834202575612,0.6576791077713928,4.367176144126142,0.6008177432455262,9.536113736912242,0.3609819605986469,2.546025591996313,0.5935319441366669,7.313571429670393,1.646512424180353,0.5638972893214416,0.0
64,156,0.17001828030324972,2.845065992622522,0.6510954813961581,4.314134431136049,0.5935204872510668,9.30587794495679,0.3522665687867439,2.5142900758713496,0.5861337299776879,7.207951859288145,1.6780066904183382,0.5749170022322161,0.0
64,160,0.17437772338794844,2.81670768649577,0.6446056618183151,4.261978931398706,0.5863451527520954,9.082232205843212,0.3438006381558773,2.4830921809385065,0.5788608465900771,7.104290758972399,1.7090346807826087,0.5857820886076163,0.0
64,164,0.17873716647264715,2.788751481701992,0.6382078634314186,4.210691490245998,0.5792892421056579,8.864961413015038,0.3355760260193475,2.452420868532697,0.5717107206295721,7.00254685155273,1.7396047952948805,0.5964950797758557,0.0
64,168,0.18309660955734586,2.7611897503115825,0.6319003405780704,4.160254357318761,0.5723503132919265,8.653858158794861,0.32758488112536593,2.422265344867506,0.5646808358382623,6.902679763302817,1.7697252620342458,0.6070584609891566,0.0
64,172,0.18745605264204457,2.734015034858322,0.6256813866115457,4.1106501775832225,0.5655259786782799,8.448722441232476,0.3198196325600256,2.392615055620332,0.5577687317822733,6.804650004355456,1.7994041409129018,0.6174746723233824,0.0
64,176,0.19181549572674328,2.707220044331444,0.6195493329785747,4.061861982536491,0.5588139038093911,8.249361382587637,0.3122729790906912,2.3634596806315957,0.5509720026160398,6.7084189495379425,1.8286493273666387,0.6277461095592782,0.0
64,180,0.196174938811442,2.6807976502583184,0.6135025483228618,4.013873181597267,0.5522118062227978,8.055588958972905,0.3049378789318453,2.3347891287156943,0.5442882958726314,6.6139488196183995,1.8574685559620097,0.6378751250457076,0.0
64,184,0.2005343818961407,2.6547408828759536,0.6075394376089306,3.9666675536781044,0.5457174542894492,7.867225740701329,0.29780753991615727,2.3065935325814086,0.5377153112795924,6.521202662953835,1.8858694039220476,0.647864028545263,0.0
64,188,0.2048938249808394,2.6290429273895435,0.6016584412658903,3.920229238935528,0.5393286660787224,7.684098642902526,0.2908754100542543,2.2788632438595426,0.5312507995997804,6.430144337530992,1.9138592945723694,0.657715088062623,0.0
64,192,0.20925326806553812,2.6036971203163213,0.5958580343507235,3.8745427306945093,0.5330433082474254,7.50604068598885,0.2841351684673602,2.2515888282356076,0.5248925614966934,6.340738493391197,1.9414455007094522,0.6674305306560184,0.0
64,196,0.21361271115023683,2.578696945913005,0.5901367257307042,3.829592867543793,0.526859294952305,7.332890765571122,0.27758071667763884,2.224761060685434,0.5186384464237903,6.252950555430716,1.9686351478928419,0.6770125432321629,0.0
64,200,0.21797215423493554,2.554036032685146,0.5844930572845599,3.785364825598691,0.5207745867855952,7.164493431439894,0.2712061702417068,2.198370920811625,0.512486351537321,6.166746706568236,1.9954352176630041,0.6864632733249959,0.0
64,204,0.22233159731963426,2.5297081499767198,0.5789256031219971,3.7418441109280223,0.5147871897331469,7.000698675243356,0.26500585071335053,2.1724095882788204,0.5064342206321906,6.082093871271394,2.0218525506864955,0.6957848298585787,0.0
64,208,0.22669104040433297,2.5057072046383233,0.5734329688212154,3.6990165521419365,0.5088951541546918,6.84136172651003,0.2589742779221281,2.146868438345786,0.5004800431003954,5.998959699434406,2.0478938498300967,0.7049792838944756,0.0
64,212,0.23105048348903168,2.4820272377723747,0.568013790684044,3.6568682931374585,0.5030965737858055,6.686342856677044,0.2531061625550166,2.1217390374923806,0.4946218529115778,5.91731255059905,2.0735656831655107,0.7140486693639466,0.0
64,216,0.2354099265737304,2.4586624215537247,0.5626667350083364,3.615385785998619,0.49738958476113654,6.535507190800416,0.2473963990288553,2.097013139139505,0.48885772761525625,5.837121478511494,2.0988744869061953,0.7229949837852703,0.0
64,220,0.2397693696584291,2.435607056124129,0.5573904973772684,3.574555784048141,0.49177236465848706,6.388724526636025,0.2418400586418004,2.07268267946017,0.4831857873642977,5.758356216007582,2.1238265682778636,0.7318201889665092,0.0
64,224,0.2441288127431278,2.4128555665590414,0.5521838019651857,3.5343653350476814,0.4862431315633305,6.245869160793347,0.2364323829925139,2.048739773279866,0.4776041939592074,5.680987160219412,2.148428108324155,0.7405262116940228,0.0
64,228,0.24848825582782652,2.390402499905231,0.5470454008596608,3.4948017745437165,0.48080014315336644,6.106819721676956,0.23116877765629756,2.025176710064453,0.47211114991282244,5.604985358096213,2.1726851646489425,0.7491149444070256,0.0
64,232,0.25284769891252523,2.368242522287722,0.5419740733994143,3.455852719356196,0.47544169580271717,5.971459008940812,0.22604480610776345,2.0019859499938297,0.4667048975350011,5.530322492232668,2.196603674096711,0.7575882458584859,0.0
64,236,0.25720714199722394,2.346370416084616,0.5369686255277702,3.417506061207165,0.47016612370537997,5.839673839193864,0.22105618388014284,1.9791601201196691,0.4613837180369111,5.456970866998039,2.220189455372414,0.7659479417626469,0.0
64,240,0.26156658508192265,2.324781077168348,0.5320278891613159,3.3797499604865977,0.464971798017557,5.711354897704581,0.21619877295167975,1.956692010605562,0.4561459306545277,5.3849033949595855,2.243448211602174,0.7741958254294539,0.0
64,244,0.26592602816662136,2.3034695122119686,0.5271507215734427,3.342572840152752,0.4598571260184916,5.586396595863391,0.2114685763499857,1.9345745710479199,0.45098989179095933,5.314093583593935,2.266385532836176,0.7823336583861601,0.0
64,248,0.2702854712513201,2.2824308360590626,0.5223360047924489,3.305963379764394,0.4548205502894467,5.464696934171613,0.20686173296559515,1.9128009068760383,0.4459139941772269,5.244515522280209,2.2890068984950647,0.7903631709863784,0.0
64,252,0.2746449143360188,2.261660269155945,0.5175826450138975,3.2699105096423042,0.4498605479104695,5.346157370534598,0.20237451256630773,1.8913642758297546,0.4409166660511318,5.176143869568883,2.3113176797611206,0.7982860630068416,0.0
64,256,0.2790043574207175,2.2411531350447818,0.5128895720269135,3.234403405157519,0.4449756296745918,5.2306826936472675,0.19800331100429897,1.8702580845131538,0.4359963703538524,5.108953840720466,2.333323141915486,0.8061040042321299,0.0
64,260,0.2833638005054162,2.220904857916326,0.5082557386541269,3.199431481143811,0.44016433931912247,5.1181809012670385,0.19374464560823934,1.8494758850228163,0.43115160394391844,5.042921195508268,2.35502844662265,0.8138186350276144,0.0
64,264,0.2877232435901149,2.2009109602209658,0.5036801202049581,3.1649843864319687,0.4354252527736963,5.008563083179084,0.18959515075303762,1.8290113716491327,0.4263808968282176,4.978022226279627,2.3764386541634055,0.821431566900863,0.0
64,268,0.29208268667481363,2.1811670603368154,0.4991617139419601,3.1310519985034593,0.4307569774247481,4.901743308666255,0.1855515736001049,1.8088583776492282,0.4216828114096971,4.9142337462701375,2.3975587256174435,0.8289443830517509,0.0
64,272,0.29644212975951234,2.1616688702935942,0.49469953855992516,3.0976244182611277,0.4261581513960867,4.797638518303813,0.18161077000133055,1.7890108720900813,0.41705594175142824,4.851533078165515,2.4183935249967345,0.8363586389115082,0.0
64,276,0.30080157284421105,2.142412193551063,0.4902926336774794,3.064691964914615,0.42162744284525283,4.696168419906101,0.17776970056022676,1.7694629567604379,0.41249891285670887,4.7898980429058815,2.4389478213308196,0.843675862670939,0.0
64,280,0.30516101592890976,2.123392922830811,0.48594005934088497,3.0322451709782214,0.41716354927534566,4.597255388460368,0.17402542684400346,1.7502088631501544,0.40801037996488493,4.729306948727384,2.4592262907051023,0.8508975557980336,0.0
64,284,0.3095204590136085,2.1046070380002075,0.48164089553978107,3.0002747773789817,0.4127651968620129,4.500824369888264,0.17037510774053669,1.7312429494956274,0.4035890278625782,4.669738580436168,2.4792335182532192,0.8580251935451977,0.0
64,288,0.3138799020983072,2.08605060400735,0.4773942417345951,2.96877172867277,0.40843113979530227,4.406802788483333,0.16681599595448882,1.7125596978899922,0.39923357021001304,4.611172188909836,2.4989740001045324,0.8650602254463117,0.0
64,292,0.3182393451830059,2.067719768865869,0.473199216395364,2.9377271683662745,0.40416015963607843,4.315120457878663,0.16334543463706025,1.6941537114568017,0.3949427488821414,4.553587480821663,2.5184521452877693,0.8720040758038339,0.0
64,296,0.3225987882677046,2.0496107616884593,0.46905495655170615,2.907132434342731,0.3999510646867148,4.225709495403748,0.1599608541440367,1.6760197115859083,0.3907153333242695,4.496964608582918,2.537672277591814,0.8788581441661543,0.0
64,300,0.3269582313524033,2.0317198907680423,0.4649606173536941,2.8769790543893445,0.39580268937577495,4.138504239697511,0.15665976891709638,1.6581525352303161,0.38655011992189664,4.441284160498785,2.556638637384623,0.8856238057953985,0.0
64,304,0.331317674437102,2.014043541705476,0.46091537164337953,2.8472587418243527,0.39171389365640213,4.053441171447602,0.15343977448345916,1.64054713226277,0.3824459313844814,4.386527151133434,2.575355383391227,0.8923024121258846,0.0
64,308,0.33567711752180074,1.9965781755827432,0.45691840953672597,2.8179633912217312,0.3876835624181426,3.970458837132938,0.15029854456922168,1.6231985628908894,0.3784016161428548,4.332675011879942,2.5938265944317553,0.8988952912134236,0.0
64,312,0.34003656060649945,1.979320327180589,0.452968938015714,2.7890850742315783,0.3837106049119313,3.889497775650682,0.14723382832188006,1.6061019951296638,0.3744160477600059,4.279709581730833,2.6120562711203914,0.9054037481756534,0.0
64,316,0.34439600369119816,1.9622666032395746,0.4490661805303816,2.760616035494233,0.3797939541879739,3.810500447713949,0.14424344763773675,1.5892527023301566,0.3704881243549713,4.227613098245102,2.6300483375261567,0.9118290656235946,0.0
64,320,0.34875544677589687,1.9454136807635505,0.4452093766105736,2.7325486886462427,0.375932566546264,3.7334111679111572,0.14132529459006138,1.572646060763279,0.3666167680395616,4.176368188707704,2.6478066427963958,0.9181725040846066,0.0
64,324,0.3531148898605956,1.9287583053645656,0.441397781487172,2.704875612416295,0.3721254209994783,3.6581760393222,0.13847732895403836,1.5562775472575212,0.3628009243676674,4.1259578614775485,2.6653349627438225,0.9244353024169248,0.0
64,328,0.3574743329452943,1.9122972896482493,0.4376306657225899,2.677589546809301,0.36837151874799867,3.5847428905912153,0.13569757582470687,1.5401427368895404,0.359039561796887,4.076365497520153,2.682637001397947,0.9306186782159517,0.0
64,332,0.361833776029993,1.8960275116387173,0.43390731485031003,2.6506833893768076,0.36466988266681094,3.513061215359059,0.1329841233242255,1.5242373007265348,0.35533167116222597,4.027574842121159,2.6997163925217156,0.9367238282124721,0.0
64,336,0.3661932191146917,1.8799459132420837,0.4302270290232582,2.6241501915719816,0.36101955680403935,3.4430821139636407,0.13033512039498515,1.5085570036193454,0.35167626516162354,3.979569996777075,2.7165767010941497,0.9427519286629604,0.0
64,340,0.3705526621993904,1.8640494987476628,0.42658912267080223,2.5979831551874137,0.3574196058908743,3.3747582373187726,0.12774877467518772,1.4930977020452423,0.3480723778530604,3.9323354112595656,2.733221424759769,0.9487041357321432,0.0
64,344,0.37491210528408914,1.8483353333659773,0.4229929241641742,2.572175628874049,0.35386911486266137,3.3080437328868157,0.12522335045368374,1.477855341999386,0.34451906416301437,3.8858558758498196,2.749653995245557,0.9545815858679749,0.0
64,348,0.37927154836878785,1.8328005418027002,0.41943777549011574,2.5467211047395417,0.3503671883909175,3.2428941926629022,0.12275716670095685,1.4628259569339517,0.3410153994060268,3.8401165137394964,2.7658777797462144,0.9603853961691871,0.0
64,352,0.38363099145348656,1.8174423068676768,0.41592303193255176,2.5216132150244017,0.3469129504260492,3.1792666030928416,0.12034859517330605,1.448005665743937,0.33756047881515255,3.795102773594894,2.7818960822784256,0.9661166647455594,0.0
64,356,0.38799043453818527,1.802257868118191,0.4124480617621011,2.4968457288542973,0.34350554375054754,3.117119296848969,0.11799605858735907,1.4333906707986912,0.33415341708306767,3.7508004222810234,2.797712145004857,0.9717764710710676,0.0
64,360,0.392349877622884,1.7872445205356577,0.40901224593323626,2.472412549066932,0.3401441295424439,3.05641190639183,0.11569802886218704,1.418977256018208,0.3307933479136134,3.7071955377423396,2.8133291495285673,0.9773658763300506,0.0
64,364,0.3967093207075827,1.7723996132349402,0.40561497778891015,2.4483077091119165,0.3368278869488068,2.997105319248419,0.11345302542639801,1.4047617849932545,0.32747942358355847,3.6642745020369722,2.8287502181585222,0.9828859237565427,0.0
64,368,0.4010687637922814,1.7577205482055067,0.40225566277246844,2.4245253700221054,0.3335560126690714,2.9391616349404046,0.1112596135876893,1.3907406991484208,0.3242108145143676,3.6220239945213284,2.8439784151468714,0.988337638966912,0.0
64,372,0.4054282068769801,1.7432047790836611,0.3989337181466738,2.401059817454882,0.330327720547992,2.882544123498249,0.1091164029624327,1.3769105159471882,0.3209867088537652,3.58043098518204,2.859016747898632,0.9937220302859406,0.0
64,376,0.4097876499616788,1.7288498099550937,0.3956485727196687,2.3779054588019144,0.32714224117801405,2.8272171854999755,0.10702204596297399,1.3632678271381333,0.3178063120668889,3.5394827281122825,2.8738681681544205,0.9990400890664829,0.0
64,380,0.41414709304637753,1.7146531941870164,0.3923996665777088,2.3550568203659106,0.3239988215108644,2.773146313575978,0.10497523634042821,1.3498092970414017,0.3146688465368305,3.499166755129508,2.888535573146843,1.0042927900028336,0.0
64,384,0.41850653613107625,1.7006125332891653,0.3891864508245023,2.3325085446029505,0.3208967244781627,2.7202980553228855,0.10297470778081372,1.3365316608745945,0.31157355117436514,3.4594708695317804,2.9030218067311564,1.0094810914379337,0.0
64,388,0.42286597921577496,1.6867254758029648,0.3860083873269948,2.310255387428985,0.3178352286208608,2.668639977572326,0.10101923255247482,1.3234317231172366,0.3085196810366744,3.4203831399898665,2.917329660490785,1.014605935664543,0.0
64,392,0.42722542230047367,1.6729897162181655,0.3828649484674402,2.2882922155891166,0.3148136277273196,2.6181406319628735,0.09910762020283526,1.3105063559129995,0.3055065069548711,3.3818918945723624,2.9314618748182726,1.0196682492204985,0.0
64,396,0.4315848653851724,1.659402993916281,0.3797556169016064,2.2666140040883063,0.31183123047983635,2.568769521764608,0.0972387163025686,1.2977524975088737,0.3025333151701376,3.343985714901147,2.945421139972236,1.024668943178186,0.0
64,400,0.4359443084698711,1.6459630921401693,0.3766798853229627,2.245215833682178,0.30888736010944035,2.5204970699085862,0.0954114012353793,1.2851671507304976,0.2995994069782931,3.3066534304345288,2.9592100971108675,1.0296089134283368,0.0
64,404,0.4403037515545698,1.6326678369891097,0.3736372562327023,2.2240928884266027,0.30598135405877463,2.4732945881748947,0.09362458903164116,1.272747381492865,0.29670409838260814,3.26988411287549,2.972831339302523,1.0344890409582705,0.0
64,408,0.4446631946392685,1.6195150964387488,0.3706272417154565,2.203240453284788,0.3031125636528897,2.427134247495289,0.09187722624422741,1.2604903173456472,0.2938467197546888,3.2336670707025053,2.986287412513936,1.039310192124696,0.0
64,412,0.4490226377239672,1.6065027793853026,0.36764936322055963,2.182653911790604,0.30028035377777346,2.3819890493274016,0.0901682908649043,1.2483931460523774,0.29102661550325476,3.197991843820421,2.9995808165765423,1.0440732189211797,0.0
64,416,0.45338208080866593,1.593628834713406,0.3647031513487255,2.1623287437669125,0.2974841025664489,2.3378327980602904,0.08849679127976517,1.2364531142027648,0.28824314375064064,3.1628481983289785,3.0127140061314566,1.0487789592403935,0.0
64,420,0.45774152389336464,1.580891250387032,0.36178814564400374,2.1422605230976823,0.29472320109247074,2.29464007441139,0.08686176526219336,1.2246675258574125,0.28549567601685144,3.1282261214065694,3.0256893915535534,1.053428237131247,0.0
64,424,0.46210096697806335,1.568288052562898,0.35890389439088194,2.1224449155526988,0.2919970530706583,2.252386209777754,0.08526227900194887,1.2130337412242311,0.28278359691100663,3.0941158163068847,3.03850933985516,1.0580218630510072,0.0
64,428,0.46646041006276207,1.5558173047258028,0.3560499544164074,2.1028776766637,0.2893050745649031,2.211047261505257,0.08369742616900397,1.2015491753658525,0.28010630383001117,3.0605076974661487,3.0511761755698106,1.0625606341125116,0.0
64,432,0.4708198531474608,1.5434771068453468,0.35322589089720124,2.0835546496507877,0.2866466937028934,2.17059998904071,0.08216632701080039,1.1902112969373588,0.27746320666429397,3.0273923857186764,3.0636921816165334,1.0670453343265691,0.0
64,436,0.4751792962321595,1.5312655945534952,0.3504312771712436,2.0644717633979917,0.2840213503976006,2.13102183093379,0.08066812748167593,1.1790176269536576,0.2748537275104567,2.9947607036185433,3.0760596001451055,1.0714767348396539,0.0
64,440,0.4795387393168582,1.519180938342468,0.34766569455430996,2.0456250304768777,0.28142849607537573,2.0922908826567834,0.07920199840324847,1.1679657375858474,0.27227730039068204,2.962603670865181,3.088280633362722,1.0758555941669792,0.0
64,444,0.4838981824015569,1.5072213427824428,0.344928732160942,2.0270105452171254,0.27886759341050754,2.0543858752106985,0.07776713465456749,1.1570532509859226,0.269733370978747,2.9309124998307756,3.100357444342497,1.0801826584210539,0.0
64,448,0.4882576254862556,1.49538504575857,0.3422199867298377,2.008624481822997,0.27633811606609415,2.017286154489355,0.07636275439095822,1.1462778381391923,0.2672213963324983,2.8996785911873624,3.1122921578142204,1.0844586615358065,0.0
64,452,0.49261706857095433,1.4836703177268198,0.33953906245355175,1.9904630925346756,0.27383954844108804,1.9809716613713562,0.07498809829041911,1.1356372177437886,0.26474084463264197,2.868893529631572,3.1240868609377714,1.0886843254863714,0.0
64,456,0.49697651165565304,1.4720754609881783,0.33688557081239423,1.972522705833436,0.2713713854233704,1.9454229125142177,0.07364242882659894,1.1251291551166527,0.26229119492770575,2.8385490797049986,3.135743604059593,1.0928603605046225,0.0
64,460,0.5013359547403518,1.4605988089807376,0.33425913041242555,1.9547997246896547,0.2689331321487202,1.910620981823385,0.07232502956732136,1.1147514611254101,0.25987193688503696,2.8086371817082196,3.1472644014526048,1.0969874652905407,0.0
64,464,0.5056953978250505,1.4492387255892165,0.3316593668274393,1.9372906248526733,0.2665243037655407,1.876547482571027,0.071035204497706,1.10450199114554,0.25748257054769674,2.779149947706514,3.1586512320399476,1.1010663272195023,0.0
64,468,0.5100548409097492,1.4379936044714825,0.3290859124448363,1.919991953181558,0.264144425205212,1.8431845501409612,0.06977227736699154,1.0943786440422747,0.25512260609711945,2.7500796576253874,3.169906040102917,1.1050976225455669,0.0
64,472,0.5144142839944479,1.426861868401633,0.3265384063152886,1.9029003260158075,0.2617930309579403,1.8105148253755345,0.0685355910581451,1.0843793611766563,0.2527915636214036,2.7214187554340055,3.1810307359734598,1.1090820166008502,0.0
64,476,0.5187737270791466,1.4158419686292227,0.3240164940060978,1.8860124275850911,0.2594696648539764,1.7785214385027075,0.06732450697943489,1.07450212543521,0.25048897288910854,2.6931598454147365,3.192027196711571,1.1130201639910549,0.0
64,480,0.5231331701638453,1.4049323842542216,0.32151982745815394,1.8693250084571071,0.257173879850078,1.74718799362158,0.06613840447714223,1.0647449602826857,0.2482143731284284,2.6652956885169536,3.202897266767956,1.1169127087872446,0.0
64,484,0.527492613248544,1.394131621617307,0.31904806484640325,1.8528348840226772,0.254905237821096,1.7164985537256712,0.06497668026862974,1.0551059288373417,0.24596731281162157,2.637819198793371,3.213642758632278,1.1207602847139313,0.0
64,488,0.5318520563332427,1.383438213705097,0.31660087044373564,1.8365389330172084,0.2526633093565631,1.6864376262440146,0.06383874789501107,1.0455831329682512,0.24374734944457382,2.610723439917137,3.224265453467332,1.1245635153335514,0.0
64,492,0.5362114994179414,1.3728507195699458,0.314177914488204,1.8204340960776748,0.25044767356216946,1.656990149081068,0.06272403719270286,1.036174712414125,0.24155404936137734,2.584001621778023,3.23476710172946,1.1283230142274057,0.0
64,496,0.5405709425026402,1.3623677237639273,0.3117788730534913,1.8045173743342786,0.24825791786600948,1.6281414771371487,0.06163199378316661,1.0268788439231478,0.23938698752380863,2.5576470971559835,3.245149423775522,1.132039385173133,0.0
64,500,0.5449303855873389,1.3519878357866468,0.3094034279225416,1.7887858280359838,0.24609363782948826,1.5998773692911925,0.06056207858015137,1.0176937404133468,0.23724574732559284,2.5316533584704906,3.255414110456735,1.1357132223187856,0.0
64,504,0.5492898286720376,1.3417096895465268,0.3070512664642753,1.7732365752091197,0.24395443696277808,1.572183975829688,0.05951376731382617,1.0086176501530093,0.23512992040134179,2.5060140346040063,3.265562823699675,1.1393451103535783,0.0
64,508,0.5536492717567363,1.3315319428352215,0.3047220815133079,1.7578667903482716,0.24183992654471667,1.5450478263046676,0.05848655007115392,0.9996488559606844,0.2330391064400578,2.480722887798014,3.275597197074736,1.1429356246753748,0.0
64,512,0.558008714841435,1.3214532768148246,0.30241557125259766,1.7426737031386987,0.23974972544704268,1.5184558178055596,0.05747993085193181,0.9907856744243102,0.23097291300309566,2.455773810620062,3.28551883635233,1.146485331554979,0.0
64,516,0.5623681579261337,1.3114723955175447,0.3001314390989459,1.7276545972095234,0.23768345996286486,1.4923952036295844,0.056493427139918145,0.9820264551390188,0.22893095534647917,2.4311608230002957,3.295329320047114,1.1499947882972956,0.0
64,520,0.5667276010108324,1.3015880253575267,0.2978693935912765,1.712806808916967,0.23564076363926464,1.4668535823361566,0.05552656948849555,0.9733695799631773,0.2269128562474686,2.4068780693359773,3.305030199950505,1.1534645433994197,0.0
64,524,0.5710870440955311,1.2917989146545066,0.29562914828162445,1.698127726156909,0.23362127711393305,1.4418188871714221,0.05457890112034525,0.9648134622922392,0.2249182458352802,2.382919815662532,3.3146230016517646,1.1568951367057205,0.0
64,528,0.5754464871802298,1.282103833169002,0.2934104216287636,1.683614787206072,0.2316246479557458,1.4172793758494748,0.05364997754062319,0.9563565463499822,0.22294676142585898,2.359280446889679,3.324109225047899,1.1602870995599794,0.0
64,532,0.5798059302649285,1.2725015716487365,0.2912129368944056,1.6692654795911446,0.22965053050918202,1.3932236206773325,0.052739366163148914,0.9479973064967222,0.2209980473606088,2.3359544641012406,3.333490344842635,1.1636409549546374,0.0
64,536,0.5841653733496273,1.262990941386015,0.2890364220419049,1.6550773389851738,0.22769858574249452,1.3696404990111262,0.05184664594913224,0.9397342465541006,0.2190717548489862,2.312936481917237,3.3427678110347245,1.1669572176772127,0.0
64,540,0.588524816434326,1.2535707737857622,0.2868806096374041,1.6410479481305646,0.22576848109954054,1.3465191840317772,0.0509714070579939,0.9315658991460515,0.21716754181486594,2.2902212259169055,3.3519430493958113,1.170236394453949,0.0
64,544,0.5928842595190247,1.2442399199439615,0.2847452367533592,1.6271749357880536,0.22385989035518605,1.323849135828425,0.05011325050983577,0.923490825055561,0.21528507274658826,2.267803530121331,3.3610174619381006,1.1734789840907376,0.0
64,548,0.5972437026037234,1.2349972502362132,0.28263004487438104,1.6134559757110214,0.22197249347419598,1.3016200927788049,0.049271787859152046,0.9155076125968448,0.21342401855060011,2.2456783345343543,3.369992427372066,1.176685477611384,0.0
64,552,0.6016031456884221,1.225841653916168,0.2805347798053364,1.5998887856445354,0.2201059764735266,1.2798220632155761,0.04844664087936472,0.907614877002572,0.21158405640860445,2.22384068274049,3.3788693015544142,1.1798563583932573,0.0
64,556,0.6059625887731208,1.2167720387235685,0.2784591915816481,1.5864711263485194,0.2182600312879374,1.2584453173687677,0.04763744125781129,0.8998112598257774,0.20976486963813307,2.202285719558602,3.387649417926531,1.1829921023003847,0.0
64,560,0.6103220318578195,1.2077873305016626,0.2764030343817395,1.5732008006444662,0.21643435563884178,1.237480379574194,0.04684383030080058,0.8920954283561053,0.20796614755646126,2.1810086887500812,3.396334087943621,1.1860931778140358,0.0
64,564,0.6146814749425182,1.1988864728237405,0.27436606644156764,1.560075652485121,0.21462865290631805,1.216918020738433,0.046065458648380526,0.8844660750500462,0.2061875853477836,2.1600049307803455,3.4049246014947605,1.1891600461608505,0.0
64,568,0.619040918027217,1.1900684266285686,0.27234804997119155,1.547093566046571,0.21284263200420292,1.196749251051358,0.04530198599847689,0.8769219169748214,0.20442888393357211,2.1392698806324537,3.4134222273140526,1.1921931614385577,0.0
64,572,0.6234003611119157,1.1813321698644856,0.2703487510733239,1.5342524648421998,0.21107600725819292,1.1769653129371846,0.04455308084006075,0.8694616952655932,0.2026897498460405,2.1187990656716793,3.421828213383104,1.1951929707393312,0.0
64,576,0.6277598041966144,1.1726766971419433,0.2683679396638141,1.5215503108579675,0.20932849828688013,1.1575576742360028,0.043818420195040876,0.8620841745956734,0.2009698951046384,2.098588103559905,3.4301437873250036,1.198159914270834,0.0
64,580,0.6321192472813131,1.164101019394274,0.26640538939401515,1.5089851037084956,0.2075998298856497,1.1385180216070836,0.04309768936855119,0.8547881426594158,0.19926903709550314,2.0786327002187157,3.4383701567900053,1.2010944254749918,0.0
64,584,0.6364786903660118,1.155604163546473,0.26446087757498415,1.4965548798134465,0.20588973191336962,1.119838254146714,0.04239058170735897,0.8475724096674888,0.1975868984537971,2.058928647840109,3.446508509833095,1.2039969311445442,0.0
64,588,0.6408381334507105,1.1471851721917918,0.26253418510347015,1.4842577115937006,0.20419793918180423,1.101510477212699,0.04169679836609634,0.8404358078542206,0.19592320694885934,2.0394718229437236,3.4545600152836298,1.2068678515374176,0.0
64,592,0.6451975765354092,1.1388431032759436,0.26062509638964476,1.4720917066868384,0.20252419134768349,1.0835269964480716,0.041016048081032604,0.8333771909967296,0.19427769537210512,2.020258184479567,3.462525823107221,1.2097076004889586,0.0
64,596,0.6495570196201079,1.130577029788724,0.258733399286529,1.4600550071814613,0.20086823280736402,1.0658803119978302,0.04034804695115342,0.8263954339455479,0.19265010142760414,2.0012837719751815,3.4704070647600433,1.212516585522077,0.0
64,600,0.6539164627048066,1.122386039462857,0.25685888502107407,1.4481457888698765,0.19922981259401665,1.0485631129107702,0.03969251822624665,0.8194894321664609,0.19104016762527384,1.9825447037262591,3.478204853535736,1.2152952079553343,0.0
64,604,0.6582759057895053,1.1142692344798852,0.2550013481268541,1.436362260518701,0.19760868427727923,1.0315682717211985,0.03904919210179748,0.8126581012932855,0.1894476411766228,1.9640371750297092,3.4859202849050557,1.218043863009021,0.0
64,608,0.662635348874204,1.1062257311829202,0.25316058637832906,1.424702663156936,0.1960046058653129,1.0148888392032234,0.038417805520416265,0.805900376691322,0.18787227389298183,1.9457574564582039,3.4935544368484597,1.2207629399092597,0.0
64,612,0.6669947919589028,1.0982546597960814,0.2513364007266377,1.4131652693810832,0.1944173397092028,0.9985180392924633,0.03779810197960386,0.7992152130312175,0.186313822086163,1.9277018921752636,3.501108370181759,1.2234528219901768,0.0
64,616,0.6713542350436015,1.0903551641504505,0.2495285952368825,1.4017483826768808,0.19284665240964546,0.9824492641686362,0.03718983134560699,0.7926015838729837,0.18477204647148526,1.909866898289943,3.5085831288750122,1.2261138867941792,0.0
64,620,0.6757136781283002,1.0825264014163762,0.24773697702686698,1.3904503367572416,0.19129231472586508,0.9666760694941559,0.036592749673179104,0.7860584812599228,0.18324671207310997,1.892248961250208,3.5159797403648,1.2287465061703697,0.0
64,624,0.6800731212129989,1.0747675418419689,0.2459613562072503,1.3792694949160023,0.18975410148670507,0.9511921698029226,0.03600661903102676,0.7795849153222141,0.1817375881316289,1.874844636274122,3.523299215860033,1.231351046371144,0.0
64,628,0.6844325642976976,1.0670777684976265,0.24420154582308173,1.3682042493970787,0.18823179150383912,0.9359914340341078,0.035431207332744574,0.7731799138899281,0.18024444801384948,1.857650545817952,3.5305425506414387,1.2339278681469992,0.0
64,632,0.6887920073823963,1.0594562770264369,0.24245736179668,1.3572530207786535,0.18672516748705018,0.9210678812063975,0.0348662881730672,0.7668425221152312,0.1787670691247228,1.8406633780803474,3.5377107243548624,1.236477326839596,0.0
64,636,0.693151450467095,1.051902275400312,0.24072862287182456,1.34641425737202,0.18523401596152617,0.9064156762273257,0.03431164066923497,0.760571802103559,0.17730523282136254,1.8238798855417653,3.5448047012985264,1.2389997724730994,0.0
64,640,0.6975108935517937,1.044414983681705,0.23901515055922407,1.335686434634714,0.18375812718712092,0.8920291258336164,0.03376704930731882,0.7543668325535332,0.17585872432910188,1.8072968835382979,3.5518254307043766,1.2414955498438385,0.0
64,644,0.7018703366364925,1.036993633790767,0.23731676908323043,1.3250680545975835,0.18229729507953285,0.8779026746575056,0.033232303793313996,0.7482267084054082,0.1744273326595391,1.7909112488691261,3.5587738470136534,1.2439649986083183,0.0
64,648,0.7062297797211912,1.029637469277813,0.2356333053297671,1.314557645305445,0.18085131713335295,0.8640309014155036,0.032707198908868786,0.7421505404978362,0.1730108505305224,1.7747199184367954,3.565650870146807,1.2464084533696116,0.0
64,652,0.7105892228058899,1.0223457451009539,0.2339645887954403,1.3041537602709887,0.17941999434693515,0.8504085152144825,0.03219153437145432,0.7361374552327465,0.171609074288026,1.7587198879195547,3.5724574057678904,1.2488262437621662,0.0
64,656,0.7149486658905886,1.0151177274087728,0.23231045153780414,1.293854977941605,0.17800313114904476,0.837030351972146,0.0316851146988644,0.7301865942481345,0.1702218038298707,1.7429082104750078,3.579194345543549,1.251218694535057,0.0
64,660,0.7193081089752873,1.0079526933279108,0.23067072812674944,1.2836599011788032,0.1766005353272389,0.8238913709471802,0.031187749077867064,0.7242971140985686,0.1688488425312432,1.7272819954743335,3.5858625673967244,1.2535861256337126,0.0
64,664,0.723667552059986,1.000849930755444,0.22904525559698918,1.2735671567499187,0.1752120179579379,0.8109866513760409,0.03069925123689291,0.7184681859432236,0.16748999717197002,1.7118384072663633,3.5924629357551914,1.2559288522801497,0.0
64,668,0.7280269951446847,0.993808738155928,0.22743387340161206,1.2635753948317907,0.1738373933381431,0.7983113892121594,0.030219439322600312,0.7126989952412501,0.16614507786550203,1.6965746639708121,3.598996301795044,1.2582471850517372,0.0
64,672,0.7323864382293834,0.986828424362996,0.22583642336667775,1.2536832885261193,0.17247647891876203,0.7858608939648519,0.029748135780214874,0.7069887414543038,0.16481389798956741,1.681488036299962,3.6054635036792386,1.2605414299585278,0.0
64,676,0.7367458813140821,0.9799083083853926,0.22425274964682784,1.2438895333862092,0.1711290952394995,0.7736305856338959,0.029285167237490254,0.7013366377560515,0.16349627411845175,1.6665758464081426,3.6118653667913017,1.2628118885191777,0.0
64,680,0.7411053243987809,0.9730477192173342,0.2226826986818867,1.2341928469548118,0.16979506586527618,0.7616159917372158,0.028830364392193608,0.6957419107484869,0.1621920259568651,1.6518354667683415,3.618202703964314,1.2650588578354847,0.0
64,684,0.7454647674834796,0.9662459956530882,0.2211261191544276,1.2245919683127908,0.16847421732413553,0.749812744428084,0.028383561902979516,0.690203800184881,0.16090097627535602,1.6372643190752887,3.624476315705271,1.2672826306655722,0.0
64,688,0.7498242105681783,0.9595024861056642,0.2195828619482802,1.2150856576383462,0.16716637904660403,0.7382165776992053,0.027944598283552842,0.6847215586992069,0.15962295084723474,1.622859873174412,3.6306869904149206,1.2694834954957435,0.0
64,692,0.754183653652877,0.9528165484295166,0.21805278010795584,1.2056726957765225,0.16587138330646567,0.7268233246705194,0.027513315800000666,0.6792944515418775,0.1583577783869681,1.608619646016021,3.63683550460318,1.2716617366110323,0.0
64,696,0.7585430967375757,0.946187549747156,0.21653572879896757,1.196351883818752,0.16458906516291752,0.7156289149583301,0.027089560371202786,0.6739217563216371,0.15710529049000918,1.5945412006341337,3.642922623100225,1.2738176341644785,0.0
64,700,0.7629025398222744,0.9396148662795759,0.2150315652690229,1.1871220426921825,0.163319262404071,0.704629372122838,0.02667318147221008,0.6686027627534576,0.15586532157402644,1.5806221451493498,3.648949099263349,1.2759514642451464,0.0
64,704,0.7672619829069731,0.9330978831803965,0.21354014881006775,1.17798201275854,0.16206181549176504,0.6938208111913298,0.026264032040486843,0.6633367724122882,0.1546377088214977,1.5668601317951985,3.6549156751796845,1.2780634989449187,0.0
64,708,0.7716214259916718,0.9266359943736359,0.21206134072116006,1.1689306534222943,0.16081656750765935,0.683199436255137,0.02586196838494558,0.6581230984925127,0.15342229212363465,1.5532528559674,3.6608230818648737,1.2801540064240815,0.0
64,712,0.7759808690763705,0.9202286023950178,0.21059500427215325,1.1599668427478904,0.15958336410057464,0.6727615381372658,0.02546685009765698,0.652961065572976,0.15221891402560547,1.5397980552954853,3.6666720394577794,1.28222325097573,0.0
64,716,0.7803403121610692,0.9138751182367296,0.20914100466816854,1.1510894770858229,0.15836205343504936,0.6625034921288631,0.02507853996816566,0.6478500093874372,0.1510274196730228,1.5264935087362406,3.6724632574113225,1.2842714930890133,0.0
64,720,0.784699755245768,0.9075749611955437,0.20769920901483777,1.1422974707073332,0.15715248614108315,0.6524217557921901,0.024696903900323496,0.6427892766003183,0.14984765675966588,1.5133370356884563,3.6781974346795283,1.286298989511243,0.0
64,724,0.7890591983304667,0.9013275587242224,0.20626948628429717,1.13358975544751,0.15595451526503587,0.6425128668277722,0.024321810831552267,0.6377782245876157,0.14867947547640656,1.500326495128457,3.6838752599008644,1.2883059933088876,0.0
64,728,0.7934186414151654,0.8951323462861227,0.20485170728191351,1.12496528035659,0.1547679962216551,0.6327734410039056,0.023953132654466806,0.6328162212228461,0.14752272846130876,1.4874597847659237,3.6894974115779515,1.2902927539274727,0.0
64,732,0.7977780844998641,0.8889887672129251,0.20344574461372536,1.1164230113592482,0.1535927867472028,0.6232001701462195,0.023590744140771457,0.6279026446679035,0.14637727075087278,1.4747348402195084,3.6950645582537263,1.2922595172504077,0.0
64,736,0.8021375275845628,0.8828962725654081,0.20205147265458107,1.1079619309216864,0.15242874685365462,0.613789820185886,0.02323452286737665,0.6230368831687029,0.1452429597323958,1.4621496342117652,3.7005773586841277,1.2942065256567628,0.0
64,740,0.8064969706692615,0.8768543209971954,0.20066876751695734,1.0995810377263164,0.1512757387839443,0.6045392292636365,0.022884349144627936,0.6182183348554966,0.14411965509742103,1.4497021757829416,3.7060364620073902,1.296134018078012,0.0
64,744,0.8108564137539602,0.8708623786214033,0.1992975070204413,1.0912793463538613,0.15013362696822832,0.5954453058892568,0.02254010594663517,0.6134464075477428,0.14300721879624892,1.437390509523157,3.7114425079100086,1.2980422300537655,0.0
64,748,0.8152158568386589,0.8649199188801157,0.19793757066185988,1.083055886972675,0.14900227798114407,0.5865050271530947,0.022201678843570525,0.6087205185634161,0.14190551499348308,1.425212714822534,3.7167961267894536,1.2999313937865078,0.0
64,752,0.8195752999233576,0.859026422416622,0.19658883958604118,1.074909705035118,0.14788156050003826,0.5777154369893367,0.02186895593592625,0.6040400945326505,0.14081441002458678,1.4131669051388447,3.7220979399137,1.3018017381953646,0.0
64,756,0.8239347430080564,0.8531813769503468,0.19525119655719217,1.0668398609807985,0.14677134526414015,0.5690736444887676,0.021541827790645528,0.5994045712156065,0.1397337723534239,1.4012512272822495,3.7273485595776443,1.3036534889689122,0.0
64,760,0.8282941860927551,0.8473842771544112,0.1939245259308785,1.0588454299465233,0.14567150503465787,0.560576822259307,0.02122018737906189,0.5948133933244601,0.1386634725307608,1.389463860716703,3.73254858925647,1.3054868686170502,0.0
64,764,0.8326536291774538,0.8416346245357553,0.19260871362659038,1.0509255014827774,0.14458191455577282,0.5522222048334129,0.020903930016612747,0.5902660143494078,0.1376033831537044,1.3778030168776403,3.737698623756034,1.307302096521957,0.0
64,768,0.8370130722621525,0.8359319273177689,0.19130364710088255,1.0430791792765832,0.14350245051651178,0.5440070871201641,0.02059295330424423,0.5857618963885941,0.13655337882605487,1.3662669385055288,3.7427992493603304,1.3090993889881415,0.0
64,772,0.8413725153468512,0.8302757003253622,0.19000921532107265,1.035305580880577,0.14243299151347444,0.5359288229012407,0.020287157071477706,0.5813005099818604,0.1355133361195488,1.3548538989949168,3.7478510439760995,1.3108789592916115,0.0
64,776,0.8457319584315499,0.8246654648724245,0.18872530873948604,1.0276038374481453,0.14137341801439463,0.5279848233690814,0.019986443321072907,0.576881333948224,0.13448313353597235,1.3435622017585886,3.7528545772746393,1.3126410177281735,0.0
64,780,0.8500914015162486,0.8191007486516083,0.18745181926823284,1.019973093474478,0.1403236123225153,0.5201725557059547,0.019690716175239806,0.5725038552269922,0.13346265147012146,1.332390179606462,3.7578104108308827,1.3143857716608838,0.0
64,784,0.8544508446009473,0.8135810856263885,0.18618864025450552,1.012412506543388,0.13928345854175728,0.5124895417027346,0.019399881823353473,0.5681675687224271,0.13245177217359008,1.3213361941388755,3.7627190982597907,1.316113425566661,0.0
64,788,0.858810287685646,0.8081060159253388,0.18493566645638404,1.0049212470797604,0.13825284254266204,0.5049333564161884,0.019113848471126772,0.5638719771518689,0.13145037971936444,1.310398635153908,3.767581185350133,1.317824181082081,0.0
64,792,0.8631697307703448,0.8026750857385738,0.18369279401913657,0.997498498107483,0.137231651929089,0.49750162686333965,0.01883252629118653,0.5596165908972356,0.13045835996720453,1.2995759200683892,3.772397210195691,1.319518237048369,0.0
64,796,0.8675291738550435,0.7972878472163074,0.18245992045200438,0.9901434550127365,0.13621977600564983,0.4901920307522971,0.018555827375030066,0.5554009278598163,0.12947560052979343,1.2888664933522698,3.777167703323958,1.3211957895556015,0.0
64,800,0.8718886169397422,0.7919438583694737,0.18123694460545903,0.9828553253125013,0.13521710574586066,0.483002295247573,0.01828366568628731,0.551224513318276,0.1285019907396352,1.2782688259760209,3.7818931878223787,1.3228570319861357,0.0
64,804,0.8762480600244409,0.7866426829723658,0.18002376664892109,0.9756333284281614,0.13422353376099547,0.47593019576991935,0.01801595701528957,0.5470868797897958,0.1275374216166837,1.2677814148707585,3.786574179462174,1.3245021550572793,0.0
64,808,0.8806075031091396,0.7813838904672428,0.1788202880489293,0.9684766954640743,0.13323895426962262,0.46897355482852277,0.017752618934863185,0.5429875668942673,0.12658178583668364,1.257402782400758,3.7912111868198224,1.326131346863215,0.0
64,812,0.8849669461938383,0.7761670558708587,0.17762641154774983,0.9613846689909915,0.13226326306780878,0.4621302408854575,0.017493570757344316,0.5389261212214742,0.1256349777002076,1.2471314758480814,3.7958047113962214,1.3277447929161954,0.0
64,816,0.889326389278537,0.77099175968287,0.17644204114241518,0.954356502834205,0.13129635749997304,0.45539816725097637,0.017238733492761067,0.5349020962011806,0.12469689310237102,1.2369660669090097,3.800355247733599,1.3293426761870195,0.0
64,820,0.8936858323632357,0.7658575877960766,0.17526708206418268,0.9473914618663111,0.13033813643037612,0.4487752910086016,0.01698802980814365,0.5309150519760591,0.12376742950320913,1.2269051512019908,3.8048632835302105,1.3309251771448076,0.0
64,824,0.8980452754479344,0.7607641314084534,0.17410144075840303,0.9404888218044719,0.12938850021522863,0.4422596119695896,0.0167413839879465,0.5269645552773903,0.12284648589869966,1.2169473477868242,3.80932929975287,1.332492473796083,0.0
64,828,0.9024047185326332,0.7557109869369324,0.17294502486478905,0.9336478690120733,0.12844735067540383,0.4358491716554056,0.01649872189553064,0.5230501793034641,0.12193396279241596,1.207091298694817,3.8137537707473634,1.3340447417231793,0.0
64,832,0.9067641616173319,0.7506977559328929,0.17179774319807575,0.9268679003046653,0.12751459106973986,0.4295420523075819,0.016259970935682686,0.519171503600619,0.12102976216779451,1.1973356684696266,3.818137164346784,1.3355821541219801,0.0
64,836,0.9111236047020306,0.7457240449993227,0.17065950572906255,0.9201482227600859,0.1265901260689173,0.423336375924265,0.01602506001814409,0.5153281139468553,0.12013378746100278,1.1876791437185452,3.8224799419778384,1.337104881839009,0.0
64,840,0.9154830477867293,0.7407894657096089,0.16953022356602837,0.9134881535326643,0.12567386172989806,0.4172303033222704,0.015793919522105983,0.5115196022379583,0.11924594353439226,1.1781204326739605,3.826782558765159,1.338613093407878,0.0
64,844,0.919842490871428,0.7358936345279238,0.16840980893651208,0.9068870196714086,0.12476570547091234,0.41122203322424866,0.015566481261654575,0.5077455663760743,0.11836613665052305,1.1686582647647548,3.831045463633669,1.3401069550851064,0.0
64,848,0.9242019339561267,0.7310361727311669,0.1672981751694487,0.9003441579420756,0.12386556604697986,0.40530980137020833,0.015342678452138558,0.5040056101606764,0.11749427444674582,1.1592913901973863,3.835269099409038,1.3415866308853275,0.0
64,852,0.9285613770408254,0.72621670633243,0.16619523667765443,0.8938589146530372,0.12297335352595322,0.3994918796523592,0.0151224456774193,0.5002993431818661,0.1166302659103281,1.1500185795464366,3.839453902916273,1.3430522826158848,0.0
64,856,0.9329208201255241,0.7214348660059465,0.16510090894065127,0.8874306454848455,0.12208897926507013,0.393766575272835,0.014905718857987102,0.49662638071595144,0.11577402135411137,1.1408386233543686,3.8436003050764693,1.3445040699108393,0.0
64,860,0.9372802632102228,0.7166902870134985,0.16401510848782502,0.8810587153234117,0.12121235588800304,0.3881322299236558,0.014692435219919343,0.4929863436232497,0.11492545239268674,1.1317503317402966,3.8477087310017795,1.3459421502643898,0.0
64,864,0.9416397062949216,0.7119826091322392,0.16293775288190773,0.8747424980967103,0.12034339726239335,0.38258721898823467,0.014482533264654138,0.48937885824806027,0.11408447191907652,1.1227525340175304,3.8517796000886166,1.3473666790637255,0.0
64,868,0.9459991493796203,0.707311476583907,0.16186876070277795,0.8684813766149257,0.11948201847785966,0.3771299507634751,0.014275952739543468,0.4858035563207544,0.11325099408190932,1.1138440783196866,3.8558133261091463,1.3487778096213143,0.0
64,872,0.950358592464319,0.7026765379653948,0.16080805153157163,0.8622747424139572,0.11862813582446771,0.3717588657025317,0.014072634609188487,0.4822600748619343,0.11242493426307747,1.1050238312351632,3.8598103173010885,1.3501756932066409,0.0
64,876,0.9547180355490177,0.698077446180646,0.15975554593509655,0.8561219956022056,0.11778166677165204,0.366472435676954,0.013872521027508565,0.47874805608861026,0.11160620905586498,1.096290677449766,3.8637709764558705,1.3515604790774045,0.0
64,880,0.9590774786337164,0.6935138583738486,0.15871116545054356,0.85002254471056,0.11694252994757766,0.36126916325812886,0.013675555310540877,0.47526714732234787,0.11079473624353471,1.0876435193972969,3.8676957010051622,1.3529323145101857,0.0
64,884,0.9634369217184151,0.6889854358638946,0.15767483257048762,0.8439758065455102,0.11611064511893199,0.3561475810170691,0.013481681909934437,0.47181700089933915,0.1099904347783641,1.0790812769179006,3.871584883105835,1.3542913448305927,0.0
64,888,0.9677963648031138,0.6844918440800803,0.15664647072817287,0.8379812060453113,0.11528593317113657,0.35110625084259084,0.01329084638714027,0.46839727408235127,0.1091932247611185,1.0706028869239985,3.875438909723357,1.3556377134428956,0.0
64,892,0.9721558078878125,0.6800327524990193,0.15562600428307494,0.8320381761391279,0.11446831608896864,0.34614376327645857,0.01310299538824385,0.46500762897451015,0.1084030274209524,1.0622073030736037,3.8792581627136826,1.3569715618591591,0.0
64,896,0.9765152509725112,0.6756078345827389,0.15461335850673447,0.8261461576090876,0.11365771693758314,0.3412587368661377,0.012918076619464067,0.46164773243487317,0.10761976509572764,1.0538934954508634,3.88304301890364,1.3582930297278817,0.0
64,900,0.98087469405721,0.671216767717936,0.15360845956885566,0.8203045989551739,0.11285405984392519,0.3364498175335058,0.01273603882325629,0.4583172559957506,0.10684336121273924,1.0456604502536289,3.886793850169871,1.3596022548621538,0.0
64,904,0.9852341371419087,0.6668592331563681,0.1526112345236646,0.8145129562628958,0.11205726997852457,0.3317156779600481,0.012556831755039447,0.4550158757817345,0.10607374026983941,1.0375071694879043,3.8905110235163365,1.3608993732673367,0.0
64,908,0.9895935802266074,0.6625349159563492,0.15162161129652088,0.8087706930736637,0.11126727353766276,0.327055016987444,0.012380406160505696,0.4517432724303932,0.10531082781694974,1.0294326706689918,3.8941949011504207,1.3621845191682804,0.0
64,912,0.9939530233113061,0.6582435049253339,0.15063951867077754,0.803077280257813,0.11048399772590384,0.32246655903313126,0.012206713753497073,0.44849913101459565,0.10455455043795339,1.021435986529189,3.8978458405576677,1.3634578250360805,0.0
64,916,0.9983124663960048,0.6539846925635593,0.14966488627488378,0.79743219589021,0.10970737073898104,0.3179490535211329,0.012035707194459913,0.44528314096642413,0.10380483573295753,1.0135161647318613,3.9014641945751674,1.3647194216143863,0.0
64,920,1.0026719094807035,0.6497581750087257,0.14869764456972492,0.7918349251283835,0.1089373217470305,0.3135012743265406,0.011867340069416197,0.4420949960026407,0.10306161230091802,1.0056722675917504,3.905050311463632,1.36596943794527,0.0
64,924,1.0070313525654022,0.6455636519816919,0.1477377248361948,0.7862849600931193,0.10817378087816404,0.3091220192343229,0.011701566869477181,0.43893439405166973,0.10232480972261752,0.9979033718013627,3.9086045349781746,1.3672080013946606,0.0
64,928,1.011390795650101,0.6414008267331629,0.1467850591629952,0.7807817997514643,0.10741667920237324,0.30481010941154807,0.011538342970864807,0.43580103718206215,0.10159435854398897,0.9902085681632966,3.9121272044378244,1.3684352376773539,0.0
64,932,1.0157502387347996,0.6372694059913504,0.14583958043465786,0.7753249498020819,0.1066659487157573,0.3005643888928091,0.011377624615432886,0.4326946315324064,0.1008701902597764,0.9825869613283515,3.9156186547938074,1.3696512708816055,0.0
64,936,1.0201096818194983,0.6331690999105831,0.14490122231978408,0.7699139225629055,0.10592152232506666,0.29638372407811175,0.01121936889166004,0.4296148872426537,0.10015223729752534,0.9750376695393073,3.919079216696601,1.3708562234933128,0.0
64,940,1.024469124904197,0.6290996220208477,0.14396991925949693,0.7645482368610377,0.105183333832556,0.2922670032436514,0.01106353371613056,0.42656151838682355,0.09944043300189521,0.9675598243802094,3.9225092165618096,1.3720502164197965,0.0
64,944,1.0288285679888958,0.6250606891782396,0.14304560645610195,0.7592274179248424,0.10445131792113858,0.2882131360644138,0.010910077815462839,0.4235342429070591,0.0987347116192861,0.960152570531047,3.9259089766348656,1.3732333690131853,0.0
64,948,1.0331880110735945,0.6210520215163058,0.14212821986195193,0.7539509972781798,0.1037254101398356,0.28422105314838575,0.010758960708677283,0.42053278254899973,0.09803500828277277,0.9528150655276882,3.929278815054586,1.374405799093414,0.0
64,952,1.0375474541582932,0.617073342398258,0.14121769616851088,0.7487185126367356,0.10300554688951359,0.2802897055824758,0.010610142690007509,0.41755686279844256,0.09734125899733925,0.9455464795269458,3.932619045915616,1.375567622970841,0.0
64,956,1.041906897242992,0.6131243783700419,0.14031397279561383,0.7435295078063974,0.10229166540890347,0.27641806448941963,0.01046358481212735,0.4146062128192623,0.09665340062540652,0.9383459950766592,3.9359299793297584,1.3767189554684904,0.0
64,960,1.0462663403276906,0.6092048591142392,0.13941698788091736,0.73838353258363,0.10158370376089462,0.2726051205953439,0.010319248869781326,0.4116805653925598,0.09597137087264679,0.9312128068906629,3.939211921486242,1.3778599099439286,0.0
64,964,1.0506257834123893,0.6053145174047894,0.13852668026953752,0.7332801426578055,0.1008816008190978,0.26884988380814434,0.01017709738382449,0.4087796568570141,0.09529510827407839,0.9241461216285343,3.9424651747109216,1.378990598310779,0.0
64,968,1.054985226497088,0.6014530890625122,0.13764298950387122,0.7282188995154442,0.10018529625467111,0.26515138280572614,0.010037093585635598,0.4059032270504077,0.09462455218043397,0.9171451576799985,3.9456900375244466,1.380111131059884,0.0
64,972,1.0593446695817867,0.5976203129114125,0.13676585581359654,0.7231993703463202,0.0994947305234023,0.26150866463464695,0.009899201401924055,0.40305101925229997,0.09395964274479657,0.9102091449538958,3.9488868046994163,1.3812216172801175,0.0
64,976,1.0637041126664855,0.5938159307357554,0.13589522010584934,0.7182211279513955,0.0988098448530428,0.25792079431786874,0.009763385439881674,0.4002227801278227,0.09330032090949712,0.9033373246715781,3.9520557673165375,1.382322164678858,0.0
64,980,1.0680635557511842,0.5900396872378907,0.13503102395557132,0.7132837506525346,0.0981305812308866,0.2543868544724859,0.00962961097271209,0.39741825967257227,0.09264652839326767,0.8965289491646613,3.9551972128198036,1.3834128796021241,0.0
64,984,1.0724229988358829,0.5862913299968139,0.1341732095960267,0.7083868222039651,0.09745688239158937,0.2509059449361217,0.009497843925488289,0.3946372111585735,0.09199820767864444,0.8897832816770033,3.9583114250707245,1.3844938670543836,0.0
64,988,1.0767824419205816,0.5825706094274498,0.13332171990948424,0.7035299317054429,0.0967886918052221,0.24747718240274708,0.00936805086136681,0.39187939108129144,0.09135530199961515,0.8830995961708258,3.9613986844016096,1.3855652307180357,0.0
64,992,1.0811418850052803,0.5788772787406398,0.13247649841806036,0.6987126735170833,0.09612595366555396,0.24409970006669823,0.009240198968112338,0.3891445591076682,0.0907177553295053,0.8764771771368718,3.9644592676679364,1.3866270729725787,0.0
64,996,1.085501328089979,0.5752110939038219,0.13163748927472063,0.6939346471758229,0.0954686128785594,0.24077264727552006,0.00911425604495635,0.38643247802516,0.09008551236909766,0.8699153194085171,3.9674934482998165,1.3876794949134634,0.0
64,1000,1.0898607711746777,0.5715718136023877,0.13080463725443633,0.6891954573134749,0.0948166150511446,0.23749518919075285,0.008990190489756477,0.3837429136917552,0.08945851853498042,0.8634133279797247,3.9705014963525747,1.3887225963706418,0.0
64,1004,1.0942202142593764,0.5679591992017033,0.1299778877454929,0.6844947135763426,0.09416990648008822,0.23426650645697578,0.008867971286468405,0.38107563498694846,0.08883671994811822,0.8569705178267739,3.9734836785564593,1.3897564759268135,0.0
64,1008,1.0985796573440751,0.5643730147097797,0.1291571867409471,0.679832030546357,0.0935284341411918,0.2310857948783962,0.008747567992903427,0.3784304137636517,0.08822006342264165,0.8505862137336541,3.9764402583655096,1.390781230935377,0.0
64,1012,1.1029391004287739,0.5608130267405801,0.12834248083022973,0.6752070276637046,0.09289214567863534,0.22795226510324085,0.008628950728781315,0.3758070248010209,0.08760849645485007,0.8442597501210614,3.979371496005579,1.3917969575380915,0.0
64,1016,1.1072985435134726,0.5572790044779512,0.12753371719089138,0.6706193291509132,0.0922609893945332,0.22486514231540866,0.008512090164058095,0.3732052457581777,0.08700196721242327,0.8379904708788869,3.982277648521545,1.3928037506824518,0.0
64,1020,1.1116579865981713,0.5537707196401659,0.12673084358048803,0.6660685639383631,0.09163491423868632,0.22182366593345648,0.008396957507531383,0.3706248571288074,0.08640042452383724,0.8317777292021449,3.985158969823718,1.3938017041387836,0.0
64,1024,1.11601742968287,0.550287946445065,0.12593380832860354,0.6615543655911938,0.09101386979852631,0.21882708931639172,0.008283524495703406,0.3680656421966129,0.08580381786797957,0.8256208874302406,3.9880157107334573,1.3947909105170648,0.0
64,1028,1.1203768727675687,0.5468304615757851,0.12514256032900664,0.6570763722375732,0.0903978062892471,0.21587467947644257,0.008171763381908148,0.36552738699160664,0.08521209736396015,0.8195193168895042,3.9908481190280205,1.3957714612834755,0.0
64,1032,1.1247363158522674,0.5433980441470642,0.12435704903193984,0.6526342264983036,0.08978667454412036,0.2129657167985215,0.008061646925691859,0.3630098802472222,0.08462521376111307,0.8134723977389244,3.9936564394846523,1.3967434467766815,0.0
64,1036,1.1290957589369661,0.5399904756721073,0.12357722443653658,0.6482275754177315,0.08918042600499036,0.21009949476597,0.007953148382431354,0.3605129133582274,0.08404311842918519,0.8074795188190013,3.9964409139239314,1.3977069562238589,0.0
64,1040,1.1334552020216648,0.5366075400300085,0.12280303708336585,0.6438560703959361,0.08857901271294484,0.2072753196928545,0.007846241493200273,0.35803628033942153,0.08346576334870764,0.8015400775036401,3.999201781252389,1.3986620777564602,0.0
64,1044,1.1378146451063635,0.5332490234337123,0.12203443804709996,0.6395193671221675,0.08798238729915758,0.20449251046215977,0.007740900474858616,0.3555797777851003,0.08289310110154628,0.7956534795550342,4.001939277504407,1.3996088984257313,0.0
64,1048,1.1421740881910623,0.5299147143985065,0.12127137892930433,0.6352171255095076,0.08739050297589941,0.20175039827026353,0.007637100010380026,0.3531432048292709,0.0823250848616269,0.7898191389814517,4.004653635883428,1.4005475042179785,0.0
64,1052,1.146533531275761,0.5266044037110362,0.12051381185134613,0.6309490096307284,0.08680331352771387,0.199048326376996,0.007534815239390492,0.3507263631066026,0.0817616683858321,0.7840364778978708,4.007345086802458,1.4014779800695933,0.0
64,1056,1.1508929743604597,0.5233178843988276,0.11976168944741983,0.6267146876553217,0.08622077330275395,0.19638564986144047,0.0074340217489243824,0.34832905671409503,0.0812028060050653,0.7783049263893863,4.0100138579239095,1.4024004098818394,0.0
64,1060,1.1552524174451584,0.5200549517003124,0.11901496485768728,0.6225138317876747,0.08564283720427666,0.1937617353834895,0.007334695564398336,0.34595109217345094,0.08064845261547902,0.772623922377343,4.0126601741987775,1.4033148765354038,0.0
64,1064,1.159611860529857,0.5168154030353419,0.11827359172152992,0.6183461182063682,0.08506946068229179,0.19117596095044576,0.007236813140776129,0.3435922783941366,0.08009856366986358,0.766992911488116,4.0152842579051615,1.404221461904718,0.0
64,1068,1.1639713036145558,0.5135990379761847,0.11753752417091139,0.6142112270045729,0.08450059972536203,0.1886277156892362,0.007140351353946027,0.3412524266371163,0.07955309516919272,0.7614113469244898,4.017886328686151,1.4051202468720523,0.0
64,1072,1.1683307466992545,0.5104056582189921,0.11680671682384754,0.6101088421315204,0.08393621085255068,0.18611639962354332,0.00704528749228426,0.3389313504792465,0.07901200365432326,0.7558786893395669,4.020466603587092,1.406011311341389,0.0
64,1076,1.1726901897839532,0.5072350675557303,0.116081124777983,0.6060386513350273,0.08337625110551442,0.18364142345599532,0.006951599248410012,0.3366288657783151,0.07847524619784489,0.7503944067131655,4.023025297092229,1.4068947342520737,0.0
64,1080,1.177049632868652,0.5040870718465632,0.115360703604271,0.6020003461050485,0.08282067804073757,0.18120220835528755,0.006859264711127069,0.3343447906387123,0.07794278039607748,0.7449579742306284,4.025562621160749,1.407770593592256,0.0
64,1084,1.1814090759533507,0.5009614789926821,0.11464540934075543,0.5979936216182412,0.0822694497219055,0.17879818574803608,0.006768262357544601,0.33207894537772126,0.07741456436121258,0.7395688741640117,4.028078785262238,1.4086389664121142,0.0
64,1088,1.1857685190380494,0.4978580989095707,0.1139351984864525,0.5940181766835145,0.08172252471241352,0.176428797115193,0.0066785710453706355,0.3298311524924128,0.07689055671359596,0.7342265957555815,4.030573996411549,1.409499928836878,0.0
64,1092,1.190127962122748,0.49477674350069983,0.11323002799533075,0.5900737136885477,0.08117986206800909,0.17409349379309447,0.006590170005380877,0.3276012366271344,0.07637071657414861,0.7289306351035776,4.033048459203105,1.4103535560796414,0.0
64,1096,1.1944874052074468,0.4917172266316397,0.11252985527038661,0.5861599385472539,0.08064142132956412,0.17179173677885728,0.006503038834052161,0.3253890245415785,0.07585500355692276,0.7236804950501902,4.035502375844639,1.4111999224539813,0.0
64,1100,1.1988468482921455,0.4886793641045867,0.11183463815781493,0.582276560648173,0.08010716251597504,0.16952299654013814,0.006417157486361035,0.3231943450794198,0.07534337776179063,0.7184756850717028,4.037935946190394,1.4120391013863727,0.0
64,1104,1.2032062913768442,0.48566297363329275,0.1111443349412714,0.5784232928037718,0.0795770461171878,0.16728675282897143,0.006332506268736744,0.32101702913750974,0.07483579976726296,0.7133157211707474,4.040349367773771,1.4128711654284158,0.0
64,1108,1.207565734461543,0.48266787481839285,0.11045890433622638,0.5745998512006335,0.07905103308734508,0.16508249449989876,0.0062490658321766625,0.31885690963561486,0.07433223062343439,0.7082001257706346,4.04274283583946,1.4136961862688708,0.0
64,1112,1.2119251775462416,0.4796938891231198,0.10977830548440705,0.5708059553505195,0.07852908483805363,0.1629097193317932,0.006166817165501598,0.3167138214866903,0.07383263184505366,0.7031284276117018,4.045116543375046,1.4145142347455038,0.0
64,1116,1.2162846206309403,0.47674083984940285,0.10910249794832773,0.5670413280422834,0.07801116323176872,0.16076793385397536,0.006085741588773553,0.31458760156767535,0.07333696540471535,0.6981001616496494,4.047470681142101,1.415325380856753,0.0
64,1120,1.220644063715639,0.47380855211434014,0.10843144170590543,0.5633056952946228,0.07749723057529408,0.158656653175683,0.006005820746840433,0.31247808869080146,0.07284519372617124,0.6931148689558011,4.0498054377067865,1.4161296937732104,0.0
64,1124,1.2250035068003378,0.4708968528270381,0.10776509714515967,0.5595987863096478,0.07698724961339382,0.1565754008196194,0.005927036603035154,0.31038512357540143,0.0723572796777584,0.6881720966192677,4.052120999469959,1.4169272418489298,0.0
64,1128,1.2293629498850365,0.46800557066581366,0.10710342505899505,0.5559203334272541,0.07648118352251555,0.1545237085589264,0.005849371433004385,0.3083085488202114,0.07187318656594224,0.6832713976509615,4.054417550696791,1.4177180926325557,0.0
64,1132,1.2337223929697352,0.46513453605574945,0.10644638664006485,0.5522700720802812,0.075978995904621,0.15250111625778118,0.005772807818674473,0.30624820887615245,0.07139287812897131,0.6784123308894164,4.05669527354592,1.4185023128782854,0.0
64,1136,1.238081836054434,0.46228358114659723,0.10579394347571415,0.5486477407504412,0.075480650781123,0.15050717171529016,0.005697328642342161,0.30420395001958506,0.07091631853064234,0.6735944609083887,4.058954348098135,1.4192799685566593,0.0
64,1140,1.2424412791391326,0.45945253979102235,0.10514605754300109,0.5450530809250029,0.07498611258692627,0.14854143051292112,0.005622917080899263,0.3021756203260259,0.0704434723541731,0.6688173579261867,4.061194952384608,1.4200511248651864,0.0
64,1144,1.2468007222238313,0.4566412475231832,0.10450269120379474,0.5414858370542139,0.07449534616456967,0.14660345586514723,0.005549556600178905,0.30016306964431594,0.06997430459618043,0.6640805977166977,4.063417262414665,1.420815846238808,0.0
64,1148,1.25116016530853,0.4538495415376406,0.10386380719994852,0.5379457565094505,0.07400831675846868,0.14469281847324567,0.005477230949421195,0.2981661495712342,0.06950878066076216,0.6593837615220749,4.065621452203139,1.4215741963601993,0.0
64,1152,1.2555196083932287,0.45107726066858855,0.10322936864854712,0.5344325895420748,0.07352499000925515,0.1428090963823223,0.005405924155861005,0.29618471342654445,0.06904686635368003,0.6547264359670536,4.067807693797266,1.4223262381699153,0.0
64,1156,1.2598790514779274,0.44832424536940324,0.1025993390372263,0.5309460892429904,0.07304533194821307,0.14095187484120686,0.00533562051942441,0.2942186162284694,0.0685885278766421,0.6501082129748433,4.069976157303178,1.423072033876381,0.0
64,1160,1.2642384945626262,0.4455903376925035,0.10197368221956392,0.5274860115028807,0.07256930899180841,0.13912074616560233,0.005266304607548325,0.2922677146695821,0.0681337318216827,0.645528689684595,4.07212701091196,1.4238116449657292,0.0
64,1164,1.2685979376473249,0.4428753812695159,0.1013523624105407,0.5240521149731147,0.07209688793631067,0.13731530960387772,0.005197961250100194,0.29033186709310627,0.06768244516563732,0.6409874683703716,4.074260420925318,1.4245451322114904,0.0
64,1168,1.2729573807320236,0.4401792212917412,0.10073534418206996,0.5206441610273097,0.07162803595250479,0.13553517120593028,0.005130575534413872,0.28841093346961805,0.0672346352647115,0.6364841563616205,4.076376551780827,1.425272555684133,0.0
64,1172,1.2773168238167223,0.4375017044909145,0.10012259245859462,0.5172619137235368,0.07116272058049163,0.13377994369446355,0.005064132800416962,0.2865047753741412,0.06679026984914115,0.6320183659650973,4.078475566076794,1.4259939747604617,0.0
64,1176,1.281676266901421,0.4348426791202558,0.09951407251275049,0.5139051397671567,0.07070090972457498,0.13204924633954818,0.004998618635882412,0.2846132559636274,0.0663493170179427,0.6275897143882226,4.080557624596729,1.426709448132872,0.0
64,1180,1.2860357099861197,0.4322019949358049,0.09890974996109486,0.5105736084742735,0.07024257164823378,0.13034270483521482,0.004934018871757043,0.28273623995481495,0.06591174523375157,0.623197823663828,4.0826228863334375,1.4274190338184647,0.0
64,1184,1.2903951530708184,0.4295795031780347,0.09830959075989865,0.5072670917357955,0.06978767496917772,0.12865995117905982,0.004870319577604113,0.28087359360245767,0.06547752331774684,0.6188423205762801,4.084671508512742,1.4281227891680242,0.0
64,1188,1.2947545961555171,0.42697505655374,0.09771356120100161,0.5039853639820882,0.06933618865448425,0.12700062355408193,0.004807507057130341,0.2790251846779171,0.06504662044466067,0.6145228365889326,4.086703646616825,1.428820770874861,0.0
64,1192,1.2991140392402158,0.4243885092181948,0.09712162790772907,0.5007282021482119,0.06888808201581637,0.12536436621327596,0.0047455678438172956,0.277190882448111,0.06461900613787071,0.610239007772898,4.088719454407221,1.4295130349835214,0.0
64,1196,1.3034734823249146,0.42181971675757474,0.09653375783086926,0.4974953856397302,0.06844332470471837,0.1237508293664007,0.004684488696635083,0.27537055765481133,0.06419465026457401,0.6059904747370957,4.090719083947455,1.4301996368983665,0.0
64,1200,1.3078329254096133,0.41926853617163967,0.0959499182447102,0.49428669629907845,0.06800188670798922,0.12215966906914844,0.004624256595846944,0.27356408249428377,0.06377352303104065,0.6017768825595634,4.09270268562532,1.4308806313920222,0.0
64,1204,1.312192368494312,0.4167348258566716,0.0953700767431351,0.4911019183724834,0.06756373834313138,0.12059054711455985,0.004564858738898861,0.271771330597265,0.06335559497794598,0.5975978807199925,4.094670408174825,1.4315560726137042,0.0
64,1208,1.3165518115790107,0.41421844558866355,0.09479420123577498,0.4879408384774197,0.06712885025387365,0.11904313092702523,0.004506282536407048,0.2699921770092672,0.06294083697577912,0.5934531230334747,4.096622398697803,1.4322260140974177,0.0
64,1212,1.3209112546637094,0.41171925650675534,0.09422225994421811,0.4848032455705983,0.0666971934057671,0.11751709345790573,0.0044485156082067845,0.2682264981712075,0.0625292202203274,0.5893422675854256,4.098558802685185,1.432890508770035,0.0
64,1216,1.325270697748408,0.40923712109691124,0.0936542213982745,0.48168893091647064,0.06626873908185206,0.11601211308375525,0.004391545779499683,0.2664741719003531,0.0621207162282342,0.58526497666766,4.100479764037953,1.4335496089592528,0.0
64,1220,1.3296301408331068,0.40677190317583617,0.09309005443229518,0.4785976880562443,0.0658434588783954,0.11452787350638971,0.0043353610770708925,0.26473507737157803,0.061715296832629475,0.5812209167156096,4.102385425087773,1.4342033664014315,0.0
64,1224,1.3339895839178055,0.40432346787512596,0.09252972818154491,0.47552931277739674,0.06542132470069636,0.11306406365525845,0.004279949725593443,0.26300909509892434,0.06131293417883136,0.5772097582466393,4.104275926617311,1.4348518322493191,0.0
64,1228,1.3383490270025042,0.401891681625647,0.09197321207862752,0.47248360308367915,0.0650023087589598,0.11162037759146415,0.004225300143995001,0.26129610691746274,0.06091360072011744,0.5732311757994536,4.106151407880251,1.4354950570796592,0.0
64,1232,1.342708470087203,0.3994764121421426,0.09142047584996305,0.4694603591656013,0.06458638356423567,0.11019651441395695,0.004171400941906919,0.2595959959654464,0.06051726921356448,0.5692848478745713,4.1080120066209975,1.436133090900688,0.0
64,1236,1.3470679131719017,0.3970775284080611,0.09087148951231558,0.46645938337138815,0.06417352192442324,0.10879217816760445,0.004118240916184301,0.2579086466667535,0.060123912715955366,0.5653704568758339,4.109857859094089,1.4367659831595194,0.0
64,1240,1.3514273562566004,0.3946949006606022,0.09032622336937116,0.4634804801783985,0.06376369694033915,0.10740707775320857,0.00406580904749976,0.25623394471361066,0.05973350457975161,0.5614876890529408,4.111689100083314,1.4373937827494228,0.0
64,1244,1.355786799341299,0.39232840037597877,0.08978464800836496,0.4605234561649998,0.06335688200184793,0.10604092683908561,0.004014094496996357,0.2545717770495959,0.05934601844913096,0.5576362344449844,4.113505862920547,1.4380165380169923,0.0
64,1248,1.3601462424259978,0.3899779002548878,0.0892467342967562,0.4575881199828862,0.06295305078405368,0.10469344377474954,0.003963086603020147,0.2529220318529112,0.05896142825608791,0.5538157868249665,4.115308279504293,1.4386342967692112,0.0
64,1252,1.3645056855106965,0.38764327420819145,0.08871245337895133,0.4546742823298367,0.06255217724355229,0.10336435150607315,0.00391277487790867,0.25128459851992424,0.058579708216596915,0.5500260436452709,4.1170964803179615,1.4392471062804146,0.0
64,1256,1.3688651285953952,0.38532439734279866,0.088181776673073,0.4517817559229007,0.06215423561474238,0.10205337749239618,0.003863149004853152,0.24965936764897018,0.058200832826836225,0.5462667059840823,4.118870594447861,1.439855013299148,0.0
64,1260,1.373224571680094,0.38302114594775033,0.08765467586777569,0.44891035547200614,0.06175920040619439,0.10076025362502605,0.00381419883481341,0.24804623102441176,0.057824776859472016,0.5425374784927255,4.120630749600936,1.4404580640549252,0.0
64,1264,1.3775840147647926,0.380733397480499,0.08713112291910566,0.44605989765398096,0.061367046397076644,0.0994847161475576,0.003765914383501622,0.24644508160095135,0.05745151536000114,0.5388380693439084,4.122377072122229,1.4410563042648916,0.0
64,1268,1.3819434578494914,0.3784610305533844,0.08661109004740605,0.4432302010869815,0.060977748633637245,0.09822650557781287,0.0037182858284274182,0.24485581348819088,0.057081023643151776,0.535168190180853,4.124109687012087,1.4416497791403853,0.0
64,1272,1.38630290093419,0.3762039249202978,0.08609454973426489,0.44042108630531857,0.060591282425740765,0.09698536663118773,0.003671303505996231,0.24327832193543467,0.056713277289340606,0.5315275560672936,4.1258287179431195,1.4422385333934071,0.0
64,1276,1.3906623440188888,0.37396196146353455,0.08558147471950633,0.4376323757346758,0.06020762334345894,0.09576104814557596,0.0036249579086673543,0.24171250331673103,0.05634825214118573,0.5279158854383247,4.1275342872768945,1.4428226112429945,0.0
64,1280,1.3950217871035875,0.3717350221808309,0.08507183799822401,0.43486389366771194,0.05982674721371406,0.09455330300791331,0.003579239682173329,0.2401582551161482,0.05598592430007416,0.5243329000520864,4.129226516080403,1.443402056421503,0.0
64,1284,1.3993812301882862,0.3695229901725814,0.08456561281785577,0.4321154662400411,0.05944863011697448,0.09336188808192958,0.003534139622785052,0.2386154759132803,0.05562627012278295,0.5207783249422697,4.130905524142266,1.443976912180799,0.0
64,1288,1.403740673272985,0.367325749629235,0.08406277267529916,0.4293869214065825,0.05907324838400093,0.09218656413752058,0.003489648674638216,0.23708406536897914,0.055269266218153,0.517251888371417,4.132571429988713,1.44454722129836,0.0
64,1292,1.4081001163576836,0.3651431858188655,0.08356329131406702,0.426678088918275,0.058700578592642945,0.09102709578148449,0.003445757927111381,0.2355639242113074,0.05491488944381444,0.5137533217850159,4.134224350899328,1.4451130260832898,0.0
64,1296,1.4124595594423823,0.36297518507491583,0.08306714272148272,0.4239888002991492,0.058330597564684575,0.08988325138953712,0.0034024586122524724,0.2340549542217104,0.054563116902962984,0.5102823597663594,4.135864402922558,1.4456743683822457,0.0
64,1300,1.416819002527081,0.3608216347841101,0.08257430112591378,0.4213188888237491,0.05796328236273817,0.08875480303983352,0.0033597421022622913,0.2325570582214007,0.054213925941185855,0.5068387399921651,4.137491700891001,1.446231289585281,0.0
64,1304,1.4211784456117798,0.35868242337453343,0.08208474099404402,0.4186681894949001,0.05759861028718575,0.08764152644745593,0.003317599907014611,0.231070140057953,0.053867294143336866,0.5034222031889372,4.13910635843647,1.4467838306316025,0.0
64,1308,1.4255378886964785,0.35655744030387515,0.0815984370281829,0.41603653902181376,0.05723655887316679,0.0865432009006355,0.003276023671641898,0.2295941045921055,0.053523199330459424,0.5000324930900483,4.140708488004837,1.4473320320152483,0.0
64,1312,1.4298973317811772,0.35444657604783425,0.08111536416361217,0.413423775798527,0.05687710588761194,0.08545960919775553,0.0032350051741506245,0.22812885768476332,0.05318161955675686,0.4966693563935442,4.142298200870667,1.447875933790682,0.0
64,1316,1.4342567748658759,0.3523497220886821,0.08063549756596845,0.4108297398826662,0.05652022932632151,0.08439053758601744,0.003194536323099512,0.22667430618420106,0.052842533106609,0.49333254272063964,4.143875607151631,1.4484155755783072,0.0
64,1320,1.4386162179505746,0.35026677090398267,0.0801588126286618,0.40825427297453265,0.05616590741108812,0.08333577570100204,0.0031546091553116755,0.22523035791346052,0.052505918491634364,0.4900218045749045,4.145440815822722,1.4489509965699061,0.0
64,1324,1.4429756610352733,0.3481976159554651,0.07968528497032919,0.4056972183965037,0.055814118586862804,0.0822951165073249,0.003115215833628181,0.22379692165794,0.05217175444779693,0.486736897302124,4.14699393473026,1.4494822355339967,0.0
64,1328,1.447335104119972,0.34614215167804846,0.07921489043232285,0.40315842107274225,0.055464841518963505,0.08126835624094042,0.0030763486447240064,0.22237390715317273,0.05184001993255707,0.483477579050811,4.148535070605694,1.4500093308211177,0.0
64,1332,1.4516945472046707,0.3441002734690142,0.0787476050762324,0.4006377275092116,0.05511805509032564,0.08025529435187195,0.0030379999969401437,0.22096122507278979,0.051510694122065395,0.480243610733375,4.150064329079214,1.4505323203690363,0.0
64,1336,1.4560539902893694,0.3420718776773257,0.0782834051814405,0.39813498577398887,0.05477373839879365,0.07925573344863324,0.0030001624181797103,0.21955878701666506,0.05118375640839918,0.4770347559879241,4.151581814693162,1.4510512417078825,0.0
64,1340,1.4604134333740681,0.3400568615930914,0.07782226724271164,0.3956500454778713,0.05443187075445297,0.07826947924331762,0.00296282855382935,0.21816650549923905,0.05085918639684031,0.4738507811406834,4.153087630915253,1.4515661319652124,0.0
64,1344,1.4647728764587669,0.33805512343716954,0.07736416796781305,0.3931827577552718,0.054092431677001646,0.07729634049802314,0.0029259911647311937,0.21678429393801799,0.05053696390319426,0.47069145516903294,4.154581880151606,1.4520770278709982,0.0
64,1348,1.4691323195434656,0.3360665623509125,0.07690908427516775,0.39073297524539824,0.053755400893161095,0.07633612897205921,0.0028896431251844135,0.21541206664224552,0.05021706895114917,0.46755654966514204,4.156064663759596,1.4525839657625488,0.0
64,1352,1.4734917626281643,0.3340910783860477,0.0764569932915388,0.38830055207370967,0.05342075833412493,0.07538865937037542,0.002853777420993035,0.21404973880174336,0.049899481769674396,0.4644458388001913,4.157536082060521,1.453086981589362,0.0
64,1356,1.477851205712863,0.3321285724946943,0.0760078723497445,0.38588534383364853,0.05308848413304576,0.07445374929281456,0.0028183871475449514,0.2126972264759193,0.04958418279045804,0.46135909928917296,4.15899623435208,1.4535861109179065,0.0
64,1360,1.4822106487975617,0.33017894651951235,0.07556169898640419,0.38348720756864024,0.052758558622558745,0.07353121918438887,0.00278346550792967,0.2113544465829381,0.049271152645382454,0.4582961103562599,4.160445218920694,1.45408138893634,0.0
64,1364,1.4865700918822604,0.32824210318398284,0.07511845093971369,0.3811060017543578,0.05243096233234166,0.07262089228660784,0.0027490058110958646,0.21002131688905346,0.04896037216403731,0.45525665370072715,4.161883133053635,1.4545728504591586,0.0
64,1368,1.4909295349669591,0.3263179460828161,0.0746781061472503,0.3787415862812466,0.052105675986710696,0.07172259458943131,0.0027150014700326013,0.2086977559980981,0.0486518223712695,0.4522405134634226,4.163310073050996,1.4550605299317818,0.0
64,1372,1.4952889780516578,0.3244063796724878,0.074240642743807,0.37639382243730424,0.05178268050225145,0.07083615478445893,0.00268144599999736,0.20738368334112867,0.04834548448476917,0.4492474761937715,4.1647261342374895,1.4555444614350757,0.0
64,1376,1.4996484211363565,0.3225073092618983,0.07380603905925479,0.374062572891111,0.051461956985484246,0.06996140421895802,0.002648333016775797,0.20607901916622376,0.048041339912691404,0.4462773308173075,4.166131410974081,1.45602467868981,0.0
64,1380,1.5040078642210553,0.3206206410031558,0.07337427361643337,0.3717477016751081,0.051143486730563674,0.06909817685037467,0.002615656234959798,0.20478368452843157,0.04773937025131281,0.4433298686037204,4.167525996669456,1.456501215061056,0.0
64,1384,1.508367307305754,0.31874628188248016,0.07294532512906958,0.3694490741691183,0.05082725121701142,0.06824630920222319,0.0025834094662777114,0.20349760127986521,0.04743955728272255,0.44040488313540904,4.168909983791335,1.4569741035625217,0.0
64,1388,1.5127267503904527,0.3168841397112255,0.07251917249972281,0.3671665570841043,0.0505132321074818,0.06740564032050145,0.0025515866179444814,0.2022206920599429,0.0471418829725471,0.4375021702765347,4.170283463877627,1.457443376860828,0.0
64,1392,1.5170861934751514,0.31503412311701984,0.07209579481775738,0.3649000184461622,0.05020141124555968,0.06657601173101568,0.0025201816910462175,0.2009528802857703,0.04684632946770821,0.43462152814255667,4.171646527547425,1.4579090672797248,0.0
64,1396,1.52144563655985,0.31319614153502023,0.0716751713573412,0.3626493275807459,0.04989177065359008,0.06575726739738741,0.0024891887789505753,0.1996940901426634,0.046552879094213545,0.4317627570702553,4.172999264511858,1.4583712068042505,0.0
64,1400,1.5258050796445488,0.3113701051992818,0.0712572815754706,0.36041435509711744,0.04958429253053896,0.0649492536800409,0.0024586020657542634,0.19844424657480897,0.046261514354979445,0.42892565958822015,4.174341763584779,1.4588298270848317,0.0
64,1404,1.5301645227292475,0.3095559251342377,0.07084210511002052,0.3581949728730205,0.04927895924988468,0.06415181929575908,0.0024284158247520633,0.19720327527605974,0.045972217927685126,0.4261100403878028,4.175674112693321,1.4592849594413293,0.0
64,1408,1.5345239658139462,0.3077535131462895,0.07042962177782,0.3559910540395727,0.04897575335753949,0.06336481527810633,0.0023986244169386653,0.1959711026808634,0.04568497266265801,0.42331570629451976,4.176996398888302,1.459736634867027,0.0
64,1412,1.538883408898645,0.30596278181550673,0.0700198115727525,0.3538024729663742,0.048674657569800855,0.06258809493856177,0.0023692222895374004,0.19474765595532223,0.04539976158078953,0.42054246623990993,4.1783087083544785,1.4601848840325673,0.0
64,1416,1.5432428519833437,0.30418364448743207,0.06961265466388064,0.35162910524682733,0.04837565477133185,0.061821513828348884,0.0023402039745553335,0.1935328629883811,0.04511656787148091,0.41779013123381425,4.17961112642067,1.4606297372898294,0.0
64,1420,1.5476022950680424,0.30241601526499184,0.06920813139359482,0.34947082768366544,0.048078728013170174,0.061064929700947346,0.002311564087364175,0.19232665238314223,0.044835374890618396,0.41505851433710406,4.180903737569741,1.46107122467576,0.0
64,1424,1.551961738152741,0.30065980900051104,0.0688062222757859,0.34732751827468533,0.047783860510765365,0.06031820247542896,0.0022832973253123943,0.19112895344830425,0.04455616615857756,0.41234743063481827,4.182186625448449,1.4615093759161466,0.0
64,1428,1.5563211812374398,0.2989149412878285,0.06840690799404073,0.3451990561986832,0.04749103564204389,0.05958119420024843,0.0022553984663545483,0.18993969618972353,0.044278925358256074,0.4096566972097152,4.183459872877148,1.4619442204293434,0.0
64,1432,1.5606806243221385,0.2971813284545141,0.06801016939986108,0.3430853218015867,0.04720023694550125,0.058853769017844115,0.0022278623677112696,0.18875881130209582,0.044003636333134484,0.4069861331162406,4.184723561859378,1.4623757873299428,0.0
64,1436,1.5650400674068372,0.2954588875541844,0.06761598751090503,0.340986196582784,0.04691144811832122,0.058135793130006164,0.002200683964558308,0.1875862301607564,0.043730283085364696,0.40433555935488796,4.185977773591304,1.4628041054324008,0.0
64,1440,1.569399510491536,0.2937475363589147,0.06722434350925045,0.3389015631816427,0.04662465301452113,0.05742713476345784,0.0021738582687236357,0.1864218848135961,0.04345884977388542,0.40170479884695354,4.187222588471048,1.46322920325461,0.0
64,1444,1.5737589535762346,0.29204719335174856,0.06683521873968089,0.3368313053642192,0.04633983564312342,0.056727664136687395,0.0021473803674318965,0.18526570797309203,0.043189320712564365,0.39909367640967797,4.188458086107877,1.463651109021427,0.0
64,1448,1.5781183966609333,0.29035777771930066,0.06644859470799264,0.33477530801015193,0.04605698016635248,0.056037253426652,0.0021212454220440095,0.1841176330084512,0.042921680368366716,0.3965020187317688,4.18968434533128,1.4640698506681507,0.0
64,1452,1.582477839745632,0.2886792093444532,0.06606445307932333,0.3327334570997385,0.04577607089785676,0.05535577673677494,0.0020954486668457277,0.18297759393786395,0.04265591335954932,0.39392965434928834,4.190901444199912,1.4644854558439528,0.0
64,1456,1.5868372828303308,0.28701140879914405,0.06568277567650152,0.3307056397011918,0.045497092300955534,0.05468311006508486,0.0020699854078415755,0.1818455254208673,0.04239200445388035,0.3913764136219174,4.1921094600104265,1.4648979519152647,0.0
64,1460,1.5911967259150295,0.28535429733724527,0.06530354447841688,0.32869174395807293,0.04522002898690994,0.0540191312731082,0.0020448510215772954,0.18072136275081457,0.042129938566883865,0.3888421287095739,4.19330846930619,1.4653073659691163,0.0
64,1464,1.5955561689997282,0.28370779688752923,0.06492674161841058,0.3266916590768966,0.044944865713217826,0.05336372005521639,0.0020200409539795133,0.17960504184745055,0.0418697007601089,0.3863266335493782,4.194498547885873,1.465713724816432,0.0
64,1468,1.599915612084427,0.28207183004672565,0.06455234938268627,0.32470527531491145,0.04467158738193259,0.052716757908655154,0.001995550719221218,0.17849649924959113,0.04161127623942295,0.3838297638329795,4.195679770811929,1.4661170549952809,0.0
64,1472,1.6042750551691256,0.280446320072661,0.0641803502087401,0.322732483968043,0.04440017903800443,0.05207812810408541,0.0019713758986066136,0.1773956721079035,0.041354650353328866,0.3813513569842115,4.196852212418964,1.4665173827740854,0.0
64,1476,1.6086344982538243,0.2788311908774861,0.06381072668381088,0.32077317735900734,0.0441306258676451,0.05144771565650785,0.0019475121394704918,0.17630249817778795,0.04109980859130547,0.37889125213708846,4.198015946321992,1.4669147341547841,0.0
64,1480,1.612993941338523,0.2772263670209861,0.06344346154334897,0.31882724882558444,0.043862913196714544,0.05082540729684126,0.0019239551541023504,0.1752169158123577,0.040846736582170994,0.3764492901141284,4.199171045424583,1.4673091348759557,0.0
64,1484,1.6173533844232217,0.27563177370397324,0.06307853766950429,0.3168945927090532,0.043597026489129886,0.050211091444140266,0.0019007007186947209,0.1741388639555159,0.04059542009246919,0.37402531340500095,4.200317581926898,1.4677006104158994,0.0
64,1488,1.6217128275079205,0.2740473367617612,0.06271593808963287,0.3149751043427837,0.04333295134529599,0.049604658177884176,0.001877744672294183,0.17306828213512834,0.040345845024877765,0.371619166145499,4.201455627333626,1.4680891859956755,0.0
64,1492,1.6260722705926192,0.27247298265771996,0.0623556459748219,0.3130686800409855,0.04307067350055748,0.04900599921130322,0.0018550829157916511,0.1720051104562906,0.04009799741663875,0.3692306940968116,4.202585252461809,1.4684748865821036,0.0
64,1496,1.6304317136773179,0.2709086384769086,0.06199764463843258,0.3111752170876068,0.04281017882367157,0.048415007864761606,0.0018327114109148118,0.1709492895946864,0.03985186343801026,0.3668597446251079,4.203706527448566,1.4688577368907243,0.0
64,1500,1.6347911567620166,0.2693542319197878,0.06164191753466126,0.3092946137253875,0.04255145331530199,0.04783157903976587,0.00181062617924423,0.16990076079003888,0.039607429390739836,0.36450616668143726,4.204819521758721,1.4692377613887182,0.0
64,1504,1.6391505998467153,0.26780969129600696,0.061288448257117524,0.3074267691450557,0.0422944831065327,0.047255609193484815,0.0017888233012488216,0.16885946583964964,0.03936468170655823,0.3621698107818997,4.205924304192326,1.4696149842977895,0.0
64,1508,1.643510042931414,0.26627494551826864,0.060937220537420185,0.30557158347467334,0.04203925445740213,0.04668699631361051,0.0017672989153342368,0.16782534709202734,0.03912360694569411,0.3598505289881369,4.20702094289208,1.4699894295970097,0.0
64,1512,1.6478694860161127,0.264749924096267,0.060588218243810006,0.30372895776912423,0.041785753755456956,0.046125639893759285,0.0017460492169116858,0.1667983474406024,0.03888419179540885,0.35754817488808477,4.208109505350667,1.470361121025624,0.0
64,1516,1.6522289291008114,0.2632345571306993,0.06024142537977922,0.30189879399974245,0.041533967514325226,0.045571440909242256,0.0017250704574807488,0.16577841031752713,0.03864642306855117,0.3552626035770291,4.209190058417982,1.470730082085822,0.0
64,1520,1.6565883721855101,0.26172877530735084,0.059896826082717944,0.30008099504408103,0.04128388237230879,0.04502430179334738,0.0017043589437315538,0.16476547968756047,0.03841028770213158,0.35299367163892315,4.210262668308275,1.4710963360454705,0.0
64,1524,1.6609478152702088,0.26023250989124985,0.05955440462257646,0.29827546467581545,0.041035485090994264,0.04448412641377786,0.001683911036652872,0.16375950004203454,0.03817577275591584,0.35074123712798694,4.211327400607193,1.4714599059408116,0.0
64,1528,1.6653072583549076,0.2587456927208945,0.05921414540054405,0.29648210755478405,0.040788762553882814,0.043950820050056905,0.001663723150676791,0.16276041639290356,0.03794286541103762,0.3485051595505718,4.212384320278738,1.4718208145791254,0.0
64,1532,1.6696667014396063,0.2572682562025473,0.05887603294774332,0.2947008292171589,0.04054370176503794,0.04342428937064824,0.0016437917528126312,0.16176817426687237,0.037711552968629755,0.3462852998472866,4.213433491672136,1.4721790845413576,0.0
64,1536,1.674026144524305,0.2558001333045997,0.05854005192394051,0.2929315360657486,0.04030028984775133,0.04290444241092928,0.001624113361813138,0.16078271969960406,0.03748182284847393,0.3440815203753874,4.214474978528606,1.4725347381847127,0.0
64,1540,1.6783855876090037,0.25434125755200293,0.05820618711627092,0.2911741353604286,0.04005851404322633,0.04239118855144852,0.001604684547351433,0.15980399923000513,0.037253662587668414,0.3418936848914176,4.215508843988055,1.472887797645214,0.0
64,1544,1.6827450306937024,0.2528915630207656,0.057874423437979834,0.28942853520869866,0.0398183617092789,0.04188443849652401,0.0015855019292108745,0.1588319598945877,0.03702705983931377,0.33972165853410463,4.216535150595686,1.4732382848402297,0.0
64,1548,1.6871044737784011,0.25145098433251695,0.057544745927178155,0.2876946445563639,0.03957982031905551,0.04138410425321126,0.001566562176488907,0.15786654922190596,0.0368020023712159,0.3375653078074937,4.217553960308506,1.4735862214709678,0.0
64,1552,1.6914639168630998,0.25001945664913444,0.05721713974561303,0.2859723731783397,0.03934287745976813,0.040890099110626466,0.001547862006814356,0.15690771522706762,0.03657847806460651,0.33542450056433526,4.218565334501774,1.473931629024936,0.0
64,1556,1.6958233599477985,0.24859691566743514,0.05689159017745292,0.28426163166957613,0.03910752083144568,0.04040233761973866,0.0015293981855824784,0.1559554064063181,0.03635647491288062,0.3332991059897025,4.219569333975346,1.4742745287783716,0.0
64,1560,1.7001828030324972,0.2471832976139299,0.056568082628087116,0.282562331436102,0.03887373824570187,0.039920735573304,0.0015111675251953892,0.15500957173169655,0.036135981020350726,0.33118899458484713,4.220566018959955,1.4746149417986405,0.0
64,1564,1.704542246117196,0.24577853923963933,0.05624660262293936,0.28087438468618564,0.03864151762451914,0.0394452099864111,0.001493166884325621,0.15407016064576226,0.03591698460101743,0.32909403815128235,4.221555449123398,1.4749528889466035,0.0
64,1568,1.7089016892018947,0.24438257781497083,0.055927135806295436,0.2791977044216112,0.038410846999048516,0.03897567907714006,0.0014753931671839871,0.1531371230563915,0.0356994739773565,0.3270141097751008,4.222537683576654,1.4752883908789538,0.0
64,1572,1.7132611322865934,0.24299535112465573,0.055609667940144554,0.2775322044290677,0.03818171450842495,0.038512062247633594,0.0014578433228030453,0.152210409331642,0.035483437579121625,0.3249490838115035,4.223512780879923,1.4756214680505235,0.0
64,1576,1.717620575371292,0.241616797462746,0.05529418490303434,0.27587779927165124,0.03795410839859822,0.03805428006549505,0.0014405143443329326,0.15128997029468594,0.03526886394216322,0.32289883586956064,4.224480799048582,1.4759521407165608,0.0
64,1580,1.7219800184559908,0.24024685562766895,0.054980672688939074,0.2742344042804758,0.03772801702117872,0.037602254245541644,0.0014234032683506502,0.15037575721880847,0.035055741707262486,0.32086324279717693,4.225441795559072,1.476280428934978,0.0
64,1584,1.7263394615406895,0.2388854649173401,0.054669117406141304,0.27260193554639356,0.037503428832298506,0.037155907631827745,0.001406507174179569,0.14946772182247242,0.03484405961898086,0.31884218266628,4.226395827354716,1.4766063525685713,0.0
64,1588,1.7306989046253882,0.2375325651243332,0.054359505276126485,0.2709803099118218,0.037280332391486766,0.03671516417993814,0.001389823183219155,0.14856581626444765,0.03463380652452458,0.31683553475820997,4.227342950851448,1.4769299312872102,0.0
64,1592,1.735058347710087,0.23618809653110515,0.05405182263249018,0.2693694449626743,0.0370587163605598,0.036279948939750284,0.0013733484582924475,0.1476699931390028,0.034424971372623785,0.31484317954931623,4.228283221943487,1.4772511845700025,0.0
64,1596,1.7394177907947856,0.23485199990527775,0.05374605591985833,0.26776925902039717,0.036838569502525405,0.035850188038153874,0.0013570802029919244,0.146780205471161,0.03421754321242651,0.3128649986967619,4.229216696008928,1.4775701317074283,0.0
64,1600,1.7437772338794844,0.23352421649497251,0.05344219169281956,0.26617967113410607,0.036619880680501045,0.03542580866252365,0.0013410156610538758,0.14589640671201598,0.034011511192406786,0.31090087502451724,4.230143427915272,1.477886791803449,0.0
64,1604,1.748136676964183,0.23220468802420113,0.05314021661487035,0.2646006010728253,0.036402638856646206,0.03500673904405005,0.001325152115727401,0.14501855073411007,0.03380686455928714,0.30895069250955937,4.23106347202488,1.4782011837775886,0.0
64,1608,1.7524961200488818,0.23089335668830724,0.052840117457371834,0.2630319693178238,0.03618683309110802,0.03459290844160989,0.001309486889163845,0.14414659182687087,0.03360359265697481,0.3070143362682577,4.231976882200364,1.4785133263669885,0.0
64,1612,1.7568555631335805,0.229590165149461,0.05254188109851875,0.26147369705504997,0.03597245254098042,0.0341842471258218,0.0012940173418132307,0.14328048469210694,0.03340168492551167,0.3050916925429509,4.232883711809905,1.4788232381284376,0.0
64,1616,1.7612150062182792,0.22829505653220666,0.052245494522320475,0.2599257061676635,0.03575948645927677,0.033780686363371615,0.0012787408718309082,0.14242018443956256,0.03320113090003796,0.3031826486887122,4.233784013732518,1.4791309374403752,0.0
64,1620,1.765574449302978,0.2270079744190591,0.05195094481759333,0.2583879192286594,0.03554792419391508,0.033382158401650486,0.0012636549144960435,0.14156564658252824,0.03300192020976903,0.30128709316029273,4.234677840363235,1.4794364425048692,0.0
64,1624,1.7699338923876766,0.22572886284615165,0.05165821917696456,0.2568602594935878,0.0353377551867164,0.032988596453549235,0.0012487569416360204,0.14071682703350805,0.03280404257698524,0.29940491549925496,4.2355652436182325,1.47973977134957,0.0
64,1628,1.7742933354723753,0.22445766629893368,0.05136730489588769,0.2553426508933639,0.035128968972415665,0.032599934682636444,0.0012340444610653692,0.13987368209994264,0.032607487816034994,0.29753600632127464,4.236446274939904,1.4800409418296387,0.0
64,1632,1.778652778557074,0.22319432970791628,0.05107818937166899,0.2538350180271695,0.03492155517768517,0.03221610818845022,0.0012195150160289982,0.13903616847998648,0.03241224583235024,0.2956802573036219,4.2373209853018485,1.4803399716296524,0.0
64,1636,1.7830122216417728,0.22193879844446715,0.050790860102505074,0.2523372861554435,0.03471550352017014,0.03183705299214523,0.001205166184658874,0.1382042432583391,0.0322183066214747,0.2938375611728158,4.2381894252138235,1.4806368782654837,0.0
64,1640,1.7873716647264715,0.22069101831665192,0.050505304686531215,0.2508493811929595,0.03451080380753642,0.03146270602243817,0.0011909955794419972,0.13737786390212914,0.032025660268104335,0.2920078116924425,4.239051644726616,1.4809316790861597,0.0
64,1644,1.7917311078111702,0.21945093556512346,0.05022151082088058,0.24937122970199133,0.03430744593653023,0.031093005101553217,0.0011770008466883812,0.13655698825685056,0.031834296945140006,0.29019090365114913,4.239907693436868,1.4812243912756942,0.0
64,1648,1.7960905508958689,0.21821849685905712,0.049939466300754055,0.24790275888556312,0.03410541989204952,0.030727888931536995,0.0011631796660130128,0.13574157454235097,0.03164420691275225,0.2883867328507966,4.2407576204918325,1.481515031854899,0.0
64,1652,1.8004499939805676,0.21699364929213155,0.0496591590185004,0.2464438965807837,0.03390471574622695,0.03036729708097141,0.0011495297498328807,0.13493158134886976,0.031455380517457686,0.28659519609476886,4.2416014745940815,1.481803617683174,0.0
64,1656,1.8048094370652663,0.21577634037855437,0.04938057696270676,0.2449945712522633,0.03370532365752418,0.030011169971530194,0.0011360488428580815,0.1341269676331264,0.031267808191207135,0.28481619117645485,4.242439304006154,1.482090165460271,0.0
64,1660,1.809168880149965,0.21456651804913315,0.04910370821729947,0.24355471198561326,0.03350723386983761,0.02965944886520333,0.001122734721608212,0.13332769271445852,0.031081480450485307,0.28304961686787194,4.243271156555133,1.4823746917280407,0.0
64,1664,1.8135283232346637,0.21336413064738932,0.04882854096065477,0.2421242484810245,0.033310436711614884,0.029312075851251507,0.0011095851939185398,0.13253371627100752,0.0308963878954216,0.281295372908456,4.244097079637198,1.4826572128721534,0.0
64,1668,1.8178877663193624,0.21216912692571605,0.048555063464719474,0.24070311104692677,0.03311492259498262,0.02896899383382845,0.0010965980984714572,0.13174499833595288,0.030712521208912224,0.2795533599939936,4.244917120222089,1.4829377451238008,0.0
64,1672,1.8222472094040612,0.2109814560415784,0.04828326409414143,0.239291230593725,0.03292068201488463,0.028630146519532218,0.001083771304325245,0.13096149929379283,0.030529871155753157,0.27782347976571026,4.245731324857539,1.4832163045613775,0.0
64,1676,1.8266066524887599,0.20980106755375652,0.048013131305409726,0.23788853862761417,0.03272770554823103,0.028295478405198082,0.0010711027104519817,0.13018317987667222,0.030348428581784093,0.27610563479950273,4.246539739673647,1.4834929071121383,0.0
64,1680,1.8309660955734586,0.208627911418629,0.04774465364600414,0.2364949672444679,0.03253598385305745,0.027964934765975613,0.0010585902452862114,0.12941000116075504,0.03016818441304281,0.27439972859531697,4.247342410387192,1.4837675685538394,0.0
64,1684,1.8353255386581573,0.20746193798649842,0.047477819753554286,0.23511044912380366,0.03234550766769478,0.027638461643590517,0.0010462318662806047,0.12864192456264284,0.0299891296549302,0.2727056655666671,4.248139382305904,1.4840403045163564,0.0
64,1688,1.839684981742856,0.20630309799795757,0.047212618355007945,0.23373491752282186,0.03215626780994908,0.027316005834677526,0.00103402555946431,0.12787891183583758,0.029811255391385717,0.2710233510302988,4.24893070033268,1.4843111304832826,0.0
64,1692,1.8440444248275547,0.20515134258029435,0.04694903826580839,0.2323683062705156,0.03196825517629131,0.026997514879525397,0.001021969339016904,0.12712092506724737,0.02963455278407278,0.2693526911959838,4.249716408969751,1.4845800617935108,0.0
64,1696,1.8484038679122534,0.20400662324393773,0.046687068389081,0.23101054976185498,0.03178146074105709,0.02668293705063718,0.0010100612468353497,0.12636792667373659,0.029459013071574523,0.2676935931564589,4.2504965523227956,1.4848471136427908,0.0
64,1700,1.8527633109969521,0.20286889187894155,0.0464266977148286,0.22966158295203953,0.03159587555565609,0.026372221342029434,0.0009982993521289282,0.12561987939871738,0.029284627568599213,0.2660459648774913,4.251271174105009,1.485112301085272,0.0
64,1704,1.8571227540816508,0.20173810075150722,0.046167915319135666,0.22832134135082205,0.03141149074779111,0.026065317458133563,0.0009866817509991055,0.1248767463087839,0.029111387665195623,0.26440971518808365,4.252040317641123,1.4853756390350243,0.0
64,1708,1.8614821971663496,0.2006142025005441,0.04591071036338115,0.22698976101689963,0.031228297520686347,0.025762175803251353,0.0009752065660403812,0.12413849079038705,0.02893928482597784,0.26278475377079996,4.252804025871374,1.485637142267543,0.0
64,1712,1.8658416402510483,0.19949715013426794,0.045655072093460085,0.22566677855237413,0.03104628715232538,0.025462747471109992,0.000963871945944903,0.123405076546551,0.028768310589359813,0.26117099115222814,4.2535623413554315,1.4858968254212328,0.0
64,1716,1.870201083335747,0.19838689702683585,0.04540098983901342,0.22435233109727812,0.030865450994698028,0.025166984234374468,0.0009526760651054657,0.12267646759362898,0.02859845656679906,0.25956833869356294,4.25431530627627,1.4861547029988755,0.0
64,1720,1.8745605264204457,0.1972833969150174,0.04514845301266625,0.2230463563241664,0.030685780473056274,0.024874838534742594,0.0009416171232405666,0.12195262825809872,0.028429714442049635,0.25797670858131483,4.255062962444009,1.4864107893690799,0.0
64,1724,1.8789199695051444,0.19618660389490228,0.04489745110927436,0.22174879243277357,0.030507267085179285,0.024586263472698988,0.0009306933450065512,0.12123352317339728,0.02826207597042424,0.2563960138181431,4.255805351299691,1.4866650987677126,0.0
64,1728,1.883279412589843,0.19509647241864375,0.04464797370517893,0.22045957814473463,0.030329902400647094,0.0243012127978659,0.0009199029796323508,0.1205191172767941,0.02809553297806527,0.25482616821380144,4.25654251391903,1.4869176452993131,0.0
64,1732,1.8876388556745418,0.19401295729123616,0.0444000104574691,0.2191786526983688,0.03015367806012298,0.024019640899339834,0.000909244300553683,0.1198093758063018,0.027930077361224666,0.2532670863762178,4.257274491016108,1.487168442938491,0.0
64,1736,1.8919982987592405,0.1929360136673286,0.04415355110325276,0.217905955843526,0.029978585774644455,0.02374150279605658,0.0008987156050483284,0.11910426429762477,0.027765701085552565,0.2517186837026712,4.258001322947031,1.4874175055313066,0.0
64,1740,1.8963577418439392,0.19186559704807116,0.04390858545893481,0.21664142783649387,0.02980461732492262,0.023466754127525746,0.0008883152138853931,0.11840374858114407,0.027602396185394402,0.2501808763710985,4.258723049713538,1.4876648467966342,0.0
64,1744,1.900717184928638,0.19080166327799605,0.043665103419503394,0.2153850094349656,0.029631764560649834,0.023195351144650544,0.0008780414709777992,0.117707794778939,0.027440154763096605,0.24865358133150925,4.259439710966575,1.4879104803275103,0.0
64,1748,1.9050766280133367,0.18974416854193213,0.04342309495782382,0.214136641893068,0.029460019399815712,0.02292725070061863,0.0008678927430374647,0.11701636930184456,0.02727896898832059,0.2471367162975134,4.260151346009823,1.4881544195924636,0.0
64,1752,1.9094360710980354,0.18869306936195118,0.043182550123939685,0.21289626695644692,0.029289373828030995,0.022662410242006104,0.0008578674192385531,0.11632943884654372,0.027118831097364942,0.24563019973795325,4.2608579938031825,1.4883966779368323,0.0
64,1756,1.913795514182734,0.1876483225943482,0.04294345904438179,0.2116638268574121,0.02911981989785959,0.022400787799966793,0.0008479639108839499,0.1156469703926951,0.0269597333924958,0.24413395086865158,4.261559692966225,1.4886372685840612,0.0
64,1760,1.9181549572674328,0.1866098854266531,0.04270581192148436,0.21043926431013893,0.02895134972815846,0.022142341981691516,0.0008381806510819607,0.11496893120009495,0.02680166824128525,0.24264788964426612,4.262256481781595,1.4888762046369872,0.0
64,1764,1.9225144003521315,0.18557771537467363,0.04246959903270816,0.20922252250592516,0.028783955503425055,0.021887031961867365,0.0008285160944230084,0.11429528880587214,0.02664462807595744,0.24117193675024032,4.262948398198382,1.4891134990791066,0.0
64,1768,1.9268738434368302,0.1845517702795699,0.042234810729971164,0.20801354510850478,0.028617629473152623,0.02163481747430751,0.0008189687166627868,0.11362601102171732,0.026488605392742608,0.23970601359486782,4.263635479835446,1.4893491647758301,0.0
64,1772,1.931233286521529,0.18353200830496053,0.042001437438986176,0.20681227624941637,0.028452363951192997,0.02138565880373733,0.0008095370144113308,0.11296106593114506,0.026333592751238862,0.23825004230145105,4.264317763984712,1.4895832144757202,0.0
64,1776,1.9355927296062276,0.1825183879340586,0.04176946965860545,0.20561866052342578,0.028288151315126877,0.021139516777736844,0.0008002195048280035,0.11230042188678818,0.02617958277378141,0.23680394570056829,4.264995287614417,1.4898156608117143,0.0
64,1780,1.9399521726909263,0.18151086796683727,0.041538897960172,0.20443264298400068,0.028124984005641222,0.02089635275872581,0.000791014725318099,0.11164404750772355,0.026026568144819153,0.2353676473224324,4.26566808737233,1.4900465163023364,0.0
64,1784,1.944311615775625,0.18050940751722602,0.04130971298687801,0.20325416913883965,0.02796285452591418,0.020656128636161952,0.0007819212332375116,0.1109919116768306,0.0258745416102989,0.23394107138934833,4.266336199588925,1.4902757933528892,0.0
64,1788,1.9486710588603238,0.1795139660103364,0.041081905453129876,0.2020831849454523,0.027801755441007003,0.020418806818838675,0.0007729376056011733,0.11034398353818005,0.025723495977056626,0.2325241428082741,4.266999660280529,1.4905035042566357,0.0
64,1792,1.9530305019450225,0.17852450317971552,0.04085546614391974,0.2009196368067902,0.027641679377262984,0.020184350227296477,0.0007640624387957926,0.10970023249445367,0.02557342411221597,0.23111678716346534,4.2676585051524265,1.490729661195967,0.0
64,1796,1.9573899450297212,0.17754097906462962,0.04063038591420376,0.19976347156692903,0.027482619021713412,0.019952722286205926,0.0007552943482915188,0.10906062820439438,0.025424318942593782,0.2297189307092218,4.268312769601924,1.4909542762435537,0.0
64,1800,1.96174938811442,0.176563354007375,0.04040665568828678,0.19861463650679997,0.027324567121490322,0.01972388691737592,0.0007466319683772754,0.10842514058028593,0.0252761734541126,0.22833050036272137,4.2689624887213915,1.491177361363486,0.0
64,1804,1.9661088311991186,0.1755915886506175,0.040184266459213434,0.19747307933997088,0.027167516483246088,0.019497808532008776,0.0007380739518675819,0.10779373978546247,0.02512898069122008,0.22695142369694604,4.269607697301265,1.4913989284123994,0.0
64,1808,1.9704682742838173,0.17462564393475907,0.03996320928816546,0.19633874820847508,0.027011459972579553,0.019274452024035327,0.0007296189698502608,0.10716639623184672,0.024982733756315073,0.22558162893369588,4.270248429833007,1.4916189891405878,0.0
64,1812,1.974827717368516,0.17366548109533173,0.03974347530386537,0.1952115916786883,0.026856390513468817,0.0190537827628674,0.0007212657114120864,0.10654308057751698,0.02483742580918047,0.22422104493669656,4.270884720512046,1.4918375551931027,0.0
64,1816,1.9791871604532147,0.17271106166041916,0.03952505570198631,0.19409155873725378,0.02670230108771061,0.018835766586519753,0.0007130128833784228,0.10592376372430276,0.02469305006642267,0.22286960120478522,4.271516603240673,1.4920546381108393,0.0
64,1820,1.9835466035379135,0.17176234744810315,0.03930794174456774,0.19297859878705156,0.026549184734365777,0.01862036979491677,0.0007048592100598535,0.10530841681540729,0.024549599800917345,0.22152722786518586,4.272144111630908,1.492270249331612,0.0
64,1824,1.9879060466226122,0.1708193005639389,0.03909212475943761,0.1918726616432167,0.02639703454921147,0.018407559143028607,0.000696803432992356,0.10469701123305904,0.024407068341261974,0.22019385566687089,4.2727672790073425,1.4924844001912139,0.0
64,1828,1.9922654897073109,0.16988188339845367,0.038877596139639925,0.19077369752920015,0.02624584368419923,0.01819730183447632,0.0006888443106952289,0.10408951859618878,0.024265449071234294,0.2188694159740033,4.2733861384099345,1.4926971019244673,0.0
64,1832,1.9966249327920096,0.1689500586246727,0.038664347342868596,0.1896816570728757,0.026095605346919397,0.017989565514952233,0.0006809806184220247,0.10348591075813458,0.024124735429257298,0.21755384075946124,4.2740007225967815,1.4929083656662598,0.0
64,1836,2.0009843758767083,0.16802378919567,0.038452369890906876,0.18859649130269107,0.025946312800071578,0.01778431826583926,0.0006732111479190156,0.10288615980437271,0.02398492090787026,0.21624706259844054,4.274611064046867,1.4931182024525687,0.0
64,1840,2.005343818961407,0.16710303834214377,0.03824165536907254,0.18751815164386149,0.025797959360940998,0.01758152859797235,0.0006655347071890367,0.10229023805027446,0.023845999053205818,0.2149490146621416,4.275217194962763,1.4933266232214744,0.0
64,1844,2.0097032620461057,0.16618776957001713,0.03803219542566878,0.1864465899146071,0.025650538400880843,0.017381165445399915,0.0006579501202553301,0.10169811803888888,0.02370796346447305,0.21365963071153263,4.275819147273315,1.4935336388141616,0.0
64,1848,2.0140627051308044,0.16527794665806314,0.037823981771440716,0.185381758322433,0.025504043344800477,0.017183198159358426,0.0006504562269334591,0.1011097725387512,0.023570807793446596,0.2123788450911885,4.276416952636292,1.4937392599759072,0.0
64,1852,2.018422148215503,0.16437353365555366,0.03761700617903731,0.18432360946045004,0.0253584676706593,0.016987596502261226,0.0006430518826037579,0.10052517454171556,0.023434525743961418,0.21110659272320786,4.277010642440999,1.4939434973570596,0.0
64,1856,2.022781591300202,0.16347449487993193,0.037411260482478725,0.1832720963037374,0.0252138049089663,0.016794330641786814,0.0006357359579875497,0.09994429726081278,0.023299111071413404,0.20984280910120148,4.277600247810882,1.4941463615140047,0.0
64,1860,2.0271410343849006,0.16258079491450939,0.037206736576629304,0.1822271722057461,0.02507004864228528,0.01660337114503818,0.0006285073389260521,0.09936711412813261,0.02316455758226566,0.20858743028436175,4.278185799606075,1.494347862910122,0.0
64,1864,2.0315004774695993,0.16169239860618478,0.03700342641667551,0.18118879089474216,0.024927192504745503,0.016414688972957947,0.0006213649261689673,0.09879359879272961,0.023030859133560348,0.2073403928915977,4.278767328425947,1.4945480119167276,0.0
64,1868,2.035859920554298,0.16080927106318751,0.03680132201760954,0.18015690647029028,0.024785230181557955,0.016228255474487696,0.0006143076351533876,0.0982237251185535,0.022898009632436187,0.20610163409574567,4.279344864611601,1.4947468188140094,0.0
64,1872,2.0402193636389967,0.15993137765284213,0.03660041545371769,0.17913147339977523,0.024644155408536757,0.016044042381196277,0.000607334395800455,0.09765746718240173,0.022766003035651176,0.20487109161785125,4.279918438248353,1.4949442937919484,0.0
64,1876,2.0445788067236954,0.15905868399935677,0.036400698858074274,0.1781124465149636,0.024503961971626156,0.0158620218017802,0.0006004441523071772,0.09709479927189635,0.02263483334911094,0.2036487037215179,4.280488079168184,1.4951404469512315,0.0
64,1880,2.048938249808394,0.15819115598163236,0.03620216442204024,0.17709978100860152,0.024364643706432435,0.015682166216663518,0.0005936358629420107,0.09653569588348257,0.022504494627402165,0.20243440920732575,4.281053816952165,1.4953352883041542,0.0
64,1884,2.053297692893093,0.15732875973109495,0.03600480439476709,0.17609343243105222,0.024226194497761346,0.015504448472668741,0.0005869084998431332,0.09598013172045072,0.022374980973331467,0.20122814740732436,4.281615680932853,1.4955288277755099,0.0
64,1888,2.0576571359777915,0.15647146162954886,0.03580861108270558,0.17509335668696893,0.02408860827916037,0.015328841777972002,0.0005802610488274742,0.09542808169097965,0.022246286537469274,0.2000298581795797,4.282173700196662,1.4957210752034733,0.0
64,1892,2.0620165790624903,0.15561922830705205,0.03561357684911952,0.1740995100320061,0.023951879032466254,0.015155319696688707,0.0005736925091857602,0.09487952090620282,0.022118405517698992,0.19883948190279865,4.282727903586211,1.4959120403404693,0.0
64,1896,2.066376022147189,0.15477202663981132,0.03541969411360404,0.17311184906956473,0.023816000787357256,0.014983856144141328,0.0005672018935033801,0.0943344246782951,0.021991332158770988,0.1976569594710161,4.283278319702638,1.4961017328540358,0.0
64,1900,2.0707354652318877,0.15392982374809994,0.035226955351609066,0.17213033074757536,0.02368096762091057,0.014814425381629803,0.0005607882274624236,0.09379276851858152,0.02186506075186171,0.19648223228833872,4.2838249769078995,1.4962901623276745,0.0
64,1904,2.0750949083165864,0.1530925869941943,0.03503535309396714,0.17115491235531463,0.023546773657164337,0.014647002011685117,0.0005544505496620081,0.09325452813566663,0.0217395856341376,0.19531524226376296,4.284367903327035,1.4964773382616927,0.0
64,1908,2.079454351401285,0.15226028398033262,0.03484487992642622,0.1701855515202581,0.023413413066684697,0.014481560973109708,0.0005481879114305387,0.0927196794335851,0.02161490118832395,0.1941559318060485,4.284907126850419,1.4966632700740352,0.0
64,1912,2.083813794485984,0.1514328825466925,0.034655528489186904,0.16922220620496628,0.02328088006613736,0.014318077536415785,0.0005419993766530283,0.09218819850997237,0.021491001842278465,0.19300424381865444,4.28544267513597,1.496847967101107,0.0
64,1916,2.0881732375706825,0.15061035076938914,0.034467291476444256,0.16826483470400533,0.023149168917863987,0.014156527298993637,0.000535884021588198,0.09166006165425591,0.021367882068569582,0.19186012169473704,4.285974575611356,1.4970314385985863,0.0
64,1920,2.0925326806553812,0.14979265695849317,0.03428016163593422,0.16731339564090064,0.02301827392946306,0.013996886180464685,0.000529840934692571,0.09113524534586613,0.021245536384059405,0.19072350931220614,4.286502855476166,1.4972136937422296,0.0
64,1924,2.09689212374008,0.14897976965606718,0.03409413176848429,0.16636784796512358,0.022888189453375344,0.013839130418276113,0.0005238692164537108,0.09061372625246708,0.021123959349491253,0.1895943510288439,4.28702754170405,1.4973947416286655,0.0
64,1928,2.1012515668247786,0.14817165763422274,0.03390919472756883,0.1654281509491111,0.022758909886473846,0.013683236563224455,0.0005179679792207695,0.0900954812282067,0.021003145569081748,0.1884725916774767,4.287548661044855,1.4975745912761822,0.0
64,1932,2.1056110099094774,0.1473682898931954,0.033725343418868535,0.16449426418531723,0.022630429669658187,0.013529181474922325,0.0005121363470328855,0.08958048731198619,0.020883089690117373,0.18735817656120718,4.288066240026723,1.497753251625503,0.0
64,1936,2.109970452994176,0.14656963565943903,0.03354257079983436,0.1635661475832965,0.022502743287453334,0.013376942317620433,0.0005063734554610283,0.08906872172574837,0.02076378640255544,0.1862510514487032,4.288580304958169,1.497930731540556,0.0
64,1940,2.114329896078875,0.1457756643837385,0.03336086987925556,0.1626437613668188,0.02237584526761269,0.013226496555773792,0.0005006784514401617,0.08856016187278466,0.020645230438629435,0.18515116256954095,4.2890908819301465,1.498107039809233,0.0
64,1944,2.1186893391635735,0.14498634573934097,0.03318023371683204,0.16172706607101509,0.0222497301807254,0.013077821949963209,0.000495050493114854,0.08805478533606081,0.020527416572458684,0.18405845660960674,4.289597996818072,1.4982821851441426,0.0
64,1948,2.123048782248272,0.14420164962010484,0.03300065542275079,0.16081602253955363,0.022124392639827874,0.012930896552731497,0.0004894887496816626,0.0875525698765604,0.02041033961966221,0.18297288070654766,4.290101675283849,1.4984561761833501,0.0
64,1952,2.127408225332971,0.14342154613866712,0.03282212815726641,0.15991059192184656,0.021999827300019485,0.01278569870440549,0.0004839924012309783,0.08705349343164666,0.020293994436976825,0.1818943824452769,4.290601942777855,1.4986290214911147,0.0
64,1956,2.1317676684176696,0.14264600562462848,0.0326446451302858,0.15901073567028634,0.02187602885808236,0.012642207029216479,0.00047856063860016835,0.08655753411344211,0.020178375921879405,0.1808229098535411,4.291098824540912,1.4988007295586143,0.0
64,1960,2.1361271115023683,0.14187499862275557,0.032468199600956794,0.15811641553751143,0.021752992052105218,0.012500400431221692,0.000473192663219187,0.08606467020722548,0.020063479012213163,0.1797584113975236,4.29159234560624,1.4989713088046643,0.0
64,1964,2.140486554587067,0.141108495891201,0.03229278487726071,0.15722759357370142,0.02163071166111122,0.01236025809048158,0.00046788768696587004,0.08557488016984634,0.019949298685818063,0.17870083597751138,4.292082530801385,1.499140767576428,0.0
64,1968,2.1448459976717658,0.14034646839974005,0.032118394315608916,0.15634423212390017,0.021509182504689736,0.012221759459194459,0.00046264493201961433,0.08508814262815623,0.019835829960165106,0.17765013292360968,4.292569404750126,1.4993091141501178,0.0
64,1972,2.1492054407564645,0.13958888732802496,0.031945021320443245,0.1554662938253683,0.021388399442632076,0.012084884257888007,0.00045746363071721014,0.08460443637745743,0.01972306789199469,0.1766062519915069,4.293052991874367,1.4994763567316909,0.0
64,1976,2.153564883841163,0.13883572406385508,0.03177265934384018,0.15459374160496256,0.021268357374570963,0.011949612471710225,0.0004523430254124387,0.08412374037996762,0.019611007576958682,0.1755691433582827,4.293533316396,1.4996425034575356,0.0
64,1980,2.157924326925862,0.1380869502014644,0.0316013018851189,0.15372653867654387,0.021149051239623965,0.011815924346734619,0.0004472823683362074,0.08364603376330175,0.019499644149266533,0.17453875761827525,4.294010402338762,1.49980756239515,0.0
64,1984,2.1622837700105606,0.1373425375398252,0.03143094249045312,0.15286464853841208,0.02103047601604055,0.011683800386379062,0.00044228092146098903,0.08317129581896959,0.019388972781335008,0.17351504577899013,4.294484273530057,1.499971541543814,0.0
64,1988,2.1666432130952593,0.13660245808096735,0.03126157475248642,0.15200803497076745,0.020912626720852864,0.01155322134782466,0.0004373379563652606,0.0826995060008894,0.01927898868344169,0.17249795925705433,4.29495495360277,1.5001344488352537,0.0
64,1992,2.171002656179958,0.13586668402831434,0.031093192309951466,0.15115666203319936,0.02079549840953023,0.011424168238505672,0.00043245275410063193,0.08223064392391775,0.01916968710338226,0.1714874498742242,4.295422465997056,1.5002962921342982,0.0
64,1996,2.1753620992646567,0.1351351877850354,0.030925788847292884,0.15031049406220176,0.02067908617563735,0.011296622312627846,0.0004276246050600506,0.08176468936239512,0.019061063326131444,0.17048346985343185,4.295886833962114,1.5004570792395282,0.0
64,2000,2.1797215423493554,0.1344079419524119,0.030759358094293417,0.14946949566871306,0.020563385150495828,0.011170565067729399,0.00042285280884762,0.08130162224870616,0.018953112673507383,0.16948597181488653,4.296348080557938,1.5006168178839197,0.0
64,2004,2.184080985434054,0.13368491932822057,0.03059389382570391,0.14863363173568284,0.02044839050284943,0.011045978241469356,0.0004181366741570248,0.08084142267185591,0.018845830503839707,0.16849490877220588,4.296806228657057,1.500775515735479,0.0
64,2008,2.188440428518753,0.13296609290513134,0.030429389860876666,0.14780286741566354,0.020334097438532744,0.010922843808131688,0.00041347551863919773,0.0803840708760609,0.018739212211641095,0.16751023412860952,4.2972613009462455,1.5009331803978703,0.0
64,2012,2.1927998716034516,0.13225143586912044,0.030265840063402282,0.14697716812842743,0.020220501200143348,0.010801143975527339,0.00040886866878504845,0.07992954725935504,0.018633253227282286,0.1665319016731425,4.297713319928229,1.5010898194110383,0.0
64,2016,2.1971593146881503,0.13154092159789893,0.030103238340750012,0.14615649955860827,0.02010759706671734,0.010680861181626256,0.0004043154597979716,0.07947783237221048,0.018527949016670577,0.16555986557694624,4.298162307923359,1.5012454402518218,0.0
64,2020,2.201518757772849,0.13083452365935494,0.02994157864391128,0.14534082765336662,0.019995380353408167,0.010561978091502056,0.00039981523547818966,0.07902890691617244,0.01842329508093155,0.16459408038957618,4.298608287071285,1.5014000503345628,0.0
64,2024,2.2058782008575477,0.13013221581001166,0.02978085496704677,0.14453011862008047,0.019883846411168884,0.010444477594148793,0.00039536734810225415,0.078582751742509,0.018319286956094336,0.16363450103535365,4.299051279332593,1.5015536570117063,0.0
64,2028,2.2102376439422464,0.12943397199349946,0.029621061347136803,0.14372433892405925,0.019772990626437673,0.010328342799581947,0.00039097115831330604,0.07813934785087487,0.018215920212780096,0.16268108280976468,4.299491306490441,1.5017062675743962,0.0
64,2032,2.214597087026945,0.12873976633904188,0.029462191863634822,0.1429234552862809,0.019662808420826513,0.010213557035484655,0.0003866260349941215,0.0776986763879887,0.018113190455893678,0.1617337813758992,4.299928390152166,1.501857889253063,0.0
64,2036,2.218956530111644,0.12804957315995621,0.029304240638124267,0.14212743468115258,0.019553295250813115,0.010100103844521868,0.000382331355165441,0.0772607186463248,0.018011093324318637,0.16079255276092697,4.300362551750888,1.5020085292180054,0.0
64,2040,2.2233159731963426,0.12736336695216804,0.029147201833978627,0.1413362443342945,0.01944444660743603,0.009987966981270802,0.00037808650386977476,0.07682545606281817,0.017909624490615325,0.15985735335261825,4.300793812547082,1.502158194579967,0.0
64,2044,2.2276754162810413,0.12668112239273943,0.0289910696560246,0.14054985172034615,0.019336258015992817,0.00987713040930771,0.00037389087406112435,0.076392870217583,0.017808779660722193,0.15892813989589957,4.301222193630142,1.5023068923907033,0.0
64,2048,2.23203485936574,0.1260028143384113,0.028835838350208535,0.13976822456079552,0.019228725035741436,0.009767578298450985,0.00036974386650062246,0.07596294283264488,0.01770855457366019,0.15800486948945008,4.301647715919934,1.502454629643547,0.0
64,2052,2.2363943024504387,0.12532841782415846,0.028681502203265742,0.1389913308218295,0.01912184325960448,0.009659295021819503,0.0003656448896451792,0.07553565577068555,0.017608945001240175,0.1570874995823364,4.302070400168322,1.5026014132739636,0.0
64,2056,2.2407537455351374,0.12465790806175897,0.02852805554239307,0.13821913871220684,0.019015608313876563,0.009552265153175199,0.0003615933595468871,0.07511099103380094,0.017509946747773376,0.15617598797068494,4.302490266960682,1.5027472501601025,0.0
64,2060,2.245113188619836,0.12399126043837604,0.028375492734924405,0.13745161668115286,0.01891001585793468,0.009446473464123528,0.0003575886997470471,0.0746889307622722,0.01741155564978489,0.15527029279438978,4.302907336717408,1.502892147123342,0.0
64,2064,2.249472631704535,0.12332845051515363,0.028223808188009257,0.13668873341627505,0.018805061583951448,0.009341904921470245,0.0003536303411761113,0.07426945723334921,0.0173137675757301,0.15437037253386077,4.303321629695391,1.5030361109288293,0.0
64,2068,2.2538320747892335,0.12266945402582437,0.028072996348294178,0.1359304578414999,0.018700741216611246,0.009238544684492922,0.00034971772205039857,0.07385255286004642,0.017216578425713953,0.1534761860068044,4.303733165989492,1.5031791482860122,0.0
64,2072,2.2581915178739322,0.12201424687533109,0.027923051701607304,0.13517675911503121,0.01859705051282935,0.009136378102439835,0.00034585028777741684,0.07343820018995163,0.017119984131213264,0.15258769236504224,4.304141965533992,1.503321265849167,0.0
64,2076,2.262550960958631,0.12136280513846026,0.027773968772645614,0.13442760662732783,0.018493985261473708,0.009035390711787272,0.0003420274908520409,0.07302638190404641,0.017023980654801738,0.1517048510913651,4.304548048104038,1.5034624702179213,0.0
64,2080,2.2669104040433297,0.12071510505848823,0.027625742124665124,0.13368296999910273,0.018391541283089667,0.008935568233880531,0.00033824879076721384,0.07261708081553878,0.016928563989877837,0.15082762199642027,4.3049514333170595,1.50360276793777,0.0
64,2084,2.2712698471280284,0.1200711230458403,0.027478366359174014,0.13294281907934197,0.01828971442962742,0.008836896572390174,0.00033451365391765607,0.07221027986870797,0.01683373016039547,0.14995596521563667,4.305352140634189,1.5037421655005843,0.0
64,2088,2.275629290212727,0.11943083567676138,0.0273318361156284,0.13220712394334316,0.01818850058417215,0.008739361810668811,0.00033082155349980813,0.07180596213776083,0.01673947522059739,0.14908984120617846,4.305750189361649,1.5038806693451192,0.0
64,2092,2.279988733297426,0.11879421969199955,0.027186146071131078,0.13147585489077432,0.01808789566067699,0.008642950209633682,0.0003271719694316776,0.07140411082569996,0.01664579525475135,0.1482292107439362,4.3061455986521375,1.504018285857512,0.0
64,2096,2.2843481763821245,0.11816125199550084,0.027041290940132814,0.13074898244375135,0.017987895603698505,0.008547648205038172,0.00032356438824955467,0.07100470926320311,0.01655268637688885,0.14737403492055307,4.3065383875061976,1.5041550213717771,0.0
64,2100,2.288707619466823,0.11753190965311647,0.026897265474136494,0.13002647734493508,0.01788849638813491,0.008453442405354394,0.0003199983030278588,0.07060774090751427,0.016460144730546643,0.1465242751404768,4.306928574773569,1.5042908821702952,0.0
64,2104,2.293067062551522,0.11690616989132194,0.026754064461404,0.12930831055564787,0.017789694018966958,0.008360319589385767,0.0003164732132887649,0.07021318934134602,0.016368166488510832,0.14567989311805227,4.307316179154531,1.5044258744842967,0.0
64,2108,2.2974265056362206,0.116284010095947,0.02661168272666554,0.12859445325400737,0.01769148453100118,0.008268266703836957,0.00031298862491021526,0.06982103827179234,0.016276747852563434,0.14484085087463924,4.307701219201224,1.5045600044943417,0.0
64,2112,2.3017859487209194,0.11566540781091779,0.02647011513083182,0.12788487683308036,0.017593863988615913,0.00817727086132436,0.000309544050050608,0.06943127152925323,0.016185885053231687,0.14400711073576172,4.308083713318971,1.504693278330793,0.0
64,2116,2.306145391805618,0.11505034073701034,0.026329356570708735,0.12717955289905417,0.01749682848550971,0.008087319337789722,0.00030613900705089197,0.06904387306636951,0.016095574349539725,0.14317863532829816,4.308463679767572,1.5048257020742841,0.0
64,2120,2.3105048348903168,0.11443878673061522,0.026189401978714704,0.12647845326942647,0.017400374144452335,0.00799839957070958,0.0003027730203667862,0.06865882695696891,0.016005812028762893,0.14235538757768565,4.3088411366625925,1.5049572817561852,0.0
64,2124,2.3148642779750155,0.11383072380251312,0.02605024632260043,0.12578154997121263,0.017304497117038093,0.007910499156594142,0.00029944562047410224,0.06827611739502218,0.01591659440618439,0.14153733070517163,4.309216101976641,1.5050880233590591,0.0
64,2128,2.319223721059714,0.11322613011666192,0.025911884605171336,0.12508881523917112,0.017209193583441727,0.00782360584895514,0.0002961563437918188,0.06789572869360999,0.01582791782485444,0.14072442822508188,4.309588593540626,1.5052179328171165,0.0
64,2132,2.323583164144413,0.11262498398899431,0.02577431186401239,0.12440022151404599,0.017114459752176604,0.007737707556387363,0.00029290473260945967,0.0675176452839001,0.015739778655351835,0.13991664394212652,4.309958629045007,1.5053470160166662,0.0
64,2136,2.3279426072291116,0.11202726388622627,0.025637523171215433,0.12371574144082696,0.017020291859855357,0.007652792340138603,0.0002896903349951061,0.06714185171413468,0.015652173295547876,0.1391139419487308,4.310326226041035,1.5054752787965577,0.0
64,2140,2.3323020503138103,0.11143294842467646,0.025501513633108982,0.12303534786702643,0.01692668617095283,0.00756884841240435,0.00028651270473084356,0.06676833264862783,0.015565098170372655,0.13831628662239834,4.310691401941968,1.505602726948622,0.0
64,2144,2.336661493398509,0.11084201636909566,0.02536627838999037,0.12235901384097289,0.016833638977571317,0.007485864134082476,0.0002833714012277675,0.06639707286677268,0.015478549731583607,0.1375236426230962,4.311054174024293,1.5057293662181068,0.0
64,2148,2.3410209364832077,0.11025444663150782,0.025231812615860494,0.12168671261012261,0.016741146599208254,0.007403828012940039,0.00028026598945658896,0.06602805726205933,0.015392524457536558,0.13673597489067615,4.311414559428918,1.5058552023041056,0.0
64,2152,2.3453803795679065,0.1096702182700597,0.02509811151816057,0.12101841761938535,0.016649205382525914,0.007322728701566916,0.0002771960398701708,0.06566127084110114,0.015307018852958739,0.13595324864231773,4.311772575162366,1.5059802408599858,0.0
64,2156,2.349739822652605,0.1090893104878826,0.02496517033751164,0.12035410250946874,0.016557811701123613,0.007242554995428918,0.00027416112832983036,0.0652966987226719,0.015222029448724327,0.13517542937000096,4.312128238097948,1.5061044874938085,0.0
64,2160,2.354099265737304,0.10851170263196307,0.024832984347456104,0.11969374111523731,0.016466961955311953,0.00716329583106301,0.0002711608360370205,0.06493432613675186,0.015137552801632061,0.13440248283800918,4.312481564976927,1.5062279477687464,0.0
64,2164,2.3584587088220026,0.10793737419202372,0.02470154885420165,0.11903730746408768,0.016376652571889302,0.007084940284144636,0.0002681947494601701,0.0645741384235831,0.015053585494185019,0.13363437508044695,4.312832572409674,1.5063506272034963,0.0
64,2168,2.3628181519067013,0.10736630479941486,0.02457085919636755,0.11838477577434028,0.016286880003920517,0.007007477567540832,0.00026526246026098606,0.06421612103273483,0.014970124134372724,0.13287107239880214,4.313181276876808,1.5064725312726883,0.0
64,2172,2.3671775949914,0.10679847422601468,0.024440910744732987,0.11773612045364537,0.01619764073051766,0.00693089702974703,0.00026236356523527964,0.06386025952217698,0.01488716535545519,0.13211254135951603,4.313527694730329,1.5065936654072885,0.0
64,2176,2.3715370380760987,0.10623386238314021,0.024311698901987835,0.11709131609740554,0.016108931256622962,0.006855188152712799,0.00025949766623066187,0.06350653955736368,0.014804705815749237,0.13135874879159457,4.313871842194732,1.5067140349949997,0.0
64,2180,2.3758964811607974,0.10567244932046715,0.024183219102485446,0.1164503374872126,0.016020748112793796,0.006780340550449182,0.00025666437009382525,0.06315494691032508,0.014722742198416799,0.13060966178423233,4.314213735368125,1.5068336453806583,0.0
64,2184,2.380255924245496,0.10511421522496027,0.02405546681199788,0.11581315958930062,0.015933087854989834,0.006706343967024964,0.00025386328859469405,0.0628054674587688,0.014641271211255445,0.12986524768446772,4.314553390223313,1.5069525018666239,0.0
64,2188,2.384615367330195,0.10455914041981183,0.02392843752747297,0.11517975755301242,0.015845947064362088,0.006633188274975055,0.0002510940383661751,0.062458087185189345,0.014560289586490754,0.12912547409486683,4.3148908226088984,1.5070706097131688,0.0
64,2192,2.3889748104148936,0.10400720536339063,0.02380212677679378,0.11455010670928192,0.015759322347044094,0.006560863473552558,0.000248356240837991,0.0621127921759867,0.014479794080570861,0.1283903088712224,4.315226048250349,1.5071879741388599,0.0
64,2196,2.3933342534995923,0.10345839064819932,0.02367653011854003,0.11392418256913023,0.01567321033394505,0.006489359687037677,0.0002456495221726653,0.06176956862059323,0.01439978147396291,0.12765972012028054,4.315559082751064,1.5073046003209394,0.0
64,2200,2.397693696584291,0.10291267699984184,0.02355164314175175,0.11330196082217707,0.015587607680544978,0.006418667163060832,0.00024297351320204548,0.06142840281060958,0.014320248570951597,0.12693367619749882,4.3158899415934355,1.5074204933957003,0.0
64,2204,2.4020531396689897,0.10237004527599865,0.023427461465694795,0.11268341733516496,0.015502511066691727,0.006348776271167367,0.00024032784937297078,0.061089281138947925,0.01424119219943948,0.1262121457048147,4.316218640139884,1.5075356584588577,0.0
64,2208,2.4064125827536884,0.10183047646541238,0.023303980739628687,0.11206852815049914,0.015417917196400076,0.006279677500913294,0.00023771217067518848,0.06075219009898479,0.014162609210749452,0.1254950974884479,4.316545193633903,1.5076501005659178,0.0
64,2212,2.410772025838387,0.10129395168688078,0.023181196642576164,0.11145726948479982,0.015333822797652571,0.006211361460486842,0.00023512612158917346,0.06041711628372084,0.014084496479428882,0.12478250063672074,4.316869617201075,1.5077638247325411,0.0
64,2216,2.415131468923086,0.10076045218826031,0.023059104883095143,0.11084961772746972,0.015250224622202447,0.006143818875173679,0.00023256935102803063,0.060084046384949935,0.014006850903055907,0.1240743244779004,4.317191925850091,1.507876835934903,0.0
64,2220,2.4194909120077845,0.10022995934547652,0.022937701199052245,0.1102455494392737,0.015167119445378227,0.006077040585580562,0.00023004151227025248,0.05975296719243512,0.013929669402047335,0.12337053857806989,4.317512134473756,1.5079891391100506,0.0
64,2224,2.4238503550924833,0.09970245466154407,0.02281698135739854,0.10964504135093264,0.015084504065890264,0.0060110175464416216,0.0002275422629145319,0.05942386559309314,0.013852948919468536,0.12267111273901052,4.317830257849983,1.5081007391562564,0.0
64,2228,2.428209798177182,0.09917791976559566,0.022696941153947305,0.10904807036173113,0.0150023753056392,0.005945740824799373,0.000225071264810906,0.05909672857018699,0.01377668642084521,0.12197601699611858,4.318146310642777,1.5082116409333657,0.0
64,2232,2.4325692412618807,0.0986563364119181,0.022577576413153406,0.10845461353813673,0.014920730009526009,0.005881201598853636,0.0002226281840171827,0.05877154320252531,0.013700878893976755,0.12128522161633332,4.318460307403211,1.5083218492631454,0.0
64,2236,2.4369286843465794,0.09813768647899794,0.022458882987894946,0.10786464811243382,0.014839565045264042,0.0058173911562278136,0.0002202126907333122,0.05844829666367046,0.013625523348751644,0.1205986970960915,4.318772262570398,1.5084313689296238,0.0
64,2240,2.441288127431278,0.0976219519685748,0.02234085675925656,0.10727815148136953,0.01475887730319275,0.005754300892618858,0.00021782445925028245,0.05812697622115355,0.013550616816964437,0.11991641415930383,4.319082190472441,1.50854020467943,0.0
64,2244,2.445647570515977,0.0971091150047028,0.022223493636314654,0.1066951012048122,0.01467866369609311,0.005691922310560926,0.0002154631679033184,0.057807569235696965,0.013476156352134533,0.11923834375534556,4.319390105327387,1.5086483612221306,0.0
64,2248,2.4500070136006755,0.09659915783282043,0.022106789555924548,0.10611547500442317,0.014598921159004902,0.0056302470177058694,0.00021312849900679127,0.057490063160444686,0.013402139029326741,0.11856445705707824,4.319696021244161,1.5087558432305594,0.0
64,2252,2.4543664566853742,0.0960920628188282,0.021990740482509378,0.10553925076234014,0.014519646649045568,0.005569266725714783,0.00021082013881225904,0.05717444554019942,0.013328561944973446,0.11789472545888374,4.3199999522235,1.5088626553411482,0.0
64,2256,2.458725899770073,0.0955878124481744,0.02187534240785087,0.10496640651987364,0.014440837145230883,0.0055089732488511345,0.0002085377774552104,0.05686070401066747,0.013255422216698563,0.1172291205747175,4.320301912158873,1.5089688021542496,0.0
64,2260,2.4630853428547717,0.09508638932494845,0.021760591350881882,0.10439692047621495,0.014362489648297186,0.005449358502445989,0.00020628110889696726,0.056548826297710304,0.013182716983143066,0.11656761423618815,4.320601914837389,1.5090742882344612,0.0
64,2264,2.4674447859394704,0.09458777617098234,0.021646483357480727,0.10383077098715657,0.014284601180525358,0.00539041450188904,0.00020404983088649078,0.05623880021660354,0.013110443403792244,0.11591017849065494,4.320899973940709,1.5091791181109429,0.0
64,2268,2.471804229024169,0.0940919558249596,0.021533014500267292,0.10326793656382431,0.014207168785566384,0.0053321333610654165,0.00020184364490120806,0.05593061367130272,0.013038598658804534,0.1152567855993378,4.321196103045936,1.509283296277732,0.0
64,2272,2.476163672108868,0.093598911241532,0.021420180878400877,0.1027083958714213,0.014130189528268557,0.0052745072912330215,0.00019966225610451487,0.05562425465371613,0.012967179948842,0.11460740803545606,4.321490315626496,1.5093868271940565,0.0
64,2276,2.4805231151935665,0.09310862549044331,0.02130797861737968,0.10215212772798325,0.014053660494506237,0.005217528599672505,0.00019750537329467114,0.055319711242984224,0.012896184494902362,0.11396201848238018,4.3217826250530305,1.5094897152846436,0.0
64,2280,2.484882558278265,0.09262108175566161,0.021196403868842206,0.10159911110314612,0.013977578791010309,0.0051611896884793396,0.0001953727088590761,0.05501697160476635,0.012825609538152694,0.11332058983180325,4.322073044594248,1.5095919649400251,0.0
64,2284,2.489242001362964,0.09213626333451816,0.02108545281037022,0.1010493251169245,0.013901941545200112,0.005105483053284843,0.0001932639787258537,0.054716023990533706,0.012755452339764623,0.11268309518193247,4.3223615874178005,1.5096935805168414,0.0
64,2288,2.4936014444476626,0.0916541536368535,0.020975121645293315,0.10050274903850095,0.013826745905016898,0.005050401282147732,0.00019117890232189308,0.054416856736868836,0.012685710180751009,0.11204950783569587,4.322648266591127,1.50979456633814,0.0
64,2292,2.4979608875323613,0.0911747361841714,0.020865406602495296,0.09995936228502736,0.01375198903875891,0.004995937054218302,0.00018911720252228238,0.05411945826477213,0.012616380361804283,0.11141980129897293,4.3229330950823055,1.5098949266936732,0.0
64,2296,2.50232033061706,0.09069799460879968,0.020756303936222135,0.09941914442043676,0.013677668134917925,0.004942083138644193,0.00018707860560888707,0.05382381707897444,0.012547460203136206,0.11079394927883612,4.323216085760883,1.509994665840191,0.0
64,2300,2.5066797737017588,0.09022391265305825,0.02064780992589158,0.09888207515426636,0.013603780402017334,0.004888832393405096,0.000185062841226239,0.05352992176725634,0.012478947044319165,0.11017192568181203,4.323497251398711,1.5100937880017327,0.0
64,2304,2.5110392167864575,0.0897524741684338,0.020539920875904272,0.09834813434049074,0.013530323068451608,0.004836177764119043,0.00018306964233634943,0.05323776099977333,0.01241083824412887,0.10955370461216317,4.323776604670765,1.5101922973699151,0.0
64,2308,2.515398659871156,0.08928366311476216,0.020432633115456646,0.09781730197636682,0.01345729338232741,0.004784112282962383,0.00018109874517782532,0.05294732352838789,0.012343131180388647,0.10893926037018618,4.3240541581559535,1.5102901981042163,0.0
64,2312,2.519758102955855,0.08881746355941716,0.020325942998355277,0.09728955820128837,0.013384688611305985,0.004732629067490279,0.0001791498892212205,0.052658598186007335,0.012275823249815061,0.10832856745052218,4.32432992433793,1.5103874943322584,0.0
64,2316,2.5241175460405536,0.08835385967650627,0.02021984690283281,0.09676488329565143,0.01331250604244708,0.00468172131961353,0.00017722281713030381,0.052371573885927704,0.012208911867864988,0.1077216005404884,4.3246039156058895,1.5104841901500876,0.0
64,2320,2.5284769891252523,0.08789283574607341,0.020114341231365542,0.0962432576797303,0.013240742982054311,0.0046313823244048535,0.00017531727471687225,0.05208623962118428,0.01214239446858418,0.10711833451842795,4.3248761442553585,1.5105802896224498,0.0
64,2324,2.532836432209951,0.08743437615330783,0.020009422410492344,0.09572466191256314,0.013169396755521832,0.004581605449146764,0.00017343301090470869,0.051802584463907446,0.012076268504457126,0.10651874445206917,4.325146622488978,1.5106757967830646,0.0
64,2328,2.5371958752946497,0.08697846538776013,0.019905086890635262,0.0952090766908479,0.013098464707182463,0.004532384142166279,0.00017156977768547106,0.0515205975646847,0.012010531446258306,0.10592280559690768,4.3254153624172815,1.5107707156348968,0.0
64,2332,2.5415553183793484,0.08652508804256505,0.019801331145921655,0.09469648284784903,0.013027944200157264,0.004483711931868584,0.00016972733008211214,0.051240268151929017,0.011945180782904954,0.10533049339460455,4.325682376059461,1.5108650501504246,0.0
64,2336,2.545914761464047,0.08607422881367038,0.019698151674007725,0.09418686135231315,0.012957832616206361,0.0044355824257138465,0.00016790542611014807,0.050961585531252414,0.011880214021311017,0.10474178347139584,4.325947675344133,1.5109588042719044,0.0
64,2340,2.550274204548746,0.08562587249907205,0.019595544995903463,0.09368019330739455,0.012888127355581128,0.004387989309051932,0.00016610382673354698,0.050684539084845256,0.011815628686242464,0.10415665163651772,4.326211272110088,1.5110519819116357,0.0
64,2344,2.5546336476334446,0.08518000399805656,0.01949350765579928,0.09317645994959114,0.01281882583687779,0.004340926344383433,0.0001643222958367563,0.050409118270861836,0.011751422320174043,0.10357507388065305,4.326473178107042,1.5111445869522202,0.0
64,2348,2.5589930907181433,0.08473660831044885,0.019392036220893895,0.09267564264768942,0.012749925496892278,0.00429438737009491,0.00016256060017682584,0.05013531262281101,0.011687592483147236,0.10299702637438869,4.326733404996373,1.5112366232468197,0.0
64,2352,2.563352533802842,0.08429567053586685,0.01929112728122372,0.09217772290171894,0.012681423790476397,0.004248366299677286,0.00016081850935382135,0.04986311174895264,0.011624136752629546,0.10242248546668843,4.326991964351861,1.5113280946194123,0.0
64,2356,2.5677119768875407,0.08385717587298205,0.019190777449493646,0.09168268234191636,0.012613318190395293,0.0042028571206884635,0.00015909579577155452,0.049592505331699434,0.011561052723375063,0.10185142768337987,4.327248867660407,1.5114190048650447,0.0
64,2360,2.5720714199722394,0.08342110961878697,0.01909098336090941,0.09119050272769924,0.012545606187186283,0.004157853893858032,0.00015739223460369296,0.049323483127024635,0.011498338007286384,0.10128382972566102,4.327504126322758,1.5115093577500818,0.0
64,2364,2.576430863056938,0.08298745716786722,0.018991741673011,0.0907011659466478,0.012478285289018759,0.004113350752035672,0.00015570760375395259,0.04905603496387433,0.011435990233277593,0.10071966846861487,4.327757751654221,1.511599157012456,0.0
64,2368,2.580790306141637,0.0825562040116811,0.018893049065507796,0.09021465401349692,0.01241135302155552,0.004069341899381129,0.00015404168382543486,0.04879015074358576,0.011374007047138682,0.1001589209597428,4.328009754885366,1.511688406361912,0.0
64,2372,2.5851497492263356,0.08212733573784452,0.018794902240114906,0.08973094906913712,0.012344806927815324,0.0040258216104405165,0.00015239425808566084,0.04852582043931084,0.011312386111401146,0.09960156441751032,4.32826014716273,1.511777109480249,0.0
64,2376,2.5895091923110343,0.08170083802942162,0.018697297920390852,0.08925003337962346,0.012278644568036548,0.003982784229123126,0.00015076511242783928,0.048263034095444454,0.011251125105204705,0.09904757622991156,4.3285089395495095,1.5118652700215631,0.0
64,2380,2.593868635395733,0.081276696664222,0.018600232851576713,0.08877188933519475,0.012212863519542242,0.003940224168061945,0.00014915403534665947,0.048001781827058575,0.011190221724165395,0.09849693395303634,4.3287561430262445,1.5119528916124836,0.0
64,2384,2.5982280784804317,0.0808548975141028,0.018503703800436425,0.08829649944929986,0.012147461376606175,0.003898135907505207,0.00014756081789633177,0.04774205381934071,0.011129673680244654,0.09794961530966494,4.329001768491505,1.51203997785241,0.0
64,2388,2.6025875215651304,0.08043542654427745,0.01840770755509858,0.08782384635763413,0.012082435750320279,0.0038565139945347937,0.00014598525366100096,0.0474838403270382,0.011069478701619768,0.09740559818786752,4.329245826762564,1.5121265323137458,0.0
64,2392,2.606946964649829,0.08001826981262966,0.018312240924899435,0.08735391281718365,0.012017784268463155,0.003815353042227798,0.0001444271387230076,0.047227131673907144,0.01100963453255542,0.09686486063962071,4.3294883285760655,1.5122125585421289,0.0
64,2396,2.611306407734528,0.07960341346903285,0.018217300740227153,0.08688668170527777,0.011953504575369723,0.0037746477288891356,0.00014288627163383942,0.04697191825216604,0.010950138933276312,0.09632738087943507,4.329729284588685,1.512298060056662,0.0
64,2400,2.6156658508192265,0.07919084375467557,0.018122883852367436,0.08642213601865043,0.011889594331802082,0.0037343927969857305,0.00014136245337378566,0.0467181905219547,0.010890989679841024,0.0957931372829989,4.329968705377788,1.5123830403501384,0.0
64,2404,2.6200252939039252,0.07878054700139255,0.018028987133350438,0.08596025887250981,0.01182605121482153,0.0036945830527201906,0.00013985548733579895,0.04646593901079803,0.010832184564017015,0.09526210838583045,4.330206601442084,1.512467502889267,0.0
64,2408,2.624384736988624,0.078372509631001,0.01793560747579887,0.08550103349961619,0.011762872917661675,0.003655213364766041,0.0001383651792776185,0.04621515431307445,0.010773721393156707,0.09473427288194955,4.330442983202264,1.512551451114894,0.0
64,2412,2.6287441800733227,0.07796671815464226,0.01784274179277733,0.08504444324936761,0.011700057149602667,0.0036162786638129774,0.000136891337304556,0.04596582708948913,0.010715597990074667,0.09420960962255663,4.330677861001641,1.5126348884422254,0.0
64,2416,2.6331036231580214,0.0775631591721289,0.017750387017642894,0.08459047158689359,0.011637601635846503,0.0035777739416573695,0.00013543377183506758,0.045717948066551696,0.010657812192925865,0.09368809761472481,4.330911245106788,1.5127178182610423,0.0
64,2420,2.63746306624272,0.07716181937129774,0.017658540103897058,0.08413910209215769,0.011575504117393567,0.003539694250434877,0.00013399229557170485,0.04547150803605924,0.010600361855085155,0.09316971602010982,4.331143145708156,1.5128002439359187,0.0
64,2424,2.641822509327419,0.07676268552736677,0.01756719802503857,0.08369031845906626,0.01151376235092001,0.0035020347018956954,0.00013256672347367998,0.04522649785458285,0.010543244845027555,0.09265444415366234,4.331373572920704,1.5128821688064351,0.0
64,2428,2.6461819524121175,0.07636574450229922,0.017476357774417875,0.08324410449458694,0.011452374108656484,0.0034647904665661144,0.00013115687272512725,0.044982908442960046,0.010486459046209944,0.0921422614823616,4.3316025367845095,1.5129635961873906,0.0
64,2432,2.650541395496816,0.07597098324417098,0.01738601636509238,0.08280044411787348,0.011391337178267734,0.0034279567730521876,0.00012976256270874398,0.04474073078579052,0.0104300023569535,0.09163314762396041,4.331830047265377,1.513044529369012,0.0
64,2436,2.654900838581515,0.0755783887865445,0.017296170829683148,0.08235932135939865,0.011330649362733305,0.003391528907400243,0.00012838361498158305,0.044499955930937085,0.010373872690327355,0.09112708234573391,4.332056114255449,1.5131249716171624,0.0
64,2440,2.6592602816662136,0.07518794824784744,0.017206818220232702,0.08192072036009551,0.011270308480229406,0.003355502212173178,0.000127019853240087,0.04426057498903102,0.010318067974033295,0.09062404556325131,4.332280747573798,1.5132049261735463,0.0
64,2444,2.6636197247509124,0.0747996488307553,0.017117955608063763,0.08148462537050404,0.011210312364011507,0.003319872085882025,0.00012567110329857024,0.044022579132980945,0.01026258615029125,0.09012401733914754,4.332503956967025,1.513284396255914,0.0
64,2448,2.667979167835611,0.07441347782158102,0.01702958008363953,0.08105102074992784,0.011150658862298319,0.0032846339823038306,0.0001243371930633979,0.043785959597487364,0.010207425175726145,0.0896269778819194,4.332725752109845,1.5133633850582628,0.0
64,2452,2.6723386109203098,0.07402942258966799,0.016941688756424787,0.08061989096559638,0.011091345838156538,0.003249783409657425,0.00012301795250178535,0.04355070767856041,0.010152583021255452,0.08913290754472199,4.332946142605668,1.5134418957510385,0.0
64,2456,2.6766980540050085,0.07364747058678822,0.016854278754748167,0.08019122059183474,0.01103237116938663,0.003215315930020779,0.00012171321361974271,0.04331681473304217,0.010098057671977858,0.08864178682418007,4.3331651379871845,1.5135199314813315,0.0
64,2460,2.681057497089707,0.07326760934654644,0.016767347225665783,0.07976499430924168,0.010973732748409742,0.0031812271585778262,0.00012042281043356377,0.04308427217813362,0.010043847127062966,0.08815359635921445,4.333382747716929,1.5135974953730735,0.0
64,2464,2.685416940174406,0.07288982648378721,0.016680891334825546,0.07934119690387313,0.010915428482155378,0.003147512763050031,0.0001191465789483086,0.042853071490924925,0.009989949399641809,0.08766831692987613,4.3335989811878495,1.5136745905272326,0.0
64,2468,2.6897763832591046,0.07251410969400883,0.016594908266333037,0.07891981326643452,0.010857456291950276,0.0031141684630000555,0.00011788435713144433,0.04262320420793075,0.00993636251669851,0.08718592945618796,4.3338138477238735,1.5137512200220047,0.0
64,2472,2.6941358263438033,0.07214044675278024,0.016509395222618056,0.07850082839147854,0.010799814113408052,0.0030811900290785843,0.00011663598488433434,0.042394661924628825,0.009883084518962727,0.08670641499700212,4.334027356580463,1.5138273869130041,0.0
64,2476,2.698495269428502,0.07176882551516338,0.01642434942430244,0.07808422737661042,0.01074249989631985,0.0030485732825127343,0.0001154013040228724,0.0421674362950029,0.009830113460803093,0.08622975474887247,4.3342395169451615,1.513903094233453,0.0
64,2480,2.7028547125132008,0.07139923391514068,0.016339768110069045,0.07766999542170071,0.010685511604546052,0.0030163140943955113,0.00011418015825058569,0.04194151903108995,0.009777447410121666,0.08575593004492016,4.334450337938151,1.5139783449943678,0.0
64,2484,2.7072141555978995,0.07103165996504614,0.016255648536531532,0.07725811782810374,0.010628847215908748,0.0029844083851884307,0.00011297239313980676,0.04171690190253087,0.009725084448249184,0.08528492235373109,4.334659828612786,1.5140531421847445,0.0
64,2488,2.711573598682598,0.07066609175500176,0.016171987978105408,0.07684857999788364,0.01057250472208526,0.0029528521238404437,0.00011177785609832134,0.041493576736125415,0.009673022669841316,0.08481671327825205,4.334867997956135,1.5141274887717415,0.0
64,2492,2.715933041767297,0.07030251745235787,0.01608878372687994,0.07644136743304619,0.010516482128502464,0.002921641327532143,0.00011059639635968534,0.04127153541539069,0.009621260182775732,0.0843512845546957,4.335074854889509,1.5142013877008622,0.0
64,2496,2.7202924848519956,0.06994092530113878,0.0160060330924913,0.07603646573477829,0.010460777454232158,0.0028907720607236342,0.00010942786494718288,0.0410507698801239,0.009569795108050175,0.08388861805146162,4.335280408268997,1.5142748418961345,0.0
64,2500,2.7246519279366943,0.0695813036214922,0.015923733401996546,0.07563386060269335,0.010405388731887243,0.0028602404348418986,0.00010827211466199155,0.040831272125968696,0.009518625579681365,0.083428695768063,4.33548466688598,1.5143478542602886,0.0
64,2504,2.729011371021393,0.06922364080914277,0.015841881999748578,0.0752335378340825,0.01035031400751871,0.0028300426075134055,0.00010712900005413364,0.04061303420398489,0.009467749744604691,0.08297149983406814,4.335687639467658,1.5144204276749342,0.0
64,2508,2.7333708141060917,0.06886792533485106,0.015760476247272327,0.07483548332317357,0.0102955513405137,0.002800174782109366,0.00010599837740526207,0.04039604822022258,0.009417165762574932,0.08251701250804312,4.335889334677553,1.5144925650007353,0.0
64,2512,2.7377302571907904,0.06851414574387592,0.015679513523141713,0.07443968306039535,0.010241098803494272,0.002770633207063611,0.0001048801047028392,0.04018030633529954,0.00936687180606773,0.08206521617651535,4.336089761116031,1.5145642690775827,0.0
64,2516,2.742089700275489,0.06816229065544165,0.015598991222857694,0.0740461231316488,0.010186954482217144,0.0027414141754178445,0.00010377404162292276,0.03996580076398241,0.009316866060181974,0.08161609335293717,4.3362889273207985,1.5146355427247666,0.0
64,2520,2.746449143360188,0.06781234876220897,0.015518906758727219,0.07365478971758366,0.010133116475474178,0.0027125140241679446,0.00010268004950542057,0.03975252377477134,0.009267146722542951,0.0811696266766639,4.336486841767405,1.5147063887411458,0.0
64,2524,2.7508085864448866,0.06746430882975049,0.01543925755974317,0.07326566909288172,0.010079582894993767,0.002683929133823426,0.00010159799133741442,0.039540467689488205,0.009217712003206362,0.08072579891193889,4.336683512869737,1.514776809905317,0.0
64,2528,2.7551680295295853,0.06711815969603062,0.01536004107146535,0.07287874762554672,0.010026351865343145,0.0026556559277537417,0.00010052773172841473,0.039329624882868855,0.009168560124563267,0.08028459294689197,4.336878948980515,1.5148468089757803,0.0
64,2532,2.759527472614284,0.0667738902708888,0.01528125475590222,0.07249401177619878,0.009973421523831323,0.0026276908717193237,9.94691368926086e-05,0.03911998778215796,0.009119689321245635,0.07984599179253896,4.337073158391774,1.5149163886911052,0.0
64,2536,2.7638869156989827,0.0664314895355278,0.015202896091393784,0.07211144809737656,0.009920790020413075,0.0026000304733457824,9.842207462895593e-05,0.038911548866708334,0.009071097840032929,0.07940997858180296,4.33726614933535,1.5149855517700945,0.0
64,2540,2.7682463587836814,0.06609094654200513,0.015124962572495213,0.07173104323284359,0.009868455517593506,0.0025726712816265263,9.738641430236159e-05,0.03870430066758279,0.009022783939759305,0.07897653656852967,4.337457929983357,1.5150543009119457,0.0
64,2544,2.77260580186838,0.06575225041272949,0.015047451709861595,0.07135278391690222,0.009816416190333679,0.0025456098863543275,9.636202682215769e-05,0.03849823576716017,0.008974745891221752,0.07854564912652175,4.3376485084486625,1.5151226387964125,0.0
64,2548,2.776965244953079,0.06541539033996,0.014970361030133345,0.07097665697371161,0.009764670225956774,0.002518842917567099,9.534878462112401e-05,0.038293346798743993,0.00892698197708888,0.07811729974858217,4.337837892785359,1.5151905680839637,0.0
64,2552,2.7813246880377775,0.06508035558531072,0.014893688075822807,0.07060264931661304,0.009713215824055274,0.002492367045277888,9.434656164526703e-05,0.03808962644617532,0.00887949049181065,0.07769147204555889,4.338026090989224,1.5152580914159401,0.0
64,2556,2.7856841311224763,0.06474713547925806,0.01481743040520152,0.0702307479474599,0.009662051196398786,0.002466178978636435,9.335523332208151e-05,0.0378870674434481,0.008832269741528715,0.07726814974540591,4.338213110998191,1.5153252114147118,0.0
64,2560,2.790043574207175,0.06441571942065237,0.014741585592188453,0.06986093995595342,0.009611174566842655,0.0024402754657870673,9.237467655517105e-05,0.037685662574328184,0.008785318043987606,0.07684731669224538,4.338398960692799,1.515391930683832,0.0
64,2564,2.7944030172918737,0.06408609687623322,0.014666151226239077,0.069493212518984,0.00956058417123734,0.002414653293087099,9.140476969466138e-05,0.037485404671975385,0.008738633728446618,0.07642895684544923,4.338583647896653,1.515458251808191,0.0
64,2568,2.7987624603765724,0.06375825738014959,0.014591124912235553,0.06912755289997914,0.00951027825733872,0.0023893092849931463,9.04453925328968e-05,0.0372862866185694,0.008692215135592608,0.07601305427871423,4.338767180376867,1.5155241773541672,0.0
64,2572,2.803121903461271,0.06343219053348197,0.014516504270377368,0.06876394844825486,0.009460255084718847,0.002364240303109,8.949642626839824e-05,0.03708830134493781,0.008646060617453282,0.07559959317916017,4.338949565844517,1.515589709869779,0.0
64,2576,2.80748134654597,0.06310788600376972,0.014442286936073178,0.06840238659837418,0.009410512924677705,0.002339443246185624,8.855775350586312e-05,0.03689144183018816,0.008600168537311405,0.07518855784642585,4.33913081195508,1.5156548518848323,0.0
64,2580,2.8118407896306685,0.06278533352454146,0.014368470559833322,0.06804285486951017,0.009361050060155564,0.002314915049410615,8.76292582292685e-05,0.03669570110134268,0.008554537269619673,0.07477993269177599,4.339310926308869,1.515719605911069,0.0
64,2584,2.8162002327153672,0.062464522894849245,0.014295052807163226,0.06768534086481452,0.009311864785646126,0.002290652683996086,8.671082578627066e-05,0.036501072232976224,0.008509165199916286,0.07437370223722016,4.339489916451474,1.515783974442313,0.0
64,2588,2.820559675800066,0.06214544397880645,0.014222031358457654,0.06732983227079131,0.009262955407110364,0.002266653156823395,8.580234287475668e-05,0.03630754834685723,0.008464050724741264,0.07396985111463314,4.339667789874187,1.5158479599546157,0.0
64,2592,2.8249191188847647,0.06182808670512953,0.014149403908895833,0.06697631685667652,0.009214320241891156,0.0022429135098462893,8.490369752025087e-05,0.03611512261159199,0.00841919225155351,0.07356836406488745,4.339844554014432,1.5159115649063997,0.0
64,2596,2.8292785619694634,0.061512441066682653,0.014077168168337238,0.06662478247382157,0.00916595761862848,0.0022194308198493218,8.40147790667698e-05,0.035923788242271326,0.008374588198648442,0.07316922593699429,4.3400202162561845,1.5159747917385997,0.0
64,2600,2.833638005054162,0.06119849712002664,0.014005321861218367,0.0662752170550831,0.009117865877175458,0.0021962021978652047,8.313547815476678e-05,0.03573353850012075,0.00833023699507645,0.07277242168724671,4.340194783930398,1.5160376428748055,0.0
64,2604,2.837997448138861,0.06088624498497111,0.013933862726450266,0.06592760861421744,0.009070043368515048,0.002173224788791117,8.226568670660742e-05,0.03554436669215354,0.008286137080562004,0.07237793637837708,4.340368264315412,1.5161001207214,0.0
64,2608,2.8423568912235595,0.06057567484412988,0.013862788517316755,0.0655819452452795,0.009022488454677357,0.0021504957710618555,8.140529791419701e-05,0.035356266170826205,0.00824228690542335,0.0719857551787171,4.340540664637368,1.5161622276676985,0.0
64,2612,2.846716334308258,0.06026677694248034,0.013792097001373611,0.06523821512202782,0.008975199508657777,0.002128012356166664,8.055420622069054e-05,0.03516923033369764,0.008198684930493043,0.07159586336137004,4.340711992070619,1.516223966086086,0.0
64,2616,2.851075777392957,0.05995954158692569,0.013721785960348377,0.06489640649733336,0.008928174914335655,0.0021057717881518556,7.971230730166477e-05,0.03498325262309034,0.00815532962703897,0.07120824630338365,4.340882253738132,1.5162853383321526,0.0
64,2620,2.8554352204776556,0.05965395914586142,0.013651853190041158,0.0645565077025943,0.008881413066393784,0.002083771343379226,7.887949805597328e-05,0.03479832652575524,0.00811221947668622,0.07082288948493741,4.341051456711893,1.5163463467448284,0.0
64,2624,2.8597946635623543,0.0593500200487438,0.013582296500225856,0.06421850714715427,0.008834912370238363,0.0020620083301139402,7.805567659014616e-05,0.034614445572538434,0.008069352971339391,0.07043977848853235,4.341219608013301,1.516406993646517,0.0
64,2628,2.864154106647053,0.05904771478566319,0.013513113714552534,0.06388239331772684,0.008788671241919822,0.0020404800879845197,7.724074219794827e-05,0.03443160333805156,0.008026728613105742,0.07005889899818847,4.341386714613565,1.5164672813432278,0.0
64,2632,2.8685135497317518,0.0587470339069199,0.013444302670450346,0.06354815477782402,0.008742688108054205,0.0020191839878265228,7.643459535446188e-05,0.03424979344034451,0.007984344914218905,0.06968023679865339,4.341552783434097,1.5165272121247062,0.0
64,2636,2.8728729928164505,0.05844796802260319,0.013375861219031195,0.06321578016718923,0.00869696140574514,0.0019981174310856886,7.563713769349324e-05,0.03406900954058073,0.007942200396963181,0.06930377777461211,4.341717821346896,1.516586788264565,0.0
64,2640,2.877232435901149,0.05815050780217384,0.013307787224994195,0.06288525820123538,0.008651489582506553,0.00197727784951951,7.484827199627575e-05,0.0338892453427155,0.007900293593598546,0.06892950790990846,4.341881835174937,1.5166460120204104,0.0
64,2644,2.881591878985848,0.05785464397405024,0.01324007856653096,0.06255657767048763,0.008606271096186002,0.0019566627049272256,7.40679021812491e-05,0.033710494593176904,0.007858623046286277,0.06855741328676825,4.342044831692549,1.516704885633973,0.0
64,2648,2.8859513220705466,0.057560367325196635,0.01317273313523136,0.06222972744003001,0.008561304414888535,0.0019362694886240206,7.329593328415549e-05,0.03353275108054902,0.007817187307015097,0.06818748008503707,4.342206817625792,1.5167634113312314,0.0
64,2652,2.8903107651552453,0.057267668700716014,0.013105748835990366,0.06190469644895777,0.00851658801690135,0.0019160957212278618,7.253227144997056e-05,0.033356008635258436,0.007775984937528098,0.06781969458141429,4.3423677996528385,1.5168215913225378,0.0
64,2656,2.894670208239944,0.05697653900344475,0.013039123586915273,0.061581473709832815,0.008472120390618888,0.0018961389521336969,7.177682391299952e-05,0.03318026112926267,0.007735014509250099,0.06745404314870672,4.342527784404337,1.5168794278027429,0.0
64,2660,2.8990296513246427,0.05668696919355114,0.01297285531923383,0.06126004830814456,0.00842790003446864,0.001876396759371346,7.102949899149775e-05,0.03300550247574153,0.007694274603215697,0.06709051225507477,4.342686778463783,1.5169369229513183,0.0
64,2664,2.9033890944093415,0.05639895028813707,0.012906941977203087,0.060940409401775066,0.008383925456837579,0.0018568667490370672,7.029020606615324e-05,0.032831726628791046,0.007653763809997926,0.06672908846329534,4.3428447883678905,1.5169940789324783,0.0
64,2668,2.90774853749404,0.056112473360842456,0.012841381518018854,0.06062254622046835,0.008340195175999146,0.0018375465551230263,6.955885557363126e-05,0.03265892758311991,0.007613480729637477,0.06636975843002994,4.3430018206069425,1.5170508978953006,0.0
64,2672,2.912107980578739,0.05582752954145247,0.01277617191172583,0.06030644806530367,0.008296707720040779,0.001818433839147815,6.883535899258787e-05,0.03248709937374809,0.007573423971572444,0.06601250890509167,4.343157881625162,1.5171073819738459,0.0
64,2676,2.9164674236634376,0.055544110015508505,0.01271131114112857,0.05999210430817386,0.008253461626792153,0.0017995262896590702,6.81196288248421e-05,0.03231623607570835,0.0075335921545687445,0.06565732673073024,4.343312977821058,1.5171635332872768,0.0
64,2680,2.9208268667481363,0.05526220602392171,0.012646797201703034,0.05967950439126751,0.008210455443753938,0.0017808216222050532,6.741157859429995e-05,0.03214633180375018,0.0074939839066511,0.0653041988409104,4.343467115547784,1.5172193539399748,0.0
64,2684,2.925186309832835,0.05498180886258938,0.012582628101508805,0.0593686378265553,0.008167687728027131,0.0017623175786809497,6.671112282220925e-05,0.031977380712045894,0.007454597865034516,0.0649531122606093,4.343620301113489,1.5172748460216567,0.0
64,2688,2.9295457529175337,0.0547029098820144,0.012518801861101995,0.059059494195280414,0.008125157046242948,0.0017440119273004484,6.601817702608368e-05,0.031809376993899297,0.007415432676056367,0.06460405410511114,4.343772540781661,1.5173300116074901,0.0
64,2692,2.9339051960022324,0.054425500486927555,0.012455316513448812,0.05875206314745323,0.008082861974493307,0.0017259024620415175,6.533265769872311e-05,0.03164231488145665,0.007376486995109022,0.06425701157930981,4.34392384077147,1.517384852758208,0.0
64,2696,2.938264639086931,0.05414957213591328,0.012392170103839915,0.058446334401350664,0.008040801098261949,0.0017079870025042965,6.465448230283423e-05,0.031476188645420455,0.007337759486573118,0.06391197197702012,4.3440742072581155,1.5174393715202215,0.0
64,2700,2.94262408217163,0.05387511634103693,0.012329360689805106,0.058142297743018066,0.007998973012355913,0.0016902633934279265,6.398356925274055e-05,0.03131099259476467,0.007299248823751167,0.06356892268029118,4.344223646373158,1.5174935699257333,0.0
64,2704,2.9469835252563286,0.0536021246674767,0.012266886341029104,0.05783994302577709,0.007957376320837825,0.0016727295046194968,6.33198379116927e-05,0.03114672107645338,0.00726095368880198,0.06322785115873228,4.3443721642048585,1.5175474499928472,0.0
64,2708,2.9513429683410273,0.05333058873315653,0.012204745139267531,0.05753926016973568,0.007916009636958496,0.001655383230456664,6.266320857304049e-05,0.030983368475160686,0.007222872772675362,0.0628887449688328,4.344519766798508,1.5176010137256803,0.0
64,2712,2.955702411425726,0.05306050020838347,0.012142935178263922,0.05724023916130363,0.007874871583090257,0.0016382224896034359,6.201360244947411e-05,0.030820929212993804,0.007185004775047562,0.06255159175330266,4.344666460156761,1.5176542631144707,0.0
64,2716,2.9600618545104247,0.05279185081548608,0.012081454563666973,0.05694287005271027,0.007833960790660623,0.0016212452249106946,6.137094166925859e-05,0.030659397749217478,0.007147348404257027,0.06221637924040588,4.344812250239959,1.517707200135687,0.0
64,2720,2.9644212975951234,0.05252463232845765,0.012020301412948893,0.056647142961528334,0.007793275900086775,0.001604449402847763,6.0735149254716124e-05,0.030498768579981815,0.007109902377240956,0.06188309524330748,4.344957142966454,1.517759826752135,0.0
64,2724,2.968780740679822,0.05225883657259964,0.011959473855323803,0.05635304807019884,0.0077528155607102,0.0015878330134029284,6.010614911846049e-05,0.03033903623805089,0.007072665419472033,0.06155172765942273,4.345101144212937,1.5178121449130646,0.0
64,2728,2.973140183764521,0.051994455424170395,0.01189897003166735,0.056060575625562756,0.007712578430732262,0.0015713940697423823,5.94838660504865e-05,0.030180195292535104,0.00703563626489603,0.06122226446977373,4.345244259814747,1.5178641565542748,0.0
64,2732,2.9774996268492195,0.05173148081003465,0.011838788094436482,0.05576971593839403,0.007672563177149953,0.001555130607926003,5.886822570741119e-05,0.03002224034862443,0.0069988136558696255,0.06089469373834801,4.345386495566195,1.5179158635982188,0.0
64,2736,2.9818590699339182,0.05146990470731654,0.01177892620759006,0.055480459382937684,0.0076327684756923525,0.0015390406866515605,5.825915460279087e-05,0.029865166047324556,0.006962196343098891,0.06056900361146789,4.34552785722087,1.5179672679541074,0.0
64,2740,2.986218513018617,0.051209719143055006,0.011719382546509973,0.05519279639645115,0.007593193010757519,0.0015231223870273425,5.765658009851409e-05,0.029708967065194908,0.006925783085578221,0.06024518231716036,4.34566835049196,1.5180183715180111,0.0
64,2744,2.9905779561033157,0.05095091619386163,0.011660155297922855,0.05490671747874915,0.00755383547534988,0.001507373812145829,5.706043038866341e-05,0.02955363811408872,0.006889572650529735,0.05992321816453605,4.345807981052547,1.5180691761729634,0.0
64,2748,2.9949373991880144,0.05069348798558172,0.011601242659822516,0.05462221319175283,0.007514694571018207,0.0014917930869984275,5.647063449628778e-05,0.02939917394089555,0.006853563813343256,0.05960309954317159,4.345946754535927,1.5181196837890603,0.0
64,2752,2.999296842272713,0.05043742669295709,0.011542642841392756,0.05433927415904159,0.007475769007793952,0.0014763783580633572,5.588712225780224e-05,0.029245569327285368,0.006817755357516648,0.05928481492249417,4.346084676535899,1.5181698962235606,0.0
64,2756,3.003656285357412,0.05018272453929201,0.011484354062930947,0.05405789106540935,0.007437057504130205,0.0014611277932203848,5.530982431976029e-05,0.029092819089455182,0.0067821460745967534,0.058968352851180746,4.346221752607078,1.5182198153209858,0.0
64,2760,3.0080157284421105,0.04992937379612162,0.011426374555772119,0.05377805465642398,0.007398558786841081,0.0014460395813102878,5.473867212217772e-05,0.028940918077877558,0.006746734764120765,0.058653701956550904,4.346357988265183,1.5182694429132175,0.0
64,2764,3.0123751715268092,0.04967736678288232,0.011368702562213543,0.05349975573799002,0.0073602715910415575,0.0014311119320211674,5.4173597894229126e-05,0.02878986117705092,0.006711520233558016,0.058340850943971914,4.346493388987339,1.5183187808195948,0.0
64,2768,3.016734614611508,0.049426695866585345,0.011311336335440028,0.053222985175915255,0.007322194660087854,0.0014163430755189665,5.3614534640261396e-05,0.028639643305252205,0.006676501298252321,0.05802978859626872,4.346627960212367,1.5183678308470119,0.0
64,2772,3.0210940576962066,0.049177353461492185,0.011254274139449643,0.052947733895480326,0.0072843267455182095,0.001401731262333783,5.306141613549023e-05,0.02849025941429119,0.0066416767813646995,0.057720503773133224,4.346761707341075,1.5184165947900128,0.0
64,2776,3.0254535007809054,0.04892933202879281,0.011197514248980068,0.05267399288101218,0.0072466666069942115,0.0013872747630045978,5.25141769125516e-05,0.02834170448926706,0.006607045513816634,0.05741298541054681,4.3468946357365486,1.518465074430886,0.0
64,2780,3.029812943865604,0.04868262407628648,0.01114105494943556,0.05240175317546097,0.007209213012242577,0.0013729718679371672,5.197275225612236e-05,0.028193973548326957,0.006572606334233773,0.05710722252020191,4.347026750724431,1.5185132715397598,0.0
64,2784,3.034172386950303,0.04843722215806425,0.011084894536814284,0.052131005879979486,0.007171964736997301,0.0013588208870203289,5.143707818839586e-05,0.02804706164242602,0.006538358088890004,0.056803204188928286,4.347158057593215,1.5185611878746943,0.0
64,2788,3.0385318300350015,0.048193118874194724,0.011029031317636401,0.051861742153507015,0.007134920564942399,0.001344820149597581,5.090709146800604e-05,0.027900963855089923,0.006504299631652083,0.05650091957813092,4.347288561594515,1.5186088251817742,0.0
64,2792,3.0428912731197,0.04795030687041166,0.01097346360887258,0.051593953212355985,0.007098079287655045,0.0013309680040265448,5.038272957335129e-05,0.027755675302179084,0.006470429823924676,0.05620035792321938,4.3474182679433495,1.5186561851952003,0.0
64,2796,3.047250716204399,0.04770877883780355,0.010918189737872952,0.051327630329801165,0.007061439704549049,0.0013172628176363332,4.986393070098063e-05,0.027611191131654313,0.0064367475345957215,0.055901508533058905,4.347547181818424,1.5187032696373812,0.0
64,2800,3.0516101592890976,0.047468527512506534,0.010863208042296839,0.051062764835673576,0.007025000622818996,0.0013037029763438568,4.9350633751069297e-05,0.02746750652334518,0.006403251639982436,0.055604360789411555,4.347675308362392,1.5187500802190217,0.0
64,2804,3.0559696023737963,0.04722954567539889,0.01080851687004283,0.05079934811595655,0.006988760857384669,0.0012902868844975046,4.884277832150142e-05,0.0273246166887196,0.0063699410237775984,0.05530890414639078,4.347802652682138,1.518796618639213,0.0
64,2808,3.060329045458495,0.046991826151797755,0.010754114579179385,0.05053737161238518,0.006952719230835942,0.001277012964720825,4.8340304701952656e-05,0.027182516870655468,0.006336814576996306,0.055015128129915054,4.347929219849042,1.5188428865855212,0.0
64,2812,3.0646884885431938,0.046755361811158566,0.010699999537876044,0.05027682682204913,0.00691687457337814,0.0012638796576425193,4.7843153863669346e-05,0.027041202343214076,0.006303871197923169,0.054723022337172696,4.348055014899246,1.5188888857340752,0.0
64,2816,3.0690479316278925,0.04652014556677615,0.010646170124335027,0.05001770529699807,0.0068812257227777555,0.001250885421569592,4.7351267447095856e-05,0.02690066841141522,0.006271109792059867,0.054432576436081404,4.348180042833924,1.5189346177496528,0.0
64,2820,3.073407374712591,0.04628617037548895,0.010592624726723537,0.049759998643851285,0.0068457715243087375,0.0012380287325157724,4.686458776295047e-05,0.026760910411014527,0.006238529272073249,0.05414378016476466,4.348304308619541,1.5189800842857677,0.0
64,2824,3.07776681779729,0.04605342923738438,0.010539361743106346,0.049503698523409044,0.006810510830699028,0.0012253080837467678,4.638305777501128e-05,0.026621923708281977,0.006206128557743699,0.053856623331019926,4.348427817188115,1.5190252869847545,0.0
64,2828,3.0821262608819886,0.045821915195507094,0.010486379581379011,0.049248796650267775,0.006775442502077619,0.0012127219857376303,4.5906621098502406e-05,0.02648370369978249,0.006173906575913987,0.05357109581180004,4.348550573437475,1.5190702274778531,0.0
64,2832,3.0864857039666873,0.04559162133556916,0.010433676659201571,0.04899528479243815,0.006740565405922008,0.0012002689659453836,4.543522199148687e-05,0.026346245812158244,0.006141862260438522,0.0532871875526974,4.348672582231518,1.5191149073852939,0.0
64,2836,3.090845147051386,0.04536254078566236,0.010381251403932685,0.04874315477096595,0.006705878417006043,0.0011879475685105945,4.496880534356993e-05,0.026209545501912596,0.00610999455213298,0.053004888567426335,4.348793848400463,1.5191593283163796,0.0
64,2840,3.0952045901360847,0.04513466671597277,0.010329102252564325,0.048492398459556225,0.006671380417348209,0.0011757563541721083,4.4507316672671375e-05,0.02607359825519591,0.0060783023987243745,0.052724188937319665,4.348914376741107,1.519203491869569,0.0
64,2844,3.0995640332207834,0.044907992338497536,0.01027722765165696,0.04824300778420018,0.006637070296160304,0.001163693900039675,4.405070211641851e-05,0.025938399587592878,0.00604678475480148,0.05244507881082151,4.349034172017069,1.5192473996325573,0.0
64,2848,3.103923476305482,0.04468251090676353,0.010225626057275162,0.04799497472280516,0.006602946949796528,0.0011517587993097322,4.359890842138734e-05,0.025803945043911727,0.006015440581765691,0.052167548402987686,4.349153238959042,1.519291053182359,0.0
64,2852,3.108282919390181,0.04445821571554794,0.01017429593492368,0.04774829130482697,0.006569009281702903,0.001139949661236983,4.315188294202666e-05,0.025670230197974743,0.005984268847782182,0.051891587994989274,4.34927158226504,1.519334454085387,0.0
64,2856,3.1126423624748796,0.04423510010060141,0.010123235759484057,0.04750294961090579,0.006535256202367182,0.0011282651108786013,4.270957363097517e-05,0.02553725065241083,0.005953268527731561,0.05161718793362137,4.349389206600639,1.5193776038975328,0.0
64,2860,3.1170018055595783,0.04401315743837264,0.010072444015151623,0.047258941772504275,0.00650168662926906,0.0011167037887389597,4.227192902561294e-05,0.02540500203844936,0.005922438603161799,0.05134433863081417,4.3495061165992235,1.5194205041642461,0.0
64,2864,3.121361248644277,0.04379238114573588,0.010021919195373123,0.04701625997154933,0.006468299486830892,0.0011052643508691062,4.183889825182697e-05,0.025273480015716106,0.005891778062240665,0.051073030563148415,4.349622316862221,1.5194631564206125,0.0
64,2868,3.1257206917289757,0.0435727646797194,0.009971659802784583,0.046774896440075674,0.006435093706368655,0.0010939454684830707,4.141043100948685e-05,0.025142680272030274,0.005861285899708411,0.05080325427137923,4.349737811959346,1.5195055621914308,0.0
64,2872,3.1300801348136744,0.043354301537236996,0.009921664349149855,0.04653484345987312,0.006402068226043422,0.0010827458279436541,4.0986477571906754e-05,0.025012598523203602,0.005830961116830933,0.050535000359955715,4.349852606428833,1.5195477229912913,0.0
64,2876,3.134439577898373,0.04313698525481996,0.009871931355299292,0.046296093362135034,0.006369221990813002,0.0010716641302934704,4.056698876809347e-05,0.02488323051284016,0.0058008027213531,0.050268259496549804,4.349966704777671,1.5195896403246514,0.0
64,2880,3.138799020983072,0.04292080940835331,0.00982245935106937,0.04605863852711204,0.006336553952384294,0.00106069909148232,4.0151915991353394e-05,0.024754572012139184,0.0057708097274527985,0.050003022411590645,4.350080111481839,1.5196313156859116,0.0
64,2884,3.1431584640677706,0.042705767612811904,0.00977324687524231,0.045822471383766154,0.006304063069165703,0.00104984944186981,3.974121118046464e-05,0.02462661881969815,0.0057409811556950125,0.0497392798977966,4.35019283098653,1.51967275055949,0.0
64,2888,3.1475179071524693,0.04249185352199918,0.009724292475486281,0.04558758440942827,0.006271748306220024,0.0010391139261400895,3.933482681644939e-05,0.02449936676131776,0.005711316032986374,0.04947702280971684,4.350304867706389,1.5197139464198979,0.0
64,2892,3.151877350237168,0.042279060828288154,0.009675594708296122,0.045353970129458784,0.00623960863521775,0.001028491303245005,3.8932715920422127e-05,0.024372811689808798,0.005681813392530127,0.04921624206327498,4.350416226025732,1.5197549047318129,0.0
64,2896,3.1562367933218667,0.04206738326236402,0.009627152138934454,0.04512162111691033,0.006207643034390669,0.0010179803461056736,3.853483204229289e-05,0.024246949484800065,0.005652472273781362,0.04895692863531368,4.3505269102987745,1.519795626950152,0.0
64,2900,3.1605962364065654,0.041856814592968646,0.009578963341373188,0.04489052999219344,0.00617585048848587,0.001007579841470374,3.814112925538785e-05,0.024121776052548165,0.005623291722402663,0.04869907356314801,4.350636924849852,1.519836114520145,0.0
64,2904,3.164955679491264,0.04164734862664695,0.009531026898235494,0.04466068942274433,0.006144229988720039,0.0009972885898719142,3.775156215483553e-05,0.02399728732574842,0.005594270790220039,0.04844266794411578,4.350746273973649,1.5198763688774055,0.0
64,2908,3.169315122575963,0.04143897920749526,0.00948334140073821,0.04443209212269589,0.006112780532734195,0.000987105405201305,3.736608584142856e-05,0.023873479263347583,0.005565408535179254,0.04818770293514162,4.350854961935407,1.5199163914480027,0.0
64,2912,3.1736745656606615,0.04123170021691139,0.009435905448634648,0.04420473085255065,0.006081501124548696,0.0009770291148640808,3.6984655927541e-05,0.023750347850357807,0.005536704021302466,0.047934169752291096,4.350962992971151,1.5199561836485322,0.0
64,2916,3.1780340087453602,0.041025505573346284,0.009388717650157755,0.04397859841885634,0.006050390774518603,0.0009670585594534487,3.6607228524755756e-05,0.023627889097672015,0.005508156318645181,0.047682059670343065,4.351070371287904,1.519995746886187,0.0
64,2920,3.182393451830059,0.04082038923205828,0.00934177662196388,0.043753687673884385,0.0060194484992894546,0.0009571925925371261,3.623376023579545e-05,0.023506099041881005,0.005479764503253618,0.047431364022351444,4.351177101063898,1.5200350825588254,0.0
64,2924,3.1867528949147577,0.04061634518486825,0.009295080989076731,0.043529991515310354,0.0059886733217533,0.000947430080657341,3.58642081545224e-05,0.023384973745091634,0.005451527657122329,0.04718207419922237,4.351283186448792,1.5200741920550407,0.0
64,2928,3.1911123379994564,0.04041336745991696,0.009248629384831853,0.04330750288589698,0.005958064271005089,0.0009377699031034581,3.549852985733162e-05,0.023264509294746553,0.005423444868152164,0.046934181649286796,4.351388631563876,1.5201130767542308,0.0
64,2932,3.195471781084155,0.04021145012142448,0.009202420450821572,0.04308621477318006,0.005927620382299463,0.0009282109517272374,3.513668339615754e-05,0.023144701803445494,0.005395515230108621,0.04668767787788145,4.351493440502287,1.5201517380266643,0.0
64,2936,3.199831224168854,0.04001058726945077,0.00915645283684019,0.04286612020915617,0.00589734069700779,0.0009187521309002022,3.4778627296860206e-05,0.0230255474087677,0.005367737842580444,0.046442554446930844,4.351597617329211,1.520190177233549,0.0
64,2940,3.2041906672535525,0.03981077303965834,0.009110725200829688,0.042647212269972895,0.005867224262575548,0.0009093923572009999,3.4424320547390614e-05,0.022907042273095733,0.00534011181093855,0.04619880297453107,4.351701166082095,1.5202283957270983,0.0
64,2944,3.208550110338251,0.03961200160307644,0.009065236208825744,0.04242948407562156,0.005837270132480054,0.0009001305594438236,3.407372259886654e-05,0.022789182583440773,0.005312636246295304,0.04595641513454008,4.351804090770844,1.520266394850597,0.0
64,2948,3.21290955342295,0.03941426716586746,0.009019984534904288,0.042212928789632634,0.005807477366188556,0.0008909656784936715,3.372679335857936e-05,0.02267196455126941,0.005285310265464141,0.04571538265617268,4.351906395378028,1.5203041759384672,0.0
64,2952,3.2172689965076486,0.039217563969094475,0.008974968861128294,0.041997539618772846,0.005777845029116565,0.0008818966670247619,3.338349318084903e-05,0.022555384412331417,0.005258132990919411,0.04547569732359334,4.352008083859082,1.5203417403163335,0.0
64,2956,3.2216284395923473,0.0390218862884903,0.008930187877494934,0.04178330981274456,0.005748372192586497,0.00087292248946369,3.304378286487234e-05,0.022439438426488885,0.005231103550756557,0.04523735097551368,4.352109160142507,1.5203790893010876,0.0
64,2960,3.225987882677046,0.038827228434229505,0.008885640281883399,0.04157023266388863,0.005719057933786793,0.0008640421218615302,3.270762364988144e-05,0.022324122877547255,0.005204221078652714,0.04500033550479738,4.352209628130062,1.5204162242009513,0.0
64,2964,3.2303473257617448,0.03863358475070035,0.008841324780002713,0.041358301506887934,0.0056899013357311285,0.0008552545517659382,3.237497721030238e-05,0.022209434073086846,0.005177484713827439,0.04476464285806817,4.352309491696969,1.520453146315542,0.0
64,2968,3.2347067688464435,0.038440949616279516,0.00879724008534017,0.041147509718474,0.00566090148721806,0.0008465587780221995,3.2045805648223945e-05,0.022095368344296082,0.00515089360100384,0.044530265035311614,4.352408754692101,1.5204898569359335,0.0
64,2972,3.239066211931142,0.03824931744310809,0.00875338491911008,0.04093785071713596,0.005632057482790975,0.0008379538106879636,3.172007149017e-05,0.021981922045806096,0.005124446890370002,0.04429719408949023,4.352507420938174,1.5205263573447199,0.0
64,2976,3.243425655015841,0.03805868267686917,0.008709758010202857,0.04072931796283116,0.005603368422698288,0.0008294386708485035,3.1397737680106274e-05,0.021869091555526268,0.005098143737540666,0.04406542212616036,4.352605494231945,1.5205626488160764,0.0
64,2980,3.2477850981005396,0.03786903979656763,0.008666358095134644,0.04052190495669911,0.00557483341285408,0.0008210123906593481,3.107876758105419e-05,0.021756873274481683,0.005071983303519325,0.04383494130308718,4.352702978344395,1.5205987326158212,0.0
64,2984,3.2521445411852383,0.03768038331431012,0.008623183917996933,0.04031560524077564,0.005546451564798777,0.0008126740129625887,3.0763124960566434e-05,0.02164526362665072,0.005045964754660364,0.04360574382986648,4.3527998770209235,1.5206346100014774,0.0
64,2988,3.256503984269937,0.03749270777508855,0.008580234230407045,0.0401104123977117,0.005518221995660462,0.0008044225913721448,3.0450773993954653e-05,0.021534259058805297,0.005020087262631824,0.04337782196754987,4.352896193981531,1.520670282222331,0.0
64,2992,3.2608634273546357,0.037306007756563064,0.008537507791458445,0.039906320050491724,0.005490143828116129,0.0007962571899895465,3.014167925353059e-05,0.021423856040350853,0.004994350004378091,0.04315116802826747,4.352991932921006,1.5207057505194934,0.0
64,2996,3.2652228704393345,0.037120277868848556,0.008495003367671894,0.03970332186215646,0.005462216190353551,0.0007881768834323566,2.9835805709682005e-05,0.02131405106316892,0.0049687521620832,0.04292577437486389,4.353087097509108,1.5207410161259585,0.0
64,3000,3.269582313524033,0.03693551275430103,0.008452719732946553,0.039501411535525985,0.005434438216033176,0.000780180756649429,2.9533118723879425e-05,0.0212048406414598,0.004943292923134163,0.0427016334205262,4.353181691390754,1.5207760802666632,0.0
64,3004,3.273941756608732,0.03675170708730693,0.008410655668511777,0.039300582812926366,0.005406809044250519,0.0007722679047219572,2.923358404114498e-05,0.02109622131158728,0.004917971480084759,0.04247873762842279,4.353275718186194,1.5208109441585456,0.0
64,3008,3.2783011996934306,0.0365688555740727,0.008368809962878948,0.03910082947591711,0.005379327819498666,0.000764437432863474,2.8937167790052422e-05,0.020988189631923913,0.004892787030619477,0.04225707951134157,4.353369181491194,1.5208456090106022,0.0
64,3012,3.2826606427781293,0.03638695295241732,0.008327181411794001,0.03890214534502199,0.005351993691631242,0.0007566884562351106,2.8643836475733866e-05,0.02088074218269809,0.004867738777517856,0.04203665163132887,4.353462084877214,1.5208800760239456,0.0
64,3016,3.287020085862828,0.03620599399156444,0.008285768818189855,0.03870452427946012,0.005324805815825418,0.0007490200998603314,2.8353556976652172e-05,0.02077387556584139,0.004842825928618904,0.04181744659933711,4.353554431891584,1.520914346391862,0.0
64,3020,3.2913795289475267,0.03602597349193788,0.00824457099213961,0.03850796017688098,0.005297763352545451,0.0007414314985112469,2.806629654029741e-05,0.0206675864048381,0.004818047696786022,0.041599457074871116,4.353646226057676,1.520948421299867,0.0
64,3024,3.2957389720322254,0.03584688628495742,0.008203586750809812,0.038312446973100135,0.005270865467506327,0.000733921796538084,2.7782022776731577e-05,0.020561871344575208,0.004793403299872022,0.04138267576563839,4.353737470875088,1.520982301925763,0.0
64,3028,3.300098415116924,0.03566872723283658,0.008162814918414188,0.038117978641837594,0.005244111331637767,0.0007264901478691854,2.7500703658588595e-05,0.020456727051193845,0.004768891960684507,0.041167095427198805,4.353828169819807,1.5210159894396924,0.0
64,3032,3.304457858201623,0.03549149122838162,0.008122254326167621,0.037924549194457736,0.005217500121048447,0.0007191357157836364,2.7222307512467264e-05,0.020352150211941658,0.004744512906951449,0.040952708862624816,4.353918326344382,1.5210494850041958,0.0
64,3036,3.3088173012863216,0.03531517319479183,0.008081903812240472,0.037732152679711195,0.005191031016990486,0.0007118576729254755,2.6946803019469197e-05,0.020248137535026314,0.0047202653712870414,0.04073950892215891,4.3540079438780985,1.521082789774264,0.0
64,3040,3.3131767443710203,0.035139768085461695,0.008041762221713296,0.037540783183479164,0.005164703205824268,0.0007046552010194773,2.667415920444002e-05,0.020144685749470384,0.00469614859115787,0.04052748850286908,4.3540970258271425,1.5211159048973943,0.0
64,3044,3.317536187455719,0.03496527088378457,0.008001828406531906,0.0373504348285195,0.005138515878983517,0.0006975274909422069,2.640434543865906e-05,0.020041791604967225,0.004672161808849309,0.040316640548322555,4.35418557557477,1.521148831513643,0.0
64,3048,3.3218956305404177,0.034791676602956824,0.007962101225462556,0.03716110177421401,0.005112468232940522,0.0006904737425372787,2.6137331432846138e-05,0.01993945187173761,0.004648304271432109,0.04010695804824057,4.354273596481471,1.5211815707556788,0.0
64,3052,3.3262550736251164,0.03461898028578426,0.007922579544047648,0.036972778216318385,0.005086559469171742,0.0006834931645300912,2.5873087233933907e-05,0.019837663340387827,0.004624575230729309,0.03989843403817664,4.354361091885138,1.5212141237488366,0.0
64,3056,3.330614516709815,0.03444717700448956,0.007883262234561655,0.03678545838671372,0.005060788794123613,0.0006765849743572971,2.561158321861257e-05,0.019736422821768674,0.004600973943283366,0.03969106159918304,4.354448065101224,1.5212464916111699,0.0
64,3060,3.334973959794514,0.03427626186052144,0.007844148175967451,0.036599136553160175,0.005035155419178668,0.0006697483982378571,2.535279009601959e-05,0.01963572714683574,0.00457749967032359,0.039484833857487085,4.354534519422908,1.5212786754535021,0.0
64,3064,3.3393334028792125,0.03410622998436483,0.007805236253872866,0.0364138070190522,0.005009658560621849,0.000662982670803558,2.5096678893753228e-05,0.019535573166510518,0.0045541516777337565,0.039279743984165644,4.354620458121257,1.5213106763794788,0.0
64,3068,3.3436928459639113,0.03393707653535217,0.007766525360487509,0.036229464123175306,0.004984297439607056,0.0006562870353263861,2.4843220966479596e-05,0.019435957751542447,0.004530929236019956,0.0390757851948276,4.354705884445383,1.5213424954856192,0.0
64,3072,3.34805228904861,0.033768796701476984,0.007728014394580094,0.03604610223946562,0.004959071282124061,0.0006496607433206236,2.4592387980870326e-05,0.019336877792372528,0.0045078316202787905,0.03887295074929167,4.3547908016226,1.521374133861366,0.0
64,3076,3.3524117321333087,0.03360138569920772,0.0076897022614358474,0.03586371577677011,0.004933979318965526,0.0006431030546707461,2.434415192044402e-05,0.019238330198997358,0.004484858110165684,0.03867123395127521,4.354875212858585,1.5214055925891372,0.0
64,3080,3.3567711752180074,0.03343483877330315,0.007651587872814258,0.035682299178608934,0.004909020785694299,0.0006366132373472055,2.4098485074807455e-05,0.019140311900834324,0.004462007989863454,0.03847062814807517,4.354959121337532,1.521436872744375,0.0
64,3084,3.361130618302706,0.033269151196630126,0.007613670146907364,0.03550184692294051,0.004884194922611105,0.0006301905674632735,2.3855360041807336e-05,0.019042819846588406,0.004439280548051258,0.038271126730264504,4.355042530222306,1.5214679753955962,0.0
64,3088,3.365490061387405,0.03310431826998082,0.00757594800829794,0.03532235352192659,0.004859500974722217,0.0006238343291755655,2.3614749723764717e-05,0.018945851004118948,0.00441667507787354,0.038072723131374615,4.355125442654596,1.5214989016044411,0.0
64,3092,3.3698495044721035,0.03294033532189313,0.007538420387918386,0.035143813521700894,0.004834938191707628,0.0006175438144282452,2.337662731779207e-05,0.018849402360308517,0.004394190876909455,0.03787541082759909,4.355207861755069,1.5215296524257222,0.0
64,3096,3.3742089475568022,0.03277719770847096,0.007501086223009608,0.03496622150213821,0.004810505827889288,0.0006113183230809227,2.3140966320634745e-05,0.018753470920931943,0.00437182724714234,0.03767918333748215,4.355289790623521,1.521560228907473,0.0
64,3100,3.378568390641501,0.032614900813206234,0.007463944457080275,0.03478957207662538,0.004786203142199591,0.0006051571626386476,2.290774051845011e-05,0.018658053710526555,0.004349583494929463,0.03748403422162293,4.355371232339025,1.5215906320909958,0.0
64,3104,3.3829278337261997,0.03245344004680269,0.007426994039866505,0.03461385989183487,0.004762029398150231,0.0005990596483087529,2.26769239889593e-05,0.018563147772263793,0.004327458930972097,0.037289957082371726,4.35545218996008,1.5216208630109092,0.0
64,3108,3.3872872768108984,0.03229281084700001,0.007390233927291612,0.03443907962749876,0.004737983863801103,0.000593025102787692,2.2448491093378117e-05,0.018468750167821107,0.004305452870285653,0.03709694556353923,4.35553266652476,1.5216509226951955,0.0
64,3112,3.391646719895597,0.03213300867839966,0.007353663081426245,0.03426522599618516,0.004714065811729545,0.0005870528562894606,2.222241647749292e-05,0.01837485797725526,0.004283564632170144,0.03690499335009537,4.355612665050859,1.5216808121652485,0.0
64,3116,3.396006162980296,0.03197402903229231,0.007317280470448901,0.034092293743076464,0.0046902745189998304,0.0005811422463324334,2.1998675063591495e-05,0.018281468298876644,0.004261793540180885,0.03671409416788277,4.355692188536037,1.5217105324359186,0.0
64,3120,3.4003656060649945,0.031815867426485706,0.007281085068606529,0.03392027764574848,0.004666609267132784,0.0005752926177962081,2.177724205261483e-05,0.018188578249124142,0.004240138922099326,0.0365242417833257,4.3557712399579644,1.5217400845155602,0.0
64,3124,3.404725049149693,0.031658519405134554,0.007245075856175598,0.03374917251395215,0.004643069342075749,0.0005695033227084423,2.1558092916088014e-05,0.018096184962441406,0.004218600109904205,0.036335430003141066,4.3558498222744655,1.5217694694060764,0.0
64,3128,3.409084492234392,0.03150198053857076,0.007209251819423251,0.033578973189395865,0.004619654034172641,0.0005637737202164317,2.1341203395044342e-05,0.018004285591153572,0.004197176439742808,0.03614765267405263,4.355927938423655,1.521798688102965,0.0
64,3132,3.4134439353190906,0.03134624642313556,0.007173611950568885,0.03340967454553008,0.004596362638134316,0.000558103176615532,2.11265495011012e-05,0.017912877305345205,0.004175867251902515,0.03596090368251494,4.356005591324087,1.5218277415953643,0.0
64,3136,3.4178033784037893,0.031191312681012353,0.007138155247745892,0.0332412714873332,0.00457319445300911,0.00055249106503652,2.0914107504625383e-05,0.017821957292739016,0.004154671890782532,0.035775176954418245,4.356082783874892,1.5218566308660968,0.0
64,3140,3.422162821488488,0.031037174960061437,0.0071028807149638475,0.033073758951099624,0.004550148782153687,0.0005469367655734914,2.0703853939574544e-05,0.017731522758575813,0.004133589704865896,0.03559046645482559,4.356159518955909,1.5218853568917137,0.0
64,3144,3.4265222645731868,0.030883828933655027,0.007067787362070744,0.03290713190422861,0.00452722493320398,0.0005414396650849085,2.0495765595966034e-05,0.017641570925494864,0.0041126200466915916,0.035406766187688204,4.356235799427833,1.5219139206425392,0.0
64,3148,3.4308817076578855,0.03073127030051387,0.007032874204715606,0.03274138534501491,0.0045044222180464005,0.000535999157165179,2.0289819518801025e-05,0.0175520990334154,0.0040917622728269265,0.035224070195569626,4.356311628132346,1.521942323082714,0.0
64,3152,3.435241150742584,0.030579494784545008,0.00699814026431136,0.03257651430244123,0.0044817399527892765,0.0005306146420309688,2.0085993003760983e-05,0.017463104339419007,0.00407101574384011,0.035042372559377075,4.356387007892253,1.5219705651702389,0.0
64,3156,3.439600593827283,0.030428498134680577,0.006963584567997946,0.03241251383597177,0.004459177457734451,0.0005252855265780454,1.9884263599359427e-05,0.017374584117632763,0.004050379824273017,0.03486166739809185,4.356461941511615,1.5219986478570176,0.0
64,3160,3.4439600369119816,0.030278276124717955,0.006929206148605728,0.03224937903534793,0.00443673405734918,0.0005200112240970611,1.9684609096183114e-05,0.017286535659113547,0.004029853882614209,0.034681948868497556,4.3565364317758855,1.522026572088899,0.0
64,3164,3.4483194799966803,0.03012882455316056,0.006895004044619072,0.03208710502038465,0.004414409080238111,0.0005147911543161854,1.948700752850588e-05,0.01719895627173273,0.004009437291272063,0.03450321116491594,4.356610481452042,1.5220543388057204,0.0
64,3168,3.452678923081379,0.029980139243060262,0.006860977300140272,0.03192568694076895,0.004392201859115561,0.0005096247433158396,1.929143717106097e-05,0.017111843280062104,0.003989129426548171,0.03432544851894433,4.356684093288717,1.5220819489413486,0.0
64,3172,3.4570383661660777,0.02983221604186081,0.0068271249648537225,0.031765119975859846,0.004370111730778003,0.0005045114235429082,1.9097876539579005e-05,0.017025194025260645,0.0039689296686109465,0.034148655199192454,4.356757270016325,1.522109403423722,0.0
64,3176,3.4613978092507764,0.029685050821241905,0.006793446093990233,0.03160539933448919,0.004348138036076653,0.0004994506335549431,1.8906304381105022e-05,0.01693900586496177,0.0039488374014693415,0.03397282551102004,4.3568300143471985,1.5221367031748918,0.0
64,3180,3.465757252335475,0.029538639476965348,0.006759939748291822,0.031446520254765124,0.00432628011989044,0.0004944418180770072,1.8716699676150275e-05,0.016853276173162065,0.003928852012946904,0.03379795379628465,4.35690232897571,1.5221638491110627,0.0
64,3184,3.470116695420174,0.029392977928720795,0.006726604993976413,0.03128847800387531,0.004304537331098928,0.0004894844279021981,1.852904163492661e-05,0.01676800234010996,0.003908972894655828,0.03362403443308069,4.3569742165784024,1.5221908421426344,0.0
64,3188,3.4744761385048726,0.02924806211997402,0.006693440902703113,0.031131267877893085,0.004282909022555654,0.00048457791983480547,1.8343309695194735e-05,0.016683181772196003,0.0038891994419713743,0.03345106183548581,4.357045679814116,1.5222176831742416,0.0
64,3192,3.4788355815895713,0.029103888017815393,0.006660446551537536,0.030974885201584375,0.004261394551061559,0.0004797217566334666,1.815948352011244e-05,0.016598811891843597,0.0038695310540063977,0.03327903045331181,4.357116721324112,1.522244373104793,0.0
64,3196,3.48319502467427,0.028960451612809832,0.0066276210229174615,0.03081932532821617,0.00423999327733864,0.00047491540684063693,1.7977542991779318e-05,0.016514890137400637,0.003849967133586087,0.033107934771853545,4.357187343732196,1.522270912827513,0.0
64,3200,3.4875544677589687,0.02881774891884741,0.006594963404618651,0.030664583639366135,0.004218704566003759,0.00047015834488206565,1.7797468215002345e-05,0.016431413963031802,0.0038305070872228543,0.032937769311636604,4.357257549644846,1.522297303229979,0.0
64,3204,3.4919139108436674,0.02867577597299526,0.006562472789720953,0.030510655544733867,0.004197527785542675,0.0004654500508820547,1.7619239510302655e-05,0.016348380838611738,0.0038111503250914335,0.03276852862817742,4.35732734165133,1.5223235451941624,0.0
64,3208,3.496273353928366,0.028534528835350702,0.00653014827657469,0.030357536481953728,0.0041764623082842945,0.00046079001062082625,1.7442837412301716e-05,0.016265788249619217,0.0037918962610042086,0.032600207311734575,4.357396722323831,1.5223496395964664,0.0
64,3212,3.500632797013065,0.02839400358889486,0.006497988968767162,0.030205221916408485,0.004155507510375031,0.00045617771550610087,1.7268242668645457e-05,0.016183633697031696,0.0037727443123866315,0.03243279998706737,4.357465694217564,1.5223755873077647,0.0
64,3216,3.5049922400977636,0.02825419633934776,0.00646599397508948,0.030053707341044743,0.00413466277175342,0.00045161266247362164,1.7095436236238672e-05,0.01610191469722093,0.003753693900252888,0.0322663013131951,4.3575342598709,1.5224013891934394,0.0
64,3220,3.5093516831824623,0.02811510321502439,0.006434162409503635,0.029902988276189757,0.004113927476124906,0.0004470943539303107,1.6924399279093264e-05,0.016020628781849365,0.0037347444491817447,0.032100705983158076,4.357602421805483,1.52242704611342,0.0
64,3224,3.513711126267161,0.027976720366691302,0.006402493391109672,0.02975306026936904,0.004093301010936759,0.0004426222976974259,1.6755113166176487e-05,0.015939773497766995,0.003715895387292503,0.031936008723780065,4.357670182526346,1.522452558922219,0.0
64,3228,3.5180705693518597,0.027839043967424756,0.006370986044113227,0.029603918895125855,0.004072782767353237,0.00043819600696792804,1.6587559469797115e-05,0.01585934640690929,0.0036971461462212063,0.03177220429543603,4.357737544522032,1.522477928468972,0.0
64,3232,3.5224300124365584,0.027702070212469707,0.006339639497793263,0.029455559754842,0.00405237214023093,0.00043381500023542685,1.642171996291575e-05,0.015779345086195846,0.003678496161097011,0.031609287491812445,4.357804510264705,1.522503155597472,0.0
64,3236,3.526789455521257,0.027565795319099775,0.006308452886470016,0.029307978476559717,0.004032068528094262,0.00042947880119470483,1.6257576615379224e-05,0.0156997671274297,0.003659944870518716,0.031447253139682274,4.357871082210271,1.5225282411462078,0.0
64,3240,3.531148898605956,0.027430215526477706,0.006277425349473067,0.029161170714804428,0.004011871333111097,0.0004251869387417173,1.609511159392062e-05,0.015620610137197122,0.003641491716531403,0.03128609609867098,4.357937262798488,1.5225531859484005,0.0
64,3244,3.5355083416906545,0.027295327095517578,0.006246556031109804,0.02901513215040978,0.0039917799610686795,0.00042093894685990563,1.593430725785572e-05,0.015541871736768702,0.003623136144603374,0.03112581126102835,4.35800305445308,1.5225779908320387,0.0
64,3248,3.5398677847753532,0.02716112630874746,0.006215844080633994,0.02886985849034314,0.003971793821349618,0.00041673436463440794,1.5775146159620977e-05,0.015463549562000712,0.0036048776036031603,0.030966393551404986,4.358068459581855,1.5226026566199153,0.0
64,3252,3.544227227860052,0.02702760947017337,0.006185288652214649,0.0287253454675329,0.003951912326908131,0.00041257273612416157,1.561761103993202e-05,0.015385641263237479,0.003586715545776764,0.03080783792662476,4.358133480576806,1.5226271841296628,0.0
64,3256,3.5485866709447507,0.026894772905143423,0.0061548889049049356,0.02858158884069617,0.0039321348942463405,0.00040845361033348127,1.54616848267078e-05,0.015308144505214028,0.003568649426724959,0.030650139375463046,4.358198119814235,1.5226515741737883,0.0
64,3260,3.5529461140294494,0.026762612960214163,0.006124644002611584,0.02843858439416915,0.003912460943390934,0.00040437654118363753,1.530735063399468e-05,0.015231056966960203,0.003550678705380942,0.030493292918423225,4.3582623796548505,1.5226758275597092,0.0
64,3264,3.557305557114148,0.026631126003016415,0.00609455311406419,0.02829632793773705,0.003892889897869769,0.00040034108739916974,1.5154591757662936e-05,0.015154376341704547,0.003532802843987923,0.030337293607521104,4.358326262443886,1.522699945089788,0.0
64,3268,3.561665000198847,0.026500308422123097,0.006064615412784965,0.028154815306466435,0.0038734211846888035,0.00039634681247946446,1.5003391674330866e-05,0.0150781003367796,0.003515021308077051,0.030182136526062345,4.358389770511207,1.5227239275613667,0.0
64,3272,3.5660244432835455,0.02637015662691762,0.006034830077058614,0.028014042360538522,0.003854054234309165,0.00039239328467033374,1.485373404028891e-05,0.015002226673527666,0.0034973335664454435,0.030027816788429463,4.3584529061714115,1.5227477757668004,0.0
64,3276,3.570383886368244,0.026240667047463296,0.006005196289902456,0.027874004985083675,0.003834788480624379,0.0003884800769640151,1.4705602691499647e-05,0.014926753087207341,0.003479739091134398,0.02987432953986533,4.358515671723947,1.5227714904934928,0.0
64,3280,3.574743329452943,0.026111836134373047,0.005975713239036602,0.02773469909001646,0.003815623360937678,0.00038460676680074357,1.4558981632301044e-05,0.014851677326900329,0.003462237357407668,0.029721669956260067,4.35857806945321,1.5227950725239285,0.0
64,3284,3.5791027725376416,0.025983660358680803,0.005946380116854525,0.02759612060987281,0.003796558315939599,0.00038077293635296883,1.4413855046165272e-05,0.014776997155419453,0.003444827843730019,0.029569833243940823,4.358640101628652,1.5228185226357076,0.0
64,3288,3.5834622156223404,0.025856136211713496,0.005917196120393769,0.02745826550364795,0.0037775927896856842,0.0003769781722269272,1.427020728440195e-05,0.014702710349217113,0.003427510031745888,0.029418814639459584,4.358701770504886,1.5228418416015785,0.0
64,3292,3.587821658707039,0.02572926020496379,0.005888160451306819,0.02732112975463542,0.0037587262295743383,0.0003732220655479068,1.4128022869385787e-05,0.014628814698294365,0.003410283406258187,0.02926860940938765,4.358763078321788,1.5228650301894706,0.0
64,3296,3.5921811017917378,0.025603028869963868,0.00585927231583222,0.027184709370267436,0.0037399580863248607,0.0003695042117897174,1.3987286488101305e-05,0.014555308006110766,0.003393147455207287,0.029119212850105138,4.3588240273046015,1.5228880891625278,0.0
64,3300,3.5965405448764365,0.025477438758159922,0.005830530924765853,0.027049000381956175,0.003721287813955616,0.00036582421084574435,1.3847982994832527e-05,0.014482188089494741,0.0033761016696501234,0.028970620287600553,4.358884619664039,1.5229110192791402,0.0
64,3304,3.600899987961135,0.025352486440787633,0.005801935493432436,0.0269139988449364,0.003702714869762377,0.00036218166690105136,1.3710097406321523e-05,0.014409452778554748,0.003359145543739484,0.028822827077262973,4.358944857596382,1.5229338212929773,0.0
64,3308,3.605259431045834,0.02522816850874873,0.00577348524165728,0.026779700838109433,0.0036842387142968645,0.00035857618848922357,1.3573614903920171e-05,0.014337099916591137,0.003342278574703465,0.02867582860368036,4.359004743283583,1.5229564959530186,0.0
64,3312,3.6096188741305326,0.025104481572487423,0.005745179393738006,0.02664610246388719,0.003665858811345288,0.000355007388264994,1.3438520824983104e-05,0.014265127360008137,0.00332550026282495,0.028529620280441082,4.359064278893366,1.5229790440035873,0.0
64,3316,3.6139783172152313,0.024981422261869186,0.005717017178416806,0.026513199848038963,0.0036475746279072655,0.00035147488310371955,1.3304800666633295e-05,0.014193532978227343,0.003308810111421445,0.02838419754993419,4.359123466579324,1.52300146618438,0.0
64,3320,3.61833776029993,0.024858987226059233,0.005688997828852631,0.0263809891395381,0.003629385634174732,0.0003479782939876941,1.3172440081458536e-05,0.014122314653601165,0.0032922076268248985,0.02823955588314892,4.359182308481017,1.5230237632304988,0.0
64,3324,3.6226972033846288,0.024737173133401822,0.005661120582593571,0.026249466510409686,0.0036112913035109833,0.0003445172460487811,1.3041424879125258e-05,0.01405147028132686,0.003275692318361663,0.028095690779482048,4.359240806724071,1.523045935872483,0.0
64,3328,3.6270566464693275,0.024615976671301266,0.005633384681549626,0.02611862815558039,0.0035932911124300203,0.00034109136836946163,1.2911741018847358e-05,0.01398099776936179,0.00325926369833274,0.027952597766542107,4.359298963420276,1.5230679848363389,0.0
64,3332,3.631416089554026,0.024495394546103194,0.005605789371965527,0.025988470292728782,0.0035753845405759525,0.0003377002940823104,1.2783374613151795e-05,0.013910895038338936,0.003242921281994081,0.027810272399953886,4.359356780667676,1.5230899108435703,0.0
64,3336,3.635775532638725,0.024375423482976347,0.00557833390439369,0.025858989162136203,0.0035575710707024862,0.00033434366024209794,1.2656311923037111e-05,0.013841160021482732,0.003226664587536971,0.027668710263170904,4.359414260550674,1.5231117146112099,0.0
64,3340,3.6401349757234236,0.024256060225795267,0.005551017533667368,0.025730181026539112,0.0035398501886526068,0.00033102110782579075,1.2530539357973442e-05,0.013771790664525803,0.003210493136068617,0.027527906967280188,4.359471405140115,1.5231333968518483,0.0
64,3344,3.6444944188081223,0.02413730153702475,0.005523839518874207,0.02560204217098331,0.003522221383338525,0.0003277322816614969,1.240604347321281e-05,0.01370278492562664,0.0031944064515929543,0.027387858150817332,4.359528216493395,1.523154958273665,0.0
64,3348,3.648853861892821,0.024019144197603808,0.005496799123329689,0.025474568902677817,0.0035046841467215755,0.0003244768304000445,1.2282810968713241e-05,0.013634140775287214,0.003178404060991443,0.027248559479576332,4.3595846966545375,1.5231763995804568,0.0
64,3352,3.6532133049775197,0.023901585006830758,0.0054698956145508406,0.025347757550850374,0.0034872379737923348,0.00032125440642971625,1.2160828685911127e-05,0.013565856196271434,0.0031624854940040577,0.027110006646425593,4.3596408476542985,1.5231977214716688,0.0
64,3356,3.6575727480622184,0.023784620782249646,0.005443128264230236,0.02522160446660429,0.003469882362550929,0.00031806466593309324,1.204008360987298e-05,0.013497929183524425,0.003146650283210471,0.026972195371120347,4.359696671510252,1.5232189246424226,0.0
64,3360,3.661932191146917,0.023668248359537285,0.005416496348210144,0.02509610602277632,0.0034526168139874798,0.000314907268759157,1.1920562864453977e-05,0.013430357744092302,0.0031308979640113483,0.02683512140012166,4.359752170226887,1.5232400097835452,0.0
64,3364,3.666291634231616,0.023552464592390136,0.005389999146456647,0.02497125861379448,0.0034354408320625444,0.0003117818783948678,1.1802253711222073e-05,0.013363139897042055,0.003115228074609674,0.026698780506412466,4.35980734579569,1.5232609775815986,0.0
64,3368,3.6706510773163146,0.02343726635241324,0.005363635943034215,0.02484705865553832,0.0034183539236878908,0.00030868816192253234,1.1685143547844177e-05,0.01329627367338269,0.003099640155992367,0.02656316848931955,4.3598622001952405,1.5232818287189078,0.0
64,3372,3.6750105204010133,0.0233226505290093,0.005337406026080333,0.02472350258519944,0.003401355598707311,0.00030562579003401424,1.1569219908624099e-05,0.013229757115986587,0.003084133751911946,0.026428281174330992,4.359916735391302,1.5233025638735886,0.0
64,3376,3.679369963485712,0.023208614029268076,0.005311308687780175,0.024600586861142706,0.003384445369877525,0.00030259443695968,1.1454470461812842e-05,0.013163588279511274,0.0030687084088682967,0.02629411441292058,4.3599709533369015,1.5233231837195778,0.0
64,3380,3.6837294065704107,0.02309515377785765,0.005285343224341731,0.024478307962769348,0.003367622752849347,0.0002995937803547122,1.1340883005305083e-05,0.013097765230322177,0.00305336367609066,0.02616066408237014,4.360024855972429,1.5233436889266587,0.0
64,3384,3.6880888496551094,0.022982266716915417,0.005259508935970856,0.024356662390380302,0.003350887266148885,0.0002966235014270069,1.122844547148063e-05,0.013032286046415632,0.0030380991055196857,0.02602792608559301,4.3600784452257155,1.5233640801604904,0.0
64,3388,3.692448292739808,0.02286994980594011,0.005233805126846559,0.024235646665040526,0.003334238431158875,0.00029368328463874604,1.1117145915907677e-05,0.012967148817342353,0.003022914251789592,0.025895896350963128,4.360131723012125,1.5233843580826352,0.0
64,3392,3.696807735824507,0.02275820002168492,0.005208231105096546,0.024115257328444918,0.0033176757721002322,0.0002907728180190361,1.1006972529177498e-05,0.012902351644131864,0.0030078086722105483,0.025764570832138418,4.360184691234636,1.523404523350585,0.0
64,3396,3.7011671789092055,0.022647014358050707,0.0051827861827727795,0.02399549094278435,0.003301198816013622,0.0002878917927944258,1.0897913622917982e-05,0.012837892639217011,0.0029927819267510777,0.025633945507892292,4.360237351783933,1.52342457661779,0.0
64,3400,3.7055266219939043,0.02253638982598051,0.005157469675827337,0.023876344090613302,0.003284807092741251,0.0002850399035736473,1.0789957636786873e-05,0.01277376992635931,0.0029778335780206522,0.025504016381939502,4.360289706538483,1.523444518533684,0.0
64,3404,3.709886065078603,0.022426323453354408,0.005132280904088351,0.023757813374718096,0.0032685001349087354,0.0002822168481486642,1.0683093130940596e-05,0.012709981640574736,0.002962963191252396,0.025374779482773852,4.360341757364628,1.5234643497437115,0.0
64,3408,3.7142455081633017,0.022316812284885176,0.005107219191236128,0.023639895417986063,0.0032522774779071045,0.00027942232769362363,1.057730879356542e-05,0.012646525928059966,0.0029481703342858884,0.025246230863493847,4.360393506116661,1.5234840708893556,0.0
64,3412,3.7186049512480004,0.022207853382014878,0.005082283864779486,0.023522586863275956,0.003236138659874972,0.0002766560463527412,1.0472593425277192e-05,0.012583400946119358,0.0029334545775501425,0.02511836660163839,4.360444954636915,1.5235036826081627,0.0
64,3416,3.722964394332699,0.0220994438228117,0.005057474256032142,0.023405884373288798,0.0032200832216807682,0.00027391771166662693,1.0368935955259549e-05,0.012520604863092206,0.0029188154940466464,0.02499118279902228,4.360496104755841,1.5235231855337694,0.0
64,3420,3.727323837417398,0.021991580701867987,0.005032789700089381,0.02328978463044012,0.0032041107069051625,0.00027120703406069424,1.0266325421898057e-05,0.012458135858280733,0.0029042526593325755,0.02486467558157113,4.3605469582920895,1.5235425802959284,0.0
64,3424,3.7316832805020965,0.0218842611301984,0.005008229535804745,0.023174284336732544,0.003188220661823533,0.00026852372727148577,1.0164750988918424e-05,0.012395992121878323,0.002889765651504065,0.024738841099160667,4.360597517052596,1.5235618675205338,0.0
64,3428,3.7360427235867952,0.021777482235139266,0.004983793105767004,0.023059380213629785,0.003172412635388634,0.00026586750792034763,1.0064201929248298e-05,0.012334171854898546,0.002875354051179661,0.024613675525450327,4.360647782832656,1.5235810478296474,0.0
64,3432,3.740402166671494,0.02167124116024849,0.004959479756277246,0.02294506900193142,0.0031566861792133665,0.00026323809576922486,9.964667634700176e-06,0.012272673269104625,0.00286101744148388,0.024489175057727675,4.360697757416007,1.5236001218415238,0.0
64,3436,3.7447616097561927,0.02156553506520586,0.0049352888373260665,0.02283134746164826,0.003141040847553632,0.00026063521346486596,9.866137606288494e-06,0.012211494586939221,0.002846755408030838,0.024365335916747832,4.360747442574909,1.5236190901706352,0.0
64,3440,3.7491210528408914,0.02146036112571442,0.004911219702570992,0.02271821237187898,0.003125476197291361,0.0002580585866809315,9.768601459609018e-06,0.012150634041454972,0.002832567538908061,0.024242154346572876,4.360796840070222,1.5236379534276971,0.0
64,3444,3.75348049592559,0.0213557165334021,0.004887271709313975,0.02260566053068726,0.0031099917879176078,0.0002555079440185182,9.672048921073267e-06,0.01209008987624531,0.002818453424660354,0.02411962661441693,4.360845951651481,1.5236567122196922,0.0
64,3448,3.757839939010289,0.02125159849572426,0.004863444218479083,0.022493688754979944,0.0030945871815157918,0.0002529830168924718,9.576469823604989e-06,0.012029860345375844,0.0028044126582738057,0.023997749010491287,4.360894779056981,1.5236753671498966,0.0
64,3452,3.7621993820949875,0.021148004235867053,0.00483973659459039,0.022382293880386334,0.003079261942745089,0.0002504835396734961,9.481854112019564e-06,0.011969943713316394,0.002790444835159945,0.023876517847846855,4.360943324013845,1.523693918817902,0.0
64,3456,3.766558825179686,0.021044930992650805,0.00481614820574986,0.022271472761137678,0.003064015638823852,0.0002480092494749897,9.388191834954896e-06,0.011910338254873162,0.0027765495531399285,0.023755929462223744,4.360991588238107,1.523712367819642,0.0
64,3460,3.770918268264385,0.020942376020434885,0.004792678423615583,0.022161222269948246,0.0030488478395132522,0.0002455598862525221,9.295473148636997e-06,0.011851042255121758,0.002762726412428926,0.023635980211896238,4.361039573434785,1.5237307147474155,0.0
64,3464,3.7752777113490836,0.02084033658902256,0.00476932662337999,0.02205153929789672,0.003033758117100957,0.00024313519269014705,9.203688312576466e-06,0.011792054009340453,0.002748975015620563,0.023516666477522295,4.361087281297956,1.5237489601899106,0.0
64,3468,3.7796371544337823,0.02073880998356672,0.004746092183748291,0.02194242075430854,0.003018746046384948,0.00024073491427145655,9.112827692258185e-06,0.011733371822943936,0.0027352949676714747,0.023397984661994456,4.3611347135108325,1.523767104732228,0.0
64,3472,3.783996597518481,0.0206377935044762,0.004722974486917026,0.02183386356663912,0.003003811204657452,0.0002383587991374725,9.022881753761922e-06,0.011674994011417616,0.002721685875885994,0.02327993119028971,4.361181871745834,1.5237851489559056,0.0
64,3476,3.7883560406031798,0.02053728446732278,0.00469997291855279,0.021725864680357917,0.0029889531716889906,0.00023600659805822488,8.933841062686441e-06,0.01161691890025234,0.00270814734990093,0.023162502509320674,4.361228757664661,1.5238030934389402,0.0
64,3480,3.7927154836878785,0.02043728020274893,0.004677086867771114,0.021618421058833385,0.002974171529712557,0.00023367806453222784,8.845696287915093e-06,0.011559144824879672,0.0026946790016704825,0.023045695087790797,4.3612753729183735,1.5238209387558128,0.0
64,3484,3.797074926772577,0.020337778056375704,0.00465431572711539,0.02151152968321828,0.002959465863407831,0.00023137295465858188,8.758438196774346e-06,0.01150167013060736,0.0026812804454511958,0.022929505416045673,4.361321719147454,1.5238386854775103,0.0
64,3488,3.801434369857276,0.02023877538871171,0.004631658892536036,0.021405187552336384,0.002944835759885601,0.00022909102709434137,8.672057653419967e-06,0.011444493172555602,0.002667951297787102,0.022813930005931866,4.361367797981886,1.523856334171549,0.0
64,3492,3.8057938129419746,0.02014026957506262,0.004609115763369793,0.021299391682569627,0.002930280808672228,0.0002268320430403037,8.58654561829908e-06,0.011387612315593518,0.002654691177494912,0.02269896539064984,4.361413611041227,1.5238738854019969,0.0
64,3496,3.8101532560266733,0.020042258005441228,0.004586685742319136,0.021194139107746292,0.0029158006016942726,0.0002245957662694309,8.50189314922605e-06,0.011331025934276288,0.00264149970564936,0.022584608124611445,4.361459159934672,1.523891339729496,0.0
64,3500,3.814512699111372,0.019944738084477692,0.004564368235431733,0.02108942687902932,0.002901394733263122,0.00022238196304158464,8.41809139815483e-06,0.0112747324127823,0.002628376505568552,0.022470854783301502,4.36150444626113,1.5239086977112863,0.0
64,3504,3.8188721421960707,0.01984770723133118,0.004542162652080229,0.020985252064806375,0.00288706280005987,0.000220190402117737,8.335131611716916e-06,0.011218730144851329,0.0026153212027995526,0.022357701963133882,4.361549471609294,1.523925959901226,0.0
64,3508,3.8232315852807695,0.019751162879601627,0.004520068404942049,0.020881611750580058,0.002872804401120211,0.00021802085464628362,8.25300512691781e-06,0.011163017533722773,0.00260233342510399,0.022245146281312838,4.361594237557704,1.5239431268498154,0.0
64,3512,3.827591028365468,0.019655102477241688,0.0044980849099792485,0.02077850303885862,0.002858619137819405,0.00021587309427673063,8.17170337544055e-06,0.011107592992074219,0.0025894128024437297,0.022133184375694216,4.361638745674828,1.5239601991042173,0.0
64,3516,3.831950471450167,0.0195595234864704,0.004476211586418755,0.020675923049048507,0.002844506613857495,0.00021374689697495342,8.091217876652486e-06,0.011052454941960988,0.002576558966966785,0.02202181290464863,4.361682997519114,1.52397717720828,0.0
64,3520,3.8363099145348656,0.0194644233836864,0.004454447856732506,0.02057386891734663,0.002830466435244486,0.00021164204110846185,8.011540240832916e-06,0.010997601814755571,0.0025637715529931967,0.021911028546924935,4.361726994639073,1.5239940617025578,0.0
64,3524,3.8406693576195643,0.01936979965938195,0.004432793146617781,0.020472337796633582,0.002816498210285653,0.00020955830744640025,7.932662169173092e-06,0.010943032051087603,0.0025510501970010396,0.02180082800151222,4.361770738573338,1.5240108531243335,0.0
64,3528,3.845028800704263,0.019275649818057444,0.0044112468849776265,0.020371326856367545,0.0028026015495669467,0.00020749547894638454,7.854575445707108e-06,0.010888744100784198,0.0025383945376125138,0.0216912079875087,4.361814230850734,1.524027552007639,0.0
64,3532,3.8493882437889617,0.019181971378137295,0.0043898085039016125,0.020270833282479805,0.0027887760659406177,0.00020545334098187595,7.777271945918951e-06,0.010834736422811216,0.0025258042155802533,0.021582165243986005,4.361857472990342,1.5240441588832767,0.0
64,3536,3.8537476868736604,0.0190887618718853,0.004368477438646462,0.020170854277269775,0.0027750213745107756,0.00020343168114322907,7.700743629211332e-06,0.010781007485214269,0.002513278873773571,0.021473696529856198,4.361900466501568,1.5240606742788407,0.0
64,3540,3.858107129958359,0.018996018845321115,0.004347253127616937,0.020071387059301452,0.0027613370926191424,0.0002014302892661135,7.624982539981569e-06,0.01072755576506049,0.002500818157164888,0.021365798623740405,4.3619432128842055,1.5240770987187375,0.0
64,3544,3.862466573043058,0.018903739858137245,0.004326135012346841,0.019972428863300404,0.002747722839830881,0.00019944895736045964,7.54998080493188e-06,0.010674379748380676,0.0024884217128162407,0.021258468323839923,4.361985713628503,1.5240934327242064,0.0
64,3548,3.8668260161277566,0.018811922483616246,0.0043051225374800715,0.01987397694005121,0.0027341782379204857,0.0001974874797241455,7.475730637372915e-06,0.010621477930111619,0.0024760891898658413,0.021151702447803455,4.362027970215228,1.5241096768133406,0.0
64,3552,3.8711854592124553,0.018720564308549466,0.004284215150752023,0.019776028556296704,0.0027207029108579214,0.00019554565272983382,7.40222432915464e-06,0.010568848814039501,0.002463820239514881,0.021045497832599132,4.362069984115727,1.5241258315011068,0.0
64,3556,3.875544902297154,0.018629662933154514,0.004263412302970698,0.01967858099463582,0.002707296484794567,0.00019362327499550247,7.329454257121626e-06,0.0105164909127425,0.0024516145150141467,0.02093985133438824,4.362111756791997,1.5241418972993663,0.0
64,3560,3.8799043453818527,0.018539215970995334,0.004242713447998421,0.019581631553424517,0.002693958588049588,0.00019172014715707064,7.257412874506004e-06,0.010464402747535113,0.002439471671651048,0.02083475982839628,4.362153289696742,1.524157874716895,0.0
64,3564,3.8842637884665514,0.01844922104890147,0.004222118042733356,0.019485177546675888,0.0026806888510961923,0.00018983607201050745,7.186092716306865e-06,0.01041258284841203,0.0024273913667365267,0.02073022020878614,4.362194584273438,1.5241737642594024,0.0
64,3568,3.88862323155125,0.018359675806888066,0.0042016255470912044,0.019389216303961173,0.0026674869065480113,0.0001879708544549885,7.115486397138501e-06,0.010361029753992551,0.002415373259592104,0.02062622938853574,4.362235641956397,1.5241895664295535,0.0
64,3572,3.892982674635949,0.018270577898076738,0.0041812354239870895,0.019293745170311856,0.0026543523891456333,0.00018612430136499825,7.0455866063889404e-06,0.01030974201146559,0.002403417011537056,0.020522784299313215,4.362276464170821,1.524205281726986,0.0
64,3576,3.8973421177206475,0.018181924988616774,0.004160947139317531,0.01919876150612212,0.0026412849357431815,0.00018429622168980586,6.9763861119855295e-06,0.010258718176534853,0.0023915222858756366,0.02041988189134904,4.3623170523328785,1.5242209106483313,0.0
64,3580,3.9017015608053462,0.018093714757606884,0.004140760161942532,0.019104262687052186,0.002628284185295016,0.0001824864264108328,6.907877758781113e-06,0.010207956813364588,0.0023796887478844293,0.020317519133318567,4.362357407849747,1.524236453687234,0.0
64,3584,3.906061003890045,0.018005944897017297,0.0041206739636677515,0.019010246103932007,0.002615349778842486,0.00018069472847059842,6.84005446586433e-06,0.010157456494525478,0.002367916064799733,0.020215693012218493,4.3623975321196875,1.5242519113343707,0.0
64,3588,3.9104204469747437,0.017918613111612792,0.0041006880192268926,0.018916709162666124,0.0026024813595008378,0.00017892094278693094,6.772909227097554e-06,0.010107215800941233,0.0023562039058051135,0.020114400533248006,4.3624374265321,1.5242672840774687,0.0
64,3592,3.9147798900594424,0.017831717118875604,0.004080801806264056,0.018823649284138485,0.0025896785724461224,0.00017716488618191306,6.706435108427194e-06,0.010057233321835127,0.002344551942018938,0.020013638719682578,4.36247709246758,1.5242825724013263,0.0
64,3596,3.919139333144141,0.01774525464892947,0.0040610148053163595,0.018731063904118612,0.0025769410649022864,0.00017542637749556889,6.640625252187213e-06,0.010007507654677337,0.0023329598464821,0.01991340461276413,4.362516531297981,1.5242977767878303,0.0
64,3600,3.92349877622884,0.017659223444463783,0.004041326499796583,0.018638950473167985,0.0025642684861282893,0.00017370523737270105,6.575472869030025e-06,0.009958037405132368,0.0023214272941457625,0.01981369527157591,4.3625557443864755,1.524312897715976,0.0
64,3604,3.9278582193135385,0.017573621260658166,0.004021736375975904,0.018547306456547,0.0025516604874053083,0.00017200128837657758,6.510971242230017e-06,0.00990882118700683,0.0023099539618591848,0.019714507772926528,4.362594733087605,1.5243279356618842,0.0
64,3608,3.9322176623982372,0.01748844586510811,0.004002243922966877,0.01845612933412315,0.002539116722024102,0.0001703143550173536,6.447113728759429e-06,0.009859857622197906,0.002298539528357707,0.01961583921123571,4.362633498747347,1.5243428910988217,0.0
64,3612,3.936577105482936,0.017403695037750508,0.003982848632706403,0.018365416600279242,0.002526636845272386,0.0001686442634394325,6.383893747453664e-06,0.009811145340641817,0.0022871836742507385,0.019517686698415818,4.36267204270317,1.5243577644972177,0.0
64,3616,3.9409365485676346,0.01731936657078967,0.003963549999938783,0.01827516576382217,0.0025142205144222806,0.00016699084186200253,6.321304795687445e-06,0.009762682980262657,0.002275886082009829,0.01942004736375922,4.362710366284083,1.5243725563246833,0.0
64,3620,3.9452959916523334,0.01723545826862444,0.00394434752219905,0.018185374347893038,0.002501867388717946,0.00016535392008165672,6.2593404305468934e-06,0.00971446918692192,0.0022646464359569025,0.01932291835382268,4.362748470810706,1.5243872670460286,0.0
64,3624,3.949655434737032,0.017151967947775123,0.003925240699796242,0.018096039889877197,0.0024895771293632065,0.00016373332982766442,6.197994282278047e-06,0.009666502614368036,0.0022534644222524935,0.019226296832316078,4.362786357595313,1.524401897123282,0.0
64,3628,3.9540148778217308,0.01706889343681103,0.003906229035796822,0.018007159941314965,0.0024773493995092683,0.00016212890457723006,6.137260047293628e-06,0.009618781924186286,0.00224233972888407,0.019130179979985677,4.3628240279418975,1.5244164470157069,0.0
64,3632,3.9583743209064295,0.016986232576279,0.003887312036008317,0.017918732067813595,0.0024651838642426056,0.00016054047944180638,6.077131483869523e-06,0.009571305785749397,0.0022312720456545178,0.019034564994508684,4.3628614831462205,1.5244309171798194,0.0
64,3636,3.962733763991128,0.016903983218631582,0.003868489208962886,0.01783075384895889,0.0024530801905728043,0.0001589678914228898,6.017602421827709e-06,0.009524072876167957,0.0022202610641705797,0.018939449090377394,4.362898724495873,1.5244453080694063,0.0
64,3640,3.967093207075827,0.01682214322815638,0.00384976006590115,0.01774322287822824,0.002441038047420595,0.00015741097905674906,5.958666749087741e-06,0.009477081880241649,0.0022093064778314886,0.018844829498791325,4.362935753270321,1.5244596201355425,0.0
64,3644,3.9714526501605256,0.016740710480905665,0.00383112412075608,0.01765613676290399,0.0024290571056059377,0.0001558695826844314,5.900318421887626e-06,0.009430331490410645,0.002198407981817634,0.01875070346754757,4.362972570740972,1.5244738538266083,0.0
64,3648,3.9758120932452243,0.01665968286462582,0.0038125808901368573,0.017569493123986774,0.0024171370378360956,0.000154343544323865,5.842551459942353e-06,0.009383820406706997,0.002187565273079234,0.018657068260932944,4.363009178171217,1.5244880095883067,0.0
64,3652,3.980171536329923,0.016579058278688264,0.003794129893313057,0.01748328959611051,0.002405277518693942,0.0001528327075419611,5.785359941602429e-06,0.009337547336706978,0.0021767780503252204,0.018563921159615405,4.363045576816494,1.5245020878636801,0.0
64,3656,3.9845309794146218,0.01649883463402035,0.0037757706521988426,0.0173975238274575,0.0023934782246262808,0.00015133691766777702,5.7287380119229904e-06,0.009291510995483464,0.002166046014012142,0.018471259460536342,4.3630817679243314,1.524516089093128,0.0
64,3660,3.9888904224993205,0.016419009853036442,0.003757502691337185,0.017312193479673704,0.0023817388339321885,0.00014985602153672062,5.67267987298087e-06,0.009245710105558424,0.002155368866333087,0.018379080476807377,4.36311775273441,1.5245300137144229,0.0
64,3664,3.993249865584019,0.016339581869569793,0.003739325537884279,0.017227296227785124,0.002370059026751512,0.0001483898676752915,5.617179790867826e-06,0.009200143396856042,0.0021447463112067543,0.018287381537602104,4.3631535324786075,1.5245438621627279,0.0
64,3668,3.997609308668718,0.016260548628805174,0.0037212387215941217,0.017142829760114997,0.0023584384850534757,0.000146938306102129,5.562232088159371e-06,0.009154809606656286,0.0021341780542666316,0.01819615998805194,4.363189108381058,1.5245576348706122,0.0
64,3672,4.001968751753417,0.016181908087210706,0.0037032417748029127,0.017058791778200223,0.0023468768926251846,0.00014550118847012072,5.507831149294185e-06,0.009109707479548068,0.0021236638028500738,0.018105413189144187,4.3632244816581975,1.5245713322680696,0.0
64,3676,4.006328194838115,0.0161036582124717,0.0036853342324139155,0.016975179996710107,0.002335373935060444,0.00014407836793850493,5.45397141573264e-06,0.009064835767383688,0.002113203265987684,0.018015138517614784,4.363259653518816,1.5245849547825323,0.0
64,3680,4.010687637922814,0.01602579698342381,0.003667515631882157,0.01689199214336438,0.002323929299748483,0.0001426696992723464,5.400647389722393e-06,0.009020193229232896,0.0021027961543926043,0.01792533336585032,4.363294625164114,1.5245985028388895,0.0
64,3684,4.015047081007513,0.015948322389987224,0.0036497855131993676,0.016809225958852442,0.002312542675862843,0.00014127503865779545,5.3478536273051535e-06,0.008975778631337604,0.002092442180449958,0.017835995141783346,4.363329397787744,1.5246119768595021,0.0
64,3688,4.019406524092211,0.015871232433100946,0.0036321434188789424,0.016726879196752857,0.0023012137543503013,0.0001398942438299855,5.295584743158151e-06,0.008931590747066807,0.0020821410582063404,0.017747121268793485,4.363363972575869,1.5246253772642193,0.0
64,3692,4.02376596717691,0.01579452512465755,0.003614588893941009,0.016644949623453358,0.0022899422279198684,0.00013852717398776804,5.24383540736649e-06,0.008887628356871732,0.0020718925033593647,0.01765870918560428,4.363398350707208,1.5246387044703948,0.0
64,3696,4.028125410261609,0.015718198487438457,0.0035971214858976177,0.016563435018071587,0.0022787277910318814,0.00013717368979371258,5.192600345423151e-06,0.008843890248241438,0.00206169623324731,0.01757075634618681,4.363432533353085,1.5246519588929017,0.0
64,3700,4.032484853346308,0.015642250555049763,0.0035797407447380504,0.016482333172376403,0.0022675701398871787,0.00013583365341673925,5.141874339842815e-06,0.008800375215658714,0.002051551966838839,0.01748326021965874,4.363466521677481,1.5246651409441487,0.0
64,3704,4.036844296431006,0.015566679371858039,0.003562446222914134,0.016401641890709345,0.0022564689724162952,0.0001345069283331668,5.091652222630687e-06,0.0087570820605561,0.0020414594247227494,0.01739621829018647,4.363500316837078,1.5246782510340964,0.0
64,3708,4.041203739515705,0.015491482992926962,0.0035452374753257355,0.016321358989907074,0.0022454239882687926,0.00013319337962514055,5.041928886579258e-06,0.008714009591272427,0.0020314183290978385,0.017309628056886607,4.3635339199813155,1.524691289570272,0.0
64,3712,4.045563182600404,0.015416659483954381,0.00352811405930636,0.01624148229922424,0.002234434888802647,0.00013189287365378277,4.992699272895667e-06,0.008671156623009607,0.0020214284037628322,0.017223487033733553,4.363567332252431,1.5247042569577847,0.0
64,3716,4.049922625685102,0.01534220692120909,0.003511075534608682,0.01616200966025634,0.002223501377073636,0.00013060527811603606,4.943958373353462e-06,0.008628521977789447,0.002011489374106317,0.01713779274945673,4.363600554785507,1.5247171535993411,0.0
64,3720,4.054282068769801,0.01526812339146928,0.0034941214633904586,0.016082938926864236,0.0022126231578249553,0.00012933046227203704,4.895701238899653e-06,0.008586104484411355,0.0020016009670968797,0.017052542747452035,4.363633588708528,1.5247299798952607,0.0
64,3724,4.0586415118545,0.01519440699195985,0.0034772514102001835,0.016004267965097678,0.0022017999374766956,0.0001280682965472124,4.847922964592374e-06,0.008543902978409524,0.0019917629112731275,0.016967734585680145,4.363666435142418,1.5247427362434909,0.0
64,3728,4.0630009549391986,0.015121055830291552,0.0034604649419631623,0.015925994653120817,0.0021910314241155976,0.00012681865285912863,4.800618701973515e-06,0.00850191630201122,0.001981974936733962,0.016883365836577992,4.363699095201092,1.5247554230396212,0.0
64,3732,4.067360398023897,0.015048068024399446,0.003443761627967424,0.0158481168811371,0.0021803173274847166,0.00012558140434748566,4.753783648847853e-06,0.008460143304094739,0.0019722367751287815,0.016799434086962724,4.363731569991496,1.524768040676899,0.0
64,3736,4.071719841108596,0.014975441702482483,0.003427141039849899,0.01577063255131534,0.0021696573589732528,0.00012435642553043635,4.707413055200398e-06,0.00841858284014799,0.0019625481596478216,0.016715936937938883,4.363763860613665,1.5247805895462443,0.0
64,3740,4.076079284193295,0.014903175002942979,0.003410602751582563,0.015693539577716038,0.002159051231606414,0.00012314359224774307,4.661502221044631e-06,0.00837723377222729,0.0019529088250125524,0.01663287200480809,4.363795968160758,1.5247930700362635,0.0
64,3744,4.080438727277993,0.014831266074326771,0.0033941463394587465,0.01561683588621807,0.002148498660035333,0.00012194278154709082,4.616046492118977e-06,0.008336094968916278,0.001943318507466099,0.016550236916974357,4.363827893719107,1.524805482533265,0.0
64,3748,4.084798170362692,0.014759713075263822,0.0033777713820795376,0.015540519414446391,0.0021379993605271158,0.00012075387182619579,4.571041265266215e-06,0.008295165305285493,0.0019337769447638202,0.01646802931785749,4.363859638368264,1.5248178274212731,0.0
64,3752,4.089157613447391,0.014688514174408678,0.0033614774603401595,0.015464588111699349,0.0021275530509548466,0.00011957674271911856,4.52648198412995e-06,0.008254443662851664,0.0019242838761638155,0.016386246864797168,4.3638912031810415,1.5248301050820428,0.0
64,3756,4.0935170565320895,0.014617667550381982,0.0033452641574165834,0.015389039938877327,0.002117159450787768,0.00011841127512468574,4.482364140230494e-06,0.008213928929537791,0.0019148390424176208,0.01630488722896986,4.363922589223563,1.5248423158950728,0.0
64,3760,4.097876499616788,0.014547171391712153,0.003329131058752182,0.01531387286841168,0.0021068182810815065,0.00011725735112122493,4.4386832697372276e-06,0.00817361999963337,0.0019054421857609362,0.016223948095294472,4.363953797555301,1.5248544602376217,0.0
64,3764,4.102235942701487,0.01447702389677671,0.0033130777520443025,0.015239084884193205,0.002096529264468228,0.00011611485405182975,4.395434956696236e-06,0.008133515773754374,0.0018960930499042961,0.016143427162347547,4.363984829229124,1.5248665384847206,0.0
64,3768,4.106595385786186,0.014407223273745441,0.00329710382723126,0.0151646739815029,0.002086292125147117,0.00011498366849593822,4.352614831954434e-06,0.008093615158804515,0.0018867913800240381,0.01606332214227319,4.364015685291342,1.5248785510091876,0.0
64,3772,4.110954828870884,0.014337767740522662,0.003281208876479124,0.015090638166941651,0.0020761065888746993,0.000113863680141435,4.3102185683180976e-06,0.008053917067935904,0.001877536922753133,0.015983630760698524,4.364046366781742,1.524890498181641,0.0
64,3776,4.115314271955583,0.01426865552469022,0.0032653924941686736,0.015016975458360806,0.0020659723829552926,0.00011275477596939254,4.2682418875460915e-06,0.008014420420510206,0.0018683294261721288,0.01590435075664354,4.364076874733642,1.524902380370514,0.0
64,3780,4.119673715040282,0.014199884863451136,0.003249654276882501,0.014943683884793573,0.002055889236231567,0.00011165684401248654,4.226680551204882e-06,0.00797512414206029,0.0018591686398002109,0.01582547988243922,4.364107210173925,1.524914197942068,0.0
64,3784,4.1240331581249805,0.01413145400357305,0.0032339938233920686,0.01487076148638624,0.002045856879075084,0.00011056977361079134,4.185530370351465e-06,0.007936027164251737,0.0018500543145862276,0.015747015903638313,4.364137374123085,1.5249259512604068,0.0
64,3788,4.128392601209679,0.014063361201332905,0.0032184107346450506,0.014798206314330825,0.0020358750433770306,0.00010949345507071939,4.1447871926227935e-06,0.007897128424845176,0.0018409862028999115,0.015668956598934563,4.364167367595268,1.5249376406874888,0.0
64,3792,4.132752044294378,0.013995604722460961,0.0032029046137525183,0.014726016430797068,0.0020259434625388623,0.00010842777996344921,4.1044469135325265e-06,0.007858426867658279,0.0018319640585230182,0.015591299760076697,4.364197191598313,1.524949266583141,0.0
64,3796,4.137111487379077,0.01392818284208593,0.003187475065976387,0.014654189908865637,0.002016061871463114,0.00010737264094018428,4.064505469477808e-06,0.007819921442528372,0.0018229876366406118,0.015514043191782784,4.364226847133797,1.5249608293050734,0.0
64,3800,4.141470930463775,0.013861093844679932,0.003172121698716818,0.014582724832461287,0.0020062300065442048,0.00010632793177478561,4.024958839353082e-06,0.00778161110527509,0.001814056693832357,0.015437184711661563,4.364256335197071,1.5249723292088906,0.0
64,3804,4.145830373548474,0.013794336024004355,0.003156844121499828,0.01451161929628706,0.001996447605659385,0.0001052935473069283,3.985803042398334e-06,0.00774349481766358,0.001805170988063943,0.015360722150127,4.364285656777306,1.5249837666481059,0.0
64,3808,4.150189816633173,0.013727907683055577,0.0031416419459648678,0.014440871405758365,0.0019867144081596685,0.00010426938347052328,3.947034139274971e-06,0.007705571547367648,0.0017963302786784903,0.015284653350317274,4.364314812857529,1.5249951419741539,0.0
64,3812,4.1545492597178715,0.013661807134011099,0.0031265147858524963,0.014370479276937584,0.0019770301548608328,0.00010325533733634984,3.908648233679645e-06,0.007667840267933216,0.001787534326388033,0.015208976168014898,4.364343804414666,1.5250064555364036,0.0
64,3816,4.15890870280257,0.013596032698176691,0.0031114622569922822,0.014300441036469828,0.0019673945880345845,0.00010225130691310369,3.870641464813082e-06,0.007630299958742389,0.0017787828932651429,0.015133688471563565,4.364372632419582,1.5250177076821716,0.0
64,3820,4.163268145887269,0.013530582705932277,0.0030964839772904215,0.014230754821517439,0.001957807451399546,0.00010125719140319234,3.833010017063013e-06,0.007592949604976887,0.0017700757427344018,0.015058788141789568,4.364401297837119,1.5250288987567346,0.0
64,3824,4.167627588971968,0.01346545549668012,0.00308157956671788,0.01416141877969696,0.0019482684901125855,0.00010027289093272884,3.7957501097833068e-06,0.007555788197582778,0.0017614126395641835,0.014984273071923388,4.364429801626138,1.5250400291033421,0.0
64,3828,4.171987032056666,0.013400649418791924,0.003066748647298286,0.014092431069015112,0.0019387774507600068,9.929830672206208e-05,3.758858003749252e-06,0.007518814733234739,0.0017527933498583197,0.01491014116751753,4.364458144739557,1.5250510990632293,0.0
64,3832,4.176346475141365,0.013336162829557217,0.0030519908430961186,0.014023789857806097,0.0019293340813489267,9.833334098630075e-05,3.7223299973919757e-06,0.007482028214300996,0.0017442176410479284,0.014836390346370578,4.364486328124388,1.525062108975629,0.0
64,3836,4.180705918226064,0.013271994095131155,0.003037305780204763,0.013955493324668434,0.0019199381312985824,9.737789697794597e-05,3.686162428412265e-06,0.007445427648808046,0.0017356852818831885,0.014763018538449052,4.364514352721779,1.5250730591777848,0.0
64,3840,4.1850653613107625,0.013208141590483266,0.0030226930867347794,0.013887539658402805,0.0019105893514317828,9.643187888741522e-05,3.650351670014982e-06,0.007409012050405938,0.0017271960424252472,0.01469002368581043,4.364542219467048,1.5250839500049624,0.0
64,3844,4.189424804395461,0.01314460369934635,0.003008152392802209,0.013819927057950153,0.0019012874939663901,9.549519192830758e-05,3.6148941341367086e-06,0.007372780438333678,0.001718749694038155,0.014617403742522683,4.364569929289729,1.5250947817904632,0.0
64,3848,4.19378424748016,0.01308137881416565,0.002993683330516944,0.013752653732330197,0.0018920323125068636,9.456774233740362e-05,3.579786271445745e-06,0.007336731837384909,0.0017103460093808639,0.014545156674594778,4.3645974831136005,1.525105554865636,0.0
64,3852,4.198143690564859,0.013018465336048555,0.002979285533971214,0.013685717900580487,0.0018828235620358723,9.364943723255692e-05,3.545024565962706e-06,0.00730086527787385,0.0017019847623992886,0.014473280459894017,4.364624881856728,1.5251162695598888,0.0
64,3856,4.202503133649557,0.012955861674714346,0.0029649586392280847,0.013619117791695563,0.0018736609989059272,9.274018471217005e-05,3.510605538826103e-06,0.0072651797956013245,0.0016936657283183865,0.014401773088074396,4.364652126431502,1.5251269262007006,0.0
64,3860,4.206862576734256,0.012893566248444482,0.002950702284310086,0.013552851644566908,0.0018645443808311183,9.183989385519453e-05,3.4765257482923457e-06,0.007229674431821234,0.001685388683634341,0.014330632560501773,4.364679217744673,1.5251375251136343,0.0
64,3864,4.211222019818955,0.0128315774840328,0.002936516109187809,0.01348691770792265,0.0018554734668788204,9.09484746216549e-05,3.442781785970156e-06,0.007194348233206884,0.001677153406106713,0.014259856890180283,4.3647061566973875,1.5251480666223483,0.0
64,3868,4.215581462903653,0.012769893816736757,0.0029223997557687527,0.013421314240268614,0.0018464480174615824,9.006583795212464e-05,3.4093702805861545e-06,0.007159200251818069,0.0016689596747507664,0.014189444101674461,4.36473294418523,1.5251585510486076,0.0
64,3872,4.219940905988352,0.012708513690228181,0.0029083528678860503,0.013356039509828844,0.0018374677943289452,8.919189571088282e-05,3.376287895833097e-06,0.007124229545067872,0.0016608072698297291,0.014119392231041984,4.364759581098251,1.525168978712296,0.0
64,3876,4.224300349073051,0.012647435556545078,0.0028943750912874405,0.013291091794487312,0.0018285325605594221,8.832656055801635e-05,3.343531325528409e-06,0.007089435175690121,0.001652695972847206,0.014049699325756776,4.36478606832101,1.5251793499314277,0.0
64,3880,4.22865979215775,0.012586657876042837,0.002880466073624103,0.01322646938172904,0.001819642080552398,8.746974616258285e-05,3.3110973016832953e-06,0.007054816211706527,0.001644625566539519,0.013980363444638025,4.364812406732607,1.525189665022159,0.0
64,3884,4.233019235242448,0.012526179117346749,0.0028666254644397885,0.013162170568582696,0.001810796120020233,8.662136701786949e-05,3.278982587509511e-06,0.007020371726394629,0.001636595834868233,0.013911382657780778,4.364838597206722,1.5251999242988,0.0
64,3888,4.237378678327147,0.01246599775730414,0.002852852915159869,0.013098193661562849,0.0018019944459803175,8.578133859771242e-05,3.24718398333671e-06,0.006986100798255588,0.0016286065630126488,0.01384275504647859,4.364864640611646,1.5252101280738248,0.0
64,3892,4.241738121411846,0.012406112280937184,0.002839148079080534,0.013034536976613014,0.0017932368267472366,8.494957708649054e-05,3.2156983163915725e-06,0.006952002510982387,0.0016206575373623902,0.013774478703160209,4.36489053781032,1.525220276657884,0.0
64,3896,4.246097564496544,0.012346521181395311,0.002825510611357904,0.012971198839048268,0.0017845230319248756,8.412599966334255e-05,3.184522451556617e-06,0.006918075953427816,0.0016127485455099397,0.013706551731316534,4.364916289660366,1.5252303703598162,0.0
64,3900,4.250457007581243,0.012287222959908894,0.0028119401689974278,0.01290817758349938,0.0017758528323987333,8.331052427479335e-05,3.153653282763151e-06,0.0068843202195733085,0.0016048793762433746,0.013638972245426356,4.364941897014123,1.5252404094866583,0.0
64,3904,4.254816450665942,0.01222821612574287,0.0027984364108432705,0.012845471553856796,0.0017672260003282162,8.250306972001908e-05,3.1230877362189146e-06,0.0068507344084976565,0.0015970498195390728,0.01357173837089569,4.364967360718686,1.5252503943436566,0.0
64,3908,4.2591758937506405,0.012169499196150187,0.0027849989975676608,0.012783079103214696,0.001758642309138942,8.17035556792689e-05,3.092822771483962e-06,0.006817317624345848,0.0015892596665544494,0.013504848243981588,4.364992681615932,1.5252603252342785,0.0
64,3912,4.263535336835339,0.012111070696326057,0.0027716275916604186,0.01272099859381576,0.00175010153351514,8.091190262859982e-05,3.062855378243017e-06,0.006784068976298219,0.0015815087096207635,0.013438300011727562,4.365017860542559,1.525270202460223,0.0
64,3916,4.267894779920038,0.01205292915936249,0.0027583218574185526,0.012659228396996411,0.0017416034493921194,8.0128031811455e-05,3.0331825752295934e-06,0.006750987578539933,0.0015737967422360059,0.013372091831894953,4.365042898330118,1.5252800263214314,0.0
64,3920,4.272254223004737,0.011995073126202502,0.00274508146093578,0.012597766893131693,0.001733147833948684,7.935186535235061e-05,3.0038014145295186e-06,0.006718072550230221,0.0015661235590577259,0.013306221872895468,4.365067795805048,1.5252897971160997,0.0
64,3924,4.276613666089435,0.011937501145595768,0.0027319060700923786,0.012536612471581858,0.0017247344655997848,7.858332612897811e-05,2.974708976739468e-06,0.006685323015472604,0.0015584889558960904,0.013240688313723577,4.365092553788706,1.525299515140686,0.0
64,3928,4.280973109174134,0.011880211774053226,0.002718795354544796,0.012475763530637778,0.001716363123989011,7.782233782904768e-05,2.9459023731187287e-06,0.006652738103284456,0.0015508927297067888,0.013175489343891612,4.365117173097405,1.5253091806899248,0.0
64,3932,4.285332552258833,0.011823203575802844,0.002705748985715528,0.012415218477467686,0.0017080335899812605,7.706882492186651e-05,2.917378744513317e-06,0.0066203169475673035,0.0015433346785841092,0.013110623163363042,4.365141654542443,1.5253187940568356,0.0
64,3936,4.2896919953435315,0.01176647512274565,0.002692766636783057,0.012354975728064287,0.0016997456456554658,7.632271260149537e-05,2.889135259204218e-06,0.006588058687077325,0.00153581460175406,0.013046087982485468,4.365165998930133,1.5253283555327333,0.0
64,3940,4.29405143842823,0.011710024994411398,0.0026798479826717035,0.012295033707191485,0.001691499074297264,7.558392691464633e-05,2.8611691177488478e-06,0.0065559624653956745,0.001528332299567453,0.01298188202192965,4.365190207061841,1.52533786540724,0.0
64,3944,4.298410881512929,0.011653851777915019,0.0026669927000416626,0.012235390848332006,0.0016832936603917907,7.485239459015247e-05,2.83347754652577e-06,0.006524027430899266,0.001520887573493092,0.012918003512617786,4.365214279734015,1.525347323968294,0.0
64,3948,4.302770324597628,0.011597954067913216,0.002654200467279069,0.012176045593635268,0.0016751291896165092,7.412804315265475e-05,2.8060578020382174e-06,0.006492252736731725,0.0015134802261110017,0.012854450695667367,4.365238217738218,1.5253567315021614,0.0
64,3952,4.307129767682326,0.011542330466561675,0.0026414709644862052,0.01211699639386596,0.0016670054488341348,7.341080080891516e-05,2.7789071666105694e-06,0.006460637540774727,0.0015061100611057454,0.012791221822321733,4.3652620218611595,1.525366088293445,0.0
64,3956,4.311489210767025,0.011486979583471897,0.0026288038734716235,0.01205824170835217,0.0016589222260854999,7.270059656150352e-05,2.752022952691876e-06,0.006429181005619084,0.0014987768832596842,0.012728315153889865,4.365285692884723,1.525375394625095,0.0
64,3960,4.315848653851724,0.011431900035668435,0.002616198877740357,0.01199978000493414,0.0016508793105825031,7.199736009511071e-05,2.7254024985523326e-06,0.006397882298536197,0.0014914804984463234,0.012665728961680209,4.365309231586004,1.5253846507784201,0.0
64,3964,4.3202080969364225,0.011377090447546914,0.002603655662484316,0.01194160975991377,0.0016428764927011621,7.130102181918119e-05,2.6990431698971033e-06,0.006366740591449912,0.0014842207136237502,0.012603461526941105,4.3653326387373355,1.525393857033096,0.0
64,3968,4.324567540021121,0.011322549450832105,0.0025911739145726897,0.011883729458004356,0.0016349135639746996,7.061151291054557e-05,2.67294236148014e-06,0.006335755060908504,0.001476997336828104,0.012541511140799443,4.365355915106322,1.5254030136671763,0.0
64,3972,4.32892698310582,0.011268275684535678,0.0025787533225422807,0.011826137592279932,0.0016269903170865732,6.992876518552293e-05,2.6470974922627202e-06,0.006304924888056484,0.001469810177167002,0.012479876104195969,4.365379061455868,1.5254121209571023,0.0
64,3976,4.333286426190519,0.011214267794914842,0.0025663935765880383,0.011768832664125716,0.001619106545863658,6.925271115676424e-05,2.6215060075652074e-06,0.006274249258606972,0.001462659044813101,0.01241855472782468,4.365402078544209,1.5254211791777128,0.0
64,3980,4.337645869275217,0.011160524435431154,0.0025540943685536323,0.011711813183188651,0.0016112620452694432,6.858328403325231e-05,2.5961653790670525e-06,0.006243727362814155,0.001455543750997675,0.012357545332073613,4.365424967124941,1.5254301886022539,0.0
64,3984,4.342005312359916,0.011107044266709566,0.0025418553919220803,0.011655077667328335,0.0016034566113972799,6.792041773451274e-05,2.5710731053447322e-06,0.006213358395445944,0.0014484641080042423,0.012296846246964298,4.365447727947053,1.5254391495023882,0.0
64,3988,4.346364755444615,0.011053825956497388,0.0025296763418063578,0.011598624642567886,0.0015956900414636223,6.72640468053487e-05,2.546226708644108e-06,0.00618314155575662,0.0014414199291621875,0.012236455812090484,4.365470361754954,1.5254480621482058,0.0
64,3992,4.3507241985293135,0.011000868179623962,0.0025175569149401673,0.01154245264304566,0.001587962133801385,6.661410650110611e-05,2.5216237381080688e-06,0.006153076047459948,0.0014344110288404947,0.012176372376559826,4.365492869288502,1.5254569268082325,0.0
64,3996,4.355083641614012,0.01094816961796047,0.0025054968096687434,0.011486560210967105,0.0015802726878533188,6.597053275925191e-05,2.4972617687006487e-06,0.006123161078702363,0.0014274372224414966,0.012116594298933725,4.365515251283036,1.5254657437494397,0.0
64,4000,4.359443084698711,0.010895728960379596,0.0024934957259396175,0.011430945896556436,0.0015726215041653637,6.533326204305467e-05,2.473138395289682e-06,0.006093395862036059,0.0014204983263946,0.012057119947168628,4.365537508469405,1.5254745132372545,0.0
64,4004,4.36380252778341,0.010843544902716128,0.002481553365293606,0.011375608258009628,0.0015650083843801797,6.470223162580169e-05,2.4492512434056147e-06,0.006063779614392826,0.001413594158150188,0.011997947698558937,4.365559641573992,1.5254832355355685,0.0
64,4008,4.368161970868108,0.010791616147727114,0.0024696694308556887,0.011320545861446598,0.0015574331312305705,6.407737930658186e-05,2.4255979584826916e-06,0.0060343115570574285,0.0014067245361734132,0.01193907593967655,4.36558165131875,1.525491910906747,0.0
64,4012,4.372521413952807,0.010739941405052831,0.0024578436273260764,0.011265757280864607,0.001549895548533071,6.345864353818342e-05,2.4021762107004238e-06,0.006004990915641659,0.0013998892799381487,0.011880503066317095,4.365603538421224,1.5255005396116395,0.0
64,4016,4.376880857037506,0.010688519391177681,0.002446075660971265,0.011211241098091516,0.0015423954411815175,6.284596346972648e-05,2.3789836965974083e-06,0.005975816920058331,0.0013930882099209261,0.011822227483438488,4.365625303594585,1.5255091219095867,0.0
64,4020,4.3812403001222044,0.01063734882939115,0.0024343652396150973,0.011156995902739098,0.0015349326151406243,6.223927880455449e-05,2.356018133691923e-06,0.005946788804495283,0.0013863211475948752,0.011764247605106705,4.365646947547653,1.525517658058432,0.0
64,4024,4.385599743206903,0.010586428449749694,0.002422712072630043,0.011103020292157513,0.0015275068774397201,6.163852980023421e-05,2.3332772604819273e-06,0.005917905807390049,0.0013795879154238186,0.011706561854439673,4.365668470984928,1.5255261483145295,0.0
64,4028,4.389959186291602,0.010535756989037904,0.002411115870928311,0.011049312871388947,0.0015201180361663705,6.104365746750773e-05,2.3107588439762295e-06,0.005889167171404072,0.0013728883368562606,0.01164916866354929,4.365689874606618,1.5255345929327526,0.0
64,4032,4.394318629376301,0.010485333190730688,0.0023995763469531932,0.010995872253122438,0.0015127659004601623,6.045460332870789e-05,2.288460670549497e-06,0.005860572143397549,0.001366222236319523,0.011592066473488429,4.365711159108664,1.5255429921665042,0.0
64,4036,4.398678072460999,0.010435155804955737,0.002388093214670477,0.010942697057649001,0.0015054502805065314,5.987130944618002e-05,2.2663805470181386e-06,0.005832119974404465,0.0013595894392139257,0.011535253734190539,4.365732325182771,1.5255513462677246,0.0
64,4040,4.403037515545698,0.010385223588455294,0.0023766661895596934,0.010889785912816126,0.0014981709875305008,5.929371862123389e-05,2.2445163081714705e-06,0.0058038099196072975,0.0013529897719068882,0.01147872890442173,4.36575337351643,1.5255596554869006,0.0
64,4044,4.407396958630397,0.010335535304549013,0.002365294988605621,0.010837137453983393,0.001490927833790576,5.872177409571577e-05,2.2228658054749655e-06,0.005775641238312309,0.0013464230617271718,0.011422490451721334,4.365774304792951,1.525567920073075,0.0
64,4048,4.411756401715095,0.01028608972309698,0.002353979330289819,0.0107847503239784,0.0014837206325726809,5.81554197793821e-05,2.2014269156773033e-06,0.00574761319392504,0.0013398891369591646,0.011366536852349108,4.3657951196914855,1.5255761402738544,0.0
64,4052,4.416115844799794,0.010236885620462542,0.002342718934582124,0.010732623173052408,0.0014765491981840546,5.7594600093580084e-05,2.180197534893022e-06,0.005719725053925632,0.0013333878268371306,0.01131086659123126,4.3658158188870555,1.525584316335418,0.0
64,4056,4.420475287884493,0.010187921779475646,0.0023315135229322586,0.010680754658836715,0.0014694133459472525,5.7039260042301976e-05,2.1591755812922215e-06,0.005691976089844588,0.0013269189615395564,0.011255478161907658,4.365836403050577,1.5255924485025267,0.0
64,4060,4.4248347309691916,0.01013919698939652,0.00232036281826152,0.010629143446299307,0.0014623128921941798,5.648934519797422e-05,2.1383589945626245e-06,0.0056643655772386356,0.0013204823721835273,0.011200370066477425,4.365856872848892,1.5256005370185322,0.0
64,4064,4.42919417405389,0.01009071004587915,0.0023092665449544222,0.010577788207701354,0.001455247654260107,5.594480168724658e-05,2.1177457353716345e-06,0.005636892795666552,0.00131407789081909,0.011145540815548003,4.365877228944787,1.5256085821253844,0.0
64,4068,4.433553617138589,0.010042459750935496,0.0022982244288505043,0.01052668762255466,0.001448217450477817,5.540557616257047e-05,2.0973337842904548e-06,0.005609557028665513,0.0013077053504237392,0.011090988928182395,4.365897471997026,1.5256165840636404,0.0
64,4072,4.437913060223288,0.009994444912899386,0.0022872361972360727,0.010475840377578653,0.0014412221001716867,5.48716158021989e-05,2.0771211417940895e-06,0.005582357563727176,0.0013013645848968418,0.011036712931842906,4.365917602660369,1.5256245430724726,0.0
64,4076,4.442272503307986,0.009946664346391257,0.0022763015788361263,0.010425245166658366,0.0014342614236519077,5.4342868381240805e-05,2.057105830951044e-06,0.0055552936922743145,0.0012950554290541913,0.010982711362347774,4.365937621585608,1.5256324593896777,0.0
64,4080,4.446631946392685,0.009899116872282539,0.0022654203038062104,0.010374900690802139,0.0014273352422086653,5.381928217218501e-05,2.0372858936577443e-06,0.005528364709637318,0.001288777718622527,0.010928982763811795,4.365957529419579,1.5256403332516844,0.0
64,4084,4.450991389477384,0.009851801317660539,0.0022545921037243765,0.010324805658099822,0.00142044337810639,5.3300805944900276e-05,2.017659390638535e-06,0.005501569915030958,0.0012825312902341205,0.010875525688600226,4.365977326805198,1.5256481648935618,0.0
64,4088,4.4553508325620825,0.009804716515793677,0.0022438167115832303,0.010274958783681376,0.0014135856545780601,5.278738900926783e-05,1.9982244030595e-06,0.0054749086115313626,0.0012763159814214056,0.0108223386972765,4.365997014381484,1.5256559545490282,0.0
64,4092,4.459710275646781,0.009757861306096226,0.0022330938617818596,0.01022535878967511,0.0014067618958194586,5.227898120097052e-05,1.9789790319905257e-06,0.00544838010605285,0.0012701316306115789,0.010769420358551086,4.366016592783578,1.525663702450459,0.0
64,4096,4.46406971873148,0.009711234534094528,0.002222423290118103,0.01017600440516735,0.0013999719269836223,5.177553282464942e-05,1.959921396253534e-06,0.0054219837093254656,0.0012639780771213634,0.01071676924923317,4.366036062642775,1.525671408828893,0.0
64,4100,4.468429161816179,0.009664835051391896,0.0022118047337805207,0.010126894366160906,0.001393215574175129,5.127699475337977e-05,1.9410496361880695e-06,0.005395718735871955,0.0012578551611516393,0.010664383954179886,4.366055424586543,1.5256790739140438,0.0
64,4104,4.472788604900877,0.009618661715635152,0.002201237931340732,0.010078027415535195,0.0013864926644446113,5.078331830077332e-05,1.922361908809834e-06,0.0053695845039855705,0.0012517627237822718,0.010612263066247298,4.366074679238553,1.5256866979343053,0.0
64,4108,4.477148047985576,0.009572713390480549,0.0021907226227456202,0.010029402303005879,0.0013798030257832037,5.0294455277821726e-05,1.9038563899624482e-06,0.0053435803357076705,0.0012457006069668878,0.010560405186241647,4.366093827218697,1.5256942811167598,0.0
64,4112,4.481507491070275,0.009526988945559823,0.0021802585493095627,0.009981017785084506,0.00137314648711699,4.9810358007107425e-05,1.8855312748553914e-06,0.005317705556805299,0.0012396686535276495,0.010508808922870847,4.366112869143118,1.525701823687187,0.0
64,4116,4.4858669341549735,0.009481487256446866,0.0021698454537068027,0.009932872625039035,0.0013665228783015725,4.9330979294381905e-05,1.8673847769881221e-06,0.005291959496749252,0.0012336667071501414,0.010457472892696289,4.366131805624228,1.525709325870072,0.0
64,4120,4.490226377239672,0.00943620720462468,0.0021594830799638886,0.009884965592854504,0.0013599320301166614,4.885627238593315e-05,1.849415126536256e-06,0.005266341488692238,0.0012276946123782793,0.01040639572008271,4.366150637270737,1.525716787888611,0.0
64,4124,4.494585820324371,0.009391147677451729,0.0021491711734519725,0.009837295465193331,0.0013533737742606126,4.8386191039639925e-05,1.8316205730412674e-06,0.005240850869446842,0.0012217522146091727,0.010355576037152602,4.366169364687673,1.5257242099647215,0.0
64,4128,4.49894526340907,0.009346307568129757,0.0021389094808794444,0.009789861025356951,0.00134684794334515,4.7920689453917475e-05,1.813999382720788e-06,0.005215486979464202,0.0012158393600881538,0.010305012483740012,4.366187988476408,1.525731592319048,0.0
64,4132,4.503304706493768,0.00930168577567049,0.0021286977502843153,0.009742661063246477,0.0013403543708899533,4.745972229613926e-05,1.796549839544487e-06,0.005190249162812182,0.0012099558959036904,0.010254703707339882,4.36620650923468,1.5257389351709714,0.0
64,4136,4.507664149578467,0.009257281204863417,0.002118535731026839,0.009695694375324476,0.0013338928913174,4.70032447168478e-05,1.7792702457720127e-06,0.005165136767154147,0.0012041016699824356,0.010204648363064794,4.3662249275566145,1.5257462387386158,0.0
64,4140,4.512023592663166,0.009213092766243741,0.0021084231737821817,0.009648959764577015,0.0013274633399473427,4.6551212278700405e-05,1.7621589192632888e-06,0.005140149143727887,0.001198276531084317,0.010154845113596688,4.366243244032749,1.525753503238855,0.0
64,4144,4.5163830357478645,0.009169119376059853,0.002098359830532977,0.009602456040475169,0.0013210655529918146,4.610358101331258e-05,1.7452141956302763e-06,0.005115285647324259,0.0011924803287975563,0.01010529262914055,4.366261459250061,1.5257607288873218,0.0
64,4148,4.520742478832563,0.009125359956241632,0.002088345454562071,0.009556182018937463,0.0013146993675498618,4.566030739283633e-05,1.7284344271610941e-06,0.005090545636266337,0.0011867129135338089,0.010055989587379237,4.366279573791976,1.5257679158984145,0.0
64,4152,4.525101921917262,0.009081813434368535,0.0020783798004452196,0.009510136522292132,0.0013083646216023514,4.5221348329960165e-05,1.711817982820017e-06,0.005065928472388464,0.0011809741365232807,0.010006934673427888,4.3662975882384085,1.525775064485305,0.0
64,4156,4.529461365001961,0.009038478743638638,0.002068462624044004,0.009464318379240465,0.0013020611540069285,4.4786661192119936e-05,1.6953632487854176e-06,0.005041433521015913,0.0011752638498099867,0.009958126579789684,4.366315503165771,1.525782174859944,0.0
64,4160,4.533820808086659,0.008995354822836714,0.0020585936824985265,0.009418726424819068,0.0012957888044928243,4.435620374465543e-05,1.6790686262980038e-06,0.00501706015094394,0.001169581906246867,0.009909564006308056,4.366333319147001,1.5257892472330719,0.0
64,4164,4.538180251171358,0.008952440616303457,0.0020487727342203637,0.00937335950036347,0.0012895474136558499,4.392993417923208e-05,1.6629325327366995e-06,0.004992807734417604,0.0011639281594910847,0.009861245660125969,4.366351036751582,1.5257962818142228,0.0
64,4168,4.542539694256057,0.008909735073904317,0.002038999538885439,0.009328216453471282,0.0012833368229533265,4.350781109963009e-05,1.6469534010807044e-06,0.0049686756471113026,0.0011583024639992517,0.009813170255638888,4.366368656545569,1.525803278811733,0.0
64,4172,4.5468991373407555,0.008867237150998795,0.0020292738574269917,0.009283296137965939,0.0012771568746990987,4.308979359279874e-05,1.6311296825991966e-06,0.004944663268108694,0.0011527046750227515,0.009765336514450034,4.366386179091601,1.525810238432749,0.0
64,4176,4.551258580425454,0.008824945808409933,0.0020195954520285976,0.009238597413860593,0.0012710074120585663,4.267584108674782e-05,1.6154598414719275e-06,0.0049207699798826275,0.001147134648603058,0.009717743165329988,4.366403604948936,1.525817160883233,0.0
64,4180,4.555618023510153,0.008782860012393917,0.002009964086117212,0.00919411914732226,0.0012648882790437512,4.226591343581276e-05,1.5999423580168643e-06,0.004896995168275284,0.0011415922415671078,0.009670388944170712,4.36642093467346,1.5258240463679709,0.0
64,4184,4.559977466594852,0.008740978734609627,0.0020003795243561983,0.009149860210635883,0.0012587993205083552,4.185997093486549e-05,1.5845757292281316e-06,0.004873338222478239,0.001136077311522651,0.009623272593941525,4.366438168817718,1.5258308950905797,0.0
64,4188,4.56433690967955,0.008699300952089506,0.0019908415326386677,0.009105819482169852,0.0012527403821430139,4.1457974219838434e-05,1.5693584650104263e-06,0.004849798535013321,0.0011305897168537903,0.009576392864650543,4.366455307930924,1.5258377072535132,0.0
64,4192,4.568696352764249,0.008657825647207995,0.001981349878080248,0.009061995846338936,0.0012467113104701988,4.105988436720054e-05,1.554289091944603e-06,0.004826375501712099,0.0011251293167161972,0.00952974851329676,4.366472352558995,1.5258444830580704,0.0
64,4196,4.573055795848948,0.008616551807653835,0.0019719043290127507,0.009018388193571392,0.001240711952839692,4.0665662808692105e-05,1.539366150060029e-06,0.0048030685216975955,0.001119695971032851,0.009483338303831322,4.366489303244565,1.5258512227044014,0.0
64,4200,4.577415238933646,0.008575478426398988,0.001962504654977056,0.008974995420272493,0.0012347421574235681,4.027527138816822e-05,1.524588194986348e-06,0.004779876997364099,0.0011142895404893307,0.009437161007114626,4.366506160527003,1.5258579263915149,0.0
64,4204,4.581774682018345,0.008534604501670347,0.001953150626716638,0.008931816428791066,0.0012288017732115914,3.988867234738791e-05,1.5099537974155382e-06,0.0047568003343586,0.0011089098865294893,0.009391215400872895,4.366522924942439,1.525864594317284,0.0
64,4208,4.586134125103044,0.008493929036920103,0.0019438420161707855,0.008888850127384608,0.0012228906500064154,3.9505828297592416e-05,1.4954615420260329e-06,0.004733837941561457,0.001103556871350945,0.009345500269659305,4.366539597023782,1.525871226678454,0.0
64,4212,4.590493568187743,0.00845345104079692,0.0019345785964680032,0.008846095430185339,0.0012170086384189138,3.912670217687264e-05,1.4811100258688967e-06,0.004710989231067577,0.0010982303579006954,0.009300014404812325,4.366556177300741,1.525877823670649,0.0
64,4216,4.594853011272441,0.00841316952711725,0.001925360141919448,0.008803551257166352,0.0012111555898635228,3.875125734964513e-05,1.4668978621334115e-06,0.004688253618167654,0.001092930209870742,0.009254756604411043,4.366572666299846,1.525884385488378,0.0
64,4220,4.59921245435714,0.008373083514836382,0.0019161864280123038,0.00876121653410756,0.001205331356553557,3.837945757823036e-05,1.4528236790711937e-06,0.004665630521329298,0.0010876562916936929,0.00920972567324145,4.366589064544465,1.5258909123250426,0.0
64,4224,4.603571897441839,0.008333192028020365,0.0019070572314033559,0.008719090192562663,0.0011995357914966636,3.801126689495504e-05,1.4388861151547303e-06,0.004643119362178725,0.0010824084685384931,0.009164920422749254,4.366605372554828,1.525897404372942,0.0
64,4228,4.607931340526537,0.008293494095817689,0.0018979723299125091,0.008677171169825774,0.0011937687484902327,3.764664975847154e-05,1.4250838249947245e-06,0.004620719565482281,0.0010771866063061179,0.00912033967100336,4.366621590848043,1.5259038618232814,0.0
64,4232,4.612290783611236,0.008253988752430871,0.0018889315025162874,0.008635458408898015,0.0011880300821167993,3.7285570954281866e-05,1.4114154755745122e-06,0.004598430559127911,0.0010719905716252524,0.009075982242655087,4.366637719938118,1.5259102848661767,0.0
64,4236,4.616650226695935,0.008214675037088802,0.001879934529341503,0.008593950858454989,0.0011823196477395712,3.692799568000282e-05,1.3978797494777047e-06,0.0045762517741071524,0.0010668202318480948,0.009031846968899155,4.36665376033598,1.5259166736906624,0.0
64,4240,4.6210096697806335,0.008175551994018964,0.0018709811916589002,0.008552647472814085,0.0011766373014979283,3.6573889403257454e-05,1.3844753395087837e-06,0.0045541826444970195,0.0010616754550461318,0.008987932687433657,4.366669712549497,1.5259230284846972,0.0
64,4244,4.625369112865332,0.008136618672419669,0.001862071271876801,0.008511547211901855,0.001170982900302936,3.6223217975361877e-05,1.3712009529966257e-06,0.004532222607441928,0.0010565561100059268,0.008944238242421153,4.366685577083489,1.5259293494351707,0.0
64,4248,4.629728555950031,0.008097874126432886,0.001853204553534888,0.008470649041222087,0.0011653563018329527,3.5875947588692725e-05,1.35805531018068e-06,0.004510371103136019,0.001051462066224997,0.008900762484449118,4.366701354439757,1.52593563672791,0.0
64,4252,4.63408799903473,0.00805931741511671,0.001844380821297901,0.008429951931823464,0.0011597573645291792,3.5532044790898e-05,1.3450371447489098e-06,0.004488627574805243,0.0010463931939076385,0.00885750427049328,4.366717045117096,1.5259418905476854,0.0
64,4256,4.638447442119428,0.008020947602418149,0.001835599860949413,0.008389454860267605,0.001154185947591264,3.519147642805365e-05,1.3321452016860292e-06,0.0044669914686896696,0.0010413493639608018,0.00881446246387759,4.366732649611319,1.5259481110782174,0.0
64,4260,4.642806885204127,0.00798276375714641,0.001826861459385714,0.008349156808597677,0.0011486419109729832,3.485420970150699e-05,1.3193782394252664e-06,0.004445462234026097,0.0010363304479900377,0.008771635934235359,4.366748168415269,1.5259542985021823,0.0
64,4264,4.647166328288826,0.007944764952946307,0.0018181654046097266,0.008309056764307148,0.0011431251153779427,3.452021216787671e-05,1.3067350298483628e-06,0.0044240393230307465,0.0010313363182954626,0.008729023557474045,4.366763602018841,1.525960453001219,0.0
64,4268,4.6515257713735245,0.007906950268271136,0.001809511485724798,0.008269153720308068,0.001137635422255214,3.418945162536602e-05,1.294214353982049e-06,0.004402722190881725,0.0010263668478676705,0.008686624215737605,4.366778950909002,1.525966574755934,0.0
64,4272,4.655885214458223,0.007869318786356438,0.0018008994929286958,0.008229446674900137,0.001132172693795079,3.3861896284292925e-05,1.2818150084533316e-06,0.004381510295701871,0.001021421910383735,0.008644436797365207,4.366794215569808,1.5259726639459092,0.0
64,4276,4.660244657542922,0.007831869595193839,0.0017923292175076205,0.008189934631740134,0.0011267367929248236,3.353751463919252e-05,1.2695358006480278e-06,0.004360403098541853,0.0010165013802032673,0.0086024601968584,4.366809396482423,1.5259787207497062,0.0
64,4280,4.664604100627621,0.007794601787504501,0.001783800451830132,0.008150616599810747,0.001121327583304451,3.321627549723871e-05,1.2573755497866469e-06,0.004339400063362915,0.0010116051323643947,0.00856069331484195,4.366824494125135,1.525984745344874,0.0
64,4284,4.668963543712319,0.0077575144607135785,0.001775312989341301,0.008111491593390616,0.0011159449293225577,3.289814794982249e-05,1.245333085848509e-06,0.004318500657020281,0.0010067330425798928,0.008519135058027094,4.366839508973375,1.5259907379079543,0.0
64,4288,4.673322986797018,0.007720606716923972,0.0017668666245567047,0.008072558632023599,0.0011105886960921078,3.258310144360621e-05,1.2334072522614475e-06,0.004297704349246166,0.0010018849872332233,0.008477784339178614,4.366854441499738,1.5259966986144868,0.0
64,4292,4.677682429881717,0.007683877662890729,0.0017584611530565668,0.008033816740488815,0.0011052587494463104,3.227110570946934e-05,1.2215969032121072e-06,0.004277010612633192,0.0009970608433746693,0.008436640077074481,4.3668692921739956,1.526002627639016,0.0
64,4296,4.6820418729664155,0.007647326409995775,0.0017500963714799764,0.00799526494877094,0.001099954955934533,3.196213079093013e-05,1.2099009047218245e-06,0.004256418922617949,0.0009922604887175018,0.008395701196470045,4.366884061463119,1.5260085251550966,0.0
64,4300,4.686401316051114,0.007610952074222059,0.0017417720775189697,0.007956902292030079,0.0010946771828181572,3.16561470299348e-05,1.1983181341086872e-06,0.004235928757464328,0.0009874838016340958,0.008354966628066219,4.36689874983129,1.5260143913353001,0.0
64,4304,4.690760759135813,0.007574753776128966,0.0017334880699129039,0.007918727810572807,0.001089425298066594,3.1353125081068356e-05,1.186847480525475e-06,0.004215539598247497,0.0009827306611521931,0.008314435308471334,4.366913357739928,1.5260202263512197,0.0
64,4308,4.695120202220512,0.007538730640826256,0.001725244148442493,0.007880740549821888,0.0010841991703531186,3.105303581207863e-05,1.1754878411940756e-06,0.004195250928837162,0.0009780009469510015,0.008274106180165724,4.366927885647694,1.5260260303734765,0.0
64,4312,4.69947964530521,0.007502881797950067,0.0017170401139243155,0.007842939560288004,0.00107899866905098,3.075585046019569e-05,1.1642381273228315e-06,0.004175062235881915,0.000973294539357545,0.008233978191466571,4.366942334010523,1.5260318035717253,0.0
64,4316,4.703839088389909,0.00746720638163752,0.0017088757682050043,0.007805323897540176,0.001073823664229333,3.046154057528838e-05,1.1530972619547761e-06,0.004154973008792886,0.0009686113193428533,0.00819405029649467,4.3669567032816285,1.5260375461146605,0.0
64,4320,4.708198531474608,0.007431703530502496,0.0017007509141557008,0.007767892622177392,0.0010686740266493335,3.017007790617754e-05,1.1420641756641113e-06,0.004134982739728042,0.0009639511685183015,0.008154321455139427,4.3669709939115275,1.5260432581700203,0.0
64,4324,4.7125579745593065,0.007396372387610646,0.0016926653556663383,0.007730644799799413,0.0010635496277601228,2.9881434500111936e-05,1.13113781032179e-06,0.004115090923576056,0.000959313969131849,0.00811479063302356,4.366985206348052,1.526048939904595,0.0
64,4328,4.716917417644005,0.0073612121004553305,0.0016846188976401345,0.0076935795009786525,0.0010584503396949589,2.959558277382257e-05,1.120317121785219e-06,0.004095297057940743,0.0009546996040644125,0.0080754568014699,4.3669993410363706,1.52605459148423,0.0
64,4332,4.721276860728704,0.007326221820933472,0.0016766113459880652,0.007656695801231943,0.0010533760352673324,2.9312495286148987e-05,1.109601071291211e-06,0.00407560064312546,0.000950107956826228,0.008036318937467202,4.367013398419,1.5260602130738337,0.0
64,4336,4.725636303813403,0.007291400705321293,0.0016686425076233127,0.0076199927809922335,0.0010483265879670726,2.9032144993834663e-05,1.0989886351389136e-06,0.004056001182117457,0.000945538911553203,0.007997376023636479,4.367027378935828,1.5260658048373807,0.0
64,4340,4.729995746898101,0.007256747914250542,0.0016607121904558245,0.007583469525580828,0.0010433018719565275,2.8754505024153332e-05,1.0884787960827606e-06,0.004036498180572528,0.0009409923530033395,0.007958627048199161,4.367041283024123,1.5260713669379191,0.0
64,4344,4.7343551899828,0.007222262612684432,0.0016528202033868071,0.007547125125179297,0.0010383017620667011,2.847954881701753e-05,1.0780705487118787e-06,0.004017091146799491,0.0009364681665531144,0.007920071004939798,4.367055111118553,1.5260768995375749,0.0
64,4348,4.738714633067499,0.007187943969894298,0.0016449663563033838,0.0075109586748022174,0.0010333261337935012,2.8207250110767745e-05,1.0677628989121446e-06,0.003997779591745115,0.0009319662381939657,0.00788170689317702,4.367068863651207,1.5260824027975575,0.0
64,4352,4.7430740761521974,0.007153791159435892,0.00163715046007317,0.007474969274269532,0.0010283748632939382,2.7937582828485574e-05,1.0575548595626638e-06,0.003978563028978841,0.0009274864545287326,0.007843533717730384,4.367082541051602,1.5260878768781665,0.0
64,4356,4.747433519236896,0.007119803359126132,0.0016293723265389524,0.007439156028179422,0.001023447827382392,2.7670521234313128e-05,1.047445456453113e-06,0.003959440974677798,0.0009230287027681599,0.007805550488885044,4.367096143746705,1.5260933219387947,0.0
64,4360,4.751792962321595,0.007085979751019687,0.0016216317685133295,0.007403518045881066,0.0010185449035268657,2.7406039734501064e-05,1.0374337207525756e-06,0.0039404129476117555,0.0009185928707273914,0.00776775622236225,4.3671096721609475,1.5260987381379354,0.0
64,4364,4.756152405406294,0.0070523195213859765,0.0016139285997734494,0.00736805444144774,0.0010136659698452826,2.7144113133203973e-05,1.0275186986924697e-06,0.003921478469128248,0.0009141788468225028,0.007730149939286108,4.367123126716242,1.5261041256331873,0.0
64,4368,4.760511848490992,0.007018821860686421,0.0016062626350558022,0.007332764333650351,0.0010088109051018472,2.6884716362474137e-05,1.0176994413456782e-06,0.0039026370631379563,0.0009097865200670919,0.007692730666150206,4.3671365078319955,1.5261094845812588,0.0
64,4372,4.764871291575691,0.006985485963551212,0.0015986336900509048,0.007297646845930385,0.0010039795887033225,2.6627824738056916e-05,1.007975014309479e-06,0.003883888256099767,0.0009054157800687974,0.007655497434789751,4.367149815925127,1.5261148151379742,0.0
64,4376,4.76923073466039,0.006952311028756796,0.0015910415813981467,0.007262701106373669,0.0009991719006954205,2.6373413689384506e-05,9.983444874846741e-07,0.0038652315770062807,0.0009010665170259195,0.007618449282345972,4.367163051410083,1.5261201174582786,0.0
64,4380,4.773590177745088,0.006919296259203467,0.0015834861266806645,0.007227926247684306,0.0009943877217592153,2.6121458915895346e-05,9.888069409929358e-07,0.003846666557369409,0.0008967386217240629,0.0075815852512366964,4.367176214698851,1.5261253916962425,0.0
64,4384,4.777949620829787,0.006886440861892751,0.001575967144420164,0.007193321407158268,0.0009896269332075125,2.5871936429666675e-05,9.793614667906283e-07,0.003828192731205792,0.0008924319855327364,0.00754490438912418,4.367189306200978,1.5261306380050685,0.0
64,4388,4.782309063914486,0.006853744047904902,0.0015684844540717704,0.00715888572665733,0.0009848894169812606,2.56248224417277e-05,9.700071643652836e-07,0.003809809635022408,0.0008881465004019998,0.007508405748886184,4.367202326323583,1.5261358565370946,0.0
64,4392,4.786668506999185,0.0068212050323771915,0.0015610378760190613,0.00712461835258373,0.0009801750556460665,2.5380093347848742e-05,9.607431401976606e-07,0.0037915168078025752,0.0008838820588591989,0.0074720883885820745,4.367215275471374,1.5261410474438002,0.0
64,4396,4.791027950083883,0.0067888230344817155,0.0015536272315689866,0.007090518435854371,0.0009754837323886454,2.5137725842228065e-05,9.515685120652695e-07,0.0037733137909917104,0.0008796385540056464,0.007435951371428502,4.367228154046658,1.5261462108758108,0.0
64,4400,4.795387393168582,0.006756597277403099,0.0015462523429467664,0.007056585131874919,0.0009708153310132576,2.4897696860648466e-05,9.4248240689061e-07,0.0037552001284830265,0.000875415879513288,0.00739999376575875,4.367240962449366,1.526151346982904,0.0
64,4404,4.799746836253281,0.006724526988317419,0.0015389130332910676,0.007022817600515277,0.0009661697359383349,2.4659983523633855e-05,9.334839585894087e-07,0.003737175366603995,0.0008712139296215458,0.007364214645002921,4.367253701077056,1.5261564559140126,0.0
64,4408,4.804106279337979,0.006692611398369895,0.0015316091266488981,0.006989215006083671,0.0009615468321929143,2.442456322171438e-05,9.245723112982623e-07,0.003719239054102036,0.0008670325991339823,0.007328613087651783,4.367266370324938,1.5261615378172315,0.0
64,4412,4.808465722422678,0.006660849742653656,0.001524340447970749,0.006955776517301996,0.0009569465054132471,2.419141347331788e-05,9.157466139952327e-07,0.003701390742130917,0.0008628717834151311,0.007293188177229352,4.367278970585878,1.5261665928398211,0.0
64,4416,4.812825165507377,0.006629241260188296,0.0015171068231056837,0.006922501307280898,0.0009523686418393708,2.3960512180565274e-05,9.070060301827764e-07,0.003683629984236999,0.0008587313783872884,0.00725793900226227,4.367291502250426,1.5261716211282133,0.0
64,4420,4.8171846085920755,0.006597785193898553,0.0015099080787964625,0.006889388553494999,0.0009478131283116998,2.373183733084261e-05,8.98349726590993e-07,0.003665956336345555,0.0008546112805273251,0.007222864656251502,4.3673039657068164,1.5261766228280156,0.0
64,4424,4.821544051676774,0.0065664807905933065,0.001502744042674734,0.006856437437758558,0.000943279852267678,2.350536718154217e-05,8.897768801708524e-07,0.0036483693567473502,0.0008505113868635581,0.007187964237643247,4.367316361340992,1.5261815980840163,0.0
64,4428,4.825903494761473,0.006535327300944507,0.0014956145432562134,0.006823647146200964,0.0009387687017384065,2.3281080203219062e-05,8.81286675942433e-07,0.003630868606085113,0.0008464315949725959,0.007153236849797121,4.367328689536615,1.526186547040189,0.0
64,4432,4.830262937846172,0.006504323979465833,0.001488519409935798,0.006791016869242047,0.0009342795653452474,2.3058955079591215e-05,8.728783069949208e-07,0.003613453647339915,0.0008423718029761641,0.007118681600962043,4.3673409506750795,1.5261914698396977,0.0
64,4436,4.83462238093087,0.006473470084492491,0.0014814584729829446,0.0067585458015685775,0.0009298123322965904,2.2838970679117665e-05,8.645509734107292e-07,0.003596124045818207,0.0008383319095380828,0.007084297604243139,4.367353145135528,1.5261963666249014,0.0
64,4440,4.838981824015569,0.006442764878160649,0.0014744315635369634,0.006726233142110437,0.0009253668923845747,2.262110614026369e-05,8.563038854931419e-07,0.0035788793691386668,0.0008343118138612006,0.007050083977576088,4.3673652732948645,1.5262012375373584,0.0
64,4444,4.843341267100268,0.006412207626385743,0.0014674385136020525,0.0066940780940155445,0.0009209431359816393,2.240534077202483e-05,8.481362600007289e-07,0.0035617191872183845,0.0008303114156841744,0.007016039843697465,4.3673773355277685,1.526206082717832,0.0
64,4448,4.8477007101849665,0.006381797598843566,0.0014604791560429706,0.006662079864627841,0.0009165409540374944,2.2191654053926868e-05,8.40047320147347e-07,0.0035446430722607053,0.000826330615278635,0.0069821643301173275,4.3673893322067086,1.5262109023062944,0.0
64,4452,4.852060153269665,0.0063515340689490225,0.0014535533245801752,0.006630237665462688,0.0009121602380757365,2.1980025749712695e-05,8.320362999056636e-07,0.0035276505987416585,0.0008223693134460236,0.006948456569091197,4.3674012637019555,1.5262156964419311,0.0
64,4456,4.856419596354364,0.006321416313836057,0.001446660853785228,0.0065985507121836765,0.0009078008801906582,2.1770435765233742e-05,8.241024386277516e-07,0.0035107413433971813,0.000818427411514613,0.006914915697592132,4.367413130381599,1.5262204652631461,0.0
64,4460,4.860779039439063,0.0062914436143377455,0.0014398015790762408,0.006567018224579525,0.0009034627730440698,2.1562864191082554e-05,8.162449826589111e-07,0.003493914885210377,0.0008145048113365381,0.0068815408572828396,4.367424932611553,1.526225208907566,0.0
64,4464,4.865138482523761,0.006261615254966259,0.001432975336713288,0.006535639426540935,0.0008991458098621152,2.1357291359436203e-05,8.084631874894311e-07,0.003477170805398748,0.0008106014152848183,0.006848331194489248,4.367436670755582,1.5262299275120452,0.0
64,4468,4.86949792560846,0.006231930523893371,0.001426181963793948,0.0065044135460379186,0.0008948498844321528,2.1153697787212877e-05,8.00756315602828e-07,0.003460508687401692,0.0008067171262504442,0.006815285860172589,4.367448345175301,1.5262346212126692,0.0
64,4472,4.873857368693159,0.006202388712929761,0.0014194212982485642,0.006473339815096028,0.0008905748910994849,2.0952064190282726e-05,7.931236370137856e-07,0.00344392811686742,0.0008028518476393265,0.006782404009901585,4.367459956230198,1.5262392901447601,0.0
64,4476,4.8782168117778575,0.006172989117506657,0.0014126931788360463,0.00644241746977494,0.000886320724764412,2.0752371440835304e-05,7.855644276543338e-07,0.003427428681641122,0.0007990054833695381,0.006749684803827816,4.367471504277645,1.5262439344428809,0.0
64,4480,4.882576254862556,0.006143731036655221,0.001405997445139151,0.006411645750144765,0.0008820872808789731,2.055460061001213e-05,7.780779709876698e-07,0.003411009971751932,0.0007951779378682747,0.006717127406657034,4.367482989672905,1.5262485542408402,0.0
64,4484,4.886935697947255,0.006114613772988108,0.0013993339375602627,0.0063810239002646115,0.0008778744554439966,2.0358733010539254e-05,7.706635596219804e-07,0.0033946715794010967,0.0007913691160690974,0.0066847309876238966,4.367494412769157,1.5262531496716953,0.0
64,4488,4.891295141031954,0.006085636632679247,0.0013927024973167657,0.0063505511681593,0.0008736821450058972,2.0164750068829562e-05,7.633204904689764e-07,0.0033784130989491564,0.0007875789234089436,0.00665249472046244,4.367505773917497,1.5262577208677581,0.0
64,4492,4.895654584116652,0.006056798925445532,0.0013861029664368548,0.006320226805798167,0.0008695102466537594,1.9972633438669618e-05,7.560480690474176e-07,0.003362234126904258,0.000783807265825403,0.006620417783386395,4.367517073466956,1.5262622679605986,0.0
64,4496,4.900014027201351,0.006028099964527331,0.0013795351877550737,0.0062900500690725525,0.0008653586580162403,1.9782364930165386e-05,7.488456067934095e-07,0.0033461342619097475,0.0007800540497538249,0.006588499359055378,4.3675283117645165,1.5262667910810495,0.0
64,4500,4.90437347028605,0.005999539066669573,0.0013729990049079891,0.006260020217773983,0.0008612272772585686,1.9593926552374796e-05,7.417124226742254e-07,0.003330113104732161,0.0007763191821245187,0.006556738634555885,4.367539489155115,1.52627129035921,0.0
64,4504,4.9087329133707485,0.005971115552102904,0.001366494262329875,0.00623013651557237,0.000857116003079545,1.94073005275186e-05,7.346478437262467e-07,0.003314170258249198,0.0007726025703599505,0.0065251348013708734,4.367550605981666,1.526275765924451,0.0
64,4508,4.913092356455447,0.005942828744525091,0.0013600208052484595,0.006200398229994593,0.0008530247347085948,1.922246910623926e-05,7.276511980617356e-07,0.0032983053274379358,0.0007689041223719949,0.006493687055355481,4.367561662585067,1.526280217905419,0.0
64,4512,4.917451799540146,0.005914677971082307,0.0013535784796806407,0.006170804632402858,0.0008489533719027925,1.9039414908661456e-05,7.207218277794089e-07,0.003282517919362901,0.0007652237465591551,0.0064623945967136895,4.367572659304215,1.5262846464300395,0.0
64,4516,4.921811242624845,0.005886662562350538,0.0013471671324282323,0.006141354997973327,0.00084490181494392,1.8858120611753293e-05,7.138590771297452e-07,0.003266807643164314,0.0007615613518038219,0.006431256629970033,4.3675835964760115,1.526289051625522,0.0
64,4520,4.926170685709543,0.005858781852317282,0.0013407866110737748,0.0061120486056749235,0.0008408699646355514,1.8678569077223983e-05,7.070622973564501e-07,0.003251174110046396,0.0007579168474695481,0.006400272363945488,4.3675944744353865,1.5262934336183647,0.0
64,4524,4.930530128794242,0.0058310351783633745,0.001334436763976376,0.0060828847382483914,0.0008368577223001722,1.8500743394156416e-05,7.003308483102783e-07,0.0032356169332658437,0.0007542901433983611,0.006369441011735066,4.367605293515302,1.5262977925343568,0.0
64,4528,4.934889571878941,0.005803421881244584,0.0013281174402675008,0.006053862682185123,0.0008328649897762664,1.832462668005519e-05,6.936640909178651e-07,0.003220135728120178,0.000750681149908048,0.006338761790679757,4.367616054046764,1.5263021284985845,0.0
64,4532,4.939249014963639,0.005775941305073806,0.0013218284898468943,0.006024981727706598,0.0008288916694154876,1.8150202393485415e-05,6.870613990164193e-07,0.003204730111936415,0.0007470897777895129,0.00630823392234297,4.367626756358842,1.5263064416354337,0.0
64,4536,4.943608458048338,0.0057485927973025125,0.0013155697633783377,0.0059962411687430545,0.0008249376640797247,1.7977454064066478e-05,6.805221491328519e-07,0.00318939970405933,0.0007435159383040426,0.006277856632485976,4.367637400778671,1.5263107320685954,0.0
64,4540,4.947967901133037,0.005721375708703382,0.0013093411122856726,0.005967640302913452,0.0008210028771383455,1.7806365377737166e-05,6.740457237114202e-07,0.0031741441258404256,0.0007399595431807337,0.006247629151045898,4.36764798763147,1.5263149999210686,0.0
64,4544,4.952327344217736,0.005694289393352428,0.0013031423887487111,0.0059391784315048785,0.0008170872124653637,1.7636920233599085e-05,6.676315132654896e-07,0.003158963000626585,0.000736420504613848,0.006217550712107883,4.367658517240552,1.5263192453151646,0.0
64,4548,4.956686787302434,0.005667333208611293,0.0012969734456991847,0.005910854859452213,0.0008131905744366406,1.7469102573386408e-05,6.612789099222471e-07,0.0031438559537488985,0.0007328987352602075,0.006187620553883885,4.367668989927337,1.5263234683725115,0.0
64,4552,4.961046230387133,0.0056405065151095566,0.0012908341368166936,0.00588266889531772,0.0008093128679270778,1.730289667989382e-05,6.549873187194527e-07,0.0031288226125114117,0.0007293941482365715,0.006157837918686328,4.367679406011361,1.5263276692140575,0.0
64,4556,4.965405673471832,0.0056138086767273465,0.0012847243165247297,0.005854619851271045,0.0008054539983078654,1.713828679328344e-05,6.487561430810447e-07,0.003113862606180126,0.0007259066571170722,0.006128202052908867,4.367689765810288,1.5263318479600754,0.0
64,4560,4.96976511655653,0.0055872390605779,0.0012786438399866834,0.005826707043069216,0.0008016138714437304,1.6975257480567052e-05,6.42584798803594e-07,0.0030989755659720005,0.0007224361759306514,0.006098712206995779,4.367700069639922,1.5263360047301657,0.0
64,4564,4.974124559641229,0.00556079703699062,0.001272592563101967,0.0057989297900370605,0.0007977923936902428,1.681379336559985e-05,6.364727038354336e-07,0.0030841611250441606,0.0007189826191585435,0.006069367635426993,4.367710317814224,1.5263401396432614,0.0
64,4568,4.978484002725928,0.0055344819794932104,0.0012665703425019275,0.005771287415046756,0.0007939894718910021,1.665387921434558e-05,6.304192815043021e-07,0.003069418918482662,0.0007155459017316579,0.006040167596687369,4.36772051064531,1.5263442528176319,0.0
64,4572,4.9828434458106265,0.005508293264795401,0.0012605770355461198,0.005743779244499064,0.0007902050133750555,1.6495499991719953e-05,6.244239626691053e-07,0.003054748583292157,0.0007121259390281685,0.006011111353248351,4.367730648443477,1.5263483443708854,0.0
64,4576,4.987202888895325,0.005482230272771397,0.0012546125003182914,0.005716404608303179,0.0007864389259541255,1.6338640833168938e-05,6.18486184644036e-07,0.0030401497583848105,0.0007087226468709305,0.005982198171544491,4.367740731517203,1.5263524144199747,0.0
64,4580,4.991562331980024,0.005456292386443285,0.0012486765956225858,0.0056891628398576975,0.0007826911179199922,1.6183286916771067e-05,6.126053863571083e-07,0.0030256220845698376,0.0007053359415250415,0.00595342732194723,4.367750760173165,1.5263564630811994,0.0
64,4584,4.995921775064723,0.0054304789919638755,0.0012427691809796136,0.005662053276030884,0.0007789614980417777,1.6029423633767692e-05,6.067810148054444e-07,0.003011165204542646,0.0007019657396953098,0.005924798078746054,4.3677607347162475,1.526360490470211,0.0
64,4588,5.000281218149421,0.005404789478600689,0.0012368901166227905,0.005635075257142264,0.0007752499755634144,1.5877036588562987e-05,6.010125250552749e-07,0.002996778762874707,0.0006986119585238937,0.005896309720124928,4.3677706554495535,1.5263644967020153,0.0
64,4592,5.00464066123412,0.005379223238718736,0.0012310392634943938,0.005608228126942881,0.0007715564602009286,1.572611137135027e-05,5.952993716348896e-07,0.0029824624060027045,0.0006952745155877718,0.00586796152813893,4.367780522674414,1.5263684818909773,0.0
64,4596,5.009000104318819,0.005353779667764036,0.0012252164832417935,0.005581511232596404,0.0007678808621398406,1.5576633828118247e-05,5.896410187555084e-07,0.002968215782218148,0.0006919533288963209,0.005839752788692697,4.367790336690402,1.526372446150824,0.0
64,4600,5.0133595474035175,0.00532845816424759,0.0012194216382137813,0.0055549239246607054,0.0007642230920326318,1.5428589918542457e-05,5.84036934931875e-07,0.00295403854165724,0.0006886483168889549,0.005811682791517973,4.3678000977953415,1.526376389594649,0.0
64,4604,5.017718990488216,0.005303258129728943,0.0012136545914568117,0.005528465557069011,0.00076058306099615,1.5281965701774425e-05,5.784865924443174e-07,0.0029399303362905096,0.0006853593984327076,0.005783750830152758,4.367809806285318,1.5263803123349151,0.0
64,4608,5.022078433572915,0.0052781789687997216,0.0012079152067112327,0.005502135487111045,0.0007569606806090159,1.513674746433935e-05,5.729894721802122e-07,0.002925890819912453,0.0006820864928198174,0.005755956201918068,4.367819462454688,1.5263842144834592,0.0
64,4612,5.026437876657614,0.005253220089067773,0.001202203348407657,0.0054759330754148225,0.0007533558629091188,1.4992921521184144e-05,5.675450561028168e-07,0.0029119196481315218,0.0006788295197653944,0.0057282982078972165,4.367829066596093,1.5263880961514946,0.0
64,4616,5.030797319742312,0.005228380901141006,0.0011965188816632634,0.005449857685928128,0.0007497685203910673,1.4850474400418534e-05,5.621528342444969e-07,0.0028980164783599383,0.0006755883994050449,0.005700776152914317,4.367838619000468,1.5263919574496156,0.0
64,4620,5.035156762827011,0.005203660818611596,0.0011908616722781824,0.005423908685900424,0.0007461985660037013,1.470939271541738e-05,5.568122998652617e-07,0.0028841809698037556,0.0006723630522925551,0.005673389345511056,4.367848119957049,1.5263957984878005,0.0
64,4624,5.03951620591171,0.005179059258039769,0.001185231586731785,0.005398085445864311,0.000742645913147541,1.456966326429665e-05,5.515229532183471e-07,0.002870412783452676,0.0006691533993975169,0.0056461370979282565,4.367857569753389,1.5263996193754152,0.0
64,4628,5.0438756489964085,0.005154575638938394,0.0011796284921791573,0.005372387339617824,0.0007391104756723512,1.4431272873594025e-05,5.4628429563287e-07,0.0028567115820703117,0.0006659593621030582,0.0056190187260811136,4.367866968675366,1.526403420221217,0.0
64,4632,5.048235092081107,0.005130209383757084,0.0011740522564474608,0.005346813744206253,0.0007355921678746407,1.4294208611431714e-05,5.410958375829371e-07,0.002843077030184195,0.0006627808622035132,0.0055920335495427695,4.367876317007189,1.5264072011333585,0.0
64,4636,5.052594535165806,0.005105959917866833,0.0011685027480324171,0.005321364039904579,0.0007320909044952454,1.4158457616986198e-05,5.359570922323573e-07,0.0028295087940761405,0.0006596178219021766,0.005565180891520134,4.367885615031417,1.5264109622193895,0.0
64,4640,5.056953978250505,0.005081826669544468,0.001162979836094751,0.005296037610199606,0.0007286066007168703,1.4024007171542507e-05,5.30867578124345e-07,0.002816006541772404,0.0006564701638090084,0.005538460078834201,4.367894863028959,1.5264147035862625,0.0
64,4644,5.061313421335203,0.005057809069956844,0.0011574833904565709,0.005270833841771994,0.0007251391721616177,1.3890844684283365e-05,5.258268186435796e-07,0.0028025699430338437,0.0006533378109383411,0.005511870441898183,4.367904061279092,1.5264184253403348,0.0
64,4648,5.065672864419902,0.005033906553146027,0.0011520132815979805,0.005245752124479232,0.0007216885348886448,1.3758957663867477e-05,5.208343409403243e-07,0.0027891986693465457,0.000650220686706694,0.0054854113146983385,4.367913210059466,1.5264221275873722,0.0
64,4652,5.070032307504601,0.00501011855601406,0.0011465693806535912,0.005220791851338212,0.0007182546053917663,1.362833377527295e-05,5.158896780821882e-07,0.0027758923939122542,0.0006471187149305421,0.005459082034773463,4.367922309646119,1.5264258104325525,0.0
64,4656,5.0743917505892995,0.0049864445183071295,0.0011411515594088976,0.005195952418507198,0.000714837300596973,1.3498960768743018e-05,5.109923663644235e-07,0.00276265079163848,0.0006440318198240104,0.005432881943194351,4.367931360313479,1.5264294739804696,0.0
64,4660,5.078751193673998,0.004962883882601343,0.0011357596902970258,0.005171233225269472,0.0007114365378601834,1.337082655084032e-05,5.061419479996288e-07,0.0027494735391295007,0.0006409599259967761,0.0054068103845434255,4.367940362334382,1.5264331183351352,0.0
64,4664,5.083110636758697,0.004939436094287291,0.0011303936463951969,0.005146633674015781,0.0007080522349648276,1.3243919099181767e-05,5.013379678901052e-07,0.002736360314676741,0.0006379029584518253,0.005380866706895581,4.367949315980077,1.526436743599984,0.0
64,4668,5.087470079843396,0.004916100601555276,0.0011250533014213488,0.005122153170227419,0.0007046843101195199,1.311822654770367e-05,4.965799768554993e-07,0.0027233107982494714,0.0006348608425832853,0.005355050261797297,4.3679582215202375,1.526440349877875,0.0
64,4672,5.091829522928094,0.00489287685538038,0.0011197385297307182,0.005097791122459185,0.000701332681955715,1.2993737172450892e-05,4.918675310948639e-07,0.002710324671485453,0.0006318335041742437,0.005329360404246859,4.367967079222968,1.5264439372710974,0.0
64,4676,5.096188966012793,0.004869764309508001,0.0011144492063125306,0.0050735469423228655,0.0006979972695254349,1.287043930631171e-05,4.872001889590137e-07,0.0026974016176818725,0.0006288208693946352,0.005303796492677635,4.3679758893548195,1.5264475058813711,0.0
64,4680,5.100548409097492,0.004846762420438868,0.001109185206786571,0.005049420044470136,0.0006946779922989164,1.2748321424282949e-05,4.825775141781684e-07,0.002684541321785954,0.000625822864799052,0.005278357888931972,4.367984652180791,1.5264510558098523,0.0
64,4684,5.1049078521821905,0.004823870647414774,0.0011039464073999195,0.005025409846576252,0.0006913747701623684,1.262737207241571e-05,4.77999073172251e-07,0.0026717434703860017,0.0006228394173246572,0.005253043958249069,4.367993367964348,1.5264545871571351,0.0
64,4688,5.109267295266889,0.004801088452403958,0.001098732685023605,0.005001515769323415,0.0006880875234156823,1.2507579995713058e-05,4.734644398923517e-07,0.00265900775170228,0.0006198704542890578,0.005227854069241627,4.368002036967423,1.526458100023255,0.0
64,4692,5.113626738351588,0.004778415300086685,0.0010935439171493048,0.00497773723638429,0.0006848161727701651,1.2388933996021478e-05,4.6897319044132315e-07,0.0026463338555779595,0.0006169159033881943,0.005202787593877331,4.36801065945043,1.526461594507694,0.0
64,4696,5.117986181436287,0.004755850657840849,0.001088379981886052,0.004954073674405631,0.0006815606393462864,1.2271422974663437e-05,4.645249046876016e-07,0.002633721473470137,0.0006139756926942473,0.00517784390746096,4.368019235672275,1.5264650707093803,0.0
64,4700,5.122345624520985,0.0047333939957280025,0.0010832407579570362,0.004930524512992271,0.0006783208446714758,1.2155035989280805e-05,4.6011916841696935e-07,0.002621170298441041,0.000611049750653587,0.005153022388613105,4.36802776589036,1.526468528726695,0.0
64,4704,5.126705067605684,0.004711044786478991,0.0010781261246963169,0.00490708918469083,0.0006750967106778819,1.2039762154358868e-05,4.5575556956697084e-07,0.002608680025149098,0.0006081380060846912,0.005128322419254965,4.3680362503605945,1.5264719686574728,0.0
64,4708,5.131064510690383,0.004688802505480204,0.0010730359620456768,0.0048837671249739876,0.0006718881597002077,1.192559065543719e-05,4.514336987648532e-07,0.002596250349840301,0.0006052403881761322,0.0051037433845845205,4.368044689337407,1.5264753905990063,0.0
64,4712,5.135423953775081,0.004666666630758634,0.0010679701505512023,0.004860557772223539,0.000668695114473381,1.1812510905429008e-05,4.4715315524491236e-07,0.0025838809703389227,0.0006023568264844131,0.0050792846730642474,4.368053083073751,1.526478794648049,0.0
64,4716,5.13978339685978,0.004644636642969345,0.001062928571360416,0.004837460567716035,0.000665517498130577,1.1700512388301831e-05,4.4291354093114683e-07,0.0025715715860396265,0.0005994872509321273,0.005054945676397358,4.368061431821115,1.5264821809008176,0.0
64,4720,5.144142839944479,0.00462271202538056,0.0010579111062188648,0.004814474955605864,0.0006623552342008923,1.1589584545390608e-05,4.3871445613373354e-07,0.0025593218978981922,0.0005966315918057975,0.0050307257895127145,4.368069735829529,1.5264855494529959,0.0
64,4724,5.148502283029178,0.004600892263860204,0.0010529176374670381,0.004791600382909904,0.0006592082466072324,1.1479717102247378e-05,4.3455551192166027e-07,0.002547131608423096,0.0005937897797539125,0.005006624410543393,4.36807799534758,1.5264889003997384,0.0
64,4728,5.152861726113876,0.0045791768468624785,0.0010479480480372972,0.004768836299492228,0.0006560764596642082,1.1370899812845892e-05,4.304363204397959e-07,0.0025350004216671182,0.0005909617457849709,0.004982640940813118,4.368086210622412,1.5264922338356712,0.0
64,4732,5.157221169198575,0.004557565265413834,0.0010430022214506641,0.004746182158048182,0.0006529597980759451,1.1263122530635883e-05,4.2635649759859306e-07,0.0025229280432186225,0.0005881474212654475,0.00495877478481337,4.36809438189974,1.5264955498548978,0.0
64,4736,5.161580612283274,0.004536057013099941,0.0010380800418138413,0.004723637414089526,0.000649858186934039,1.1156375208543068e-05,4.2231566307408825e-07,0.002510914180193394,0.0005853467379178914,0.0049350253501893385,4.368102509423861,1.5264988485509996,0.0
64,4740,5.165940055367972,0.004514651586051529,0.0010331813938159685,0.0047012015259283715,0.0006467715517153465,1.1050647898969146e-05,4.183134403079017e-07,0.002498958541225848,0.0005825596278188764,0.004911392047719346,4.368110593437654,1.526502130017041,0.0
64,4744,5.170299498452671,0.004493348482931635,0.001028306162725707,0.004678873954662663,0.000643699818279987,1.09459307537918e-05,4.1434945650723746e-07,0.002487060836461057,0.0005797860233971417,0.004887874291299615,4.368118634182597,1.52650539434557,0.0
64,4748,5.17465894153737,0.004472147204922155,0.00102345423438816,0.004656654164160853,0.000640642912869235,1.0842214010153839e-05,4.104233421069429e-07,0.0024752207775463487,0.0005770258574316343,0.004864471497923884,4.368126631898772,1.5265086416286238,0.0
64,4752,5.1790183846220685,0.004451047255710347,0.0010186254952217855,0.004634541621046612,0.0006376007621034166,1.0739488018884913e-05,4.065347318453896e-07,0.002463438077622933,0.0005742790630495556,0.004841183087669378,4.368134586824872,1.5265118719577295,0.0
64,4756,5.183377827706767,0.004430048141475921,0.0010138198322154404,0.004612535794684164,0.000634573292979891,1.0637743230290653e-05,4.02683264226533e-07,0.0024517124513178602,0.0005715455737244884,0.0048180084836759365,4.368142499198213,1.5265150854239087,0.0
64,4760,5.187737270791466,0.0044091493708778755,0.0010090371329253688,0.004590636157163302,0.0006315604328709905,1.0536970179941818e-05,3.9886858098197187e-07,0.002440043614735806,0.0005688253232744804,0.004794947112130994,4.36815036925474,1.5265182821176786,0.0
64,4764,5.192096713876165,0.004388350455041559,0.0010042772854722411,0.004568842183284688,0.0006285621095219971,1.0437159460252587e-05,3.9509032599506703e-07,0.0024284312854510113,0.0005661182458601662,0.004771998402251189,4.368158197229034,1.5265214621290568,0.0
64,4768,5.196456156960863,0.004367650907545571,0.0009995401785381555,0.00454715335054502,0.0006255782510491019,1.0338301791534832e-05,3.9134814799064423e-07,0.002416875182499162,0.0005634242759828734,0.0047491617862676005,4.368165983354325,1.526524625547563,0.0
64,4772,5.200815600045562,0.004347050244409076,0.0009948257013637361,0.004525569139122633,0.0006226087859374243,1.0240388021998115e-05,3.8764170053499413e-07,0.002405375026369497,0.0005607433484827836,0.004726436699405372,4.368173727862494,1.5265277724622224,0.0
64,4776,5.205175043130261,0.004326547984078951,0.0009901337437451898,0.004504089031862848,0.0006196536430389969,1.0143409014062854e-05,3.839706377323479e-07,0.002393930538996772,0.0005580753985370586,0.0047038225798698655,4.368181430984086,1.5265309029615672,0.0
64,4780,5.2095344862149595,0.004306143647416926,0.000985464196031365,0.004482712514263461,0.0006167127515707682,1.0047355743836306e-05,3.8033461799046113e-07,0.0023825414437533186,0.0005554203616579893,0.0046813188688276065,4.368189092948316,1.5265340171336417,0.0
64,4784,5.213893929299658,0.0042858367576871104,0.0009808169491208971,0.004461439074460529,0.0006137860411126481,9.952219286901709e-06,3.76733303482673e-07,0.002371207465441249,0.0005527781736911783,0.004658925010391155,4.3681967139830755,1.5265371150660032,0.0
64,4788,5.218253372384357,0.004265626840543147,0.0009761918944592666,0.004440268203213886,0.0006108734416055139,9.85799086095085e-06,3.7316636176172835e-07,0.0023599283302845335,0.0005501487708136932,0.004636640451602472,4.368204294314945,1.5265401968457255,0.0
64,4792,5.222612815469056,0.004245513424016215,0.0009715889240360557,0.004419199393893443,0.0006079748833493272,9.764661641042949e-06,3.6963345876655026e-07,0.0023487037659214826,0.0005475320895323143,0.004614464642416053,4.368211834169197,1.5265432625594015,0.0
64,4796,5.226972258553754,0.004225496038501994,0.0009670079303819646,0.004398232142464484,0.0006050902970011094,9.67222298697834e-06,3.661342674292889e-07,0.0023375335013967008,0.0005449280666816578,0.004592397035682321,4.368219333769809,1.5265463122931466,0.0
64,4800,5.231331701638453,0.004205574216748751,0.0009624488065660845,0.004377365947474141,0.0006022196135730822,9.580666315400777e-06,3.626684628338566e-07,0.002326417267153679,0.0005423366394224501,0.004570437087132831,4.368226793339463,1.5265493461325998,0.0
64,4804,5.235691144723152,0.004185747493844822,0.0009579114461930329,0.004356600310037188,0.0005993627644307123,9.489983142429992e-06,3.5923572382974953e-07,0.002315354795027008,0.0005397577452397125,0.004548584255359548,4.368234213099566,1.5265523641629284,0.0
64,4808,5.2400505878078505,0.004166015407206101,0.0009533957434000913,0.004335934733821936,0.0005965196812907716,9.400165026818286e-06,3.558357308802854e-07,0.0023043458182346664,0.0005371913219409621,0.00452683800180769,4.368241593270241,1.5265553664688296,0.0
64,4812,5.244410030892549,0.004146377496564673,0.0009489015928546028,0.0043153687250372845,0.0005936902962195554,9.31120362679394e-06,3.524681682143658e-07,0.0022933900713709198,0.0005346373076545581,0.004505197790750853,4.368248934070352,1.5265583531345324,0.0
64,4816,5.248769473977248,0.004126833303955783,0.0009444288897509906,0.0042949017924180195,0.0005908745416308599,9.223090714272075e-06,3.491327243644166e-07,0.0022824872903982754,0.0005320956408278253,0.004483663089279382,4.368256235717501,1.5265613242438025,0.0
64,4820,5.253128917061947,0.004107382373706448,0.0009399775298081515,0.0042745334472118965,0.0005880723502842048,9.13581811801123e-06,3.458290900146259e-07,0.0022716372126404113,0.0005295662602254058,0.0044622333672838105,4.368263498428037,1.526564279879943,0.0
64,4824,5.257488360146645,0.004088024252423305,0.000935547409266675,0.004254263203165921,0.0005852836552829464,9.049377695191652e-06,3.4255695692506283e-07,0.002260839576774663,0.0005270491049275078,0.004440908097440544,4.3682707224170665,1.5265672201257974,0.0
64,4828,5.261847803231344,0.004068758488980422,0.0009311384248860539,0.004234090576512535,0.0005825083900723771,8.96376151615641e-06,3.3931602492490474e-07,0.0022500941228244674,0.0005245441143281439,0.0044196867551929385,4.368277907898456,1.526570145063753,0.0
64,4832,5.266207246316043,0.004049584634508017,0.0009267504739421031,0.00421401508595683,0.0005797464884379654,8.878961594405155e-06,3.361059916915667e-07,0.002239400592152354,0.0005220512281334973,0.0043985688187400404,4.368285055084847,1.526573054775743,0.0
64,4836,5.2705666894007415,0.004030502242380089,0.0009223834542241279,0.0041940362526626425,0.0005769978845034442,8.794970042913519e-06,3.329265586680476e-07,0.0022287587274523483,0.0005195703863601508,0.004377553769018737,4.368292164187657,1.5265759493432487,0.0
64,4840,5.27492613248544,0.0040115108682033385,0.000918037264032389,0.004174153600239954,0.0005742625127290764,8.711779145187393e-06,3.297774337526329e-07,0.0022181682727430655,0.0005171015293334769,0.004356641089687687,4.368299235417087,1.5265788288473028,0.0
64,4844,5.279285575570139,0.003992610069804929,0.0009137118021753019,0.00415436665473107,0.0005715403079097541,8.629381156310956e-06,3.2665832376772694e-07,0.0022076289733601487,0.0005146445976858745,0.004335830267114959,4.368306268982133,1.5265816933684917,0.0
64,4848,5.283645018654838,0.003973799407221375,0.0009094069679668938,0.004134674944598075,0.000568831205173272,8.547768445055226e-06,3.235689398392584e-07,0.0021971405759494056,0.0005121995323551701,0.004315120790359964,4.368313265090591,1.5265845429869576,0.0
64,4852,5.288004461739536,0.003955078442686825,0.0009051226612241221,0.004115078000709603,0.0005661351399785083,8.466933479667205e-06,3.205089968587398e-07,0.0021867028284595735,0.0005097662745829299,0.004294512151159928,4.368320223949062,1.526587377782401,0.0
64,4856,5.292363904824235,0.003936446740621423,0.0009008587822642108,0.004095575356327704,0.0005634520481136169,8.386868756815602e-06,3.1747821079356465e-07,0.002176315480135134,0.0005073447659127852,0.00427400384391646,4.368327145762963,1.5265901978340848,0.0
64,4860,5.296723347908934,0.0039179038676204125,0.0008966152319021568,0.004076166547095504,0.0005607818656943303,8.307566872645111e-06,3.1447630137671036e-07,0.002165978281509556,0.0005049349481888575,0.004253595365677837,4.368334030736532,1.5265930032208346,0.0
64,4864,5.301082790993632,0.003899449392442508,0.0008923919114480693,0.004056851111024069,0.0005581245291621523,8.229020451722135e-06,3.1150298941703534e-07,0.0021556909843981104,0.0005025367635540832,0.004233286216125196,4.368340879072835,1.5265957940210422,0.0
64,4868,5.305442234078331,0.0038810828859984783,0.0008881887227045568,0.004037628588479576,0.0005554799752825929,8.151222317565043e-06,3.0855800325456565e-07,0.0021454533418908605,0.0005001501544485793,0.004213075897558578,4.368347690973773,1.526598570312668,0.0
64,4872,5.30980167716303,0.003862803921340265,0.0008840055679642366,0.004018498522171005,0.0005528481411434748,8.07416519421622e-06,3.0564106746374353e-07,0.0021352651083459268,0.0004977750636080739,0.004192963914882852,4.368354466640091,1.5266013321732441,0.0
64,4876,5.314161120247729,0.0038446120736497762,0.0008798423500071704,0.003999460457137449,0.0005502289641531884,7.997841962037455e-06,3.0275191253635723e-07,0.002125126039382541,0.0004954114340622861,0.004172949775591249,4.368361206271381,1.5266040796798752,0.0
64,4880,5.318520563332427,0.0038265069202275404,0.0008756989720982679,0.003980513940735405,0.0005476223820389426,7.922245600866518e-06,2.9989027272977865e-07,0.0021150358918741014,0.0004930592091333081,0.004153032989752573,4.368367910066093,1.526606812909243,0.0
64,4884,5.322880006417126,0.0038084880404822795,0.0008715753379849005,0.003961658522626947,0.0005450283328451377,7.847369133173743e-06,2.9705588391520156e-07,0.002104994423941709,0.0004907183324340971,0.00413321306999627,4.368374578221539,1.5266095319376065,0.0
64,4888,5.327239449501825,0.003790555015919251,0.0008674713518942328,0.003942893754766591,0.0005424467549315586,7.773205581429465e-06,2.9424848196381955e-07,0.002095001394946975,0.0004883887478667998,0.004113489531499444,4.3683812109339035,1.5266122368408064,0.0
64,4892,5.331598892586523,0.0037727074301299873,0.0008633869185308759,0.0039242191913897665,0.000539877586971789,7.699748124423422e-06,2.914678086641722e-07,0.0020850565654857278,0.0004860703996212846,0.0040938618919706985,4.368387808398243,1.5266149276942655,0.0
64,4896,5.335958335671222,0.0037549448687809106,0.00085932194307428,0.003905634388999976,0.0005373207679514442,7.626989983577914e-06,2.8871360741862073e-07,0.0020751596973809924,0.000483763232173505,0.0040743296716366445,4.368394370808501,1.5266176045729931,0.0
64,4900,5.340317778755921,0.0037372669196031006,0.0008552763311763946,0.003887138906357222,0.0005347762371665793,7.554924451369516e-06,2.8598562431922913e-07,0.002065310553676656,0.0004814671902840232,0.004054892393228944,4.3684008983575096,1.5266202675515856,0.0
64,4904,5.3446772218406196,0.003719673172381096,0.0008512499889591042,0.003868732304465446,0.0005322439342219614,7.4835448060639465e-06,2.832836049201208e-07,0.0020555088986306093,0.00047918221899641116,0.004035549581971425,4.368407391236997,1.5266229167042293,0.0
64,4908,5.349036664925318,0.0037021632189425703,0.0008472428230118663,0.003850414146560875,0.0005297237990294658,7.4128445533006015e-06,2.806073033824678e-07,0.0020457544977083744,0.00047690826363576487,0.0040163007655614116,4.368413849637596,1.5266255521047039,0.0
64,4912,5.353396108010017,0.003684736653147441,0.0008432547403892194,0.0038321839980997798,0.0005272157718063922,7.342817113453748e-06,2.7795647063979897e-07,0.002036047117576416,0.0004746452698071454,0.003997145474161906,4.36842027374885,1.5266281738263832,0.0
64,4916,5.357755551094716,0.003667393070877914,0.0008392856486085038,0.0038140414267472255,0.0005247197930739167,7.273456006373635e-06,2.753308613912269e-07,0.0020263865260959878,0.000472393183394144,0.003978083240385175,4.368426663759215,1.5266307819422387,0.0
64,4920,5.362114994179414,0.0036501320700272175,0.0008353354556472839,0.003795986002364458,0.0005222358036553573,7.2047548655973515e-06,2.7273023463938863e-07,0.002016772492316249,0.0004701519505572778,0.003959113599277483,4.368433019856073,1.5266333765248403,0.0
64,4924,5.366474437264113,0.0036329532504896767,0.0008314040699410765,0.0037780172969976845,0.0005197637446746292,7.136707353083693e-06,2.7015435046280215e-07,0.002007204786468128,0.0004679215177325588,0.003940236088309845,4.368439342225734,1.5266359576463606,0.0
64,4928,5.370833880348812,0.0036158562141503092,0.0008274914003809701,0.0037601348848663955,0.0005173035575546391,7.069307173424022e-06,2.6760297055380715e-07,0.0019976831799579427,0.0004657018316300074,0.003921450247361457,4.3684456310534445,1.5266385253785757,0.0
64,4932,5.3751933234335105,0.0035988405648744552,0.0008235973563112514,0.0037423383423516674,0.0005148551840156754,7.002548130685682e-06,2.650758603703271e-07,0.001988207445361004,0.0004634928392321602,0.003902755618706557,4.368451886523391,1.5266410797928678,0.0
64,4936,5.379552766518209,0.0035819059084974438,0.0008197218475270402,0.0037246272479845967,0.0005124185660738173,6.936424071568581e-06,2.6257278698410707e-07,0.001978777356415312,0.00046129448779260156,0.0038841517470033066,4.368458108818711,1.5266436209602274,0.0
64,4940,5.383912209602908,0.0035650518528146896,0.0008158647842720241,0.0037070011824351257,0.0005099936460393977,6.870928885405192e-06,2.600935190807139e-07,0.0019693926880154367,0.00045910672483453623,0.0038656381792780935,4.368464298121493,1.526646148951256,0.0
64,4944,5.388271652687607,0.003548278007571062,0.0008120260772360241,0.003689459728500128,0.0005075803665153634,6.8060565467931156e-06,2.5763782857335743e-07,0.0019600532162060216,0.00045692949814927526,0.0038472144649137055,4.36847045461279,1.5266486638361672,0.0
64,4948,5.392631095772305,0.003531583984451323,0.0008082056375528075,0.0036720024710926256,0.0005051786703957922,6.741801072962517e-06,2.552054889890694e-07,0.001950758718175887,0.0004547627557948613,0.003828880155636406,4.368476578472619,1.5266511656847899,0.0
64,4952,5.396990538857004,0.0035149693970696386,0.0008044033767976871,0.003654628997230035,0.0005027885008642755,6.678156552197834e-06,2.527962765445841e-07,0.001941508972251612,0.0004526064460945725,0.0038106348055043553,4.368482669879971,1.5266536545665705,0.0
64,4956,5.401349981941703,0.003498433860960043,0.0008006192069853388,0.0036373388960234537,0.0005004098013924448,6.615117129626924e-06,2.5040996960839796e-07,0.0019323037578916874,0.00045046051763555933,0.0037924779708903528,4.368488729012818,1.5266561305505744,0.0
64,4960,5.4057094250264015,0.003481976993566119,0.0007968530405674404,0.0036201317586660423,0.0004980425157383726,6.552676978799354e-06,2.480463476248886e-07,0.0019231428556801653,0.0004483249192673641,0.0037744092104743006,4.368494756048115,1.5266585937054886,0.0
64,4964,5.4100688681111,0.003465598414231586,0.0007931047904305173,0.0036030071784225112,0.0004956865879451271,6.49083035852982e-06,2.4570519326607685e-07,0.0019140260473209266,0.0004461996001005848,0.003756428085226846,4.368500751161808,1.5266610440996236,0.0
64,4968,5.414428311195799,0.003449297744189779,0.0007893743698935344,0.0035859647506172837,0.000493341962339143,6.429571598687289e-06,2.4338629189368625e-07,0.0019049531156312154,0.0004440845095053677,0.0037385341583988057,4.368506714528842,1.526663481800916,0.0
64,4972,5.418787754280498,0.0034330746065546923,0.0007856616927058478,0.0035690040726244375,0.0004910085835288374,6.368895029140731e-06,2.410894288694404e-07,0.001895923844536144,0.0004419795971101264,0.003720726995509008,4.368512646323166,1.52666590687693,0.0
64,4976,5.423147197365196,0.0034169286263110083,0.000781966673044921,0.003552124743856502,0.0004886863964030694,6.308795093445951e-06,2.388143938585871e-07,0.001886938019062577,0.0004398848128001159,0.0037030061643280703,4.368518546717734,1.5266683193948591,0.0
64,4980,5.427506640449895,0.0034008594303041716,0.000778289225514055,0.0035353263657533825,0.0004863753461296162,6.249266263580466e-06,2.3656097760225545e-07,0.0018779954253330922,0.00043780010671602514,0.0036853712348708144,4.368524415884519,1.52667071942153,0.0
64,4984,5.431866083534594,0.0033848666472308924,0.000774629265140214,0.0035186085417716856,0.00048407537815370376,6.190303039943501e-06,2.3432897191745538e-07,0.0018690958505601545,0.00043572542925261846,0.0036678217793810887,4.368530253994514,1.5266731070234032,0.0
64,4988,5.4362255266192925,0.0033689499076298294,0.0007709867073718936,0.0035019708773742064,0.00048178643819656123,6.131900022410264e-06,2.3211817238678076e-07,0.0018602390830403611,0.00043366073105739425,0.0036503573723203108,4.36853606121774,1.5266754822665751,0.0
64,4992,5.440584969703991,0.003353108843872049,0.0007673614680769372,0.0034854129800193498,0.0004795084722539655,6.074051825066817e-06,2.2992837513076606e-07,0.0018514249121486936,0.00043160596302924484,0.0036329775903556375,4.368541837723246,1.5266778452167802,0.0
64,4996,5.44494441278869,0.003337343090151203,0.0007637534635402883,0.0034689344591500534,0.00047724142659471696,6.016753147264353e-06,2.2775937949758886e-07,0.0018426531283324576,0.0004295610763170438,0.003615682012347396,4.368547583679124,1.526680195939394,0.0
64,5000,5.449303855873389,0.0033216522824745932,0.0007601626104619456,0.003452534926183777,0.0004749852477592625,5.9599987309866265e-06,2.2561098644924846e-07,0.0018339235231058211,0.00042752602231837264,0.003598470219335815,4.36855329925251,1.5266825344994341,0.0
64,5004,5.453663298958087,0.0033060360586537434,0.0007565888259548052,0.003436213994501944,0.00047273988255824303,5.903783318217393e-06,2.2348299694774416e-07,0.0018252358890440553,0.00042550075267817834,0.003581341794532294,4.368558984609585,1.526684860961562,0.0
64,5008,5.458022742042786,0.003290494058295,0.0007530320275425099,0.0034199712794394355,0.00047050527807104776,5.848101764627245e-06,2.2137521625859955e-07,0.0018165900197778058,0.0004234852192874378,0.0035642963233060805,4.368564639915591,1.5266871753900857,0.0
64,5012,5.462382185127485,0.0032750259227901845,0.0007494921331573095,0.0034038063982741156,0.0004682813816443734,5.79294899694105e-06,2.19287452337041e-07,0.0018079857099873753,0.00042147937428182493,0.0035473333931690374,4.368570265334826,1.5266894778489617,0.0
64,5016,5.4667416282121835,0.0032596312953075955,0.0007459690611380023,0.0033877189702167434,0.00046606814089083625,5.73831989925111e-06,2.1721951152447317e-07,0.0017994227553972206,0.0004194831700404279,0.003530452593768586,4.368575861030659,1.5266917684017969,0.0
64,5020,5.471101071296882,0.003244309820783035,0.0007424627302278809,0.0033717086164009274,0.0004638655036875902,5.684209497758275e-06,2.151712055417062e-07,0.0017909009527704689,0.0004174965591844706,0.0035136535168748414,4.368581427165527,1.5266940471118506,0.0
64,5024,5.475460514381581,0.0032290611459103026,0.0007389730595725568,0.003355774959872493,0.0004616734181748638,5.630612818663394e-06,2.1314234610955024e-07,0.001782420099903123,0.0004155194945759621,0.0034969357563686566,4.368586963900946,1.526696314042036,0.0
64,5028,5.47981995746628,0.003213884919132255,0.0007354999687179148,0.00333991762557954,0.0004594918327545926,5.577524873956463e-06,2.1113274441087486e-07,0.0017739799956186478,0.00041355192931643426,0.003480298908228355,4.368592471397518,1.5266985692549226,0.0
64,5032,5.484179400550978,0.003198780790632285,0.0007320433776081627,0.003324136240362798,0.00045732069608909207,5.524940860368588e-06,2.091422186217767e-07,0.0017655804397626895,0.00041159381674571086,0.00346374257051983,4.368597949814927,1.5267008128127382,0.0
64,5036,5.488538843635677,0.003183748412324573,0.0007286032065835999,0.003308430432944825,0.000455159957099572,5.472855974630875e-06,2.0717058691835238e-07,0.0017572212331972053,0.0004096451104405391,0.0034472663433873884,4.368603399311957,1.5267030447773702,0.0
64,5040,5.492898286720376,0.0031687874378459797,0.000725179376378763,0.003292799833920888,0.00045300956496488134,5.42126538505272e-06,2.0521766640081748e-07,0.0017489021777954787,0.0004077057642134276,0.0034308698290377014,4.368608820046488,1.5267052652103685,0.0
64,5044,5.497257729805074,0.003153897522546633,0.0007217718081202707,0.003277244075748449,0.00045086946912006214,5.370164359419505e-06,2.0328327793497136e-07,0.001740623076436389,0.0004057757321113103,0.0034145526317309054,4.368614212175504,1.5267074741729472,0.0
64,5048,5.501617172889773,0.0031390783234816946,0.0007183804233249403,0.0032617627927379583,0.0004487396192550827,5.319548236570881e-06,2.0136724507631605e-07,0.0017323837329993928,0.00040385496841437683,0.0033983143577720797,4.3686195758551,1.526709671725985,0.0
64,5052,5.505976615974472,0.0031243294994018522,0.0007150051438976114,0.003246355621042289,0.0004466199653133843,5.269412383768213e-06,1.9946939245623473e-07,0.001724183952358772,0.0004019434276347314,0.003382154615494603,4.368624911240489,1.5267118579300294,0.0
64,5056,5.510336059059171,0.0031096507107453517,0.0007116458921293221,0.003231022198647744,0.0004445104574906435,5.219752225116281e-06,1.975895468578727e-07,0.0017160235403787152,0.0004000410645152462,0.0033660730152528964,4.368630218485997,1.5267140328452968,0.0
64,5060,5.514695502143869,0.0030950416196290076,0.000708302590695253,0.0032157621653640714,0.0004424110462333991,5.170563170509013e-06,1.9572753452643473e-07,0.0017079023039078863,0.0003981478340282953,0.0033500691694114495,4.368635497745082,1.5267161965316756,0.0
64,5064,5.519054945228568,0.003080501889839558,0.0007049751626527472,0.00320057516281481,0.0004403216822377233,5.121840686683754e-06,1.9388318385888777e-07,0.0016998200507741628,0.0003962636913745279,0.003334142692331572,4.36864074917033,1.5267183490487262,0.0
64,5068,5.523414388313267,0.003066031186824917,0.0007016635314393096,0.0031854608344275104,0.0004382423164478769,5.073580382486398e-06,1.920563286316042e-07,0.0016917765897792997,0.0003943885919816246,0.0033182932003625637,4.368645972913464,1.5267204904556855,0.0
64,5072,5.527773831397965,0.003051629177686236,0.0006983676208707897,0.003170418825424895,0.0004361729000550928,5.025777767286854e-06,1.902467988553726e-07,0.0016837717306941228,0.0003925224915031766,0.003302520311829892,4.368651169125346,1.5267226208114664,0.0
64,5076,5.532133274482664,0.0030372955311690555,0.0006950873551393562,0.003155448782814932,0.00043411338449621056,4.978428506774435e-06,1.884544304583275e-07,0.001675805284253102,0.00039066534581742087,0.0032868236470242713,4.368656337955985,1.5267247401746609,0.0
64,5080,5.536492717567363,0.003023029917655078,0.0006918226588116155,0.0031405503553816896,0.00043206372145241793,4.931528280849307e-06,1.8667905990654398e-07,0.00166787706214938,0.000388817111026081,0.0032712028281919425,4.368661479554541,1.5267268486035415,0.0
64,5084,5.5408521606520615,0.0030088320091532232,0.0006885734568265633,0.0031257231936753947,0.00043002386284788366,4.885072726779072e-06,1.849205220522755e-07,0.0016599868770293606,0.00038697774345310566,0.0032556574795242024,4.3686665940693326,1.526728946156063,0.0
64,5088,5.54521160373676,0.002994701479292091,0.0006853396744938604,0.0031109669500039654,0.000427993760848592,4.8390576807832986e-06,1.831786592789431e-07,0.0016521345424880829,0.00038514719964359047,0.003240187227143667,4.368671681647833,1.5267310328898638,0.0
64,5092,5.549571046821459,0.002980638003311217,0.0006821212374918315,0.003096281278423286,0.00042597336786100523,4.793478865394718e-06,1.814533096664435e-07,0.0016443198730639287,0.0003833254363625439,0.00322479169910001,4.368676742436687,1.5267331088622684,0.0
64,5096,5.553930489906158,0.002966641258052802,0.0006789180718655723,0.003081665834727992,0.0004239626365307956,4.748332159465463e-06,1.797443172120194e-07,0.0016365426842336044,0.00038151241059371775,0.0032094705253526284,4.36868177658171,1.52673517413029,0.0
64,5100,5.558289932990856,0.002952710921953749,0.0006757301040251277,0.0030671202764425928,0.00042196151974162414,4.703613399215101e-06,1.780515242990918e-07,0.0016288027924073036,0.00037970807953847886,0.003194223337764347,4.36868678422789,1.5267372287506298,0.0
64,5104,5.562649376075555,0.002938846675037325,0.0006725572607435828,0.0030526442628121867,0.0004199699706138634,4.659318506128329e-06,1.7637477653872505e-07,0.001621100014923651,0.00037791240061463125,0.0031790497700906217,4.368691765519397,1.5267392727796805,0.0
64,5108,5.567008819160254,0.0029250481989051883,0.0006693994691552388,0.0030382374547935297,0.0004179879425033684,4.615443430111554e-06,1.7471392061786452e-07,0.0016134341700448304,0.00037612533145527967,0.0031639494579670966,4.368696720599589,1.526741306273528,0.0
64,5112,5.5713682622449525,0.002911315176729173,0.0006662566567537329,0.003023899515045962,0.0004160153890002288,4.571984163703746e-06,1.7306880483727725e-07,0.0016058050769516578,0.0003743468299076813,0.003148922038904228,4.368701649611009,1.5267433292879524,0.0
64,5116,5.575727705329651,0.002897647293243387,0.0006631287513902298,0.003009630107922554,0.0004140522639275502,4.52893668523302e-06,1.7143927695978968e-07,0.0015982125557387475,0.0003725768540321191,0.0031339671522713176,4.3687065526954,1.5267453418784305,0.0
64,5120,5.58008714841435,0.0028840442347361256,0.000660015681271571,0.002995428899461101,0.00041209852134021596,4.486297157768604e-06,1.6982519174145535e-07,0.0015906564274096114,0.0003708153621007588,0.003119084439289537,4.368711429993702,1.526747344100137,0.0
64,5124,5.584446591499049,0.002870505689042102,0.0006569173749584971,0.002981295557375527,0.00041015411552370386,4.4440616022711765e-06,1.682263985589224e-07,0.0015831365138719846,0.0003690623125965598,0.003104273543022183,4.368716281646061,1.5267493360079458,0.0
64,5128,5.588806034583747,0.002857031345534367,0.0006538337613637983,0.00296722975104683,0.00040821900099284093,4.402226181809965e-06,1.666427521682443e-07,0.0015756526379328876,0.00036731766421212343,0.00308953410836445,4.368721107791831,1.5267513176564331,0.0
64,5132,5.593165477668446,0.002843620895116576,0.000650764769750545,0.002953231151514486,0.0004062931324906206,4.360787116297615e-06,1.6507410947723677e-07,0.001568204623293946,0.00036558137584860264,0.0030748657820315745,4.36872590856958,1.5267532890998774,0.0
64,5136,5.597524920753145,0.0028302740302150724,0.0006477103297302754,0.0029392994314676882,0.0004043764649869973,4.319740568803354e-06,1.6352032524195336e-07,0.0015607922945466317,0.0003638534066145919,0.0030602682125509596,4.368730684117094,1.526755250392262,0.0
64,5140,5.6018843638378435,0.0028169904447711684,0.0006446703712612302,0.0029254342652367126,0.0004024689536776989,4.2790828445049556e-06,1.61981259597853e-07,0.0015534154771675512,0.0003621337158250293,0.0030457410502530997,4.368735434571383,1.5267572015872768,0.0
64,5144,5.606243806922542,0.0028037698342335653,0.0006416448246466164,0.0029116353287844984,0.00040057055398306813,4.238810149104211e-06,1.6045676891481083e-07,0.0015460739975138669,0.0003604222630001288,0.0030312839472590716,4.368740160068686,1.52675914273832,0.0
64,5148,5.610603250007241,0.0027906118955505596,0.0006386336205328251,0.0028979022996979925,0.00039868122154687195,4.198918858833167e-06,1.5894671601798857e-07,0.0015387676828185878,0.0003587190078642827,0.003016896557473768,4.368744860744469,1.526761073898499,0.0
64,5152,5.61496269309194,0.0027775163271623175,0.0006356366899076625,0.0028842348571795602,0.00039680091223511974,4.159405364134727e-06,1.5745096427048838e-07,0.0015314963611858942,0.00035702391034497154,0.0030025785365738874,4.368749536733441,1.526762995120632,0.0
64,5156,5.619322136176638,0.0027644828289931788,0.0006326539640985894,0.00287063268203843,0.00039492958213488644,4.1202659986083745e-06,1.559693748836503e-07,0.0015242598615864812,0.0003553369305716787,0.0029883295419993855,4.368754188169547,1.5267649064572515,0.0
64,5160,5.623681579261337,0.00275151110244441,0.0006296853747710622,0.0028570954566826423,0.0003930671875532046,4.0814972379621395e-06,1.5450181444821982e-07,0.0015170580138531783,0.000353658028874869,0.002974149232944669,4.36875881518598,1.5267668079606034,0.0
64,5164,5.628041022346036,0.002738600850386436,0.0006267308539267552,0.0028436228651104083,0.0003912136850158761,4.043095486849779e-06,1.5304814686523966e-07,0.0015098906486762462,0.0003519871657848926,0.002960037270349387,4.368763417915183,1.52676869968265,0.0
64,5168,5.6324004654307345,0.002725751777151754,0.0006237903339019391,0.0028302145929022192,0.00038936903126638605,4.005057334666162e-06,1.5160824302897964e-07,0.001502757597599079,0.00035032430203098285,0.00294599331688529,4.368767996488852,1.526770581675071,0.0
64,5172,5.636759908515433,0.0027129635885267886,0.0006208637473656171,0.0028168703272118656,0.0003875331832646675,3.967379214486755e-06,1.501819679163636e-07,0.0014956586930133305,0.00034866939854012036,0.0029320170369525516,4.368772551037945,1.526772453989266,0.0
64,5176,5.641119351600132,0.0027002359917450993,0.0006179510273179702,0.0028035897567588405,0.0003857060981860563,3.930057772549844e-06,1.4876919457342348e-07,0.0014885937681547712,0.00034702241643606684,0.002918108096665567,4.368777081692679,1.5267743166763548,0.0
64,5180,5.645478794684831,0.002687568695479769,0.0006150521070886153,0.002790372571819907,0.0003838877334201309,3.893089555617735e-06,1.473697922806075e-07,0.0014815626570987047,0.0003453833170382969,0.002904266163847374,4.36878158858254,1.5267761697871802,0.0
64,5184,5.649838237769529,0.0026749614098360193,0.0006121669203349155,0.002777218464220912,0.0003820780465695863,3.856471181507004e-06,1.4598363300806654e-07,0.0014745651947555155,0.00034375206186096005,0.0028904909080177416,4.368786071836289,1.5267780133723088,0.0
64,5188,5.654197680854228,0.002662413846344306,0.0006092954010403999,0.002764127127329093,0.00038027699544917554,3.8201993959319225e-06,1.4461059356741634e-07,0.0014676012168664812,0.0003421286126119042,0.0028767820003845258,4.368790531581955,1.5267798474820318,0.0
64,5192,5.658557123938927,0.002649925717952533,0.0006064374835129813,0.0027510982560444526,0.00037848453808452296,3.7842708167090677e-06,1.432505459288078e-07,0.0014606705599990812,0.0003405129311915825,0.0028631391138372883,4.368794967946857,1.526781672166369,0.0
64,5196,5.6629165670236254,0.002637496739019128,0.0006035931023833722,0.0027381315467921207,0.00037670063271107347,3.7486822037635648e-06,1.4190336744179725e-07,0.0014537730615428518,0.0003389049796920866,0.002849561922934155,4.368799381057592,1.5267834874750674,0.0
64,5200,5.667276010108324,0.002625126625306095,0.0006007621926034945,0.0027252266975145737,0.0003749252377730223,3.7134302743879744e-06,1.4056893384211935e-07,0.001446908559705142,0.0003373047203961574,0.002836050103896492,4.368803771040048,1.526785293457605,0.0
64,5204,5.671635453193023,0.002612815093971404,0.0005979446894447382,0.002712383407663255,0.0003731583119221618,3.6785118879834044e-06,1.392471262449142e-07,0.0014400768935065654,0.00033571211577612507,0.0028226033345971095,4.368808138019403,1.5267870901631906,0.0
64,5208,5.675994896277722,0.002600561863562247,0.0005951405284964171,0.0026996013781910733,0.0003713998140168499,3.64392380447498e-06,1.3793782199973818e-07,0.001433277902776921,0.00033412712849295763,0.002809221294553679,4.368812482120136,1.5267888776407668,0.0
64,5212,5.68035433936242,0.0025883666540077927,0.0005923496456641123,0.0026868803115443806,0.00036964970312090595,3.6096628974746636e-06,1.3664090275967185e-07,0.0014265114281508276,0.0003325497213952436,0.00279590366491684,4.368816803466025,1.52679065593901,0.0
64,5216,5.684713782447119,0.00257622918661229,0.0005895719771680925,0.0026742199116553196,0.0003679079385025581,3.5757260548052727e-06,1.3535625071573648e-07,0.0014197773110635665,0.00033097985751822257,0.002782650128466173,4.368821102180154,1.5267924251063338,0.0
64,5220,5.689073225531818,0.002564149184048464,0.0005868074595418032,0.0026616198839344947,0.0003661744796334353,3.542110192711334e-06,1.3408374913483432e-07,0.0014130753937470913,0.0003294175000828553,0.002769460369596173,4.368825378384915,1.5267941851908882,0.0
64,5224,5.693432668616516,0.0025521263703495163,0.0005840560296300362,0.0026490799352621606,0.0003644492861873546,3.508812255859084e-06,1.3282328235974872e-07,0.0014064055192252512,0.00032786261249471,0.0027563340743127027,4.368829632202013,1.5267959362405625,0.0
64,5228,5.697792111701215,0.002540160470903135,0.0005813176245875585,0.0026365997739815463,0.0003627323180394029,3.4758291889147586e-06,1.3157473473326306e-07,0.0013997675313101507,0.00032631515834311367,0.0027432709302190853,4.368833863752473,1.5267976783029868,0.0
64,5232,5.702151554785914,0.0025282512124445954,0.0005785921818775331,0.002624179109891199,0.0003610235352648839,3.4431580075988677e-06,1.3033799328786345e-07,0.001393161274597988,0.0003247751014001819,0.002730270626512272,4.368838073156637,1.526799411425533,0.0
64,5236,5.706510997870613,0.002516398323049566,0.0005758796392698733,0.0026118176542370645,0.00035932289813822804,3.410795727631921e-06,1.291129450560359e-07,0.0013865865944647584,0.0003232424056198175,0.0027173328539711866,4.368842260534177,1.5268011356553157,0.0
64,5240,5.710870440955311,0.002504601532127361,0.0005731799348396984,0.002599515119705005,0.00035763036713196356,3.3787394357887024e-06,1.2789947975996923e-07,0.001380043337062185,0.0003217170351367617,0.0027044573049507087,4.36884642600409,1.5268028510391949,0.0
64,5244,5.71522988404001,0.002492860570414396,0.0005704930069658356,0.002587271220413518,0.00035594590291571456,3.3469861904222853e-06,1.2669748604597115e-07,0.001373531349313755,0.00032019895426566985,0.0026916436733705044,4.36885056968471,1.526804557623777,0.0
64,5248,5.719589327124709,0.002481175169967286,0.0005678187943292406,0.002575085671906151,0.0003542694663551576,3.315533092518308e-06,1.2550685417417103e-07,0.001367050478910609,0.0003186881275001537,0.0026788916547077785,4.368854691693703,1.526806255455415,0.0
64,5252,5.723948770209407,0.0024695450641561674,0.0005651572359114696,0.0025629581911441,0.00035260101851100335,3.2843773425383915e-06,1.2432747817028193e-07,0.0013606005743075158,0.0003171845195118427,0.0026662009459912043,4.368858792148081,1.526807944580212,0.0
64,5256,5.728308213294106,0.002457969987658307,0.0005625082709932166,0.002550888496499111,0.0003509405206380201,3.2535160841007382e-06,1.2315924990825482e-07,0.0013541814847190102,0.00031568809514948357,0.0026535712457881246,4.368862871164198,1.526809625044021,0.0
64,5260,5.732667656378805,0.002446449676450959,0.0005598718391526785,0.0025388763077456127,0.00034928793418395105,3.2229464466126956e-06,1.2200206072410016e-07,0.0013477930601151244,0.0003141988194379453,0.0026410022542012147,4.368866928857755,1.526811296892447,0.0
64,5264,5.7370270994635035,0.002434983867805437,0.0005572478802641992,0.0025269213460541434,0.00034764322078861067,3.192665758433577e-06,1.2085580948499595e-07,0.0013414351512178143,0.00031271665757738625,0.0026284936728554887,4.36887096534381,1.5268129601708478,0.0
64,5268,5.741386542548202,0.0024235723002800267,0.0005546363344966464,0.0025150233339835347,0.00034600634228280875,3.1626711916032946e-06,1.197203891407742e-07,0.0013351076094967188,0.00031124157494226515,0.002616045204894542,4.368874980736772,1.5268146149243358,0.0
64,5272,5.745745985632901,0.0024122147137138673,0.0005520371423120124,0.002503181995474119,0.00034437726068741614,3.1329600602703067e-06,1.1859569802067242e-07,0.001328810287165461,0.00030977353708047916,0.002603656554969645,4.3688789751504125,1.5268162611977798,0.0
64,5276,5.7501054287176,0.0024009108492199184,0.0005494502444638046,0.0024913970558400086,0.0003427559382123027,3.103529650161363e-06,1.1748163337804698e-07,0.0013225430371774669,0.0003083125097123889,0.0025913274292326286,4.368882948697867,1.526817899035806,0.0
64,5280,5.754464871802298,0.0023896604491793058,0.0005468755819957506,0.00247966824176279,0.00034114233725546954,3.074377289635777e-06,1.1637809408007588e-07,0.0013163057132225292,0.0003068584587300178,0.0025790575353280506,4.368886901491637,1.526819528482798,0.0
64,5284,5.758824314886997,0.002378463257234384,0.0005443130962402115,0.0024679952812838614,0.000339536420401995,3.0455003781071355e-06,1.1528498168363986e-07,0.0013100981697226465,0.0003054113501960814,0.0025668465823845328,4.368890833643595,1.5268211495829007,0.0
64,5288,5.763183757971696,0.002367319018282293,0.0005417627288167067,0.002456377903797398,0.0003379381504230668,3.016896215513043e-06,1.1420219398003584e-07,0.0013039202618282176,0.0003039711503431009,0.0025546942810071092,4.36889474526499,1.5268227623800197,0.0
64,5292,5.7675432010563945,0.0023562274784689826,0.0005392244216305471,0.0024448158400436604,0.00033634749027506135,2.9885622581105054e-06,1.131296346779067e-07,0.001297771845414391,0.00030253782557255175,0.002542600343269928,4.368898636466446,1.5268243669178236,0.0
64,5296,5.771902644141093,0.002345188385182664,0.0005366981168713359,0.0024333088221018036,0.0003347644030985546,2.960495933734819e-06,1.1206720641001428e-07,0.0012916527770771673,0.00030111134245395523,0.0025305644827090623,4.368902507357972,1.5268259632397447,0.0
64,5300,5.776262087225792,0.0023342014870476654,0.0005341837570115621,0.002421856583383085,0.0003331888522173876,2.932694656010426e-06,1.1101481127117983e-07,0.0012855629141297115,0.00029969166772401853,0.0025185864143106064,4.36890635804896,1.5268275513889806,0.0
64,5304,5.780621530310491,0.002323266533918089,0.00053168128480515,0.002410458858623889,0.00033162080113770666,2.9051559664594606e-06,1.099723561976895e-07,0.0012795021145985681,0.0002982787682857527,0.0025066658545093282,4.368910188648194,1.5268291314084954,0.0
64,5308,5.784980973395189,0.0023123832768716436,0.0005291906432860471,0.0023991153838788725,0.00033006021354702064,2.8778773213389286e-06,1.0893974489818619e-07,0.0012734702372199328,0.00029687261120760314,0.0024948025211769804,4.368913999263846,1.526830703341021,0.0
64,5312,5.789340416479888,0.002301551468203446,0.0005267117757668053,0.0023878258965141902,0.0003285070533132686,2.8508562621709643e-06,1.0791688430895604e-07,0.0012674671414359857,0.00029547316372259536,0.0024829961336137983,4.36891779000349,1.5268322672290586,0.0
64,5316,5.793699859564587,0.002290770861419989,0.0005242446258372012,0.0023765901352008007,0.00032696128448389913,2.824090330477702e-06,1.0690368136628521e-07,0.0012614926873912508,0.0002940803932274857,0.0024712464125432286,4.368921560974094,1.52683382311488,0.0
64,5320,5.7980593026492855,0.002280041211232721,0.0005217891373627663,0.002365407839907363,0.00032542287128489305,2.7975771388355497e-06,1.0590004569616254e-07,0.0012555467359287378,0.00029269426728186214,0.0024595530801045638,4.368925312282033,1.5268353710405287,0.0
64,5324,5.802418745733984,0.0022693622735524524,0.0005193452544835066,0.002354278751894116,0.00032389177811992107,2.7713142287666415e-06,1.049058842348742e-07,0.0012496291485866245,0.0002913147536073711,0.002447915859843211,4.368929044033087,1.526836911047821,0.0
64,5328,5.806778188818683,0.0022587338054828646,0.000516912921612418,0.0023432026137056986,0.00032236796956935666,2.7452992412690946e-06,1.0392110768429015e-07,0.0012437397875943621,0.0002899418200868092,0.0024363344767058225,4.3689327563324465,1.5268384431783475,0.0
64,5332,5.811137631903382,0.00224815556531475,0.0005144920834341675,0.002332179169164825,0.0003208514103894051,2.719529845762736e-06,1.0294562782216138e-07,0.0012378785158692418,0.00028857543476332306,0.002424808657029919,4.368936449284716,1.5268399674734745,0.0
64,5336,5.81549707498808,0.0022376273125199976,0.0005120826849037169,0.0023212081633656044,0.0003193420655111851,2.6940036832456826e-06,1.0197935535035787e-07,0.0012320451970127641,0.0002872155658395627,0.0024133381285381533,4.368940122993915,1.5268414839743447,0.0
64,5340,5.819856518072779,0.002227148807745594,0.0005096846712449499,0.00231028934266699,0.0003178399000398272,2.6687184089269067e-06,1.010222015086901e-07,0.0012262396953070926,0.00028586218167685515,0.002401922620332171,4.3689437775634845,1.526842992721879,0.0
64,5344,5.824215961157478,0.0022167198128078274,0.0005072979879493459,0.0022994224546863335,0.00031634487925358723,2.6436718201239273e-06,1.0007408291637398e-07,0.0012204618757115477,0.00028451525079438677,0.0023905618628844725,4.368947413096289,1.5268444937567773,0.0
64,5348,5.8285754042421765,0.0022063400906859446,0.0005049225807745281,0.0022886072482924714,0.0003148569686028949,2.6188615720457165e-06,9.913491081322001e-08,0.0012147116038588681,0.00028317474186833187,0.0023792555880276355,4.368951029694622,1.526845987119521,0.0
64,5352,5.832934847326875,0.0021960094055169786,0.0005025583957430801,0.0022778434735999734,0.0003133761337095627,2.5942854477989385e-06,9.820460128050356e-08,0.0012089887460520793,0.0002818406237311227,0.0023680035289533807,4.3689546274602025,1.5268474728503716,0.0
64,5356,5.837294290411574,0.002185727522589491,0.0005002053791411133,0.002267130881962246,0.0003119023403658371,2.5699412162794033e-06,9.728306986155944e-08,0.001203293169260755,0.0002805128653705778,0.0023568054202007063,4.368958206494186,1.5268489509893746,0.0
64,5360,5.841653733496273,0.0021754942083379264,0.000497863477516976,0.002256469225965366,0.00031043555453355023,2.5458267032263393e-06,9.637023425148466e-08,0.0011976247411176757,0.0002791914359291231,0.00234566099765009,4.368961766897168,1.5268504215763592,0.0
64,5364,5.846013176580971,0.002165309230336604,0.000495532637679877,0.002245858259421429,0.0003089757423432046,2.521939649113847e-06,9.546600891773298e-08,0.0011919833299152195,0.00027787630470295084,0.002334569998516522,4.3689653087691775,1.5268518846509398,0.0
64,5368,5.85037261966567,0.0021551723572944105,0.000493212806698672,0.0022352977373627184,0.0003075228700931711,2.4982779791571375e-06,9.457031532098518e-08,0.0011863688046021964,0.0002765674411412809,0.0023235321613434726,4.368968832209692,1.5268533402525173,0.0
64,5372,5.854732062750369,0.002145083359048739,0.000490903931900476,0.002224787416035044,0.0003060769042487725,2.4748395333062945e-06,9.36830716942788e-08,0.0011807810347802409,0.00027526481484552043,0.002312547225994016,4.368972337317633,1.52685478842028,0.0
64,5376,5.859091505835067,0.0021350420065600743,0.0004886059608694247,0.0022143270528917733,0.0003046378114414623,2.451622151511401e-06,9.280419627065139e-08,0.0011752198907005703,0.000273968395568508,0.0023016149336445705,4.368975824191373,1.526856229193206,0.0
64,5380,5.863450948919766,0.0021250480719059005,0.00048631884144527984,0.0022039164065871283,0.00030320555846790253,2.4286237447768144e-06,9.19336099728432e-08,0.0011696852432603506,0.0002726781532136663,0.002290735026777528,4.368979292928737,1.5268576626100625,0.0
64,5384,5.867810392004465,0.0021151013282755264,0.0004840425217222449,0.0021935552369705194,0.00030178011228918406,2.40584228095031e-06,9.107123587535666e-08,0.0011641769639996282,0.0002713940578342869,0.002279907249176494,4.368982743627005,1.5268590887094085,0.0
64,5388,5.872169835089164,0.0021052015499647223,0.0004817769500477381,0.0021832433050806023,0.0003003614400300093,2.3832756710362446e-06,9.021699490093201e-08,0.0011586949250980997,0.0002701160796327772,0.0022691313459155954,4.36898617638292,1.5268605075295942,0.0
64,5392,5.876529278173862,0.0020953485123694424,0.0004795220750209554,0.002172980373138433,0.00029894950897775026,2.3609218686715394e-06,8.937080958613114e-08,0.0011532389993714096,0.00026884418895979753,0.002258407063356209,4.368989591292684,1.5268619191087645,0.0
64,5396,5.880888721258561,0.0020855419919807005,0.0004772778454916981,0.0021627662045417984,0.00029754428658166867,2.3387788132822607e-06,8.853260192957539e-08,0.001147809060268071,0.00026757835631354305,0.0022477341491391875,4.368992988451966,1.5268633234848583,0.0
64,5400,5.88524816434326,0.0020757817663790944,0.0004750442105591196,0.0021526005638591995,0.00029614574045208814,2.3168446148247313e-06,8.770230038517262e-08,0.0011424049818662045,0.0002663185523389837,0.002237112352176696,4.368996367955901,1.5268647206956107,0.0
64,5404,5.889607607427958,0.0020660676142294945,0.0004728211195705098,0.0021424832168240233,0.00029475383835959244,2.2951171558815986e-06,8.687982479978197e-08,0.0011370266388703787,0.0002650647478271275,0.002226541422646172,4.368999729899101,1.526866110778553,0.0
64,5408,5.893967050512657,0.0020563993152750617,0.0004706085221199263,0.002132413930327979,0.00029336854823412245,2.2735945890417497e-06,8.606510524113295e-08,0.0011316739066080555,0.00026381691371419203,0.0022160211119859,4.369003074375646,1.5268674937710152,0.0
64,5412,5.898326493597356,0.0020467766503323814,0.00046840636804708065,0.0021223924724157383,0.0002919898381642388,2.252274896363815e-06,8.52580653216685e-08,0.001126346661026681,0.00026257502108092615,0.0022055511728852257,4.3690064014790995,1.5268688697101258,0.0
64,5416,5.9026859366820545,0.0020371994012857234,0.00046621460743602477,0.0021124186122786423,0.00029061767639625597,2.2311561878041175e-06,8.445863349529649e-08,0.0011210447786902768,0.0002613390411518154,0.002195131359278767,4.369009711302504,1.5268702386328141,0.0
64,5420,5.907045379766753,0.0020276673510818974,0.00046403319061397364,0.0021024921202490387,0.0002892520313334635,2.2102365591081252e-06,8.36667376779842e-08,0.00111576813677637,0.0002601089452943662,0.002184761426340966,4.3690130039383845,1.5268716005758107,0.0
64,5424,5.911404822851452,0.002018180283724857,0.00046186206815007033,0.0020926127677943756,0.00028789287153531304,2.1895141060213064e-06,8.288230578569896e-08,0.0011105166130727943,0.00025888470501836056,0.0021744411304777203,4.369016279478754,1.5268729555756484,0.0
64,5428,5.915764265936151,0.0020087379842705882,0.0004597011908542165,0.0020827803275115797,0.00028654016571664543,2.168986938499984e-06,8.210526627234861e-08,0.0011052900859746416,0.00025766629197514473,0.002164170229324596,4.369019538015114,1.526874303668663,0.0
64,5432,5.920123709020849,0.001999340238821336,0.00045755050977575084,0.0020729945731207105,0.0002851938827468172,2.1486532517656087e-06,8.133555081948425e-08,0.0011000884344808217,0.00025645367795682785,0.0021539484817312974,4.369022779638461,1.5268756448909964,0.0
64,5436,5.924483152105548,0.0019899868345208895,0.0004554099762023702,0.0020632552794598177,0.0002838539916489934,2.1285111841962134e-06,8.057308895689482e-08,0.0010949115381912835,0.0002552468348956337,0.002143775647765894,4.369026004439284,1.5268769792785948,0.0
64,5440,5.928842595190247,0.001980677559549186,0.0004532795416588947,0.0020535622224789824,0.00028252046159932763,2.1085589025915397e-06,7.981781129025034e-08,0.0010897592773037768,0.000254045734863146,0.0021336514886998665,4.369029212507574,1.5268783068672118,0.0
64,5444,5.9332020382749455,0.0019714122031168433,0.00045115915790601646,0.0020439151792343464,0.00028119326192614066,2.0887946448056027e-06,7.906965111492355e-08,0.0010846315326106233,0.00025285035006955586,0.0021235757670081505,4.369032403932821,1.5268796276924086,0.0
64,5448,5.937561481359644,0.001962190555460375,0.0004490487769392047,0.002034313927882868,0.000279872362109199,2.0692165634272897e-06,7.832853849864389e-08,0.0010795281854958775,0.00025166065286299935,0.0021135482463566285,4.369035578804019,1.526880941789556,0.0
64,5452,5.941920924444343,0.0019530124078371437,0.0004469483509875506,0.0020247582476767504,0.0002785577317789483,2.049822981575744e-06,7.759440996442739e-08,0.0010744491179323003,0.0002504766157288527,0.0021035686916020782,4.369038737209671,1.5268822491938334,0.0
64,5456,5.946280367529042,0.0019438775525198603,0.0004448578325125087,0.0020152479189574496,0.0002772493407156891,2.0306120802615624e-06,7.686719665588459e-08,0.0010693942124781208,0.0002492982112889767,0.002093636868781136,4.3690418792377885,1.526883549940233,0.0
64,5460,5.95063981061374,0.0019347857827915638,0.0004427771742067477,0.0020057827231501663,0.00027594715884881894,2.0115821683930335e-06,7.614683455809093e-08,0.001064363352274052,0.00024812541230102175,0.002083752545105873,4.369045004975896,1.5268848440635574,0.0
64,5464,5.954999253698439,0.001925736892940844,0.0004407063289930574,0.001996362442758609,0.00027465115625611194,1.9927314980350275e-06,7.54332575043597e-08,0.0010593564210404553,0.00024695819165776613,0.0020739154889592255,4.369048114511034,1.526886131598423,0.0
64,5468,5.959358696783138,0.0019167306782566262,0.0004386452500231553,0.001986986861359237,0.0002733613031629268,1.974058392306688e-06,7.472640201770686e-08,0.0010543733030742126,0.00024579652238638724,0.0020641254698858364,4.369051207929761,1.5268874125792606,0.0
64,5472,5.9637181398678365,0.0019077669350230464,0.00043659389067651343,0.0019776557635957045,0.00027207756994144237,1.9555611601163037e-06,7.402620408320789e-08,0.0010494138832457304,0.00024464037764776307,0.0020543822585890707,4.369054285318158,1.526888687040316,0.0
64,5476,5.968077582952535,0.001898845460514889,0.00043455220455931447,0.0019683689351738354,0.0002707999271099664,1.937238138793873e-06,7.333260076181928e-08,0.0010444780469962129,0.00024348973073583659,0.0020446856269210165,4.369057346761827,1.5268899550156505,0.0
64,5480,5.972437026037234,0.001889966052992122,0.00043252014550320116,0.0019591261628556407,0.0002695283453321123,1.919087679880249e-06,7.264552965243813e-08,0.001039565680334423,0.00024234455507686053,0.002035035347880212,4.369060392345899,1.5268912165391435,0.0
64,5484,5.976796469121933,0.0018811285116954206,0.0004304976675642517,0.0019499272344544044,0.0002682627954161233,1.9011081064945756e-06,7.196492727808041e-08,0.0010346766698340203,0.00024120482422877688,0.0020254311956048533,4.369063422155033,1.5268924716444923,0.0
64,5488,5.981155912206631,0.0018723326368409994,0.0004284847250217975,0.001940771938829033,0.00026700324831409496,1.8832978554428337e-06,7.129073446528646e-08,0.0010298109026305004,0.00024007051188050345,0.0020158729453644045,4.369066436273424,1.526893720365213,0.0
64,5492,5.98551535529133,0.001863578229615691,0.0004264812723772962,0.0019316600658787,0.00026574967512123845,1.8656553208984406e-06,7.062289042677496e-08,0.0010249682664183056,0.00023894159185126017,0.002006360373557049,4.3690694347847945,1.5268949627346429,0.0
64,5496,5.989874798376029,0.0018548650921723388,0.0004244872643532781,0.0019225914065377472,0.00026450204707517894,1.8481788544022493e-06,6.996133276144301e-08,0.0010201486494480505,0.00023781803808992243,0.0019968932577002535,4.369072417772411,1.5268961987859389,0.0
64,5500,5.9942342414607275,0.001846193027624786,0.0004225026558921989,0.0019135657527702345,0.000263260335555206,1.8308669353928053e-06,6.930600390965253e-08,0.0010153519405235807,0.0002366998246743354,0.0019874713764292725,4.369075385319077,1.5268974285520815,0.0
64,5504,5.998593684545426,0.0018375618400430763,0.0004205274021553414,0.0019045828975646835,0.00026202451208155026,1.8137179864652353e-06,6.865684416000333e-08,0.0010105780289991254,0.0002355869258106501,0.001978094509486788,4.369078337507139,1.526898652065874,0.0
64,5508,6.002953127630125,0.0018289713344489917,0.00041856145852179455,0.0018956426349291816,0.00026079454831470994,1.7967305154797941e-06,6.801379702873843e-08,0.0010058268047766438,0.00023447931583270496,0.001968762437719566,4.369081274418488,1.5268998693599434,0.0
64,5512,6.007312570714824,0.0018204213168108664,0.0004166047805872664,0.0018867447598857315,0.0002595704160546735,1.7799028881881895e-06,6.737680065269546e-08,0.0010010981583027736,0.00023337696920131446,0.0019594749430733335,4.369084196134568,1.5269010804667416,0.0
64,5516,6.011672013799522,0.0018119115940391675,0.000414657324163073,0.0018778890684654022,0.00025835208724025245,1.7632336692940953e-06,6.674580069987962e-08,0.000996391980566201,0.00023227986050365583,0.0019502318085848336,4.369087102736365,1.5269022854185477,0.0
64,5520,6.016031456884221,0.001803441973981418,0.0004127190452749759,0.001869075357702774,0.0002571395339483173,1.746721338236057e-06,6.612073961065286e-08,0.0009917081630946558,0.00023118796445256872,0.0019410328183771498,4.369089994304426,1.526903484247467,0.0
64,5524,6.02039089996892,0.0017950122654181756,0.000410789900162263,0.0018603034256315628,0.00025593272839319515,1.7303644028743292e-06,6.550156090125821e-08,0.000987046597952546,0.0002301012558860037,0.001931877757656281,4.369092870918849,1.5269046769854326,0.0
64,5528,6.0247503430536185,0.0017866222780576224,0.0004088698452765091,0.001851573071278681,0.00025473164292585325,1.7141614137017314e-06,6.488820970176037e-08,0.0009824071777377417,0.00022901970976627257,0.0019227664126993328,4.369095732659293,1.5269058636642074,0.0
64,5532,6.029109786138317,0.0017782718225317511,0.00040695883728070415,0.0018428840946600716,0.00025353625003332527,1.6981108927893729e-06,6.428063006634289e-08,0.0009777897955793179,0.00022794330117952211,0.0019136985708575263,4.369098579604976,1.5269070443153832,0.0
64,5536,6.033469229223016,0.0017699607103909645,0.0004050568330480168,0.0018342362967748312,0.00025234652233790315,1.6822113764192181e-06,6.367876658712991e-08,0.0009731943451343825,0.00022687200533499466,0.0019046740205432408,4.369101411834678,1.526908218970383,0.0
64,5540,6.037828672307715,0.001761688754099826,0.00040316378966082203,0.0018256294796005525,0.0002511624325964962,1.6664615003492145e-06,6.308256762182933e-08,0.0009686207205855522,0.00022580579756443963,0.0018956925512276324,4.369104229426751,1.5269093876604618,0.0
64,5544,6.042188115392413,0.0017534557670327558,0.00040127966440971625,0.0018170634460885928,0.0002499839536999801,1.6508597866504715e-06,6.249197722462476e-08,0.0009640688166383876,0.00022474465332151565,0.0018867539534345034,4.369107032459105,1.5269105504167069,0.0
64,5548,6.046547558477112,0.0017452615634693171,0.00039940441479243853,0.001808538000158971,0.000248811058672495,1.6354048568700819e-06,6.190694321528357e-08,0.0009595385285186412,0.000223688548181149,0.0018778580187362138,4.369109821009233,1.526911707270039,0.0
64,5552,6.050907001561811,0.0017371059585894208,0.00039753799851277317,0.0018000529466951172,0.0002476437206707231,1.6200953041334287e-06,6.132741233769203e-08,0.0009550297519694155,0.0002226374578388711,0.0018690045397475635,4.36911259515419,1.5269128582512137,0.0
64,5556,6.055266444646509,0.0017289887684692436,0.0003956803734796156,0.0017916080915393946,0.0002464819129832725,1.6049297926201689e-06,6.075333402543917e-08,0.0009505423832487352,0.00022159135811025248,0.0018601933101162755,4.3691153549706145,1.526914003390822,0.0
64,5560,6.059625887731208,0.0017209098100767874,0.00039383149780595605,0.0017832032414882607,0.0002453256090300117,1.589906887033976e-06,6.018465394653019e-08,0.0009460763191269334,0.00022055022493029351,0.0018514241245242995,4.369118100534719,1.5269151427192909,0.0
64,5564,6.063985330815907,0.0017128689012669417,0.00039199132980774975,0.0017748382042868968,0.00024417478236133056,1.5750253368196354e-06,5.962132476219736e-08,0.0009416314568837492,0.0002195140343527478,0.0018426967786791708,4.369120831922297,1.5269162762668846,0.0
64,5568,6.068344773900606,0.0017048658607776003,0.00039015982800302796,0.0017665127886249403,0.00024302940665755333,1.5602837066808206e-06,5.9063292140445876e-08,0.0009372076943060157,0.00021848276254958322,0.001834011069308669,4.369123549208727,1.5269174040637061,0.0
64,5572,6.072704216985304,0.001696900508224976,0.0003883369511108261,0.0017582268041313957,0.00024188945572823834,1.5456807460623168e-06,5.8510508742508005e-08,0.0009328049296849108,0.00021745638581034096,0.0018253667941544012,4.369126252468971,1.5269185261396967,0.0
64,5576,6.077063660070003,0.0016889726640993993,0.0003865226580502219,0.0017499800613700316,0.00024075490351154486,1.5312151191437806e-06,5.796292400197275e-08,0.0009284230618134664,0.0002164348805415549,0.001816763751967703,4.369128941777578,1.5269196425246379,0.0
64,5580,6.081423103154702,0.0016810821497608213,0.0003847169079393065,0.0017417723718344868,0.00023962572407355983,1.5168855043157237e-06,5.742048789036967e-08,0.0009240619899839213,0.00021541822326613452,0.0018082017425071681,4.369131617208689,1.5269207532481515,0.0
64,5584,6.0857825462394,0.0016732287874347315,0.0003829196600942501,0.0017336035479438199,0.00023850189160768556,1.5026906368120763e-06,5.6883152530990465e-08,0.00091972161398532,0.0002144063906228051,0.0017996805665278157,4.369134278836036,1.5269218583397015,0.0
64,5588,6.090141989324099,0.00166541240020744,0.0003811308740282225,0.0017254734030373632,0.0002373833804339317,1.4886292234450593e-06,5.6350868971245787e-08,0.0009154018341007253,0.00021339935936545799,0.0017912000257800495,4.369136926732946,1.5269229578285939,0.0
64,5592,6.094501432408798,0.0016576328120221835,0.0003793505094505016,0.0017173817513704448,0.00023627016499832678,1.4747000420811673e-06,5.582359094824897e-08,0.0009111025511049028,0.00021239710636261074,0.0017827599230023467,4.369139560972342,1.5269240517439788,0.0
64,5596,6.0988608754934965,0.0016498898476748538,0.0003775785262654962,0.001709328408109762,0.00023516221987228167,1.4609017995326212e-06,5.5301269509410653e-08,0.0009068236662618232,0.0002113996085968249,0.001774360061919433,4.36914218162675,1.5269251401148498,0.0
64,5600,6.103220318578195,0.0016421833328093911,0.0003758148845716915,0.001701313189328381,0.00023405951975190168,1.4472332736659155e-06,5.478385839184418e-08,0.0009025650813219657,0.00021040684316407724,0.0017660002472313424,4.369144788768293,1.5269262229700458,0.0
64,5604,6.107579761662894,0.001634513093914136,0.0003740595446608143,0.0016933359120017025,0.00023296203945743151,1.4336932565583993e-06,5.427131187060344e-08,0.0008983266985201244,0.0002094187872732487,0.0017576802846147265,4.3691473824687,1.5269273003382517,0.0
64,5608,6.111939204747593,0.0016268789583170748,0.0003723124670167452,0.0016853963940023267,0.00023186975393254877,1.4202804976548578e-06,5.376358260692069e-08,0.0008941084205726412,0.00020843541824547884,0.001749399980712328,4.369149962799306,1.5269283722479994,0.0
64,5612,6.116298647832291,0.0016192807541818516,0.0003705736123146055,0.001677494454095683,0.00023078263824376279,1.4069938316652042e-06,5.326062648967146e-08,0.0008899101506750403,0.0002074567135136149,0.0017411591431328469,4.369152529831055,1.5269294387276677,0.0
64,5616,6.12065809091699,0.0016117183105040136,0.00036884294141989823,0.0016696299119359605,0.00022970066757985468,1.3938320222450784e-06,5.2762396718028526e-08,0.0008857317924998317,0.00020648265062169933,0.0017329575804416058,4.3691550836344994,1.5269304998054847,0.0
64,5620,6.125017534001689,0.0016041914571061303,0.00036712041538739106,0.001661802588060786,0.00022862381725114527,1.3807939325261032e-06,5.226885025674852e-08,0.0008815732501936347,0.00020551320722429956,0.0017247951021590409,4.369157624279808,1.5269315555095275,0.0
64,5624,6.1293769770863875,0.0015967000246345509,0.00036540599546037425,0.001654012303887656,0.00022755206268900409,1.3678783687964824e-06,5.177994191882585e-08,0.0008774344283752418,0.00020454836108605638,0.0017166715187521605,4.369160151836761,1.526932605867723,0.0
64,5628,6.133736420171086,0.0015892438445544775,0.00036369964306953327,0.001646258881708631,0.00022648537944511957,1.3550841515552747e-06,5.12956270551955e-08,0.0008733152321327638,0.0002035880900810185,0.0017085866416347423,4.369162666374757,1.5269336509078497,0.0
64,5632,6.138095863255785,0.0015818227491467673,0.00036200131983221673,0.001638542144686795,0.00022542374319101184,1.3424101723558124e-06,5.0815863706495156e-08,0.000869215567021705,0.00020263237219219396,0.0017005402831567454,4.369165167962817,1.5269346906575372,0.0
64,5636,6.142455306340484,0.0015744365715029288,0.00036031098755129147,0.0016308619168508693,0.0002243671297172918,1.3298552943297182e-06,5.0340608837481415e-08,0.000865135339062064,0.00020168118551087405,0.0016925322566028575,4.3691676566695765,1.5269357251442681,0.0
64,5640,6.146814749425182,0.0015670851455219488,0.00035862860821441627,0.001623218023091692,0.00022331551493317677,1.3174183663977601e-06,4.9869818874970335e-08,0.0008610744547364205,0.0002007345082361875,0.0016845623761879492,4.369170132563304,1.526936754395378,0.0
64,5644,6.151174192509881,0.0015597683059058855,0.0003569541439930335,0.001615610289157478,0.00022226887486583838,1.3050982943241252e-06,4.940345239754015e-08,0.0008570328209873833,0.00019979231867450542,0.0016766304570500865,4.369172595711886,1.526937778438057,0.0
64,5648,6.15553363559458,0.0015524858881557789,0.0003552875572414331,0.001608038541649337,0.00022122718565978586,1.2928939838730003e-06,4.894146798376908e-08,0.0008530103452151633,0.00019885459523887551,0.0016687363152468723,4.36917504618284,1.52693879729935,0.0
64,5652,6.1598930786792785,0.0015452377285679441,0.00035362881049590426,0.0016005026080172452,0.00022019042357631204,1.2808042981760082e-06,4.848382259841373e-08,0.0008490069352753994,0.00019792131644851544,0.0016608797677518097,4.369177484043316,1.5269398110061578,0.0
64,5656,6.164252521763977,0.0015380236642300207,0.00035197786647383133,0.0015930023165557723,0.00021915856499290525,1.2688281856299e-06,4.803047643387396e-08,0.0008450224994768529,0.00019699246092827507,0.0016530606324467567,4.369179909360092,1.5269408195852376,0.0
64,5660,6.168611964848676,0.0015308435330169375,0.0003503346880727705,0.0015855374963996444,0.00021813158640263914,1.2569645946314267e-06,4.758138968254962e-08,0.0008410569465790035,0.00019606800740807622,0.0016452787281205094,4.369182322199583,1.5269418230632046,0.0
64,5664,6.172971407933375,0.0015236971735871176,0.0003486992383695812,0.001578107977519659,0.00021710946441361046,1.2452123883122113e-06,4.7136519309197316e-08,0.0008371101857898494,0.00019514793472239978,0.00163753387446258,4.369184722627838,1.526942821466531,0.0
64,5668,6.177330851018073,0.0015165844253783162,0.0003470714806194735,0.0015707135907181353,0.00021609217574831323,1.2335705861232782e-06,4.669582819591961e-08,0.0008331821267634471,0.00019423222180971216,0.0016298258920576679,4.369187110710549,1.5269438148215488,0.0
64,5672,6.181690294102772,0.0015095051286041388,0.0003454513782552114,0.001563354167625152,0.00021507969724312117,1.2220381506722333e-06,4.6259277073056906e-08,0.0008292726795978814,0.00019332084771199213,0.0016221546023806972,4.369189486513044,1.5269448031544492,0.0
64,5676,6.186049737187471,0.001502459124250094,0.0003438388948862097,0.0015560295406942255,0.0002140720058476931,1.2106139593015541e-06,4.582682344330634e-08,0.0008253817548329282,0.0001924137915741858,0.0016145198277966724,4.369191850100293,1.5269457864912845,0.0
64,5680,6.1904091802721695,0.0014954462540695075,0.0003422339942975984,0.0015487395431978896,0.00021306907862436478,1.1992970883056842e-06,4.5398432340532655e-08,0.0008215092634476696,0.00019151103264365094,0.0016069213915502294,4.369194201536916,1.526946764857967,0.0
64,5684,6.194768623356868,0.0014884663605801776,0.00034063664044945796,0.0015414840092240647,0.00021207089274764948,1.188086457659665e-06,4.497406288125462e-08,0.0008176551168585348,0.00019061255026969992,0.0015993591177650517,4.369196540887176,1.5269477382802725,0.0
64,5688,6.199128066441567,0.0014815192870602993,0.0003390467974758859,0.0015342627736716068,0.00021107742550362552,1.1769811294470856e-06,4.455367956139644e-08,0.0008138192269168919,0.0001897183239030386,0.0015918328314370042,4.3691988682149825,1.5269487067838385,0.0
64,5692,6.203487509526266,0.0014746048775446362,0.00033746442968412123,0.0015270756722461547,0.0002100886542893651,1.1659800520646968e-06,4.4137242573357956e-08,0.0008100015059068073,0.00018882833309524387,0.001584342358430569,4.3692011835839,1.5269496703941663,0.0
64,5696,6.207846952610964,0.0014677229768210143,0.0003358895015537418,0.0015199225414563493,0.00020910455661241395,1.1550822733852328e-06,4.372471587512283e-08,0.0008062018665430093,0.00018794255749828888,0.0015768875254751665,4.369203487057145,1.5269506291366213,0.0
64,5700,6.212206395695663,0.001460873430426465,0.0003343219777357816,0.0015128032186096142,0.0002081251100902111,1.1442868128597183e-06,4.331606234879363e-08,0.000802420221968605,0.0001870609768640109,0.001569468160159479,4.369205778697583,1.526951583036434,0.0
64,5704,6.216565838780362,0.0014540560846434721,0.00033276182305187204,0.0015057175418080773,0.00020715029244952753,1.1335926615174685e-06,4.291124380059184e-08,0.0007986564857528773,0.00018618357104359772,0.001562084090927696,4.369208058567744,1.5269525321187005,0.0
64,5708,6.22092528186506,0.0014472707864963419,0.00033120900249341114,0.0014986653499446528,0.00020618008152592737,1.1229988956529269e-06,4.251022526438219e-08,0.0007949105718891747,0.00018531031998709574,0.001554735147074912,4.369210326729811,1.5269534764083834,0.0
64,5712,6.225284724949759,0.0014405173837475553,0.00032966348122072874,0.0014916464826990646,0.0002052144552632207,1.1125046057713917e-06,4.211297231196997e-08,0.0007911823947927608,0.00018444120374290854,0.0015474211587419222,4.36921258324563,1.5269544159303128,0.0
64,5716,6.229644168034458,0.0014337957248942248,0.0003281252245622757,0.0014846607805340131,0.0002042533917129362,1.1021088255347422e-06,4.1719448363398285e-08,0.0007874718692987494,0.0001835762024573156,0.0015401419569131896,4.369214828176708,1.5269553507091858,0.0
64,5720,6.234003611119157,0.0014271056591643428,0.0003265941980137652,0.0014777080846910702,0.00020329686903375644,1.0918106028157126e-06,4.132961737665079e-08,0.0007837789106598805,0.00018271529637395393,0.0015328973734094605,4.369217061584216,1.526956280769569,0.0
64,5724,6.238363054203855,0.0014204470365130587,0.0003250703672373209,0.00147078823718668,0.00020234486549096763,1.0816090281196011e-06,4.094344492353277e-08,0.0007801034345443704,0.00018185846583331663,0.0015256872408861409,4.369219283528993,1.526957206135898,0.0
64,5728,6.242722497288554,0.0014138197076192782,0.0003235536980606987,0.0014639010808084592,0.00020139735945595065,1.0715032061625607e-06,4.056089711379004e-08,0.000776445357033914,0.0001810056912722874,0.0015185113928266642,4.369221494071544,1.526958126832479,0.0
64,5732,6.247081940373253,0.0014072235238821,0.00032204415647647106,0.0014570464591113015,0.00020045432940564518,1.06149219902818e-06,4.01819384433468e-08,0.0007728045946215752,0.0001801569532236487,0.001511369663541076,4.369223693272046,1.526959042883488,0.0
64,5736,6.251441383457951,0.0014006583374170094,0.0003205417086411562,0.001450224216413288,0.000199515753921987,1.0515751256434669e-06,3.980653555988942e-08,0.0007691810642095881,0.00017931223231556912,0.0015042618881572934,4.369225881190345,1.5269599543129728,0.0
64,5740,6.25580082654265,0.001394124001052792,0.0003190463208745115,0.001443434197792295,0.00019858161169144126,1.041751147567993e-06,3.943465672492589e-08,0.0007655746831075182,0.0001784715092711747,0.0014971879026232536,4.369228057885963,1.526960861144854,0.0
64,5744,6.260160269627349,0.001387620368327383,0.0003175579596585839,0.0014366762490815482,0.00019765188150439096,1.0320193268853473e-06,3.90662664343804e-08,0.0007619853690298744,0.00017763476490799228,0.0014901475436970024,4.369230223418098,1.5269617634029242,0.0
64,5748,6.2645197127120475,0.0013811472934850866,0.00031607659163707325,0.0014299502168665691,0.00019672654225471684,1.0223788251551014e-06,3.870133294976095e-08,0.0007584130400944529,0.00017680198013756354,0.0014831406489453976,4.369232377845623,1.52696266111085,0.0
64,5752,6.268879155796746,0.0013747046314725414,0.00031460218361440936,0.00142325594848081,0.00019580557293919672,1.012828761304263e-06,3.8339822918753894e-08,0.0007548576148199847,0.0001759731359648963,0.0014761670567383378,4.3692345212270896,1.5269635542921722,0.0
64,5756,6.273238598881445,0.0013682922379352747,0.0003131347025549631,0.0014165932920019257,0.00019488895265699273,1.003368296892404e-06,3.7981704602867244e-08,0.0007513190121241248,0.00017514821348799608,0.00146922660624742,4.369236653620734,1.5269644429703066,0.0
64,5760,6.277598041966144,0.001361909969214878,0.00031167411558240016,0.0014099620962486807,0.00019397666060922574,9.93996550846532e-07,3.7626944649787355e-08,0.000747797151321778,0.00017432719389747555,0.0014623191374371779,4.369238775084473,1.5269653271685446,0.0
64,5764,6.281957485050842,0.0013555576823446951,0.0003102203899786943,0.0014033622107763272,0.00019306867609833952,9.84712727358783e-07,3.7275512934843846e-08,0.0007442919521226156,0.00017351005847597575,0.001455444491066425,4.369240885675908,1.5269662069100538,0.0
64,5768,6.286316928135541,0.0013492352350470442,0.00030877349318349153,0.0013967934858735665,0.00019216497852768267,9.755160306212929e-07,3.692737933336634e-08,0.0007408033346294302,0.0001726967885977826,0.001448602508680737,4.369242985452327,1.5269670822178787,0.0
64,5772,6.29067637122024,0.0013429424857296691,0.0003073333927932981,0.001390255772558684,0.0001912655474009769,9.664055653502146e-07,3.658250995510066e-08,0.0007373312193360469,0.00017188736572833977,0.0014417930326091086,4.369245074470705,1.5269679531149414,0.0
64,5776,6.2950358143049385,0.001336679293482082,0.0003059000565606435,0.00138374892257563,0.00019037036232177787,9.573805499485388e-07,3.624087521331697e-08,0.0007338755271252179,0.00017108177142375816,0.0014350159059590697,4.369247152787709,1.5269688196240432,0.0
64,5780,6.299395257389637,0.0013304455180727123,0.0003044734523934277,0.0013772727883908998,0.0001894794029930459,9.484401601866921e-07,3.590244390746381e-08,0.0007304361792669334,0.00017027998733042183,0.0014282709726155833,4.3692492204596975,1.5269696817678633,0.0
64,5784,6.303754700474336,0.0013242410199450158,0.0003030535483540313,0.001370827223189341,0.00018859264921656927,9.395836286785197e-07,3.556718698875187e-08,0.0007270130974161652,0.00016948199518446215,0.0014215580772344032,4.369251277542719,1.526970539568961,0.0
64,5788,6.308114143559035,0.0013180656602147954,0.00030164031265870176,0.0013644120808712205,0.0001877100808925606,9.308101596161578e-07,3.523507433251079e-08,0.0007236062036112769,0.0001686877768113872,0.0014148770652382104,4.36925332409252,1.5269713930497757,0.0
64,5792,6.312473586643733,0.0013119193006661245,0.0003002337136766209,0.001358027216047852,0.00018683167801905538,9.221189571917421e-07,3.490607581407018e-08,0.0007202154202716756,0.00016789731412553425,0.00140822778281401,4.369255360164545,1.5269722422326277,0.0
64,5796,6.316833029728432,0.0013058018037486348,0.00029883371992928397,0.001351672484038638,0.00018595742069150487,9.135092540191181e-07,3.4580162384640746e-08,0.0007168406701962118,0.00016711058912969679,0.0014016100769089497,4.369257385813935,1.5269730871397191,0.0
64,5800,6.321192472813131,0.00129971303257388,0.00029744030008966763,0.0013453477408671294,0.0001850872891022342,9.049802542904217e-07,3.425730391955211e-08,0.0007134818765610539,0.000166327583914629,0.0013950237952251125,4.36925940109553,1.5269739277931347,0.0
64,5804,6.3255519158978295,0.0012936528509124583,0.00029605342298157127,0.0013390528432579208,0.00018422126354001518,8.96531261673772e-07,3.393747405971769e-08,0.0007101389629180155,0.0001655482806586559,0.0013884687862172188,4.369261406063876,1.5269747642148412,0.0
64,5808,6.329911358982528,0.0012876211231905806,0.0002946730575788319,0.0013327876486329115,0.00018335932438955178,8.8816146615045e-07,3.362064214252657e-08,0.0007068118531925355,0.00016477266162720234,0.00138194489908809,4.369263400773218,1.5269755964266893,0.0
64,5812,6.334270802067227,0.0012816177144867225,0.00029329917300455763,0.0013265520151077548,0.0001825014521309918,8.798701429668654e-07,3.330678073301107e-08,0.0007035004716817768,0.00016400070917234983,0.0013754519837856462,4.369265385277509,1.5269764244504138,0.0
64,5816,6.338630245151926,0.001275642490528496,0.00029193173853041206,0.0013203458014883675,0.00018164762733944654,8.716565247368635e-07,3.29958607823819e-08,0.000700204743052723,0.0001632324057323929,0.0013689898909959744,4.36926735963041,1.5269772483076347,0.0
64,5820,6.342989688236624,0.0012696953176892637,0.0002905707235758391,0.001314168867267366,0.0001807978306845006,8.635198867068539e-07,3.26878548556714e-08,0.000696924592340279,0.00016246773383139616,0.0013625584721440084,4.369269323885287,1.526978068019857,0.0
64,5824,6.347349131321323,0.0012637760629856548,0.00028921609770749494,0.0013080210726213054,0.0001799520429298319,8.554595467558102e-07,3.238273713173353e-08,0.0006936599449457651,0.0001617066760788434,0.0013561575793872595,4.369271278095219,1.5269788836084717,0.0
64,5828,6.351708574406022,0.0012578845940736313,0.0002878678306383474,0.0013019022784064719,0.00017911024493263302,8.474747801301419e-07,3.208048017560061e-08,0.0006904107266346594,0.00016094921516911117,0.001349787065612456,4.369273222312997,1.5269796950947563,0.0
64,5832,6.3560680174907205,0.0012520207792457462,0.00028652589222704874,0.0012958123461559064,0.0001782724176432016,8.395648194436944e-07,3.178105493848336e-08,0.0006871768635349913,0.00016019533388109442,0.001343446784432196,4.369275156591123,1.526980502499876,0.0
64,5836,6.360427460575419,0.0012461844874277028,0.000285190252477148,0.0012897511380756683,0.0001774385421044262,8.317289967862962e-07,3.148443613717628e-08,0.0006839582821353238,0.00015944501507773594,0.0013371365901799388,4.369277080981817,1.5269813058448838,0.0
64,5840,6.364786903660118,0.0012403755881758157,0.0002838608815365102,0.0012837185170420985,0.00017660859945141003,8.239666158260661e-07,3.119059741259278e-08,0.0006807549092832801,0.000158698241705683,0.0013308563379076054,4.369278995537013,1.5269821051507209,0.0
64,5844,6.369146346744817,0.0012345939516730851,0.0002825377496964178,0.0012777143465976116,0.00017578257091089192,8.162769802311232e-07,3.0899512405646284e-08,0.000677566672183283,0.00015795499679476042,0.001324605883382036,4.369280900308367,1.5269829004382178,0.0
64,5848,6.373505789829515,0.0012288394487269176,0.0002812208273910491,0.0012717384909481742,0.00017496043780089928,8.086593936695863e-07,3.061115475725021e-08,0.0006743934983951834,0.00015721526345765068,0.0013183850830808576,4.36928279534725,1.526983691728095,0.0
64,5852,6.377865232914214,0.0012231119507655661,0.0002799100851966636,0.0012657908149594902,0.00017414218153022357,8.011131882312839e-07,3.0325499184199066e-08,0.0006712353158322122,0.00015647902488941654,0.0013121937941882108,4.36928468070476,1.5269844790409628,0.0
64,5856,6.382224675998913,0.001217411329835256,0.00027860549383094415,0.001259871184153898,0.00017332778359799308,7.93637710216899e-07,3.0042520941227894e-08,0.0006680920527593075,0.00015574626436711114,0.0013060318745926342,4.369286556431712,1.5269852623973228,0.0
64,5860,6.3865841190836115,0.0012117374585972204,0.0002773070241523188,0.001253979464707152,0.00017251722559323047,7.862322490836959e-07,2.976219313130956e-08,0.0006649636377913776,0.000155016965249373,0.001299899182881835,4.369288422578651,1.5269860418175676,0.0
64,5864,6.39094356216831,0.0012060902103244002,0.00027601464715920507,0.0012481155234448829,0.00017171048919436562,7.788961937649219e-07,2.948449262300075e-08,0.0006618499998913992,0.0001542911109759826,0.0012937955783410729,4.3692902791958455,1.5269868173219825,0.0
64,5868,6.395303005253009,0.001200469458898932,0.00027472833398943573,0.001242279227839845,0.0001709075561688569,7.716288337178412e-07,2.920939251927433e-08,0.0006587510683689254,0.0001535686850675148,0.0012877209209473978,4.369292126333291,1.5269875889307452,0.0
64,5872,6.399662448337708,0.0011948750788083951,0.0002734480559193992,0.0012364704460079078,0.00017010840837263985,7.644295862974104e-07,2.8936870764568064e-08,0.0006556667728779351,0.00015284967112483714,0.0012816750713680201,4.369293964040714,1.5269883566639262,0.0
64,5876,6.404021891422406,0.0011893069451437226,0.0002721737843635622,0.0012306890467057698,0.0001693130277498125,7.572977551717486e-07,2.8666900999795368e-08,0.0006525970434155956,0.00015213405282882178,0.0012756578909551904,4.369295792367569,1.5269891205414905,0.0
64,5880,6.408381334507105,0.0011837649335956655,0.00027090549087365997,0.001224934899327143,0.00016852139633211053,7.502327434849576e-07,2.839946063145346e-08,0.0006495418103202071,0.00015142181393986592,0.001269669241743613,4.369297611363048,1.5269898805832973,0.0
64,5884,6.412740777591804,0.0011782489204519365,0.00026964314713804304,0.0012192078738996878,0.00016773349623848565,7.4323392595943e-07,2.8134525990158464e-08,0.0006465010042695553,0.00015071293829750805,0.001263708986448942,4.369299421076071,1.526990636809101,0.0
64,5888,6.417100220676502,0.0011727587825943618,0.0002683867249810252,0.0012135078410819178,0.00016694930967467962,7.363006346849943e-07,2.7872071792704892e-08,0.000643474556279239,0.00015000740982003803,0.001257776988458528,4.369301221555296,1.5269913892385512,0.0
64,5892,6.421459663761201,0.0011672943974960787,0.0002671361963622423,0.0012078346721601956,0.00016616881893281104,7.29432287016607e-07,2.7612075983530494e-08,0.0006404623977010574,0.0001493052125041209,0.0012518731118351023,4.369303012849118,1.5269921378911937,0.0
64,5896,6.4258191068459,0.0011618556432183686,0.00026589153337592717,0.0012021882390453036,0.00016539200639090359,7.226282860983702e-07,2.735451596913249e-08,0.0006374644602211591,0.00014860633042436576,0.0012459972213073247,4.36930479500567,1.5269928827864712,0.0
64,5900,6.430178549930599,0.0011564423984079602,0.000264652708250293,0.0011965684142695363,0.00016461885451248595,7.158879782309668e-07,2.709936700424592e-08,0.0006344806758584776,0.0001479107477329607,0.001240149182271346,4.3693065680728225,1.5269936239437232,0.0
64,5904,6.434537993015297,0.0011510545422942357,0.0002634196933468935,0.001190975070983681,0.00016384934584617647,7.092107949802084e-07,2.684660757124909e-08,0.0006315109769631035,0.00014721844865929354,0.0012343288607847848,4.36930833209819,1.526994361382187,0.0
64,5908,6.438897436099996,0.0011456919546861458,0.00026219246115991707,0.0011854080829536773,0.00016308346302522353,7.025961537010517e-07,2.6596215614579758e-08,0.0006285552962144818,0.00014652941750953154,0.0012285361235615637,4.3693100871291275,1.5269950951209992,0.0
64,5912,6.443256879184695,0.0011403545159692744,0.0002609709843155151,0.0011798673245575013,0.00016232118876707697,6.960434433267437e-07,2.6348168002794596e-08,0.0006256135666197466,0.00014584363866623306,0.0012227708379715478,4.369311833212737,1.5269958251791944,0.0
64,5916,6.447616322269393,0.0011350421071035658,0.0002597552355712818,0.001174352670782672,0.00016156250587304492,6.895521096339507e-07,2.6102443756212443e-08,0.0006226857215123668,0.00014516109658803202,0.0012170328720392141,4.369313570395861,1.526996551575707,0.0
64,5920,6.451975765354092,0.0011297546096200295,0.00025854518781549997,0.0011688639972226857,0.00016080739722780334,6.831215131342105e-07,2.5859018667508893e-08,0.000619771694550225,0.00014448177580919002,0.001211322094432899,4.369315298725094,1.5269972743293712,0.0
64,5924,6.456335208438791,0.001124491905618042,0.00025734081406652377,0.0011634011800741493,0.00016005584579900165,6.767511422367534e-07,2.561787337082441e-08,0.0006168714197140831,0.00014380566093923842,0.0012056383744701031,4.369317018246774,1.526997993458922,0.0
64,5928,6.4606946515234895,0.0011192538777626392,0.0002561420874721588,0.0011579640961338431,0.0001593078346368586,6.704404427182453e-07,2.5378986886477846e-08,0.0006139848313059943,0.00014313273666260854,0.0011999815821073707,4.369318729006995,1.5269987089829948,0.0
64,5932,6.465054094608188,0.0011140404092816708,0.0002549489813090111,0.001152552622795636,0.00015856334687373782,6.641887608793695e-07,2.5142334469204238e-08,0.0006111118639476425,0.00014246298773824416,0.0011943515879414392,4.369320431051596,1.5269994209201279,0.0
64,5936,6.469413537692887,0.0011088513839630737,0.0002537614689818631,0.0011471666380475753,0.00015782236572374755,6.579956561836298e-07,2.490789944284677e-08,0.0006082524525787773,0.00014179639899923688,0.0011887482632038425,4.369322124426172,1.5270001292887607,0.0
64,5940,6.473772980777586,0.0011036866861521522,0.00025257952402305114,0.0011418060204689356,0.0001570848744823346,6.518604891425639e-07,2.4675657600081033e-08,0.0006054065324556237,0.0001411329553524554,0.0011831714797578676,4.369323809176068,1.5270008341072359,0.0
64,5944,6.478132423862284,0.0010985462007488543,0.0002514031200918421,0.0011364706492272862,0.00015635085652588088,6.457827765871116e-07,2.4445590650928582e-08,0.000602574039149303,0.00014047264177817728,0.0011776211100980867,4.3693254853463905,1.527001535393799,0.0
64,5948,6.482491866946983,0.0010934298132049226,0.0002502322309737817,0.0011311604040754463,0.00015562029531128454,6.397619358722295e-07,2.421767653982717e-08,0.0005997549085441987,0.00013981544332970815,0.0011720970273405061,4.369327152981997,1.5270022331665989,0.0
64,5952,6.486851310031682,0.0010883374095217347,0.00024906683058019977,0.0011258751653491,0.00015489317437563182,6.337974411962932e-07,2.3991895362976733e-08,0.0005969490768366599,0.00013916134513307924,0.001166599105227878,4.369328812127506,1.5270029274436896,0.0
64,5956,6.4912107531163805,0.0010832688762465023,0.0002479068929473409,0.0011206148139627768,0.00015416947733564408,6.27888780968533e-07,2.3768227754517737e-08,0.0005941564805328542,0.00013851033238654708,0.0011611272181207151,4.3693304628272935,1.5270036182430298,0.0
64,5960,6.495570196201079,0.0010782241004707626,0.0002467523922360188,0.001115379231408173,0.00015344918788744684,6.220354009656148e-07,2.3546652734769024e-08,0.0005913770564478523,0.00013786239036037997,0.0011556812409960289,4.369332105125499,1.527004305582483,0.0
64,5964,6.499929639285778,0.0010732029698271588,0.00024560330273087986,0.001110168299750708,0.0001527322898060961,6.162368322293332e-07,2.3327152551692695e-08,0.0005886107417037795,0.000137217504396427,0.0011502610494428212,4.369333739066021,1.5270049894798186,0.0
64,5968,6.504289082370477,0.0010682053724867197,0.0002444595988397803,0.0011049819016265906,0.0001520187669451746,6.104925205363543e-07,2.3109706225607588e-08,0.0005858574737282355,0.00013657565990774984,0.0011448665196621389,4.369335364692522,1.5270056699527128,0.0
64,5972,6.508648525455175,0.0010632311971567553,0.0002433212550933048,0.0010998199202405306,0.00015130860323647708,6.048019400850535e-07,2.2894293852713634e-08,0.0005831171902530584,0.00013593684237833443,0.0011394975284605808,4.369336982048431,1.5270063470187478,0.0
64,5976,6.513007968539874,0.001058280333077484,0.00024218824614399438,0.0010946822393621603,0.00015060178268951795,5.991645934955159e-07,2.268089660509185e-08,0.0005803898293124097,0.00013530103736264471,0.0011341539532497126,4.36933859117694,1.527007020695414,0.0
64,5980,6.517367411624573,0.0010533526700199473,0.0002410605467658694,0.0010895687433237354,0.00014989828939121496,5.935800118095358e-07,2.2469496730704324e-08,0.0005776753292415249,0.00013466823048533127,0.0011288356720411115,4.369340192121012,1.5270076910001087,0.0
64,5984,6.5217268547092715,0.0010484480982832394,0.00023993813185379552,0.001084479317017198,0.00014919810750548522,5.880477118580529e-07,2.226007593957262e-08,0.0005749736286751435,0.00013403840744086526,0.0011235425634449705,4.3693417849233755,1.5270083579501383,0.0
64,5988,6.52608629779397,0.0010435665086920621,0.000238820976422924,0.0010794138458915018,0.00014850122127287708,5.825671252068787e-07,2.2052612714075034e-08,0.0005722846665460598,0.00013341155399320076,0.0011182745066654121,4.36934336962653,1.527009021562718,0.0
64,5992,6.530445740878669,0.0010387077925939497,0.00023770905560805683,0.0010743722159496528,0.00014780761501016315,5.771378113195169e-07,2.184709037805475e-08,0.0005696083820835361,0.00013278765597540473,0.0011130313814974632,4.369344946272748,1.5270096818549717,0.0
64,5996,6.534805183963368,0.00103387184185678,0.00023660234466307687,0.0010693543137460474,0.00014711727310997395,5.717593296594714e-07,2.1643492255354952e-08,0.0005669447148118743,0.00013216669928932403,0.0011078130683285054,4.36934651490407,1.5270103388439336,0.0
64,6000,6.539164627048066,0.0010290585488664885,0.00023550081896042495,0.0010643600263839728,0.00014643018004045414,5.66431140214263e-07,2.1441797904235024e-08,0.0005642936045490617,0.00013154866990526981,0.0011026194481279243,4.369348075562313,1.5270109925465485,0.0
64,6004,6.543524070132765,0.0010242678065242507,0.00023440445399045494,0.0010593892415126005,0.00014574632034484883,5.611527740256861e-07,2.1241989572657064e-08,0.0005616549914051591,0.00013093355386164154,0.0010974504024508648,4.369349628289071,1.5270116429796712,0.0
64,6008,6.547883513217464,0.0010194995082439052,0.00023331322536084405,0.0010544418473242055,0.000145065678641121,5.559238047680992e-07,2.1044051122404797e-08,0.0005590288157808029,0.00013032133726457808,0.0010923058134295126,4.369351173125711,1.5270122901600682,0.0
64,6012,6.5522429563021625,0.0010147535479495809,0.00023222710879604978,0.001049517732551635,0.00014438823962160334,5.507437350615874e-07,2.0847963725559238e-08,0.0005564150183658464,0.00012971200628764074,0.0010871855637756417,4.369352710113378,1.527012934104418,0.0
64,6016,6.556602399386861,0.0010100298200734533,0.00023114608013679656,0.0010446167864658683,0.00014371398805266243,5.456121101587996e-07,2.0653710168023025e-08,0.0005538135401380432,0.00012910554717150653,0.0010820895367734573,4.369354239292997,1.5270135748293108,0.0
64,6020,6.56096184247156,0.001005328219552905,0.00023007011533942567,0.0010397388988729799,0.00014304290877428105,5.405284895232398e-07,2.046127377363934e-08,0.0005512243223614156,0.00012850194622358752,0.0010770176162787038,4.369355760705272,1.5270142123512496,0.0
64,6024,6.565321285556259,0.0010006486418282102,0.00022899919047536573,0.001034883960111645,0.00014237498669971492,5.354924041967024e-07,2.0270636790370284e-08,0.000548647306584912,0.0001279011898177182,0.001071969686716363,4.369357274390688,1.5270148466866504,0.0
64,6028,6.569680728640957,0.0009959909828399494,0.00022793328173054063,0.0010300518610503668,0.00014171020681511126,5.305034136426912e-07,2.0081782542059036e-08,0.0005460824346409164,0.0001273032643938077,0.001066945633076046,4.369358780389513,1.5270154778518434,0.0
64,6032,6.574040171725656,0.0009913551390266164,0.00022687236540482224,0.0010252424930848973,0.00014104855417915402,5.255610773247099e-07,1.9894694352548783e-08,0.0005435296486438608,0.0001267081564575166,0.0010619453409098885,4.3693602787418,1.527016105863073,0.0
64,6036,6.578399614810355,0.0009867410073226331,0.00022581641791157586,0.0010204557481361062,0.00014039001392277055,5.206649689171172e-07,1.9709356083623247e-08,0.0005409888909890774,0.0001261158525799891,0.0010569686963291863,4.369361769487383,1.527016730736497,0.0
64,6040,6.5827590578950534,0.0009821484851550931,0.0002247654157769151,0.0010156915186464804,0.00013973457124865016,5.158146336725622e-07,1.9525750521185072e-08,0.0005384601043509183,0.00012552633939741476,0.0010520155860041264,4.3693632526658845,1.5270173524881896,0.0
64,6044,6.587118500979752,0.0009775774704421265,0.00022371933563932768,0.0010109496975783717,0.000139082211431003,5.110096452654034e-07,1.934386152701798e-08,0.000535943231681812,0.0001249396036108087,0.001047085897157146,4.369364728316715,1.5270179711341396,0.0
64,6048,6.591477944064451,0.0009730278615899377,0.0002226781542489974,0.0010062301784108153,0.0001384329198151223,5.06249591580854e-07,1.916367350084624e-08,0.0005334382162105529,0.00012435563198561267,0.00104217951756224,4.369366196479073,1.5270185866902524,0.0
64,6052,6.59583738714915,0.0009684995574907278,0.00022164184846732885,0.0010015328551372963,0.00013778668181707723,5.01534032082418e-07,1.8985169766513034e-08,0.0005309450014411009,0.0001237744113514152,0.0010372963355428475,4.369367657191945,1.5270191991723492,0.0
64,6056,6.600196830233848,0.0009639924575204868,0.00022061039526644204,0.000996857622263365,0.0001371434829233846,4.968625546553085e-07,1.880833472374263e-08,0.0005284635311512951,0.0001231959286016519,0.0010324362399670196,4.369369110494109,1.5270198085961684,0.0
64,6060,6.604556273318547,0.0009595064615363599,0.00021958377172856972,0.0009922043748038269,0.00013650330869062255,4.922347613955935e-07,1.863315331019984e-08,0.0005259937493913477,0.00012262017069325414,0.001027599120247498,4.369370556424133,1.5270204149773652,0.0
64,6064,6.608915716403246,0.000955041469874133,0.00021856195504548194,0.0009875730082800447,0.00013586614474505918,4.876502401884864e-07,1.845960992560893e-08,0.0005235356004823918,0.00012204712464631083,0.0010227848663355436,4.369371995020384,1.5270210183315132,0.0
64,6068,6.613275159487944,0.0009505973833462798,0.00021754492251803903,0.0009829634187178183,0.0001352319767823609,4.831085504974908e-07,1.8287687893813082e-08,0.0005210890290153397,0.00012147677754380187,0.001017993368721035,4.369373426321018,1.5270216186741041,0.0
64,6072,6.617634602572643,0.0009461741032395336,0.00021653265155563604,0.0009783755026448071,0.0001346007905672379,4.786093086295296e-07,1.8117372690417653e-08,0.0005186539798495005,0.0001209091165312762,0.0010132245184284966,4.369374850363988,1.5270222160205478,0.0
64,6076,6.621994045657342,0.0009417715313126343,0.00021552511967568713,0.0009738091570880847,0.00013397257193310764,4.741521308915253e-07,1.794864979102799e-08,0.0005162303981112605,0.000120344128816544,0.00100847820701407,4.36937626718704,1.5270228103861736,0.0
64,6080,6.6263534887420406,0.0009373895697937036,0.00021452230450302474,0.0009692642795713444,0.00013334730678171044,4.6973661937954603e-07,1.7781504133308908e-08,0.0005138182291925867,0.00011978180166932788,0.0010037543265643259,4.369377676827725,1.52702340178623,0.0
64,6084,6.630712931826739,0.0009330281213783804,0.00021352418376947304,0.0009647407681128751,0.00013272498108283102,4.653623761896597e-07,1.7615920654925214e-08,0.0005114174187499323,0.00011922212242100777,0.0009990527696923297,4.3693790793233855,1.527023990235886,0.0
64,6088,6.635072374911438,0.0009286870892271951,0.00021253073531324695,0.0009602385212227676,0.00013210558087391414,4.61029017628789e-07,1.7451884831482265e-08,0.0005090279127027409,0.00011866507846427212,0.0009943734295346817,4.369380474711169,1.5270245757502299,0.0
64,6092,6.639431817996137,0.0009243663769636416,0.00021154193707851096,0.0009557574379008299,0.00013148909225977777,4.567361315821472e-07,1.7289381062704323e-08,0.0005066496572323224,0.00011811065725285595,0.0009897161997514782,4.3693818630280195,1.5270251583442724,0.0
64,6096,6.643791261080835,0.0009200658886716428,0.00021055776711479895,0.0009512974176338688,0.00013087550141223912,4.5248339120007586e-07,1.7128396975958916e-08,0.0005042825987803916,0.00011755884630120011,0.0009850809745192081,4.369383244310688,1.5270257380329442,0.0
64,6100,6.648150704165534,0.0009157855288933768,0.00020957820357651706,0.0009468583603933762,0.0001302647945697964,4.482703701569335e-07,1.6968916433029766e-08,0.0005019266840478285,0.00011700963318416228,0.0009804676485317357,4.369384618595723,1.5270263148310976,0.0
64,6104,6.652510147250233,0.0009115252026272228,0.00020860322472247318,0.0009424401666332972,0.00012965695803732164,4.4409674160306167e-07,1.6810927061284396e-08,0.000499581859993473,0.000116463005536736,0.0009758761169971476,4.369385985919484,1.5270268887535077,0.0
64,6108,6.6568695903349315,0.0009072848153251802,0.00020763280891528672,0.0009380427372872794,0.00012905197818568237,4.3996207921281894e-07,1.6654412722506535e-08,0.00049724807383265,0.00011591895105370687,0.00097130627563516,4.369387346318129,1.5270274598148719,0.0
64,6112,6.66122903341963,0.0009030642728912193,0.00020666693462101078,0.0009336659737668959,0.000128449841451497,4.3586608455825626e-07,1.6499362119944786e-08,0.0004949252730362126,0.0001153774574894294,0.0009667580206726105,4.369388699827627,1.5270280280298099,0.0
64,6116,6.665588476504329,0.0008988634816784056,0.0002057055804084744,0.0009293097779585855,0.0001278505343367142,4.318083313137322e-07,1.6345759115382877e-08,0.0004926134053289024,0.00011483851265744495,0.000962231248842044,4.369390046483754,1.5270285934128656,0.0
64,6120,6.669947919589028,0.0008946823484873774,0.00020474872494893388,0.000924974052221979,0.00012725404340838213,4.27788506840443e-07,1.619359187412887e-08,0.0004903124186884421,0.00011430210443026996,0.0009577258573818458,4.369391386322091,1.527029155978506,0.0
64,6124,6.674307362673726,0.0008905207805634635,0.0002037963470154133,0.0009206586993868568,0.0001266603552982303,4.238062416561661e-07,1.6042846409728667e-08,0.00048802226134390936,0.00011376822073901704,0.0009532417440295137,4.369392719378033,1.5270297157411226,0.0
64,6128,6.678666805758425,0.0008863786855953053,0.00020284842548238917,0.0009163636227516088,0.0001260694567024576,4.1986113785696944e-07,1.589350765984707e-08,0.0004857428817748977,0.0001132368495731993,0.0009487788070218967,4.369394045686784,1.5270302727150311,0.0
64,6132,6.683026248843124,0.000882255971712127,0.0002019049393251657,0.0009120887260803875,0.00012548133438134042,4.1595292543661344e-07,1.5745565403613778e-08,0.00048347422871000163,0.00011270797898037718,0.0009443369450905833,4.36939536528336,1.5270308269144728,0.0
64,6136,6.6873856919278225,0.0008781525474817843,0.00020096586761942823,0.0009078339136009623,0.00012489597515893776,4.120812207020208e-07,1.5599005116634142e-08,0.00048121625112565333,0.00011218159706588729,0.0009399160574620857,4.3693966782025875,1.5270313783536134,0.0
64,6140,6.691745135012521,0.0008740683219085495,0.00020003118954073644,0.0009035990900023528,0.0001243133659227654,4.0824566838182363e-07,1.5453813350394598e-08,0.0004789688982448521,0.00011165769199254622,0.0009355160438534,4.369397984479111,1.5270319270465453,0.0
64,6144,6.69610457809722,0.0008700032044313144,0.0001991008843641129,0.0008993841604329015,0.0001237334936235309,4.044459416263635e-07,1.530997773226267e-08,0.0004767321195361286,0.00011113625198040902,0.0009311368044687941,4.369399284147386,1.5270324730072866,0.0
64,6148,6.700464021181919,0.0008659571049208748,0.0001981749314634218,0.0008951890304974015,0.00012315634527473827,4.006817135859819e-07,1.5167485889605884e-08,0.0004745058647120094,0.00011061726530641136,0.000926778240000714,4.369400577241686,1.527033016249782,0.0
64,6152,6.704823464266617,0.0008619299336784567,0.00019725331031103158,0.0008910136062554722,0.00012258190795246476,3.9695262898931105e-07,1.502632437391067e-08,0.00047229008372813493,0.0001101007203041638,0.0009224402516246533,4.3694018637961,1.5270335567879032,0.0
64,6156,6.709182907351316,0.0008579216014331142,0.0001963360004772195,0.0008868577942187909,0.00012201016879497971,3.932583609866924e-07,1.4886480812544557e-08,0.0004700847267817757,0.00010958660536360598,0.0009181227409956566,4.369403143844538,1.5270340946354493,0.0
64,6160,6.713542350436015,0.0008539320193401561,0.00019542298162981143,0.0008827215013493968,0.00012144111500251145,3.8959862536103174e-07,1.4747944446696694e-08,0.00046788974431092033,0.00010907490893079393,0.0009138256102502344,4.369404417420724,1.527034629806147,0.0
64,6164,6.7179017935207135,0.0008499610989787015,0.00019451423353362269,0.0008786046350570951,0.00012087473383689001,3.859730526301064e-07,1.4610701289912976e-08,0.00046570508699288394,0.00010856561950757575,0.0009095487619999572,4.369405684558207,1.5270351623136513,0.0
64,6168,6.722261236605412,0.0008460087523496602,0.00019360973604999558,0.0008745071031972844,0.00012031101262124835,3.8238133015511266e-07,1.4474739507501466e-08,0.00046353070574313985,0.00010805872565131917,0.0009052920993287617,4.3694069452903515,1.5270356921715458,0.0
64,6172,6.726620679690111,0.0008420748918740162,0.00019270946913640678,0.0008704288140690903,0.00011974993873976544,3.788231595081015e-07,1.4340047802710775e-08,0.00046136655171431177,0.0001075542159746767,0.0009010555257957658,4.3694081996503495,1.5270362193933424,0.0
64,6176,6.73098012277481,0.000838159430390054,0.00019181341284583246,0.0008663696764124529,0.00011919149963726577,3.7529822805026924e-07,1.4206614340848968e-08,0.0004592125762946204,0.00010705207914522338,0.0008968389454268404,4.36940944767121,1.527036743992483,0.0
64,6180,6.735339565859508,0.0008342622811522102,0.00019092154732648552,0.000862329599406868,0.00011863568281904595,3.7180618051024794e-07,1.407442567340248e-08,0.00045706873110720053,0.00010655230388529772,0.0008926422627160652,4.369410689385773,1.5270372659823388,0.0
64,6184,6.739699008944207,0.000830383357828612,0.00019003385282125227,0.0008583084926687054,0.00011808247585050596,3.683467326709433e-07,1.3943471041560463e-08,0.00045493496800865375,0.00010605487897166418,0.0008884653826203314,4.369411924826696,1.5270377853762112,0.0
64,6188,6.744058452028906,0.0008265225744988044,0.00018915030966717232,0.0008543062662488717,0.00011753186635682745,3.6491958610440633e-07,1.3813739148571526e-08,0.00045281123908780995,0.00010555979323522453,0.0008843082105616808,4.369413154026466,1.5270383021873322,0.0
64,6192,6.7484178951136045,0.0008226798456524944,0.00018827089829515108,0.0008503228306313923,0.00011698384202277881,3.61524442382688e-07,1.3685218697684275e-08,0.00045069749666495234,0.00010506703556083717,0.0008801706524197582,4.369414377017398,1.527038816428864,0.0
64,6196,6.752777338198303,0.0008188550861867474,0.00018739559922931832,0.0008463580967304404,0.00011643839059230631,3.58161017288694e-07,1.355789893008786e-08,0.00044859369329022715,0.00010457659488694635,0.0008760526145321858,4.369415593831631,1.5270393281139005,0.0
64,6200,6.757136781283002,0.0008150482114046447,0.0001865243930867208,0.0008424119758888936,0.00011589549986833561,3.5482896976191114e-07,1.3431766935209261e-08,0.0004464997817428677,0.00010408846020540139,0.000871954003693793,4.369416804501136,1.5270398372554668,0.0
64,6204,6.761496224367701,0.0008112591370128784,0.00018565726057677195,0.0008384843798757559,0.00011535515771241697,3.5152802979609987e-07,1.3306812492178173e-08,0.00044441571502980835,0.00010360262056113342,0.0008678747271500717,4.369418009057712,1.5270403438665199,0.0
64,6208,6.765855667452399,0.0008074877791201616,0.00018479418250088794,0.0008345752208844747,0.0001148173520444939,3.4825789896331116e-07,1.3183024304243202e-08,0.00044234144638478527,0.00010311906505194587,0.0008638146925994614,4.36941920753299,1.5270408479599498,0.0
64,6212,6.770215110537098,0.0008037340542349495,0.0001839351397519663,0.000830684411530487,0.00011428207084256536,3.450183072573054e-07,1.306039215053404e-08,0.0004402769292670147,0.00010263778282820632,0.0008597738081871029,4.369420399958428,1.527041349548578,0.0
64,6216,6.774574553621797,0.0007999978792635613,0.000183080113313956,0.0008268118648492246,0.0001137493021424115,3.418089420392789e-07,1.2938904196358754e-08,0.00043822211736012514,0.00010215876309259751,0.0008557519825060263,4.3694215863653225,1.5270418486451598,0.0
64,6220,6.778933996706495,0.0007962791715086766,0.00018222908426151338,0.0008229574942944741,0.00011321903403736794,3.3862953330299206e-07,1.2818550220847035e-08,0.00043617696457127114,0.00010168199509991082,0.0008517491245934569,4.369422766784799,1.5270423452623831,0.0
64,6224,6.783293439791194,0.0007925778486667762,0.0001813820337594165,0.0008191212137356868,0.00011269125467795571,3.354797826204958e-07,1.2699318927247492e-08,0.0004341414250296967,0.00010120746815671131,0.0008477651439268846,4.369423941247821,1.5270428394128703,0.0
64,6228,6.787652882875893,0.0007888938288266628,0.0001805389430622265,0.0008153029374563647,0.00011216595227165919,3.3235943419640535e-07,1.258120063263036e-08,0.0004321154530858637,0.00010073517162113458,0.0008437999504253198,4.3694251097851815,1.5270433311091773,0.0
64,6232,6.792012325960592,0.0007852270304672985,0.0001796997935137929,0.0008115025801517662,0.00011164311508261048,3.292682038136263e-07,1.246418457818479e-08,0.00043009900331022365,0.00010026509490260044,0.0008398534544442593,4.369426272427516,1.5270438203637948,0.0
64,6236,6.79637176904529,0.0007815773724562595,0.00017886456654689982,0.0008077200569272285,0.00011112273143135858,3.262058498876286e-07,1.2348261618921558e-08,0.000428092030492311,9.97972274616015e-05,0.0008359255667747181,4.369427429205292,1.5270443071891482,0.0
64,6240,6.800731212129989,0.0007779447740472775,0.0001780332436827033,0.0008039552832955771,0.00011060478969451304,3.231720455687537e-07,1.2233419382208186e-08,0.00042609448963936114,9.933155880938103e-05,0.0008320161986411075,4.369428580148818,1.527044791597598,0.0
64,6244,6.805090655214688,0.0007743291548790755,0.000177205806530465,0.0008002081751758369,0.00011008927830456663,3.2016654927247146e-07,1.2119648723055455e-08,0.00042410633597560914,9.886807850776947e-05,0.0008281252616984278,4.369429725288239,1.52704527360144,0.0
64,6248,6.809450098299386,0.0007707304349730914,0.00017638223678703108,0.00079647864889084,0.00010957618574956618,3.171891336251065e-07,1.2006941034414683e-08,0.00042212752494101373,9.840677616888702e-05,0.0008242526680316472,4.369430864653541,1.5270457532129058,0.0
64,6252,6.813809541384085,0.0007671485347315653,0.00017556251623639468,0.0007927666211651706,0.0001090655005728299,3.142394575661456e-07,1.189528340571285e-08,0.0004201580121901521,9.794764145488586e-05,0.0008203983301514643,4.3694319982745515,1.5270462304441637,0.0
64,6256,6.818168984468784,0.0007635833749359596,0.00017474662674933416,0.0007890720091234627,0.00010855721137271318,3.1131732214362273e-07,1.1784668305782361e-08,0.0004181977535913038,9.749066407773672e-05,0.0008165621609926262,4.369433126180937,1.5270467053073173,0.0
64,6260,6.8225284275534825,0.0007600348767447519,0.00017393455028290813,0.0007853947302880515,0.00010805130680228547,3.0842244314044365e-07,1.1675084975812368e-08,0.0004162467052251915,9.703583379893527e-05,0.0008127440739137807,4.369434248402206,1.5270471778144086,0.0
64,6264,6.826887870638181,0.0007565029616920981,0.00017312626888014944,0.0007817347025775551,0.00010754777556913514,3.0555456476122345e-07,1.1566523732873104e-08,0.00041430482338422186,9.658314042932516e-05,0.0008089439826934561,4.369435364967713,1.5270476479774153,0.0
64,6268,6.83124731372288,0.0007529875516856481,0.00017232176466956534,0.0007780918443045141,0.00010704660643504478,3.027134596322867e-07,1.145897596991589e-08,0.00041237206457121365,9.613257382880149e-05,0.0008051618015270322,4.369436475906657,1.5270481158082538,0.0
64,6272,6.835606756807579,0.0007494885690050172,0.00017152101986478766,0.0007744660741737717,0.00010654778821576831,2.998988577473938e-07,1.135243146607042e-08,0.000410448385498531,9.56841239061088e-05,0.0008013974450290552,4.369437581248076,1.5270485813187775,0.0
64,6276,6.839966199892277,0.0007460059362995069,0.0001707240167640511,0.0007708573112800778,0.00010605130978070138,2.9711050331115985e-07,1.1246880538406929e-08,0.0004085337430868049,9.5237780618543e-05,0.0007976508282255485,4.369438681020859,1.527049044520778,0.0
64,6280,6.844325642976976,0.000742539576586803,0.0001699307377498955,0.0007672654751066276,0.00010555716005268032,2.9434815473905473e-07,1.1142314041936192e-08,0.00040662809446413543,9.479353397176538e-05,0.0007939218665556166,4.369439775253741,1.5270495054259867,0.0
64,6284,6.848685086061675,0.000739089413250945,0.00016914116528870098,0.0007636904855229645,0.00010506532800769361,2.91611584657403e-07,1.1038723369609531e-08,0.00040473139696497974,9.43513740195434e-05,0.0007902104758680265,4.369440863975304,1.5270499640460722,0.0
64,6288,6.8530445291463735,0.0007356553700407108,0.00016835528193031828,0.0007601322627831988,0.00010457580267463683,2.8890050884911034e-07,1.0936097762616096e-08,0.0004028436081291861,9.391129086352549e-05,0.000786516572420252,4.369441947213976,1.5270504203926432,0.0
64,6292,6.857403972231072,0.0007322373710677525,0.00016757307030764216,0.0007565907275240443,0.00010408857313504257,2.8621475678392017e-07,1.0834430765669379e-08,0.00040096468570094467,9.347327465299648e-05,0.0007828400728753902,4.369443024998038,1.5270508744772473,0.0
64,6296,6.861763415315771,0.000728835340804788,0.00016679451313619763,0.0007530658007628837,0.00010360362852281419,2.835540584555929e-07,1.0733712157899069e-08,0.0003990945876277492,9.303731558463549e-05,0.0007791808942997021,4.369444097355617,1.5270513263113723,0.0
64,6300,6.86612285840047,0.0007254492040841609,0.0001660195932138103,0.0007495574038962281,0.00010312095802401399,2.8091815806874365e-07,1.0633932256375404e-08,0.0003972332720595702,9.260340390232326e-05,0.0007755389541626018,4.369445164314692,1.5270517759064464,0.0
64,6304,6.870482301485168,0.0007220788860954585,0.0001652482934200612,0.0007460654586971936,0.00010264055087651599,2.783068424605517e-07,1.0535082991990246e-08,0.0003953806973475041,9.217152989682715e-05,0.0007719141703325332,4.369446225903096,1.5270522232738373,0.0
64,6308,6.874841744569867,0.0007187243123843585,0.00016448059671602297,0.0007425898873142485,0.00010216239636983359,2.757198558356322e-07,1.043715468181383e-08,0.00039353682204309727,9.174168390564367e-05,0.0007683064610760397,4.369447282148512,1.5270526684248549,0.0
64,6312,6.879201187654566,0.0007153854088510432,0.0001637164861438969,0.0007391306122695202,0.00010168648384488662,2.731570134528738e-07,1.0340140332619103e-08,0.00039170160489743726,9.131385631278649e-05,0.0007647157450565277,4.369448333078475,1.5270531113707488,0.0
64,6316,6.8835606307392645,0.0007120621017477875,0.00016295594482646086,0.0007356875564562382,0.00010121280269364962,2.706181163603105e-07,1.0244032413238473e-08,0.0003898750048597847,9.088803754846765e-05,0.0007611419413288847,4.369449378720377,1.5270535521227109,0.0
64,6320,6.887920073823963,0.0007087543176777897,0.00016219895596680193,0.000732260643137472,0.0001007413423589781,2.681028234974292e-07,1.0148818013098915e-08,0.0003880569810768932,9.046421808893888e-05,0.0007575849693436092,4.369450419101464,1.5270539906918743,0.0
64,6324,6.892279516908662,0.0007054619835933513,0.0001614455028478996,0.0007288497959442106,0.00010027209233434445,2.6561099275568267e-07,1.005449175279501e-08,0.0003862474928919835,9.004238845625256e-05,0.0007540447489388977,4.369451454248836,1.5270544270893147,0.0
64,6328,6.896638959993361,0.0007021850267940645,0.00016069556883221116,0.0007254549388733966,9.980504216356741e-05,2.631424109722502e-07,9.961045563218615e-09,0.0003844464998436823,8.962253921801428e-05,0.0007505212003412321,4.369452484189449,1.52705486132605,0.0
64,6332,6.900998403078059,0.000698923374925618,0.0001599491373613983,0.0007220759962866689,9.934018144063905e-05,2.606968791951658e-07,9.86847191320214e-09,0.00038265396166535086,8.920466098722632e-05,0.0007470142441644343,4.369453508950119,1.5270552934130397,0.0
64,6336,6.905357846162758,0.0006956769559772391,0.00015920619195574184,0.0007187128929076486,9.88774998093515e-05,2.582741132073352e-07,9.776760043934732e-09,0.00038086983828363304,8.878874442194925e-05,0.0007435238014042485,4.369454528557519,1.5270557233611879,0.0
64,6340,6.909717289247457,0.0006924456982810146,0.00015846671621398616,0.0007153655538211985,9.841698696319494e-05,2.558739424785017e-07,9.685903500129884e-09,0.000379094089818054,8.837478022520822e-05,0.0007400497934425413,4.369455543038178,1.527056151181341,0.0
64,6344,6.9140767323321555,0.0006892295305094965,0.0001577306938127915,0.0007120339044708693,9.795863264500641e-05,2.5349613963498996e-07,9.595893674738913e-09,0.00037732667657965036,8.796275914467381e-05,0.0007365921420389186,4.369456552418487,1.527056576884289,0.0
64,6348,6.918436175416854,0.0006860283816741849,0.00015699810850638643,0.000708717870657289,9.750242664674804e-05,2.5114050572483393e-07,9.506723036594225e-09,0.00037556755907010856,8.7552671972461e-05,0.0007331507693315874,4.369457556724699,1.5270570004807662,0.0
64,6352,6.922795618501553,0.0006828421811244875,0.0001562689441263301,0.0007054173785370553,9.704835880935486e-05,2.488068417960676e-07,9.418384054528228e-09,0.00037381669798117065,8.714450954499077e-05,0.0007297255978370141,4.3694585559829235,1.5270574219814506,0.0
64,6356,6.927155061586252,0.0006796708585452514,0.00015554318458094716,0.0007021323546200966,9.65964190223716e-05,2.4649493468587025e-07,9.33086865943278e-09,0.0003720740541932172,8.673826274265964e-05,0.0007263165504451917,4.369459550219134,1.5270578413969647,0.0
64,6360,6.93151450467095,0.000676514343955731,0.00015482081385509157,0.0006988627257685736,9.614659722380167e-05,2.4420457123142114e-07,9.244168782199749e-09,0.0003703395887746795,8.633392248970275e-05,0.0007229235504197773,4.369460539459168,1.5270582587378763,0.0
64,6364,6.935873947755649,0.0006733725677076665,0.00015410181600970696,0.0006956084191948419,9.56988833998268e-05,2.4193553826989955e-07,9.158276353720992e-09,0.00036861326298094844,8.593147975393942e-05,0.0007195465213952708,4.369461523728725,1.5270586740146976,0.0
64,6368,6.940233390840348,0.0006702454604838912,0.0001533861751815079,0.0006923693624599521,9.525326758460071e-05,2.396876652710489e-07,9.073184918710004e-09,0.0003668950382535673,8.553092554658497e-05,0.0007161853873758198,4.3694625030533665,1.5270590872378864,0.0
64,6372,6.9445928339250464,0.0006671329532966145,0.00015267387558258686,0.0006891454834718231,9.48097398599978e-05,2.3746073907204845e-07,8.988886408058644e-09,0.000365184876219253,8.51322509220226e-05,0.0007128400727335396,4.369463477458522,1.527059498417846,0.0
64,6376,6.948952277009745,0.0006640349774856541,0.00015196490150000974,0.0006859367104833713,9.436829035535582e-05,2.3525460335349635e-07,8.905374904420946e-09,0.00036348273868889547,8.473544697757014e-05,0.0007095105022046335,4.369464446969485,1.5270599075649263,0.0
64,6380,6.953311720094444,0.0006609514647174925,0.00015125923729559991,0.0006827429720914866,9.392890924733488e-05,2.3306897389829828e-07,8.822639648986061e-09,0.00036178858765700497,8.434050485335108e-05,0.0007061966008900079,4.369465411611417,1.5270603146894226,0.0
64,6384,6.957671163179143,0.0006578823469826421,0.0001505568674053353,0.0006795641972342572,9.349158675953576e-05,2.3090375123047124e-07,8.74067687617019e-09,0.0003601023853002302,8.394741573194927e-05,0.000702898294253882,4.3694663714093425,1.527060719801577,0.0
64,6388,6.962030606263841,0.0006548275565952273,0.00014985777633925258,0.0006764003151904936,9.305631316243439e-05,2.2875867955463036e-07,8.659476903043571e-09,0.00035842409397709757,8.355617083834804e-05,0.000699615508118937,4.369467326388158,1.5270611229115787,0.0
64,6392,6.96639004934854,0.0006517870261907565,0.00014916194868093744,0.000673251255577352,9.262307877305485e-05,2.266336309730832e-07,8.579034888141319e-09,0.00035675367622673587,8.316676143963293e-05,0.0006963481686662946,4.369468276572625,1.527061524029563,0.0
64,6396,6.970749492433239,0.0006487606887245952,0.0001484693690871751,0.0006701169483487305,9.219187395474879e-05,2.245283639012996e-07,8.499341686474211e-09,0.00035509109476802083,8.277917884479224e-05,0.0006930962024350892,4.3694692219873765,1.5270619231656137,0.0
64,6400,6.975108935517937,0.0006457484774704957,0.00014778002228761386,0.0006669973237936997,9.176268911697944e-05,2.2244270780902298e-07,8.420390842755739e-09,0.0003534363124987337,8.239341440452093e-05,0.0006898595363185994,4.369470162656915,1.5270623203297617,0.0
64,6404,6.979468378602636,0.0006427503260193709,0.00014709389308448445,0.0006638923125351718,9.13355147151386e-05,2.2037652058770618e-07,8.342176977580479e-09,0.0003517892924948426,8.200945951105305e-05,0.0006866380975639005,4.369471098605613,1.5270627155319862,0.0
64,6408,6.983827821687335,0.0006397661682772549,0.0001464109663521333,0.0006608018455277706,9.091034125025351e-05,2.1832954644196434e-07,8.264690408018665e-09,0.00035014999800936836,8.162730559789731e-05,0.0006834318137682377,4.369472029857714,1.5270631087822142,0.0
64,6412,6.988187264772034,0.0006367959384639717,0.0001457312270367179,0.0006577258540563823,9.048715926878761e-05,2.163016432632503e-07,8.187925754664869e-09,0.0003485183924716026,8.124694413965489e-05,0.000680240612879418,4.369472956437335,1.527063500090321,0.0
64,6416,6.992546707856732,0.0006338395711120642,0.00014505466015596173,0.0006546642697350192,9.0065959362484e-05,2.142926547321622e-07,8.11187710017313e-09,0.0003468944394864982,8.086836665187723e-05,0.000677064423193847,4.3694738783684635,1.527063889466131,0.0
64,6420,6.996906150941431,0.000630897001064546,0.00014438125079863965,0.0006516170245044463,8.964673216803914e-05,2.1230235347502457e-07,8.036535837494762e-09,0.00034527810283340176,8.049156469077068e-05,0.0006739031733532983,4.369474795674962,1.5270642769194172,0.0
64,6424,7.00126559402613,0.0006279681634739029,0.0001437109841243496,0.0006485840506310996,8.922946836695391e-05,2.1033064001585444e-07,7.961898201045971e-09,0.0003436693464654703,8.011652985306038e-05,0.0006707567923436449,4.369475708380566,1.5270646624599027,0.0
64,6428,7.005625037110828,0.0006250529938005026,0.0001430438453631483,0.0006455652807053813,8.881415868529911e-05,2.0837727277012164e-07,7.887955045837535e-09,0.00034206813450875467,7.974325377577668e-05,0.0006676252094949682,4.369476616508888,1.5270650460972595,0.0
64,6432,7.009984480195527,0.0006221514278108249,0.0001423798198151467,0.0006425606476398259,8.84007938934631e-05,2.064420954184243e-07,7.814700454523484e-09,0.0003404744312612264,7.937172813602822e-05,0.0006645083544766128,4.369477520083412,1.5270654278411098,0.0
64,6436,7.014343923280226,0.000619263401576664,0.000141718892850327,0.0006395700846681825,8.798936480602565e-05,2.0452495164136053e-07,7.742128509757853e-09,0.00033888820119227283,7.900194465088429e-05,0.0006614061573002981,4.369478419127502,1.5270658077010253,0.0
64,6440,7.0187033663649245,0.0006163888514726818,0.00014106104990798302,0.0006365935253428837,8.757986228140964e-05,2.0262567090867378e-07,7.670232756254131e-09,0.00033730940894135484,7.863389507706184e-05,0.000658318548311119,4.369479313664396,1.5270661856865289,0.0
64,6444,7.023062809449623,0.0006135277141760051,0.00014040627649662777,0.0006336309035345525,8.717227722181325e-05,2.0074406847925275e-07,7.599006200785267e-09,0.00033573801931772925,7.82675712108609e-05,0.0006552454581949193,4.369480203717212,1.5270665618070933,0.0
64,6448,7.027422252534322,0.0006106799266639668,0.00013975455819347678,0.000630682153429645,8.676660057288568e-05,1.9887997382284084e-07,7.52844238806475e-09,0.0003341739972991954,7.790296488787216e-05,0.0006521868179689011,4.369481089308944,1.5270669360721427,0.0
64,6452,7.031781695619021,0.0006078454262131912,0.00013910588064423857,0.0006277472095294544,8.636282332359006e-05,1.9703330167430977e-07,7.458538090449324e-09,0.0003326173080315566,7.754006798285171e-05,0.0006491425589851545,4.369481970462465,1.5270673084910522,0.0
64,6456,7.036141138703719,0.0006050241503975719,0.00013846022956265195,0.0006248260066479634,8.596093650590803e-05,1.9520376781656523e-07,7.389282549128141e-09,0.0003310679168274697,7.717887240945258e-05,0.0006461126129246567,4.369482847200528,1.5270676790731483,0.0
64,6460,7.040500581788418,0.0006022160370874379,0.00013781759073029526,0.0006219184799109696,8.556093119471942e-05,1.9339130119533365e-07,7.320673074398488e-09,0.0003295257891659796,7.681937012011641e-05,0.0006430969117999689,4.369483719545767,1.5270680478277092,0.0
64,6464,7.044860024873117,0.0005994210244478265,0.00013717794999619103,0.0006190245647542266,8.516279850754651e-05,1.9159571706950373e-07,7.2527026730333115e-09,0.000327990890691518,7.646155310583995e-05,0.0006400953879500476,4.369484587520696,1.5270684147639648,0.0
64,6468,7.0492194679578155,0.0005966390509369179,0.00013654129327644768,0.0006161441969218002,8.476652960432788e-05,1.898168449088189e-07,7.185364889746104e-09,0.00032646318721302767,7.610541339597092e-05,0.0006371079740408542,4.369485451147709,1.5270687798910978,0.0
64,6472,7.053578911042514,0.000593870055305244,0.00013590760655407864,0.0006132773124652264,8.437211568730255e-05,1.8805454260473198e-07,7.118654345131438e-09,0.0003249426447035108,7.575094305810272e-05,0.0006341346030625991,4.3694863104490835,1.5270691432182428,0.0
64,6476,7.057938354127213,0.0005911139765932728,0.0001352768758784494,0.0006104238477409205,8.397954800065358e-05,1.863086396269864e-07,7.052564583902805e-09,0.00032342922929863604,7.539813419774975e-05,0.0006311752083294334,4.369487165446981,1.5270695047544876,0.0
64,6480,7.062297797211912,0.0005883707541311863,0.00013464908736522668,0.0006075837394099486,8.358881783047657e-05,1.8457900807788974e-07,6.987090764595323e-09,0.00032192290729661835,7.504697895831936e-05,0.0006282297234765403,4.369488016163443,1.527069864508872,0.0
64,6484,7.06665724029661,0.0005856403275365285,0.0001340242271958403,0.0006047569244355693,8.319991650444155e-05,1.828654774271854e-07,6.922226431922482e-09,0.00032042364515690963,7.469746952080656e-05,0.0006252980824582972,4.369488862620397,1.5270702224903898,0.0
64,6488,7.071016683381309,0.000582922636713349,0.00013340228161728697,0.0006019433400822611,8.281283539165904e-05,1.811678771446168e-07,6.857965130597771e-09,0.0003189314094996661,7.434959810366996e-05,0.0006223802195478715,4.369489704839657,1.5270705787079877,0.0
64,6492,7.075376126466008,0.0005802176218505,0.0001327832369417408,0.0005991429239139363,8.242756590243448e-05,1.7948613617591036e-07,6.794304170918479e-09,0.0003174461671047956,7.40033569626096e-05,0.000619476069334988,4.369490542842917,1.527070933170567,0.0
64,6496,7.0797355695507065,0.0005775252234206368,0.0001321670795463244,0.0005963556137928996,8.204409948812481e-05,1.7781999872568122e-07,6.73123386995484e-09,0.00031596788491140425,7.365873839043798e-05,0.0006165855667251234,4.369491376651762,1.5270712858869817,0.0
64,6500,7.084095012635405,0.0005748453821783657,0.00013155379587268513,0.0005935813478778646,8.166242764086576e-05,1.761694079505105e-07,6.668752075944685e-09,0.00031449653001673085,7.331573471683163e-05,0.0006137086469372807,4.369492206287661,1.527071636866041,0.0
64,6504,7.088454455720104,0.000572178039159627,0.00013094337242685374,0.0005908200646232735,8.128254189347806e-05,1.7453417910928692e-07,6.60685179566096e-09,0.00031303206967577766,7.297433830824508e-05,0.0006108452455021295,4.369493031771971,1.5270719861165083,0.0
64,6508,7.092813898804803,0.0005695231356794935,0.00013033579577874073,0.0005880717027769994,8.090443381915148e-05,1.729141558826086e-07,6.5455271117577e-09,0.00031157447130008767,7.263454156762576e-05,0.0006079952982615697,4.3694938531259355,1.527072333647101,0.0
64,6512,7.097173341889501,0.000566880613331383,0.0001297310525619561,0.0005853362013794836,8.05280950313261e-05,1.7130922458363784e-07,6.484773720710563e-09,0.00031012370245727777,7.22963369343052e-05,0.0006051587413644317,4.369494670370687,1.5270726794664922,0.0
64,6516,7.1015327849742,0.000564250413985493,0.00012912912947345102,0.000582613499762084,8.015351718346502e-05,1.6971924310382747e-07,6.424586243114125e-09,0.00030867973087015586,7.195971688379322e-05,0.0006023355112695892,4.369495483527247,1.5270730235833094,0.0
64,6520,7.105892228058899,0.0005616324797874825,0.00012853001327321626,0.0005799035375456747,7.978069196886186e-05,1.6814406933463033e-07,6.364959299562961e-09,0.0003072425244159713,7.16246739276032e-05,0.0005995255447416363,4.369496292616527,1.5270733660061364,0.0
64,6524,7.1102516711435975,0.0005590267531575189,0.00012793369078406406,0.0005772062546396218,7.940961112049966e-05,1.6658354695664457e-07,6.305886972711105e-09,0.00030581205112586405,7.129120061312357e-05,0.000596728778847151,4.369497097659327,1.5270737067435118,0.0
64,6528,7.114611114228296,0.0005564331767881872,0.0001273401488911496,0.0005745215912395718,7.904026641074679e-05,1.6503753386132303e-07,6.24736388315313e-09,0.0003043882791836816,7.09592895233422e-05,0.0005939451509592808,4.3694978986763395,1.5270740458039307,0.0
64,6532,7.118970557312995,0.0005538516936440647,0.00012674937454187373,0.0005718494878270063,7.867264965129558e-05,1.635059305726827e-07,6.189386265305238e-09,0.00030297117692574236,7.062893327679102e-05,0.0005911745987494884,4.369498695688148,1.5270743831958435,0.0
64,6536,7.123330000397694,0.0005512822469595731,0.00012616135474539136,0.0005691898851669465,7.830675269284655e-05,1.61988566560467e-07,6.131947663880923e-09,0.0003015607128396027,7.030012452725877e-05,0.000588417060190261,4.369499488715227,1.527074718927658,0.0
64,6540,7.127689443482392,0.000548724780238502,0.00012557607657250245,0.0005665427243074539,7.794256742503971e-05,1.604853139269835e-07,6.075043237415298e-09,0.0003001568555637919,6.997285596372911e-05,0.0005856724735545902,4.369500277777943,1.5270750530077373,0.0
64,6544,7.132048886567091,0.000546179237251974,0.00012499352715518637,0.0005639079465774703,7.75800857761574e-05,1.5899610161795863e-07,6.018670296205653e-09,0.0002987595738866547,6.964712031011082e-05,0.0005829407774088657,4.369501062896557,1.5270753854444024,0.0
64,6548,7.13640832965179,0.0005436455620376947,0.00012441369368643016,0.0005612854935860247,7.721929971301521e-05,1.5752070225971693e-07,5.9628202332033085e-09,0.00029736883674592776,6.93229103251391e-05,0.0005802219106183356,4.369501844091225,1.5270757162459305,0.0
64,6552,7.140767772736488,0.0005411236988983709,0.00012383656341986656,0.0005586753072205576,7.686020124073135e-05,1.5605905900883954e-07,5.907490896646093e-09,0.00029598461322784335,6.900021880216658e-05,0.0005775158123405014,4.369502621381993,1.5270760454205565,0.0
64,6556,7.145127215821187,0.0005386135924005795,0.00012326212366951523,0.0005560773296457015,7.650278240255901e-05,1.5461100133506989e-07,5.852675831247498e-09,0.0002946068725664716,6.867903856900995e-05,0.0005748224220255745,4.369503394788805,1.5270763729764727,0.0
64,6560,7.149486658905886,0.0005361151873735074,0.00012269036180949432,0.0005534915033019665,7.614703527970543e-05,1.5317642976242496e-07,5.798371271423726e-09,0.00029323558414302283,6.835936248778741e-05,0.0005721416794170164,4.3695041643315,1.527076698921829,0.0
64,6564,7.153846101990585,0.0005336284289076024,0.00012212126527371173,0.000550917770904271,7.579295199112978e-05,1.517552021823576e-07,5.744571837769351e-09,0.0002918707174850521,6.804118345473321e-05,0.0005694735245450981,4.369504930029811,1.5270770232647333,0.0
64,6568,7.158205545075283,0.0005311532623533937,0.00012155482155559512,0.0005483560754407456,7.544052469337864e-05,1.503471906971754e-07,5.691272688819491e-09,0.0002905122422658306,6.772449440005099e-05,0.0005668178977313907,4.369505691903371,1.5270773460132512,0.0
64,6572,7.162564988159982,0.0005286896333201124,0.00012099101820777639,0.0005458063601712284,7.508974558037894e-05,1.4895232425260474e-07,5.638471134871434e-09,0.00028916012830353176,6.740928828772425e-05,0.0005641747395815828,4.369506449971707,1.5270776671754076,0.0
64,6576,7.166924431244681,0.000526237487674723,0.00012042984284186979,0.0005432685686262539,7.474060688329892e-05,1.475703754749702e-07,5.5861585688765e-09,0.0002878143455606935,6.70955581153908e-05,0.0005615439909904892,4.369507204254244,1.527077986759185,0.0
64,6580,7.171283874329379,0.0005237967715403229,0.00011987128312810591,0.0005407426446053437,7.43931008703129e-05,1.4620130173170764e-07,5.5343333770130616e-09,0.0002864748641433005,6.678329691412893e-05,0.0005589255931334749,4.369507954770306,1.5270783047725254,0.0
64,6584,7.175643317414078,0.0005213674312951513,0.00011931532679510463,0.0005382285321759698,7.404721984645871e-05,1.4484497512512462e-07,5.482990717816237e-09,0.0002851416543002325,6.64724977483288e-05,0.0005563194874702728,4.369508701539115,1.5270786212233292,0.0
64,6588,7.180002760498777,0.0005189494135712589,0.00011876196162957084,0.0005357261756721245,7.37029561534409e-05,1.435012677575287e-07,5.432125749821142e-09,0.000283814686422495,6.616315371551296e-05,0.0005537256157430868,4.369509444579795,1.527078936119457,0.0
64,6592,7.1843622035834755,0.0005165426652537193,0.00011821117547611385,0.0005332355196934909,7.336030216951669e-05,1.4217006594208215e-07,5.381734169503438e-09,0.00028249393104277655,6.585525794623336e-05,0.0005511439199718711,4.369510183911365,1.5270792494687275,0.0
64,6596,7.188721646668174,0.0005141471334786795,0.00011766295623680134,0.0005307565091033892,7.301925030921333e-05,1.4085122757023782e-07,5.3318105974577e-09,0.0002811793588343521,6.554880360381553e-05,0.0005485743424572667,4.369510919552748,1.5270795612789203,0.0
64,6600,7.193081089752873,0.0005117627656323178,0.0001171172918709209,0.0005282890890276594,7.267979302317449e-05,1.3954468158772215e-07,5.282352343981215e-09,0.0002798709406104828,6.524378388421872e-05,0.0005460168257756,4.3695116515227665,1.5270798715577745,0.0
64,6604,7.197440532837572,0.0005093895093504438,0.00011657417039488834,0.0005258332048542255,7.234192279810019e-05,1.3825028588598798e-07,5.233354029668559e-09,0.0002785686473241802,6.494019201598097e-05,0.0005434713127799725,4.3695123798401445,1.5270801803129888,0.0
64,6608,7.20179997592227,0.0005070273125162137,0.00011603357988172495,0.0005233888022307072,7.200563215641837e-05,1.3696791256734286e-07,5.184810813054849e-09,0.00027727245006693534,6.463802125992272e-05,0.0005409377465983179,4.369513104523509,1.5270804875522228,0.0
64,6612,7.206159419006969,0.0005046761232596761,0.00011549550846095355,0.0005209558270638931,7.16709136562123e-05,1.3569749057751324e-07,5.136720004437373e-09,0.0002759823200684269,6.433726490907893e-05,0.0005384160706306634,4.369513825591388,1.527080793283096,0.0
64,6616,7.210518862091668,0.0005023358899562445,0.00011495994431824885,0.0005185342255181639,7.133775989100368e-05,1.3443887780795194e-07,5.089076224410705e-09,0.00027469822869568677,6.403791628850439e-05,0.0005359062285496728,4.369514543062212,1.5270810975131894,0.0
64,6620,7.2148783051763665,0.0005000065612256621,0.00011442687569520068,0.0005161239440143582,7.100616348959662e-05,1.3319196057182126e-07,5.0418751694505066e-09,0.000273420147452485,6.373996875513047e-05,0.0005334081642983856,4.369515256954319,1.5270814002500444,0.0
64,6624,7.219237748261065,0.0004976880859307795,0.00011389629088903413,0.0005137249292285016,7.067611711590279e-05,1.319566678148476e-07,4.995114149854064e-09,0.0002721480479786549,6.344341569760775e-05,0.0005309218220890148,4.3695159672859445,1.5270817015011635,0.0
64,6628,7.223597191345764,0.0004953804131764058,0.00011336817825234666,0.0005113371280905917,7.034761346877427e-05,1.307328290067744e-07,4.948786710334868e-09,0.00027088190204944355,6.314825053615457e-05,0.0005284471464025635,4.369516674075235,1.5270820012740112,0.0
64,6632,7.227956634430463,0.0004930834923081992,0.00011284252619285424,0.0005089604877833823,7.002064528183625e-05,1.2952040151503752e-07,4.902891237071292e-09,0.0002696216815748529,6.285446672240345e-05,0.0005259840819838039,4.369517377340239,1.527082299576013,0.0
64,6636,7.232316077515161,0.0004907972729113921,0.0001123193231730996,0.0005065949557410926,6.969520532330948e-05,1.2831922902023507e-07,4.857421812717367e-09,0.0002683673585989613,6.256205773924295e-05,0.0005235325738466038,4.36951807709891,1.5270825964145556,0.0
64,6640,7.23667552059986,0.000488521704809729,0.00011179855771020911,0.0005042404796482251,6.937128639584767e-05,1.271292546789482e-07,4.812376285510924e-09,0.00026711890529927966,6.227101710066756e-05,0.0005210925672660233,4.369518773369109,1.5270828917969885,0.0
64,6644,7.241034963684559,0.0004862567380641896,0.0001112802183756006,0.0005018970074382587,6.90488813363576e-05,1.259502937500656e-07,4.76774766222491e-09,0.00026587629398606115,6.198133835161677e-05,0.0005186640077808663,4.369519466168604,1.5270831857306237,0.0
64,6648,7.2453944067692575,0.0004840023229720112,0.00011076429379475962,0.0004995644872925913,6.872798301585373e-05,1.247823462335873e-07,4.723535942859325e-09,0.0002646394971017314,6.169301506784223e-05,0.0005162468411908314,4.369520155515068,1.5270834782227345,0.0
64,6652,7.249753849853956,0.00048175841006570605,0.00011025077264701462,0.0004972428676394668,6.840858433931058e-05,1.236252558101114e-07,4.679735210068203e-09,0.0002634084872203079,6.140604085577241e-05,0.000513841013556804,4.369520841426084,1.5270837692805574,0.0
64,6656,7.254113292938655,0.00047952495011150244,0.00010973964366518008,0.0004949320971523923,6.809067824544491e-05,1.224788945819455e-07,4.636340622386659e-09,0.0002621832370465667,6.112040935231836e-05,0.0005114464711960617,4.369521523919141,1.5270840589112913,0.0
64,6660,7.258472736023354,0.000477301894108584,0.00010923089563538249,0.0004926321247492772,6.777425770659735e-05,1.213432057056707e-07,4.593350028052526e-09,0.00026096371941557113,6.08361142247638e-05,0.0005090631606869113,4.3695222030116385,1.5270843471220985,0.0
64,6664,7.262832179108052,0.00047508919328787647,0.00010872451739678275,0.0004903428995911643,6.745931572855779e-05,1.202180754944493e-07,4.5507591235414625e-09,0.00025974990729199586,6.055314917060761e-05,0.0005066910288617471,4.3695228787208835,1.5270846339201039,0.0
64,6668,7.267191622192751,0.0004728867991109625,0.0001082204978413277,0.00048806437108110033,6.714584535041e-05,1.19103418683153e-07,4.508564681210214e-09,0.00025854177376952674,6.027150791742385e-05,0.0005043300228060984,4.369523551064095,1.5270849193123959,0.0
64,6672,7.27155106527745,0.00047069466326862884,0.00010771882591341772,0.00048579648886255356,6.683383964431394e-05,1.1799910737408936e-07,4.466761859593897e-09,0.0002573392920700058,5.999118422266248e-05,0.0005019800898652926,4.369524220058398,1.527085203306027,0.0
64,6676,7.2759105083621485,0.0004685127376802895,0.00010721949060977478,0.0004835392028188406,6.65232917154269e-05,1.1690508472383954e-07,4.425348506930343e-09,0.0002561424355431314,5.9712171873579435e-05,0.0004996411776314962,4.369524885720832,1.5270854859080125,0.0
64,6680,7.280269951446847,0.0004663409744927409,0.00010672248097915738,0.00048129246307180223,6.621419470172133e-05,1.1582122283471108e-07,4.384319781754669e-09,0.00025495117766574936,5.943446468707143e-05,0.0004973132339500902,4.369525548068347,1.5270857671253324,0.0
64,6684,7.284629394531546,0.0004641793260788103,0.00010622778612205145,0.0004790562199803603,6.590654177378628e-05,1.147474364415757e-07,4.34367245642362e-09,0.0002537654920410786,5.915805650949536e-05,0.0004949962069168114,4.369526207117801,1.5270860469649303,0.0
64,6688,7.288988837616245,0.0004620277450365536,0.00010573539519048657,0.00047683042413966255,6.560032613470976e-05,1.136836260684504e-07,4.3034027653533985e-09,0.00025258535239825196,5.888294121656131e-05,0.0004926900448767846,4.3695268628859685,1.5270863254337146,0.0
64,6692,7.293348280700943,0.0004598861841882095,0.00010524529738779676,0.0004746150263799966,6.529554101992937e-05,1.1262970645020687e-07,4.263507480900749e-09,0.00025141073259173996,5.860911271319821e-05,0.0004903946964217742,4.369527515389533,1.5270866025385577,0.0
64,6696,7.297707723785642,0.00045775459657872896,0.00010475748196828394,0.00047240997776523187,6.499217969701786e-05,1.1158560653257155e-07,4.223983913362961e-09,0.00025024160660051716,5.8336564933359484e-05,0.00048811011038984444,4.369528164645096,1.5270868782862967,0.0
64,6700,7.302067166870341,0.0004556329354752347,0.00010427193823709416,0.0004702152295922202,6.46902354656008e-05,1.1055118420699728e-07,4.184826683334608e-09,0.00024907794852773574,5.8065291839946964e-05,0.0004858362358653114,4.369528810669164,1.527087152683734,0.0
64,6704,7.3064266099550395,0.00045352115436564036,0.00010378865554990165,0.000468030733389359,6.438970165715875e-05,1.0952639684091992e-07,4.146034176994062e-09,0.00024791973259996245,5.7795287424633e-05,0.0004835730221756639,4.369529453478165,1.5270874257376361,0.0
64,6708,7.310786053039738,0.00045141920695770997,0.00010330762331269357,0.0004658564409155896,6.409057163488957e-05,1.0851111653664702e-07,4.107601552876443e-09,0.00024676693316664106,5.752654570773518e-05,0.00048132041889303314,4.369530093088439,1.527087697454736,0.0
64,6712,7.315145496124437,0.00044932704717775803,0.00010282883098147251,0.0004636923041590142,6.379283879351812e-05,1.0750528645075974e-07,4.069526659219578e-09,0.00024561952469935176,5.725906073804361e-05,0.000479078375827852,4.3695307295162396,1.5270879678417315,0.0
64,6716,7.319504939209136,0.00044724462917008784,0.00010235226806212797,0.00046153827533631364,6.349649655921611e-05,1.0650877868556563e-07,4.0318046545585865e-09,0.0002444774817915018,5.699282659274887e-05,0.00047684684303276145,4.369531362777736,1.5270882369052854,0.0
64,6720,7.323864382293834,0.0004451719072954102,0.00010187792411007447,0.00045939430689106536,6.320153838937077e-05,1.0552156481935526e-07,3.994434463012384e-09,0.00024334077915742433,5.672783737723188e-05,0.0004746257708020788,4.369531992889014,1.527088504652027,0.0
64,6724,7.328223825378533,0.000443108836130125,0.00010140578873008712,0.0004572603514929928,6.290795777248152e-05,1.0454350274358148e-07,3.957410705175544e-09,0.00024220939163197876,5.646408722497078e-05,0.00047241510966389766,4.369532619866076,1.5270887710885521,0.0
64,6728,7.332583268463232,0.0004410553704653767,0.00010093585157608552,0.0004551363620369453,6.261574822801967e-05,1.0357454982568015e-07,3.92073176722644e-09,0.00024108329417000146,5.620157029741285e-05,0.00047021481038649304,4.36953324372484,1.5270890362214211,0.0
64,6732,7.33694271154793,0.0004390114653058764,0.00010046810235086413,0.0004530222916416746,6.232490330626008e-05,1.0261460658966826e-07,3.884393883581274e-09,0.00023996246184565542,5.594028078382288e-05,0.00046802482397331736,4.369533864481141,1.527089300057162,0.0
64,6736,7.341302154632629,0.000436977075868651,0.00010000253080580602,0.0004509180936484962,6.2035416588097e-05,1.0166355934870808e-07,3.848392750715707e-09,0.00023884686985171176,5.568021290111574e-05,0.0004658451016610597,4.369534482150731,1.5270895626022687,0.0
64,6740,7.345661597717328,0.0004349521575823849,9.95391267407323e-05,0.00044882372162060745,6.174728168495022e-05,1.0072136547023547e-07,3.81272675480811e-09,0.00023773649349918805,5.5421360893771996e-05,0.00046367559492093194,4.369535096749281,1.5270898238632018,0.0
64,6744,7.350021040802027,0.0004329366660863588,9.907788000365912e-05,0.00044673912934195135,6.146049223860884e-05,9.978793968912214e-08,3.77739266821523e-09,0.00023663130821673746,5.516371903369556e-05,0.00046151625545816214,4.369535708292381,1.5270900838463888,0.0
64,6748,7.354380483886725,0.0004309305572293674,9.861878049055014e-05,0.0004446642708160729,6.117504192107385e-05,9.886315410767565e-08,3.742385649472184e-09,0.00023553128955003806,5.49072816200713e-05,0.0004593670352050559,4.369536316795538,1.527090342558224,0.0
64,6752,7.358739926971424,0.000428933787068655,9.816181814507283e-05,0.00044259910026499234,6.089092443440316e-05,9.794698030418658e-08,3.7077046226978854e-09,0.00023443641316118986,5.4652042979224466e-05,0.0004572278863292998,4.36953692227418,1.52709060000507,0.0
64,6756,7.363099370056123,0.00042694631186876637,9.770698295833553e-05,0.00044054357212801575,6.0608133510547934e-05,9.703931880267191e-08,3.6733458223085386e-09,0.00023334665482808382,5.43979974644736e-05,0.0004550987612224328,4.369537524743653,1.5270908561932552,0.0
64,6760,7.367458813140821,0.0004249680881013002,9.725426496883102e-05,0.00043849764106142447,6.032666291130988e-05,9.614007012714865e-08,3.6393054827203456e-09,0.00023226199044422633,5.414513945608966e-05,0.0004529796125075711,4.3695381242192255,1.5270911111290766,0.0
64,6764,7.37181825622552,0.00042299907244294375,9.680365426198678e-05,0.00043646126193644906,6.004650642806255e-05,9.524919164505263e-08,3.6055819901116787e-09,0.0002311823960176659,5.389346336104574e-05,0.0004508703930332316,4.369538720716084,1.5270913648187983,0.0
64,6768,7.376177699310219,0.0004210392217750497,9.635514097006808e-05,0.0004344343898387798,5.976765788168393e-05,9.43666123021103e-08,3.5721726547798256e-09,0.0002301078476707232,5.364296361295418e-05,0.00044877105587386363,4.369539314249337,1.5270916172686528,0.0
64,6772,7.3805371423949175,0.00041908849318263977,9.590871527195004e-05,0.00043241698006753866,5.949011112241505e-05,9.349223262233863e-08,3.5390737111409894e-09,0.00022903832163944672,5.339363467193966e-05,0.00044668155432759873,4.369539904834016,1.5270918684848402,0.0
64,6776,7.384896585479616,0.0004171468439534163,9.546436739289138e-05,0.00043040898813422875,5.921386002971545e-05,9.262593891889992e-08,3.5062808556708296e-09,0.0002279737942730497,5.314547102450794e-05,0.0004446018419170996,4.369540492485071,1.5270921184735289,0.0
64,6780,7.389256028564315,0.0004152142315764477,9.50220876042336e-05,0.0004284103697613478,5.893889851207241e-05,9.176771698093944e-08,3.4737935504288036e-09,0.00022691424203316948,5.289846718337319e-05,0.0004425318723873438,4.369541077217377,1.5270923672408556,0.0
64,6784,7.393615471649014,0.0004132906137416214,9.458186622327576e-05,0.00042642108088178853,5.86652205069185e-05,9.091746733247419e-08,3.4416080298311143e-09,0.0002258596414935431,5.2652617687382366e-05,0.00044047159970349374,4.369541659045731,1.5270926147929262,0.0
64,6788,7.397974914733712,0.0004113759483386462,9.414369361304621e-05,0.0004244410776378169,5.8392819980490936e-05,9.007511891923059e-08,3.409721604175049e-09,0.0002248099693394672,5.2407917101389325e-05,0.0004384209780517811,4.369542237984852,1.5270928611358145,0.0
64,6792,7.402334357818411,0.0004094701934558141,9.370756018201924e-05,0.00042247031637973343,5.812169092764749e-05,8.924058647608035e-08,3.378131045817353e-09,0.00022376520236707664,5.216436001608661e-05,0.000436379961838096,4.369542814049384,1.5270931062755635,0.0
64,6796,7.40669380090311,0.000407573307379236,9.327345638394008e-05,0.00042050875366508406,5.785182737175786e-05,8.84137989487499e-08,3.346833665055314e-09,0.00022272531748292597,5.192194104790792e-05,0.0004343485056855203,4.369543387253895,1.5270933502181856,0.0
64,6800,7.4110532439878085,0.0004056852485920394,9.28413727176414e-05,0.00041855634625780855,5.758322336458658e-05,8.759469949382037e-08,3.3158273101267616e-09,0.00022169029170353424,5.168065483892199e-05,0.00043232656443414864,4.369543957612875,1.5270935929696619,0.0
64,6804,7.415412687072507,0.00040380597577318326,9.241129972677205e-05,0.00041661305112698587,5.7315872986120326e-05,8.678321705701819e-08,3.285109291328984e-09,0.0002206601021547131,5.144049605667595e-05,0.00043031409314098207,4.369544525140741,1.5270938345359426,0.0
64,6808,7.419772130157206,0.0004019354477965625,9.19832279995921e-05,0.0004146788254458812,5.70497703444369e-05,8.597926637321507e-08,3.2546763810187252e-09,0.00021963472607105662,5.120145939407639e-05,0.00042831104707690196,4.369545089851835,1.527094074922948,0.0
64,6812,7.424131573241905,0.00040007362373041056,9.155714816883613e-05,0.0004127536265913282,5.678490957562015e-05,8.518277638813743e-08,3.224525889493274e-09,0.00021861414079561345,5.096353956931293e-05,0.0004263173817263782,4.369545651760422,1.527094314136568,0.0
64,6816,7.428491016326603,0.0003982204628357094,9.11330509113494e-05,0.00041083741214203783,5.6521284843527396e-05,8.43936902583664e-08,3.1946556649904595e-09,0.0002175983237789808,5.072673132564703e-05,0.0004243330527878733,4.3695462108806975,1.5270945521826627,0.0
64,6820,7.432850459411302,0.00039637592456597757,9.071092694803927e-05,0.0004089301398783823,5.625889033975966e-05,8.361193692962843e-08,3.1650630178075694e-09,0.00021658725257919055,5.0491029431385404e-05,0.00042235801617112245,4.369546767226779,1.527094789067061,0.0
64,6824,7.437209902496001,0.0003945399685658486,9.029076704354994e-05,0.0004070317677808968,5.599772028345551e-05,8.28374311367952e-08,3.1357447203013494e-09,0.00021558090486090904,5.025642867969352e-05,0.00042039222799594283,4.369547320812712,1.5270950247955632,0.0
64,6828,7.4415693455806995,0.00039271255467041396,8.987256200611201e-05,0.00040514225402955736,5.5737768921191806e-05,8.207013024730259e-08,3.106699158650171e-09,0.00021457925839504574,5.002292388850431e-05,0.00041843564459308506,4.369547871652471,1.5270952593739395,0.0
64,6832,7.445928788665398,0.00039089364290411115,8.945630268728814e-05,0.0004032615570026545,5.547903052682863e-05,8.130993478516757e-08,3.077922567270238e-09,0.0002135822910581605,4.979050990038007e-05,0.00041648822250167655,4.369548419759956,1.5270954928079303,0.0
64,6836,7.450288231750097,0.00038908319348025404,8.904197998186537e-05,0.0004013896352762367,5.522149940143281e-05,8.055681632868072e-08,3.0494138702804645e-09,0.00021258998083215452,4.955918158244033e-05,0.00041454991846764445,4.369548965148994,1.527095725103247,0.0
64,6840,7.454647674834796,0.00038728116679941814,8.862958482748583e-05,0.00039952644762248073,5.4965169873053646e-05,7.981071803442319e-08,3.0211709159186807e-09,0.00021160230580341414,4.932893382616234e-05,0.00041262068944364946,4.369549507833343,1.5270959562655717,0.0
64,6844,7.459007117919494,0.00038548752344930284,8.821910820461499e-05,0.0003976719530094709,5.4710036296692604e-05,7.907146937213838e-08,2.993187248898377e-09,0.000210619244162678,4.909976154735001e-05,0.00041070049258895997,4.369550047826687,1.527096186300557,0.0
64,6848,7.463366561004193,0.0003837022242033472,8.781054113622506e-05,0.0003958261105997768,5.4456093054107587e-05,7.83391698178093e-08,2.9654666348033503e-09,0.00020964077420428473,4.887165968595862e-05,0.00040878928526836726,4.369550585142642,1.5270964152138273,0.0
64,6852,7.467726004088892,0.0003819252300198782,8.740387468759994e-05,0.00039398887974955024,5.4203334553688764e-05,7.761363463032467e-08,2.938002080406549e-09,0.00020866687432569007,4.8644623205982185e-05,0.00040688702504718734,4.3695511197947505,1.5270966430109778,0.0
64,6856,7.4720854471735905,0.0003801565020416611,8.699909996623237e-05,0.0003921602200080489,5.395175523039297e-05,7.689482117712032e-08,2.910791971886345e-09,0.00020769752302721143,4.841864709539395e-05,0.00040499366969584444,4.3695516517964865,1.5270968696975753,0.0
64,6860,7.476444890258289,0.0003783960015943617,8.659620812147205e-05,0.00039034009111601,5.3701349545520004e-05,7.618271524734155e-08,2.8838357713021963e-09,0.00020673269891115868,4.8193726365943736e-05,0.00040310917718637524,4.369552181161253,1.5270970952791576,0.0
64,6864,7.480804333342988,0.0003766436901862123,8.619519034444912e-05,0.0003885284530052945,5.345211198666366e-05,7.54771747324412e-08,2.8571280992486775e-09,0.00020577238068164312,4.79698560531134e-05,0.0004012335056906147,4.3695527079023835,1.527097319761235,0.0
64,6868,7.485163776427687,0.00037489952950685307,8.579603786780907e-05,0.0003867252657976746,5.3204037067544917e-05,7.477819963241927e-08,2.830668955725789e-09,0.00020481654714393213,4.774703121596642e-05,0.0003993666135812273,4.369553232033145,1.5270975431492892,0.0
64,6872,7.489523219512385,0.0003731634814263883,8.539874196549674e-05,0.00038493048980383195,5.2957119327874135e-05,7.408573310385691e-08,2.8044561889713606e-09,0.00020386517720391226,4.7525246937022686e-05,0.000397508459428007,4.369553753566733,1.527097765448774,0.0
64,6876,7.493882662597084,0.0003714355079951479,8.500329395270172e-05,0.00038314408552309347,5.271135333331469e-05,7.339968988162582e-08,2.7784865713421376e-09,0.0002029182498679459,4.730449832222515e-05,0.0003956590020010052,4.369554272516274,1.5270979866651153,0.0
64,6880,7.498242105681783,0.00036971557144191013,8.460968518545167e-05,0.00038136601364158196,5.246673367522855e-05,7.272002733316185e-08,2.752758489016492e-09,0.0002019757442418886,4.708478050071067e-05,0.0003938182002641065,4.369554788894831,1.5270982068037111,0.0
64,6884,7.502601548766481,0.00036800363417381106,8.421790706059155e-05,0.00037959623503208467,5.2223254970658205e-05,7.204663177162729e-08,2.727267638470085e-09,0.00020103763953101123,4.686608862479193e-05,0.0003919860133797825,4.369555302715393,1.5270984258699323,0.0
64,6888,7.50696099185118,0.0003662996587749864,8.382795101547279e-05,0.00037783471075265895,5.1980911862134805e-05,7.137951740787685e-08,2.7020145576434575e-09,0.00020010391503926312,4.66484178697856e-05,0.0003901624007026676,4.369555813990888,1.5270986438691219,0.0
64,6892,7.511320434935879,0.00036460360800613217,8.343980852785282e-05,0.00037608140204615066,5.173969901761194e-05,7.071859897678223e-08,2.676996018893356e-09,0.0001991745501690113,4.64317634339516e-05,0.0003883473217854621,4.369556322734172,1.5270988608065958,0.0
64,6896,7.515679878020578,0.00036291544480332596,8.305347111562528e-05,0.00037433627033893853,5.149961113029289e-05,7.00638338457793e-08,2.652210408398152e-09,0.00019824952442036676,4.621612053833601e-05,0.0003865407363690554,4.369556828958037,1.5270990766876424,0.0
64,6900,7.520039321105276,0.00036123513227746996,8.26689303366925e-05,0.0003725992772403672,5.1260642918552604e-05,6.941512253888504e-08,2.6276539605740493e-09,0.00019732881739088645,4.600148442670162e-05,0.0003847426043909859,4.369557332675209,1.527099291517524,0.0
64,6904,7.524398764189975,0.00035956263371311184,8.228617778869576e-05,0.0003708703845414798,5.102278912576334e-05,6.87724082126806e-08,2.6033245236588766e-09,0.0001964124087748908,4.578785036536879e-05,0.00038295288597612915,4.369557833898346,1.527099505301475,0.0
64,6908,7.528758207274674,0.00035789791256795526,8.19052051089032e-05,0.0003691495542145341,5.078604452022812e-05,6.813570507802069e-08,2.579222635593177e-09,0.00019550027836321237,4.557521364315691e-05,0.0003811715414425546,4.369558332640044,1.527099718044704,0.0
64,6912,7.533117650359372,0.0003562409324719818,8.152600397400888e-05,0.00036743674841204795,5.055040389504937e-05,6.750487102635816e-08,2.5553429169715257e-09,0.00019459240604267967,4.5363569571264e-05,0.0003793985312952319,4.369558828912831,1.527099929752392,0.0
64,6916,7.537477093444071,0.0003545916572264034,8.114856609989308e-05,0.000365731929465705,5.0315862067978426e-05,6.687993447940244e-08,2.5316864436750074e-09,0.00019368877179553543,4.5152913483131176e-05,0.00037763381623022766,4.369559322729171,1.5271001404296942,0.0
64,6920,7.54183653652877,0.00035295005080306573,8.077288324148569e-05,0.0003640350598857231,5.008241388132858e-05,6.626073911775165e-08,2.5082472983576547e-09,0.0001927893556990983,4.494324073436373e-05,0.000375877357128142,4.369559814101463,1.5271003500817397,0.0
64,6924,7.5461959796134686,0.00035131607734367683,8.039894719258978e-05,0.0003623461023600309,4.985005420186185e-05,6.564735599567939e-08,2.4850281707221803e-09,0.00019189413792532108,4.4734546702628144e-05,0.00037412911505815165,4.369560303042045,1.5271005587136315,0.0
64,6928,7.550555422698167,0.00034968970115866095,8.002674978561925e-05,0.0003606650197530903,4.961877792062693e-05,6.503962879378378e-08,2.462023143422617e-09,0.00019100309874016828,4.4526826787507015e-05,0.0003723890512755079,4.3695607895631845,1.5271007663304454,0.0
64,6932,7.554914865782866,0.0003480708867267096,7.965628289149605e-05,0.00035899177510538566,4.938857995288896e-05,6.44375433012101e-08,2.439231678518422e-09,0.00019011621850333543,4.4320076410433606e-05,0.00037065712721775503,4.3695612736770935,1.527100972937233,0.0
64,6936,7.559274308867565,0.000346459598693805,7.928753841942676e-05,0.0003573263316324237,4.915945523799194e-05,6.38410426745395e-08,2.416651624247425e-09,0.00018923347766772132,4.4114291014568805e-05,0.0003689333045081616,4.369561755395915,1.5271011785390185,0.0
64,6940,7.563633751952263,0.0003448558018726182,7.892050831676482e-05,0.0003556686527240743,4.893139873926798e-05,6.325009849206253e-08,2.394281904728542e-09,0.00018835485677907052,4.3909466064717814e-05,0.00036721754495454403,4.369562234731732,1.5271013831408018,0.0
64,6944,7.567993195036962,0.00034325946124154187,7.855518456878918e-05,0.00035401870194355346,4.8704405443897456e-05,6.266461127779621e-08,2.3721187543779745e-09,0.00018748033647543097,4.3705597047203664e-05,0.0003655098105427776,4.369562711696564,1.5271015867475566,0.0
64,6948,7.572352638121661,0.00034167054194363854,7.819155919846361e-05,0.0003523764430263549,4.8478470362761976e-05,6.208458103174053e-08,2.350162173195723e-09,0.00018660989748659176,4.3502679469736184e-05,0.00036381006344389575,4.36956318630237,1.5271017893642314,0.0
64,6952,7.5767120812063595,0.000340089009286411,7.78296242663842e-05,0.00035074183987995037,4.825358853040316e-05,6.150990827791247e-08,2.3284083955979898e-09,0.00018574352063391092,4.3300708861371845e-05,0.00036211826600514763,4.369563658561046,1.5271019909957495,0.0
64,6956,7.581071524291058,0.0003385148287407841,7.746937187054622e-05,0.000349114856582739,4.80297550048781e-05,6.094059301631205e-08,2.3068574215847756e-09,0.0001848811868297593,4.309968077238412e-05,0.00036043438075820456,4.369564128484425,1.5271021916470096,0.0
64,6960,7.585430967375757,0.0003369479659402215,7.711079414614213e-05,0.00034749545738312803,4.780696486763288e-05,6.037653577095625e-08,2.2855054855722824e-09,0.00018402287707703206,4.289959077414957e-05,0.00035875837040916475,4.369564596084283,1.5271023913228845,0.0
64,6964,7.589790410460456,0.0003353883866799739,7.675388326538946e-05,0.00034588360669872756,4.7585213223391837e-05,5.98177507526998e-08,2.2643531255010528e-09,0.00018316857246871557,4.2700434459046926e-05,0.0003570901978435472,4.369565061372331,1.5271025900282227,0.0
64,6968,7.594149853545154,0.0003338360569164458,7.63986314373859e-05,0.00034427926911569464,4.736449520006725e-05,5.9264095852995524e-08,2.2433949619656618e-09,0.00018231825418754016,4.250220744037612e-05,0.00035542982612509963,4.369565524360221,1.5271027877678476,0.0
64,6972,7.598509296629853,0.0003322909427661918,7.604503090787962e-05,0.00034268240938765385,4.714480594861089e-05,5.87156279152623e-08,2.2226331467282794e-09,0.00018147190350539875,4.2304905352222757e-05,0.0003537772184905287,4.3695659850595465,1.5271029845465591,0.0
64,6976,7.602868739714552,0.000330753010505703,7.569307395922036e-05,0.000341092992435481,4.692614064298426e-05,5.8172219041807693e-08,2.2020628383240237e-09,0.0001806295017832335,4.2108523849431665e-05,0.0003521323383546683,4.3695664434818395,1.5271031803691315,0.0
64,6980,7.6072281827992505,0.00032922222656965887,7.534275290995942e-05,0.0003395109833455014,4.670849447991069e-05,5.7633869232631696e-08,2.181684036752894e-09,0.00017979103047008167,4.1913058607384506e-05,0.0003504951493034763,4.3695668996385715,1.5271033752403154,0.0
64,6984,7.611587625883949,0.0003276985575513693,7.499406011495074e-05,0.0003379363473698754,4.649186267892843e-05,5.710049322260602e-08,2.1614935143716353e-09,0.00017895647110326537,4.171850532204398e-05,0.00034886561509981674,4.369567353541157,1.5271035691648367,0.0
64,6988,7.615947068968648,0.0003261819702009823,7.464698796494084e-05,0.0003363690499247696,4.6276240482138986e-05,5.657207680087595e-08,2.1414907332397058e-09,0.00017812580530742725,4.1524859709729036e-05,0.0003472436996771433,4.369567805200952,1.5271037621473977,0.0
64,6992,7.620306512053347,0.00032467243142541045,7.43015288865519e-05,0.00033480905659026127,4.6061623154194016e-05,5.6048548913167906e-08,2.121673003654393e-09,0.0001772990147944753,4.133211750710202e-05,0.0003456293671412591,4.369568254629251,1.5271039541926772,0.0
64,6996,7.624665955138045,0.00032316990828723524,7.395767534203102e-05,0.0003332563331091967,4.5848005982138266e-05,5.552989534862718e-08,2.1020397876751535e-09,0.00017647608136297672,4.1140274471027336e-05,0.00034402258176843235,4.369568701837292,1.527104145305329,0.0
64,7000,7.629025398222744,0.00032167436800401386,7.361541982909165e-05,0.0003317108453864398,4.563538427530618e-05,5.5016059263834904e-08,2.082588933539818e-09,0.00017565698689775167,4.094932637847678e-05,0.0003424233080056384,4.369569146836256,1.5271043354899838,0.0
64,7004,7.633384841307443,0.00032018577794794273,7.327475488083653e-05,0.0003301725594885276,4.542375336527451e-05,5.450695539366279e-08,2.0633172136051315e-09,0.0001748417133696917,4.075926902648717e-05,0.0003408315104688807,4.369569589637264,1.527104524751249,0.0
64,7008,7.6377442843921415,0.00031870410564445944,7.293567306543774e-05,0.0003286414416421953,4.52131086056594e-05,5.400259794896556e-08,2.044225165811637e-09,0.0001740302428349718,4.0570098231976704e-05,0.000339247153942795,4.369570030251382,1.5271047130937083,0.0
64,7012,7.64210372747684,0.00031722931877182023,7.259816698604004e-05,0.0003271174582339431,4.5003445372056776e-05,5.3502915875469625e-08,2.025310100456621e-09,0.0001732225574348214,4.038180983169154e-05,0.00033767020337975665,4.369570468689618,1.5271049005219226,0.0
64,7016,7.646463170561539,0.00031576138516066786,7.226222928066194e-05,0.0003256005758095651,4.479475906197758e-05,5.300786654061085e-08,2.006570403718457e-09,0.00017241863939526997,4.019439968214651e-05,0.00033610062389878673,4.369570904962923,1.5271050870404286,0.0
64,7020,7.650822613646238,0.00031430027279290263,7.192785262193739e-05,0.0003240907610729583,4.458704509468385e-05,5.25174215226798e-08,1.988004999716059e-09,0.00017161847102651026,4.000786365947668e-05,0.00033453838078536483,4.369571339082191,1.5271052726537409,0.0
64,7024,7.655182056730936,0.0003128459498009179,7.159502971694074e-05,0.0003225879808853446,4.438029891108177e-05,5.2031509767402895e-08,1.9696111987467157e-09,0.00017082203472248896,3.9822197659341876e-05,0.0003329834394895167,4.369571771058264,1.5271054573663503,0.0
64,7028,7.659541499815635,0.00031139838446740816,7.12637533071429e-05,0.0003210922022650297,4.41745159736884e-05,5.155010285307071e-08,1.9513879249293414e-09,0.00017002931296076986,3.9637397596894875e-05,0.0003314357656261667,4.36957220090192,1.5271056411827253,0.0
64,7032,7.663900942900334,0.0003099575452238554,7.09340161680649e-05,0.00031960339238584556,4.39696917664175e-05,5.10731581471191e-08,1.9333335644423087e-09,0.00016924028830170968,3.945345940658919e-05,0.00032989532497382235,4.36957262862389,1.5271058241073117,0.0
64,7036,7.6682603859850325,0.0003085234006507712,7.06058111093333e-05,0.00031812151857736756,4.37658217946093e-05,5.060066143869335e-08,1.9154475793450756e-09,0.00016845494338856647,3.9270379042204384e-05,0.00032836208347449377,4.369573054234844,1.5271060061445325,0.0
64,7040,7.672619829069731,0.0003070959194761819,7.027913097433353e-05,0.00031664654832336064,4.356290158481684e-05,5.013251325181045e-08,1.8977262040538437e-09,0.00016767326094667846,3.908815247665462e-05,0.0003268360072312814,4.3695734777454,1.5271061872987883,0.0
64,7044,7.67697927215443,0.00030567507057536325,6.995396864014917e-05,0.0003151784492614736,4.3360926684763814e-05,4.9668742008179834e-08,1.880170514449699e-09,0.0001668952237832956,3.8906775701949414e-05,0.0003253170625094401,4.36957389916612,1.5271063675744574,0.0
64,7048,7.681338715239129,0.00030426082297002464,6.96303170173752e-05,0.0003137171891823675,4.315989266322471e-05,4.920921981010906e-08,1.8627756690677583e-09,0.00016612081478711136,3.8726244729084466e-05,0.00032380521573341045,4.369574318507514,1.527106546975896,0.0
64,7052,7.685698158323827,0.00030285314582743493,6.930816904991805e-05,0.00031226273602883684,4.29597951099039e-05,4.8754031922726426e-08,1.8455448955512774e-09,0.0001653500169278026,3.8546555587934396e-05,0.00032230043348748254,4.369574735780033,1.5271067255074373,0.0
64,7056,7.690057601408526,0.00030145200846002615,6.898751771490481e-05,0.0003108150578953672,4.276062963537479e-05,4.830299360492063e-08,1.8284712006732032e-09,0.00016458281325578807,3.836770432719647e-05,0.00032080268251819,4.369575150994081,1.5271069031733937,0.0
64,7060,7.694417044493225,0.00030005738032462716,6.866835602250792e-05,0.00030937412302731794,4.2562391870967327e-05,4.785617591096525e-08,1.8115572741362481e-09,0.00016381918690178986,3.8189687014288323e-05,0.000319311929726537,4.369575564160001,1.527107079978055,0.0
64,7064,7.698776487577923,0.0002986692310215448,6.835067701573486e-05,0.00030793989981997387,4.2365077468637616e-05,4.7413507786586706e-08,1.7948004262377004e-09,0.0001630591210763313,3.801249973523095e-05,0.00031782814217202977,4.369575975288088,1.5271072559256897,0.0
64,7068,7.703135930662622,0.00029728753029437815,6.803447377038561e-05,0.0003065123568183462,4.216868210094046e-05,4.6974918177511427e-08,1.7781979672748468e-09,0.00016230259906962983,3.7836138594623715e-05,0.0003163512870709262,4.3695763843885835,1.5271074310205441,0.0
64,7072,7.707495373747321,0.0002959122480287078,6.77197393947528e-05,0.0003050914627157826,4.197320146083819e-05,4.654040708373941e-08,1.7617498972476878e-09,0.0001615496042508533,3.766059971547095e-05,0.0003148813317955677,4.369576791471675,1.527107605266843,0.0
64,7076,7.71185481683202,0.00029454335425184425,6.740646702956396e-05,0.0003036771863537152,4.1778631261665965e-05,4.6109917661851796e-08,1.7454540643940534e-09,0.00016080012006798768,3.748587923915118e-05,0.0003134182438734972,4.369577196547498,1.5271077786687903,0.0
64,7080,7.716214259916718,0.0002931808191321885,6.709464984783535e-05,0.0003022694967209733,4.158496723703722e-05,4.568343570099387e-08,1.729309930773401e-09,0.00016005413004746753,3.731197332533093e-05,0.0003119619909873987,4.369577599626135,1.5271079512305679,0.0
64,7084,7.720573703001417,0.0002918246129782529,6.678428105464782e-05,0.00030086836295278104,4.139220514070579e-05,4.526089014689205e-08,1.7133148066830182e-09,0.00015931161779364687,3.713887815184137e-05,0.0003105125409716827,4.369578000717619,1.5271081229563364,0.0
64,7088,7.724933146086116,0.0002904747062381525,6.647535388703039e-05,0.0002994737543301888,4.120034074648766e-05,4.484226678869163e-08,1.6974681541823627e-09,0.0001585725669884887,3.696658991460595e-05,0.0003090698618150696,4.369578399831928,1.527108293850236,0.0
64,7092,7.729292589170814,0.00028913106949903845,6.616786161383055e-05,0.0002980856402794866,4.100936984818029e-05,4.4427537204683176e-08,1.6817688973903491e-09,0.00015783696139125427,3.679510482756799e-05,0.00030763392165873195,4.369578796978993,1.5271084639163857,0.0
64,7096,7.733652032255513,0.0002877936734863455,6.586179753554218e-05,0.00029670399037142213,4.0819288259455e-05,4.4016644551447826e-08,1.6662148845448076e-09,0.00015710478483808708,3.6624419122593647e-05,0.0003062046887936652,4.369579192168691,1.5271086331588835,0.0
64,7100,7.738011475340212,0.00028646248906327433,6.555715498418692e-05,0.00029532877432065607,4.063009181378207e-05,4.3609546196421434e-08,1.650804501824111e-09,0.00015637602124172304,3.645452904940439e-05,0.00030478213166424957,4.369579585410847,1.5271088015818062,0.0
64,7104,7.7423709184249105,0.0002851374872297339,6.525392732307226e-05,0.00029395996198463734,4.044177636427597e-05,4.3206227928749286e-08,1.6355372112877164e-09,0.00015565065459088718,3.628543087543633e-05,0.00030336621886168876,4.369579976715241,1.5271089691892104,0.0
64,7108,7.746730361509609,0.0002838186391221518,6.495210794674804e-05,0.0002925975233634051,4.025433778366816e-05,4.280666132672195e-08,1.6204119370545392e-09,0.0001549286689501884,3.611712088581573e-05,0.00030195691912887287,4.369580366091598,1.527109135985132,0.0
64,7112,7.751089804594308,0.00028250591601247156,6.465169028077704e-05,0.0002912414285985536,4.006777196416463e-05,4.2410803757775284e-08,1.6054270653029516e-09,0.0001542100484595715,3.5949595383231185e-05,0.0003005542013574258,4.3695807535495925,1.5271093019735869,0.0
64,7116,7.755449247679007,0.0002811992893079099,6.435266778167942e-05,0.00028989164797294426,3.9882074817406335e-05,4.2018598378490424e-08,1.590580444270784e-09,0.00015349477733415644,3.578285068789623e-05,0.000299158034585278,4.3695811390988535,1.5271094671585699,0.0
64,7120,7.759808690763705,0.00027989873054986756,6.405503393668343e-05,0.00028854815190959305,3.969724227431608e-05,4.163001676715794e-08,1.575870998076951e-09,0.00015278283986365127,3.5616883137412435e-05,0.00029776838799688295,4.369581522748958,1.5271096315440558,0.0
64,7124,7.764168133848404,0.00027860421141365276,6.375878226366217e-05,0.00028721091097135557,3.951327028505524e-05,4.124505892377783e-08,1.561298726721453e-09,0.0001520742204121798,3.5451689086729257e-05,0.00029638523092498706,4.369581904509433,1.5271097951339994,0.0
64,7128,7.768527576933103,0.0002773157037077009,6.3463906310955e-05,0.0002858798958601125,3.933015481891166e-05,4.0863653794076527e-08,1.5468609405015773e-09,0.00015136890341784772,3.528726490804285e-05,0.0002950085328481261,4.369582284389758,1.5271099579323353,0.0
64,7132,7.7728870200178015,0.0002760331793728703,6.31703996572063e-05,0.000284555077416036,3.9147891864198775e-05,4.048580137805402e-08,1.532557639417324e-09,0.00015066687339235267,3.512360699070523e-05,0.00029363826338747745,4.369582662399364,1.5271101199429784,0.0
64,7136,7.7772464631025,0.0002747566104819807,6.287825591126001e-05,0.0002832364266171056,3.896647742818893e-05,4.011143062143674e-08,1.5183861337659805e-09,0.00014996811492072633,3.4960711741164104e-05,0.0002922743923122381,4.369583038547633,1.5271102811698234,0.0
64,7140,7.781605906187199,0.00027348596923890123,6.258746871195078e-05,0.00028192391457813046,3.878590753697896e-05,3.97405557350794e-08,1.5043469614880896e-09,0.00014927261266080874,3.4798575582840316e-05,0.00029091688953175365,4.369583412843899,1.5271104416167458,0.0
64,7144,7.785965349271898,0.0002722212279783051,6.229803172804786e-05,0.0002806175125505173,3.86061782354582e-05,3.9373091453853704e-08,1.490436894940396e-09,0.0001485803513431302,3.463719495610035e-05,0.0002895657250997306,4.369583785297449,1.527110601287601,0.0
64,7148,7.790324792356596,0.00027096235916484996,6.200993865806757e-05,0.0002793171919213802,3.842728558718604e-05,3.9009051988614374e-08,1.4766564720634425e-09,0.00014789131577042962,3.447656631814403e-05,0.00028822086921224824,4.3695841559175195,1.5271107601862248,0.0
64,7152,7.794684235441295,0.00026970933539255366,6.172318323013035e-05,0.0002780229242129072,3.824922567430476e-05,3.864838049594255e-08,1.463003541095059e-09,0.00014720549081732236,3.4316686142927084e-05,0.0002868822922069539,4.369584524713303,1.527110918316434,0.0
64,7156,7.799043678525994,0.0002684621293840637,6.143775920179369e-05,0.00027673468108158685,3.8071994597433155e-05,3.829103434327408e-08,1.4494764882136182e-09,0.00014652286142988582,3.415755092106455e-05,0.0002855499645614129,4.369584891693943,1.5271110756820256,0.0
64,7160,7.8034031216106925,0.00026722071399035076,6.115366035998191e-05,0.0002754524343178858,3.7895588475622163e-05,3.793702774146368e-08,1.4360758513596622e-09,0.00014584341262548743,3.3999157159790645e-05,0.00028422385689438217,4.369585256868538,1.5271112322867786,0.0
64,7164,7.807762564695391,0.000265985062189974,6.087088052081806e-05,0.0002741761558454553,3.7720003446245715e-05,3.758628963623778e-08,1.4227989408304787e-09,0.00014516712949235724,3.384150138285917e-05,0.00028290393996427974,4.369585620246138,1.527111388134451,0.0
64,7168,7.81212200778009,0.0002647551470881737,6.0589413529416255e-05,0.00027290581772022605,3.754523566487616e-05,3.7238791605886945e-08,1.4096446807449831e-09,0.00014449399718911488,3.3684580130433206e-05,0.0002815901846671517,4.369585981835746,1.527111543228783,0.0
64,7172,7.816481450864789,0.00026353094191691826,6.0309253259892416e-05,0.000271641392130404,3.7371281305283726e-05,3.6894533650411176e-08,1.3966130711031748e-09,0.00014382400094475615,3.352838995908198e-05,0.0002802825620386057,4.369586341646321,1.5271116975734957,0.0
64,7176,7.820840893949487,0.0002623124200336127,6.003039361506876e-05,0.0002703828513951405,3.7198136559253596e-05,3.65534447155369e-08,1.383701422202342e-09,0.00014315712605794965,3.337292744161694e-05,0.00027898104325106346,4.369586699686774,1.5271118511722914,0.0
64,7180,7.825200337034186,0.000261099554920873,5.9752828526422105e-05,0.00026913016796429934,3.7025797636553777e-05,3.621552480126411e-08,1.3709097340424842e-09,0.000142493357896913,3.321818916706283e-05,0.0002776855996131455,4.369587055965973,1.5271120040288535,0.0
64,7184,7.829559780118885,0.0002598923201859529,5.9476551953952715e-05,0.00026788331441784095,3.6854260764850444e-05,3.588074548588338e-08,1.3582369307425164e-09,0.0001418326818990818,3.306417174058059e-05,0.00027639620257116334,4.3695874104927395,1.5271121561468468,0.0
64,7188,7.8339192232035835,0.000258690689559889,5.9201557885988665e-05,0.0002666422634649184,3.6683522189583553e-05,3.5549035715121136e-08,1.3456803225997265e-09,0.00014117508357062628,3.2910871783354634e-05,0.0002751128237051366,4.369587763275847,1.5271123075299176,0.0
64,7192,7.838278666288282,0.00025749463689733054,5.892784033914687e-05,0.0002654069879437315,3.6513578173946776e-05,3.5220452332396235e-08,1.3332420613762843e-09,0.00014052054848638022,3.275828593257628e-05,0.0002738354347317109,4.369588114324029,1.5271124581816937,0.0
64,7196,7.842638109372981,0.00025630413617566125,5.865539335813212e-05,0.0002641774608205656,3.634442499875523e-05,3.489486744001624e-08,1.3209173056073074e-09,0.00013986906228932012,3.260641084132235e-05,0.0002725640075014004,4.369588463645969,1.5271126081057844,0.0
64,7200,7.84699755245768,0.00025511916149441733,5.838421101560389e-05,0.00026295365518919827,3.61760589623639e-05,3.45723236705453e-08,1.3087076691144232e-09,0.0001392206106902529,3.2455243178482356e-05,0.0002712985139963746,4.369588811250311,1.5271127573057814,0.0
64,7204,7.851356995542378,0.00025393968707485237,5.8114287412076783e-05,0.00026173554427043506,3.6008476380603745e-05,3.4252764180564554e-08,1.2966110001354618e-09,0.00013857517946756643,3.2304779628700344e-05,0.00027003892633549155,4.3695891571456515,1.5271129057852575,0.0
64,7208,7.855716438627077,0.00025276568725897814,5.784561667570098e-05,0.0002605231014111227,3.584167358664592e-05,3.393613212665514e-08,1.2846251469082533e-09,0.0001379327544667077,3.215501689225326e-05,0.0002687852167658852,4.369589501340545,1.527113053547768,0.0
64,7212,7.860075881711776,0.0002515971365095401,5.7578192962256684e-05,0.0002593163000840842,3.5675646930992886e-05,3.3622484352235915e-08,1.2727522611949676e-09,0.0001372933216001402,3.2005951685040984e-05,0.0002675373576687206,4.3695898438434995,1.52711320059685,0.0
64,7216,7.8644353247964744,0.0002504340094093179,5.731201045499399e-05,0.0002581151138874239,3.5510392781382774e-05,3.331170717046916e-08,1.2609880394712647e-09,0.00013665686684698121,3.18575807385018e-05,0.0002662953215554411,4.369590184662982,1.5271133469360223,0.0
64,7220,7.868794767881173,0.0002492762806602127,5.704706336442406e-05,0.0002569195165435499,3.534590752265491e-05,3.3003814792209596e-08,1.249333019677687e-09,0.00013602337625247702,3.170990079949005e-05,0.00026505908106836675,4.369590523807417,1.5271134925687868,0.0
64,7224,7.873154210965872,0.0002481239250828569,5.678334592822974e-05,0.0002557294818987542,3.518218755669206e-05,3.26987930066025e-08,1.2377866638736925e-09,0.0001353928359277763,3.156290863022331e-05,0.0002638286089792536,4.369590861285183,1.527113637498627,0.0
64,7228,7.877513654050571,0.00024697691761627375,5.6520852411187785e-05,0.000254544983922875,3.5019229302373914e-05,3.2396584970229014e-08,1.2263468202971108e-09,0.0001347652320497547,3.141660100824147e-05,0.00026260387818843005,4.369591197104617,1.5271137817290092,0.0
64,7232,7.881873097135269,0.0002458352333170508,5.6259577104979586e-05,0.00025336599670842025,3.4857029195456594e-05,3.209716226137971e-08,1.215012413066857e-09,0.00013414055086054532,3.127097472629733e-05,0.0002613848617259904,4.369591531274013,1.5271139252633823,0.0
64,7236,7.886232540219968,0.000244698847358952,5.599951432810243e-05,0.00025219249447015144,3.4695583688515326e-05,3.1800510669199866e-08,1.2037829042423888e-09,0.00013351877866731523,3.1126026592304456e-05,0.00026017153274920165,4.369591863801624,1.527114068105177,0.0
64,7240,7.890591983304667,0.0002435677350321805,5.574065842570082e-05,0.00025102445154431965,3.453488925083938e-05,3.1506644404544204e-08,1.1926588317642483e-09,0.00013289990184185991,3.098175342924265e-05,0.0002589638645425236,4.369592194695659,1.5271142102578075,0.0
64,7244,7.894951426389365,0.00024244187174292105,5.548300376946174e-05,0.00024986184238819933,3.43749423683679e-05,3.121547820228443e-08,1.181636967989181e-09,0.0001322839068203577,3.083815207510071e-05,0.00025776183051737917,4.369592523964285,1.5271143517246706,0.0
64,7248,7.899310869474064,0.0002413212330126386,5.5226544757454135e-05,0.00024870464157932036,3.421573954358427e-05,3.092699785156583e-08,1.1707167749766442e-09,0.00013167078010295363,3.06952193827794e-05,0.0002565654042109577,4.3695928516156295,1.5271144925091458,0.0
64,7252,7.903670312558763,0.00024020579447821172,5.4971275814159414e-05,0.0002475528238156201,3.405727729553703e-05,3.064118914153369e-08,1.1598977147860954e-09,0.00013106050825384348,3.055295222011109e-05,0.00025537455928648,4.369593177657777,1.5271146326145957,0.0
64,7256,7.9080297556434616,0.00023909553189040763,5.471719139012252e-05,0.0002464063639138534,3.3899552159621135e-05,3.035803786133329e-08,1.149179249476992e-09,0.0001304530779004276,3.041134746966243e-05,0.0002541892695309726,4.369593502098771,1.5271147720443654,0.0
64,7260,7.91238919872816,0.0002379904211139401,5.446428596196513e-05,0.00024526523680963857,3.374256068758427e-05,3.0077529800109915e-08,1.1385608411087918e-09,0.00012984847573333273,3.0270402028739465e-05,0.0002530095088576723,4.3695938249466115,1.5271149108017843,0.0
64,7264,7.916748641812859,0.00023689043812687898,5.4212554032250574e-05,0.00024412941755684605,3.358629944744275e-05,2.979957969273528e-08,1.1280392620382396e-09,0.00012924668850608766,3.0130112809312054e-05,0.0002518352513006286,4.369594146209262,1.5271150488901635,0.0
64,7268,7.921108084897558,0.00023579555901984969,5.3961990129300564e-05,0.00024299888132676243,3.343076502336651e-05,2.952424438262824e-08,1.1176166640275055e-09,0.00012864770303467842,2.999047673791012e-05,0.0002506664710196087,4.369594465894641,1.5271151863127983,0.0
64,7272,7.925467527982256,0.00023470575999571158,5.3712588807121675e-05,0.00024187360340773494,3.32759540156302e-05,2.925139597209636e-08,1.107288205611707e-09,0.00012805150619735512,2.9851490755578664e-05,0.0002495031422953648,4.369594784010632,1.5271153230729675,0.0
64,7276,7.929826971066955,0.00023362101736902009,5.346434464528218e-05,0.00024075355920462007,3.3121863040537334e-05,2.8981119726267934e-08,1.0970571144340993e-09,0.0001274580849343406,2.9713151817809827e-05,0.00024834523953126247,4.369595100565072,1.5271154591739329,0.0
64,7280,7.934186414151654,0.00023254130756562144,5.321725224881935e-05,0.0002396387242383621,3.296848873036228e-05,2.8713358801724098e-08,1.0869212387325121e-09,0.00012686742624760632,2.9575456894490646e-05,0.0002471927372516093,4.369595415565762,1.5271155946189403,0.0
64,7284,7.9385458572363525,0.00023146660712159583,5.297130624799758e-05,0.00023852907414487328,3.281582773319622e-05,2.8448056355045992e-08,1.0768784267447758e-09,0.00012627951720027355,2.943840296976346e-05,0.0002460456101009818,4.369595729020461,1.527115729411219,0.0
64,7288,7.942905300321051,0.00023039689268366598,5.2726501298401894e-05,0.00023742458467546453,3.2663876713006394e-05,2.8185212386233616e-08,1.06692867847089e-09,0.00012569434491684306,2.9301987042079454e-05,0.0002449038328449072,4.369596040936892,1.5271158635539812,0.0
64,7292,7.94726474340575,0.00022933214100756896,5.248283208056533e-05,0.0002363252316951522,3.2512632349403176e-05,2.7924812684432254e-08,1.0570714559703123e-09,0.00012511189658229562,2.916620612398898e-05,0.00024376738036927304,4.369596351322733,1.5271159970504242,0.0
64,7296,7.951624186490449,0.00022827232895846728,5.2240293300062996e-05,0.0002352309911830483,3.2362091337693735e-05,2.7666814617077762e-08,1.0473051454214154e-09,0.00012453215944229176,2.9031057242188102e-05,0.0002426362276764185,4.369596660185628,1.5271161299037284,0.0
64,7300,7.955983629575147,0.00022721743350983666,5.199887968725761e-05,0.00023414183923123897,3.221225038872773e-05,2.7411232395024854e-08,1.0376302847647418e-09,0.00012395512080258286,2.8896537437381327e-05,0.00024151034988916773,4.369596967533179,1.5271162621170586,0.0
64,7304,7.960343072659846,0.0002261674317433355,5.1758585997269516e-05,0.00023305775204463227,3.206310622887641e-05,2.7157938120581093e-08,1.028042032535409e-09,0.00012338076802892735,2.876264376426206e-05,0.00024038972224734207,4.369597273372952,1.5271163936935637,0.0
64,7308,7.964702515744545,0.00022512230084783408,5.151940700975463e-05,0.00023197870593992932,3.1914655599891025e-05,2.6907073902293632e-08,1.0185457681388417e-09,0.00012280908854653958,2.8629373291384128e-05,0.0002392743201079528,4.36959757771247,1.5271165246363758,0.0
64,7312,7.9690619588292435,0.0002240820181197069,5.128133752897126e-05,0.00023090467734593852,3.176689525894608e-05,2.665849763161532e-08,1.0091361121696155e-09,0.00012224006984025933,2.8496723101201305e-05,0.0002381641189460737,4.369597880559221,1.5271166549486124,0.0
64,7316,7.973421401913942,0.00022304656096145046,5.1044372383463815e-05,0.00022983564280212754,3.1619821978440117e-05,2.6412223519400868e-08,9.998136025682723e-10,0.00012167369945378012,2.8364690289887393e-05,0.00023705909435105076,4.3695981819206535,1.5271167846333742,0.0
64,7320,7.977780844998641,0.00022201590688150242,5.080850642602143e-05,0.00022877157895842602,3.147343254596857e-05,2.6168208933086134e-08,9.905766255131852e-10,0.00012110996498954242,2.8233271967311348e-05,0.00023595922202959718,4.36959848180418,1.5271169136937477,0.0
64,7324,7.98214028808334,0.0002209900334938724,5.0573734533593446e-05,0.00022771246257484977,3.1327723764272066e-05,2.592648229438055e-08,9.814262568854388e-10,0.00012054885410853586,2.8102465256991153e-05,0.000234864477801044,4.369598780217173,1.5271170421328026,0.0
64,7328,7.986499731168038,0.00021996891851772473,5.0340051607193964e-05,0.0002266582705210504,3.118269245117447e-05,2.568698675986525e-08,9.723603449228633e-10,0.00011999035453005635,2.797226729603722e-05,0.00023377483760255268,4.369599077166968,1.5271171699535935,0.0
64,7332,7.990859174252737,0.00021895253977667972,5.0107452571741876e-05,0.00022560897977558228,3.103833543948203e-05,2.5449693907830806e-08,9.633778137443737e-10,0.00011943445403131554,2.784267523506132e-05,0.00023269027748212408,4.369599372660864,1.52711729715916,0.0
64,7336,7.995218617337436,0.00021794087519799187,4.987593237587287e-05,0.00022456456742506168,3.0894649576867684e-05,2.5214646370841365e-08,9.544802771715973e-10,0.00011888114044699666,2.7713686238073074e-05,0.00023161077360231414,4.369599666706121,1.5271174237525262,0.0
64,7340,7.9995780604221345,0.00021693390281287962,4.964548599201485e-05,0.00022352501066448576,3.075163172591498e-05,2.498171625120449e-08,9.456628937396518e-10,0.00011833040166941943,2.758529748251836e-05,0.00023053630224071747,4.369599959309965,1.5271175497367007,0.0
64,7344,8.003937503506833,0.0002159316007552985,4.941610841610717e-05,0.00022249028679595506,3.060927876394227e-05,2.4750974603193754e-08,9.369283531512499e-10,0.00011778222564786052,2.7457506159120918e-05,0.00022946683978331814,4.36960025047958,1.5271176751146769,0.0
64,7348,8.008296946591532,0.00021493394726196678,4.9187794667606514e-05,0.0002214603732287003,3.0467587583006456e-05,2.4522350372535584e-08,9.282739657036787e-10,0.00011723660038856832,2.7330309471885795e-05,0.00022840236272994238,4.3696005402221205,1.5271177998894339,0.0
64,7352,8.01265638967623,0.0002139409206715044,4.896053978928986e-05,0.00022043524747819004,3.0326555089780175e-05,2.4295857770084694e-08,9.197002693374812e-10,0.00011669351395428906,2.7203704637988868e-05,0.00022734284769234352,4.369600828544698,1.527117924063935,0.0
64,7356,8.01701583276093,0.00021295249942390474,4.873433884713355e-05,0.00021941488716557172,3.0186178205474925e-05,2.407145416327694e-08,9.112056502310294e-10,0.00011615295446396812,2.7077688887707212e-05,0.00022628827139168752,4.369601115454392,1.5271180476411295,0.0
64,7360,8.021375275845628,0.0002119686620606426,4.8509186930338036e-05,0.00021839927001776147,3.0046453865853422e-05,2.3849125341257604e-08,9.027895704437813e-10,0.00011561491009279303,2.6952259464429128e-05,0.0002252386106595498,4.369601400958244,1.5271181706239505,0.0
64,7364,8.025734718930327,0.0002109893872234149,4.8285079151039675e-05,0.00021738837386616112,2.990737902105308e-05,2.3628842882317258e-08,8.944509540946515e-10,0.00011507936907151742,2.6827413624496537e-05,0.00022419384243817445,4.369601685063261,1.5271182930153178,0.0
64,7368,8.030094162015025,0.00021001465365434198,4.806201064435681e-05,0.0002163821766468334,2.9768950635610118e-05,2.3410620997310616e-08,8.861903391241827e-10,0.0001145463196865469,2.670314863722501e-05,0.0002231539437769809,4.369601967776411,1.5271184148181352,0.0
64,7372,8.034453605099724,0.0002090444401949547,4.7839976568157924e-05,0.00021538065639947139,2.9631165688317783e-05,2.3194431264528248e-08,8.780066496512899e-10,0.00011401575027939631,2.6579461784777227e-05,0.0002221188918359866,4.3696022491046325,1.527118536035293,0.0
64,7376,8.038813048184423,0.00020807872578618324,4.761897210305915e-05,0.00021438379126736365,2.9494021172221568e-05,2.2980188418841863e-08,8.698966580327183e-10,0.0001134876492466665,2.6456350362157576e-05,0.0002210886638820639,4.3696025290548235,1.5271186566696664,0.0
64,7380,8.043172491269122,0.0002071174894675942,4.739899245224961e-05,0.0002133915594966112,2.935751409451145e-05,2.2767991936234466e-08,8.61864129852265e-10,0.00011296200503963034,2.633381167711564e-05,0.00022006323729045836,4.369602807633848,1.5271187767241163,0.0
64,7384,8.04753193435382,0.00020616071037682154,4.718003284136122e-05,0.0002124039394355128,2.9221641476437358e-05,2.2557713919013622e-08,8.539042236450479e-10,0.00011243880616390143,2.621184305006896e-05,0.00021904258954247755,4.369603084848537,1.5271188962014894,0.0
64,7388,8.051891377438519,0.00020520836774947005,4.6962088518446617e-05,0.00021142090953447901,2.9086400353297317e-05,2.234941121059819e-08,8.460190911732368e-10,0.0001119180411793915,2.6090441814093116e-05,0.00021802669822686192,4.3696033607056854,1.527119015104618,0.0
64,7392,8.056250820523218,0.0002042604409185319,4.674515475384557e-05,0.00021044244834541082,2.8951787774352002e-05,2.2143012756714597e-08,8.382060427341192e-10,0.00011139969869997721,2.5969605314844044e-05,0.0002170155410382268,4.369603635212052,1.5271191334363197,0.0
64,7396,8.060610263607916,0.00020331690931374446,4.6529226840038094e-05,0.00020946853452103665,2.881780080273348e-05,2.1938532768217556e-08,8.304656162682379e-10,0.00011088376739314882,2.5849330910476127e-05,0.0002160090957753672,4.3696039083743665,1.5271192511993983,0.0
64,7400,8.064969706692615,0.0002023777524612441,4.631430009156518e-05,0.00020849914681452905,2.8684436515392516e-05,2.1735942823397636e-08,8.227967358945076e-10,0.000110370235979802,2.572961597159368e-05,0.00021500734034428145,4.369604180199317,1.527119368396644,0.0
64,7404,8.069329149777314,0.00020144294998318278,4.610036984494105e-05,0.00020753426407913909,2.8551692003048242e-05,2.1535242922254838e-08,8.151994016129283e-10,0.00010985909323405006,2.5610457881207153e-05,0.00021401025275451512,4.369604450693563,1.5271194850308323,0.0
64,7408,8.073688592862013,0.00020051248159710312,4.5887431458510165e-05,0.00020657386526749973,2.8419564370092343e-05,2.13363762213703e-08,8.076714616613303e-10,0.00010935032798284458,2.5491854034644718e-05,0.00021301781111864035,4.369604719863728,1.5271196011047248,0.0
64,7412,8.078048035946711,0.00019958632711563622,4.567548031237803e-05,0.00020561792943133827,2.828805073454949e-05,2.113935693159874e-08,8.002134539802558e-10,0.0001088439291058279,2.5373801839517854e-05,0.0002120299936551034,4.369604987716402,1.5271197166210697,0.0
64,7416,8.08240747903141,0.00019866446644611628,4.546451180832305e-05,0.000204666435721056,2.8157148228019497e-05,2.094417084208544e-08,7.928248406291626e-10,0.00010833988553510575,2.5256298715668368e-05,0.00021104677868270395,4.369605254258143,1.527119831582601,0.0
64,7420,8.086766922116109,0.00019774687958995588,4.525452136965353e-05,0.0002037193633850827,2.802685399558853e-05,2.0750803741975687e-08,7.855050836675079e-10,0.0001078381862549054,2.513934209508868e-05,0.0002100681446238582,4.369605519495474,1.527119945992039,0.0
64,7424,8.091126365200807,0.0001968335466420799,4.504550444107813e-05,0.00020277669176928186,2.7897165195747277e-05,2.0559212998705334e-08,7.782525692736645e-10,0.00010733882030125812,2.5022929421847825e-05,0.00020909407000360534,4.369605783434886,1.5271200598520909,0.0
64,7428,8.095485808285506,0.0001959244477909909,4.483745648872083e-05,0.00020183840031701793,2.7768079000400194e-05,2.0369355979710235e-08,7.710656836260048e-10,0.00010684177676203492,2.4907058152099744e-05,0.0002081245334474868,4.369606046082835,1.5271201731654493,0.0
64,7432,8.099845251370205,0.00019501956331783395,4.463037299990694e-05,0.0002009044685681684,2.7639592594729605e-05,2.0181303739263967e-08,7.639471164272412e-10,0.00010634704477641857,2.479172575396025e-05,0.00020715951368332689,4.369606307445746,1.527120285934794,0.0
64,7436,8.104204694454904,0.00019411887359609725,4.4424249483094536e-05,0.00019997487615882966,2.751170317715521e-05,1.9994985223092954e-08,7.568941779746614e-10,0.00010585461353475059,2.4676929707471313e-05,0.00020619898953794393,4.3696065675300115,1.5271203981627919,0.0
64,7440,8.108564137539602,0.00019322235909122898,4.421908146778681e-05,0.0001990496028208971,2.738440795927635e-05,1.9810372009487764e-08,7.499057923871803e-10,0.00010536447227830414,2.456266750454815e-05,0.00020524293993946107,4.369606826341992,1.527120509852095,0.0
64,7444,8.112923580624301,0.00019233000036032757,4.401486450446121e-05,0.00019812862838174513,2.725770416582796e-05,1.9627478309303115e-08,7.429824976053405e-10,0.00010487661029911417,2.444893664893961e-05,0.00020429134391678193,4.369607083888012,1.5271206210053434,0.0
64,7448,8.117283023709,0.00019144177805140421,4.38115941644006e-05,0.00019721193276345405,2.713158903457421e-05,1.944626148997486e-08,7.361226798075143e-10,0.00010439101693956544,2.4335734656132132e-05,0.00020334418059347087,4.36960734017437,1.527120731625163,0.0
64,7452,8.121642466793698,0.00019055767290329496,4.3609266039673204e-05,0.00019629949598272187,2.7006059816296385e-05,1.9266749973212427e-08,7.293274148747869e-10,0.00010390768159234641,2.422305905333902e-05,0.00020240142919781499,4.3696075952073254,1.527120841714167,0.0
64,7456,8.126001909878397,0.00018967766574481626,4.3407875742939306e-05,0.00019539129814998652,2.688111377467211e-05,1.9088901126451674e-08,7.225950889855309e-10,0.00010342659369998294,2.41109073793917e-05,0.00020146306905046481,4.3696078489931125,1.5271209512749557,0.0
64,7460,8.130361352963096,0.0001888017374947228,4.320741890744166e-05,0.00019448731946935597,2.675674818626574e-05,1.891265810627374e-08,7.159235503775761e-10,0.00010294774275479577,2.399927718472984e-05,0.00020052907957380953,4.3696081015379304,1.527121060310116,0.0
64,7464,8.134720796047795,0.00018792986916123624,4.300789118689756e-05,0.00019358754023814431,2.6632960340464535e-05,1.8738077756097482e-08,7.093149508130926e-10,0.0001024711182986595,2.3888166031345152e-05,0.00019959944028573735,4.369608352847947,1.5271211688222215,0.0
64,7468,8.139080239132493,0.0001870620418413738,4.280928825534527e-05,0.00019269194084615317,2.6509747539379806e-05,1.8565103232504043e-08,7.027671385299103e-10,0.00010199670992261649,2.3777571492691383e-05,0.00019867413080170736,4.3696086029293,1.5271212768138338,0.0
64,7472,8.143439682217192,0.0001861982367208383,4.261160580711878e-05,0.00019180050177554887,2.638710709783001e-05,1.8393720324638707e-08,6.96279575587487e-10,0.00010152450726681006,2.3667491153668736e-05,0.00019775313083315256,4.369608851788094,1.527121384287501,0.0
64,7476,8.14779912530189,0.00018533843507322097,4.241483955666545e-05,0.00019091320360005453,2.62650363432296e-05,1.822394324335619e-08,6.898527999263649e-10,0.0001010545000200594,2.3557922610524788e-05,0.00019683642018808882,4.369609099430405,1.527121491245759,0.0
64,7480,8.15215856838659,0.00018448261825986675,4.2218985238515116e-05,0.00019003002698477484,2.6143532615564927e-05,1.8055700934382912e-08,6.834841218438318e-10,0.00010058667791975941,2.344886347083113e-05,0.00019592397876844002,4.369609345862276,1.5271215976911303,0.0
64,7484,8.156518011471288,0.0001836307677294081,4.202403860717343e-05,0.0001891509526857311,2.602259326733026e-05,1.7889021819428308e-08,6.771746172209724e-10,0.00010012103075163766,2.3340311353426714e-05,0.00019501578657071144,4.369609591089722,1.5271217036261253,0.0
64,7488,8.160877454555987,0.00018278286501767507,4.182999543710129e-05,0.00018827596154976105,2.5902215663514015e-05,1.7723905898492376e-08,6.709242860577869e-10,9.965754834969974e-05,2.3232263888405103e-05,0.0001941118236893937,4.369609835118724,1.5271218090532412,0.0
64,7492,8.165236897640685,0.000181938891746426,4.163685152242433e-05,0.00018740503451318986,2.5782397181415918e-05,1.7560324749865686e-08,6.647320524731903e-10,9.919622059552159e-05,2.3124718716949515e-05,0.00019321207030907576,4.369610077955238,1.5271219139749637,0.0
64,7496,8.169596340725384,0.00018109882962370066,4.144460267701377e-05,0.0001865381526021958,2.56631352106973e-05,1.7398249951838807e-08,6.585968405860975e-10,9.87370374184431e-05,2.301767349137794e-05,0.00019231650671005127,4.369610319605183,1.5271220183937648,0.0
64,7500,8.173955783810083,0.00018026266044337402,4.125324473438427e-05,0.00018567529693234622,2.554442715331727e-05,1.7237667293557024e-08,6.525181124559662e-10,9.827998879532187e-05,2.2911125875085743e-05,0.0001914251132651165,4.369610560074452,1.5271221223121054,0.0
64,7504,8.178315226894782,0.000179430366084219,4.106277354747945e-05,0.0001848164487076156,2.5426270423397613e-05,1.7078562564165622e-08,6.464953301422537e-10,9.782506475000984e-05,2.2805073542423666e-05,0.00019053787043920583,4.3696107993689095,1.527122225732433,0.0
64,7508,8.18267466997948,0.00017860192851015287,4.087318498872829e-05,0.00018396158922063892,2.5308662447257662e-05,1.6920949974519317e-08,6.405290315855027e-10,9.737225535348741e-05,2.2699514178729058e-05,0.00018965475879180186,4.369611037494387,1.5271223286571838,0.0
64,7512,8.187034113064179,0.0001777773297692379,4.068447494981639e-05,0.00018311069985168005,2.5191600663272356e-05,1.6764744259489817e-08,6.346159891424581e-10,9.692155072331689e-05,2.2594445480198517e-05,0.00018877575897171032,4.369611274456688,1.527122431088781,0.0
64,7516,8.191393556148878,0.00017695655199367527,4.049663934168464e-05,0.0001822637620686145,2.5075082521869878e-05,1.6610030684205412e-08,6.287594304563749e-10,9.647294102363108e-05,2.248986515388518e-05,0.00018790085172005667,4.369611510261586,1.5271225330296363,0.0
64,7520,8.195752999233576,0.00017613957739965116,4.030967409449393e-05,0.00018142075742675498,2.4959105485507657e-05,1.6456752405247244e-08,6.229572037650832e-10,9.602641646503771e-05,2.2385770917676467e-05,0.0001870300178683131,4.369611744914827,1.5271226344821487,0.0
64,7524,8.200112442318275,0.00017532638828609878,4.0123575157341874e-05,0.00018058166756758798,2.4843667028498546e-05,1.6304866790051165e-08,6.172076952469554e-10,9.5581967303953e-05,2.2282160500138724e-05,0.0001861632383398166,4.3696119784221255,1.5271227354487058,0.0
64,7528,8.204471885402974,0.00017451696703511013,3.993833849835705e-05,0.0001797464742191646,2.4728764637064594e-05,1.6154402260326606e-08,6.115119807830766e-10,9.513958384280185e-05,2.217903164056388e-05,0.0001853004941469359,4.369612210789168,1.5271228359316826,0.0
64,7532,8.208831328487673,0.00017371129611099914,3.975396010448458e-05,0.00017891515919515462,2.46143958092069e-05,1.600531618350942e-08,6.058684465518193e-10,9.469925642952076e-05,2.207638208885357e-05,0.00018444176639176708,4.369612442021613,1.527122935933443,0.0
64,7536,8.213190771572371,0.00017290935806055105,3.95704359815432e-05,0.00017808770439510068,2.4500558054740608e-05,1.5857608559599612e-08,6.002770925531834e-10,9.426097545769207e-05,2.197420960555044e-05,0.00018358703626537206,4.36961267212509,1.5271230354563385,0.0
64,7540,8.21755021465707,0.0001721111355118014,3.9387762153945845e-05,0.00017726409180311795,2.4387248895115976e-05,1.5711279388597177e-08,5.94737918787169e-10,9.382473136584693e-05,2.1872511961675632e-05,0.0001827362850485544,4.369612901105199,1.5271231345027092,0.0
64,7544,8.221909657741769,0.00017131661117442013,3.9205934664787544e-05,0.00017644430348831474,2.4274465863476276e-05,1.5566300248792686e-08,5.892498493726911e-10,9.339051463769264e-05,2.1771286938781812e-05,0.00018188949410964387,4.369613128967513,1.5271232330748832,0.0
64,7548,8.226269100826467,0.00017052576783867403,3.9024949575607975e-05,0.00017562832160371067,2.416220650450894e-05,1.5422656929331424e-08,5.838123463692072e-10,9.295831580153789e-05,2.1670532328819155e-05,0.00018104664490574133,4.3696133557175765,1.5271233311751773,0.0
64,7552,8.230628543911166,0.00016973858837574817,3.8844802966465016e-05,0.00017481612838656915,2.4050468374491303e-05,1.528032100850396e-08,5.784243338956324e-10,9.252812543046864e-05,2.1570245934176356e-05,0.0001802077189800423,4.3696135813609045,1.5271234288058966,0.0
64,7556,8.234987986995865,0.0001689550557365849,3.866549093566908e-05,0.00017400770615716457,2.3939249041121004e-05,1.5139335118874442e-08,5.73087425773594e-10,9.209993414168805e-05,2.147042556752676e-05,0.00017937269796396184,4.369613805902985,1.527123525969334,0.0
64,7560,8.239347430080564,0.00016817515295219129,3.848700959985342e-05,0.00017320303731912202,2.3828546083562727e-05,1.499965662787872e-08,5.678000081814648e-10,9.167373259670105e-05,2.1371069051871377e-05,0.00017854156357652448,4.369614029349281,1.5271236226677722,0.0
64,7564,8.243706873165262,0.00016739886313291884,3.830935509380935e-05,0.00017240210435866688,2.3718357092344947e-05,1.4861257113807369e-08,5.625610052381596e-10,9.124951150091539e-05,2.127217422044589e-05,0.00017771429762040923,4.369614251705222,1.5271237189034819,0.0
64,7568,8.248066316249961,0.00016662616946804172,3.813252357038969e-05,0.0001716048898441775,2.3608679669298403e-05,1.472412236580567e-08,5.573698790031359e-10,9.082726160340222e-05,2.1173738916664837e-05,0.0001768908819856242,4.369614472976216,1.5271238146787216,0.0
64,7572,8.25242575933466,0.0001658570552258304,3.7956511200525596e-05,0.0001708113764262388,2.3499511427563476e-05,1.4588252383873623e-08,5.522266294763938e-10,9.040697369691982e-05,2.107576099412713e-05,0.0001760712986483671,4.369614693167639,1.5271239099957399,0.0
64,7576,8.256785202419358,0.00016509150375247688,3.778131417298066e-05,0.00017002154683655823,2.3390849991441033e-05,1.4453661378865945e-08,5.471317945984757e-10,8.998863861734449e-05,2.0978238316483414e-05,0.00017525552966829512,4.369614912284844,1.5271240048567734,0.0
64,7580,8.261144645504057,0.00016432949847205606,3.7606928694342015e-05,0.00016923538388791465,2.328269299638541e-05,1.432030671821849e-08,5.420837605477542e-10,8.957224724364136e-05,2.0881168757429226e-05,0.00017444355719183261,4.369615130333154,1.5271240992640478,0.0
64,7584,8.265504088588756,0.00016357102288645317,3.7433350989003756e-05,0.00016845287047405745,2.317503808899053e-05,1.4188188401931257e-08,5.370825273242293e-10,8.915779049780536e-05,2.0784550200691264e-05,0.0001736353634484609,4.369615347317865,1.5271241932197777,0.0
64,7588,8.269863531673455,0.00016281606057451733,3.7260577298973205e-05,0.0001676739895688479,2.3067882926871763e-05,1.40572637974401e-08,5.321264811062736e-10,8.87452593444095e-05,2.0688380539922065e-05,0.0001728309307493172,4.369615563244248,1.5271242867261663,0.0
64,7592,8.274222974758153,0.00016206459519218778,3.708860388389983e-05,0.0001668987242263738,2.2961225178681724e-05,1.3927603959018597e-08,5.272183115965994e-10,8.833464479066253e-05,2.0592657678713446e-05,0.00017203024149295727,4.369615778117547,1.5271243797854062,0.0
64,7596,8.278582417842852,0.00016131661047162692,3.691742702087683e-05,0.00016612705758005803,2.28550625239876e-05,1.3799109410683741e-08,5.223542532114093e-10,8.792593788593726e-05,2.049737953048656e-05,0.0001712332781569792,4.369615991942977,1.5271244723996789,0.0
64,7600,8.28294186092755,0.00016057209022117192,3.674704300443005e-05,0.00016535897284258603,2.274939265326119e-05,1.3671780152435531e-08,5.175343059507034e-10,8.751912972172735e-05,2.040254401848181e-05,0.0001704400233068889,4.369616204725731,1.5271245645711549,0.0
64,7604,8.28730130401225,0.00015983101832482447,3.65774481464012e-05,0.00016459445330539987,2.2644213267809312e-05,1.3545658816838113e-08,5.127600836361091e-10,8.711421143138387e-05,2.0308149075697427e-05,0.00016965045958477698,4.369616416470972,1.527124656301994,0.0
64,7608,8.291660747096948,0.0001590933787422479,3.640863877594725e-05,0.0001638334823386726,2.2539522079770243e-05,1.3420716982182057e-08,5.080305103865414e-10,8.671117419009695e-05,2.0214192644885223e-05,0.00016886456971791435,4.369616627183838,1.5271247475943452,0.0
64,7612,8.296020190181647,0.00015835915550778575,3.6240611239315766e-05,0.00016307604339028985,2.2435316811973643e-05,1.3296897805048502e-08,5.033434344398304e-10,8.631000921435488e-05,2.0120672678424465e-05,0.00016808233651443555,4.369616836869443,1.5271248384503469,0.0
64,7616,8.300379633266346,0.00015762833273047313,3.607336189984754e-05,0.00016232211998587059,2.233159519794339e-05,1.3174243918001594e-08,4.987004696176035e-10,8.591070776195742e-05,2.0027587138324992e-05,0.00016730374286221585,4.3696170455328724,1.5271249288721267,0.0
64,7620,8.304739076351044,0.0001569008945939071,3.5906887137946916e-05,0.0001615716957286073,2.2228354981875615e-05,1.3052712688477186e-08,4.941000020982334e-10,8.551326113192536e-05,1.9934933996206127e-05,0.00016652877173267455,4.369617253179188,1.5271250188618013,0.0
64,7624,8.309098519435743,0.00015617682535550224,3.5741183350911455e-05,0.00016082475429851281,2.212559391853505e-05,1.2932318327329995e-08,4.895425698222623e-10,8.5117660664105e-05,1.9842711233204487e-05,0.000165757406174226,4.369617459813423,1.5271251084214774,0.0
64,7628,8.313457962520442,0.00015545610934640874,3.557624695291314e-05,0.0001600812794523222,2.202330977324156e-05,1.2813003991141159e-08,4.850260210275204e-10,8.47238977391131e-05,1.975091683996112e-05,0.00016498962931685995,4.3696176654405905,1.527125197553251,0.0
64,7632,8.31781740560514,0.00015473873097103852,3.541207437488998e-05,0.0001593412550229963,2.1921500321801833e-05,1.2694826523329539e-08,4.805525074761777e-10,8.433196377807256e-05,1.965954881655992e-05,0.00016422542437064276,4.369617870065673,1.5271252862592075,0.0
64,7636,8.322176848689839,0.0001540246747065099,3.524866206441888e-05,0.0001586046649191456,2.1820163350430114e-05,1.2577729080476274e-08,4.761198774060643e-10,8.394185024230643e-05,1.9568605172456265e-05,0.00016346477462467324,4.36961807369363,1.527125374541422,0.0
64,7640,8.326536291774538,0.0001533139251027228,3.508600648573287e-05,0.00015787149312511541,2.1719296655759927e-05,1.2461711662581365e-08,4.717281308171799e-10,8.35535486333848e-05,1.9478083926487978e-05,0.00016270766344482246,4.369618276329396,1.5271254624019595,0.0
64,7644,8.330895734859237,0.00015260646678184815,3.4924104119604275e-05,0.00015714172370043123,2.1618898044767773e-05,1.2346745847935381e-08,4.673761918284399e-10,8.316705049282513e-05,1.9387983106805442e-05,0.0001619540742779137,4.369618477977881,1.527125549842874,0.0
64,7648,8.335255177943935,0.0001519022844377569,3.476295146321399e-05,0.0001564153407792235,2.1518965334693986e-05,1.2232888479957182e-08,4.6306621220201404e-10,8.278234740179049e-05,1.9298300750801258e-05,0.00016120399064784875,4.369618678643971,1.52712563686621,0.0
64,7652,8.339614621028634,0.00015120136283626638,3.460254503020793e-05,0.00015569232857045776,2.1419496353074394e-05,1.2120054293518479e-08,4.587949642946474e-10,8.239943098120645e-05,1.9209034905137508e-05,0.00016045739615548802,4.369618878332524,1.5271257234740017,0.0
64,7656,8.343974064113333,0.00015050368681411593,3.4442881350462535e-05,0.0001549726713568993,2.1320488937597894e-05,1.20082717103287e-08,4.54563523987425e-10,8.201829289121715e-05,1.9120183625618945e-05,0.0001597142744795413,4.369619077048378,1.5271258096682727,0.0
64,7660,8.348333507198031,0.00014980924127893974,3.428395697007859e-05,0.0001542563534950633,2.1221940936099573e-05,1.1897512308678415e-08,4.5037081539926186e-10,8.163892483115452e-05,1.903174497718581e-05,0.00015897460937686728,4.369619274796341,1.527125895451037,0.0
64,7664,8.35269295028273,0.00014911801120901796,3.412576845132428e-05,0.0001535433594149513,2.1123850206524474e-05,1.178776187771291e-08,4.462163005896154e-10,8.126131853939707e-05,1.8943717033880924e-05,0.00015823838467803942,4.369619471581203,1.5271259808242985,0.0
64,7668,8.357052393367429,0.00014842998165279724,3.3968312372525426e-05,0.00015283367361956478,2.102621461686065e-05,1.167906304999633e-08,4.4210159338011326e-10,8.088546579311416e-05,1.885609787879007e-05,0.0001575055842924251,4.369619667407726,1.5271260657900507,0.0
64,7672,8.361411836452127,0.00014774513772877165,3.381158532803826e-05,0.0001521272806847678,2.0929032045120296e-05,1.1571373192964529e-08,4.380250799491278e-10,8.051135840819009e-05,1.8768885604024302e-05,0.00015677619220394025,4.369619862280648,1.5271261503502778,0.0
64,7676,8.365771279536826,0.00014706346462494413,3.365558392812617e-05,0.00015142416525872792,2.083230037926281e-05,1.1464635463198647e-08,4.3398460853448917e-10,8.013898823892737e-05,1.8682078310650748e-05,0.00015605019247415255,4.369620056204685,1.5271262345069534,0.0
64,7680,8.370130722621525,0.00014638494759844763,3.3500304798873e-05,0.00015072431206152024,2.073601751714033e-05,1.135892091497226e-08,4.299828688389098e-10,7.976834717783599e-05,1.859567410864351e-05,0.00015532756923514933,4.3696202491845275,1.527126318262042,0.0
64,7684,8.374490165706224,0.00014570957197539603,3.334574458214893e-05,0.00015002770588497464,2.0640181366476713e-05,1.1254172704866505e-08,4.260177091002197e-10,7.939942715555254e-05,1.85096711168648e-05,0.00015460830669728528,4.369620441224843,1.5271264016174981,0.0
64,7688,8.378849608790922,0.00014503732315047666,3.319189993551723e-05,0.00014933433159224733,2.0544789844808598e-05,1.115037662202667e-08,4.220885913778764e-10,7.903222014061177e-05,1.842406746301169e-05,0.00015389238914605477,4.3696206323302755,1.5271264845752661,0.0
64,7692,8.383209051875621,0.00014436818658669517,3.303876753217586e-05,0.00014864417411754766,2.0449840879447812e-05,1.1047546877307468e-08,4.181960536124224e-10,7.86667181392998e-05,1.8338861283581875e-05,0.00015317980093797025,4.369620822505448,1.5271265671372811,0.0
64,7696,8.38756849496032,0.00014370214781491848,3.28863440608529e-05,0.00014795721846568035,2.0355332407418395e-05,1.094565504899947e-08,4.143390199227726e-10,7.83029131954145e-05,1.825405072381784e-05,0.00015247052650565557,4.369621011754955,1.5271266493054685,0.0
64,7700,8.391927938045018,0.00014303919243380253,3.273462622578996e-05,0.00014727344971193968,2.026126237544205e-05,1.084471534795739e-08,4.1051802824946973e-10,7.794079739020297e-05,1.8169633937692256e-05,0.00015176455035346135,4.369621200083371,1.527126731081744,0.0
64,7704,8.396287381129717,0.00014237930610914052,3.2583610746593113e-05,0.00014659285300145094,2.0167628739847534e-05,1.0744741985035944e-08,4.067336165330561e-10,7.758036284201559e-05,1.808560908782736e-05,0.00015106185705986204,4.369621387495249,1.527126812468014,0.0
64,7708,8.400646824214416,0.00014172247457380156,3.243329435821876e-05,0.0001459154135491008,2.007442946656108e-05,1.0645663905961555e-08,4.029830950708193e-10,7.722160170626786e-05,1.8001974345486034e-05,0.0001503624312764257,4.369621573995115,1.527126893466175,0.0
64,7712,8.405006267299115,0.00014106868362732096,3.2283673810879945e-05,0.00014524111663911533,1.9981662531048345e-05,1.054749532158894e-08,3.992670018033018e-10,7.686450617521709e-05,1.7918727890519767e-05,0.00014966625772449104,4.369621759587476,1.5271269740781148,0.0
64,7716,8.409365710383813,0.0001404179191355675,3.213474586997016e-05,0.00014456994762468694,1.9889325918263086e-05,1.0450250442772813e-08,3.955858746710462e-10,7.650906847775847e-05,1.7835867911321108e-05,0.00014897332119978432,4.3696219442768145,1.527127054305711,0.0
64,7720,8.413725153468512,0.00013977016703031295,3.1986507315964826e-05,0.00014390189192756635,1.979741762259103e-05,1.0353900847803743e-08,3.9193863779296734e-10,7.615528087921671e-05,1.7753392604775077e-05,0.00014828360656926582,4.369622128067591,1.5271271341508326,0.0
64,7724,8.41808459655321,0.00013912541330942334,3.183895494446513e-05,0.00014323693503822183,1.970593564787176e-05,1.0258403904117586e-08,3.883236773474379e-10,7.580313568142221e-05,1.767130017627695e-05,0.00014759709876999196,4.3696223109642425,1.5271272136153384,0.0
64,7728,8.42244403963791,0.0001384836440359626,3.169208556599282e-05,0.00014257506251492237,1.9614878007272612e-05,1.0163830665987916e-08,3.847436830371703e-10,7.545262522222726e-05,1.758958883961945e-05,0.00014691378281092346,4.369622492971184,1.5271272927010788,0.0
64,7732,8.426803482722608,0.00013784484533810776,3.1545896005970825e-05,0.00014191625998365002,1.95242427232766e-05,1.0070110079141159e-08,3.8119596515945204e-10,7.510374187545957e-05,1.750825681698194e-05,0.00014623364377207269,4.369622674092811,1.5271273714098947,0.0
64,7736,8.431162925807307,0.0001372090034089476,3.140038310467718e-05,0.00014126051313788498,1.9434027827652838e-05,9.97728477614146e-09,3.7768213753591064e-10,7.475647805080695e-05,1.74273023389035e-05,0.00014555666680244066,4.3696228543334925,1.5271274497436178,0.0
64,7740,8.435522368892006,0.00013657610450616884,3.1255543717173205e-05,0.0001406078077382745,1.9344231361411007e-05,9.885283702715242e-09,3.741995104638336e-10,7.441082619364034e-05,1.7346723644241724e-05,0.00014488283712225578,4.369623033697578,1.5271275277040708,0.0
64,7744,8.439881811976704,0.00013594613495118279,3.111137471310364e-05,0.00013995812961172807,1.925485137467688e-05,9.794163702281367e-09,3.7075023570539093e-10,7.406677878453388e-05,1.7266518980060784e-05,0.000144212140019636,4.369623212189395,1.5271276052930671,0.0
64,7748,8.444241255061403,0.00013531908112988014,3.096787297686939e-05,0.00013931146465219783,1.9165885926799654e-05,9.703839509711543e-09,3.6733108561732767e-10,7.372432833967861e-05,1.7186686601727914e-05,0.00014354456085359426,4.36962338981325,1.5271276825124116,0.0
64,7752,8.448600698146102,0.00013469492949145763,3.082503540735899e-05,0.000138667798819462,1.9077333086184614e-05,9.61436796842463e-09,3.639442119618138e-10,7.338346741023679e-05,1.710722477276287e-05,0.00014288008505164548,4.369623566573424,1.5271277593638997,0.0
64,7756,8.4529601412308,0.0001340736665485162,3.0682858917971065e-05,0.00013802711813921565,1.8989190930305614e-05,9.525734867565916e-09,3.605890767983068e-10,7.304418858238792e-05,1.702813176484866e-05,0.0001422186981098061,4.369623742474183,1.527127835849318,0.0
64,7760,8.4573195843155,0.0001334552788766536,3.0541340436521114e-05,0.0001373894087026573,1.8901457545648187e-05,9.437911785425968e-09,3.5726460424572166e-10,7.270648447711102e-05,1.6949405857780787e-05,0.00014156038559126665,4.369623917519765,1.5271279119704446,0.0
64,7764,8.461679027400198,0.00013283975311393465,3.0400476905120277e-05,0.0001367546566659354,1.8814131027633408e-05,9.350912932859501e-09,3.539713322446009e-10,7.237034774989034e-05,1.6871045339398646e-05,0.00014090513312912858,4.369624091714392,1.5271279877290482,0.0
64,7768,8.466038470484897,0.00013222707596141533,3.0260265280295264e-05,0.00013612284825067618,1.8727209480690507e-05,9.264709888157086e-09,3.5070818491385964e-10,7.203577109099181e-05,1.6793048505649973e-05,0.00014025292642218265,4.369624265062258,1.5271280631268893,0.0
64,7772,8.470397913569595,0.00013161723418151445,3.0120702532615713e-05,0.00013549396974230576,1.8640691018026038e-05,9.179316862173437e-09,3.4747570019404023e-10,7.170274722457518e-05,1.6715413660383872e-05,0.0001396037512386719,4.369624437567546,1.5271281381657194,0.0
64,7776,8.474757356654294,0.000131010214599257,2.9981785646978728e-05,0.00013486800749133634,1.8554573761800826e-05,9.094691222344409e-09,3.4427226426351524e-10,7.13712689093758e-05,1.663813911550973e-05,0.00013895759341206197,4.369624609234408,1.527128212847281,0.0
64,7780,8.479116799738993,0.00013040600410069652,2.984351162224786e-05,0.00013424494791172356,1.846885584290398e-05,9.010847179524717e-09,3.410984150628272e-10,7.104132893783144e-05,1.656122319079368e-05,0.00013831443884381844,4.369624780066981,1.5271282871733083,0.0
64,7784,8.483476242823691,0.000129804589633184,2.9705877471314607e-05,0.00013362477748114893,1.8383535400991733e-05,8.927798944569076e-09,3.3795469053251857e-10,7.071292013623305e-05,1.6484664213893746e-05,0.00013767427349974074,4.36962495006938,1.527128361145527,0.0
64,7788,8.48783568590839,0.00012920595820514643,2.9568880221047762e-05,0.00013300748274078185,1.829861058445473e-05,8.845503884913342e-09,3.348394768509619e-10,7.038603536459656e-05,1.640846052032995e-05,0.00013703708341356098,4.369625119245696,1.527128434765654,0.0
64,7792,8.492195128993089,0.0001286100968857935,2.9432516912226292e-05,0.00013239305029497087,1.8214079550375536e-05,8.763962000557513e-09,3.317527740181571e-10,7.006066751649828e-05,1.6332610453445933e-05,0.000136402854685331,4.369625287600006,1.5271285080353976,0.0
64,7796,8.496554572077788,0.00012801699280438428,2.92967845993715e-05,0.0001317814668104963,1.8129940464425804e-05,8.683173291501589e-09,3.286945820341043e-10,6.97368095186808e-05,1.6257112364317104e-05,0.00013577157347686113,4.369625455136362,1.5271285809564579,0.0
64,7800,8.500914015162486,0.00012742663315058625,2.916168035082921e-05,0.00013117271901692275,1.80461915009148e-05,8.603137757745571e-09,3.2566490089880344e-10,6.941445433123608e-05,1.6181964611793304e-05,0.00013514322601937306,4.369625621858795,1.5271286535305264,0.0
64,7804,8.505273458247185,0.00012683900517382758,2.902720124862151e-05,0.00013056679370593608,1.796283084269816e-05,8.523841188434744e-09,3.2266319267171205e-10,6.909359494725536e-05,1.6107165562417193e-05,0.00013451779860638148,4.3696257877713185,1.5271287257592863,0.0
64,7808,8.509632901331884,0.00012625409618302307,2.8893344388384055e-05,0.0001299636777310489,1.78798566811374e-05,8.445283583569108e-09,3.1968945735283006e-10,6.877422439267061e-05,1.6032713590387303e-05,0.00013389527759666127,4.369625952877924,1.5271287976444121,0.0
64,7812,8.513992344416582,0.00012567189354635976,2.8760106879317e-05,0.00012936335800738216,1.7797267216069827e-05,8.367436521439231e-09,3.167426190610726e-10,6.845633572613965e-05,1.5958607077531242e-05,0.000133275649413491,4.369626117182585,1.5271288691875708,0.0
64,7816,8.518351787501281,0.00012509238469102775,2.862748584412339e-05,0.00012876582151138876,1.7715060655770566e-05,8.29031421289983e-09,3.1382321573698206e-10,6.813992203889984e-05,1.5884844413271594e-05,0.00013265890054235582,4.369626280689252,1.5271289403904207,0.0
64,7820,8.52271123058598,0.00012451555710287393,2.8495478418929924e-05,0.00012817105528048598,1.7633235216901954e-05,8.213902447096189e-09,3.1093070944001603e-10,6.782497645457133e-05,1.5811423994580048e-05,0.00013204501753471282,4.369626443401858,1.5271290112546112,0.0
64,7824,8.527070673670679,0.00012394139832621018,2.8364081753243052e-05,0.0001275790464128476,1.7551789124484953e-05,8.138201224028307e-09,3.0806510017017446e-10,6.751149212904492e-05,1.5738344225951265e-05,0.00013143398700299607,4.369626605324315,1.5271290817817846,0.0
64,7828,8.531430116755377,0.00012336989596352347,2.823329300988264e-05,0.00012698978206711822,1.747072061185984e-05,8.063210543696187e-09,3.052263879274574e-10,6.71994622503334e-05,1.56656035193682e-05,0.0001308257956243056,4.369626766460517,1.5271291519735746,0.0
64,7832,8.535789559840076,0.000122801037675191,2.8103109364916776e-05,0.00012640324946209172,1.7390027920641986e-05,7.988901984390395e-09,3.0241349683077977e-10,6.688888003839574e-05,1.5593200294261145e-05,0.00013022043013854412,4.369626926814337,1.5271292218316066,0.0
64,7836,8.540149002924775,0.00012223481117920083,2.7973528007597837e-05,0.0001258194358764573,1.7309709300686907e-05,7.915275546110934e-09,2.996264268801417e-10,6.657973874500941e-05,1.5521132977477953e-05,0.00012961787734515657,4.369627086389628,1.527129291357498,0.0
64,7840,8.544508446009473,0.0001216712042508171,2.7844546140285875e-05,0.00012523832864840795,1.72297630100364e-05,7.842302807148371e-09,2.968641021944581e-10,6.627203165355367e-05,1.544940000323351e-05,0.00012901812410908586,4.369627245190227,1.5271293605528589,0.0
64,7844,8.548867889094172,0.00012111020472233285,2.7716160978392045e-05,0.00012465991517541052,1.715018731488691e-05,7.770054821776284e-09,2.941292124764415e-10,6.596575207889288e-05,1.537799981308254e-05,0.0001284211573561377,4.369627403219946,1.5271294294192903,0.0
64,7848,8.55322733217887,0.00012055180048312733,2.7588369750391726e-05,0.00012408418291424966,1.7070980489595565e-05,7.698446324866381e-09,2.914185300828369e-10,6.566089336739663e-05,1.53069308559243e-05,0.00012782696407223366,4.369627560482585,1.5271294979583863,0.0
64,7852,8.55758677526357,0.00011999597947875791,2.7461169697616707e-05,0.00012351111938009295,1.6992140816551595e-05,7.627491527273378e-09,2.887325929541868e-10,6.535744889644498e-05,1.5236191587887236e-05,0.00012723553130526748,4.369627716981919,1.5271295661717323,0.0
64,7856,8.561946218348268,0.00011944272971116481,2.733455807430202e-05,0.00012294071214669956,1.691366658620499e-05,7.557218850706704e-09,2.8607247697157624e-10,6.505541207453857e-05,1.5165780472354652e-05,0.0001266468461655127,4.369627872721706,1.5271296340609064,0.0
64,7860,8.566305661432967,0.0001188920392383889,2.7208532147521392e-05,0.0001223729488461178,1.6835556097024935e-05,7.487571451747499e-09,2.8343603037283517e-10,6.475477634113595e-05,1.5095695979926787e-05,0.00012606089582102196,4.369628027705687,1.5271297016274787,0.0
64,7864,8.570665104517666,0.00011834389617412912,2.708308919708592e-05,0.00012180781716823665,1.675780765543808e-05,7.418577752105193e-09,2.808243290390487e-10,6.445553516641776e-05,1.5025936588365856e-05,0.00012547766750244566,4.369628181937582,1.5271297688730117,0.0
64,7868,8.575024547602364,0.00011779828868766114,2.6958226515525495e-05,0.00012124530486068656,1.66804195758149e-05,7.3502235409250716e-09,2.7823683502967415e-10,6.415768205123107e-05,1.4956500782583047e-05,0.00012489714849877985,4.369628335421093,1.5271298357990595,0.0
64,7872,8.579383990687063,0.00011725520500335121,2.683394140797752e-05,0.00012068539972834557,1.6603390180401765e-05,7.282508818207134e-09,2.756735483447117e-10,6.386121052682939e-05,1.4887387054577931e-05,0.00012431932616086612,4.369628488159903,1.5271299024071694,0.0
64,7876,8.583743433771762,0.00011671463340052744,2.6710231192157466e-05,0.00012012808963319895,1.652671779930161e-05,7.215390951387235e-09,2.731328551625338e-10,6.356611415479663e-05,1.481859390342074e-05,0.00012374418789810288,4.3696286401576785,1.5271299686988802,0.0
64,7880,8.58810287685646,0.00011617656221323283,2.6587093198302338e-05,0.00011957336249407526,1.6450400770437636e-05,7.1488841513200896e-09,2.7061529342368293e-10,6.327238652690562e-05,1.4750119835219363e-05,0.00012317172117664774,4.369628791418066,1.5271300346757237,0.0
64,7884,8.59246231994116,0.00011564097983016535,2.646452476915698e-05,0.00011902120628659399,1.6374437439546093e-05,7.0830310505698435e-09,2.6812247694978657e-10,6.29800212650922e-05,1.4681963363113331e-05,0.00012260191352592235,4.3696289419446925,1.5271301003392241,0.0
64,7888,8.596821763025858,0.00011510787469405034,2.6342523259830437e-05,0.0001184716090425006,1.629882616008481e-05,7.017774805717636e-09,2.656522539786748e-10,6.26890120210994e-05,1.4614123007190846e-05,0.00012203475253076024,4.369629091741168,1.5271301656908975,0.0
64,7892,8.601181206110557,0.00011457723530140897,2.6221086037742972e-05,0.0001179245588494459,1.6223565293202853e-05,6.953086995054036e-09,2.632035486292626e-10,6.239935247636446e-05,1.4546597294462455e-05,0.00012147022583548004,4.369629240811087,1.5271302307322534,0.0
64,7896,8.605540649195255,0.00011404905020246888,2.610021048260561e-05,0.00011738004385086604,1.6148653207723976e-05,6.889052883707336e-09,2.6077958854480493e-10,6.211103634194942e-05,1.4479384758844873e-05,0.00012090832114239757,4.369629389158023,1.5271302954647932,0.0
64,7900,8.609900092279954,0.00011352330800126101,2.5979893986442308e-05,0.00011683805224608652,1.6074088280160968e-05,6.825572995694529e-09,2.5837660814150434e-10,6.182405735859706e-05,1.4412483941174013e-05,0.00012034902621155262,4.3696295367855305,1.5271303598900108,0.0
64,7904,8.614259535364653,0.00011299999735452828,2.5860133953340187e-05,0.00011629857228920449,1.5999868894561875e-05,6.7626615418703295e-09,2.559951453599033e-10,6.153840929614073e-05,1.4345893389067408e-05,0.00011979232886065879,4.369629683697149,1.527130424009393,0.0
64,7908,8.618618978449351,0.00011247910697206332,2.5740927799526854e-05,0.00011576159228943034,1.592599344255699e-05,6.700375365653599e-09,2.5363735196217183e-10,6.125408595368367e-05,1.4279611656966023e-05,0.00011923821696485224,4.3696298298964,1.5271304878244194,0.0
64,7912,8.62297842153405,0.00011196062561665962,2.562227295335918e-05,0.00011522710061102399,1.5852460323350072e-05,6.638657623625477e-09,2.513010761861399e-10,6.097108115956267e-05,1.4213637306125766e-05,0.00011868667845477892,4.369629975386787,1.5271305513365618,0.0
64,7916,8.627337864618749,0.00011144454210312195,2.550416685509687e-05,0.00011469508567228507,1.5779267943579466e-05,6.577479894076532e-09,2.489852421507226e-10,6.068938877081544e-05,1.4147968904493343e-05,0.00011813770132003256,4.369630120171793,1.527130614547285,0.0
64,7920,8.631697307703448,0.00011093084529873865,2.538660695701053e-05,0.00011416553594602321,1.5706414717382745e-05,6.516884809570911e-09,2.466914636775474e-10,6.04090026734262e-05,1.4082605026763488e-05,0.00011759127360546957,4.369630264254889,1.5271306774580466,0.0
64,7924,8.636056750788146,0.00011041952412245393,2.5269590723192253e-05,0.00011363843995871127,1.5633899066280264e-05,6.456843948399182e-09,2.444186648855293e-10,6.012991678187866e-05,1.4017544254274769e-05,0.00011704738341229567,4.369630407639525,1.5271307400702971,0.0
64,7928,8.640416193872845,0.0001099105675450767,2.51531156296034e-05,0.00011311378629069962,1.5561719419204607e-05,6.397371521416062e-09,2.421673837152107e-10,5.985212503926934e-05,1.3952785175036001e-05,0.0001165060188968345,4.369630550329132,1.5271308023854795,0.0
64,7932,8.644775636957544,0.00010940396458887355,2.503717916398147e-05,0.00011259156357577727,1.548987421244023e-05,6.338424896057404e-09,2.399360063449643e-10,5.9575621417071044e-05,1.3888326383671102e-05,0.0001159671682721635,4.369630692327131,1.5271308644050299,0.0
64,7936,8.649135080042242,0.00010889970432738372,2.4921778825797735e-05,0.0001120717605009955,1.5418361889599183e-05,6.280032494032639e-09,2.377256086558749e-10,5.930039991504267e-05,1.3824166481398071e-05,0.00011543081980660175,4.369630833636918,1.5271309261303772,0.0
64,7940,8.653494523126941,0.00010839777588497485,2.48069121261556e-05,0.00011155436580620679,1.5347180901557684e-05,6.222180104487052e-09,2.3553565270740015e-10,5.9026454560984204e-05,1.376030407597188e-05,0.00011489696182227286,4.3696309742618755,1.5271309875629433,0.0
64,7944,8.65785396621164,0.00010789816843692721,2.469257658780985e-05,0.00011103936828414438,1.5276329706467068e-05,6.164881938275357e-09,2.333666764400825e-10,5.8753779410777575e-05,1.3696737781693981e-05,0.00011436558269924478,4.36963111420537,1.5271310487041432,0.0
64,7948,8.662213409296339,0.00010740087120874506,2.4578769745009073e-05,0.00011052675677968746,1.5205806769652682e-05,6.108081151978695e-09,2.3121652809175195e-10,5.84823685479922e-05,1.3633466219320367e-05,0.00011383667086776649,4.369631253470749,1.5271311095553848,0.0
64,7952,8.666572852381037,0.00010690587347636338,2.446548914354296e-05,0.00011001652019012121,1.5135610563649678e-05,6.051834589015925e-09,2.290873594245785e-10,5.821221608403253e-05,1.3570488016095956e-05,0.00011331021481648362,4.369631392061344,1.527131170118069,0.0
64,7956,8.670932295465736,0.00010641316456591356,2.43527323406887e-05,0.00010950864746484012,1.506573956816218e-05,5.9960569842587574e-09,2.2697594279530722e-10,5.7943316157969526e-05,1.3507801805715314e-05,0.0001127862030855228,4.369631529980473,1.5271312303935893,0.0
64,7960,8.675291738550435,0.00010592273385293954,2.4240496905031565e-05,0.00010900312760456685,1.4996192269955833e-05,5.940847813690198e-09,2.248860437877355e-10,5.767566293613257e-05,1.3445406228227513e-05,0.00011226462426960038,4.36963166723143,1.5271312903833336,0.0
64,7964,8.679651181635133,0.00010543457076271938,2.4128780416538535e-05,0.00010849994966168035,1.4926967162902938e-05,5.8861076013272395e-09,2.2281389681806597e-10,5.7409250612282614e-05,1.33832999300765e-05,0.00011174546701774753,4.369631803817501,1.5271313500886816,0.0
64,7968,8.684010624719832,0.00010494866476998244,2.401758046649354e-05,0.00010799910273990154,1.4858062747939197e-05,5.831893190588744e-09,2.207616536484685e-10,5.714407340744083e-05,1.3321481564061153e-05,0.00011122872003220232,4.369631939741949,1.5271314095110071,0.0
64,7972,8.68837006780453,0.00010446500539826354,2.3906894657349687e-05,0.00010750057599365435,1.4789477532975833e-05,5.7781903706199955e-09,2.187287763384007e-10,5.6880125569556114e-05,1.3259949789257762e-05,0.00011071437206609326,4.369632075008025,1.5271314686516768,0.0
64,7976,8.69272951088923,0.00010398358222018473,2.379672060279373e-05,0.00010700435862832668,1.4721210032935466e-05,5.724956508856849e-09,2.1671365106623503e-10,5.661740137363696e-05,1.3198703271050783e-05,0.00011020241192813982,4.3696322096189615,1.5271315275120507,0.0
64,7980,8.697088953973928,0.00010350438485686402,2.368705592761076e-05,0.00010651043989967266,1.4653258769669902e-05,5.6722484487181646e-09,2.1471842959414147e-10,5.63558951214374e-05,1.3137740681059612e-05,0.00010969282847794058,4.369632343577974,1.527131586093482,0.0
64,7984,8.701448397058627,0.0001030274029780448,2.3577898267713817e-05,0.00010601880911393875,1.458562227197746e-05,5.619995135930367e-09,2.1274042221940757e-10,5.609560114152243e-05,1.3077060697153846e-05,0.00010918561062803236,4.369632476888266,1.5271316443973173,0.0
64,7988,8.705807840143326,0.00010255262630122946,2.3469245269945635e-05,0.00010552945562696464,1.4518299075479292e-05,5.568224992202886e-09,2.1078070482311834e-10,5.583651378879047e-05,1.3016662003341956e-05,0.0001086807473432534,4.369632609553022,1.5271317024248967,0.0
64,7992,8.710167283228024,0.00010208004459250749,2.336109459226813e-05,0.0001050423688450449,1.4451287722737921e-05,5.516952228390437e-09,2.0883981534581622e-10,5.557862744493144e-05,1.2956543289878071e-05,0.0001081782276388284,4.369632741575408,1.5271317601775531,0.0
64,7996,8.714526726312723,0.00010160964766494618,2.3253443903394128e-05,0.00010455753822325872,1.4384586763027448e-05,5.46614842278359e-09,2.0691667790641625e-10,5.5321936517540005e-05,1.2896703253055258e-05,0.00010767804058514991,4.369632872958581,1.5271318176566138,0.0
64,8000,8.718886169397422,0.00010114142537965058,2.3146290883029938e-05,0.0001040749532665573,1.431819475248316e-05,5.415799364527629e-09,2.0501075456437596e-10,5.506643544069014e-05,1.283714059533947e-05,0.00010718017529839433,4.369633003705675,1.5271318748633984,0.0
64,8004,8.72324561248212,0.00010067536764473016,2.3039633221638858e-05,0.00010359460352869932,1.425211025395507e-05,5.365905053622555e-09,2.0312204531969533e-10,5.481211867437173e-05,1.27778540252382e-05,0.0001066846209504185,4.369633133819814,1.5271319317992211,0.0
64,8008,8.72760505556682,0.00010021146441558354,2.293346862050634e-05,0.00010311647861255635,1.4186331837049937e-05,5.316508122632513e-09,2.0125216399400181e-10,5.45589807046547e-05,1.2718842257338746e-05,0.00010619136676297325,4.369633263304103,1.5271319884653887,0.0
64,8012,8.731964498651518,9.974970569408747e-05,2.282779479155441e-05,0.00010264056816924403,1.4120858078011739e-05,5.267537517283927e-09,1.99398420884583e-10,5.430701604322222e-05,1.2660104012199387e-05,0.00010570040200621756,4.369633392161634,1.5271320448632024,0.0
64,8016,8.736323941736217,9.929008152904203e-05,2.2722609457443504e-05,0.0001021668618986078,1.4055687559788489e-05,5.219035870140942e-09,1.9756242981306634e-10,5.405621922763337e-05,1.2601638016410627e-05,0.00010521171600256048,4.369633520395482,1.5271321009939567,0.0
64,8020,8.740683384820915,9.883258201551442e-05,2.2617910351422348e-05,0.00010169534954851655,1.399081887193507e-05,5.170960548639414e-09,1.9574257695782436e-10,5.380658482094306e-05,1.2543443002506574e-05,0.00010472529812481757,4.369633648008705,1.5271321568589393,0.0
64,8024,8.745042827905614,9.837719729488405e-05,2.2513695217338247e-05,0.00010122602091493642,1.3926250610623377e-05,5.123368396198202e-09,1.9394101408102703e-10,5.3558107411746704e-05,1.2485517708975365e-05,0.00010424113779471167,4.369633775004349,1.5271322124594318,0.0
64,8028,8.749402270990313,9.792391755433974e-05,2.2409961809522006e-05,0.00010075886584138677,1.3861981378567486e-05,5.076188358543732e-09,1.921550514799619e-10,5.3310781613886816e-05,1.2427860880190768e-05,0.00010375922448379583,4.369633901385442,1.5271322677967096,0.0
64,8032,8.753761714075011,9.747273302680216e-05,2.230670789277022e-05,0.00010029387421886593,1.379800978501342e-05,5.029448857385432e-09,1.9038576503571392e-10,5.3064602066414904e-05,1.2370471266403295e-05,0.0001032795477131708,4.3696340271550005,1.5271323228720415,0.0
64,8036,8.75812115715971,9.702363399082658e-05,2.2203931242322988e-05,9.983103598574998e-05,1.3734334445725243e-05,4.983121471013874e-09,1.8863207886719813e-10,5.281956343353767e-05,1.2313347623727662e-05,0.00010280209705363047,4.369634152316023,1.527132377686691,0.0
64,8040,8.762480600244409,9.65766107702682e-05,2.2101629643787332e-05,9.937034112744092e-05,1.3670953982936637e-05,4.9372346211384865e-09,1.8689506885549955e-10,5.2575660404429355e-05,1.2256488714099038e-05,0.00010232686212434099,4.369634276871492,1.5271324322419142,0.0
64,8044,8.766840043329108,9.613165373402624e-05,2.199980089307863e-05,9.891177967610858e-05,1.3607867025315418e-05,4.89175988604984e-09,1.8517365911953315e-10,5.233288769309616e-05,1.2199893305241449e-05,0.00010185383259334486,4.36963440082438,1.5271324865389615,0.0
64,8048,8.771199486413806,9.568875329590385e-05,2.189844279638856e-05,9.845534171052974e-05,1.354507220794138e-05,4.846725687457365e-09,1.8346892554038392e-10,5.209124003828775e-05,1.2143560170647131e-05,0.0001013829981763101,4.369634524177639,1.5271325405790772,0.0
64,8052,8.775558929498505,9.5247899914456e-05,2.1797553170150285e-05,9.800101735593746e-05,1.3482568172285581e-05,4.802103603651631e-09,1.817797922369669e-10,5.18507122034187e-05,1.208748808955824e-05,0.0001009143486388871,4.36963464693421,1.5271325943634997,0.0
64,8056,8.779918372583204,9.48090840926798e-05,2.1697129840967587e-05,9.754879678371261e-05,1.3420353566167902e-05,4.757879423777922e-09,1.8010572126873957e-10,5.161129897640743e-05,1.2031675846929284e-05,0.00010044787379209994,4.369634769097018,1.5271326478934608,0.0
64,8060,8.784277815667902,9.437229637787372e-05,2.1597170645582653e-05,9.709867021120623e-05,1.3358427043732604e-05,4.714067358690954e-09,1.7844725057624443e-10,5.1372995169575336e-05,1.1976122233403616e-05,9.998356349936694e-05,4.369634890668973,1.5271327011701865,0.0
64,8064,8.788637258752601,9.393752736126229e-05,2.1497673430790168e-05,9.665062790136997e-05,1.3296787265397488e-05,4.6706816192454426e-09,1.76804918100024e-10,5.113579561945478e-05,1.1920826045268679e-05,9.952140766558355e-05,4.369635011652972,1.5271327541948967,0.0
64,8068,8.7929967018373,9.350476767800228e-05,2.1398636053438757e-05,9.620466016277058e-05,1.3235432897855894e-05,4.627665362022526e-09,1.7517657207790829e-10,5.0899695186798456e-05,1.1865786084458174e-05,9.906139624874525e-05,4.369635132051895,1.527132806968805,0.0
64,8072,8.797356144921999,9.307400800694986e-05,2.1300056380377678e-05,9.576075734931475e-05,1.3174362614038837e-05,4.5850612195863505e-09,1.7356382633152475e-10,5.066468875642632e-05,1.1811001158516394e-05,9.860351924936684e-05,4.369635251868613,1.5271328594931202,0.0
64,8076,8.801715588006697,9.264523907027937e-05,2.120193228836958e-05,9.531890985988818e-05,1.311357509306535e-05,4.542840770227485e-09,1.7196560497978845e-10,5.043077123704121e-05,1.175647008055523e-05,9.814776671838215e-05,4.369635371105975,1.5271329117690438,0.0
64,8080,8.806075031091396,9.221845163357203e-05,2.1104261664110826e-05,9.487910813842048e-05,1.3053069020251428e-05,4.501032435655361e-09,1.7038298390378434e-10,5.019793756125768e-05,1.1702191669260893e-05,9.769412875102112e-05,4.3696354897668215,1.5271329637977717,0.0
64,8084,8.810434474176095,9.179363650528281e-05,2.1007042404109453e-05,9.44413426733416e-05,1.299284308703523e-05,4.459579372451117e-09,1.6881381134134248e-10,4.996618268531548e-05,1.1648164748827124e-05,9.724259549048932e-05,4.369635607853977,1.5271330155804947,0.0
64,8088,8.814793917260793,9.137078453668405e-05,2.0910272414672283e-05,9.400560399753306e-05,1.2932895990970373e-05,4.418524213178898e-09,1.672597011140903e-10,4.9735501589055546e-05,1.1594388148949594e-05,9.679315712520599e-05,4.369635725370252,1.5271330671183967,0.0
64,8092,8.819153360345492,9.094988662189464e-05,2.0813949611911622e-05,9.357188268833859e-05,1.2873226435727402e-05,4.37785274698399e-09,1.6572011528148537e-10,4.950588927592177e-05,1.154086070482632e-05,9.634580389015593e-05,4.369635842318443,1.5271331184126564,0.0
64,8096,8.82351280343019,9.053093369727401e-05,2.0718071921606536e-05,9.314016936693682e-05,1.2813833131007484e-05,4.337550763011677e-09,1.6419451590298513e-10,4.9277340772628183e-05,1.1487581257080076e-05,9.590052606587748e-05,4.369635958701332,1.5271331694644465,0.0
64,8100,8.82787224651489,9.011391674137312e-05,2.062263727919166e-05,9.271045469829934e-05,1.2754714792536635e-05,4.2976182612619596e-09,1.6268290297858965e-10,4.9049851129138574e-05,1.143454865175364e-05,9.545731397865589e-05,4.369636074521691,1.5271332202749341,0.0
64,8104,8.832231689599588,8.969882677486505e-05,2.0527643629741313e-05,9.228272939111856e-05,1.2695870142055795e-05,4.258041030880122e-09,1.611847385677564e-10,4.882341541862817e-05,1.1381761740300865e-05,9.501615799981466e-05,4.36963618978227,1.5271332708452805,0.0
64,8108,8.836591132684287,8.928565486045274e-05,2.0433088927948375e-05,9.185698419769838e-05,1.26372979073058e-05,4.21886170443031e-09,1.5970163649211282e-10,4.8598028737422846e-05,1.1329219379572506e-05,9.4577048546745e-05,4.369636304485814,1.5271333211766411,0.0
64,8112,8.840950575768986,8.887439210217697e-05,2.033897113796592e-05,9.143320991324735e-05,1.2578996821930115e-05,4.180009227638948e-09,1.5823090704894654e-10,4.837368620462613e-05,1.1276920431729261e-05,9.413997608040055e-05,4.369636418635049,1.5271333712701658,0.0
64,8116,8.845310018853684,8.846502964573399e-05,2.0245288233479907e-05,9.101139737619776e-05,1.252096562551875e-05,4.141540443924896e-09,1.5677470200042745e-10,4.815038296228643e-05,1.122486376428077e-05,9.370493110761794e-05,4.36963653223269,1.527133421126999,0.0
64,8120,8.849669461938383,8.805755867781847e-05,2.015203819755882e-05,9.059153746754214e-05,1.2463203063516979e-05,4.103412720724009e-09,1.5533140752492813e-10,4.7928114175048735e-05,1.11730482500044e-05,9.327190417938786e-05,4.369636645281437,1.5271334707482789,0.0
64,8124,8.854028905023082,8.765197042644793e-05,2.00592190227279e-05,9.017362111113256e-05,1.2405707887266505e-05,4.065640268891002e-09,1.5390156156299104e-10,4.7706875030305606e-05,1.112147276698046e-05,9.284088589039584e-05,4.369636757783976,1.5271335201351388,0.0
64,8128,8.85838834810778,8.724825616028929e-05,1.9966828710815043e-05,8.975763927302545e-05,1.2348478853915334e-05,4.02820887757116e-09,1.524846261740737e-10,4.748666073785849e-05,1.1070136198513238e-05,9.241186687988101e-05,4.369636869742982,1.5271335692887062,0.0
64,8132,8.86274779119248,8.68464071890299e-05,1.9874865273035696e-05,8.934358296182356e-05,1.229151472646481e-05,3.991118546764483e-09,1.510806013581761e-10,4.726746653009033e-05,1.1019037433171243e-05,9.198483783228336e-05,4.369636981161116,1.527133618210103,0.0
64,8136,8.867107234277178,8.644641486236062e-05,1.9783326729760133e-05,8.893144322765483e-05,1.2234814273629145e-05,3.954397698180401e-09,1.4969056299638323e-10,4.704928766143057e-05,1.0968175364662484e-05,9.155978947299657e-05,4.369637092041024,1.5271336669004454,0.0
64,8140,8.871466677361877,8.604827057063662e-05,1.9692211110664696e-05,8.852121116284573e-05,1.2178376269928043e-05,3.9180036992547684e-09,1.4831289726706763e-10,4.683211940871e-05,1.0917548891917199e-05,9.113671257329613e-05,4.3696372023853405,1.5271337153608444,0.0
64,8144,8.875826120446575,8.565196574424839e-05,1.960151645458784e-05,8.811287790124618e-05,1.212219949559383e-05,3.881950760842301e-09,1.4694814211077176e-10,4.661595707079782e-05,1.0867156919003232e-05,9.071559794619005e-05,4.369637312196686,1.5271337635924054,0.0
64,8148,8.880185563531274,8.525749185329029e-05,1.951124080945427e-05,8.770643461792242e-05,1.2066282736529206e-05,3.846196250378853e-09,1.4559468370586817e-10,4.640079596844615e-05,1.0816998355089804e-05,9.029643644827358e-05,4.369637421477669,1.5271338115962285,0.0
64,8152,8.884545006615973,8.486484040793966e-05,1.9421382232361718e-05,8.730187252951829e-05,1.2010624784356931e-05,3.810811222138e-09,1.4425521175506932e-10,4.618663144447525e-05,1.0767072114490671e-05,8.987921898037688e-05,4.369637530230883,1.5271338593734087,0.0
64,8156,8.888904449700672,8.44740029577061e-05,1.9331938789409138e-05,8.689918289349669e-05,1.1955224436315491e-05,3.775724621846166e-09,1.4292703655566275e-10,4.5973458863374986e-05,1.0717377116571243e-05,8.946393648331355e-05,4.369637638458912,1.527133906925035,0.0
64,8160,8.89326389278537,8.408497109135203e-05,1.9242908555678506e-05,8.649835700804156e-05,1.1900080495245597e-05,3.740979082067497e-09,1.4161177192927593e-10,4.57612736112497e-05,1.0667912285735705e-05,8.905057994237071e-05,4.369637746164324,1.5271339542521907,0.0
64,8164,8.897623335870069,8.369773643707428e-05,1.9154289615276412e-05,8.609938621224893e-05,1.1845191769616472e-05,3.7065461810925626e-09,1.4030834199482386e-10,4.5550071095919986e-05,1.061867655145076e-05,8.863914038450029e-05,4.369637853349675,1.527134001355955,0.0
64,8168,8.901982778954768,8.331229066178555e-05,1.9066080061169584e-05,8.570226188539172e-05,1.179055707342471e-05,3.672440129776078e-09,1.3901728469284905e-10,4.533984674653483e-05,1.0569668848155207e-05,8.822960887807293e-05,4.36963796001751,1.5271340482374012,0.0
64,8172,8.906342222039466,8.292862547155572e-05,1.897827799528591e-05,8.530697544736351e-05,1.1736175226255319e-05,3.6386467172633274e-09,1.3773806208280904e-10,4.513059601380395e-05,1.0520888115314105e-05,8.782197653446924e-05,4.369638066170358,1.5271340948975973,0.0
64,8176,8.910701665124165,8.254673261078675e-05,1.8890881528325603e-05,8.49135183578302e-05,1.1682045053165025e-05,3.6051659435543115e-09,1.3647067416470377e-10,4.492231436954937e-05,1.0472333297314231e-05,8.741623450631183e-05,4.36963817181074,1.5271341413376063,0.0
64,8180,8.915061108208864,8.216660386235363e-05,1.8803888779793454e-05,8.45218821163692e-05,1.1628165384701401e-05,3.5719693869395996e-09,1.352140450574483e-10,4.4714997306777607e-05,1.0424003343480914e-05,8.701237398661766e-05,4.36963827694116,1.5271341875584854,0.0
64,8184,8.919420551293562,8.178823104756594e-05,1.871729787799004e-05,8.413205826242799e-05,1.1574535056897187e-05,3.5391138908380526e-09,1.3397032652321257e-10,4.450864033965752e-05,1.0375897208072864e-05,8.661038621157997e-05,4.369638381564112,1.5271342335612874,0.0
64,8188,8.923779994378261,8.141160602571248e-05,1.863110695990751e-05,8.374403837485791e-05,1.1521152911206133e-05,3.5065284009760944e-09,1.3273682885928414e-10,4.4303239003274046e-05,1.0328013850224775e-05,8.621026245716156e-05,4.369638485682077,1.5271342793470593,0.0
64,8192,8.92813943746296,8.103672069389896e-05,1.854531417119244e-05,8.335781407174286e-05,1.1468017794479443e-05,3.474269760772586e-09,1.3151570382783298e-10,4.409878885353668e-05,1.0280352233925976e-05,8.581199404017352e-05,4.369638589297523,1.5271343249168432,0.0
64,8196,8.932498880547659,8.066356698722714e-05,1.8459917666186845e-05,8.297337701059076e-05,1.1415128558992111e-05,3.4422953376633814e-09,1.303053376072316e-10,4.389528546728232e-05,1.0232911328044414e-05,8.54155723189413e-05,4.3696386924129085,1.5271343702716762,0.0
64,8200,8.936858323632357,8.029213687805783e-05,1.8374915607759476e-05,8.259071888754103e-05,1.136248406233389e-05,3.410605131648481e-09,1.2910573019748002e-10,4.369272444184873e-05,1.0185690106227217e-05,8.50209886912882e-05,4.369638795030676,1.5271344154125903,0.0
64,8204,8.941217766717056,7.992242237633775e-05,1.8290306167380666e-05,8.220983143773866e-05,1.1310083167460757e-05,3.379227564437315e-09,1.279179574796632e-10,4.349110139528044e-05,1.0138687546948698e-05,8.462823459668986e-05,4.3696388971532585,1.5271344603406123,0.0
64,8208,8.945577209801755,7.95544155290737e-05,1.820608752500197e-05,8.18307064347705e-05,1.125792474261736e-05,3.348134214320453e-09,1.2674094357269617e-10,4.329041196602566e-05,1.0091902633439691e-05,8.423730151309276e-05,4.369638998783075,1.527134505056764,0.0
64,8212,8.949936652886453,7.918810842036144e-05,1.8122257869062773e-05,8.14533356906927e-05,1.1206007661340787e-05,3.317325081297895e-09,1.2557468847657895e-10,4.309065181295036e-05,1.0045334353690838e-05,8.384818095922833e-05,4.369639099922535,1.5271345495620623,0.0
64,8216,8.954296095971152,7.882349317135347e-05,1.803881539648294e-05,8.107771105599637e-05,1.115433080245585e-05,3.286785954514926e-09,1.24418654250769e-10,4.289181661531991e-05,9.998981700448314e-06,8.346086449314712e-05,4.369639200574034,1.527134593857519,0.0
64,8220,8.95865553905585,7.846056193958753e-05,1.795575831250911e-05,8.070382441892816e-05,1.1102893049981606e-05,3.256545255680976e-09,1.2327391677635136e-10,4.2693902072441944e-05,9.952843671130559e-06,8.307534371420311e-05,4.369639300739956,1.5271346379441406,0.0
64,8224,8.96301498214055,7.809930691916353e-05,1.78730848307552e-05,8.033166770563933e-05,1.1051693293151873e-05,3.2266029847960453e-09,1.2214047605332598e-10,4.249690390373836e-05,9.906919267845076e-06,8.269161025851779e-05,4.369639400422673,1.5271346818229297,0.0
64,8228,8.967374425225248,7.773972034060403e-05,1.779079317317049e-05,7.99612328800791e-05,1.1000730426400553e-05,3.1969165092959884e-09,1.2101671826006542e-10,4.230081784869664e-05,9.861207497377071e-06,8.230965580278794e-05,4.3696394996245465,1.527134725494883,0.0
64,8232,8.971733868309947,7.738179447057972e-05,1.770888156997678e-05,7.959251194367715e-05,1.0950003349317948e-05,3.16747161832609e-09,1.1990210545602717e-10,4.2105639666694475e-05,9.815707371148578e-06,8.192947206288841e-05,4.369639598347924,1.527134768960993,0.0
64,8236,8.976093311394646,7.702552161178979e-05,1.7627348259641017e-05,7.922549693523052e-05,1.089951096663521e-05,3.138353577014641e-09,1.1879986528446618e-10,4.191136513694207e-05,9.770417905205005e-06,8.155105079244082e-05,4.369639696595144,1.5271348122222466,0.0
64,8240,8.980452754479344,7.667089410267029e-05,1.7546191488808562e-05,7.886017993061538e-05,1.0849252188184678e-05,3.1094629093786352e-09,1.1770623216158502e-10,4.1717990058332125e-05,9.725338120180162e-06,8.117438378448543e-05,4.369639794368531,1.5271348552796264,0.0
64,8244,8.984812197564043,7.631790431742954e-05,1.7465409512311278e-05,7.849655304279978e-05,1.0799225928901638e-05,3.080870669691649e-09,1.1662389579009615e-10,4.1525510249441575e-05,9.680467041296669e-06,8.079946287054945e-05,4.369639891670401,1.5271348981341102,0.0
64,8248,8.989171640648742,7.596654466571106e-05,1.7385000593090407e-05,7.813460842150633e-05,1.0749431108777911e-05,3.052520014534821e-09,1.155507044078296e-10,4.1333921548355176e-05,9.635803698324823e-06,8.042627991946321e-05,4.369639988503054,1.5271349407866708,0.0
64,8252,8.99353108373344,7.561680759253819e-05,1.7304963002183888e-05,7.777433825315002e-05,1.0699866652853308e-05,3.0244251547628664e-09,1.1448719595532786e-10,4.11432198126315e-05,9.591347125574679e-06,8.005482684033263e-05,4.369640084868783,1.5271349832382766,0.0
64,8256,8.99789052681814,7.526868557811417e-05,1.7225295018680602e-05,7.741573476062842e-05,1.0650531491186751e-05,2.996614512085216e-09,1.1343444631367591e-10,4.095340091919101e-05,9.547096361869957e-06,7.968509557762403e-05,4.369640180769866,1.5271350254898903,0.0
64,8260,9.002249969902838,7.492217113752917e-05,1.7145994929653336e-05,7.705879020302571e-05,1.0601424558815571e-05,2.969031243083009e-09,1.1239030372070379e-10,4.076446076416075e-05,9.503050450511829e-06,7.931707811485813e-05,4.369640276208574,1.527135067542471,0.0
64,8264,9.006609412987537,7.457725682082151e-05,1.7067061030172785e-05,7.670349687566576e-05,1.05525447957628e-05,2.9417179803203908e-09,1.1135638199803897e-10,4.057639526290019e-05,9.459208439284952e-06,7.895076647299335e-05,4.369640371187162,1.5271351093969727,0.0
64,8268,9.010968856072235,7.423393521270393e-05,1.698849162324491e-05,7.634984710982942e-05,1.0503891146998282e-05,2.914646302087931e-09,1.1033160526459646e-10,4.0389200349851566e-05,9.415569380422577e-06,7.85861527099234e-05,4.369640465707877,1.5271351510543447,0.0
64,8272,9.015328299156934,7.389219893222401e-05,1.6910285019733227e-05,7.599783327241099e-05,1.0455462562391406e-05,2.8878304192403448e-09,1.0931651146091879e-10,4.02028719783593e-05,9.372132330564444e-06,7.822322892059246e-05,4.369640559772955,1.5271351925155319,0.0
64,8276,9.019687742241633,7.35520406330878e-05,1.6832439538432866e-05,7.564744776623951e-05,1.0407257996755318e-05,2.8612703317776322e-09,1.083111005870059e-10,4.0017406120837534e-05,9.328896350795853e-06,7.786198723810246e-05,4.369640653384617,1.5271352337814739,0.0
64,8280,9.024047185326332,7.321345300303404e-05,1.6754953505927368e-05,7.529868302944047e-05,1.0359276409759095e-05,2.834951828845078e-09,1.0731483470231535e-10,3.9832798768433606e-05,9.2858605065692e-06,7.750241983147962e-05,4.369640746545078,1.5271352748531062,0.0
64,8284,9.02840662841103,7.287642876369105e-05,1.6677825256555925e-05,7.495153153528299e-05,1.0311516765906728e-05,2.8088749104426824e-09,1.0632771380684712e-10,3.9649045930946003e-05,9.243023867684855e-06,7.714451890622607e-05,4.3696408392565385,1.52713531573136,0.0
64,8288,9.032766071495729,7.25409606707655e-05,1.660105313245659e-05,7.460598579236302e-05,1.026397803456233e-05,2.78302536571573e-09,1.0534919996005872e-10,3.946614363691905e-05,9.200385508313237e-06,7.678827670479114e-05,4.36964093152119,1.5271353564171615,0.0
64,8292,9.037125514580428,7.220704151364058e-05,1.652463548347431e-05,7.426203834421246e-05,1.0216659189896353e-05,2.757417405518936e-09,1.0437983110249265e-10,3.928408793344073e-05,9.157944506947682e-06,7.643368550669925e-05,4.369641023341214,1.5271353969114325,0.0
64,8296,9.041484957665126,7.187466411524391e-05,1.6448570667130703e-05,7.391968176913699e-05,1.0169559210863271e-05,2.7320652407070156e-09,1.0342014517469137e-10,3.910287488605151e-05,9.115699946383182e-06,7.608073762630913e-05,4.369641114718777,1.52713543721509,0.0
64,8300,9.045844400749825,7.154382133171751e-05,1.6372857048548516e-05,7.357890867988281e-05,1.0122677081155752e-05,2.7069262387158233e-09,1.0246852835502744e-10,3.8922500578569174e-05,9.07365091367556e-06,7.572942541328273e-05,4.36964120565604,1.5271354773290475,0.0
64,8304,9.050203843834524,7.121450605261915e-05,1.6297493000497732e-05,7.323971172386079e-05,1.007601178923548e-05,2.6820288212547894e-09,1.0152605652458584e-10,3.8742961113211196e-05,9.03179650016999e-06,7.53797412553071e-05,4.369641296155148,1.5271355172542127,0.0
64,8308,9.054563286919223,7.088671120078668e-05,1.6222476903364494e-05,7.29020835829644e-05,1.0029562328308104e-05,2.6573587774691987e-09,1.0059219174282406e-10,3.8564252610489274e-05,8.990135801476413e-06,7.503167757401574e-05,4.369641386218241,1.5271355569914897,0.0
64,8312,9.058922730003921,7.056042973160008e-05,1.614780714498224e-05,7.256601697284035e-05,9.98332769622291e-06,2.6329161073590512e-09,9.966693400974212e-11,3.838637120882987e-05,8.948667917381078e-06,7.468522682845457e-05,4.369641475847444,1.527135596541778,0.0
64,8316,9.06328217308862,7.023565463350284e-05,1.607348212075101e-05,7.223150464341761e-05,9.93730689554559e-06,2.6086723892149166e-09,9.874920744425504e-11,3.8209313064852545e-05,8.907391951911424e-06,7.434038150982647e-05,4.369641565044873,1.5271356359059731,0.0
64,8320,9.067641616173319,6.991237892732178e-05,1.5999500233481808e-05,7.18985393781975e-05,9.891498933460579e-06,2.584698677310371e-09,9.784170174907526e-11,3.803307435299217e-05,8.866307013248018e-06,7.39971341464018e-05,4.369641653812635,1.5271356750849652,0.0
64,8324,9.072001059258017,6.959059566658282e-05,1.592585989346884e-05,7.15671139945888e-05,9.845902821817158e-06,2.560923917371838e-09,9.694172722149033e-11,3.785765126567839e-05,8.825412213766382e-06,7.365547730284686e-05,4.369641742152823,1.527135714079641,0.0
64,8328,9.076360502342716,6.927029793712691e-05,1.5852559518401632e-05,7.123722134350048e-05,9.800517577073422e-06,2.5373907419634634e-09,9.60508976831277e-11,3.7683040013117675e-05,8.784706669986189e-06,7.331540357648198e-05,4.369641830067523,1.5271357528908824,0.0
64,8332,9.080719945427415,6.89514788568232e-05,1.5779597533299386e-05,7.0908854309042e-05,9.755342220255054e-06,2.5140423076663865e-09,9.516706137181746e-11,3.750923682313373e-05,8.744189502534058e-06,7.297690559865657e-05,4.369641917558809,1.5271357915195671,0.0
64,8336,9.085079388512113,6.863413157539599e-05,1.5706972370471388e-05,7.058200580836271e-05,9.71037577693322e-06,2.4909070361900376e-09,9.429129416864455e-11,3.7336237941086216e-05,8.703859836124609e-06,7.263997603719122e-05,4.369642004628745,1.5271358299665687,0.0
64,8340,9.089438831596812,6.831824927495237e-05,1.563468246963774e-05,7.025666879217014e-05,9.665617277295882e-06,2.468013349243847e-09,9.342467195469397e-11,3.716403963013978e-05,8.663716799623175e-06,7.230460759409226e-05,4.3696420912793865,1.5271358682327565,0.0
64,8344,9.093798274681511,6.800382516880627e-05,1.556272627766026e-05,6.993283624353324e-05,9.621065755983156e-06,2.4453044034089544e-09,9.256504296779575e-11,3.6992638170633675e-05,8.623759525898857e-06,7.197079300373859e-05,4.369642177512775,1.527135906318995,0.0
64,8348,9.09815771776621,6.769085250213679e-05,1.5491102248693126e-05,6.96105011785539e-05,9.576720252179683e-06,2.4228086203947896e-09,9.171348308903486e-11,3.682202986043586e-05,8.583987151907052e-06,7.163852503611103e-05,4.369642263330945,1.5271359442261454,0.0
64,8352,9.102517160850908,6.737932455160232e-05,1.541980884409458e-05,6.928965664595737e-05,9.532579809558289e-06,2.4004975784919225e-09,9.086891643732636e-11,3.665221101472352e-05,8.544398818638313e-06,7.130779649424834e-05,4.369642348735921,1.527135981955064,0.0
64,8356,9.106876603935607,6.706923462486852e-05,1.53488445323189e-05,6.897029572662846e-05,9.488643476216186e-06,2.378442331973929e-09,9.003403271538265e-11,3.6483177965742426e-05,8.50499367106223e-06,7.097860021572677e-05,4.369642433729716,1.5271360195066035,0.0
64,8360,9.111236047020306,6.676057606082539e-05,1.5278207788966082e-05,6.865241153382318e-05,9.444910304704067e-06,2.3565860374219483e-09,8.920668016103381e-11,3.631492706291642e-05,8.465770858152968e-06,7.06509290709065e-05,4.369642518314333,1.5271360568816115,0.0
64,8364,9.115595490105004,6.645334222947526e-05,1.5207897096756198e-05,6.833599721303116e-05,9.401379352007205e-06,2.33490027312655e-09,8.838578289319482e-11,3.614745467276986e-05,8.426729532871171e-06,7.032477596339698e-05,4.3696426024917665,1.5271360940809324,0.0
64,8368,9.119954933189703,6.614752653140294e-05,1.5137910945408137e-05,6.802104594145418e-05,9.358049679473684e-06,2.3134276716518798e-09,8.757295473349319e-11,3.5980757178656794e-05,8.387868852100851e-06,7.000013382887313e-05,4.369642686263999,1.5271361311054064,0.0
64,8372,9.124314376274402,6.584312239817403e-05,1.5068247831730776e-05,6.770755092840762e-05,9.314920352869651e-06,2.292139811288507e-09,8.676711980084392e-11,3.581483098097157e-05,8.349187976698456e-06,6.967699564023827e-05,4.369642769633007,1.5271361679558688,0.0
64,8376,9.1286738193591,6.554012329190353e-05,1.4998906259524238e-05,6.73955054148791e-05,9.27199044231858e-06,2.271093535455293e-09,8.597042985741697e-11,3.564967249691578e-05,8.310686071438566e-06,6.935535439871678e-05,4.3696428526007525,1.5271362046331518,0.0
64,8380,9.1330332624438,6.523852270476416e-05,1.4929884739467383e-05,6.70849026729998e-05,9.229259022228555e-06,2.250189368169231e-09,8.517911931941491e-11,3.548527816021388e-05,8.272362304947582e-06,6.903520313964503e-05,4.369642935169192,1.5271362411380829,0.0
64,8384,9.137392705528498,6.493831415959403e-05,1.4861181789256864e-05,6.677573600669986e-05,9.186725171382417e-06,2.229512574558612e-09,8.43964158300927e-11,3.532164442146625e-05,8.234215849786037e-06,6.871653493224924e-05,4.369643017340267,1.5271362774714858,0.0
64,8388,9.141752148613197,6.463949120900548e-05,1.479279593340319e-05,6.646799875076812e-05,9.144387972808424e-06,2.2090063112045755e-09,8.362016762728034e-11,3.515876774764671e-05,8.196245882331459e-06,6.839934287720348e-05,4.369643099115916,1.5271363136341802,0.0
64,8392,9.146111591697895,6.434204743599196e-05,1.4724725703369612e-05,6.616168427147473e-05,9.102246513865895e-06,2.188698999816552e-09,8.285145059206285e-11,3.4996644622431736e-05,8.15845158285511e-06,6.808362010650196e-05,4.369643180498064,1.5271363496269816,0.0
64,8396,9.150471034782594,6.404597645304273e-05,1.4656969637369515e-05,6.585678596567528e-05,9.060299886121969e-06,2.1685622186851106e-09,8.208918884335522e-11,3.483527154572946e-05,8.120832135412197e-06,6.776935978641497e-05,4.369643261488626,1.5271363854507018,0.0
64,8400,9.154830477867293,6.375127190261575e-05,1.4589526280474646e-05,6.555329726127626e-05,9.018547185415638e-06,2.148610178664967e-09,8.133392032169997e-11,3.467464503392166e-05,8.083386727898276e-06,6.74565551134733e-05,4.3696433420895096,1.5271364211061487,0.0
64,8404,9.159189920951992,6.345792745655378e-05,1.4522394184481488e-05,6.525121161664482e-05,8.976987511776541e-06,2.1288713014655514e-09,8.058672090818205e-11,3.4514761619553545e-05,8.046114551976937e-06,6.714519931645788e-05,4.369643422302612,1.527136456594126,0.0
64,8408,9.16354936403669,6.316593681610915e-05,1.445557190791692e-05,6.495052252063774e-05,8.935619969428954e-06,2.109274532813288e-09,7.984490090008903e-11,3.435561785134992e-05,8.009014803083576e-06,6.683528565603034e-05,4.369643502129822,1.5271364919154333,0.0
64,8412,9.167908807121389,6.28752937118511e-05,1.4389058016017023e-05,6.465122349247881e-05,8.894443666774917e-06,2.0899051378364675e-09,7.911168794067584e-11,3.419721029414454e-05,7.972086680408923e-06,6.652680742387448e-05,4.369643581573017,1.5271365270708672,0.0
64,8416,9.172268250206088,6.258599190365326e-05,1.4322851080724206e-05,6.435330808177546e-05,8.853457716396526e-06,2.0706920622615144e-09,7.838439232723003e-11,3.4039535528895145e-05,7.93532938690254e-06,6.621975794421577e-05,4.369643660634066,1.5271365620612194,0.0
64,8420,9.176627693290786,6.229802518026589e-05,1.4256949680589321e-05,6.405676986805941e-05,8.812661234992731e-06,2.0516495169431437e-09,7.76635520002941e-11,3.3882590152436304e-05,7.898742129215223e-06,6.59141305707552e-05,4.36964373931483,1.5271365968872783,0.0
64,8424,9.180987136375485,6.201138735944285e-05,1.4191352400800708e-05,6.376160246092013e-05,8.772053343397706e-06,2.0327775018813554e-09,7.694916695986805e-11,3.3726370777550713e-05,7.862324117715599e-06,6.560991869001175e-05,4.369643817617159,1.527136631549828,0.0
64,8428,9.185346579460184,6.172607228750129e-05,1.4126057833083445e-05,6.346779949954668e-05,8.731633166517807e-06,2.0140760170761496e-09,7.624123720595186e-11,3.357087403272568e-05,7.826074566433375e-06,6.53071157182473e-05,4.369643895542895,1.5271366660496495,0.0
64,8432,9.189706022544883,6.144207383950897e-05,1.4061064575742209e-05,6.317535465293529e-05,8.691399833360142e-06,1.9955592733822414e-09,7.554030067908805e-11,3.3416096562266104e-05,7.78999269308567e-06,6.500571510299561e-05,4.369643973093871,1.5271367003875191,0.0
64,8436,9.194065465629581,6.115938591892487e-05,1.399637123357902e-05,6.288426161948548e-05,8.65135247697699e-06,1.9772130599449156e-09,7.48458194387341e-11,3.326203502607352e-05,7.754077719025503e-06,6.470571032274078e-05,4.369644050271909,1.5271367345642102,0.0
64,8440,9.19842490871428,6.087800245757855e-05,1.3931976417888532e-05,6.259451412701786e-05,8.611490234468272e-06,1.959023165909457e-09,7.415725554434754e-11,3.31086860996639e-05,7.718328869245951e-06,6.440709488487495e-05,4.369644127078827,1.5271367685804917,0.0
64,8444,9.202784351798979,6.059791741561434e-05,1.3867878746445259e-05,6.230610593268272e-05,8.571812246968955e-06,1.9410322238400113e-09,7.347622281755584e-11,3.2956046474111954e-05,7.682745372367152e-06,6.410986232929557e-05,4.369644203516427,1.5271368024371297,0.0
64,8448,9.207143794883677,6.0319124781152936e-05,1.380407684342612e-05,6.201903082261485e-05,8.532317659601572e-06,1.9231833903177176e-09,7.280056949618903e-11,3.280411285586931e-05,7.647326460593935e-06,6.381400622494303e-05,4.369644279586508,1.5271368361348854,0.0
64,8452,9.211503237968376,6.004161857018816e-05,1.3740569339386824e-05,6.173328261184946e-05,8.49300562146466e-06,1.9055050870520063e-09,7.213137146133209e-11,3.2652881966724566e-05,7.612071369706487e-06,6.351952017028637e-05,4.3696443552908555,1.5271368696745171,0.0
64,8456,9.215862681053075,5.976539282668491e-05,1.3677354871284285e-05,6.144885514439705e-05,8.453875285643044e-06,1.887983103188162e-09,7.146809077244254e-11,3.25023505438375e-05,7.576979339068349e-06,6.322639779521179e-05,4.369644430631252,1.5271369030567794,0.0
64,8460,9.220222124137774,5.949044162217896e-05,1.3614432082385022e-05,6.116574229284273e-05,8.414925809152737e-06,1.8706174387261854e-09,7.081072742952037e-11,3.235251533952942e-05,7.542049611577528e-06,6.29346327590621e-05,4.369644505609463,1.5271369362824225,0.0
64,8464,9.224581567222472,5.921675905589054e-05,1.3551799622291174e-05,6.088393795845148e-05,8.3761563529554e-06,1.8534365153755061e-09,7.016035731365056e-11,3.220337312133641e-05,7.507281433678912e-06,6.264421874877709e-05,4.369644580227254,1.527136969352194,0.0
64,8468,9.228941010307171,5.8944339254430534e-05,1.3489456146873245e-05,6.060343607087441e-05,8.337566081917939e-06,1.836397700571979e-09,6.951536660320565e-11,3.2054920671855704e-05,7.472674055328467e-06,6.235514948397921e-05,4.369644654486376,1.527137002266837,0.0
64,8472,9.23330045339187,5.867317637171727e-05,1.342740031825107e-05,6.0324230588057634e-05,8.299154164799966e-06,1.8195009943156037e-09,6.887575529818563e-11,3.190715478869632e-05,7.438226729981711e-06,6.206741871110375e-05,4.369644728388574,1.5271370350270912,0.0
64,8476,9.237659896476568,5.840326458870366e-05,1.3365630804731368e-05,6.004631549596113e-05,8.260919774215132e-06,1.802774818315811e-09,6.824259927967549e-11,3.176007228433028e-05,7.403938714559049e-06,6.178102020716748e-05,4.369644801935582,1.527137067633693,0.0
64,8480,9.242019339561267,5.81345981135366e-05,1.3304146280844222e-05,5.976968480871698e-05,8.222862086652875e-06,1.7862191725726007e-09,6.761589854767523e-11,3.161366998617505e-05,7.3698092694649734e-06,6.149594777758945e-05,4.369644875129129,1.5271371000873752,0.0
64,8484,9.246378782645966,5.786717118135148e-05,1.3242945427296053e-05,5.949433256842258e-05,8.184980282449995e-06,1.769777213667112e-09,6.699350134001487e-11,3.146794473648515e-05,7.33583765856281e-06,6.121219525746061e-05,4.369644947970932,1.5271371323888665,0.0
64,8488,9.250738225730665,5.760097805383964e-05,1.3182026930870628e-05,5.92202528446932e-05,8.147273545729074e-06,1.7535199958729208e-09,6.637809735940689e-11,3.1322893392114915e-05,7.3020231491194085e-06,6.092975650967917e-05,4.369645020462701,1.5271371645388927,0.0
64,8492,9.255097668815363,5.733601301963704e-05,1.3121389484518016e-05,5.894743973505911e-05,8.109741064453134e-06,1.7374048866258818e-09,6.576807278422379e-11,3.1178512824728035e-05,7.268365011853986e-06,6.064862542679953e-05,4.369645092606137,1.5271371965381757,0.0
64,8496,9.259457111900062,5.7072270393732956e-05,1.3061031787219256e-05,5.8675887364353495e-05,8.07238203034141e-06,1.7214318859259947e-09,6.516342761446559e-11,3.1034799920472906e-05,7.234862520862451e-06,6.0368795929909324e-05,4.369645164402935,1.5271372283874338,0.0
64,8500,9.26381655498476,5.680974451750458e-05,1.3000952543994283e-05,5.840558988475114e-05,8.035195638874679e-06,1.7056009937732597e-09,6.456416185013229e-11,3.0891751580003765e-05,7.201514953622327e-06,6.009026196637737e-05,4.369645235854779,1.5271372600873823,0.0
64,8504,9.26817599806946,5.654842975873095e-05,1.294115046590512e-05,5.8136541475779233e-05,7.998181089296751e-06,1.6899264210223919e-09,6.397081343176637e-11,3.0749364718485705e-05,7.168321590993922e-06,5.981301751570935e-05,4.369645306963344,1.5271372916387325,0.0
64,8508,9.272535441154158,5.628832051145352e-05,1.2881624270023954e-05,5.786873634417261e-05,7.961337584594548e-06,1.674393956818676e-09,6.338284441882534e-11,3.060763626551776e-05,7.135281717202399e-06,5.953705658237819e-05,4.3696453777303,1.5271373230421927,0.0
64,8512,9.276894884238857,5.602941119566644e-05,1.2822372679362273e-05,5.760216872355063e-05,7.92466433145365e-06,1.6590178120168275e-09,6.280079275185171e-11,3.046656316496102e-05,7.102394619797704e-06,5.9262373199587955e-05,4.369645448157305,1.5271373542984674,0.0
64,8516,9.281254327323555,5.5771696257308845e-05,1.2763394422869092e-05,5.733683287441597e-05,7.888160540258133e-06,1.6437553540527006e-09,6.222304460921798e-11,3.0326142374939465e-05,7.0696595896547625e-06,5.898896142933635e-05,4.369645518246013,1.5271373854082577,0.0
64,8520,9.285613770408254,5.551517016794651e-05,1.27046882353581e-05,5.7072723083829505e-05,7.851825425045839e-06,1.6286492154904408e-09,6.165121381255165e-11,3.018637086766836e-05,7.037075920933474e-06,5.871681536073995e-05,4.369645587998067,1.5271374163722613,0.0
64,8524,9.289973213492953,5.525982742520858e-05,1.264625285760761e-05,5.680983366582702e-05,7.815658203565702e-06,1.613670974620618e-09,6.108422448076772e-11,3.0047245629668005e-05,7.004642911128541e-06,5.8445929110211375e-05,4.369645657415102,1.527137447191173,0.0
64,8528,9.294332656577652,5.500566255199822e-05,1.2588087036179915e-05,5.654815896064943e-05,7.779658097171848e-06,1.5988490531526622e-09,6.052315249495117e-11,2.990876366136523e-05,6.972359860976569e-06,5.8176296822380754e-05,4.369645726498746,1.5271374778656834,0.0
64,8532,9.29869209966235,5.4752670096785704e-05,1.2530189523488354e-05,5.628769333501566e-05,7.74382433086114e-06,1.5841550293771434e-09,5.996692197401702e-11,2.977092197723185e-05,6.940226074488348e-06,5.790791266860588e-05,4.369645795250618,1.5271375083964807,0.0
64,8536,9.303051542747049,5.450084463335684e-05,1.2472559077739751e-05,5.602843118187238e-05,7.70815613323874e-06,1.5695889032940613e-09,5.941553291796528e-11,2.963371760565401e-05,6.9082408589183844e-06,5.764077084833106e-05,4.369645863672329,1.527137538784249,0.0
64,8540,9.307410985831748,5.4250180760694875e-05,1.2415194462907381e-05,5.577036692026458e-05,7.67265273650031e-06,1.5551790966128465e-09,5.887006120788093e-11,2.949714758886205e-05,6.8764035247485616e-06,5.7374865586643076e-05,4.3696459317654845,1.5271375690296691,0.0
64,8544,9.311770428916446,5.4000673103021235e-05,1.2358094448740293e-05,5.551349499537962e-05,7.637313376438065e-06,1.540868765914638e-09,5.832835508159401e-11,2.936120898295428e-05,6.844713385693673e-06,5.711019113657672e-05,4.369645999531677,1.5271375991334186,0.0
64,8548,9.316129872001145,5.3752316309305486e-05,1.2301257810651169e-05,5.525780987803906e-05,7.6021372923708715e-06,1.5267147546182969e-09,5.7792566301274465e-11,2.922589885762727e-05,6.813169758638556e-06,5.684674177890549e-05,4.369646066972498,1.5271376290961725,0.0
64,8552,9.320489315085844,5.350510505332507e-05,1.224468332972999e-05,5.5003306064774296e-05,7.567123727154644e-06,1.5126886410143925e-09,5.7261618985837326e-11,2.9091214296218855e-05,6.781771963648109e-06,5.658451181859307e-05,4.369646134089525,1.5271376589186014,0.0
64,8556,9.324848758170543,5.3259034033941057e-05,1.2188369792807145e-05,5.4749978078090647e-05,7.532271927218679e-06,1.498790425102925e-09,5.6735513135282595e-11,2.8957152395843707e-05,6.750519323998903e-06,5.6323495589532075e-05,4.36964620088433,1.5271376886013734,0.0
64,8560,9.329208201255241,5.301409797431306e-05,1.2132315992273765e-05,5.449782046565475e-05,7.4975811424538635e-06,1.485005896029179e-09,5.621371080906778e-11,2.8823710266962448e-05,6.719411166078727e-06,5.606368745120733e-05,4.369646267358479,1.5271377181451535,0.0
64,8564,9.33356764433994,5.27702916224062e-05,1.2076520726197734e-05,5.424682780084368e-05,7.463050626288219e-06,1.4713492646478699e-09,5.569674994773537e-11,2.8690885033677897e-05,6.688446819455655e-06,5.580508178969071e-05,4.369646333513527,1.5271377475506025,0.0
64,8568,9.337927087424639,5.252760975043834e-05,1.2020982798197201e-05,5.399699468214104e-05,7.428679635603814e-06,1.4578347418137128e-09,5.5185168491827855e-11,2.8558673833408203e-05,6.657625616801842e-06,5.5547673016743276e-05,4.369646399351025,1.527137776818379,0.0
64,8572,9.342286530509337,5.228604715497498e-05,1.1965701017462286e-05,5.374831573325305e-05,7.394467430752744e-06,1.4444481166719925e-09,5.4678428500802746e-11,2.8427073816952114e-05,6.626946893908741e-06,5.529145557010627e-05,4.369646464872513,1.5271378059491376,0.0
64,8576,9.346645973594036,5.204559865658949e-05,1.1910674198677329e-05,5.350078560275941e-05,7.360413275509089e-06,1.4311751783679938e-09,5.4175992034117556e-11,2.8296082148304403e-05,6.596409989644074e-06,5.5036423915257795e-05,4.3696465300795255,1.527137834943531,0.0
64,8580,9.351005416678735,5.1806259099940164e-05,1.1855901162038521e-05,5.325439896417059e-05,7.326516437076801e-06,1.4180159269017167e-09,5.367785909177228e-11,2.8165696004681486e-05,6.566014245957809e-06,5.478257254191303e-05,4.369646594973587,1.5271378638022073,0.0
64,8584,9.355364859763434,5.1568023353835994e-05,1.1801380733268964e-05,5.300915051602798e-05,7.292776186103481e-06,1.4049987839825917e-09,5.318510555485189e-11,2.8035912576581314e-05,6.535759007896114e-06,5.4529895964929296e-05,4.369646659556219,1.5271378925258123,0.0
64,8588,9.359724302848132,5.1330886310973085e-05,1.1747111743558337e-05,5.276503498159965e-05,7.259191796638523e-06,1.392081117046473e-09,5.269611760172894e-11,2.7906729067615392e-05,6.505643623562203e-06,5.4278388726058e-05,4.369646723828932,1.527137921114988,0.0
64,8592,9.364083745932831,5.109484288735398e-05,1.1693093029430018e-05,5.252204710830239e-05,7.225762546053601e-06,1.3793055586575065e-09,5.2212509054030876e-11,2.7778142694207152e-05,6.475667444046021e-06,5.4028045392758554e-05,4.369646787793229,1.5271379495703743,0.0
64,8596,9.36844318901753,5.0859888022986764e-05,1.163932343290107e-05,5.2280181668405506e-05,7.192487715139491e-06,1.366615265396831e-09,5.1732128149587755e-11,2.765015068596102e-05,6.445829823510276e-06,5.377886055733359e-05,4.369646851450607,1.5271379778926069,0.0
64,8600,9.372802632102228,5.062601668127586e-05,1.1585801801342829e-05,5.2039433458414494e-05,7.159366588021284e-06,1.3540528698285925e-09,5.1256588710027036e-11,2.752275028533855e-05,6.4161301191149415e-06,5.353082883629006e-05,4.369646914802555,1.527138006082319,0.0
64,8604,9.377162075186927,5.0393223848919134e-05,1.1532526987457347e-05,5.17997972989532e-05,7.1263984521421744e-06,1.3416183719527908e-09,5.0785890735348726e-11,2.739593874759355e-05,6.386567691002138e-06,5.328394487255041e-05,4.369646977850555,1.5271380341401406,0.0
64,8608,9.381521518271626,5.0161504536049024e-05,1.14794978493097e-05,5.1561268034928335e-05,7.093582598286086e-06,1.3292833500599954e-09,5.031895834446784e-11,2.7269713340863205e-05,6.3571419023173666e-06,5.303820333421168e-05,4.369647040596081,1.5271380620666988,0.0
64,8612,9.385880961356325,4.9930853775766866e-05,1.1426713250221413e-05,5.132384053501706e-05,7.060918320507186e-06,1.3170904367143521e-09,4.985740535901185e-11,2.7144071345889967e-05,6.327852119144683e-06,5.2793598914179455e-05,4.3696471030406,1.527138089862618,0.0
64,8616,9.390240404441023,4.9701266624428194e-05,1.1374172058835749e-05,5.1087509691987476e-05,7.028404916173971e-06,1.304982788497e-09,4.9399080016810796e-11,2.7019010056196757e-05,6.298697710547537e-06,5.255012632819468e-05,4.369647165185572,1.5271381175285184,0.0
64,8620,9.394599847525722,4.947273816135614e-05,1.1321873149052124e-05,5.085227042239486e-05,6.996041685927474e-06,1.2929746162626543e-09,4.8944520258407165e-11,2.6894526777924426e-05,6.269678048530884e-06,5.2307780319839044e-05,4.369647227032452,1.5271381450650183,0.0
64,8624,9.39895929061042,4.9245263488656634e-05,1.1269815399983816e-05,5.061811766638178e-05,6.963827933653773e-06,1.2810943417207454e-09,4.849480196488594e-11,2.677061882972394e-05,6.240792508016048e-06,5.206655565473674e-05,4.369647288582684,1.5271381724727324,0.0
64,8628,9.40331873369512,4.901883773111277e-05,1.121799769593379e-05,5.0385046387579765e-05,6.931762966470455e-06,1.2693419648712734e-09,4.804992513624713e-11,2.6647283542706506e-05,6.212040466829096e-06,5.1826447124555874e-05,4.369647349837705,1.527138199752273,0.0
64,8632,9.407678176779818,4.8793456036373214e-05,1.1166418926437807e-05,5.015305157328786e-05,6.899846094751185e-06,1.2576748531500925e-09,4.7608275950863246e-11,2.6524518260534876e-05,6.183421305722125e-06,5.158744954344091e-05,4.369647410798949,1.5271382269042488,0.0
64,8636,9.412037619864517,4.856911357448593e-05,1.1115077986157735e-05,4.9922128234010386e-05,6.868076632062115e-06,1.246093006557203e-09,4.716985440873431e-11,2.6402320339182425e-05,6.154934408317095e-06,5.134955775211664e-05,4.3696474714678395,1.5271382539292657,0.0
64,8640,9.416397062949216,4.834580553775591e-05,1.1063973774848968e-05,4.96922714033026e-05,6.836453895140645e-06,1.2346816902208957e-09,4.6737888153115236e-11,2.6280687146849853e-05,6.126579161086412e-06,5.1112766613360975e-05,4.369647531845793,1.5271382808279275,0.0
64,8644,9.420756506033914,4.81235271410445e-05,1.101310519742895e-05,4.9463476138065075e-05,6.804977203935927e-06,1.2233272173034493e-09,4.6308073659666126e-11,2.615961606411804e-05,6.098354953388562e-06,5.087707101512304e-05,4.369647591934222,1.5271383076008336,0.0
64,8648,9.425115949118613,4.7902273621387446e-05,1.0962471163889743e-05,4.923573751816967e-05,6.773645881557404e-06,1.2120864312237245e-09,4.588256269055693e-11,2.6039104483754178e-05,6.070261177422917e-06,5.06424658681167e-05,4.369647651734528,1.5271383342485818,0.0
64,8652,9.429475392203312,4.768204023801615e-05,1.0912070589302908e-05,4.90090506464587e-05,6.742459254274701e-06,1.2009451211270061e-09,4.5460817305245166e-11,2.5919149810706575e-05,6.042297228228519e-06,5.040894610927254e-05,4.369647711248111,1.5271383607717663,0.0
64,8656,9.43383483528801,4.746282227192046e-05,1.086190239371944e-05,4.878341064832014e-05,6.7114166514591784e-06,1.1899174978680094e-09,4.5043375444273314e-11,2.5799749461885095e-05,6.014462503632902e-06,5.017650669528625e-05,4.369647770476356,1.5271383871709787,0.0
64,8660,9.438194278372709,4.724461502633876e-05,1.0811965502281929e-05,4.855881267216817e-05,6.6805174056500454e-06,1.1789751397373038e-09,4.4629161226556394e-11,2.5680900866410513e-05,5.98675640431022e-06,4.9945142609442264e-05,4.36964782942065,1.5271384134468076,0.0
64,8664,9.442553721457408,4.702741382601692e-05,1.0762258845054968e-05,4.833525188868815e-05,6.649760852450484e-06,1.1681322575896047e-09,4.421871259263691e-11,2.5562601465216547e-05,5.95917833368847e-06,4.971484885731007e-05,4.369647888082366,1.5271384395998386,0.0
64,8668,9.446913164542107,4.6811214017498855e-05,1.071278135709165e-05,4.8112723491136754e-05,6.619146330568948e-06,1.1574172731343424e-09,4.381310542359982e-11,2.544484871120896e-05,5.931727697986584e-06,4.948562046845054e-05,4.369647946462877,1.527138465630655,0.0
64,8672,9.451272607626805,4.6596010969127956e-05,1.0663531978433894e-05,4.789122269534467e-05,6.588673181819525e-06,1.1467875538073713e-09,4.3410725897817675e-11,2.5327640069267157e-05,5.904403906214801e-06,4.925745249470013e-05,4.369648004563542,1.5271384915398367,0.0
64,8676,9.455632050711504,4.638180007051447e-05,1.0614509653990555e-05,4.7670744739152464e-05,6.55834075104433e-06,1.1362573104634066e-09,4.3012111955832956e-11,2.5210973015942447e-05,5.877206370104326e-06,4.903034001031288e-05,4.369648062385719,1.5271385173279615,0.0
64,8680,9.459991493796203,4.616857673278248e-05,1.0565713333593945e-05,4.745128488268083e-05,6.5281483861506865e-06,1.1258265431024483e-09,4.2617263597645664e-11,2.5094845039604315e-05,5.85013450414143e-06,4.8804278115894175e-05,4.3696481199307575,1.5271385429956033,0.0
64,8684,9.464350936880901,4.595633638828981e-05,1.0517141971935736e-05,4.72328384080379e-05,6.498095438070854e-06,1.1154810408697813e-09,4.222564288271331e-11,2.4979253640284658e-05,5.8231877255311335e-06,4.8579261930950986e-05,4.369648177199999,1.5271385685433343,0.0
64,8688,9.4687103799656,4.574507449072516e-05,1.0468794528589184e-05,4.7015400619410804e-05,6.46818126077463e-06,1.1052208037654054e-09,4.183724981103589e-11,2.4864196329724482e-05,5.796365454208098e-06,4.835528660067185e-05,4.369648234194781,1.5271385939717235,0.0
64,8692,9.473069823050299,4.553478651467394e-05,1.0420669967909772e-05,4.6798966842626164e-05,6.438405211208881e-06,1.0950742534987512e-09,4.1453160263698386e-11,2.4749670631142876e-05,5.769667112782766e-06,4.81323472896154e-05,4.369648290916431,1.527138619281337,0.0
64,8696,9.477429266134997,4.532546795601246e-05,1.0372767259125424e-05,4.6583532425550294e-05,6.4087666493526046e-06,1.084998757505673e-09,4.107176041907333e-11,2.4635674079447605e-05,5.743092126590455e-06,4.79104391893937e-05,4.369648347366274,1.5271386444727382,0.0
64,8700,9.481788709219696,4.5117114331328234e-05,1.032508537620384e-05,4.636909273748976e-05,6.379264938134454e-06,1.0750369483503164e-09,4.069466409878819e-11,2.452220422091734e-05,5.716639923617283e-06,4.7689557510387353e-05,4.369648403545626,1.5271386695464884,0.0
64,8704,9.486148152304395,4.4909721178032934e-05,1.0277623297878337e-05,4.615564316931349e-05,6.349899443449545e-06,1.0651461934685358e-09,4.03202574812155e-11,2.440925861326751e-05,5.690309934515508e-06,4.746969748617902e-05,4.369648459455798,1.527138694503145,0.0
64,8708,9.490507595389094,4.4703284054345674e-05,1.023038000764404e-05,4.5943179133428736e-05,6.320669534156143e-06,1.0553975471339072e-09,3.99512302690677e-11,2.4296834825636137e-05,5.664101592600242e-06,4.72508543743256e-05,4.36964851509809,1.5271387193432642,0.0
64,8712,9.494867038473792,4.449779853910887e-05,1.0183354493715727e-05,4.573169606359786e-05,6.291574582050462e-06,1.0456915333634242e-09,3.958381687854738e-11,2.418493043848823e-05,5.638014333827152e-06,4.7033023451905404e-05,4.369648570473804,1.527138744067398,0.0
64,8716,9.499226481558491,4.429326023157351e-05,1.013654574897869e-05,4.552118941469925e-05,6.2626139618337685e-06,1.0360849955759477e-09,3.9220169071824476e-11,2.4073543043485455e-05,5.612047596762078e-06,4.6816200019535366e-05,4.369648625584227,1.5271387686760969,0.0
64,8720,9.50358592464319,4.408966475143053e-05,1.0089952770995925e-05,4.531165466279037e-05,6.233787051121058e-06,1.0265637229167623e-09,3.885974890835651e-11,2.3962670243525982e-05,5.586200822590329e-06,4.6600379399891096e-05,4.369648680430646,1.527138793169908,0.0
64,8724,9.507945367727888,4.388700773878238e-05,1.0043574562001614e-05,4.5103087305035886e-05,6.2050932304311655e-06,1.0171419262405834e-09,3.8503094328685967e-11,2.3852309652697507e-05,5.560473455105725e-06,4.638555693703075e-05,4.369648735014337,1.5271388175493763,0.0
64,8728,9.512304810812587,4.368528485393738e-05,9.997410128854068e-06,4.4895482859538794e-05,6.176531883163534e-06,1.0077911838379805e-09,3.8149129451727876e-11,2.3742458896196837e-05,5.534864940691853e-06,4.617172799677151e-05,4.3696487893365745,1.527138841815044,0.0
64,8732,9.516664253897286,4.348449177743261e-05,9.951458483040967e-06,4.4688836865321056e-05,6.1481023955955505e-06,9.985541282730992e-10,3.77994680991097e-11,2.3633115610310708e-05,5.509374728317593e-06,4.5958887966512476e-05,4.369648843398622,1.52713886596745,0.0
64,8736,9.521023696981985,4.328462420965947e-05,9.905718640593666e-06,4.4483144881976805e-05,6.119804156834834e-06,9.893739161270787e-10,3.7451958508661486e-11,2.3524277442240288e-05,5.484002269496211e-06,4.574703225390328e-05,4.36964889720174,1.5271388900071314,0.0
64,8740,9.525383140066683,4.308567787109681e-05,9.860189622140544e-06,4.427840248987902e-05,6.091636558847669e-06,9.802789691093494e-10,3.7107676561468206e-11,2.3415942050203655e-05,5.458747018309246e-06,4.553615629220405e-05,4.369648950747182,1.5271389139346228,0.0
64,8744,9.529742583151382,4.2887648502090974e-05,9.814870452856676e-06,4.4074605289972345e-05,6.0635989964305045e-06,9.712834980746266e-10,3.6767160198072354e-11,2.3308107103330105e-05,5.433608431381866e-06,4.5326255530248246e-05,4.369649004036194,1.5271389377504556,0.0
64,8748,9.53410202623608,4.269053186272849e-05,9.769760162434693e-06,4.387174890363812e-05,6.035690867191385e-06,9.623448704587645e-10,3.642879559684646e-11,2.3200770281587986e-05,5.4085859678660546e-06,4.5117325442636715e-05,4.369649057070019,1.5271389614551591,0.0
64,8752,9.53846146932078,4.249432373276569e-05,9.724857785068674e-06,4.3669828972606215e-05,6.007911571537819e-06,9.535341405353392e-10,3.6095272460502964e-11,2.3093929275734705e-05,5.383679089428947e-06,4.4909361522451305e-05,4.36964910984989,1.5271389850492596,0.0
64,8756,9.542820912405478,4.229901991156339e-05,9.680162359439194e-06,4.346884115891054e-05,5.9802605126706596e-06,9.447802540307748e-10,3.576390108632943e-11,2.2987581787297963e-05,5.358887260248464e-06,4.4702359285616564e-05,4.369649162377037,1.5271390085332814,0.0
64,8760,9.547180355490177,4.210461621798011e-05,9.635672928688899e-06,4.326878114476194e-05,5.952737096566617e-06,9.360974217997864e-10,3.543521941486835e-11,2.288172552850487e-05,5.33420994699678e-06,4.449631426746531e-05,4.369649214652682,1.5271390319077462,0.0
64,8764,9.551539798574876,4.1911108490303606e-05,9.591388540406829e-06,4.306964463247987e-05,5.925340731968863e-06,9.27485643842374e-10,3.5109227446119716e-11,2.2776358222246313e-05,5.309646618832019e-06,4.429122202490692e-05,4.369649266678043,1.527139055173173,0.0
64,8768,9.555899241659574,4.171849258611902e-05,9.547308246598241e-06,4.287142734436329e-05,5.8980708303692595e-06,9.189875527226832e-10,3.4787539001710995e-11,2.2671477602009926e-05,5.285196747382631e-06,4.4087078135671015e-05,4.36964931845433,1.527139078330078,0.0
64,8772,9.560258684744273,4.1526764382143534e-05,9.503431103646781e-06,4.267412502250457e-05,5.870926805982769e-06,9.10532094167138e-10,3.446746437892974e-11,2.2567081411778366e-05,5.2608598067236744e-06,4.3883878197776964e-05,4.369649369982748,1.527139101378975,0.0
64,8776,9.564618127828972,4.1335919774386784e-05,9.45975617235118e-06,4.2477733428962765e-05,5.8439080757712835e-06,9.021903224493144e-10,3.4151693280488404e-11,2.2463167406122674e-05,5.236635273398583e-06,4.3681617828962846e-05,4.369649421264497,1.5271391243203758,0.0
64,8780,9.56897757091367,4.1145954677791654e-05,9.41628251784306e-06,4.228224834541057e-05,5.817014059395057e-06,8.938911832956364e-10,3.383753600367453e-11,2.2359733350018933e-05,5.212522626376422e-06,4.3480292670838225e-05,4.36964947230077,1.5271391471547895,0.0
64,8784,9.57333701399837,4.095686502620025e-05,9.373009209579144e-06,4.208766557306266e-05,5.790244179202849e-06,8.856915201249649e-10,3.3527144310658095e-11,2.2256777018802753e-05,5.188521347041282e-06,4.3279898379309736e-05,4.369649523092753,1.5271391698827226,0.0
64,8788,9.577696457083068,4.07686467725505e-05,9.32993532138625e-06,4.189398093290702e-05,5.763597860263744e-06,8.775344895184389e-10,3.321836643926912e-11,2.2154296198297655e-05,5.164630919222204e-06,4.308043063674533e-05,4.369649573641628,1.5271391925046793,0.0
64,8792,9.582055900167767,4.05812958881681e-05,9.287059931299247e-06,4.170119026496017e-05,5.737074530264697e-06,8.694911457496346e-10,3.291389209222006e-11,2.2052288684417684e-05,5.140850829100544e-06,4.288188514231761e-05,4.369649623948572,1.5271392150211618,0.0
64,8796,9.586415343252465,4.039480836367147e-05,9.244382121768162e-06,4.150928942919277e-05,5.710673619637866e-06,8.615046453996911e-10,3.2611569507340965e-11,2.195075228365594e-05,5.117180565323853e-06,4.268425761501511e-05,4.369649674014754,1.5271392374326687,0.0
64,8800,9.590774786337164,4.020918020781065e-05,9.201900979392454e-06,4.131827430436193e-05,5.684394561399974e-06,8.536034101780388e-10,3.2312474565716805e-11,2.184968481247247e-05,5.0936196188631906e-06,4.248754379515407e-05,4.369649723841339,1.527139259739697,0.0
64,8804,9.595134229421863,4.0024407447915286e-05,9.159615595023541e-06,4.1128140788436014e-05,5.658236791210742e-06,8.457590183752473e-10,3.20155313862626e-11,2.174908409751138e-05,5.070167483063732e-06,4.229173944301809e-05,4.369649773429484,1.5271392819427416,0.0
64,8808,9.599493672506561,3.984048612985052e-05,9.117525063754698e-06,4.0938884798577524e-05,5.632199747370545e-06,8.380141025554622e-10,3.172235379060582e-11,2.1648947975597804e-05,5.046823653644064e-06,4.209684033701279e-05,4.369649822780342,1.5271393040422943,0.0
64,8812,9.60385311559126,3.9657412317770235e-05,9.075628484864602e-06,4.075050227086825e-05,5.606282870782591e-06,8.302976084451075e-10,3.143025207603402e-11,2.1549274293587995e-05,5.023587628661238e-06,4.190284227671069e-05,4.369649871895061,1.5271393260388448,0.0
64,8816,9.608212558675959,3.9475182094096174e-05,9.033924961812533e-06,4.056298916029624e-05,5.580485604951133e-06,8.22666379463044e-10,3.114137800471716e-11,2.145006090836428e-05,5.000458908509591e-06,4.170974108078263e-05,4.369649920774783,1.5271393479328805,0.0
64,8820,9.612572001760658,3.929379155926171e-05,8.99241360217975e-06,4.0376341440495324e-05,5.554807395945631e-06,8.151204156092717e-10,3.085573157665523e-11,2.1351305686697844e-05,4.977436995888765e-06,4.151753258803449e-05,4.369649969420644,1.5271393697248867,0.0
64,8824,9.616931444845356,3.9113236832063465e-05,8.951093517749957e-06,4.019055510409039e-05,5.5292476924482584e-06,8.076455060290755e-10,3.057277485130576e-11,2.1253006505428027e-05,4.954521395845495e-06,4.132621265484942e-05,4.3696500178337745,1.5271393914153462,0.0
64,8828,9.621290887930055,3.8933514049395195e-05,8.909963824448401e-06,4.000562616244157e-05,5.5038059457187e-06,8.002132290130248e-10,3.029143194758375e-11,2.1155161251330664e-05,4.931711615742924e-06,4.1135777159206006e-05,4.369650066015297,1.527139413004739,0.0
64,8832,9.625650331014754,3.875461936560672e-05,8.869023642195157e-06,3.98215506449734e-05,5.478481609501868e-06,7.928804279799806e-10,3.0013854627659166e-11,2.1057767820760872e-05,4.909007165177326e-06,4.094622199682811e-05,4.369650113966334,1.5271394344935434,0.0
64,8836,9.630009774099452,3.857654895343416e-05,8.828272095118025e-06,3.963832460013385e-05,5.453274140159838e-06,7.85590259511082e-10,2.9737891129362055e-11,2.0960824120160802e-05,4.886407556096474e-06,4.075754308242677e-05,4.369650161687997,1.5271394558822349,0.0
64,8840,9.634369217184151,3.839929900289387e-05,8.787708311299395e-06,3.945594409425413e-05,5.428182996514988e-06,7.783995670251898e-10,2.9465693214862366e-11,2.0864328065455985e-05,4.863912302658915e-06,4.0569736351528916e-05,4.369650209181396,1.5271394771712872,0.0
64,8844,9.63872866026885,3.822286572200946e-05,8.747331422942634e-06,3.927440521229277e-05,5.403207639952363e-06,7.712372962487279e-10,2.919457118144766e-11,2.076827758244812e-05,4.841520921325539e-06,4.038279775634167e-05,4.369650256447634,1.5271394983611715,0.0
64,8848,9.643088103353548,3.8047245336230284e-05,8.707140566239e-06,3.9093704057248374e-05,5.3783475343388865e-06,7.641460797458421e-10,2.89261388507454e-11,2.0672670606506762e-05,4.819232930787703e-06,4.0196723268890545e-05,4.369650303487807,1.5271395194523565,0.0
64,8852,9.647447546438247,3.7872434088495624e-05,8.667134881382339e-06,3.891383675021627e-05,5.35360214603115e-06,7.571543392259628e-10,2.8661472103840565e-11,2.0577505082597253e-05,4.797047851973744e-06,4.001150888131493e-05,4.36965035030301,1.527139540445309,0.0
64,8856,9.651806989522946,3.769842823924324e-05,8.627313512571031e-06,3.8734799430389093e-05,5.328970943875504e-06,7.50205231270229e-10,2.83984191785632e-11,2.0482778965279397e-05,4.774965208048668e-06,3.9827150601588814e-05,4.369650396894327,1.5271395613404934,0.0
64,8860,9.656166432607645,3.752522406630557e-05,8.587675607984248e-06,3.8556588254966793e-05,5.30445339919566e-06,7.43312966733356e-10,2.8137518015455793e-11,2.0388490218663276e-05,4.752984524403852e-06,3.964364445899987e-05,4.369650443262842,1.527139582138372,0.0
64,8864,9.660525875692343,3.735281786466714e-05,8.548220319726423e-06,3.8379199398893616e-05,5.280048985756523e-06,7.36491756470059e-10,2.7879306555060833e-11,2.0294636816267358e-05,4.7311053286239644e-06,3.946098649955693e-05,4.369650489409629,1.5271396028394046,0.0
64,8868,9.664885318777042,3.718120594651368e-05,8.508946803838502e-06,3.8202629054909174e-05,5.255757179771205e-06,7.297131787709077e-10,2.762270891629334e-11,2.020121674104557e-05,4.7093271504932785e-06,3.92791727887045e-05,4.3696505353357615,1.527139623444049,0.0
64,8872,9.66924476186174,3.70103846412729e-05,8.469854220307268e-06,3.802687343360194e-05,5.2315774599083925e-06,7.230198662000475e-10,2.7369338920780785e-11,2.010822798541808e-05,4.687649522002844e-06,3.9098199410637726e-05,4.369650581042303,1.5271396439527611,0.0
64,8876,9.67360420494644,3.684035029519666e-05,8.430941732969728e-06,3.78519287629571e-05,5.207509307230137e-06,7.163833970480482e-10,2.711812068743819e-11,2.001566855102737e-05,4.6660719772936295e-06,3.891806246512274e-05,4.369650626530316,1.5271396643659938,0.0
64,8880,9.677963648031138,3.667109927164274e-05,8.392208509577587e-06,3.7677791288655414e-05,5.183552205232972e-06,7.098037713149097e-10,2.686905421626555e-11,1.992353644889823e-05,4.64459405269381e-06,3.8738758073873946e-05,4.369650671800855,1.527139684684198,0.0
64,8884,9.682323091115837,3.6502627950659445e-05,8.35365372170219e-06,3.750445727366787e-05,5.15970563979215e-06,7.032951998553472e-10,2.662267744780536e-11,1.9831829699227946e-05,4.623215286669867e-06,3.8560282373567633e-05,4.369650716854969,1.5271397049078235,0.0
64,8888,9.686682534200536,3.633493272928928e-05,8.31527654480402e-06,3.733192299852918e-05,5.135969099199265e-06,6.968434718146455e-10,2.6378452441515127e-11,1.974054633152283e-05,4.601935219858411e-06,3.8382631520540234e-05,4.3696507616937055,1.5271397250373164,0.0
64,8892,9.691041977285234,3.6168010021017616e-05,8.27707615810652e-06,3.716018476078559e-05,5.112342074086287e-06,6.904343763380894e-10,2.6135841256852362e-11,1.9649684384309228e-05,4.580753394998808e-06,3.8205801688959485e-05,4.369650806318103,1.5271397450731221,0.0
64,8896,9.695401420369933,3.600185625644629e-05,8.239051744750247e-06,3.6989238875696704e-05,5.088824057522115e-06,6.841105459898245e-10,2.5896457715444534e-11,1.9559241905506657e-05,4.559669357020172e-06,3.8029789070474804e-05,4.369650850729196,1.5271397650156822,0.0
64,8900,9.699760863454632,3.583646788221691e-05,8.201202491546478e-06,3.681908167512338e-05,5.06541454485958e-06,6.778293482057052e-10,2.5658687995664175e-11,1.946921695183853e-05,4.538682652903989e-06,3.7854589874382216e-05,4.369650894928015,1.527139784865438,0.0
64,8904,9.70412030653933,3.5671841361566224e-05,8.163527589104293e-06,3.6649709508082366e-05,5.042113033811748e-06,6.716192046951619e-10,2.5423607978596265e-11,1.9379607589122107e-05,4.5177928317517105e-06,3.7680200326855444e-05,4.369650938915585,1.5271398046228273,0.0
64,8908,9.70847974962403,3.550797317441242e-05,8.126026231850334e-06,3.648111874085844e-05,5.018919024467345e-06,6.654516937487642e-10,2.519014178315582e-11,1.929041189233267e-05,4.496999444799716e-06,3.750661667443645e-05,4.369650982692926,1.5271398242882865,0.0
64,8912,9.712839192708728,3.534485981679172e-05,8.088697617899872e-06,3.6313305756406084e-05,4.9958320192084505e-06,6.593268153665122e-10,2.4958289409342845e-11,1.9201627945283114e-05,4.476302045344619e-06,3.733383517762628e-05,4.369651026261053,1.5271398438622499,0.0
64,8916,9.717198635793427,3.518249780096664e-05,8.051540949081574e-06,3.614626695446602e-05,4.972851522726519e-06,6.532587804031209e-10,2.4728588797699828e-11,1.9113253840686617e-05,4.4557001887578715e-06,3.716185211673123e-05,4.369651069620974,1.527139863345149,0.0
64,8920,9.721558078878125,3.502088365520567e-05,8.014555430887083e-06,3.5979998751340246e-05,4.949977041991439e-06,6.472902214227361e-10,2.450265376985424e-11,1.9025287680038037e-05,4.435193432458124e-06,3.6990663788511404e-05,4.369651112773696,1.527139882737414,0.0
64,8924,9.725917521962824,3.4860013924345924e-05,7.977740272599788e-06,3.5814497580469875e-05,4.927208086331025e-06,6.413358732970664e-10,2.427725668255114e-11,1.8937727573919388e-05,4.41478133598243e-06,3.682026650711262e-05,4.369651155720217,1.527139902039473,0.0
64,8928,9.730276965047523,3.469988516880097e-05,7.941094687067761e-06,3.564975989140743e-05,4.90454416728963e-06,6.354525794449728e-10,2.4054549297960486e-11,1.8850571641454625e-05,4.39446346085915e-06,3.665065660347176e-05,4.369651198461534,1.5271399212517514,0.0
64,8932,9.734636408132221,3.4540493965158935e-05,7.904617890840633e-06,3.54857821504404e-05,4.881984798713939e-06,6.295977073023096e-10,2.383291779445481e-11,1.8763818010641357e-05,4.37423937068528e-06,3.648183042680479e-05,4.369651240998636,1.5271399403746733,0.0
64,8936,9.73899585121692,3.4381836905907675e-05,7.8683091041067e-06,3.532256084030023e-05,4.859529496712921e-06,6.238423111426528e-10,2.3615051874746565e-11,1.8677464818195067e-05,4.3541086310901345e-06,3.631378434118384e-05,4.369651283332509,1.5271399594086603,0.0
64,8940,9.743355294301619,3.4223910599242305e-05,7.832167550648874e-06,3.516009245997171e-05,4.837177779631614e-06,6.181295475471416e-10,2.3398799776665784e-11,1.859151020944986e-05,4.334070809712209e-06,3.6146514730486826e-05,4.369651325464133,1.527139978354132,0.0
64,8944,9.747714737386318,3.4066711668990966e-05,7.796192457827703e-06,3.499837352460472e-05,4.814929168038983e-06,6.124452056610608e-10,2.3183623559669984e-11,1.850595233830928e-05,4.314125476187716e-06,3.598001799415417e-05,4.369651367394484,1.5271399972115065,0.0
64,8948,9.752074180471016,3.3910236754833266e-05,7.760383056631345e-06,3.483740056575367e-05,4.7927831847608584e-06,6.068177071938408e-10,2.2970599104844144e-11,1.842078936737606e-05,4.294272202180829e-06,3.581429054586302e-05,4.369651409124534,1.5271400159811988,0.0
64,8952,9.756433623555715,3.375448251198026e-05,7.724738581602352e-06,3.46771701310353e-05,4.770739354832857e-06,6.012470521454816e-10,2.275972641218826e-11,1.8336019467768352e-05,4.274510561340847e-06,3.564932882094736e-05,4.3696514506552475,1.527140034663623,0.0
64,8956,9.760793066640414,3.359944561092134e-05,7.689258270779728e-06,3.451767878386939e-05,4.748797205464714e-06,5.95719029661268e-10,2.2550467541159842e-11,1.8251640818982814e-05,4.2548401292702735e-06,3.548512926648098e-05,4.369651491987589,1.527140053259191,0.0
64,8960,9.765152509725112,3.344512273791399e-05,7.653941365811018e-06,3.435892310398393e-05,4.726956266109776e-06,5.902762723053456e-10,2.2344436313386366e-11,1.816765160916213e-05,4.235260483587181e-06,3.532168834938519e-05,4.369651533122511,1.5271400717683123,0.0
64,8964,9.769511952809811,3.329151059433459e-05,7.618787111803738e-06,3.4200899686750695e-05,4.705216068373599e-06,5.848477258041385e-10,2.2138943026155378e-11,1.8084050034744192e-05,4.215771203843431e-06,3.515900255158815e-05,4.36965157406097,1.5271400901913947,0.0
64,8968,9.77387139589451,3.3138605897186156e-05,7.583794757441572e-06,3.404360514370042e-05,4.6835761460848185e-06,5.794902335765073e-10,2.1936139441636836e-11,1.8000834300733202e-05,4.1963718715878674e-06,3.4997068372316696e-05,4.36965161480391,1.5271401085288436,0.0
64,8972,9.778230838979209,3.298640537818135e-05,7.548963554774518e-06,3.388703610158293e-05,4.6620360351658516e-06,5.741753739130218e-10,2.1734949678745762e-11,1.7918002620203124e-05,4.17706207025057e-06,3.483588232648668e-05,4.369651655352277,1.5271401267810636,0.0
64,8976,9.782590282063907,3.283490578464454e-05,7.514292759425322e-06,3.373118920329122e-05,4.640595273760022e-06,5.689031468136818e-10,2.1535373737482157e-11,1.7835553214785774e-05,4.15784138525663e-06,3.4675440944827474e-05,4.369651695707007,1.5271401449484558,0.0
64,8980,9.786949725148606,3.268410387861157e-05,7.479781630383466e-06,3.357606110693387e-05,4.6192534021039506e-06,5.636877631332027e-10,2.133794955838851e-11,1.775348431417975e-05,4.1387094039116745e-06,3.4515740774827185e-05,4.369651735869034,1.527140163031421,0.0
64,8984,9.791309168233305,3.253399643751624e-05,7.445429430162261e-06,3.3421648486548034e-05,4.598009962625644e-06,5.585150120168692e-10,2.1142139200922334e-11,1.7671794156529086e-05,4.11966571549014e-06,3.435677837949637e-05,4.369651775839289,1.5271401810303564,0.0
64,8988,9.795668611318003,3.238458025339316e-05,7.411235424616428e-06,3.3267948031276155e-05,4.576864499831233e-06,5.533991043193964e-10,2.0948480605626112e-11,1.759048098798698e-05,4.100709911133568e-06,3.4198550339302864e-05,4.3696518156186945,1.527140198945659,0.0
64,8992,9.800028054402702,3.223585213332946e-05,7.3771988830454685e-06,3.3114956445820406e-05,4.555816560367487e-06,5.483258291860693e-10,2.0756435831957362e-11,1.7509543062954114e-05,4.081841583906159e-06,3.404105324879015e-05,4.369651855208173,1.5271402167777226,0.0
64,8996,9.8043874974874,3.208780889918897e-05,7.343319078130541e-06,3.296267045017383e-05,4.534865692984834e-06,5.432809757621726e-10,2.0565466939373587e-11,1.74289786439395e-05,4.063060328762336e-06,3.3884283719525944e-05,4.369651894608637,1.5271402345269396,0.0
64,9000,9.8087469405721,3.194044738746029e-05,7.309595285899694e-06,3.281108677945421e-05,4.514011448514497e-06,5.382645440477063e-10,2.0375573927874794e-11,1.7348786001470535e-05,4.0443657425257764e-06,3.372823837790726e-05,4.369651933821,1.5271402521937005,0.0
64,9004,9.813106383656798,3.179376444950178e-05,7.276026785783932e-06,3.266020218415049e-05,4.493253379902396e-06,5.333475883162464e-10,2.0189446500173427e-11,1.7268963414222207e-05,4.025757423919533e-06,3.357291386811034e-05,4.369651972846168,1.5271402697783938,0.0
64,9008,9.817465826741497,3.164775695091413e-05,7.242612860473628e-06,3.2510013429492224e-05,4.4725910421224095e-06,5.284448434395017e-10,2.0003857013014552e-11,1.7189509168686618e-05,4.007234973488988e-06,3.341830684605683e-05,4.3696520116850435,1.5271402872814064,0.0
64,9012,9.821825269826196,3.1502421772277305e-05,7.209352796087173e-06,3.2360517296194455e-05,4.452023992278839e-06,5.235989419816178e-10,1.9820419288025632e-11,1.711042155956428e-05,3.988797993693078e-06,3.3264413988365675e-05,4.369652050338524,1.5271403047031233,0.0
64,9016,9.826184712910894,3.135775580815496e-05,7.176245881943134e-06,3.221171057943396e-05,4.4315517894655695e-06,5.187814622331643e-10,1.963805744412169e-11,1.7031698889222604e-05,3.970446088778059e-06,3.311123198212965e-05,4.369652088807503,1.5271403220439275,0.0
64,9020,9.830544155995593,3.121375596789642e-05,7.143291410743792e-06,3.2063590089677514e-05,4.411173994880026e-06,5.140350367582869e-10,1.94583853029302e-11,1.6953339468134777e-05,3.952178864879804e-06,3.295875753372327e-05,4.36965212709287,1.5271403393042,0.0
64,9024,9.834903599080292,3.107041917508908e-05,7.1104886784498225e-06,3.1916152652119844e-05,4.390890171745838e-06,5.093170329928398e-10,1.9279789042823684e-11,1.6875341614582644e-05,3.933995929954557e-06,3.280698736232234e-05,4.369652165195509,1.5271403564843204,0.0
64,9028,9.83926304216499,3.092774236754837e-05,7.0778369842779925e-06,3.1769395106665945e-05,4.370699885310412e-06,5.046558726462536e-10,1.9103344544887126e-11,1.679770365464587e-05,3.915896893776391e-06,3.26559182034637e-05,4.369652203116303,1.527140373584666,0.0
64,9032,9.84362248524969,3.0785722497174316e-05,7.045335630668341e-06,3.162331430779155e-05,4.350602702825738e-06,5.000231340090977e-10,1.892797592803555e-11,1.6720423922129763e-05,3.897881367920391e-06,3.2505546808012086e-05,4.369652240856125,1.5271403906056127,0.0
64,9036,9.847981928334388,3.064435652987795e-05,7.01298392326734e-06,3.147790712446015e-05,4.33059819353697e-06,4.954330279360875e-10,1.875422113281144e-11,1.6643500758519848e-05,3.879948965752062e-06,3.235586994199652e-05,4.369652278415848,1.5271404075475348,0.0
64,9040,9.852341371419087,3.0503641446161983e-05,6.980781171060776e-06,3.1333170440719074e-05,4.310685928764431e-06,4.90899765281938e-10,1.858261809975729e-11,1.656693251329696e-05,3.862099302500783e-06,3.220688438565776e-05,4.3696523157963405,1.5271404244108038,0.0
64,9044,9.856700814503785,3.03635742399364e-05,6.948726686102697e-06,3.118910115448753e-05,4.290865481736882e-06,4.863807134825038e-10,1.841155300724563e-11,1.649071754329747e-05,3.8443319951106605e-06,3.2058586934100894e-05,4.369652352998465,1.5271404411957905,0.0
64,9048,9.861060257588484,3.02241519195001e-05,6.916819783740068e-06,3.104569617856268e-05,4.271136427729927e-06,4.819185051019304e-10,1.8242639676903927e-11,1.641485421324467e-05,3.826646662364412e-06,3.191097439972813e-05,4.369652390023083,1.5271404579028631,0.0
64,9052,9.865419700673183,3.0085371506626647e-05,6.885059782403541e-06,3.090295243967333e-05,4.25149834393583e-06,4.775131401402177e-10,1.8075878108732183e-11,1.6339340895246954e-05,3.809042924766373e-06,3.1764043606849607e-05,4.3696524268710455,1.527140474532389,0.0
64,9056,9.869779143757881,2.994723003706015e-05,6.853446003720937e-06,3.076086687899786e-05,4.231950809534767e-06,4.731077751785051e-10,1.7909116540560436e-11,1.6264175969073492e-05,3.7915204046067686e-06,3.161779139517109e-05,4.369652463543207,1.5271404910847333,0.0
64,9060,9.87413858684258,2.980972456045206e-05,6.821977772502784e-06,3.061943645208826e-05,4.212493405684371e-06,4.687876753450837e-10,1.774558261564363e-11,1.618935782211171e-05,3.774078725951799e-06,3.147221462190824e-05,4.369652500040411,1.5271405075602589,0.0
64,9064,9.878498029927279,2.967285213980965e-05,6.790654416616095e-06,3.047865812831152e-05,4.193125715442888e-06,4.644675755116623e-10,1.758204869072682e-11,1.6114884849073592e-05,3.756717514575171e-06,3.1327310154917354e-05,4.369652536363503,1.5271405239593272,0.0
64,9068,9.882857473011978,2.9536609852016082e-05,6.759475267103399e-06,3.0338528891389424e-05,4.173847323843435e-06,4.602185299518169e-10,1.742120446852246e-11,1.604075545228231e-05,3.739436398024921e-06,3.1183074879361964e-05,4.369652572513321,1.5271405402822986,0.0
64,9072,9.887216916096676,2.9400994787313816e-05,6.728439658064502e-06,3.0199045738848567e-05,4.154657817818338e-06,4.559979061014019e-10,1.7261436127403077e-11,1.59669680413773e-05,3.722235005554658e-06,3.103950569294027e-05,4.369652608490698,1.5271405565295313,0.0
64,9076,9.891576359181375,2.9266004049538635e-05,6.6975469267100576e-06,3.0060205682271986e-05,4.135556786233748e-06,4.518057039604173e-10,1.7102743667368676e-11,1.5893521033449714e-05,3.7051129681551438e-06,3.08965995087953e-05,4.369652644296465,1.5271405727013811,0.0
64,9080,9.895935802266074,2.9131634755805744e-05,6.666796413289722e-06,2.9922005746978593e-05,4.11654381984554e-06,4.476561343835783e-10,1.6945665028961744e-11,1.5820412852873315e-05,3.6880699185148684e-06,3.075435325566202e-05,4.369652679931448,1.5271405887982032,0.0
64,9084,9.900295245350772,2.8997884036798122e-05,6.636187461158149e-06,2.9784442972311875e-05,4.097618511339031e-06,4.4356340822560014e-10,1.6790738152724767e-11,1.5747641931455525e-05,3.6711054910552642e-06,3.0612763874400316e-05,4.369652715396471,1.5271406048203506,0.0
64,9088,9.904654688435471,2.88647490362562e-05,6.605719416658198e-06,2.964751441111858e-05,4.078780455257262e-06,4.3948489292233717e-10,1.663634921703028e-11,1.567520670816243e-05,3.6542193218665975e-06,3.047182832133067e-05,4.36965275069235,1.5271406207681746,0.0
64,9092,9.90901413152017,2.873222691146685e-05,6.575391629232842e-06,2.9511217130250692e-05,4.060029248070053e-06,4.35463221037935e-10,1.648411204350575e-11,1.5603105629384084e-05,3.6374110487698186e-06,3.033154356639136e-05,4.369652785819901,1.5271406366420246,0.0
64,9096,9.913373574604869,2.8600314832618316e-05,6.545203451277545e-06,2.9375548209898073e-05,4.041364488082194e-06,4.3146997086296324e-10,1.6332950751066203e-11,1.5531337148580695e-05,3.6206803112340773e-06,3.0191906594072396e-05,4.369652820779933,1.5271406524422488,0.0
64,9100,9.917733017689567,2.846900998320892e-05,6.515154238233788e-06,2.9240504744010973e-05,4.022785775491572e-06,4.275051423974219e-10,1.618286533971163e-11,1.5459899726506577e-05,3.6040267504289336e-06,3.0052914403762056e-05,4.3696528555732534,1.5271406681691935,0.0
64,9104,9.922092460774266,2.833830955937486e-05,6.485243348435244e-06,2.9106083839613948e-05,4.004292712294781e-06,4.235829464960261e-10,1.603439374998453e-11,1.53887918308483e-05,3.5874500091400008e-06,2.9914564005847852e-05,4.369652890200663,1.5271406838232036,0.0
64,9108,9.926451903858965,2.8208210770718063e-05,6.455470143297224e-06,2.897228261764294e-05,3.985884902402286e-06,4.196891723040608e-10,1.5886998041342405e-11,1.5318011936664515e-05,3.57094973187148e-06,2.9776852427266026e-05,4.3696529246629625,1.5271406994046215,0.0
64,9112,9.930811346943663,2.8078710839572474e-05,6.425833987148774e-06,2.8839098212209855e-05,3.967561951537245e-06,4.1585224153095623e-10,1.5741754094870243e-11,1.524755852600093e-05,3.5545255647564004e-06,2.963977670950464e-05,4.369652958960945,1.527140714913789,0.0
64,9116,9.935170790028362,2.7949807001221188e-05,6.3963342472823604e-06,2.870652777080699e-05,3.949323467263634e-06,4.120295216125669e-10,1.5597048088940565e-11,1.5177430087994494e-05,3.5381771555809093e-06,2.9503333904146003e-05,4.369652993095401,1.5271407303510456,0.0
64,9120,9.93953023311306,2.78214965035884e-05,6.3669702938833765e-06,2.857456845399341e-05,3.931169058943101e-06,4.0824943425832316e-10,1.545395590463836e-11,1.5107625118708179e-05,3.5219041537457547e-06,2.9367521080441645e-05,4.36965302706712,1.5271407457167294,0.0
64,9124,9.94388967619776,2.769377660747247e-05,6.337741500083478e-06,2.84432174356442e-05,3.913098337769255e-06,4.0452619032294024e-10,1.5313015482506108e-11,1.5038142121264793e-05,3.50570621029748e-06,2.923233531832197e-05,4.369653060876881,1.527140761011177,0.0
64,9128,9.948249119282458,2.7566644586371573e-05,6.3086472419206805e-06,2.83124719027598e-05,3.895110916741438e-06,4.008029463875573e-10,1.517207506037386e-11,1.4968979605743795e-05,3.4895829779043707e-06,2.9097773712667942e-05,4.369653094525466,1.5271407762347233,0.0
64,9132,9.952608562367157,2.7440097726313907e-05,6.279686898300507e-06,2.8182329055298728e-05,3.877206410641706e-06,3.9712233501632e-10,1.503274845986908e-11,1.49001360890943e-05,3.4735341108361724e-06,2.896383337265944e-05,4.369653128013651,1.5271407913877015,0.0
64,9136,9.956968005451856,2.7314133325967362e-05,6.2508598510210825e-06,2.8052786106281725e-05,3.859384436049165e-06,3.934843562092283e-10,1.489503568099177e-11,1.4831610095188388e-05,3.4575592649765195e-06,2.8830511419419238e-05,4.369653161342206,1.5271408064704437,0.0
64,9140,9.961327448536554,2.7188748696607025e-05,6.222165484765698e-06,2.7923840281764295e-05,3.841644611336187e-06,3.8986058825685177e-10,1.4757860842656947e-11,1.4763400154807816e-05,3.441658097819836e-06,2.8697804988184506e-05,4.3696531945119,1.5271408214832793,0.0
64,9144,9.965686891621253,2.7063941161730884e-05,6.193603187014867e-06,2.7795488820439988e-05,3.823986556613834e-06,3.8630787457805127e-10,1.462337570703457e-11,1.4695504805433847e-05,3.4258302684223425e-06,2.856571122778265e-05,4.3696532275234965,1.5271408364265373,0.0
64,9148,9.970046334705952,2.693970805736539e-05,6.165172348116248e-06,2.7667728973953654e-05,3.806409893774952e-06,3.8274095004453557e-10,1.4488352630869706e-11,1.4627922591412762e-05,3.4100754374406383e-06,2.8434227298909152e-05,4.369653260377757,1.5271408513005444,0.0
64,9152,9.97440577779065,2.681604673200377e-05,6.136872361270533e-06,2.7540558006834963e-05,3.7889142464850276e-06,3.7924507978459587e-10,1.4356019257417289e-11,1.4560652063920026e-05,3.3943932671233495e-06,2.8303350377521752e-05,4.369653293075437,1.527140866105626,0.0
64,9156,9.97876522087535,2.669295454619666e-05,6.108702622437758e-06,2.7413973196081644e-05,3.7714992401248506e-06,3.757776312340866e-10,1.4224761765049851e-11,1.4493691780740752e-05,3.3787834212599485e-06,2.817307765095822e-05,4.36965332561729,1.527140880842106,0.0
64,9160,9.983124663960048,2.65704288728778e-05,6.080662530411844e-06,2.728797183149226e-05,3.7541645018362945e-06,3.723386043930077e-10,1.4094580153767392e-11,1.4427040306445253e-05,3.3632455652216815e-06,2.804340632050907e-05,4.369653358004067,1.5271408955103072,0.0
64,9164,9.987484107044747,2.6448467097045828e-05,6.0527514867477745e-06,2.7162551215337424e-05,3.736909660477087e-06,3.688995775519288e-10,1.3964398542484932e-11,1.4360696212214822e-05,3.3477793659209513e-06,2.7914333600626155e-05,4.369653390236511,1.5271409101105495,0.0
64,9168,9.991843550129445,2.6327066615952745e-05,6.0249688958047205e-06,2.7037708662547513e-05,3.7197343466466317e-06,3.6553160498442594e-10,1.383690663391492e-11,1.4294658075939716e-05,3.3323844918341625e-06,2.7785856718168367e-05,4.369653422315366,1.5271409246431527,0.0
64,9172,9.996202993214144,2.6206224838553167e-05,5.997314164620007e-06,2.6913441500160112e-05,3.702638192609991e-06,3.6217784327163827e-10,1.37099526658874e-11,1.4228924481929796e-05,3.3170606129342623e-06,2.765797291306353e-05,4.36965345424137,1.527140939108434,0.0
64,9176,10.0,2.6085939186149348e-05,5.9697867030567255e-06,2.6789747067969336e-05,3.6856208323872174e-06,3.588382924135658e-10,1.3583536638402367e-11,1.416349402125506e-05,3.3018074007701283e-06,2.7530679438181534e-05,4.369653486015259,1.5271409535067104,0.0
