width,step,time,D_euc,e_euc,D_H,e_H,U_gap,e_U,D_pred,e_pred,grad_norm,theta_norm,max_abs_theta,nan_or_inf
32,0,0.0,4.5600712021893095,1.0,5.745695477711831,1.0,16.506508261299103,1.0,4.57359453410684,1.0,7.619506991306114,0.0,0.0,0.0
32,4,0.004359443084698711,4.5286129657892005,0.9931013716660815,5.701801638131882,0.9923605697952114,16.255270960301708,0.9847795004842761,4.537865111208442,0.9921878901524935,7.555516870604797,0.03311197424922271,0.011898603512256535,0.0
32,8,0.008718886169397422,4.497418180367043,0.9862605167673288,5.65830950920532,0.984791054652045,16.00823325098166,0.9698134213226858,4.502467675414447,0.9844483680916672,7.4921534842245086,0.06594596503308242,0.023692087303025168,0.0
32,12,0.013078329254096133,4.466484233142765,0.9794768623346028,5.615214892112162,0.97729072379387,15.765319142299106,0.9550971588135464,4.467398734785812,0.9767806703176047,7.429410051377385,0.09850464515525863,0.03538146951151322,0.0
32,16,0.017437772338794844,4.435808540231655,0.9727498417353668,5.572513635340635,0.9698588546777345,15.526454108028645,0.940626197996806,4.432654836760823,0.9691840419401017,7.367279868788005,0.1307906588267594,0.04696775781342003,0.0
32,20,0.021797215423493554,4.405388546307961,0.9660788945999166,5.530201634134704,0.9624947328982103,15.291565057093067,0.9263961108567962,4.398232567695137,0.9616577365780965,7.305756309776994,0.16280662199482293,0.05845194953256478,0.0
32,24,0.026156658508192265,4.375221724272484,0.9594634667484844,5.488274829948203,0.9551976520923897,15.060580304521494,0.9124025545628139,4.364128552407328,0.9542010162603062,7.244832823355794,0.19455512266786548,0.06983503175129264,0.0
32,28,0.030516101592890976,4.345305574924089,0.9529030101192038,5.446729209905487,0.9479669138460145,14.833429543018838,0.8986412697467374,4.3303394537298665,0.9468131513270497,7.184502933332504,0.2260387212365241,0.08111798141967294,0.0
32,32,0.03487554467758969,4.31563762663512,0.9463969826969291,5.405560806268521,0.9408018276007266,14.610043815133189,0.8851080788168667,4.296861972065499,0.9394934203332516,7.124760237428598,0.25725995079084246,0.0923017654635027,0.0
32,36,0.0392349877622884,4.286215435030635,0.9399448484428938,5.364765695910337,0.9337017105624268,14.390355486008154,0.871798884307201,4.263692844948923,0.932241109952604,7.06559840640642,0.2882213174336471,0.1033873408911291,0.0
32,40,0.04359443084698711,4.257036582671448,0.9335460772252037,5.324339999794759,0.9266658876107243,14.174298216707236,0.8587096672613717,4.230828846613711,0.9250555148828763,7.007011183207311,0.31892530059016155,0.11437565489910388,0.0
32,44,0.04795387393168582,4.2280986787409205,0.9272001447501504,5.284279882462353,0.9196936912094699,13.96180693809817,0.8458364856504995,4.198266787564423,0.9179359377523585,6.948992382100218,0.3493743533139039,0.12526764497668272,0.0
32,48,0.05231331701638453,4.1993993587354455,0.9209065324943383,5.244581551522483,0.9127844613183516,13.752817825284993,0.8331754728242332,4.166003514153814,0.91088168902742,6.891535887840679,0.3795709025889138,0.13606423900918252,0.0
32,52,0.05667276010108324,4.170936284158602,0.9146647276376118,5.205241257151438,0.9059375453055468,13.547268272575735,0.820722835994239,4.134035908165123,0.9038920869211777,6.834635654840031,0.4095173496283552,0.14676635538020943,0.0
32,56,0.06103220318578195,4.142707142218922,0.9084742229967792,5.166255291596526,0.8991522978614137,13.34509686897455,0.8084748547494598,4.102360886399326,0.8969664573032514,6.778285706344722,0.439216070169537,0.15737490307277,0.0
32,60,0.06539164627048066,4.114709645531226,0.902334516960116,5.127619988686082,0.8924280809132105,13.146243374186518,0.7964278796024349,4.070975400267339,0.8901041336105989,6.722480133625599,0.46866941476539853,0.16789078176927802,0.0
32,64,0.06975108935517937,4.086941531821503,0.8962451134226468,5.089331723345297,0.8857642635408298,12.950648695124407,0.7845783305660284,4.039876435387071,0.8833044567594148,6.667213095177046,0.49787970907250123,0.17831488195046952,0.0
32,68,0.07411053243987809,4.059400563635256,0.8902055217221873,5.051386911117823,0.8791602218935365,12.758254862906234,0.7729226957598923,4.009061011185298,0.8765667750580808,6.612478815925847,0.52684925413557,0.1886480849932376,0.0
32,72,0.0784699755245768,4.0320845280493165,0.8842152565761464,5.013782007693053,0.872615339107694,12.569005010333292,0.7614575300460353,3.978526180504277,0.8698904441211531,6.558271586449649,0.5555803266686286,0.1988912632673999,0.0
32,76,0.0828294186092755,4.004991236387053,0.8782738380190729,4.976513508439034,0.8661290052254706,12.382843349838083,0.7501794536928625,3.948269029213056,0.8632748267843771,6.504585762204908,0.5840751793327663,0.20904528023140975,0.0
32,80,0.08718886169397422,3.978118523936947,0.8723807913409413,4.939577947940919,0.8597006171145115,12.199715151892114,0.7390851510670716,3.91828667582341,0.8567192930207133,6.4514157627642,0.6123360410105835,0.21911099052702346,0.0
32,84,0.09154830477867293,3.951464249674498,0.8665356470261656,4.902971899544921,0.8533295783885649,12.019566723863576,0.7281713693528062,3.888576271110357,0.8502232198573638,6.398756071062772,0.6403651170773513,0.22908924007293494,0.0
32,88,0.09590774786337164,3.9250262959874083,0.8607379406933353,4.86669197490766,0.8470152993290507,11.842345389315312,0.7174349172974812,3.8591349977371903,0.8437859912937881,6.34660123265423,0.6681645896689292,0.23898086615738934,0.0
32,92,0.10026719094807035,3.8988025684040193,0.8549872130356622,4.830734823550882,0.8407571968075614,11.667999467733594,0.7068726639837087,3.829960069884973,0.8374069982206921,6.294945854975227,0.6957366179464791,0.248786697529787,0.0
32,96,0.10462663403276906,3.8727909953249555,0.8492830097621309,4.79509713242145,0.8345546942092816,11.496478254678209,0.6964815376267475,3.801048732886445,0.8310856383399842,6.243784606619065,0.7230833383580156,0.258507554491289,0.0
32,100,0.10898607711746777,3.846989527757935,0.843624881539345,4.759775625456559,0.8284072213573167,11.3277320023452,0.6862585243969508,3.772398262864277,0.8248213160856802,6.193112216618079,0.750206864896831,0.2681442489844355,0.0
32,104,0.11334552020216648,3.821396139055719,0.8380123839340602,4.724767063154111,0.8223142144379195,11.161711900532964,0.6762006672666524,3.7440059663736323,0.8186134425457514,6.142923473734698,0.7771092893568328,0.27769758468178746,0.0
32,108,0.1177049632868652,3.796008824657151,0.8324450773563955,4.690068242148176,0.8162751159266017,10.998370058003438,0.6663050648809865,3.7158691800489705,0.8124614353848988,6.093213225761083,0.803792681584834,0.2871683570736032,0.0
32,112,0.1220644063715639,3.770825601831258,0.8269225270037163,4.655675994789496,0.8102893745151238,10.837659484229583,0.6565688704521105,3.6879852702550524,0.8063647187682468,6.0439763788272165,0.8302590897298305,0.29655735355456,0.0
32,116,0.12642384945626262,3.7458445094243733,0.8214443028051793,4.621587188730944,0.8043564450393474,10.679534071521005,0.646989290676337,3.660351632742083,0.8003227232859416,5.995207896717355,0.8565105404893054,0.3058653535095314,0.0
32,120,0.13078329254096133,3.721063607610243,0.8160099793669329,4.587798726517911,0.7984757884079436,10.52394857751969,0.6375635846736873,3.632965692304953,0.7943348858786454,5.946902800194736,0.8825490393525932,0.31509312839843195,0.0
32,124,0.13514273562566004,3.69648097764309,0.8106191359179641,4.554307545183528,0.7926468715319451,10.370858608057809,0.6282890629493797,3.6058249024465225,0.788400649763915,5.89905616633442,0.9083765708413445,0.32424144184013676,0.0
32,128,0.13950217871035875,3.672094721613589,0.8052713562565866,4.521110615848689,0.7868691672551323,10.220220600369878,0.6191630863767865,3.578926745044896,0.782519464363452,5.851663127864193,0.9339950987471226,0.33331104969548986,0.0
32,132,0.14386162179505746,3.647902962207725,0.7999662286975587,4.4882049433267985,0.781142154285243,10.07199180665156,0.6101830652013904,3.5522687300246436,0.776690785231217,5.804718872513408,0.9594065663661696,0.3423027001494087,0.0
32,136,0.14822106487975617,3.6239038424685,0.7947033460198272,4.4555875657332065,0.775465317125996,9.926130277958187,0.6013464580653216,3.525848395031924,0.7709140739823964,5.758218642369664,0.9846128967313763,0.3512171337920963,0.0
32,140,0.15258050796445488,3.6000955255604534,0.7894823054148874,4.423255554099245,0.7698381460099177,9.782594848434911,0.5926507710519873,3.4996633051134465,0.7651887982232082,5.712157733243255,1.0096159928414887,0.36005508369937,0.0
32,144,0.1569399510491536,3.5764761945369594,0.7843027084357538,4.391206011990846,0.7642601368319649,9.641345119872291,0.5840935567504143,3.473711052399248,0.7595144314815427,5.66653149403924,1.0344177378875874,0.3688172755121175,0.0
32,148,0.1612993941338523,3.5530440521102795,0.7791641609465326,4.359436075131655,0.7587307910839297,9.50234144657965,0.5756724133388458,3.4479892557892096,0.7538904531384207,5.621335326137098,1.059019995476871,0.37750442751488933,0.0
32,152,0.165658837218551,3.5297973204243243,0.7740662730725901,4.327942911030597,0.7532496157896205,9.36554492057001,0.5673849836872112,3.4224955606433016,0.7483163483602658,5.576564682777823,1.0834246098537796,0.3861172507136374,0.0
32,156,0.17001828030324972,3.5067342408300988,0.769008659151309,4.296723718613849,0.747816123440809,9.230917357049421,0.5592289544780396,3.397227638475479,0.7427916080319769,5.532215068458396,1.1076334061184847,0.3946564489126093,0.0
32,160,0.17437772338794844,3.4838530736638025,0.763990937683427,4.265775727861153,0.7424298319339329,9.098421280204676,0.5512020553454475,3.3721831866512044,0.7373157286907913,5.488282038333536,1.1316481904427873,0.40312271879040734,0.0
32,164,0.17873716647264715,3.4611520980275463,0.7590127312849485,4.2350961994464225,0.7370902645075456,8.968019909282766,0.5433020580318033,3.347359928088546,0.7318882124609325,5.444761197624622,1.155470750283446,0.4115167499752221,0.0
32,168,0.18309660955734586,3.4386296115726585,0.7540736666396257,4.204682424382586,0.7317969496805042,8.839677144955907,0.53552677556169,3.322755610962802,0.726508566989026,5.401648201035734,1.1791028545929751,0.41983922511924926,0.0
32,172,0.18745605264204457,3.416283930285553,0.7491733744519999,4.174531723670635,0.7265494211908883,8.713357555966269,0.5278740614328149,3.2983680084146267,0.7211763053802829,5.358938752176677,1.202546254027935,0.428090819972299,0.0
32,176,0.19181549572674328,3.39411338827612,0.744311489400997,4.144641447952793,0.7213472179356357,8.589026366044124,0.5203418088234819,3.274194918261595,0.715890946135434,5.316628602992945,1.2258026811547562,0.43627220345460643,0.0
32,180,0.196174938811442,3.3721163375686194,0.7394876500940714,4.1150089771697855,0.7161898839108941,8.46664944109397,0.5129279498163002,3.2502341627131703,0.7106520130884092,5.27471355320251,1.2488738506531156,0.44438403772885265,0.0
32,184,0.2005343818961407,3.350291147895041,0.7347014990218907,4.085631720222147,0.7110769681530722,8.346193276642687,0.5056304546377648,3.226483588089048,0.7054590353447534,5.2331894497393545,1.271761459516904,0.4524269782714048,0.0
32,188,0.2048938249808394,3.328636206490907,0.7299526825135569,4.056507114635517,0.7060080246805879,8.227624985544288,0.49844733091338567,3.2029410645408083,0.7003115472207679,5.1920521862036875,1.2944671872528097,0.4604016739427835,0.0
32,192,0.20925326806553812,3.3071499178934785,0.7252408506923537,4.02763262622989,0.7009826124363027,8.11091228593574,0.49137662293802353,3.1796044857768644,0.6952090881833708,5.151297702318722,1.3169926960765486,0.46830876705736646,0.0
32,196,0.21361271115023683,3.2858307037423553,0.7205656574320186,3.99900574879274,0.6960002952306317,7.996023489438699,0.48441641096112664,3.1564717687906434,0.6901512027906643,5.110921983393972,1.3393396311067691,0.4761488934523371,0.0
32,200,0.21797215423493554,3.2646770025824194,0.7159267603135306,3.9706240037560216,0.6910606416853273,7.882927489601748,0.47756481048653604,3.1335408535919798,0.6851374406332059,5.0709210597949514,1.361509620556662,0.48392268255588594,0.0
32,204,0.22233159731963426,3.243687269669111,0.7113238205824074,3.9424849398769495,0.6861632251779216,7.771593750578283,0.47081997158656735,3.1108097029416677,0.6801673562759682,5.031291006419233,1.3835042759232994,0.49163075745467333,0.0
32,208,0.22669104040433297,3.2228599767760024,0.7067565031065072,3.9145861329225493,0.6813076237868242,7.661992296034761,0.4641800782300486,3.088276302089147,0.6752405092009857,4.992027942178752,1.4053251921747354,0.49927373496056127,0.0
32,212,0.23105048348903168,3.202193612004641,0.7022244763343288,3.8869251853579168,0.6764934202370655,7.554093698284838,0.4576433476240427,3.06593865851327,0.6703564637506735,4.953128029488308,1.4269739479348926,0.5068522256766235,0.0
32,216,0.2354099265737304,3.181686679596642,0.6977274122538044,3.8594997260381416,0.6717202018466789,7.447869067644255,0.45120802956894346,3.0437948016661283,0.6655147890718169,4.914587473760163,1.4484521056662618,0.5143668340624403,0.0
32,220,0.2397693696584291,3.161337699747997,0.6932649863515783,3.83230740990386,0.6669875604737131,7.3432900420020175,0.444872405826675,3.021842782719889,0.6607150590602175,4.87640252290468,1.4697612118504426,0.5218181584986877,0.0
32,224,0.2441288127431278,3.1411452084255727,0.6888368775727659,3.8053459176803806,0.6622950924638671,7.240328776603377,0.4386347895017226,3.000080674316611,0.6559568523059917,4.838569466836917,1.4909027971665505,0.5292067913510264,0.0
32,228,0.24848825582782652,3.1211077571857815,0.6844427682811892,3.778612955580355,0.6576423985987423,7.1389579340398654,0.4324935244347075,2.978506570321007,0.6512397520395123,4.801084636989103,1.5118783766675172,0.5365333190333015,0.0
32,232,0.25284769891252523,3.1012239129953896,0.6800823442200812,3.7521062550099367,0.6530290840447007,7.039150674442354,0.42644698460826114,2.9571185855761106,0.646563346077987,4.763944405828925,1.5326894499543093,0.543798322070057,0.0
32,236,0.25720714199722394,3.0814922580544386,0.6757552944732532,3.7258235722783963,0.6484547583023266,6.940880645872674,0.4204935735649285,2.935914855661811,0.6419272267726626,4.727145186383563,1.5533375013480903,0.5510023751583759,0.0
32,240,0.26156658508192265,3.0619113896212635,0.6714613114267222,3.699762688311146,0.6439190351564789,6.844121974909655,0.4146317238368501,2.914893536656237,0.6373309909566515,4.690683431769376,1.5738240000603512,0.5581460472290513,0.0
32,244,0.26592602816662136,3.042479919839573,0.6672000907307907,3.67392140836614,0.6394215326269335,6.748849257425519,0.40885989638697623,2.8940528048999323,0.6327742398933711,4.654555634727211,1.5941504003610363,0.565229901507096,0.0
32,248,0.2702854712513201,3.0231964755675715,0.6629713312625737,3.6482975617535955,0.6349618729196026,6.6550375495486165,0.40317658006156953,2.8733908567628084,0.6282565792255876,4.618758327163217,1.6143181417446866,0.5722544955715994,0.0
32,252,0.2746449143360188,3.004059698209099,0.658774735088969,3.622889001559018,0.6305396823783288,6.562662358808652,0.39758029105376363,2.8529059084138306,0.6237776189250593,4.583288079695139,1.634328649094624,0.5792203814149369,0.0
32,256,0.2790043574207175,2.985068243546765,0.654610007430064,3.5976936043694643,0.6261545914372426,6.471699635460482,0.3920695723779405,2.8325961955934105,0.6193369732427708,4.548141501203996,1.6541833328452045,0.5861281055013408,0.0
32,260,0.2833638005054162,2.9662207815770563,0.6504768566229758,3.5727092700030294,0.6218062345736824,6.382125763982799,0.38664299335470176,2.812459973388468,0.6149342606597511,4.513315238391094,1.673883589142157,0.5929782088248383,0.0
32,264,0.2877232435901149,2.947515996347381,0.6463749940861157,3.5479339212414995,0.6174942502616638,6.293917554748049,0.38129914910621454,2.792495516010133,0.610569103838469,4.478805975340294,1.6934308000010412,0.5997712269665643,0.0
32,268,0.29208268667481363,2.9289525857950527,0.6423041342838792,3.523365503566147,0.6132182809258965,6.207052235859976,0.37603666006171227,2.772701116574052,0.6062411295747979,4.444610433085486,1.7128263334638325,0.6065076901514556,0.0
32,272,0.29644212975951234,2.910529261588158,0.6382639946917497,3.4990019848966227,0.6089779728963407,6.12150744515526,0.3708541714729364,2.7530750868832774,0.6019499687505454,4.410725369183188,1.7320715437536762,0.6131881233043339,0.0
32,276,0.30080157284421105,2.892244748968319,0.6342542957618162,3.4748413553329076,0.6047729763632949,6.03726122236592,0.3657503529393183,2.7336157572136988,0.5976952562865384,4.377147577290226,1.7511677714278144,0.6198130461053839,0.0
32,280,0.30516101592890976,2.874097786595302,0.6302747608886975,3.4508816269002955,0.6006029453330124,5.954292001439015,0.3607238979426893,2.7143214761019845,0.5934766310962575,4.34387388674641,1.7701163435287186,0.6263829730450322,0.0
32,284,0.3095204590136085,2.8560871263934655,0.6263251163758684,3.427120833297364,0.596467537583837,5.87257860301041,0.3557735233913259,2.695190610136019,0.5892937360400167,4.310901162162173,1.7889185737334488,0.6328984134782364,0.0
32,288,0.3138799020983072,2.838211533400019,0.6224050914023846,3.4035570296468944,0.5923664146228523,5.792100227029401,0.3508979691731332,2.6762215437477863,0.5851462178796782,4.278226303011079,1.8075757625012585,0.639359871678187,0.0
32,292,0.3182393451830059,2.820469785615078,0.6185144179899995,3.3801882922497204,0.5882992416430409,5.712836445531053,0.3460959977177777,2.6574126790086816,0.5810337272338983,4.245846243227175,1.8260891972194655,0.6457678468894321,0.0
32,296,0.3225987882677046,2.802860673853483,0.6146528309706695,3.35701271834145,0.5842656874809433,5.634767195553131,0.3413663935675794,2.638762435427225,0.5769559185338976,4.213757950807095,1.8444601523476154,0.65212283338043,0.0
32,300,0.3269582313524033,2.7853830015983743,0.6108200679544433,3.33402842585205,0.580265424574815,5.557872772194749,0.33670796295699007,2.620269249749135,0.5729124499797483,4.181958427416885,1.8626898895599515,0.6584253204955339,0.0
32,304,0.331317674437102,2.7680355848564906,0.6070158692977304,3.3112335531682335,0.5762981289232719,5.482133821813569,0.3321195334004644,2.6019315757597488,0.568902983497174,4.150444708003472,1.8807796578862168,0.664675792706419,0.0
32,308,0.33567711752180074,2.7508172520151835,0.6032399780719442,3.288626258898644,0.5723634800444225,5.40753133535884,0.32759995328856145,2.5837478840887536,0.5649271846948549,4.119213860410735,1.8987306938508062,0.6708747296629549,0.0
32,312,0.34003656060649945,2.73372684370111,0.5994921400325145,3.266204721641777,0.5684611609354752,5.334046641837524,0.3231480914921083,2.565716662017199,0.5609847228222317,4.088262985000105,1.9165442216102901,0.677022606243531,0.0
32,316,0.34439600369119816,2.7167632126406054,0.5957721035882676,3.2439671397566285,0.564590858032822,5.261661401910395,0.31876283697423774,2.5478364132867726,0.557075270727804,4.057589214275656,1.9342214530893265,0.68311989260484,0.0
32,320,0.34875544677589687,2.699925223521694,0.5920796197711669,3.221911731136022,0.5607522611725879,5.190357601615965,0.3144430984101704,2.5301056579113013,0.553198504817917,4.027189712513626,1.9517635881149846,0.6891670542311253,0.0
32,324,0.3531148898605956,2.683211752857739,0.5884144422064106,3.200036732982595,0.5569450635516414,5.120117546218957,0.31018780381454164,2.5125229319904583,0.5493541050160275,3.997061675396304,1.9691718145494974,0.6951645519829008,0.0
32,328,0.3574743329452943,2.666621688852693,0.5847763270828834,3.1783404015874006,0.5531689616890634,5.050923854181377,0.30599590017615613,2.495086787525649,0.5455417547224495,3.9672023296502443,1.9864473084214636,0.7011128421451446,0.0
32,332,0.361833776029993,2.6501539312679494,0.5811650331239563,3.1568210121111058,0.5494236553880645,4.982759451253102,0.30186635309998305,2.4777957922380476,0.5417611407745674,3.9376089326887485,2.0035912340555124,0.7070123764749758,0.0
32,336,0.3661932191146917,2.633807391290757,0.5775803215586316,3.135476858367748,0.5457088476983507,4.915607564679853,0.29779814645626224,2.460648529388761,0.5380119534075165,3.9082787722585657,2.0206047442004618,0.7128636022488193,0.0
32,340,0.3705526621993904,2.6175809914041963,0.5740219560930286,3.1143062526110197,0.5420242448789268,4.849451717526051,0.2937902820365709,2.443643597601093,0.5342938862153208,3.879209166090753,2.0374889801559717,0.7186669623090622,0.0
32,344,0.37491210528408914,2.601473665258684,0.5704897028822062,3.0933075253230564,0.5383695563613365,4.78427572311012,0.2898417792167019,2.4267796106848825,0.5306066361124859,3.850397461555657,2.0542450718977263,0.7244228951102113,0.0
32,348,0.37927154836878785,2.585484357545,0.5669833305023172,3.0724790250056926,0.5347444947133324,4.720063679549966,0.2859516746262171,2.4100551974629005,0.526949903296041,3.821841035321952,2.070874138201155,0.730131834764553,0.0
32,352,0.38363099145348656,2.569612023868812,0.563502609923093,3.051819117974161,0.53114877560297,4.656799964416294,0.2821190218245341,2.3934690015992666,0.5233233912080224,3.793537293019707,2.087377286763708,0.7357942110873243,0.0
32,356,0.38799043453818527,2.553855630626681,0.560047314480652,3.0313261881532045,0.5275821177631226,4.594469229491722,0.27834289098342146,2.3770196814298705,0.5197268064983968,3.765483668907402,2.1037556143257117,0.741410449641398,0.0
32,360,0.392349877622884,2.5382141548835326,0.5566172198506298,3.0109986368755672,0.5240442429564104,4.53305639563326,0.27462236857575695,2.360705909794777,0.5161598589884161,3.7376776255428767,2.1200102067898126,0.7469809717814889,0.0
32,364,0.3967093207075827,2.5226865842515713,0.5532121040216256,2.9908348826828495,0.5205348759405399,4.47254664773628,0.270956557070434,2.3445263738725832,0.5126222616344012,3.7101166534581442,2.136142139339034,0.7525061946978856,0.0
32,368,0.4010687637922814,2.5072719167706308,0.5498317472689634,2.9708333611286877,0.5170537444340496,4.412925429797589,0.2673445746332714,2.3284797750167066,0.509113730491946,3.6827982708380302,2.152152476553458,0.7579865314597136,0.0
32,372,0.4054282068769801,2.4919691607899304,0.5464759321287627,2.9509925245842274,0.5136005790824529,4.354178440075998,0.2637855548338309,2.3125648285935907,0.5056339846805425,3.6557200232025866,2.1680422725255486,0.7634223910577339,0.0
32,376,0.4097876499616788,2.4767773348512305,0.5431444433723138,2.9313108420458867,0.5101751134247813,4.29629162634788,0.2602786463579882,2.2967802638227903,0.5021827463486157,3.628879483093243,2.183812570974138,0.768814178446683,0.0
32,380,0.41414709304637753,2.4616954675733713,0.5398370679807589,2.9117867989453465,0.5067770838605143,4.239251181256201,0.25682301272616703,2.2811248236189248,0.49875974063896705,3.602274249762645,2.199464405357085,0.7741622945871593,0.0
32,384,0.41850653613107625,2.4467225975381655,0.5365535951200682,2.892418896961779,0.5034062296168987,4.183043537750798,0.2534178320171017,2.2655972644354767,0.4953646956546219,3.575901948868125,2.2149987989826276,0.7794671364870608,0.0
32,388,0.42286597921577496,2.431857773177647,0.5332938161163145,2.8732056538362576,0.5000622927166485,4.12765536461832,0.2500622965970311,2.2501963561104072,0.4919973424250735,3.5497602321687856,2.2304167651194415,0.7847290972425779,0.0
32,392,0.42722542230047367,2.4171000526626467,0.5300575244312384,2.854145603188342,0.4967450179460221,4.07307356209968,0.2467556128541942,2.2349208817135753,0.4886574148729222,3.5238467772261255,2.2457193071054236,0.7899485660787489,0.0
32,396,0.4315848653851724,2.4024485037926837,0.5268445156381019,2.835237294334804,0.4934541528232732,4.019285257593481,0.24349700093853482,2.2197696373959315,0.48534464978090197,3.4981592871081895,2.260907418455211,0.7951259283895795,0.0
32,400,0.4359443084698711,2.3879022038871565,0.5236545873978271,2.816479292110471,0.4901894475674696,3.9662778014435602,0.24028569450650153,2.2047414322404744,0.4820587867592924,3.4726954900971747,2.2759820829664568,0.8002615657777343,0.0
32,404,0.4403037515545698,2.373460239677819,0.5204875394354173,2.797870176691161,0.48695065506767615,3.9140387628089215,0.2371209404708393,2.1898350881149384,0.4787995682137099,3.447453139400477,2.2909442748248745,0.8053558560938022,0.0
32,408,0.4446631946392685,2.359121707202527,0.5173431735166553,2.7794085434186897,0.48373753085249876,3.8625559256144157,0.23400199875527297,2.1750494395262012,0.47556673931327376,3.4224300128651164,2.3057949587080615,0.8104091734751429,0.0
32,412,0.4490226377239672,2.344885711700235,0.5142212934250775,2.7610930026279155,0.4805498330599822,3.811817284580428,0.23092814205397724,2.1603833334763873,0.4723600479591444,3.397623912695512,2.3205350898881303,0.815421888384317,0.0
32,416,0.45338208080866593,2.3307513675072364,0.5111217049392196,2.7429221794758107,0.47738732240786164,3.7618110413301764,0.22789865559574818,2.1458356293206458,0.4691792447534263,3.373032665174561,2.335165614333141,0.8203943676471057,0.0
32,420,0.45774152389336464,2.3167177979546265,0.5080442158101305,2.724894713772523,0.4742497621641595,3.712525600572718,0.22491283691276165,2.1314051986265854,0.4660240829684347,3.3486541203879816,2.349687468807373,0.8253269744901237,0.0
32,424,0.46210096697806335,2.3027841352669745,0.5049886357391521,2.707009259814412,0.471136918118127,3.6639495663604933,0.22196999561384712,2.1170909250353476,0.4628943185163191,3.32448615195189,2.364101580970425,0.8302200685780302,0.0
32,428,0.46646041006276207,2.288949520462194,0.5019547763559612,2.689264486219039,0.46804855855152505,3.6160717384194783,0.21906945316216045,2.1028917041242945,0.45978970991904083,3.300526656743554,2.3784088694751846,0.835074006050342,0.0
32,432,0.4708198531474608,2.2752131032525913,0.49894245119686986,2.6716590757620735,0.4649844542102389,3.568881108550933,0.21621054265719386,2.088806443271299,0.45671001827870045,3.2767735546353083,2.392610244064655,0.839889139557854,0.0
32,436,0.4751792962321595,2.2615740419470862,0.49595147568338294,2.654191725216116,0.46194437827622614,3.5223668571028526,0.2133926086210091,2.074834061520613,0.45365500724821023,3.2532247882315715,2.4067066056676705,0.8446658182986704,0.0
32,440,0.4795387393168582,2.2480315033545812,0.4929816671010075,2.636861145191391,0.4589281063397909,3.4765183495100302,0.21061500678862652,2.0609734894502933,0.45062444300230764,3.2298783226089443,2.4206988464935075,0.84940438805385,0.0
32,444,0.4838981824015569,2.2345846626884738,0.49003284457831275,2.6196660599783073,0.45593541637218205,3.4313251329011365,0.20787710390247505,2.047223669041178,0.4476180942089071,3.2067321450593425,2.434587850125404,0.8541051912226733,0.0
32,448,0.4882576254862556,2.221232703472295,0.48710482906623737,2.6026052073918526,0.4529660886985113,3.386776932771596,0.20517827751082762,2.0335835535473787,0.4446357320007839,3.183784264836131,2.448374491613002,0.8587685668575314,0.0
32,452,0.49261706857095433,2.2079748174464626,0.4841974433176404,2.585677338617804,0.45001990597098707,3.342863649720826,0.202517915770136,2.0200521073682896,0.44167712994758906,3.1610327129032245,2.4620596375637267,0.8633948506984436,0.0
32,456,0.49697651165565304,2.194810204476127,0.48131051186709306,2.5688812180607354,0.44709665314246133,3.2995753562526176,0.19989541725119112,2.006628305922074,0.43874206402818805,3.13847554168712,2.475644146233111,0.8679843752072052,0.0
32,460,0.5013359547403518,2.181738072460114,0.47844386101090974,2.552215623193798,0.44419611744028475,3.2569022936372605,0.19731019074902362,1.9933111355206334,0.435830312603323,3.116110824831818,2.4891288676140864,0.8725374696011741,0.0
32,464,0.5056953978250505,2.1687576372409345,0.47559731878741385,2.5356793444102497,0.44131808834046665,3.2148348688344015,0.1947616550964841,1.980099593246024,0.43294165638859156,3.0939366569566116,2.5025146435252412,0.877054459886694,0.0
32,468,0.5100548409097492,2.1558681225158587,0.4727707149574369,2.5192711848767253,0.4384623575421371,3.1733636514750856,0.19224923898140853,1.966992686828313,0.4300758784277408,3.0719511534166966,2.515802307698069,0.8815356688921637,0.0
32,472,0.5144142839944479,2.1430687597490348,0.46996388098504654,2.5029899603882098,0.43562871894230665,3.1324793709020895,0.1897723807673153,1.9539894345248543,0.42723276406627103,3.0501524500665753,2.5289926858632144,0.8859814163007528,0.0
32,476,0.5187737270791466,2.13035878808465,0.4671766500185032,2.4868344992247104,0.43281696861092067,3.092172913267113,0.18733052831754687,1.9410888650009703,0.42441210092534765,3.0285387030262236,2.5420865958357273,0.8903920186827688,0.0
32,480,0.5231331701638453,2.1177374542611114,0.46440885687144023,2.4708036420095985,0.43002690476620464,3.052435318683955,0.18492313882280276,1.9282900172120185,0.42161367887601503,3.0071080884499732,2.5550848475993417,0.8947677895276807,0.0
32,484,0.527492613248544,2.105204012526235,0.4616603380042657,2.4548962415696005,0.42725832775029693,3.0132577784362766,0.18254967863198016,1.9155919402868296,0.41883729001371095,2.985858802298103,2.5679882433897845,0.8991090392757997,0.0
32,488,0.5318520563332427,2.092757724553443,0.4589309315057847,2.43911116279643,0.42451104000516626,2.974631632239088,0.18020962308626848,1.9029936934125007,0.41608272863307705,2.9647890601110793,2.5807975777771355,0.9034160753496248,0.0
32,492,0.5362114994179414,2.080397859358943,0.45622047707503677,2.423447282510028,0.4217848460488099,2.9365483655526248,0.17790245635641846,1.8904943457205303,0.41334979120306253,2.9438970967864333,2.593513637747237,0.9076892021848528,0.0
32,496,0.5405709425026402,2.06812369321988,0.45352881600334777,2.4079034893233993,0.4190795524517293,2.8989996069479105,0.17562767128314222,1.8780929761742713,0.4106382763423162,2.9231811663582326,2.606137202782179,0.9119287212610601,0.0
32,500,0.5449303855873389,2.0559345095934627,0.4508557911565942,2.3924786835090255,0.41639496781368013,2.86197712552255,0.17338476922055623,1.8657886734576976,0.40794798479486566,2.902639541779127,2.6186690449398573,0.9161349311320565,0.0
32,504,0.5492898286720376,2.043829599037031,0.44820124695767466,2.377171776866839,0.41373090274069396,2.825472828366131,0.17117325988263002,1.8535805358654593,0.40527871940607835,2.8822705147049223,2.6311099289326254,0.920308127455918,0.0
32,508,0.5536492717567363,2.031808259129076,0.4455650293691897,2.361981692593733,0.4110871698223676,2.789478758073983,0.16899266119256431,1.8414676711942166,0.402630285098902,2.862072395281672,2.643460612205048,0.9244486030246986,0.0
32,512,0.558008714841435,2.0198697943911794,0.4429469858763239,2.3469073651545966,0.40846358360941715,2.7539870903084562,0.16684249913504787,1.8294491966352386,0.40000248885038187,2.8420435119352367,2.6557218450107647,0.9285566477938272,0.0
32,516,0.5623681579261337,2.008013516210882,0.4403469654699309,2.3319477401548485,0.4058599605914939,2.718990131406656,0.1647223076113291,1.8175242386682453,0.39739513966844964,2.8221822111632964,2.6678943704884768,0.9326325489111926,0.0
32,520,0.5667276010108324,1.996238742765454,0.43776481862981687,2.3171017742144664,0.4032761191752596,2.6844803160339126,0.162631628297058,1.8056919329564862,0.39480804856898255,2.8024868573297854,2.6799789247370684,0.936676590745918,0.0
32,524,0.5710870440955311,1.9845447989465643,0.43520039730822097,2.302368434843476,0.40071187966271615,2.650450204881807,0.16057001050282754,1.7939514242430377,0.3922410285531295,2.7829558324617074,2.6919762368898708,0.9406890549168319,0.0
32,528,0.5754464871802298,1.9729310162858376,0.43265355491349017,2.2877467003188956,0.3981670642297891,2.6168924824100017,0.1585370110373692,1.7823018662483028,0.3896938945848994,2.7635875360483215,2.7038870291880786,0.9446702203206343,0.0
32,532,0.5798059302649285,1.961396732881287,0.43012414629394646,2.2732355595631195,0.3956414969051604,2.5837999546311323,0.15653219407335642,1.7707424215687029,0.38716646356901085,2.744380384842663,2.715712017053332,0.9486203631597668,0.0
32,536,0.5841653733496273,1.9499412933246107,0.4276120277219434,2.2588340120237107,0.3931350035493475,2.5511655469375754,0.15455513101574592,1.7592722615765457,0.38465855432899837,2.7253328126653575,2.727451909159474,0.9525397569699844,0.0
32,540,0.588524816434326,1.938564048629348,0.42511705687811085,2.2445410675546045,0.39064741183402774,2.5189823019695865,0.15260540037262468,1.7478905663210555,0.382169987585573,2.706443270210733,2.7391074075034894,0.956428672647636,0.0
32,544,0.5928842595190247,1.9272643561598761,0.42263909283578477,2.2303557462986885,0.3881785512216019,2.4872433775237965,0.15068258762850215,1.736596524430554,0.37970058593523476,2.6877102248551696,2.750679207475634,0.9602873784766556,0.0
32,548,0.5972437026037234,1.916041579561244,0.42017799604561973,2.2162770785717605,0.385728252944998,2.4559420445012847,0.14878628512000006,1.7253893330157744,0.37725017382913223,2.669132160467682,2.7621679979287763,0.9641161401552668,0.0
32,552,0.6016031456884221,1.904895088689832,0.4177336283203832,2.2023041047478285,0.38329634998770856,2.4250716848945615,0.14691609191389957,1.7142681975743004,0.3748185775521689,2.6507075772226982,2.773574461246943,0.9679152208224048,0.0
32,556,0.6059625887731208,1.8938242595448251,0.41530585281992793,2.188435875145758,0.3808826770640622,2.394625789812487,0.14507161368748644,1.7032323318961136,0.37240562520235115,2.632434991415012,2.784899273413091,0.9716848810838576,0.0
32,560,0.6103220318578195,1.8828284742004937,0.4128945340363413,2.1746714499172364,0.37848707059972464,2.3645979575425713,0.1432524626111611,1.6922809579702365,0.37001114667037616,2.6143129352768852,2.7961431040761107,0.9754253790381314,0.0
32,564,0.6146814749425182,1.871907120739268,0.4104995377792692,2.1610098989360393,0.3761093687124263,2.3349818916497824,0.14145825723326017,1.6814133058924614,0.36763497361945713,2.5963399567972703,2.807306616617067,0.9791369703020405,0.0
32,568,0.619040918027217,1.8610595931855993,0.40812073116141184,2.1474503016885937,0.3737494111929154,2.3057713991112223,0.13968862236705126,1.6706286137741466,0.36527693946538214,2.5785146195431303,2.8183904682146936,0.9828199080360275,0.0
32,572,0.6234003611119157,1.850285291440602,0.40575798258419127,2.1339917471658154,0.37140703948613324,2.276960388485918,0.13794318897985489,1.659926127652076,0.36293687935680485,2.5608355024828304,2.8293953099101445,0.9864744429692149,0.0
32,576,0.6277598041966144,1.8395836212174557,0.4034111617235853,2.1206333337562038,0.36908209667260783,2.2485428681189745,0.1362215940842481,1.6493051013993578,0.36061463015576317,2.5433011998115815,2.8403217866710118,0.990100823424192,0.0
32,580,0.6321192472813131,1.8289539939775743,0.40108013951612986,2.1073741691401846,0.366774427450065,2.2205129443796565,0.13452348063132383,1.6387647966373673,0.35831003041842574,2.525910320778905,2.8511705374546197,0.9936992953415382,0.0
32,584,0.6364786903660118,1.8183958268675182,0.3987647881450839,2.0942133701856855,0.36448387811525407,2.1928648199322396,0.13284849740593507,1.628304482648699,0.3560229203760592,2.508661489518095,2.861942195270606,0.997270102304089,0.0
32,588,0.6408381334507105,1.8079085426566506,0.3964649810267581,2.0811500628449253,0.36221029654598463,2.1655927920397247,0.13119629892393045,1.6179234362911399,0.3537531419162189,2.4915533448776657,2.872637387242794,1.0008134855609434,0.0
32,592,0.6451975765354092,1.7974915696755236,0.3941805927970029,2.068183382052408,0.3599535321833732,2.138691250898873,0.12956654533128695,1.6076209419126337,0.35150053856415586,2.47458454025474,2.883256734670368,1.004329684051219,0.0
32,596,0.6495570196201079,1.7871443417549882,0.39191149929785585,2.0553124716241045,0.35771343601429656,2.112154678006789,0.12795890230515397,1.5973962912672344,0.34926495546444064,2.457753743430383,2.8938008530883566,1.0078189344275548,0.0
32,600,0.6539164627048066,1.7768662981660173,0.3896575775643451,2.0425364841578104,0.35548986055404924,2.085977644557879,0.12637304095673757,1.5872487834320348,0.3470462393627997,2.441059636406829,2.9042703523274356,1.0112814710793663,0.0
32,604,0.6582759057895053,1.7666568835602372,0.3874187058114482,2.0298545809346615,0.3532826598292034,2.060154809870724,0.12480863773599715,1.5771777247250565,0.3448442385881628,2.4245009152466066,2.914665836573059,1.0147175261558556,0.0
32,608,0.662635348874204,1.7565155479111525,0.3851947634212031,2.017265931821801,0.3510916893606687,2.0346809198444404,0.12326537433812824,1.5671824286240958,0.3426588030349186,2.4080762899135153,2.9249879044239213,1.0181273295887765,0.0
32,612,0.6669947919589028,1.7464417464560629,0.38298563092997073,2.0047697151761747,0.348916806146948,2.00955080544378,0.1217429376117868,1.5572622156865075,0.3404897841453756,2.3917844841154534,2.9352371489497617,1.0215111091149616,0.0
32,616,0.6713542350436015,1.7364349396386596,0.38079119001584666,1.9923651177494546,0.3467578686475906,1.984759381212399,0.12024101946901963,1.5474164134699204,0.3383370348924273,2.37562423514906,2.945414157748523,1.0248690902986093,0.0
32,620,0.6757136781283002,1.7264945930522935,0.3786113234862202,1.9800513345940625,0.34461473676683596,1.960301643813871,0.118759316796876,1.5376443564538718,0.33620040976241733,2.3595942937461567,2.9555195130028635,1.0282014965533384,0.0
32,624,0.6800731212129989,1.7166201773839094,0.3764459152654794,1.9678275689702929,0.3424872718374489,1.936172670599774,0.11729753137065903,1.5279453859623526,0.3340797647382049,2.3436934239219678,2.9655537915360344,1.031508549164007,0.0
32,628,0.6844325642976976,1.7068111683586351,0.37429485038285976,1.955693032254515,0.3403753366047431,1.9123676182044278,0.11585536976879202,1.5183188500872455,0.33197495728242393,2.3279204028250953,2.9755175648671366,1.0347904673083037,0.0
32,632,0.6887920073823963,1.6970670466850208,0.37215801496043566,1.9436469438484454,0.33827879521079046,1.8888817211657098,0.11443254328926439,1.5087641036126576,0.3298858463209395,2.312274020589231,2.985411399265747,1.0380474680781095,0.0
32,636,0.693151450467095,1.687387298000918,0.3700352962012515,1.931688531089477,0.33619751317881424,1.8657102905713217,0.1130287678676196,1.4992805079401235,0.3278122922264932,2.2967530801865834,2.995235855805943,1.0412797665006364,0.0
32,640,0.6975108935517937,1.6777714128199914,0.3679265823775923,1.9198170291620504,0.3341313573977644,1.8428487127303086,0.11164376399647298,1.4898674310146807,0.3257541568025403,2.281356397283,3.004991490419716,1.0444875755593406,0.0
32,644,0.7018703366364925,1.6682188864788585,0.36583176281939184,1.9080316810100602,0.33208019610707173,1.8202924478690363,0.11027725664651106,1.4805242472517988,0.32371130326727243,2.266082800094768,3.014678853949786,1.047671106214618,0.0
32,648,0.7062297797211912,1.6587292190848444,0.3637507279027752,1.896331737250279,0.33004389888158064,1.7980370288513399,0.10892897518895556,1.4712503374651575,0.3216835962378271,2.2509311292470673,3.024298492201832,1.0508305674242797,0.0
32,652,0.7105892228058899,1.6493019154643496,0.3616833690387362,1.8847164560867888,0.3280223366166561,1.7760780599221775,0.10759865331945108,1.4620450887952596,0.31967090171467877,2.235900237634062,3.0338509459961336,1.0539661661638136,0.0
32,656,0.7149486658905886,1.6399364851118192,0.35962957866194695,1.8731851032264113,0.32601538151346465,1.7544112154746685,0.10628602898336974,1.4529078946388718,0.31767308706621167,2.2209889902806084,3.0433367512186336,1.057078107446432,0.0
32,660,0.7193081089752873,1.6306324421393106,0.3575892502196977,1.8617369517951188,0.32402290706442693,1.7330322388396908,0.10499084430248223,1.4438381545792862,0.31569002101347143,2.206196264205563,3.0527564388714366,1.0601665943429073,0.0
32,664,0.723667552059986,1.6213893052266473,0.3555622781609663,1.850371282255422,0.3220447880388389,1.7119369410977896,0.10371284550298077,1.434835274317385,0.3137215736150928,2.1915209482866715,3.06211053512274,1.063231828001201,0.0
32,668,0.7280269951446847,1.612206597572158,0.35354855792561546,1.8390873823247158,0.3200809004686609,1.6911211999129918,0.102451782844829,1.4258986656035053,0.3117676162524022,2.1769619431270164,3.0713995613562104,1.0662740076658845,0.0
32,672,0.7323864382293834,1.6030838468439867,0.3515479859337151,1.827884546894578,0.31813112163447194,1.6705809583880082,0.10120741055240773,1.4170277461700982,0.3098280216146935,2.162518160923008,3.0806240342198077,1.0692933306973562,0.0
32,676,0.7367458813140821,1.594020585131974,0.3495604595749904,1.8167620779510045,0.3161953300515872,1.650312223940432,0.09997948674643248,1.408221939665159,0.30790266368467345,2.1481885253339055,3.089784465674068,1.0722899925908578,0.0
32,680,0.7411053243987809,1.5850163489000983,0.3475858771983923,1.805719284495576,0.31427340545633764,1.6303110671996066,0.09876777337712349,1.3994806755864375,0.3059914177240762,2.133971971352837,3.0988813630398475,1.075264186995288,0.0
32,684,0.7454647674834796,1.5760706789394716,0.3456241381017896,1.7947554824675378,0.31236522879250855,1.6105736209236383,0.09757203615859592,1.390803389216403,0.30409416025944414,2.1198674451793194,3.107915229045538,1.0782161057318225,0.0
32,688,0.7498242105681783,1.5671831203218822,0.34367514252178144,1.7838699946667893,0.3104706821979362,1.5910960789362534,0.09639204450445234,1.3821895215579671,0.3022107690680739,2.105873904093243,3.1168865618737533,1.0811459388123348,0.0
32,692,0.754183653652877,1.558353222353881,0.34173879162362836,1.7730621506777682,0.30858964899126073,1.5718746950830393,0.09522757146454963,1.3736385192709495,0.30034112316412465,2.0919903163303135,3.1257958552075022,1.0840538744576256,0.0
32,696,0.7585430967375757,1.5495805385313999,0.3398149874913005,1.762331286794219,0.3067220136588322,1.552905782206885,0.09407839366292889,1.3651498346092785,0.29848510278488727,2.078215660958936,3.134643598275848,1.0869400991154599,0.0
32,700,0.7629025398222744,1.5408646264949,0.33790363311764177,1.7516767459448386,0.30486766184177017,1.5341857111419586,0.09294429123686843,1.3567229253589206,0.2966425893772129,2.064548927758515,3.1434302758990578,1.0898047974784153,0.0
32,704,0.7672619829069731,1.5322050479850415,0.33600463239464845,1.7410978776197852,0.3030264803231724,1.5157109097260602,0.09182504777704997,1.3483572547765261,0.29481346558409816,2.050989117099163,3.1521563685332548,1.0926481525015435,0.0
32,708,0.7716214259916718,1.5236013687988696,0.3341178901038611,1.7305940377980407,0.30119835701547365,1.4974778618310722,0.09072045026882124,1.3400522915287871,0.29299761523142565,2.0375352398227964,3.1608223523145798,1.0954703454198453,0.0
32,712,0.7759808690763705,1.515053158746508,0.3322433119068677,1.7201645888756194,0.29938318094795,1.479483106410811,0.08963028903451274,1.3318075096324968,0.2911949233148584,2.024186317125605,3.1694286991028555,1.0982715557655645,0.0
32,716,0.7803403121610692,1.5065599916083587,0.3303808043359176,1.7098088995946121,0.2975808422543701,1.4617232365664705,0.08855435767682034,1.3236223883953024,0.2894052759868858,2.0109413804418774,3.177975876524776,1.1010519613852978,0.0
32,720,0.784699755245768,1.4981214450927975,0.3285302747846444,1.6995263449730509,0.2957912321607881,1.4441948986287372,0.08749245302319773,1.3154964123571427,0.2876285605440188,1.9977994713291647,3.1864643480166124,1.103811738456928,0.0
32,724,0.7890591983304667,1.4897371007943598,0.3266916314988965,1.6893163062355931,0.2940142429734803,1.4268947912567356,0.08644437507126873,1.3074290712323655,0.28586466541413436,1.9847596413547748,3.1948945728664544,1.1065510615063774,0.0
32,728,0.7934186414151654,1.4814065441524147,0.32486478356767434,1.6791781707450102,0.2922497680670203,1.4098196645532823,0.08540992693522731,1.2994198598525124,0.2841134801439654,1.9718209519835723,3.2032670062559774,1.109270103424188,0.0
32,732,0.7977780844998641,1.4731293644103165,0.32304964091417276,1.6691113319344701,0.2904977018724943,1.3929663191960344,0.08438891479320075,1.2914682781097686,0.2823748953867365,1.9589824744670719,3.2115820993017565,1.1119690354819272,0.0
32,736,0.8021375275845628,1.4649051545750291,0.32124611428692645,1.6591151892406097,0.2887579398658518,1.3763316055844612,0.0833811478355714,1.2835738309010623,0.28064880288994104,1.946243289733814,3.219840299096121,1.1146480273484207,0.0
32,740,0.8064969706692615,1.4567335113772228,0.3194541152510599,1.6491891480373821,0.28703037855639296,1.359912423002136,0.08238643821422639,1.2757360280728147,0.2789350954832616,1.9336024882810066,3.2280420487475583,1.1173072471058179,0.0
32,744,0.8108564137539602,1.448614035231829,0.3176735561796367,1.6393326195706746,0.28531491547538873,1.343705718794233,0.08140460099272867,1.2679543843663283,0.2772336670666287,1.921059170067408,3.2361877874206804,1.1199468612654866,0.0
32,748,0.8152158568386589,1.4405463301990535,0.31590435024511043,1.629545020893683,0.28361144916483355,1.327708487559697,0.08043545409737692,1.260228419363804,0.27554441259841794,1.9086124444074573,3.244277950375739,1.1225670347837444,0.0
32,752,0.8195752999233576,1.4325300039458428,0.3141464114108743,1.6198257748030402,0.2819198791663286,1.3119177703581286,0.07947881826915691,1.2525576574349864,0.27386722808378416,1.8962614298666167,3.252312969007718,1.1251679310774227,0.0
32,756,0.8239347430080564,1.424564667707794,0.31239965442290785,1.6101743097756824,0.2802401060100942,1.2963306539308022,0.07853451701654907,1.2449416276844223,0.2722020105631297,1.884005254157922,3.2602932708849917,1.12774971203927,0.0
32,760,0.8282941860927551,1.416649936251507,0.3106639948015214,1.6005900599064513,0.2785720312041095,1.2809442699356737,0.07760237656918363,1.237379863899332,0.27054865810070666,1.87184305403973,3.2682192797875564,1.1303125380531942,0.0
32,764,0.8326536291774538,1.4087854278373722,0.30893934883319546,1.5910724648464196,0.27691555722337885,1.265755794196231,0.07668222583233437,1.2298719044980806,0.2689070697733501,1.859773975214639,3.2760914157448497,1.132856568009344,0.0
32,768,0.8370130722621525,1.400970764182785,0.3072256335625139,1.581620969741929,0.2752705874993212,1.2507624459637086,0.07577389634222195,1.2224172924792456,0.2672771456593423,1.8477971722295792,3.2839100950731486,1.1353819593190357,0.0
32,772,0.8413725153468512,1.3932055704257924,0.30552276678419155,1.5722350251743438,0.27363702640928533,1.2359614871924833,0.0748772222221158,1.215015575371275,0.2656587868274053,1.8359118083770523,3.291675730412563,1.1378888679295203,0.0
32,776,0.8457319584315499,1.3854894750891502,0.3038306670351925,1.5629140871004934,0.2720147792661836,1.2213502218285797,0.07399204013923029,1.2076663051827239,0.26405189532582046,1.8241170555975101,3.2993887307636207,1.140377448338601,0.0
32,780,0.8500914015162486,1.377822110044804,0.3021492535869409,1.553657616793813,0.27040375230824837,1.2069259951107227,0.07311818926238096,1.2003690383530676,0.262456374171674,1.812412094382857,3.3070495015234584,1.1428478536090947,0.0
32,784,0.8544508446009473,1.370203110478773,0.30047844643761984,1.5444650807861633,0.2688038526889058,1.1926861928839116,0.07225551122039933,1.1931233357040836,0.2608721273402265,1.8007961136810655,3.31465844452161,1.1453002353831438,0.0
32,788,0.858810287685646,1.3626321148564422,0.2988181663045605,1.5353359508103268,0.2672149884667678,1.1786282409253346,0.07140385006129538,1.1859287623917936,0.25929905975440587,1.789268310801891,3.32221595805541,1.14773474389638,0.0
32,792,0.8631697307703448,1.3551087648882545,0.2971683346167185,1.5262697037431685,0.2656370685957396,1.1647496042821288,0.07056305221213757,1.1787848878589606,0.25773707727442025,1.7778278913236711,3.3297224369250085,1.1501515279919383,0.0
32,796,0.8675291738550435,1.3476327054957975,0.2955288735072368,1.517265821549459,0.2640700029152425,1.1510477866210849,0.06973296643965661,1.1716912857881367,0.25618608668749254,1.7664740690012037,3.3371782724680044,1.1525507351343267,0.0
32,800,0.8718886169397422,1.34020358477828,0.29389970580609415,1.5083237912263447,0.2625137021405493,1.1375203295897123,0.06891344381153731,1.16464753405525,0.2546459956977121,1.7552060656746773,3.344583852593703,1.1549325114231506,0.0
32,804,0.8762480600244409,1.3328210539793948,0.29228075503283846,1.4994431047484638,0.2609680778532319,1.1241648121888588,0.06810433765841063,1.1576532146837282,0.25311671291600446,1.7440231111796587,3.3519395618169976,1.157297001606694,0.0
32,808,0.8806075031091396,1.3254847674545638,0.2906719453894038,1.4906232590136985,0.2594330424917203,1.1109788501563145,0.06730550353651098,1.150707913799152,0.25159814785021595,1.7329244432581126,3.35924578129189,1.1596443490953607,0.0
32,812,0.8849669461938383,1.318194382638558,0.2890732017530093,1.4818637557895535,0.25790850934196946,1.0979600953613655,0.066516799190997,1.1438112215844336,0.2500902108953137,1.7219093074704503,3.3665028888446358,1.1619746959749748,0.0
32,816,0.889326389278537,1.3109495600134895,0.2874844496691405,1.4731641016601578,0.256394392528236,1.085106235210091,0.0657380845199232,1.1369627322355074,0.24859281332369806,1.7109769571085838,3.3737112590065403,1.164288183019942,0.0
32,820,0.8936858323632357,1.303749963077173,0.2859056153446106,1.4645238079738776,0.25489060700396016,1.0724149920611623,0.06496922153884777,1.1301620439175373,0.2471058672756269,1.7001266531099894,3.3808712630463917,1.1665849497062746,0.0
32,824,0.8980452754479344,1.2965952583118474,0.28433662564070195,1.4559423907915385,0.25339706854275434,1.0598841226518942,0.06421007434606153,1.123408758721625,0.24562928574975032,1.6893576639727546,3.387983269002548,1.1688651342244825,0.0
32,828,0.9024047185326332,1.2894851151532591,0.2827774080663854,1.4474193708352456,0.2519136937294955,1.047511417534551,0.06346050908843814,1.1167024826220198,0.24416298259375466,1.678669265671607,3.3950476417146707,1.1711288734923277,0.0
32,832,0.9067641616173319,1.2824192059600983,0.2812278907716185,1.4389542734377938,0.2504403999515205,1.0352947005224422,0.06272039392787739,1.1100428254338215,0.24270687249511455,1.6680607415749054,3.402064742855121,1.1733763031674487,0.0
32,836,0.9111236047020306,1.275397205983784,0.2796880025407192,1.4305466284926673,0.24897710538992382,1.0232318281458745,0.06198959900834555,1.1034294007711696,0.24126087097195079,1.6575313823625921,3.4090349309600105,1.1756075576598521,0.0
32,840,0.9154830477867293,1.268418793338599,0.27815767278581655,1.4221959704046154,0.24752372901095543,1.0113206891175608,0.06126799642348874,1.096861826005916,0.23982489436399462,1.6470804859450854,3.415958561459922,1.1778227701442743,0.0
32,844,0.919842490871428,1.2614836489721628,0.27663683154037577,1.4139018380407984,0.24608019055751826,0.9995592038075856,0.06055546018482517,1.0903397222267726,0.2383988598236553,1.636707357383106,3.4228359867102944,1.1800220725724162,0.0
32,848,0.9242019339561267,1.2545914566362437,0.27512540945279734,1.4056637746825011,0.24464641054076422,0.9879453237273239,0.05985186619047984,1.083862714198931,0.23698268530719122,1.6264113088084253,3.429667556021483,1.1822055956850506,0.0
32,852,0.9285613770408254,1.2477419028579038,0.2736233377800894,1.3974813279774019,0.24322231023178686,0.9764770310227391,0.05915709219448741,1.0774304303241449,0.2355762895659819,1.6161916593455286,3.436453615688493,1.184373469024004,0.0
32,856,0.9329208201255241,1.2409346769109764,0.27213054838161266,1.3893540498923955,0.2418078116534106,0.9651523379761926,0.05847101777661078,1.0710425026012755,0.23417959213790154,1.6060477350341782,3.443194509020394,1.1865258209440124,0.0
32,860,0.9372802632102228,1.2341694707878643,0.27064697371289603,1.3812814966669595,0.24040283757207434,0.953969286517264,0.057793524312705506,1.0646985665872895,0.2327925133387913,1.595978868752865,3.4498905763694183,1.1886627786244566,0.0
32,864,0.9416397062949216,1.227445979171665,0.269172546819524,1.3732632287670599,0.23900731148980922,0.9429259477418697,0.05712449494558694,1.0583982613587042,0.23141497425402946,1.5859844001431436,3.456542155159745,1.1907844680809747,0.0
32,868,0.9459991493796203,1.2207638994086092,0.2677072013310922,1.365298810839588,0.2376211576363085,0.9320204214400007,0.056463814556419606,1.0521412294734809,0.23004689673019946,1.5760636755348367,3.463149579915976,1.1928910141769549,0.0
32,872,0.950358592464319,1.214122931480817,0.2662508714552333,1.3573878116673255,0.23624430096108961,0.9212508356315041,0.055811369736593786,1.0459271169333522,0.228688203366853,1.5662160478720981,3.4697131822913074,1.194982540634908,0.0
32,876,0.9547180355490177,1.2075227779793614,0.2648034919717097,1.349529804124426,0.23487666712574598,0.9106153461100632,0.05516704876009892,1.0397555731465857,0.22733881750836835,1.5564408766403304,3.476233291095394,1.1970591700477233,0.0
32,880,0.9590774786337164,1.200963144077641,0.2633649982265745,1.3417243651324138,0.23351818249628897,0.9001121359949948,0.05453074155637043,1.0336262508911749,0.22599866323590226,1.5467375277939364,3.4827102323219195,1.1991210238898082,0.0
32,884,0.9634369217184151,1.1944437375050527,0.261935326126398,1.3339710756166872,0.2321687741355775,0.8897394152909754,0.05390233968361706,1.027538806278453,0.22466766535943422,1.537105373684908,3.489144329175872,1.2011682225281113,0.0
32,888,0.9677963648031138,1.1879642685209681,0.2605144121325609,1.3262695204635258,0.2308283697958354,0.8794954204552781,0.05328173630260308,1.0214928987171266,0.22334574940990262,1.5275437929922313,3.4955359021005212,1.2032008852330323,0.0
32,892,0.9721558078878125,1.1815244498889992,0.2591021932556106,1.3186192884775907,0.22949689791125483,0.8693784139725693,0.05266882615088862,1.0154881908777211,0.22203284163143072,1.5180521706521037,3.5018852688041155,1.2052191301892186,0.0
32,896,0.9765152509725112,1.1751239968515623,0.25769860704968384,1.3110199723399176,0.228174287590685,0.8593866839370818,0.05206350551751676,1.0095243486574357,0.2207288689736424,1.5086298977889592,3.5081927442862897,1.2072230745062513,0.0
32,900,0.98087469405721,1.1687626271047271,0.2563035916069905,1.3034711685663918,0.22686046861040515,0.8495185436419135,0.051465672218132356,1.0036010411454015,0.21943375908406604,1.499276371647274,3.514458640864187,1.2092128342292197,0.0
32,904,0.9852341371419087,1.1624400607733512,0.25491708555236126,1.2959724774667012,0.22555537140698065,0.8397723311755954,0.0508752255705413,0.9977179405883402,0.21814744030062577,1.489990995524169,3.5206832681983102,1.2111885243491864,0.0
32,908,0.9895935802266074,1.1561560203864978,0.2535390280378566,1.288523503103765,0.22425892707020165,0.8301464090254029,0.05029206637067823,0.9918747223566148,0.21686984164421877,1.4807731787027807,3.5268669333180918,1.2131502588135459,0.0
32,912,0.9939530233113061,1.14991023085313,0.2521693587374366,1.2811238532536249,0.22297106733610259,0.8206391636877228,0.049716096869001684,0.9860710649106721,0.2156008928113778,1.4716223363863932,3.5330099406471933,1.2150981505362741,0.0
32,916,0.9983124663960048,1.1437024194380807,0.25080801784169166,1.2737731393658016,0.22169172458006245,0.8112490052849068,0.04914722074728235,0.9803066497678694,0.2143405241670182,1.4625378896333356,3.539112592028535,1.2170323114080743,0.0
32,920,1.0026719094807035,1.137532315738295,0.24945494605263202,1.2664709765241051,0.22042083180998398,0.8019743671889614,0.04858534309580529,0.9745811614696824,0.21308866673726792,1.4535192652926237,3.545175186749061,1.2189528523064157,0.0
32,924,1.0070313525654022,1.1313996516593394,0.24811008457853675,1.2592169834078977,0.21915832265955187,0.7928137056514473,0.0480303703909485,0.9688942875492883,0.2118452522023796,1.4445658959403362,3.551198021564239,1.220859883105471,0.0
32,928,1.011390795650101,1.125304161392178,0.24677337512886086,1.2520107822538002,0.21790413138156803,0.7837654994398875,0.047482210473155706,0.9632457184995223,0.21061021288972462,1.4356772198167302,3.557181390722302,1.2227535126859517,0.0
32,932,1.0157502387347996,1.1192455813902096,0.24544475990919945,1.2448519988178395,0.2166581928413634,0.7748282494803931,0.04694077252528586,0.9576351477412004,0.20938348176686664,1.4268526807640716,3.56312558598823,1.2246338489448372,0.0
32,936,1.0201096818194983,1.1132236503465631,0.24412418161630892,1.2377402623380316,0.21542044251028594,0.7660004785063208,0.04640596705132807,0.9520622715918048,0.20816499243471515,1.4180917281651837,3.569030896667481,1.2265009988050113,0.0
32,940,1.024469124904197,1.1072381091716508,0.24281158343318435,1.2306752054973922,0.21419081645926297,0.7572807307130347,0.04587770585548629,0.9465267892345302,0.20695467912075724,1.409393816882697,3.5748976096294705,1.2283550682247926,0.0
32,944,1.0288285679888958,1.1012887009709718,0.24150690902419208,1.2236564643873744,0.2129692513524375,0.7486675714185083,0.04535590202161788,0.9410284026876821,0.20575247667236685,1.400758407199002,3.5807260093307973,1.230196162207371,0.0
32,948,1.0331880110735945,1.0953751710231674,0.24021010253025724,1.2166836784717252,0.2117556844408778,0.7401595867297459,0.0448404698930247,0.935566816774428,0.2045583205501909,1.3921849647568867,3.586516377838233,1.2320243848101449,0.0
32,952,1.0375474541582932,1.089497266758321,0.23892110856410503,1.2097564905507545,0.21055005355635878,0.731755383214832,0.04433132505258511,0.9301417390928931,0.20337214682161087,1.383672960500855,3.592268994851459,1.2338398391539638,0.0
32,956,1.041906897242992,1.083654737736505,0.23763987220555627,1.2028745467260191,0.20935229710521527,0.7234535875806714,0.04382838430323081,0.9247528799865998,0.20219389215427935,1.3752218706191244,3.597984137725569,1.2356426274322747,0.0
32,960,1.0462663403276906,1.0778473356265634,0.2363663389968745,1.196037496365406,0.20816235406226513,0.7152528463560159,0.043331565648743915,0.9193999525152446,0.20102349380973075,1.36683117648628,3.6036620814933347,1.237432850920174,0.0
32,964,1.0506257834123893,1.072074814185139,0.23510045493816661,1.1892449920686186,0.2069801639648024,0.707151825580155,0.04284078827489712,0.9140826724258087,0.19986088963706453,1.3585003646065954,3.6093030988872354,1.239210609983368,0.0
32,968,1.054985226497088,1.0663369292359286,0.2338421664828338,1.1824966896330593,0.20580566690665922,0.6991492104965715,0.042355972530894716,0.9088007581240006,0.19870601806670143,1.3502289265579979,3.614907460361253,1.2409760040870406,0.0
32,972,1.0593446695817867,1.0606334386491758,0.23259142053307438,1.1757922480201002,0.20463880353233552,0.6912437052520914,0.04187703991114647,0.9035539306460247,0.19755881810421055,1.342016358936677,3.620475434112445,1.2427291318046292,0.0
32,976,1.0637041126664855,1.0549641023213912,0.23134816443543654,1.1691313293217411,0.2034795150311963,0.6834340326008146,0.04140391303733105,0.8983419136306707,0.19641922932420694,1.3338621633023302,3.62600728610228,1.2444700908265116,0.0
32,980,1.0680635557511842,1.0493286821552992,0.23011234597642072,1.1625135987276507,0.20232774313173496,0.6757189336133536,0.04093651564078112,0.8931644332917248,0.1952871918643194,1.3257658461240365,3.631503280077763,1.2461989779686027,0.0
32,984,1.0724229988358829,1.0437269420400095,0.2288839133781314,1.1559387244925814,0.2011834300959025,0.6680971673907763,0.04047477254515337,0.8880212183906943,0.19416264641922673,1.3177269187267469,3.6369636775923264,1.2479158891808637,0.0
32,988,1.0767824419205816,1.0381586478314095,0.22766281529397725,1.1494063779041603,0.2000465187135014,0.6605675107833804,0.04001860964939123,0.8829120002098432,0.1930455342347622,1.309744897238393,3.6423887380265088,1.2496209195557237,0.0
32,992,1.0811418850052803,1.0326235673327764,0.22644900080441932,1.1429162332510452,0.19891695229664358,0.6531287581143772,0.03956795391098507,0.8778365125255372,0.19193579710208541,1.301819302537597,3.647778718608415,1.251314163336415,0.0
32,996,1.085501328089979,1.0271214702756026,0.22524241941276646,1.1364679677914473,0.19779467467427195,0.6457797209080098,0.03912273332950099,0.872794491581892,0.1908333773519206,1.2939496602019862,3.6531338744339648,1.2529957139252224,0.0
32,1000,1.0898607711746777,1.0216521283006392,0.2240430210410179,1.1300612617220107,0.19667963018674406,0.6385192276223748,0.038682876930394586,0.8677856760647213,0.18973821784886052,1.2861355004570936,3.6584544584869247,1.2546656638916491,0.0
32,1004,1.0942202142593764,1.0162153149391453,0.22285075602575152,1.1236957981470483,0.1955717636804778,0.6313461233866704,0.038248314749092904,0.8628098070757831,0.18865026198573548,1.2783763581258496,3.663740721658737,1.2563241049804985,0.0
32,1008,1.0985796573440751,1.0108108055943505,0.22166557511405874,1.1173712630481303,0.19447102050265858,0.6242592697428861,0.037818977815345385,0.8578666281073191,0.1875694536780464,1.270671772578648,3.668992912768136,1.2579711281198727,0.0
32,1012,1.1029391004287739,1.0054383775231202,0.22048742945952354,1.1110873452540162,0.1933773464960061,0.6172575443918191,0.03739479813783702,0.8529558850168849,0.18649573735846164,1.2630212876839841,3.674211278580563,1.2596068234290891,0.0
32,1016,1.1072985435134726,1.0000978098178253,0.21931627061824693,1.1048437364109334,0.19229068799360158,0.6103398409432472,0.0369757086890533,0.848077326002465,0.18542905797137588,1.2554244517596642,3.679396063827379,1.261231280226517,0.0
32,1020,1.1116579865981713,0.9947888833884133,0.21815205054491496,1.0986401309531912,0.1912109918137733,0.6035050686704224,0.03656164339040685,0.843230701577873,0.1843693609675315,1.2478808175245624,3.684547511224877,1.2628445870373337,0.0
32,1024,1.11601742968287,0.9895113809446782,0.21699472158891062,1.0924762260741314,0.19013820525504072,0.5967521522685999,0.03615253709760868,0.8384157645484313,0.1833165922987011,1.2403899420509394,3.689665861493093,1.2644468316011994,0.0
32,1028,1.1203768727675687,0.984265086978726,0.21584423649046885,1.0863517216974088,0.18907227609111613,0.5900800316174681,0.03574832558627559,0.833632269986927,0.1822706984124302,1.2329513867173025,3.69475135337443,1.2660381008798565,0.0
32,1032,1.1247363158522674,0.9790497877476347,0.21470054837687377,1.0802663204486,0.18801315256596332,0.5834876615477853,0.03534894553779258,0.8288799752098416,0.1812316262468401,1.2255647171618063,3.6998042236520794,1.26761848106465,0.0
32,1036,1.1290957589369661,0.9738652712563061,0.21356361075869806,1.0742197276271328,0.18696078338891198,0.576974011611668,0.03495433452539639,0.8241586397538514,0.1801993232254897,1.2182295032361856,3.704824707168257,1.2691880575839705,0.0
32,1040,1.1334552020216648,0.9687113272405058,0.2124333775260841,1.0682116511785367,0.18591511772982822,0.5705380658567947,0.034564431000496276,0.8194680253525933,0.1791737372522954,1.210945318960214,3.7098130368422497,1.2707469151106219,0.0
32,1044,1.1378146451063635,0.9635877471500924,0.21130980294506582,1.062241801667007,0.18487610521433948,0.56417882260439,0.03417917427922383,0.8148078959136971,0.17815481670650934,1.2037117424766879,3.714769443688272,1.2722951375691134,0.0
32,1048,1.1421740881910623,0.95849432413243,0.21019284165393137,1.0563098922482839,0.18384369591911426,0.5578952942307964,0.03379850452920009,0.8101780174960759,0.17714251043775409,1.1965283560069189,3.7196941568331416,1.273832808142878,0.0
32,1052,1.146533531275761,0.9534308530159837,0.20908244865962566,1.050415638642835,0.18281784036719484,0.5516865069527128,0.03342236275652485,0.8055781582874766,0.17613676776111395,1.189394745806741,3.7245874035337696,1.2753600092814166,0.0
32,1056,1.1508929743604597,0.9483971302940959,0.2079785793341925,1.0445587591093448,0.18179848952338323,0.5455515006160354,0.03305069079298417,0.8010080885822835,0.175137538452282,1.1823105021230151,3.729449409194472,1.2768768227073688,0.0
32,1060,1.1552524174451584,0.9433929541089413,0.2068811894112562,1.038738974418506,0.18078559478967965,0.5394893284880027,0.0326834312834581,0.7964675807595741,0.17414477274276202,1.1752752191506366,3.7342803973840994,1.2783833294235125,0.0
32,1064,1.159611860529857,0.9384181242356568,0.20579023498254115,1.0329560078271043,0.1797791080007723,0.5334990570530564,0.03232052767355346,0.7919564092614243,0.17315842131512485,1.1682884949900258,3.739080589852999,1.2798796097196923,0.0
32,1068,1.1639713036145558,0.9334724420666474,0.2047056724944302,1.0272095850524,0.17877898141957854,0.5275797658117583,0.031961924197421776,0.7874743505714578,0.17217843529831853,1.1613499316051128,3.7438502065497867,1.2813657431796766,0.0
32,1072,1.1683307466992545,0.9285557105960632,0.20362745874456076,1.0214994342467978,0.17778516773283645,0.5217305470832727,0.0316075658657933,0.7830211831936406,0.17120476626303163,1.1544591347817967,3.748589465637962,1.282841808687945,0.0
32,1076,1.1726901897839532,0.923667734404446,0.2025555508784576,1.0158252859728063,0.17679762004674654,0.5159505058108707,0.03125739845419397,0.7785966876313138,0.17023736621710894,1.1476157140868803,3.7532985835123434,1.2843078844364075,0.0
32,1080,1.177049632868652,0.9188083196435454,0.20148990638620326,1.0101868731782755,0.17581629188266218,0.51023875937085,0.03091136849136941,0.7742006463664649,0.1692761876010191,1.140819282827474,3.7579777748153367,1.2857640479310535,0.0
32,1084,1.1814090759533507,0.913977274021299,0.2004304830991443,1.00458393117192,0.17484113717282943,0.5045944373844193,0.030569423247888437,0.7698328438392323,0.16832118328337345,1.1340694580108608,3.7626272524530373,1.2872103759985354,0.0
32,1088,1.1857685190380494,0.9091744067869789,0.19937723918663386,0.9990161975991158,0.17387211025617466,0.4990166815327015,0.030231510724935573,0.7654930664276431,0.1673723065564957,1.1273658603048256,3.7672472276111666,1.2886469447926836,0.0
32,1092,1.190127962122748,0.9043995287164985,0.19833013315280965,0.9934834124179687,0.17290916587413957,0.4935046453748342,0.029897579643291206,0.7611811024275777,0.16642951113204135,1.1207081139984278,3.7718379097708477,1.2900738298009558,0.0
32,1096,1.1944874052074468,0.8996524520978804,0.19728912383340713,0.9879853178756589,0.17195225916656387,0.48805749416894173,0.029567579432485645,0.7568967420329642,0.16549275113666712,1.1140958469632283,3.776399506724214,1.2914911058508214,0.0
32,1100,1.1988468482921455,0.8949329907168827,0.19625417039260737,0.9825216584850461,0.17100134566761377,0.48267440469610534,0.02924146022013487,0.7526397773161921,0.16456198110774864,1.107528690614956,3.780932224589864,1.2928988471160796,0.0
32,1104,1.2032062913768442,0.8902409598427806,0.1952252323199191,0.9770921810015413,0.17005638130175652,0.47735456508717533,0.02891917282144845,0.7484100022087502,0.16363715598914683,1.101006279875611,3.7854362678281563,1.2942971271231154,0.0
32,1108,1.207565734461543,0.885576176214305,0.19420226942709493,0.9716966344002399,0.1691173223797807,0.4720971746523901,0.028600668728907472,0.7442072124820819,0.16271823112702213,1.0945282531359997,3.789911839256347,1.2956860187570898,0.0
32,1112,1.2119251775462416,0.8809384580257306,0.1931852418450809,0.9663347698533112,0.16818412559486096,0.46690144371372355,0.0282859001021078,0.7400312057286557,0.1618051622656956,1.0880942522186998,3.7943591400635754,1.297204897321274,0.0
32,1116,1.2162846206309403,0.8763276249131184,0.1921741100209992,0.9610063407076423,0.167256748018667,0.4617665934401529,0.02797481975778024,0.735881781343251,0.16089790554355704,1.0817039223414395,3.7987783698256936,1.298858500921212,0.0
32,1120,1.220644063715639,0.8717434979407047,0.19116883471516344,0.9557111024627345,0.1663351470975168,0.45669185568527837,0.02766738115995318,0.7317587405044517,0.15999641748901866,1.0753569120809066,3.8031697265199496,1.3005021939945276,0.0
32,1124,1.2250035068003378,0.8671858995874385,0.19016937699812644,0.9504488127488472,0.16541928064857248,0.45167647282785595,0.02736353841029174,0.7276618861563505,0.1591006550165149,1.0690528733369522,3.8075334065395188,1.3021360421555572,0.0
32,1128,1.2293629498850365,0.8626546537336652,0.18917569824776007,0.9452192313053888,0.16450910685607956,0.4467196976147747,0.02706324623858497,0.7235910229904589,0.158210575422547,1.06279146129722,3.8118696047078857,1.303760110536712,0.0
32,1132,1.2337223929697352,0.8581495856479533,0.18818776014636615,0.9400221199595481,0.1636045842676478,0.44182079300662025,0.026766459993389773,0.7195459574278187,0.1573261363817718,1.056572334402163,3.8161785142930835,1.305374463792389,0.0
32,1136,1.238081836054434,0.8536705219740632,0.18720552467781915,0.934857242605168,0.16270567179057427,0.43697903202568256,0.026473135632822883,0.7155264976013166,0.15644729594313483,1.0503951543104688,3.8204603270217876,1.306979166102845,0.0
32,1140,1.2424412791391326,0.8492172907180585,0.18622895412473947,0.9297243651818552,0.16181232868820766,0.432193697606408,0.026183229715500914,0.7115324533381979,0.15557401252604708,1.0442595858648724,3.824715233093267,1.3085742811780365,0.0
32,1144,1.2468007222238313,0.8447897212355536,0.18525801106569706,0.9246232556543229,0.16092451457635296,0.4274640824484095,0.025896699391635417,0.7075636361427733,0.1547062449166038,1.0381652970583592,3.828943421193193,1.310159872261428,0.0
32,1148,1.25116016530853,0.8403876442191003,0.1842926583724453,0.9195536839919675,0.16004218941971685,0.42278948887160084,0.025613502394256596,0.7036198591793239,0.15384395226384695,1.0321119590007521,3.833145078507309,1.3117360021337634,0.0
32,1152,1.2555196083932287,0.8360108916857093,0.1833328592071845,0.9145154221486707,0.15916531352839253,0.4181692286738894,0.025333597030592007,0.6997009372551943,0.1529870940760682,1.0260992458856795,3.8373203907349636,1.3133027331168066,0.0
32,1156,1.2598790514779274,0.831659296964507,0.18237857701985527,0.9095082440428311,0.15829384755438416,0.4136026229909362,0.02505694217357055,0.6958066868040786,0.15213563021715482,1.0201268349579138,3.8414695421025065,1.3148601270770477,0.0
32,1160,1.2642384945626262,0.8273326946845232,0.1814297755454602,0.9045319255376174,0.15742775248817026,0.40908900215839594,0.024783497253476647,0.6919369258694908,0.15128952090297543,1.0141944064810886,3.8455927153765477,1.316408245429378,0.0
32,1164,1.2685979376473249,0.8230309207626103,0.1804864188014147,0.899586244421441,0.156566989655305,0.40462770557614647,0.024513222249724985,0.6880914740884221,0.15044872669780662,1.0083016437057777,3.8496900918770836,1.31794714914073,0.0
32,1168,1.2729573807320236,0.8187538123914924,0.1795484710849263,0.8946709803886489,0.15571152071305788,0.400218081574792,0.02424607768277298,0.6842701526751795,0.1496132085107995,1.0024482328379325,3.853761851490495,1.3194768987336896,0.0
32,1172,1.2773168238167223,0.8145012080279417,0.17861589697040173,0.8897859150204317,0.15486130764709105,0.39585948728436904,0.0239820246061667,0.6804727844054076,0.148782927592486,0.9966338630076855,3.857808172682408,1.3209975542900723,0.0
32,1176,1.281676266901421,0.8102729473810827,0.17768866130688205,0.8849308317659437,0.15401631276817318,0.391551288504985,0.02372102459870389,0.6766991936002871,0.1479578455313239,0.9908582262385057,3.8618292325104293,1.3225091754544696,0.0
32,1180,1.2860357099861197,0.8060688714008183,0.17676672921550463,0.8801055159236334,0.15317649870893038,0.3872928595796097,0.023463039756727373,0.6729492061109094,0.14713792425028055,0.9851210174166963,3.865825206636757,1.3240118214377656,0.0
32,1184,1.2903951530708184,0.8018888222663826,0.17585006608699275,0.8753097546227835,0.15234182842063312,0.3830835832688919,0.0232080326865412,0.6692226493028284,0.14632312600345504,0.9794219342612506,3.8697962693406565,1.325505551020621,0.0
32,1188,1.2947545961555171,0.7977326433750143,0.17493863757917189,0.8705433368052545,0.1515122651700191,0.37892285062802245,0.022955966496950718,0.6655193520407814,0.14551341337273752,0.9737606772940355,3.873742593530819,1.3269904225569267,0.0
32,1192,1.2991140392402158,0.7936001793307494,0.17403240961451186,0.8658060532074323,0.15068777253615107,0.37481006088532354,0.022706804791907276,0.6618391446735824,0.14470874926450614,0.968136949810327,3.877664350757594,1.3284664939772277,0.0
32,1196,1.3034734823249146,0.7894912759333362,0.17313134837769598,0.861097696342377,0.1498683144073102,0.37074462132307673,0.022460511663288513,0.6581818590191838,0.14390909690636092,0.9625504578496671,3.8815617112250966,1.3299338227921171,0.0
32,1200,1.3078329254096133,0.7854057801672649,0.17223542031321534,0.8564180604821695,0.14905385497792337,0.3667259471600204,0.022217051683779798,0.6545473283499037,0.14311441984389373,0.957000910167059,3.8854348438031994,1.3313924660956005,0.0
32,1204,1.312192368494312,0.7813435401909155,0.17134459212298903,0.8517669416404531,0.14824435874552494,0.3627534614357728,0.021976389899872332,0.6509353873778182,0.14232468193749426,0.9514880182044849,3.889283916039401,1.3328424805684291,0.0
32,1208,1.3165518115790107,0.77730440532582,0.1704588307640093,0.8471441375551712,0.1474397905077521,0.35882659489704594,0.021738491824969734,0.647345872240316,0.1415398473591918,0.946011496062743,3.8931090941705757,1.334283922481407,0.0
32,1212,1.3209112546637094,0.7732882260460384,0.16957810344601187,0.8425494476714932,0.14664011535937344,0.3549447858857704,0.021503323432610414,0.6437786204858132,0.14075988058953162,0.9405710604736096,3.8969105431346103,1.335716847698666,0.0
32,1216,1.325270697748408,0.7692948539676472,0.16870237762917067,0.8379826731249331,0.14584529868935062,0.3511074802288121,0.02127085114978636,0.6402334710596287,0.13998474641448677,0.9351664307723124,3.900688426581919,1.3371413116809154,0.0
32,1220,1.3296301408331068,0.7653241418383392,0.16783162102181734,0.8334436167246521,0.14505530617793252,0.34731413112954357,0.021041041850374302,0.6367102642900135,0.13921440992240347,0.9297973288703131,3.9044429068868496,1.3385573694886599,0.0
32,1224,1.3339895839178055,0.7613759435271317,0.1669658015781841,0.8289320829369466,0.14427010379378147,0.3435641990610918,0.020813862848668423,0.6332088418743382,0.138448836500981,0.9244634792283997,3.908174145158974,1.339965075785392,0.0
32,1228,1.3383490270025042,0.7574501140141856,0.16610488749617125,0.8244478778689209,0.14348965779113124,0.3398571516612918,0.020589281893016436,0.6297290468654309,0.1376879918342845,0.9191646088300839,3.9118823012542663,1.3413644848407562,0.0
32,1232,1.342708470087203,0.7535465093807298,0.16524884721513752,0.8199908092523368,0.14271393470697655,0.33619246362915334,0.020367267159547293,0.6262707236580688,0.1369318418997916,0.9139004471552964,3.9155675337861693,1.342755650533684,0.0
32,1236,1.3470679131719017,0.7496649867990913,0.164397649413714,0.815560686427644,0.14194290135829357,0.3325696166231751,0.020147787246010865,0.6228337179756184,0.136180352965471,0.908670726154378,3.9192300001365568,1.3441386263555037,0.0
32,1240,1.3514273562566004,0.7458054045228324,0.16355126300764078,0.8111573203281854,0.14117652483929086,0.3289880991610019,0.019930811165698937,0.6194178768568233,0.13543349158689405,0.903475180222368,3.9228698564665776,1.3455134654130223,0.0
32,1244,1.355786799341299,0.7419676218769884,0.1627096571476267,0.8067805234645777,0.1404147725186909,0.3254474065208868,0.01971630834147556,0.6160230486427384,0.13469122460437766,0.8983135461735792,3.926487257727405,1.3468802204315797,0.0
32,1248,1.3601462424259978,0.7381514992484102,0.1618728012172311,0.8024301099092624,0.13965761203704144,0.32194704064451685,0.019504248599890067,0.6126490829638097,0.13395351914015957,0.8931855632164623,3.930082357670867,1.3482389437580784,0.0
32,1252,1.3645056855106965,0.7343568980762062,0.16104066483076807,0.7981058952812283,0.13890501130405652,0.3184865100413248,0.019294602165380013,0.609295830727095,0.133220342595604,0.8880909729287473,3.933655308859982,1.3495896873639852,0.0
32,1256,1.3688651285953952,0.7305836808422853,0.16021321783123232,0.7938076967309012,0.13815693849598648,0.31506532969461887,0.019087339654584368,0.605963144103627,0.13249166264843878,0.883029519232876,3.937206262679386,1.3509325028483072,0.0
32,1260,1.373224571680094,0.7268317110619988,0.15939043028824723,0.7895353329252003,0.13741336205301732,0.3116830209686583,0.01888243207071391,0.6026508765159152,0.1317674472500227,0.878000948371699,3.9407353693456573,1.3522674414405427,0.0
32,1264,1.3775840147647926,0.7231008532748782,0.15857227249603348,0.7852886240327576,0.1366742506766981,0.3083391115176397,0.018679850798037443,0.5993588826255861,0.13104766462264297,0.8730050088844521,3.9442427779175397,1.3535945540036056,0.0
32,1268,1.3819434578494914,0.7193909730354721,0.15775871497139987,0.7810673917093003,0.1359395733273969,0.3050331351957922,0.018479567596435164,0.5960870183211591,0.13033228325684246,0.8680414515830056,3.9477286363060693,1.354913891036726,0.0
32,1272,1.38630290093419,0.715701936904276,0.1569497284517541,0.7768714590831938,0.13520929922178462,0.3017646319690286,0.018281554596046284,0.5928351407059572,0.12962127190877662,0.8631100295283745,3.9511930912845936,1.356225502678323,0.0
32,1276,1.3906623440188888,0.7120336124387594,0.15614528389313506,0.7727006507411422,0.13448339783034638,0.29853314782789653,0.018085784291995456,0.5896031080861514,0.12891459959759918,0.8582104980074955,3.9546362884987016,1.3575294387088557,0.0
32,1280,1.3950217871035875,0.7083858681844827,0.1553453524682649,0.768554792714046,0.1337618388749199,0.29533823470186604,0.017892229539200083,0.5863907799589347,0.1282122356028766,0.8533426145102666,3.9580583724760494,1.3588257485536477,0.0
32,1284,1.3993812301882862,0.7047585736663085,0.15454990556462164,0.7644337124630138,0.1330445923262613,0.29217945037499504,0.017700863547261192,0.5831980170008287,0.12751414946203124,0.8485061387068414,3.9614594866360933,1.3601144812856878,0.0
32,1288,1.403740673272985,0.7011515993797041,0.15375891478253195,0.7603372388655276,0.1323316284016369,0.2890563584028314,0.017511659875429155,0.5800246810561164,0.12682031096781238,0.8437008324251809,3.9648397732997283,1.3613956856284064,0.0
32,1292,1.4081001163576836,0.6975648167821319,0.15297235193328299,0.7562652022017587,0.13162291756244174,0.28596852803063655,0.017324592427649513,0.576870635125402,0.12613069016579473,0.8389264596288551,3.9681993736988304,1.3626694099584282,0.0
32,1296,1.4124595594423823,0.693998098284532,0.15219018903725462,0.7522174341410337,0.13091843051184418,0.28291553411286685,0.017139635447684966,0.5737357433542984,0.12544525735190498,0.8341827863950931,3.971538427985705,1.3639357023083005,0.0
32,1300,1.416819002527081,0.6904513172428894,0.15141239832207024,0.7481937677284457,0.13021813819245548,0.27989695703385564,0.016956763514310146,0.5706198710222364,0.1247639830699751,0.8294695808930843,3.9748570752424475,1.3651946103691992,0.0
32,1304,1.4211784456117798,0.6869243479498907,0.15063895222076695,0.744194037371615,0.1295220117840257,0.27691238262973883,0.016775951536581676,0.5675228845313958,0.12408683810932208,0.8247866133625141,3.9781554534902086,1.3664461814936102,0.0
32,1308,1.4255378886964785,0.6834170656266659,0.14986982336998478,0.7402180788275915,0.12883002270116417,0.2739614021115955,0.016597174749181876,0.5644446513957613,0.12341379350235505,0.8201336560923475,3.981433699698372,1.3676904626979893,0.0
32,1312,1.4298973317811772,0.6799293464146147,0.14910498460817403,0.7362657291898987,0.12814214259108447,0.2710436119897679,0.016420408707833893,0.5613850402302937,0.12274482052220759,0.8155104833998462,3.98469194979364,1.3689275006653974,0.0
32,1316,1.4342567748658759,0.6764610673673176,0.14834440897382167,0.7323368268757217,0.1274583433313747,0.26815861399920493,0.01624562928477886,0.5583439207402223,0.12207989068039658,0.8109168716098242,3.9879303386690337,1.3701573417481139,0.0
32,1320,1.4386162179505746,0.6730121064425296,0.14758806970369534,0.7284312116132312,0.12677859702779132,0.26530601502616236,0.01607281266433523,0.555321163710453,0.1214189757245063,0.806352599034129,3.9911490001928067,1.3713800319702285,0.0
32,1324,1.4429756610352733,0.6695823424942561,0.14683594023110577,0.7245487244290468,0.12610287601207704,0.26248542703587674,0.015901935338517106,0.5523166409950923,0.12076204763589786,0.8018174459513582,3.994348067217267,1.3725956170302096,0.0
32,1328,1.447335104119972,0.6661716552649096,0.1460879941841868,0.720689207635835,0.12543115283980255,0.2596964670013904,0.015732974102722293,0.5493302255070848,0.12010907862744362,0.7973111945868013,3.99752767158752,1.3738041423034508,0.0
32,1332,1.4516945472046707,0.6627799253775476,0.14534420538419315,0.7168525048200425,0.12476340028823145,0.2569387568333923,0.015565906051481936,0.5463617912079647,0.11946004114128618,0.7928336290926017,4.000687944150125,1.3750056528447976,0.0
32,1336,1.4560539902893694,0.6594070343281885,0.14460454784381532,0.7130384608297619,0.12409959135420846,0.25421192331123876,0.015400708574281576,0.543411213097718,0.11881490784662195,0.7883845355281447,4.003829014761664,1.3762001933910482,0.0
32,1340,1.4604134333740681,0.656052864478207,0.14386899576551201,0.7092469217627284,0.12343969925207023,0.2515155980149473,0.015237359351441198,0.5404783672047555,0.11817365163750869,0.7839637018406643,4.006951012297234,1.377387808363437,0.0
32,1344,1.4647728764587669,0.6527172990468062,0.14313752353985917,0.7054777349544459,0.12278369741157874,0.24884941725822785,0.01507583635005813,0.5375631305759934,0.1175362456306967,0.7795709178460599,4.010054064658852,1.3785685418700957,0.0
32,1348,1.4691323195434656,0.6494002221035671,0.1424101057439163,0.7017307489664422,0.12213155947587737,0.24621302202250916,0.014916117820010202,0.5346653812670442,0.11690266316348417,0.7752059752099353,4.013138298783784,1.3797424377084915,0.0
32,1352,1.4734917626281643,0.646101518561073,0.1416867171396089,0.6980058135746496,0.12148325929946845,0.24360605789200918,0.014758182290022176,0.5317849983325109,0.11627287779159488,0.7708686674288449,4.016203840652789,1.3809095393678485,0.0
32,1356,1.477851205712863,0.6428210741676099,0.14096733267212774,0.6943027797579122,0.12083877094621306,0.24102817498978624,0.014602008563791596,0.5289218618163893,0.11564686328707985,0.7665587898117463,4.01925081529829,1.3820698900315436,0.0
32,1360,1.4822106487975617,0.6395587754999393,0.14025192746834403,0.6906214996866155,0.12019806868735217,0.23847902791469977,0.014447575716169718,0.5260758527425721,0.11502459363624097,0.7622761394616625,4.022279346812455,1.3832235325794853,0.0
32,1364,1.4865700918822604,0.6363145099561455,0.13954047683524068,0.6869618267114377,0.11956112699954884,0.23595827567936567,0.014294863089402723,0.5232468531054562,0.11440604303757747,0.7580205152575483,4.025289558355221,1.384370509590472,0.0
32,1368,1.4909295349669591,0.6330881657485556,0.13883295625836004,0.6833236153522252,0.118927920562952,0.2334655816490141,0.014143850289427582,0.5204347458606532,0.11379118589975466,0.7537917178363563,4.0282815721622125,1.3855108633445279,0.0
32,1372,1.4952889780516578,0.6298796318967291,0.13812934140026614,0.6797067212869833,0.11829842425928044,0.23100061348135625,0.013994517182229061,0.5176394149157979,0.1131799968395943,0.7495895495753028,4.031255509552613,1.3866446358252225,0.0
32,1376,1.4996484211363565,0.6266887982205203,0.1374296080990236,0.6761110013409876,0.11767261316992775,0.2285630430671617,0.013846843890239765,0.5148607451214575,0.11257245068008696,0.7454138145743304,4.034211490936943,1.3877718687219671,0.0
32,1380,1.5040078642210553,0.6235155553332095,0.13673373236669134,0.6725363134760113,0.11705046257408729,0.22615254647195115,0.01370081078880776,0.512098622262139,0.11196852244842576,0.7412643186387655,4.037149635824766,1.388892603432294,0.0
32,1384,1.508367307305754,0.6203597946347044,0.13604169038783145,0.6689825167796689,0.1164319479468976,0.22376880387842846,0.013556398502708972,0.5093529330473925,0.11136818737406116,0.7371408692621703,4.040070062832329,1.3900068810641149,0.0
32,1388,1.5127267503904527,0.6172214083048077,0.13535345851803302,0.6654494714548712,0.11581704495760714,0.22141149952978623,0.013413587902712538,0.5066235651030109,0.11077142088677687,0.7330432756093802,4.042972889690122,1.3911147424379615,0.0
32,1392,1.5170861934751514,0.6141002892965539,0.1346690132824509,0.6619370388093946,0.11520572946775882,0.21908032167387148,0.013272360102198217,0.5039104069623238,0.11017819861478617,0.7289713484997307,4.045858233250374,1.3922162280892068,0.0
32,1396,1.52144563655985,0.6109963313296143,0.1339883313743593,0.658445081245564,0.11459797752939449,0.21677496250823935,0.013132696453827638,0.5012133480575872,0.10958849638284941,0.7249249003904736,4.048726209494459,1.393311378270266,0.0
32,1400,1.5258050796445488,0.6079094288837644,0.13331138965371955,0.6549734622500412,0.11399376538327752,0.21449511812591027,0.012994578546258151,0.49853227871146194,0.10900229021041072,0.7209037453603742,4.05157693354026,1.3944002329527805,0.0
32,1404,1.5301645227292475,0.6048394771924198,0.13263816514576215,0.6515220463837254,0.1133930694571352,0.21224048846201526,0.012857988200910482,0.49586709012858626,0.10841955630975546,0.7169076990934858,4.054410519649439,1.3954828318297832,0.0
32,1408,1.5345239658139462,0.6017863722362352,0.13196863503958337,0.6480906992717597,0.11279586636391938,0.2100107772412798,0.01272290746878719,0.49321767438723857,0.10784027108418723,0.7129365788631106,4.057227081234647,1.396559214317845,0.0
32,1412,1.538883408898645,0.598750010736767,0.13130277668675538,0.6446792875936448,0.11220213290008578,0.20780569192612575,0.012589318627328571,0.49058392443108817,0.10726441112622427,0.7089902035159324,4.060026730866669,1.397629419559203,0.0
32,1416,1.5432428519833437,0.5957302901502012,0.13064056759995074,0.6412876790734576,0.11161184604389168,0.20562494366571826,0.012457204177325815,0.48796573406103616,0.10669195321581544,0.7050683934563315,4.062809580281497,1.3986934864238716,0.0
32,1420,1.5476022950680424,0.5927271086611403,0.12998198545158013,0.6379157424701728,0.11102498295371141,0.20346824724564527,0.01232654683987247,0.48536299792714194,0.10612287431857505,0.701170970630859,4.0655757403873345,1.3997514535117352,0.0
32,1424,1.551961738152741,0.589740365176455,0.12932700807244374,0.6345633475680871,0.11044152096636975,0.2013353210384068,0.012197329553364982,0.48277561152063636,0.10555715158403647,0.6972977585128993,4.068325321271538,1.4008033591546236,0.0
32,1428,1.5563211812374398,0.5867699593191955,0.1286756134503963,0.631230365167347,0.1098614375954934,0.19922588695465748,0.01206953547054887,0.48020347116602163,0.10499476234392492,0.6934485820874887,4.071058432207496,1.401849241418368,0.0
32,1432,1.5606806243221385,0.5838157914225623,0.12802777972902482,0.6279166670745735,0.1092847105298792,0.19713967039502478,0.01194314795559975,0.4776464740132527,0.10443568411044783,0.689623267836306,4.073775181661434,1.4028891381048438,0.0
32,1436,1.5650400674068372,0.5808777625239401,0.12738348520634024,0.6246221260935895,0.10871131763188036,0.19507640020284356,0.011818150581259913,0.47510451803000536,0.10387989457460439,0.6858216437228305,4.076475677299163,1.403923086753992,0.0
32,1440,1.569399510491536,0.5779557743589854,0.12674270833348092,0.6213466160162415,0.10814123693580902,0.19303580861742375,0.011694527126007166,0.4725775019940234,0.10332737160451222,0.6820435391776581,4.079160025992763,1.4049511246458257,0.0
32,1444,1.5737589535762346,0.5750497293557777,0.12610542771342997,0.618090011613321,0.10757444664635611,0.19101763122807824,0.011572261571269749,0.4700653254855493,0.10277809324375245,0.6782887850839816,4.081828333827204,1.4059732888024201,0.0
32,1448,1.5781183966609333,0.5721595306290245,0.12547162209974447,0.6148521886255798,0.10701092513702777,0.18902160692883996,0.01145133809868299,0.4675678888798344,0.10223203770973197,0.6745572137632309,4.084480706106898,1.4069896159898838,0.0
32,1452,1.582477839745632,0.569285081974326,0.12484127039529774,0.611633023754842,0.1064506509485983,0.18704747787374032,0.011331741087379991,0.46508509333972997,0.10168918339206358,0.6708486589608729,4.087117247362204,1.4080001427203164,0.0
32,1456,1.5868372828303308,0.5664262878624948,0.12421435165103369,0.6084323946552065,0.10589360278757914,0.18509498943294034,0.01121345511133394,0.4626168408083546,0.10114950885096274,0.6671629558323584,4.089738061355853,1.4090049052537468,0.0
32,1460,1.5911967259150295,0.5635830534339316,0.1235908450647334,0.6052501799243452,0.10533975952470427,0.18316389014921697,0.011096464936721966,0.4601630340018413,0.10061299281566174,0.6634999409292339,4.092343251089335,1.4100039396000565,0.0
32,1464,1.5955561689997282,0.5607552844930555,0.12297072997979384,0.6020862590948891,0.1047891001934311,0.18125393169544424,0.010980755519349256,0.45772357640216005,0.10007961418284037,0.6598594521854001,4.094932918809202,1.4109972815208889,0.0
32,1468,1.599915612084427,0.5579428875027913,0.12235398588401877,0.5989405126259089,0.10424160398845768,0.17936486883229463,0.010866312002086513,0.4552983722500183,0.09954935201507359,0.65624132890352,4.097507166013335,1.4119849665315383,0.0
32,1472,1.6042750551691256,0.5551457695791077,0.12174059240842112,0.5958128218944808,0.1036972502642548,0.17749645936692815,0.010753119712367244,0.45288732653783353,0.09902218553929514,0.6526454117415789,4.100066093457135,1.4129670299028259,0.0
32,1476,1.6086344982538243,0.5523638384856101,0.12113052932603725,0.5927030691873434,0.10315601853361392,0.17564846411205792,0.010641164159707872,0.45049034500278273,0.09849809414527765,0.6490715426995871,4.102609801159667,1.4139435066629602,0.0
32,1480,1.612993941338523,0.5495970026281868,0.12052377655075275,0.58961113769264,0.10261788846621,0.1738206468456056,0.010530431033263572,0.44810733411992354,0.09797705738412878,0.6455195651064346,4.105138388409739,1.4149144315993811,0.0
32,1484,1.6173533844232217,0.5468451710497056,0.11992031413613957,0.5865369114917476,0.1020828398871794,0.17201277427113837,0.010420906199431456,0.44573820109538825,0.097459054966803,0.6419893236068797,4.107651953771938,1.4158798392605896,0.0
32,1488,1.6217128275079205,0.5441082534247653,0.11932012227430498,0.5834802755511941,0.10155085277571299,0.1702246159786469,0.01031257569947442,0.44338285385965104,0.09694406676262955,0.6384806641486925,4.110150595092583,1.4168397639579593,0.0
32,1492,1.6260722705926192,0.5413861600544938,0.11872318129475085,0.5804411157146536,0.1010219072636632,0.16845594440604117,0.010205425747188477,0.44104120106086286,0.09643207279785508,0.6349934339699219,4.112634409505662,1.4177942397675367,0.0
32,1496,1.6304317136773179,0.5386788018614003,0.11812947166324471,0.5774193186950313,0.10049598363416626,0.16670653480112207,0.010099442726598911,0.4387131520582596,0.09592305325420244,0.6315274815863187,4.1151034934386725,1.4187433005318244,0.0
32,1500,1.6347911567620166,0.5359860903842751,0.11753897398070143,0.5744147720666261,0.09997306232027829,0.16497616518418567,0.009994613189694768,0.43639861691563725,0.09541698846744401,0.6280826567788838,4.117557942618439,1.4196869798615503,0.0
32,1504,1.6391505998467153,0.5333079377731408,0.11695166898207585,0.5714273642573782,0.09945312390362597,0.16326461631107492,0.009890923854190443,0.43409750639489675,0.09491385892599026,0.624658810581554,4.11999785207686,1.42062531113742,0.0
32,1508,1.643510042931414,0.5306442567842504,0.11636753753526609,0.5684569845411949,0.0989361491130709,0.1615716716368354,0.00978836160132387,0.43180973194965605,0.09441364526949317,0.6212557952690272,4.122423316156609,1.4215583275118582,0.0
32,1512,1.6478694860161127,0.5279949607751351,0.11578656064002739,0.5655035230303561,0.09842211882338786,0.15989711727987554,0.009686913473685272,0.42953520571892906,0.09391632828746403,0.6178734643447142,4.12483442851678,1.422486061910732,0.0
32,1516,1.6522289291008114,0.5253599636996981,0.11520871942689634,0.5625668706679998,0.09791101405395691,0.15824074198658877,0.009586566673073886,0.4272738405208705,0.09342188891790584,0.6145116725288229,4.127231282138481,1.423408547035063,0.0
32,1520,1.6565883721855101,0.5227391801033578,0.11463399515612575,0.5596469192206837,0.09740281596746887,0.15660233709660076,0.009487308558392577,0.42502554984658636,0.09293030824595999,0.6111702757465697,4.129613969330376,1.4243258153627227,0.0
32,1524,1.6609478152702088,0.5201325251182365,0.11406236921662948,0.5567435612710251,0.09689750586864428,0.15498169650837212,0.009389126643563965,0.42279024785400915,0.09244156750256706,0.6078491311165263,4.131982581734179,1.4252378991501158,0.0
32,1528,1.6653072583549076,0.5175399144583951,0.11349382312493761,0.5538566902104163,0.09639506520296555,0.1533786166454263,0.009292008595484446,0.4205678493618369,0.09195564806314166,0.6045480969390831,4.1343372103300915,1.4261448304338475,0.0
32,1532,1.6696667014396063,0.514961264415114,0.11292833852416141,0.5509862002318144,0.09589547555542213,0.15179289642295402,0.009195942232001013,0.41835826984353486,0.0914725314462609,0.6012670326850437,4.136677945442195,1.4270466410323799,0.0
32,1536,1.674026144524305,0.5123964918522189,0.11236589718296837,0.5481319863226065,0.0953987186492687,0.1502243372149934,0.00910091551992295,0.4161614254214002,0.09099219931236664,0.5980057989843391,4.139004876743795,1.427943362547671,0.0
32,1540,1.6783855876090037,0.5098455142014512,0.11180648099456697,0.545293944257547,0.09490477634479597,0.1486727428219794,0.009006916573055922,0.4139772328606879,0.09051463346248116,0.5947642576148683,4.141318093262707,1.4288350263668044,0.0
32,1544,1.6827450306937024,0.5073082494578828,0.11125007197570115,0.5424719705917689,0.09441363063811437,0.1471379194388689,0.008913933650270912,0.41180560956379814,0.09003981583693627,0.5915422714914538,4.143617683386506,1.4297216636636019,0.0
32,1548,1.6871044737784011,0.5047846161753751,0.1106966522656545,0.5396659626538665,0.09392526365995006,0.14561967562356415,0.008821955153591248,0.40964647356452377,0.08956772851411546,0.5883397046549216,4.14590373486772,1.4306033054002238,0.0
32,1552,1.6914639168630998,0.5022745334620804,0.11014620412526371,0.5368758185390482,0.09343965767445335,0.14411782226599712,0.008730969626319666,0.4074997435223578,0.08909835370920936,0.5851564222612959,4.148176334828979,1.4314799823287578,0.0
32,1556,1.6958233599477985,0.4997779209759868,0.10959870993594163,0.5341014371023611,0.09295679507801934,0.14263217255741267,0.00864096575117742,0.40536533871685926,0.08863167377298381,0.5819922905711122,4.150435569768114,1.4323517249927915,0.0
32,1560,1.7001828030324972,0.4972946989205038,0.1090541521987092,0.5313427179519822,0.09247665839812039,0.14116254196030553,0.00855193234848299,0.40324317904207674,0.08816767119056054,0.5788471769388412,4.152681525563218,1.4332185637289767,0.0
32,1564,1.704542246117196,0.4948247880400925,0.10851251353323717,0.5285995614425808,0.0919992302921509,0.13970874817864143,0.008463858374348035,0.4011331850010317,0.08770632858021103,0.5757209498024326,4.154914287477644,1.4340805286685745,0.0
32,1568,1.7089016892018947,0.4923681096159347,0.10797377667689634,0.5258718686687484,0.09152449354628377,0.13827061112858274,0.008376732918903862,0.39903527770025643,0.08724762869216227,0.5726134786729672,4.15713394016498,1.434937649738994,0.0
32,1572,1.7132611322865934,0.4899245854616441,0.1074379244838171,0.5231595414584932,0.09105243107433819,0.1368479529095339,0.008290545204547313,0.39694937884438947,0.08679155440741497,0.5695246341244217,4.159340567673958,1.4357899566653147,0.0
32,1576,1.717620575371292,0.4874941379190179,0.10690493992395775,0.5204624823668045,0.09058302591665957,0.13544059777570538,0.008205284584218047,0.3948754107308269,0.08633808873657416,0.5664542877835408,4.161534253453332,1.4366374789717964,0.0
32,1580,1.7219800184559908,0.4850766898538285,0.1063748060821816,0.5177805946692793,0.09011626123901026,0.13404837210803322,0.008120940539697356,0.3928132962444279,0.0858872148186916,0.5634023123198247,4.163715080356703,1.4374802459833784,0.0
32,1584,1.7263394615406895,0.48267216465165474,0.10584750615734285,0.5151137823558163,0.08965212033147212,0.13267110438646057,0.008037502679928931,0.39076295885227547,0.08543891592012018,0.5603685814356134,4.165883130647309,1.4383182868271656,0.0
32,1588,1.7306989046253882,0.4802804862137519,0.10532302346138087,0.5124619501243716,0.08919058660735961,0.13130862516263875,0.007954960739365021,0.38872432259849016,0.08499317543337993,0.5573529698562905,4.168038486002762,1.4391516304339014,0.0
32,1592,1.735058347710087,0.4779015789529608,0.10480134141842308,0.5098250033747791,0.08873164360214442,0.12996076703305448,0.007873304576338438,0.3866973120990975,0.08454997687603591,0.554355353320574,4.170181227519751,1.4399803055394311,0.0
32,1596,1.7394177907947856,0.47553536778965616,0.10428244356389646,0.5072028482026338,0.08827527497239072,0.1286273646124414,0.0077925241714517585,0.3846818525369484,0.08410930388958747,0.5513756085709324,4.172311435718694,1.4408043406861504,0.0
32,1600,1.7437772338794844,0.47318177814773144,0.10376631354364706,0.5045953913932364,0.08782146449470146,0.12730825450764627,0.00771260962599408,0.3826778696566909,0.08367114023836891,0.5484136133440846,4.174429190548355,1.4416237642244436,0.0
32,1604,1.748136676964183,0.4708407359506219,0.10325293511306782,0.5020025404155979,0.08737019606467478,0.12600327529186472,0.007633551160380176,0.38068528975979304,0.08323546980846121,0.5454692463616105,4.176534571390417,1.4424386043141104,0.0
32,1608,1.7524961200488818,0.46851216761736525,0.10274229213623476,0.49942420341650795,0.08692145369587162,0.12471226747911146,0.007555339112603836,0.3787040396996182,0.08280227660661527,0.5425423873206634,4.1786276570640135,1.4432488889257804,0.0
32,1612,1.7568555631335805,0.4661960000586978,0.10223436858505085,0.4968602892146592,0.08647522151879325,0.12343507349923755,0.007477963936724368,0.37673404687654816,0.08237154475918561,0.5396329168847714,4.180708525830214,1.4440546458423156,0.0
32,1616,1.7612150062182792,0.46389216067318856,0.10172914853839825,0.4943107072948337,0.08603148377986927,0.12217153767316802,0.0074014162013664305,0.3747752392331582,0.0819432585110754,0.5367407166747491,4.182777255396482,1.4448559026602024,0.0
32,1620,1.765574449302978,0.4616005773434078,0.10122661618129809,0.4917753678021465,0.08559022484045593,0.12092150618847342,0.00732568658824011,0.37282754524944045,0.08151740222469209,0.5338656692596965,4.184833922921082,1.445652686790932,0.0
32,1624,1.7699338923876766,0.45932117843213244,0.10072675580407832,0.48925418153634714,0.08515142917584417,0.11968482707541028,0.0072507658906893965,0.37089089393807495,0.08109396037891341,0.5310076581480987,4.186878605017446,1.446445025462369,0.0
32,1628,1.7742933354723753,0.45705389277858527,0.10022955180154901,0.4867470599461785,0.08471508137427793,0.1184613501831322,0.007176645012251004,0.36896521483975026,0.08067291756806425,0.5281665677790177,4.188911377758512,1.4472329457201103,0.0
32,1632,1.778652778557074,0.45479864969471046,0.09973498867218558,0.48425391512379246,0.0842811661359822,0.11725092715634844,0.0071033149652402925,0.3670504380185303,0.08025425850090366,0.52534228351338,4.19093231668101,1.4480164744288304,0.0
32,1636,1.7830122216417728,0.45255537896148296,0.09924305101731946,0.4817746597992214,0.0838496682722008,0.11605341141232373,0.00703076686935787,0.3651464940572697,0.07983796799962238,0.5225346916253544,4.192941496789722,1.448795638273618,0.0
32,1640,1.7873716647264715,0.45032401082525053,0.09875372354033596,0.47930920733490373,0.08342057270424363,0.11486865811802005,0.006958991950304794,0.36325331405307276,0.07942403099885005,0.5197436792938197,4.194938992561696,1.4495704637613025,0.0
32,1644,1.7917311078111702,0.4481044759941126,0.09826699104588012,0.4768574717202667,0.08299386446254382,0.11369652416772169,0.006887981538427043,0.3613708296128022,0.07901243254467309,0.5169691345939293,4.196924877950417,1.4503409772217657,0.0
32,1648,1.7960905508958689,0.4458967056343291,0.09778283843906915,0.4744193675663604,0.08256952868572377,0.11253686816103681,0.006817727067382807,0.3594989728486294,0.07860315779366188,0.5142109464887549,4.198899226389966,1.4511072048092477,0.0
32,1652,1.8004499939805676,0.443700631366765,0.0973012507247129,0.47199481010054745,0.08214755061967101,0.11138955038093457,0.00674822007281193,0.3576376763736328,0.07819619201190832,0.5114690048210304,4.200862110799106,1.4518691725036386,0.0
32,1656,1.8048094370652663,0.44151618526336617,0.09682221300654086,0.46958371516124486,0.08172791561662299,0.11025443277231517,0.006679452191037638,0.3557868732974387,0.07779152057407271,0.5087432003049708,4.202813603585357,1.4526269061117616,0.0
32,1660,1.809168880149965,0.43934329984366716,0.09634571048643639,0.4671859991927167,0.08131060913426082,0.109131378920857,0.006611415157785048,0.3539464972219058,0.0773891289624402,0.5060334245181867,4.20475377664903,1.4533804312686456,0.0
32,1664,1.8135283232346637,0.437181908071332,0.09587172846367818,0.4648015792399211,0.0808956167348124,0.10802025403197035,0.0065441008069061415,0.352116482236855,0.07698900276598711,0.5033395698936811,4.20668270138722,1.4541297734387868,0.0
32,1668,1.8178877663193624,0.4350319433507263,0.09540025233418847,0.462430372943406,0.08048292408416405,0.10692092491029115,0.006477501069137454,0.35029676291583994,0.0765911276794562,0.500661529711926,4.208600448697766,1.4548749579174007,0.0
32,1672,1.8222472094040612,0.4328933395235208,0.09493126758978827,0.4600722985342577,0.08007251695098139,0.10583325993929549,0.006411607970865072,0.34848727431196197,0.0761954895024416,0.497999198093031,4.210507088983177,1.455616009831663,0.0
32,1676,1.8266066524887599,0.4307660308653246,0.094464759817459,0.4577272748290964,0.07966438120583828,0.10475712906124812,0.006346413632909876,0.3466879519537249,0.07580207413848249,0.4953524699889849,4.212402692154521,1.4563529541419422,0.0
32,1680,1.8309660955734586,0.42864995208235135,0.09400071469861143,0.455395221225125,0.07925850282035514,0.10369240375734279,0.006281910269324394,0.3448987318409337,0.07541086759416633,0.492721241175987,4.214287327635285,1.457085815643021,0.0
32,1684,1.8353255386581573,0.42654503830811324,0.09353911800836073,0.4530760576952227,0.07885486786634503,0.1026389570283257,0.006218090186218933,0.3431195504406315,0.07502185597824056,0.4901054082468531,4.21616106436519,1.4578146189653083,0.0
32,1688,1.839684981742856,0.42445122510014677,0.09307995561480836,0.4507697047830897,0.07845346251496858,0.10159666337512618,0.0061549457805881395,0.3413503446830795,0.07463502550073355,0.48750486860350206,4.218023970803985,1.4585393885760414,0.0
32,1692,1.8440444248275547,0.42236844843676813,0.09262321347833061,0.4484760835984399,0.07805427303589733,0.10056539877990645,0.006092469539162954,0.33959105195777617,0.07425036247208426,0.48491952044952524,4.219876114935199,1.4592601487804777,0.0
32,1696,1.8484038679122534,0.4202966447138572,0.0921688776508733,0.44619511581223903,0.07765728579648498,0.09954504068735304,0.006030654037277209,0.337841610109516,0.07386785330228052,0.48234926278282797,4.2217175642698646,1.4599769237230782,0.0
32,1700,1.8527633109969521,0.4182357507416707,0.09171693427525297,0.4439267236519909,0.07726248726094695,0.09853546798620272,0.005969491937748422,0.33610195743448745,0.07348748450000576,0.4797939953883521,4.223548385850202,1.4606897373886811,0.0
32,1704,1.8571227540816508,0.4161857037416835,0.09126736958446416,0.4416708298970678,0.0768698639895477,0.09753656099097441,0.005908975989771081,0.3343720326764089,0.07310924267179429,0.47725361883086875,4.225368646253282,1.4613986136036656,0.0
32,1708,1.8614821971663496,0.4141464413434614,0.09082016990099363,0.43942735787409115,0.07647940263779676,0.09654820142410614,0.005849099027834464,0.3326517750227056,0.0727331145211953,0.4747280344478563,4.227178411594644,1.4621035760371057,0.0
32,1712,1.8658416402510483,0.41211790158155764,0.09037532163613983,0.43719623145235215,0.0760910899556517,0.0955702723980707,0.0057898539706391595,0.3309411241007213,0.07235908684794455,0.47221714434244255,4.228977747531895,1.4628046482019168,0.0
32,1716,1.870201083335747,0.4101000228924408,0.08993281128933908,0.43497737503928047,0.07570491278672953,0.09460265839803839,0.005731233820046743,0.3292400199739696,0.07198714654714483,0.46972085137642594,4.230766719268263,1.4635018534559914,0.0
32,1720,1.8745605264204457,0.40809274411144875,0.08949262544749777,0.43277071357595637,0.07532085806752557,0.09364524526452556,0.005673231660028591,0.327548403138422,0.07161728060845422,0.4672390591633663,4.232545391556133,1.4641952150033255,0.0
32,1724,1.8789199695051444,0.4060960044697698,0.08905475078433016,0.43057617253266545,0.0749389128266398,0.09269792017644107,0.005615840655638791,0.32586621451883147,0.07124947611528241,0.4647716720617513,4.234313828700544,1.4648847558951377,0.0
32,1728,1.883279412589843,0.4041097435914517,0.0886191740597026,0.42839367790449906,0.07455906418401115,0.09176057163428197,0.005559054051996105,0.3241933954650939,0.070883720243995,0.4623185951682289,4.236072094562653,1.465570499030978,0.0
32,1732,1.8876388556745418,0.40213390149043676,0.08818588211898326,0.426223156206995,0.0741812993501588,0.09083308944352098,0.005502865173277549,0.32252988774864483,0.07052000026312576,0.45987973431091483,4.237820252563179,1.4662524671598276,0.0
32,1736,1.8919982987592405,0.40016841856762353,0.08775486189239785,0.42406453447182235,0.07380560562543109,0.08991536469840611,0.0054472674217369305,0.32087563355889137,0.07015830353259637,0.45745499604276635,4.239558365685809,1.4669306828811912,0.0
32,1740,1.8963577418439392,0.39821323560795463,0.08732610039439094,0.4219177402425064,0.0734319703992616,0.08900728976568217,0.005392254276718671,0.3192305754996792,0.06979861750294412,0.45504428763502414,4.241286496480575,1.4676051686461793,0.0
32,1744,1.900717184928638,0.3962682937775306,0.08689958472299303,0.4197827015701972,0.07306038114943253,0.08810875826878828,0.0053378192937004534,0.3175946565857948,0.06944092971455693,0.452647517070725,4.243004707067204,1.4682759467585826,0.0
32,1748,1.9050766280133367,0.3943335346207491,0.08647530205919327,0.4176593470094771,0.07269082544134517,0.08721966507219747,0.00528395610334448,0.31596782023950176,0.06908522779691618,0.4502645930382781,4.244713059138437,1.4689430393759373,0.0
32,1752,1.9094360710980354,0.39240890005747076,0.08605323966631784,0.4155476056142103,0.07232329092729749,0.08633990626585586,0.005230658410554765,0.3143500102871113,0.0687314994678468,0.44789542492511225,4.24641161396332,1.4696064685105823,0.0
32,1756,1.913795514182734,0.39049433238020775,0.08563338488941352,0.41344740693343063,0.07195776534576839,0.08546937914998409,0.005177919993556374,0.3127411709555854,0.06837973253277457,0.4455399228113808,4.248100432390467,1.470266256030708,0.0
32,1760,1.9181549572674328,0.3885897742513392,0.08521572515463698,0.4113586810072711,0.07159423652070937,0.08460798222002097,0.005125734702983277,0.3111412468691743,0.0680299148839909,0.443197997463741,4.249779574851294,1.4709224236613974,0.0
32,1764,1.9225144003521315,0.3866951687003515,0.08480024796864959,0.40928135836293145,0.0712326923608426,0.08375561515170915,0.0050740964609748045,0.30955018304608684,0.06768203449992485,0.44086956032918984,4.251449101363224,1.4715749929856572,0.0
32,1768,1.9268738434368302,0.3848104591211003,0.08438694091801706,0.4072153700106841,0.07087312085896584,0.08291217878646506,0.005022999260289327,0.3079679248951919,0.0673360794444219,0.43855452352896634,4.253109071532865,1.4722239854454415,0.0
32,1772,1.931233286521529,0.3829355892691001,0.08397579166861498,0.4051606474399193,0.07051551009126412,0.08207757511696911,0.00497243716343128,0.3063944182127537,0.0669920378660301,0.43625279985251836,4.254759544559166,1.4728694223426693,0.0
32,1776,1.9355927296062276,0.381070503258835,0.08356678796503911,0.4031171226152282,0.07015984821662803,0.08125170727279851,0.00492240430178077,0.3048296091791978,0.06664989799729304,0.43396430275152503,4.25640057923653,1.47351132484023,0.0
32,1780,1.9399521726909263,0.37921514556109426,0.08315991763002109,0.40108472797252226,0.06980612347597831,0.08043447950640115,0.004872894874743834,0.3032734443559089,0.06630964815404959,0.4316889463339875,4.2580322339579215,1.4741497139629856,0.0
32,1784,1.944311615775625,0.37736946100033103,0.08275516856384925,0.39906339641519134,0.06945432419159718,0.07962579717921159,0.004823903148911328,0.3017258706820595,0.06597127673474064,0.4294266453583766,4.259654566717931,1.4747846105987605,0.0
32,1788,1.9486710588603238,0.37553339475204484,0.08235252874379453,0.39705306131029794,0.069104438766466,0.07882556674793761,0.004775423457228128,0.30018683547147024,0.0656347722197225,0.4271773152278409,4.261267635115818,1.4754160354993269,0.0
32,1792,1.9530305019450225,0.3737068923401853,0.0819519862235412,0.39505365648480684,0.06875645568360911,0.07803369575101726,0.00472745019817267,0.29865628640949876,0.06530012317058671,0.4249408719844736,4.262871496358532,1.4760440092813805,0.0
32,1796,1.9573899450297212,0.37188989963458036,0.08155352913262286,0.3930651162218518,0.06841036350544395,0.07725009279525352,0.004679977834947253,0.29713417154996086,0.06496731822948688,0.42271723230363867,4.264466207263699,1.4766685524275085,0.0
32,1800,1.96174938811442,0.3700823628483854,0.08115714567586298,0.39108737525703724,0.06806615087313748,0.07647466754272614,0.004633000894685124,0.2956204393120793,0.06463634611847155,0.4205063134883525,4.266051824262593,1.4772896852871518,0.0
32,1804,1.9661088311991186,0.3682842285355564,0.0807628241328209,0.3891203687747756,0.06772380650596872,0.07570733069771762,0.004586513967658431,0.2941150384774643,0.06430719563882392,0.41830803346372825,4.267628403403073,1.4779074280775577,0.0
32,1808,1.9704682742838173,0.3664954435883432,0.08037055285724205,0.38716403240465885,0.06738331920069722,0.07494799399391638,0.004540511706502959,0.2926179181871211,0.06397985567040769,0.41612231077147194,4.269196000352497,1.4785218008847254,0.0
32,1812,1.974827717368516,0.3647159552348056,0.07998032027651321,0.3852183022178647,0.06704467783093757,0.0741965701818117,0.0044949888254544905,0.29112902793848755,0.06365431517101922,0.4139490645644338,4.270754670400613,1.4791328236643444,0.0
32,1816,1.9791871604532147,0.3629457110363505,0.07959211489112247,0.3832831147235962,0.06670787134653977,0.07345297301612419,0.004449940099587316,0.28964831758249954,0.06333056317574594,0.4117882146012187,4.272304468462429,1.4797405162427262,0.0
32,1820,1.9835466035379135,0.36118465888529094,0.07920592527412393,0.3813584068655566,0.06637288877297566,0.07271711724352059,0.00440536036406997,0.2881757373206851,0.06300858879633103,0.40963968124085043,4.273845449081046,1.4803448983177276,0.0
32,1824,1.9879060466226122,0.3594327470024255,0.07882174007060685,0.37944411601845546,0.06603971921073086,0.07198891859052736,0.00436124451343301,0.2867112377022859,0.062688381220544,0.40750338543748577,4.275377666430482,1.4809459894596668,0.0
32,1828,1.9922654897073109,0.35768992393463955,0.07843954799716968,0.3775401799845492,0.0657083518347027,0.07126829375138755,0.004317587500833356,0.285254769621407,0.06236992971155746,0.40537924873518877,4.276901174318461,1.4815438091122333,0.0
32,1832,1.9966249327920096,0.355956138552526,0.07805933784139817,0.3756465369902137,0.06537877589360364,0.07055516037637943,0.004274384337346618,0.28380628431419286,0.062053223607329754,0.4032671932627525,4.2784160261891815,1.4821383765933889,0.0
32,1836,2.0009843758767083,0.35423134004802737,0.07768109846134845,0.37376312568254877,0.06505098070937035,0.06984943706000735,0.0042316300912516565,0.28236573335603127,0.06173825231999352,0.4011671417285765,4.279922275126067,1.482729711096264,0.0
32,1840,2.005343818961407,0.3525154779320986,0.07730481878503441,0.3718898851260158,0.06472495567657849,0.06915104332953348,0.0041893198873358285,0.2809330686587838,0.06142500533525021,0.3990790174155915,4.281419973854479,1.4833178316900444,0.0
32,1844,2.0097032620461057,0.35080850203238817,0.07693048780991918,0.37002675479910485,0.0644006902618627,0.06845989963358079,0.004147448906204517,0.27950824246804196,0.0611134722117701,0.39700274417624376,4.282909174744426,1.4839027573208536,0.0
32,1848,2.0140627051308044,0.3491103624909409,0.07655809460241136,0.36817367459103534,0.06407817400334224,0.06777592733093485,0.004106012383602728,0.27809120736041054,0.06080364258059836,0.394938246427517,4.284389929813234,1.4844845068126258,0.0
32,1852,2.018422148215503,0.34742100976191925,0.07618762829736539,0.36633058479848507,0.06375739651005186,0.06709904867940253,0.004065005609740122,0.2766819162408153,0.06049550614456633,0.392885449146018,4.285862290728201,1.4850630988679745,0.0
32,1856,2.022781591300202,0.3457403946093448,0.07581907809758615,0.3644974261223524,0.06343834746137818,0.06642918682491228,0.00402442392863069,0.27528032233983796,0.060189052677708875,0.3908442778631031,4.287326308809228,1.4856385520690518,0.0
32,1860,2.0271410343849006,0.34406846810485914,0.07545243327333802,0.3626741396645472,0.06312101660650117,0.06576626579071387,0.003984262737438445,0.27388637921107584,0.05988427202468705,0.38881465866005627,4.288782035031428,1.4862108848784028,0.0
32,1864,2.0315004774695993,0.3424051816255026,0.07508768316185774,0.3608606669248112,0.06280539376384085,0.06511021046672028,0.003944517485831733,0.27250004072852546,0.059581154100216055,0.3867965181633128,4.2902295200277125,1.4867801156398124,0.0
32,1868,2.035859920554298,0.3407504868515134,0.0747248171668718,0.35905694979756914,0.06249146882050911,0.06446094659897028,0.0039051836753448573,0.27112126108399215,0.05927968888849882,0.38478978353973764,4.2916688140913575,1.487346262579147,0.0
32,1872,2.0402193636389967,0.33910433576414406,0.07436382475811751,0.35726293056880826,0.06217923173176675,0.06381840077931145,0.003866256858753044,0.26974999478452366,0.05897986644266492,0.3827943824919407,4.293099967178546,1.4879093438051878,0.0
32,1876,2.0445788067236954,0.33746668064349844,0.0740046954708688,0.35547855191298816,0.061868672520485564,0.0631825004350759,0.0038277326394469857,0.2683861966498684,0.05868167688421478,0.3808102432536515,4.294523028910888,1.4884693773104576,0.0
32,1880,2.048938249808394,0.33583747406638487,0.0736474189054653,0.35370375688997757,0.061559781276615225,0.06255317381905456,0.003789606670825455,0.26702982180995694,0.058385110402469076,0.3788372945851279,4.295938048577924,1.489026380972043,0.0
32,1884,2.053297692893093,0.334216668904188,0.07329198472684574,0.35193848894201957,0.06125254815665513,0.06193034999940039,0.0037518746556836195,0.2656808257024073,0.0580901572540232,0.37687546576861636,4.297345075139607,1.489580372552409,0.0
32,1888,2.0576571359777915,0.33260421832076,0.07293838266408544,0.350182691890727,0.06094696338313146,0.0613139588499223,0.0037145323456250303,0.26433916407005453,0.057796807762207185,0.37492468660386047,4.298744157228754,1.4901313697002068,0.0
32,1892,2.0620165790624903,0.33100007577032814,0.07258660250993748,0.348436309934103,0.0606430172440786,0.06070393104025129,0.0036775755404658637,0.2630047929585026,0.05750505231655036,0.37298488740364666,4.300135343153489,1.4906793899510764,0.0
32,1896,2.066376022147189,0.3294041949954204,0.07223663412037779,0.34669928764359087,0.06034070009252571,0.06010019802629074,0.0036410000876563767,0.26167766871369974,0.057214881372251294,0.37105599898940145,4.301518680899662,1.4912244507284422,0.0
32,1900,2.0707354652318877,0.32781653002480826,0.071888467414154,0.3449715699611497,0.060040002345987775,0.05950269204073777,0.003604801881706674,0.26035774797953576,0.056926285449652364,0.3691379526868253,4.302894218133242,1.4917665693443034,0.0
32,1904,2.0750949083165864,0.3262370351714676,0.07154209237233836,0.3432531021963579,0.059740914485961444,0.05891134608371118,0.003568976863618927,0.25904498769546297,0.05663925513371965,0.36723068032157774,4.304262002202702,1.4923057630000165,0.0
32,1908,2.079454351401285,0.324665665030556,0.07119749903788403,0.3415438300235429,0.05944342705742551,0.05832609391357124,0.0035335210203312154,0.2577393450941383,0.056353781073527384,0.3653341142149975,4.305622080141367,1.4928420487870742,0.0
32,1912,2.083813794485984,0.32310237447740675,0.07085467751518527,0.3398436994789374,0.059147530668345986,0.0577468700377608,0.0034984303841626633,0.2564407776990881,0.056069853981747304,0.36344818717987126,4.306974498669761,1.4933754436878757,0.0
32,1916,2.0881732375706825,0.3215471186655408,0.07051361796964149,0.33815265695786134,0.058853215989185595,0.057173609703838224,0.003463701032270196,0.25514924332239425,0.055787464634142823,0.36157283251623934,4.308319304197918,1.4939059645764932,0.0
32,1920,2.0925326806553812,0.3199998530246943,0.07017431062722464,0.3364706492119303,0.05856047375241797,0.05660624889055299,0.003429329086107878,0.2538647000624023,0.055506603869067854,0.3597079840072452,4.309656542827689,1.494433628219431,0.0
32,1924,2.09689212374008,0.3184605332588619,0.06983674577405012,0.33479762334628765,0.05826929475204586,0.05604472429916996,0.003395310710901319,0.2525871063014498,0.055227262586970145,0.35785357591502664,4.310986260355014,1.4949584512763796,0.0
32,1928,2.1012515668247786,0.3169291153443595,0.06950091375595199,0.3331335268168651,0.05797966984312443,0.05548897334472258,0.003361642115117777,0.2513164207036176,0.05494943174989959,0.35600954297664733,4.312308502272189,1.4954804503009635,0.0
32,1932,2.1056110099094774,0.31540555552789895,0.06916680497806074,0.331478307427665,0.0576915899412882,0.05493893414755746,0.003328319549953906,0.25005260221250014,0.05467310238102075,0.3541758204000624,4.313623313770106,1.4959996417414836,0.0
32,1936,2.109970452994176,0.3138898103246818,0.06883440990438525,0.3298319133280692,0.05740504602228269,0.054394545524836246,0.0032953393088209233,0.24879561004899736,0.054398265564130015,0.35235234386013464,4.314930739740476,1.4965160419416537,0.0
32,1940,2.114329896078875,0.31238183651650697,0.06850371905739785,0.32819429301017133,0.05712002912150012,0.053855746982222286,0.0032626977268409704,0.24754540370912653,0.05412491244317721,0.35053904949468134,4.31623082477804,1.4970296671413315,0.0
32,1944,2.1186893391635735,0.31088159114989555,0.06817472301762305,0.32656539530613415,0.05683653033351947,0.0533224787057236,0.0032303911803529418,0.24630194296185468,0.05385303422179161,0.34873587390056,4.317523613182745,1.4975405334772434,0.0
32,1948,2.123048782248272,0.3093890315342303,0.06784741242322956,0.32494516938557066,0.056554540811650705,0.05279468155350742,0.0031984160864165917,0.24506518784695092,0.05358262216281243,0.3469427541297989,4.318809148961926,1.4980486569837042,0.0
32,1952,2.127408225332971,0.30790411523991135,0.06752177796962584,0.3233335647529491,0.056274051767483096,0.05227229704792791,0.003166768902329556,0.24383509867285907,0.05331366758782362,0.3451596276857588,4.320087475832447,1.4985540535933322,0.0
32,1956,2.1317676684176696,0.30642680009652506,0.06719781040905858,0.32173053124501966,0.055995054470437365,0.05175526736760361,0.0031354461251473873,0.24261163601458788,0.053046161876692595,0.3433864325193348,4.321358637222839,1.4990567391377567,0.0
32,1960,2.1361271115023683,0.3049570441910304,0.06687550055021493,0.3201360190282671,0.055717540247322374,0.051243535339629886,0.003104444291211768,0.24139476071162325,0.05278009646711377,0.3416231070251966,4.322622676275414,1.4995567293483218,0.0
32,1964,2.140486554587067,0.30349480586595917,0.06655483925782782,0.3185499785963845,0.05544150048189536,0.05073704443188376,0.00307375997568432,0.2401844338658578,0.052515462854155814,0.3398695900380607,4.323879635848367,1.5000540398567839,0.0
32,1968,2.1448459976717658,0.3020400437176307,0.06623581745228452,0.3169723607677707,0.05516692661442648,0.05023573874535714,0.003043389792082136,0.23898061683954044,0.052252252589813385,0.33812582082900616,4.32512955851785,1.5005486861960047,0.0
32,1972,2.1492054407564645,0.3005927165943819,0.0659184261092384,0.31540311668304893,0.054893810141266874,0.049739563006703236,0.0030133303918262245,0.2377832712532436,0.05199045728256264,0.3363917391018187,4.326372486580046,1.5010406838006378,0.0
32,1976,2.153564883841163,0.29915278359481073,0.0656026562592238,0.31384219780260914,0.05462214261442094,0.049248462560790074,0.0029835784637903848,0.23659235898384992,0.05173006859692104,0.33466728498937665,4.327608462053203,1.501530048007811,0.0
32,1980,2.157924326925862,0.29772020406603583,0.06528849898727439,0.31228955590417207,0.05435191564112243,0.04876238336341032,0.002954130733859555,0.23540784216255742,0.05147107825301119,0.33295239905006585,4.328837526679678,1.5020167940578035,0.0
32,1984,2.1622837700105606,0.2962949376019686,0.06497594543254416,0.3107451430803745,0.05408312088341406,0.04828127197402665,0.0029249839644903066,0.23422968317290221,0.05121347802612854,0.3312470222642346,4.330059721927939,1.502500937094716,0.0
32,1988,2.1666432130952593,0.2948769440416,0.0646649867879318,0.309208911736376,0.05381575005773113,0.047805075548595255,0.0028961349542760825,0.2330578446487992,0.050957259746312905,0.3295510960306804,4.3312750889945715,1.5029824921671389,0.0
32,1992,2.171002656179958,0.29346618346730174,0.06435561429970817,0.3076808145874885,0.05354979493448885,0.04733374183261674,0.0028675805375261995,0.23189228947260138,0.050702415297924255,0.3278645621631721,4.332483668806251,1.5034614742288128,0.0
32,1996,2.1753620992646567,0.2920626162031407,0.06404781926714657,0.3061608046568251,0.05328524733767316,0.046867219154059114,0.002839317583837113,0.2307329807731759,0.05044893661922195,0.32618736288700045,4.333685502021715,1.5039378981392848,0.0
32,2000,2.1797215423493554,0.29066620281320693,0.0637415930421562,0.3046488352729707,0.053022099144435376,0.04640545641659344,0.002811342997682613,0.22957988192399792,0.05019681570194803,0.32451944083556994,4.334880629033704,1.5044117786645599,0.0
32,2004,2.184080985434054,0.28927690409995627,0.06343692702891858,0.30314486006767405,0.05276034228469042,0.04594840309272996,0.0027836537179980005,0.22843295654126197,0.049946044590914264,0.3228607390470203,4.336069089970901,1.5048831304777477,0.0
32,2008,2.188440428518753,0.2878946811025653,0.06313381268352691,0.3016488329735589,0.052499968740718515,0.04549600921716035,0.002756246717776743,0.22729216848201003,0.049696615383592824,0.32121120096087474,4.337250924699845,1.5053519681597036,0.0
32,2012,2.1927998716034516,0.28651949509529934,0.06283224151362815,0.3001607082218559,0.052240970546770446,0.04504822538012121,0.0027291190036684235,0.22615748184227621,0.04944852022971067,0.31957077041473103,4.338426172826831,1.5058183061996653,0.0
32,2016,2.1971593146881503,0.2851513075858955,0.06253220507806834,0.2986804403401561,0.05198333978867651,0.04460500272090684,0.0027022676155857273,0.22502886095524946,0.04920175133084781,0.317939391640973,4.339594873699801,1.5062821589958846,0.0
32,2020,2.201518757772849,0.28379008031395614,0.06223369498654041,0.29720798415018096,0.051727068603458465,0.04416629292131091,0.0026756896263071274,0.22390627038945074,0.04895630094003874,0.31631700926352624,4.340757066410207,1.5067435408562546,0.0
32,2024,2.2058782008575477,0.2824357752493576,0.06193670289923521,0.2957432947655757,0.051472149178945464,0.04373204819940213,0.0026493821410997986,0.22278967494692886,0.048712161361378015,0.3147035682946302,4.341912789794874,1.507202465998932,0.0
32,2028,2.2102376439422464,0.28108835459067044,0.06164122052649501,0.29428632758972006,0.051218573753393,0.043302221303122224,0.0026233422973317697,0.22167903966147076,0.04846932494962885,0.31309901413165453,4.343062082437834,1.5076589485529546,0.0
32,2032,2.214597087026945,0.2797477807635928,0.06134723962846999,0.2928370383135585,0.0509663346151053,0.04287676550413266,0.002597567264099146,0.22057432979682906,0.04822778410983566,0.3115032925539387,4.344204982672155,1.5081130025588532,0.0
32,2036,2.218956530111644,0.27841401641939545,0.061054752014777246,0.29139538291344963,0.05071542410206102,0.042455634591640035,0.002572054241852036,0.21947551084496394,0.04798753129693962,0.30991634971965937,4.345341528581752,1.5085646419692613,0.0
32,2040,2.2233159731963426,0.2770870244333818,0.06076374954416307,0.28996131764903554,0.05046583460154242,0.042038782866391955,0.002546800462030811,0.21838254852430333,0.047748559015398255,0.30833813216273837,4.34647175800318,1.5090138806495177,0.0
32,2044,2.2276754162810413,0.2757667679033561,0.06047422412416703,0.28853479906112756,0.05021755854976738,0.04162616513462325,0.0025218031866993513,0.21729540877801548,0.04751085981880777,0.3067685867897659,4.347595708527419,1.5094607323782663,0.0
32,2048,2.23203485936574,0.2744532101481085,0.06018616771078976,0.2871157839696132,0.049970588431525145,0.04121773670225082,0.0024970597081933597,0.21621405777229963,0.047274426309529265,0.3052076608769666,4.348713417501636,1.5099052108480495,0.0
32,2052,2.2363943024504387,0.2731463147059086,0.059899572308162626,0.28570422947137925,0.04972491677981483,0.040813453368919284,0.0024725673487596316,0.21513846189469024,0.04703925113831802,0.30365530206718266,4.349824922030944,1.5103473296658996,0.0
32,2056,2.2407537455351374,0.27184604533301254,0.05961442996822026,0.28430009293825415,0.04948053617548732,0.04041327142235218,0.0024483234602138415,0.2140685877523772,0.04680532700395617,0.30211145836689557,4.350930258980138,1.510787102353923,0.0
32,2060,2.245113188619836,0.27055236600218247,0.05933073279037598,0.28290333201496803,0.0492374392468902,0.04001714763258235,0.0024243254235910036,0.2130044021705405,0.0465726466528886,0.3005760781432667,4.352029464975416,1.5112245423498827,0.0
32,2064,2.249472631704535,0.26926524090121623,0.05904847292119931,0.28151390461713083,0.04899561866951589,0.039625039246402594,0.002400570648809284,0.21194587219070007,0.046341202878862155,0.2990491101212152,4.353122576406097,1.5116596630077745,0.0
32,2068,2.2538320747892335,0.2679846344314898,0.058767642554096354,0.2801317689292266,0.048755067165652574,0.03923690398170976,0.0023770565743273507,0.2108929650690795,0.04611098852256784,0.29753050338051457,4.354209629426315,1.5120924775983997,0.0
32,2072,2.2581915178739322,0.266710511206511,0.05848823392899263,0.27875688340262733,0.04851577750403849,0.03885270002217567,0.0023537806668215283,0.20984564827498514,0.045881996471286476,0.29602020735292545,4.355290659956697,1.5125229993099327,0.0
32,2076,2.262550960958631,0.26544283605048535,0.05821023933201857,0.27738920675362316,0.0482777424995191,0.038472386011704884,0.002330740420850037,0.2088038894891995,0.04565421965853736,0.2945181718193468,4.356365703686046,1.5129512412484853,0.0
32,2080,2.2669104040433297,0.26418157399689157,0.05793365109519713,0.2760286979614685,0.04804095501270706,0.038095921049148274,0.002307933358532729,0.20776765660238777,0.04542765106372989,0.29302434690700035,4.357434796072983,1.5133772164386676,0.0
32,2084,2.2712698471280284,0.2629266902870696,0.05765846159613416,0.2746753162664466,0.047805407949645363,0.03772326468303788,0.002285357029232115,0.20673691771351926,0.0452022837118184,0.2915386830866379,4.3584979723476,1.5138009378241408,0.0
32,2088,2.275629290212727,0.26167815036881975,0.05738466325771119,0.27332902116794994,0.04757109426147322,0.03735437690632182,0.0022630090092343935,0.20571164112830295,0.04497811067296013,0.29006113116977794,4.359555267513088,1.5142224182681712,0.0
32,2092,2.279988733297426,0.26043591989501236,0.05711224854778056,0.2719897724225782,0.047338006944095054,0.03698921815124834,0.002240886901439517,0.20469179535763615,0.04475512506217599,0.2885916423059633,4.360606716347353,1.5146416705541756,0.0
32,2096,2.2843481763821245,0.2591999647222087,0.05684120997886298,0.27065753004225107,0.04710613903785201,0.03662774928428547,0.002218988335053411,0.20367734911606708,0.04453332003901445,0.28713016798005103,4.361652353404621,1.5150587073862656,0.0
32,2100,2.288707619466823,0.25797025090929293,0.05657154010784751,0.2693322542923393,0.04687548362719674,0.03626993160110459,0.002197310965284069,0.2026682713202712,0.04431268880721836,0.28567666000952213,4.362692213017031,1.5154735413897855,0.0
32,2104,2.293067062551522,0.25674674471611303,0.056303231535693526,0.2680139056898087,0.046646033840370305,0.035915726821563965,0.0021758524730376445,0.2016645310875399,0.044093224614394515,0.284231070541818,4.363726329296212,1.5158861851118486,0.0
32,2108,2.2974265056362206,0.25552941260213613,0.056036276907135876,0.2667024450013847,0.04641778284908277,0.035565097084862884,0.0021546105646248785,0.2006660977342842,0.043874920751686516,0.2827933520517035,4.3647547361348495,1.5162966510218674,0.0
32,2112,2.3017859487209194,0.25431822122511,0.0557706689103913,0.2653978332417276,0.046190723868195636,0.035218004944709946,0.0021335829714683825,0.19967294077454953,0.043657770553450014,0.28136345733865314,4.36577746720824,1.5167049515120805,0.0
32,2116,2.306145391805618,0.2531131374397372,0.055506400276867714,0.2641000316716266,0.04596485015540746,0.03487441336448427,0.002112767449809495,0.19868502991854417,0.043441767396930966,0.2799413395242598,4.366794555975834,1.5171110988980765,0.0
32,2120,2.3105048348903168,0.2519141282963605,0.05524346378087593,0.26280900179620914,0.045740155010942266,0.03453428571256012,0.0020921617804250375,0.19770233507118193,0.043226904701946976,0.27852695204967287,4.367806035682762,1.5175151054193126,0.0
32,2124,2.3148642779750155,0.25072116103965614,0.05498185223934307,0.26152470536316375,0.04551663177724022,0.034197585757645754,0.00207176376834493,0.19672482633063496,0.043013175930570906,0.2771202486730517,4.368811939361356,1.5179169832396302,0.0
32,2128,2.319223721059714,0.2495342031073395,0.05472155851152874,0.26024710436098036,0.045294273838651346,0.03386427766414357,0.0020515712425711024,0.1957524739869016,0.04280057458681771,0.27572118346705526,4.369812299832651,1.5183167444477665,0.0
32,2132,2.323583164144413,0.24835322212887867,0.05446257549874292,0.25897616101720294,0.045073074621131456,0.03353432598760975,0.0020315820558024253,0.19478524852038445,0.04258909421633358,0.2743297108163374,4.370807149707879,1.5187144010578624,0.0
32,2136,2.3279426072291116,0.2471781859242199,0.054204896144066476,0.2577118377966993,0.044853027591940986,0.033207695670277815,0.0020117940841635207,0.1938231206004826,0.042378728406088056,0.27294578541508563,4.371796521389952,1.5191099650099658,0.0
32,2140,2.3323020503138103,0.24600906250252186,0.053948513432073575,0.2564540973999449,0.04463412625934629,0.032884352036610665,0.0019922052269352925,0.19286606108419496,0.04216947078406876,0.27156936226456413,4.372780447074933,1.5195034481705327,0.0
32,2144,2.336661493398509,0.24484582006090005,0.05369342038855633,0.2552029027613202,0.044416364172323364,0.032564260788909394,0.0019728134062889026,0.19191404101473614,0.04196131501897868,0.2702003966706943,4.37375895875349,1.5198948623329231,0.0
32,2148,2.3410209364832077,0.24368842698318016,0.05343961008025145,0.2539582170474233,0.04419973492026412,0.03224738800295768,0.0019536165670218934,0.19096703162016346,0.041754254819936,0.268838844241645,4.374732088212347,1.5202842192178943,0.0
32,2152,2.3453803795679065,0.2425368518386629,0.05318707561456933,0.2527200036553978,0.04398423213268538,0.031933700123801145,0.0019346126763024976,0.19002500431201774,0.04154828393617691,0.2674846608854551,4.375699867035714,1.520671530474089,0.0
32,2156,2.349739822652605,0.2413910633808959,0.0529358101393248,0.2514882262112724,0.04376984947893988,0.0316231639614486,0.001915799723409206,0.18908793068397317,0.04134339615676042,0.26613780280767335,4.376662326606719,1.5210568076785227,0.0
32,2160,2.354099265737304,0.24025103054645713,0.05268580684247027,0.25026284856831693,0.04355658066793017,0.03131574668677217,0.001897175719482392,0.1881557825105011,0.041139585310276165,0.2647982265090168,4.377619498108817,1.5214400623370639,0.0
32,2164,2.3584587088220026,0.23911672245374593,0.052437058951830616,0.2490438348054098,0.04334441944782447,0.031011415827286726,0.0018787386972686161,0.1872285317455434,0.040936845264554385,0.2634658887830588,4.378571412527185,1.5218213058849137,0.0
32,2168,2.3628181519067013,0.23798810840178503,0.052189559734840525,0.247831149225422,0.04313335960577541,0.03071013926319921,0.00186048671088129,0.18630615052119906,0.040735169926378725,0.2621407467139304,4.3795181006501265,1.5222005496870803,0.0
32,2172,2.3671775949914,0.23686515786903042,0.05194330249828346,0.24662475635361214,0.042923394967640735,0.030411885223244894,0.0018424178355484252,0.18538861114642047,0.0405345532412012,0.26082275767404856,4.380459593070441,1.5225778050388497,0.0
32,2176,2.3715370380760987,0.23574784051219091,0.05169828058803279,0.2454246209360364,0.04271451939770648,0.030116622280800698,0.0018245301673771703,0.18447588610572166,0.04033498919285972,0.2595118793218585,4.381395920186795,1.522953083166255,0.0
32,2180,2.3758964811607974,0.23463612616505627,0.05145448738879482,0.2442307079379708,0.04250672679841246,0.029824319349941675,0.0018068218231149043,0.1835679480578971,0.04013647180329802,0.2582080695996039,4.382327112205085,1.5233263952265392,0.0
32,2184,2.380255924245496,0.23352998483733495,0.05121191632385394,0.24304298254234782,0.042300011110080166,0.029534945681547242,0.0017892909399133436,0.18266476983475213,0.03993899513228801,0.2569112867311138,4.38325319913978,1.5236977523086181,0.0
32,2188,2.384615367330195,0.2324293867134999,0.050970560854819456,0.24186141014820495,0.042094366310642686,0.029248470859450038,0.0017719356750952311,0.18176632443984334,0.039742553277154424,0.2556214892196077,4.384174210815262,1.524067165433536,0.0
32,2192,2.3889748104148936,0.23133430215164477,0.05073041448137481,0.2406859563691476,0.04188978641537726,0.028964864796662937,0.001754754205925762,0.18087258504723078,0.039547140372501934,0.2543386358455268,4.385090176867149,1.5244346455549211,0.0
32,2196,2.3933342534995923,0.23024470168234593,0.050491470741028006,0.2395165870318228,0.04168626547663957,0.028684097731691338,0.0017377447293891717,0.1799835250002392,0.039352750589944356,0.2530626856643753,4.386001126743619,1.5248002035594368,0.0
32,2200,2.397693696584291,0.22916055600753585,0.050253723208864565,0.23835326817440716,0.041483797583600636,0.028406140224717547,0.00172090546195758,0.17909911781023125,0.03915937813783636,0.25179359800459394,4.3869070897067095,1.5251638502672276,0.0
32,2204,2.4020531396689897,0.22808183599938361,0.05001716549730201,0.23719596604510682,0.04128237686198571,0.028130963154040955,0.0017042346393753283,0.1782193371553903,0.038967017261007396,0.2505313324654388,4.387808094833614,1.5255255964323657,0.0
32,2208,2.4064125827536884,0.22700851269918462,0.04978179125584637,0.23604464710067036,0.041081997473815454,0.027858537712440068,0.0016877305164385828,0.17734415687951394,0.03877566224049785,0.24927584891489177,4.388704171017972,1.5258854527432903,0.0
32,2212,2.410772025838387,0.22594055731625792,0.049547594170850424,0.23489927800491306,0.04088265361714914,0.027588835403626888,0.0016713913667805343,0.17647355099081743,0.03858530739329745,0.24802710748758044,4.3895953469711415,1.5262434298232461,0.0
32,2216,2.415131468923086,0.2248779412268523,0.04931456796527376,0.23375982562725403,0.04068433952582998,0.027321828038651574,0.0016552154826535844,0.175607493660747,0.03839594707208577,0.2467850685827252,4.39048165122347,1.5265995382307185,0.0
32,2220,2.4194909120077845,0.22382063597306107,0.049082706398444795,0.23262625704126572,0.04048704946923273,0.027057487732513152,0.0016392011747240153,0.17474595922280417,0.03820757566497522,0.2455496928620927,4.391363112125543,1.5269537884598634,0.0
32,2224,2.4238503550924833,0.22276861326174374,0.048852003265824354,0.23149853952323426,0.040290777752013125,0.02679578690069917,0.0016233467718623537,0.17388892217137844,0.038020187595255765,0.2443209412479863,4.392239757849438,1.5273061909409373,0.0
32,2228,2.428209798177182,0.22172184496345707,0.0486224523987712,0.2303766405507328,0.040095518713859524,0.026536698255725355,0.0016076506209337365,0.17303635716059101,0.03783377732114215,0.2430987749212312,4.39311161638996,1.5276567560407217,0.0
32,2232,2.4325692412618807,0.22068030311139378,0.048394047664309325,0.22926052780120632,0.039901266729246695,0.026280194803845802,0.0015921110865986072,0.17218823900314806,0.03764833933552312,0.24188315531920104,4.393978715565863,1.5280054940629448,0.0
32,2236,2.4369286843465794,0.21964395990032892,0.04816678296489689,0.22815016915056763,0.03970801620719138,0.026026249841713422,0.0015767265511103976,0.17134454266920293,0.03746386816571272,0.24067404413384413,4.39484108302108,1.5283524152487011,0.0
32,2240,2.441288127431278,0.21861278768557432,0.047940652238196935,0.22704553267180533,0.03951576159101005,0.02577483695311855,0.0015614954141179467,0.17050524328522865,0.03728035837320371,0.2394714033097369,4.395698746225917,1.528697529776867,0.0
32,2244,2.445647570515977,0.21758675898194044,0.04771564945684973,0.2259465866336023,0.03932449735807846,0.025525930005692032,0.0015464160924657652,0.16967031613289885,0.03709780455342291,0.23827519504215264,4.396551732478265,1.529040847764514,0.0
32,2248,2.4500070136006755,0.2165658464627072,0.04749176862824708,0.22485329949896743,0.039134218019593534,0.025279503147800142,0.0015314870200059246,0.1688397366479797,0.03691620133548891,0.23708538177514535,4.397400068904783,1.529382379267318,0.0
32,2252,2.4543664566853742,0.21555002295860096,0.047269003794307964,0.2237656399238761,0.038944918120336694,0.025035530805290307,0.001516706647400905,0.16801348041922892,0.03673554338197137,0.23590192619965517,4.39824378246208,1.5297221342799674,0.0
32,2256,2.458725899770073,0.21453926145678043,0.04704734903125618,0.222683576755924,0.03875659223843962,0.024793987678414453,0.001502073441937205,0.16719152318730643,0.03655582538865279,0.2347247912516238,4.3990828999378895,1.5300601227365653,0.0
32,2260,2.4630853428547717,0.21353353509982934,0.04682679844939942,0.22160707903299054,0.03856923498515161,0.02455484873877367,0.0014875858873402426,0.16637384084369186,0.03637704208429189,0.23355394011013692,4.3999174479522285,1.5303963545110317,0.0
32,2264,2.4674447859394704,0.21253281718475656,0.04660734619291002,0.22053611598191294,0.038382841004608786,0.024318089226198936,0.0014732424835853832,0.1655604094296121,0.03619918823038907,0.2323893361955698,4.400747452958555,1.5307308394175012,0.0
32,2268,2.471804229024169,0.21153708116200348,0.04638898643960727,0.21947065701717167,0.038197404973605346,0.024083684645781034,0.0014590417467180057,0.16475120513497718,0.036022258620953776,0.2312309431677604,4.401572941244911,1.531063587210719,0.0
32,2272,2.476163672108868,0.21054630063446045,0.0461717134007417,0.21841067173958761,0.0380129216013668,0.023851610764872078,0.0014449822086718476,0.16394620429732648,0.035846248082274074,0.2300787249241966,4.4023939389350595,1.531394607586432,0.0
32,2276,2.4805231151935665,0.2095604493564876,0.045955521320780415,0.2173561299350272,0.037829385629324586,0.023621843610165172,0.0014310624170920854,0.16314538340078122,0.035671151472687616,0.22893264559821297,4.4032104719896115,1.5317239101817792,0.0
32,2280,2.484882558278265,0.2085795012329459,0.04574040447719457,0.21630700157312074,0.03764679183089302,0.02339435946478119,0.0014172809351588448,0.162348719075008,0.03549696368235504,0.227792669557212,4.404022566207146,1.532051504575678,0.0
32,2284,2.489242001362964,0.20760343031823314,0.045526357180247945,0.21526325680598934,0.03746513501124774,0.02316913486536265,0.001403636341411141,0.16155618809418926,0.035323679633034843,0.22665876140089544,4.404830247225321,1.5323774002892074,0.0
32,2288,2.4936014444476626,0.20663221081532762,0.04531337377278728,0.21422486596698226,0.037284410007105924,0.022946146599288397,0.0013901272295781396,0.1607677673760025,0.035151294277860214,0.22553088595951223,4.405633540521973,1.5327016067859909,0.0
32,2292,2.4979608875323613,0.2056658170748397,0.045101448630034256,0.21319179956942544,0.0371046116865085,0.022725371701838526,0.0013767522084073996,0.15998343398060888,0.03497980260111787,0.22440900829212418,4.406432471416213,1.5330241334725736,0.0
32,2296,2.50232033061706,0.20470422359406992,0.04489057615937895,0.21216402830537984,0.036925734948604017,0.022506787453387744,0.0013635099014948425,0.15920316510964927,0.03480919961802855,0.2232930936848851,4.407227065069512,1.5333449896987976,0.0
32,2300,2.5066797737017588,0.20374740501607305,0.04468075080017458,0.21114152304440845,0.0367477747234341,0.022290371376762153,0.00135039894712462,0.1584269381052483,0.03463948037452929,0.22218310764933433,4.408017346486776,1.5336641847581756,0.0
32,2304,2.5110392167864575,0.20279533612873002,0.044471967023534,0.2101242548323544,0.03657072597172072,0.0220761012344326,0.0013374179980990815,0.15765473044902692,0.03447063994705747,0.22107901592070509,4.408803340517416,1.533981727888261,0.0
32,2308,2.515398659871156,0.20184799186382676,0.04426421933212769,0.2091121948901292,0.036394583684655375,0.021863955025885673,0.001324565721579503,0.15688651976112367,0.03430267344233685,0.21998078445625208,4.409585071856409,1.534297628271015,0.0
32,2312,2.519758102955855,0.20090534729613915,0.044057502259983054,0.20810531461250947,0.03621934288368959,0.021653910984980484,0.0013118407989259546,0.15612228379922274,0.03413557599716506,0.21888837943358624,4.410362565045352,1.534611895033172,0.0
32,2316,2.5241175460405536,0.1999673776425252,0.043851810372285416,0.2071035855669445,0.03604499862032743,0.021445947577340974,0.001299241925539322,0.1553620004575911,0.03396934277820305,0.21780176724903147,4.4111358444735025,1.5349245372466018,0.0
32,2320,2.5284769891252523,0.19903405826102355,0.043647138265180255,0.20610697949237253,0.03587154597591947,0.021240043497734007,0.0012867678107024655,0.1546056477661228,0.033803968981766144,0.2167209145159894,4.4119049343788195,1.5352355639286688,0.0
32,2324,2.532836432209951,0.1981053646499589,0.043443480565577064,0.20511546829804708,0.035698980061458524,0.021036177667568268,0.0012744171774286966,0.15385320388939133,0.033639449833616865,0.21564578806332446,4.412669858848991,1.5355449840425892,0.0
32,2328,2.5371958752946497,0.19718127244705252,0.04324083193095427,0.20412902406237118,0.03552729601737675,0.0208343292323363,0.0012621887623068132,0.15310464712570898,0.03347578058875921,0.21457635493375574,4.413430641822456,1.5358528064977868,0.0
32,2332,2.5415553183793484,0.19626175742854193,0.04303918704916621,0.2031476190317433,0.03535648901334481,0.020634477559134723,0.0012500813153508662,0.15235995590619533,0.03331295653123504,0.2135125823822711,4.414187307089414,1.5361590401502432,0.0
32,2336,2.545914761464047,0.19534679550830436,0.0428385406382509,0.20217122561941042,0.03518655424807219,0.020436602234241263,0.001238093599853374,0.15161910879385174,0.03315097297392167,0.21245443787454812,4.41493987829284,1.536463693802848,0.0
32,2340,2.550274204548746,0.19443636273698797,0.04263888744623949,0.20119981640433085,0.03501748694910938,0.02024068306057103,0.0012262243922312155,0.15088208448264423,0.0329898252583314,0.21140188908539176,4.415688378929469,1.5367667762057458,0.0
32,2344,2.5546336476334446,0.19353043530114894,0.04244022225096708,0.2002333641300463,0.03484928237265149,0.020046700055424083,0.0012144724818891745,0.1501488617965935,0.03282950875441247,0.21035490389718656,4.416432832350803,1.5370682960566806,0.0
32,2348,2.5589930907181433,0.19262898952239516,0.0422425398598849,0.19927184170356282,0.03468193580334351,0.01985463344797722,0.0012028366710679858,0.14941941968887257,0.03267001886035185,0.20931345039835847,4.417173261764079,1.5373682620013378,0.0
32,2352,2.563352533802842,0.19173200185653572,0.0420458351098738,0.1983152221942404,0.034515442554087034,0.01966446367697472,0.0011913157747044363,0.14869373724091134,0.032511351002379396,0.2082774968818556,4.417909690233255,1.537666682633684,0.0
32,2356,2.5677119768875407,0.1908394488927363,0.041850102867059064,0.19736347883269095,0.03434979796584853,0.019476171388475905,0.0011799086202949067,0.14797179366150817,0.032353500634573644,0.20724701184363578,4.418642140679975,1.537963566496304,0.0
32,2360,2.5720714199722394,0.18995130735268143,0.041655338026626645,0.19641658500968587,0.034184997407469095,0.019289737433439313,0.0011686140477490158,0.1472535682859494,0.03219646323866923,0.20622196398117193,4.4193706358845315,1.538258922080735,0.0
32,2364,2.576430863056938,0.18906755408974232,0.04146153551264072,0.19547451427507162,0.03402103627547583,0.01910514286553422,0.0011574309092570374,0.14653904057513537,0.032040234323865886,0.20520232219196777,4.420095198486817,1.538552757827799,0.0
32,2368,2.580790306141637,0.18818816608815095,0.04126869027786255,0.19453724033669448,0.03385790999389461,0.018922368938916634,0.0011463580691551659,0.1458281901147138,0.03188480942663888,0.2041880555720878,4.420815850987273,1.538845082127934,0.0
32,2372,2.5851497492263356,0.18731312046217855,0.041076797303570334,0.19360473705933132,0.03369561401406407,0.018741397105912938,0.0011353944037851857,0.14512099661421873,0.03173018411055078,0.20317913341469715,4.4215326157478305,1.5391359033215202,0.0
32,2376,2.5895091923110343,0.18644239445532362,0.040885851599381136,0.19267697846363352,0.03353414381445174,0.01856220901493799,0.0011245388013683458,0.14441743990621952,0.031576353966065396,0.2021755252086192,4.4222455149928415,1.5394252296992057,0.0
32,2380,2.593868635395733,0.18557596543950144,0.040695848203073155,0.19175393872507415,0.03337349490047083,0.01838478650829245,0.0011137901618719162,0.14371749994547292,0.031423314610362366,0.20117720063689853,4.4229545708100035,1.5397130695022296,0.0
32,2384,2.5982280784804317,0.18471381091424205,0.04050678218040985,0.19083559217290588,0.0332136628042989,0.018209111620002716,0.0011031473968783276,0.1430211568080842,0.031271061687153746,0.2001841295753833,4.423659805151285,1.5399994309227432,0.0
32,2388,2.6025875215651304,0.1838559085058938,0.040318648624965286,0.1899219132891278,0.03305464308469797,0.01803516657370352,0.001092609429456894,0.142328390690675,0.031119590866502067,0.1991962820913139,4.424361239833827,1.5402843221041265,0.0
32,2392,2.606946964649829,0.18300223596683096,0.04013144265795034,0.18901287670745723,0.03289643132683562,0.017862933780619983,0.0010821751940415607,0.14163918190955574,0.030968897844639378,0.19821362844192575,4.425058896540859,1.540567751141307,0.0
32,2396,2.611306407734528,0.18215277117466938,0.03994515942804074,0.1881084572123136,0.032739023142108116,0.01769239583740756,0.0010718436363000446,0.1409535108999079,0.030818978343788446,0.1972361390730663,4.4257527968225885,1.5408497260810712,0.0
32,2400,2.6156658508192265,0.1813074921314856,0.03975979411120578,0.1872086297378067,0.032582414167964355,0.017523535524162526,0.0010616137130133045,0.14027135821496964,0.030669828111984727,0.19626378461781893,4.4264429620970995,1.5411302549223775,0.0
32,2404,2.6200252939039252,0.18046637696304288,0.03957534191053864,0.18631336936673493,0.03242660006773148,0.017356335802396927,0.0010514843919528587,0.13959270452523004,0.030521442922900155,0.19529653589514598,4.427129413651235,1.5414093456166658,0.0
32,2408,2.624384736988624,0.1796294039180219,0.039391798056087605,0.18542265132959007,0.03227157653044169,0.017190779813049062,0.001041454651760257,0.13891753061762818,0.03037381857566805,0.19433436390853165,4.4278121726414765,1.5416870060681636,0.0
32,2412,2.6287441800733227,0.17879655136725675,0.039209157804688616,0.1845364510035701,0.032117339270660406,0.01702685087449396,0.0010315234818265497,0.13824581739475936,0.03022695089470953,0.19337723984464952,4.428491260094814,1.5419632441341924,0.0
32,2416,2.6331036231580214,0.177967797802979,0.03902741643979943,0.18365474391160178,0.03196388402831619,0.016864532480624916,0.0010216898821760645,0.1375775458740889,0.030080835729561654,0.1924251350720324,4.429166696909614,1.5422380676254699,0.0
32,2420,2.63746306624272,0.17714312183806208,0.038846569271333946,0.18277750572136597,0.031811206568531085,0.01670380829887108,0.001011952863346306,0.13691269718716859,0.029935468954706054,0.19147802113975543,4.429838503856479,1.5425114843064105,0.0
32,2424,2.641822509327419,0.17632250220527576,0.03866661163549871,0.1819047122443355,0.031659302681453165,0.01654466216835715,0.0010023114462764666,0.13625125257886292,0.02979084646939979,0.19053586977613354,4.430506701579099,1.5427835018954246,0.0
32,2428,2.6461819524121175,0.17550591775654367,0.038487538894630094,0.1810363394348177,0.03150816818208989,0.016387078097977792,0.000992764662190772,0.1355931934065798,0.029646964197507134,0.18959865288742483,4.431171310595097,1.5430541280652148,0.0
32,2432,2.650541395496816,0.1746933474622064,0.038309346437032696,0.18017236338900494,0.03135779891014288,0.016231040264592878,0.0009833115524891425,0.1349385011395072,0.029503818087332667,0.18866634255654896,4.431832351296874,1.5433233704430709,0.0
32,2436,2.654900838581515,0.17388477041028932,0.03813202967681875,0.1793127603440321,0.03120819072984385,0.0160765330111019,0.0009739511686305386,0.13428715735785599,0.029361404111455724,0.18773891104181345,4.432489843952437,1.543591236611161,0.0
32,2440,2.6592602816662136,0.17308016580577665,0.03795558405374901,0.1784575066770422,0.031059339529791997,0.01592354084469605,0.000964682572027067,0.13363914375210914,0.029219718266566243,0.1868163307756527,4.433143808706234,1.5438577341068236,0.0
32,2444,2.6636197247509124,0.1722795129698903,0.03778000503307452,0.17760657890425885,0.030911241222792575,0.015772048435046315,0.0009555048339342131,0.13299444212227662,0.02907875657330184,0.18589857436337706,4.433794265579967,1.5441228704228536,0.0
32,2448,2.667979167835611,0.17148279133937253,0.037605288105379345,0.1767599536800647,0.030763891745696496,0.015622040612491617,0.0009464170353410724,0.1323530343771553,0.028938515076085997,0.18498561458193155,4.434441234473416,1.5443866530077908,0.0
32,2452,2.6723386109203098,0.17068998046577544,0.03743142878642475,0.17591760779608848,0.03061728705924143,0.015473502366347702,0.0009374182668679015,0.13171490253359586,0.028798989842967786,0.18407742437866517,4.435084735165248,1.5446490892662033,0.0
32,2456,2.6766980540050085,0.1699010600147544,0.03725842261699427,0.17507951818029835,0.03047142314789403,0.015326418843130796,0.0009285076286585015,0.13108002871577473,0.028660176965462653,0.18317397687011094,4.435724787313813,1.5449101865589687,0.0
32,2460,2.681057497089707,0.16911600976536634,0.03708626516273979,0.1742456618961018,0.030326296019693246,0.015180775344802555,0.000919684230273895,0.13044839515447157,0.028522072558394458,0.18227524534077663,4.436361410457952,1.5451699522035562,0.0
32,2464,2.685416940174406,0.16833480960937391,0.036914952014029,0.17341601614145347,0.030181901706095072,0.015036557327185562,0.000910947190596332,0.1298199841863532,0.028384672759738917,0.1813812032419454,4.436994624017782,1.5454283934743034,0.0
32,2468,2.6897763832591046,0.16755743955055383,0.03674447878579369,0.1725905582479692,0.030038236261818344,0.014893750398179861,0.0009022956377212443,0.1291947782532626,0.02824797373046812,0.18049182419048287,4.437624447295488,1.5456855176026931,0.0
32,2472,2.6941358263438033,0.16678387970400918,0.036574841117378944,0.17176926568004547,0.029895295764691472,0.01475234031612871,0.0008937287088582394,0.12857275990151215,0.028111971654396044,0.1796070819676612,4.438250899476099,1.5459413317776278,0.0
32,2476,2.698495269428502,0.16601411029548807,0.03640603467239371,0.1709521160339878,0.029753076315500775,0.014612312988255383,0.0008852455502363985,0.12795391178118493,0.02797666273802572,0.1787269505179846,4.438873999628264,1.5461958431457028,0.0
32,2480,2.7028547125132008,0.1652481116607065,0.03623805513856235,0.17013908703714473,0.029611574037839716,0.014473654468922348,0.0008768453169988136,0.12733821664543943,0.027842043210397276,0.17785140394803337,4.439493766705022,1.546449058811475,0.0
32,2484,2.7072141555978995,0.1644858642446757,0.03607089822757709,0.1693301565470483,0.02947078507795934,0.01433635095812491,0.0008685271731113291,0.12672565734982066,0.02770810932293727,0.17698041652530855,4.440110219544565,1.5467009858377334,0.0
32,2488,2.711573598682598,0.163727348601034,0.03590455967495152,0.16852530255056078,0.029330705604619752,0.014200388799885388,0.0008602902912652577,0.1261162168515757,0.027574857349309055,0.1761139626770938,4.440723376871,1.546951631245765,0.0
32,2492,2.715933041767297,0.16297254539138364,0.035739035239875164,0.1677245031630283,0.029191331808942823,0.01406575448064018,0.0008521338527796654,0.12550987820897527,0.027442283585264435,0.17525201698932025,4.441333257295092,1.54720100201562,0.0
32,2496,2.7202924848519956,0.16222143538463243,0.035574320705069086,0.16692773662744104,0.029052659904266004,0.013932434627783152,0.0008440570475131265,0.12490662458064043,0.027310384348496468,0.17439455420544653,4.441939879315021,1.5474491050863748,0.0
32,2500,2.7246519279366943,0.1614739994563395,0.03541041187664244,0.16613498131359938,0.028914686125997242,0.013800416008038496,0.0008360590737651483,0.1243064392248743,0.027179155978493325,0.17354154922534565,4.442543261317116,1.547695947356393,0.0
32,2504,2.729011371021393,0.1607302185880653,0.03524730458394992,0.16534621571728564,0.028777406731470775,0.013669685526018327,0.0008281391381887867,0.12370930549899839,0.027048594836393193,0.17269297710419623,4.443143421576598,1.5479415356835853,0.0
32,2508,2.7333708141060917,0.15999007386672742,0.03508499467945051,0.16456141845944425,0.028640817999804485,0.013540230222695016,0.0008202964556980972,0.12311520685869562,0.02691869730484063,0.1718488130513936,4.443740378258304,1.5481858768856671,0.0
32,2512,2.7377302571907904,0.1592535464839589,0.03492347803856672,0.16378056828536505,0.028504916231757743,0.013412037273937472,0.0008125302493794597,0.12252412685735609,0.026789459787843518,0.17100903242945617,4.444334149417418,1.5484289777404139,0.0
32,2516,2.742089700275489,0.1585206177354727,0.03476275055954527,0.1630036440638752,0.02836969774959077,0.01328509398905453,0.0008048397504033333,0.1219360491454299,0.026660878710631556,0.1701736107529549,4.444924753000186,1.5486708449859155,0.0
32,2520,2.746449143360188,0.15779126902043006,0.034602808163318545,0.16223062478653663,0.028235158896924944,0.013159387809317025,0.000797224197934721,0.12135095746978418,0.026532950519515687,0.1693425236874421,4.44551220684464,1.5489114853208283,0.0
32,2524,2.7508085864448866,0.15706548184081204,0.03444364679336678,0.16146148956684767,0.02810129603860387,0.01303490630657933,0.0007896828390496593,0.12076883567306425,0.026405671681748403,0.1685157470483879,4.446096528681294,1.5491509054046266,0.0
32,2528,2.7551680295295853,0.15634323780079776,0.03428526241558174,0.16069621763945402,0.02796810556055605,0.012911637181822755,0.0007822149286469734,0.12018966769306147,0.026279038685385534,0.16769325680013553,4.4466777361338625,1.5493891118578498,0.0
32,2532,2.759527472614284,0.15562451860614357,0.0341276510181305,0.1599347883593614,0.02783558386965783,0.01278956826378419,0.0007748197293651988,0.11961343756208326,0.026153048039148516,0.16687502905485438,4.44725584671995,1.5496261112623508,0.0
32,2536,2.7638869156989827,0.1549093060635701,0.03397080861132113,0.1591771812011581,0.027703727393598117,0.012668687507577658,0.0007674965114990711,0.11904012940633082,0.02602769627228832,0.16606104007150588,4.447830877851753,1.5498619101615412,0.0
32,2540,2.7682463587836814,0.15419758208015108,0.03381473122746859,0.15842337575824098,0.02757253258074366,0.012548982993322966,0.0007602445529164464,0.11846972744527967,0.025902979934450003,0.16525126625481906,4.448402846836744,1.5500965150606343,0.0
32,2544,2.77260580186838,0.15348932866270731,0.03365941492076186,0.15767335174204788,0.027441995900005442,0.01243044292479567,0.0007530631389765144,0.11790221599106561,0.025778895595538465,0.16444568415427332,4.448971770878358,1.5503299324268875,0.0
32,2548,2.776965244953079,0.15278452791720423,0.03350485576713182,0.15692708898129568,0.027312113840706087,0.012313055628069947,0.0007459515624475796,0.1173375794478751,0.025655439845585156,0.16364427046308727,4.449537667076672,1.5505621686898423,0.0
32,2552,2.7813246880377775,0.15208316204815356,0.03335104986412006,0.156184567421223,0.027182882912448053,0.01219680955028224,0.0007389091234321607,0.11677580231133966,0.025532609294615656,0.16284700201721933,4.450100552429083,1.5507932302415637,0.0
32,2556,2.7856841311224763,0.15138521335802,0.03319799333074872,0.15544576712284094,0.02705429964498323,0.01208169325821018,0.0007319351292808986,0.11621686916793657,0.025410400572518643,0.16205385579437342,4.450660443830971,1.5510231234368765,0.0
32,2560,2.790043574207175,0.15069066424663144,0.03304568230739121,0.15471066826218752,0.026926360588083162,0.011967695437064663,0.0007250288945193776,0.11566076469439267,0.025288810328915532,0.16126480891301592,4.451217358076369,1.5512518545936007,0.0
32,2564,2.7944030172918737,0.14999949721059228,0.03289411295564352,0.15397925112958738,0.026799062311410236,0.011854804889217974,0.0007181897407710728,0.11510747365709265,0.025167835233031115,0.16047983863139745,4.451771311858623,1.551479429992785,0.0
32,2568,2.7987624603765724,0.14931169484270218,0.03274328145819675,0.1532514961289184,0.026672401404390013,0.011743010532875076,0.0007114169966768533,0.11455698091149272,0.025047471973565345,0.15969892234658167,4.452322321771044,1.5517058558789396,0.0
32,2572,2.803121903461271,0.14862723983137738,0.03259318401871024,0.15252738377688185,0.026546374476084215,0.011632301400922529,0.000704709997825248,0.11400927140153745,0.024927717258565837,0.1589220375934877,4.452870404307567,1.5519311384602668,0.0
32,2576,2.80748134654597,0.14794611496007753,0.03244381686168584,0.15180689470228034,0.02642097815506505,0.011522666639585566,0.0006980680866710876,0.11346433015908254,0.024808567815301663,0.15814916204393437,4.453415575863383,1.5521552839088884,0.0
32,2580,2.8118407896306685,0.14726830310673492,0.03229517623234277,0.15109000964529884,0.026296209089290094,0.011414095507312538,0.0006914906124679224,0.1129221423033205,0.024690020390137762,0.15738027350569372,4.453957852735598,1.5523782983610748,0.0
32,2584,2.8162002327153672,0.14659378724318795,0.03214725839649338,0.1503767094567915,0.026172063945978145,0.011306577373531468,0.0006849769311926914,0.11238269304021099,0.02457207174841042,0.15661534992155313,4.454497251123853,1.5526001879174702,0.0
32,2588,2.820559675800066,0.14592255043461913,0.03200005964041989,0.1496669750975749,0.02604853941148624,0.011200101717442124,0.0006785264054725435,0.11184596766191618,0.02445471867430377,0.15585436936838495,4.455033787130971,1.5528209586433168,0.0
32,2592,2.8249191188847647,0.14525457583899629,0.03185357627075186,0.14896078763772527,0.02592563219118732,0.01109465812683652,0.0006721384045133809,0.1113119515462396,0.02433795797072713,0.15509731005622218,4.455567476763573,1.553040616568677,0.0
32,2596,2.8292785619694634,0.14458984670651787,0.03170780461434455,0.14825812825588153,0.025803339009348947,0.010990236296969158,0.0006658123040314159,0.11078063015606958,0.02422178645919331,0.154344150327343,4.45609833593271,1.5532591676886551,0.0
32,2600,2.833638005054162,0.14392834637906105,0.03156274101815788,0.14755897823855252,0.025681656609012712,0.010886826029398833,0.0006595474861830052,0.11025198903882615,0.024106200979697658,0.15359486865536062,4.456626380454477,1.5534766179636168,0.0
32,2604,2.837997448138861,0.14327005828963507,0.03141838184913659,0.14686331897943056,0.025560581751874794,0.010784417230830456,0.0006533433394944847,0.10972601382591313,0.023991198390598285,0.15284944364432335,4.457151626050628,1.5536929733194076,0.0
32,2608,2.8423568912235595,0.14261496596183654,0.031274723494090724,0.14617113197870835,0.02544011121816703,0.010682999911963975,0.0006471992587924344,0.10920269023217301,0.02387677556849687,0.15210785402781904,4.457674088349188,1.5539082396475692,0.0
32,2612,2.846716334308258,0.14196305300930986,0.031131762359577368,0.14548239884240263,0.025320241806539252,0.010582564186471188,0.0006411146451416924,0.10868200405534702,0.02376292940812059,0.1513700786680876,4.45819378288506,1.5541224228055548,0.0
32,2616,2.851075777392957,0.1413143031352113,0.030989494871783076,0.14479710128168252,0.02520097033394234,0.010483100269794932,0.0006350889057726061,0.10816394117553942,0.02364965682220502,0.15063609655514196,4.458710725100621,1.554335528616942,0.0
32,2620,2.8554352204776556,0.1406687001316746,0.03084791747640672,0.14411522111220057,0.02508229363551183,0.01038459847811879,0.0006291214540186161,0.10764848755468377,0.023536954741377406,0.14990588680589292,4.459224930346323,1.5545475628716467,0.0
32,2624,2.8597946635623543,0.14002622787928287,0.030707026638543647,0.1434367402534317,0.024964208564452847,0.01028704922727286,0.0006232117092499636,0.10713562923601566,0.02342482011404139,0.1491794286632845,4.459736413881288,1.5547585313261323,0.0
32,2628,2.864154106647053,0.13938687034654212,0.030566818842570242,0.14276164072801478,0.024846711991925518,0.010190443031675045,0.0006173590968095534,0.10662535234354754,0.02331324990626219,0.14845670149543264,4.4602451908738905,1.5549684397036194,0.0
32,2632,2.8685135497317518,0.13875061158935895,0.030427290592029393,0.1420899046610997,0.02472980080693132,0.01009477050330787,0.0006115630479509654,0.10611764308154818,0.023202241101652775,0.147737684794773,4.46075127640235,1.5551772936942945,0.0
32,2636,2.8728729928164505,0.13811743575052207,0.030288438409516786,0.14142151427969957,0.02461347191620036,0.010000022350581617,0.0006058229997695824,0.1056124877340262,0.023091790701260946,0.1470223581772168,4.461254685455304,1.5553850989555158,0.0
32,2640,2.877232435901149,0.13748732705918676,0.03015025883656784,0.14075645191204703,0.02449772224407931,0.00990618937744614,0.000600138395148781,0.10510987266421677,0.022981895723457105,0.14631070138130647,4.46175543293239,1.555591861112018,0.0
32,2644,2.881591878985848,0.13686026983036315,0.0300127484335455,0.1400946999869556,0.024382548732420288,0.009813262482218477,0.0005945086826889062,0.10460978431407283,0.022872553203823018,0.145602694267389,4.4622535336448115,1.555797585756117,0.0
32,2648,2.8859513220705466,0.13623624846440702,0.02987590377952858,0.1394362410331847,0.024267948340470327,0.009721232656744405,0.0005889333166564762,0.10411220920375887,0.02276376019504111,0.1448983168167849,4.462749002315915,1.5560022784479113,0.0
32,2652,2.8903107651552453,0.13561524744651557,0.02973972147220116,0.13878105767881083,0.02415391804476193,0.009630090985233153,0.0005834117569135873,0.10361713393114999,0.022655513766784968,0.1441975491309702,4.4632418535817475,1.556205944715483,0.0
32,2656,2.894670208239944,0.13499725134622484,0.029604198127742412,0.13812913265060173,0.02404045483900416,0.009539828643411852,0.0005779434688666883,0.1031245451713333,0.022547811005610298,0.14350037143076327,4.463732101991615,1.5564085900550986,0.0
32,2660,2.8990296513246427,0.13438224481691155,0.029469330380717314,0.13748044877339594,0.023927555733974648,0.00945043689748104,0.0005725279234033029,0.10263442967611365,0.022440649014846863,0.14280676405551593,4.464219762008649,1.5566102199314047,0.0
32,2664,2.9033890944093415,0.13377021259529812,0.029335114883968144,0.13683498896948662,0.023815217757412348,0.00936190710314122,0.0005671645968330564,0.10214677427352298,0.02233402491449121,0.14211670746231575,4.464704848010347,1.5568108397776272,0.0
32,2668,2.90774853749404,0.13316113950096037,0.029201548308506485,0.1361927362580097,0.023703437953911048,0.009274230704718889,0.0005618529708347284,0.10166156586733292,0.022227935841100097,0.14143018222518944,4.465187374289125,1.5570104549957662,0.0
32,2672,2.912107980578739,0.13255501043583925,0.02906862734340618,0.13555367375433647,0.023592213384813675,0.009187399234150462,0.0005565925323946974,0.1011787914365713,0.022122378947684773,0.14074716903431206,4.46566735505287,1.5572090709567896,0.0
32,2676,2.9164674236634376,0.1319518103837558,0.02893634869569694,0.13491778466947077,0.02348154112810735,0.00910140431005857,0.0005513827737509803,0.10069843803504233,0.022017351403606084,0.1400676486952338,4.466144804425465,1.5574066930008261,0.0
32,2680,2.9208268667481363,0.13135152440992742,0.028804709090258285,0.13428505230944912,0.023371418278319,0.009016237636878088,0.0005462231923402853,0.10022049279084888,0.021912850394469996,0.13939160212809082,4.466619736447342,1.5576033264373579,0.0
32,2684,2.925186309832835,0.1307541376604908,0.028673705269714907,0.13365546007474777,0.023261841946412166,0.008931891003904013,0.0005411132907403308,0.09974494290592084,0.021808873122024505,0.1387190103668477,4.467092165076006,1.557798976545409,0.0
32,2688,2.9295457529175337,0.13015963536202424,0.02854333399433194,0.13302899145969072,0.023152809259683955,0.00884835628438907,0.0005360525766151758,0.09927177565554389,0.021705416804056573,0.1380498545585235,4.467562104186565,1.557993648573736,0.0
32,2692,2.9339051960022324,0.12956800282107653,0.02841359204191162,0.13240563005186537,0.023044317361663354,0.008765625434719482,0.0005310405626652869,0.09880097838789464,0.02160247867429051,0.1373841159624396,4.46802956757226,1.558187347741015,0.0
32,2696,2.938264639086931,0.12897922542369594,0.028284476207690017,0.13178535953153903,0.02293636341200966,0.00868369049342732,0.0005260767665677036,0.09833253852357643,0.021500055982286465,0.13672177594946505,4.468494568944982,1.5583800792360285,0.0
32,2700,2.94262408217163,0.12839328863496488,0.02815598330423497,0.13116816367108253,0.022828944586412193,0.008602543580430222,0.0005211607109299796,0.09786644355516105,0.021398145993340233,0.13606281600127074,4.468957121935795,1.5585718482178497,0.0
32,2704,2.9469835252563286,0.12781017799853542,0.02802811016134424,0.13055402633439536,0.022722058076490203,0.008522176896065048,0.0005162919232316388,0.0974026810467312,0.021296745988383207,0.13540721770958808,4.4694172400954475,1.5587626598160271,0.0
32,2708,2.9513429683410273,0.1272298791361695,0.02790085362594468,0.12994293147633706,0.02261570108969395,0.008442582720334713,0.0005114699357785473,0.0969412386334288,0.02119585326388363,0.13475496277547425,4.469874936894883,1.5589525191307672,0.0
32,2712,2.955702411425726,0.12665237774728097,0.0277742105619918,0.12933486314216056,0.022509870849206044,0.008363753411998687,0.0005066942856478138,0.0964821040210041,0.021095465131748006,0.13410603300858154,4.470330225725754,1.5591414312331158,0.0
32,2716,2.9600618545104247,0.12607765960848158,0.02764817785037022,0.12872980546695154,0.022404564593843903,0.008285681407791401,0.000501964514640439,0.09602526498537028,0.020995578919223698,0.1334604103264372,4.4707831199009185,1.5593294011651384,0.0
32,2720,2.9644212975951234,0.1255057105731293,0.0275227523887946,0.1281277426750703,0.022299779577962586,0.008208359221512751,0.0004972801692262161,0.09557070937215971,0.020896191968801922,0.13281807675371982,4.471233632654945,1.5595164339400989,0.0
32,2724,2.968780740679822,0.12493651657087959,0.027397931091711254,0.12752865907959804,0.02219551307135844,0.008131779443331766,0.0004926408005015456,0.0951184250962839,0.020797301638121542,0.13217901442155142,4.471681777144608,1.559702534542638,0.0
32,2728,2.973140183764521,0.1243700636072406,0.027273710890200573,0.12693253908178756,0.022091762359173487,0.008055934738877113,0.0004880459641343366,0.0946684001414972,0.020698905299873647,0.13154320556678678,4.472127566449379,1.5598877079289495,0.0
32,2732,2.9774996268492195,0.12380633776312912,0.027150088731879705,0.1263393671705165,0.021988524741800266,0.00798081784851945,0.00048349522032052947,0.09422062255996219,0.020601000341706546,0.1309106325313134,4.472571013571925,1.560071959026955,0.0
32,2736,2.9818590699339182,0.12324532519443233,0.027027061580806398,0.12574912792174628,0.02188579753478767,0.007906421586547197,0.0004789881337341627,0.09377508047182002,0.02050358416613182,0.13028127776135515,4.473012131438588,1.5602552927364794,0.0
32,2740,2.986218513018617,0.12268701213156927,0.02690462641738285,0.12516180599798257,0.021783578068747055,0.007832738840342302,0.000474524273477439,0.09333176206476196,0.02040665419043063,0.1296551238067787,4.473450932899867,1.560437713929424,0.0
32,2744,2.9905779561033157,0.12213138487905813,0.026782780238260827,0.12457738614774216,0.021681863689259413,0.007759762569698125,0.00047010321303940104,0.09289065559360585,0.020310207846561134,0.12903215332041154,4.473887430730907,1.5606192274499375,0.0
32,2748,2.9949373991880144,0.1215784298150839,0.026661520056246838,0.12399585320502104,0.021580651756782837,0.007687485806023631,0.0004657245302477198,0.09245174937987392,0.02021424258106616,0.12841234905735655,4.474321637631966,1.5607998381145867,0.0
32,2752,2.999296842272713,0.12102813339107021,0.026540842900208247,0.12341719208876778,0.021479939646560853,0.007615901651533363,0.00046138780721962166,0.0920150318113746,0.02011875585498177,0.12779569387432016,4.474753566228895,1.5609795507125273,0.0
32,2756,3.003656285357412,0.1204804821312541,0.02642074581498002,0.12284138780236059,0.0213797247485314,0.007545003278607965,0.0004570926303231471,0.09158049134178749,0.020023745143746528,0.1271821707289408,4.475183229073603,1.561158370005672,0.0
32,2760,3.0080157284421105,0.11993546263226218,0.026301225861271784,0.12226842543308682,0.021280004467236237,0.00747478392894152,0.00045283859012549486,0.09114811649025019,0.019929207937111146,0.12657176267912223,4.47561063864453,1.561336300728857,0.0
32,2764,3.0123751715268092,0.1193930615626908,0.02618228011557576,0.12169829015162721,0.021180776221731194,0.007405236912923385,0.0004486252813555721,0.09071789584094914,0.019835141739049045,0.12596445288237554,4.476035807347106,1.5615133475900094,0.0
32,2768,3.016734614611508,0.11885326566268915,0.026063905670075327,0.12113096721154416,0.0210820374454971,0.00733635560881396,0.0004444523028540605,0.0902898180427134,0.019741544067667503,0.12536022459516202,4.4764587475142115,1.5616895152703119,0.0
32,2772,3.0210940576962066,0.11831606174354299,0.025946099632553753,0.1205664419487712,0.02098378558635092,0.007268133462098092,0.00044031925753424436,0.08986387180860982,0.019648412455119176,0.12475906117224422,4.476879471406639,1.5618648084243663,0.0
32,2776,3.0254535007809054,0.11778143668726368,0.02582885912630406,0.12000469978110878,0.020886018106358033,0.007200563984774533,0.0004362257523389644,0.08944004591554298,0.01955574444751461,0.12416094606603749,4.477297991213542,1.5620392316803575,0.0
32,2780,3.029812943865604,0.11724937744617829,0.02571218129003915,0.11944572620772229,0.020788732481744822,0.007133640754659609,0.0004321713981984324,0.0890183292038571,0.019463537604835178,0.12356586282597479,4.47771431905289,1.562212789640215,0.0
32,2784,3.034172386950303,0.11671987104252288,0.025596063277802585,0.11888950680864342,0.020691926202811923,0.0070673574145985185,0.0004281558099824499,0.08859871057694067,0.019371789500846687,0.12297379509786521,4.478128466971912,1.5623854868797729,0.0
32,2788,3.0385318300350015,0.11619290456803782,0.02548050225887989,0.11833602724427504,0.020595596773848035,0.007001707671975055,0.00042417860647070627,0.08818117900083373,0.019280497723013462,0.12238472662326741,4.478540446947547,1.5625573279489309,0.0
32,2792,3.0428912731197,0.11566846518356678,0.025365495417710552,0.11778527325490018,0.020499741713044466,0.006936685297866063,0.0004202394103015539,0.08776572350383872,0.01918965987241328,0.12179864123886018,4.478950270886882,1.5627283173718118,0.0
32,2796,3.047250716204399,0.11514654011865684,0.025251039953800392,0.11723723066019326,0.020404358552410067,0.006872284126444583,0.0004163378479358491,0.08735233317613307,0.019099273563652663,0.12121552287582293,4.47935795062759,1.5628984596469204,0.0
32,2800,3.0516101592890976,0.11462711667116281,0.025137133081634743,0.116691885358736,0.02030944483768698,0.006808498054290624,0.00041247354961519754,0.08694099716938544,0.01900933642478297,0.12063535555921709,4.47976349793837,1.5630677592472986,0.0
32,2804,3.0559696023737963,0.11411018220685284,0.025023772030591994,0.11614922332753574,0.02021499812826681,0.006745321039801411,0.0004086461493262256,0.08653170469637408,0.018919846097216954,0.12005812340737598,4.4801669245193745,1.5632362206206816,0.0
32,2808,3.060329045458495,0.1135957241590171,0.024910954044857745,0.11560923062154745,0.020121015997107406,0.006682747102452424,0.00040485528475581276,0.08612444503060805,0.01883080023564594,0.11948381063129597,4.480568242002644,1.5634038481896526,0.0
32,2812,3.0646884885431938,0.11308373002807838,0.024798676383339453,0.11507189337319834,0.020027496030650172,0.00662077032225028,0.0004011005972579454,0.08571920750595068,0.01874219650795749,0.11891240153403225,4.4809674619525275,1.5635706463517962,0.0
32,2816,3.0690479316278925,0.11257418738120635,0.02468693631958181,0.11453719779191736,0.019934435828738127,0.0065593848390221865,0.00039738173181067107,0.08531598151624675,0.01865403259515391,0.11834388051010263,4.4813645958661175,1.56373661947985,0.0
32,2820,3.073407374712591,0.11206708385193277,0.02457573114168237,0.11400513016366583,0.019841833004534255,0.006498584851819089,0.00039369833697993945,0.0849147565149509,0.018566306191270972,0.11777823204489135,4.481759655173657,1.5639017719218578,0.0
32,2824,3.07776681779729,0.11156240713977099,0.02446505815220811,0.11347567685047355,0.019749685184440747,0.006438364618340131,0.0003900500648847351,0.08451552201476019,0.0184790150032976,0.1172154407140586,4.482152651238969,1.564066108001318,0.0
32,2828,3.0821262608819886,0.11106014500983537,0.024354914668111963,0.11294882428997546,0.01965799000801836,0.006378718454243426,0.0003864365711553223,0.08411826758724723,0.01839215675109564,0.11665549118295837,4.482543595359863,1.5642296320173346,0.0
32,2832,3.0864857039666873,0.11056028529246612,0.024245298020650567,0.11242455899495442,0.019566745127906852,0.006319640732613152,0.0003828575149009607,0.0837229828624982,0.018305729167320723,0.11609836820605383,4.482932498768559,1.5643923482447646,0.0
32,2836,3.090845147051386,0.11006281588285405,0.024136205555301948,0.11190286755288471,0.019475948209745526,0.00626112588327743,0.0003793125586685808,0.08332965752875156,0.01821972999734326,0.115544056626345,4.483319372632082,1.5645542609343661,0.0
32,2840,3.0952045901360847,0.1095677247406687,0.02402763463168399,0.11138373662547955,0.019385596932094473,0.006203168392318048,0.00037580136841308215,0.08293828133203983,0.018134156999170137,0.11499254137479027,4.483704228052683,1.5647153743129445,0.0
32,2844,3.0995640332207834,0.10907499988968837,0.023919582623473292,0.11086715294824143,0.019295688986356307,0.006145762801430976,0.0003723236134585916,0.08254884407583385,0.018049007943366915,0.114443807469742,4.484087076068232,1.5648756925834983,0.0
32,2848,3.103923476305482,0.1085846294174348,0.023812046918325058,0.1103531033300176,0.01920622207669883,0.006088903707286875,0.00036887896645972193,0.08216133562069096,0.01796428061298091,0.11389784001638203,4.484467927652628,1.5650352199253632,0.0
32,2852,3.108282919390181,0.10809660147480571,0.023705024917792528,0.10984157465255429,0.019117193919977404,0.006032585761090559,0.00036546710337488294,0.08177574588390231,0.01787997280346409,0.11335462420616244,4.48484679371619,1.5651939604943559,0.0
32,2856,3.1126423624748796,0.10761090427571379,0.023598514037247782,0.10933255387005796,0.019028602245658624,0.0059768036678775616,0.0003620877034236659,0.08139206483914599,0.017796082322597218,0.11281414531624956,4.48522368510606,1.5653519184229174,0.0
32,2860,3.1170018055595783,0.10712752609672588,0.023492511705802643,0.10882602800875754,0.018940444795744114,0.005921552186080703,0.0003587404490605854,0.08101028251614052,0.0177126069904141,0.11227638870896858,4.485598612606591,1.5655090978202535,0.0
32,2864,3.121361248644277,0.10664645527670534,0.02338701536623023,0.10832198416647063,0.018852719324695018,0.005866826126890601,0.00035542502593633737,0.08063038900030196,0.017629544639126603,0.11174133983126164,4.485971586939738,1.5656655027724766,0.0
32,2868,3.1257206917289757,0.10616768021645617,0.02328202247488693,0.10782040951217181,0.018765423599356897,0.005812620353687237,0.00035214112286336254,0.0802523744324025,0.017546893113050018,0.11120898421414216,4.486342618765449,1.5658211373427449,0.0
32,2872,3.1300801348136744,0.10569118937836866,0.023177530501634683,0.10732129128556347,0.018678555398885004,0.00575892978159942,0.0003488884317891577,0.0798762290082312,0.017464650268528874,0.1106793074721508,4.486711718682049,1.565976005571402,0.0
32,2876,3.134439577898373,0.10521697128606966,0.023073536929764285,0.10682461679665191,0.018592112514670512,0.00570574937687951,0.00034566664775839473,0.0795019429782588,0.017382813973863653,0.1101522953028294,4.487078897226619,1.5661301114761146,0.0
32,2880,3.138799020983072,0.1047450145240717,0.022970039255918454,0.10633037342532273,0.01850609275026664,0.005653074156377613,0.0003424754688810668,0.07912950664730227,0.01730138210923745,0.10962793348617891,4.487444164875381,1.5662834590520094,0.0
32,2884,3.1431584640677706,0.1042753077374278,0.022867034990016116,0.10583854862092279,0.018420493921315857,0.005600899187093944,0.000339314596305369,0.07875891037419422,0.01722035256664368,0.10910620788413741,4.487807532044073,1.56643605227181,0.0
32,2888,3.1475179071524693,0.10380783963138579,0.022764521655176614,0.10534912990184232,0.01833531385547718,0.005549219585539333,0.0003361837341789569,0.07839014457145284,0.017139723249813915,0.10858710444005691,4.488169009088325,1.5665878950859708,0.0
32,2892,3.151877350237168,0.10334259897104604,0.022662496787644638,0.10486210485510099,0.018250550392354126,0.005498030517330221,0.0003330825896244099,0.07802319970495485,0.017059492074146382,0.10807060917817933,4.488528606304029,1.5667389914228138,0.0
32,2896,3.1562367933218667,0.10287957458102091,0.02256095793671555,0.10437746113593621,0.018166201383423047,0.005447327196598906,0.0003300108727035034,0.07765806629361016,0.016979656966634827,0.1075567082031224,4.488886333927712,1.5668893451886594,0.0
32,2900,3.1605962364065654,0.10241875534509721,0.02245990266466136,0.10389518646739555,0.018082264691962203,0.005397104885553006,0.0003269682963905196,0.07729473490904003,0.01690021586579813,0.10704538769936693,4.4892422021369,1.5670389602679613,0.0
32,2904,3.164955679491264,0.10196013020589875,0.022359328546656742,0.10341526863992923,0.01799873819298084,0.00534735889393545,0.00032395457653953274,0.07693319617525517,0.016821166721609958,0.1065366339307468,4.489596221050488,1.5671878405234374,0.0
32,2908,3.169315122575963,0.10150368816455349,0.022259233170706005,0.10293769551098841,0.017915619773149268,0.005298084578569728,0.00032096943185685935,0.07657344076833858,0.016742507495429375,0.106030433239946,4.489948400729097,1.5673359897962011,0.0
32,2912,3.1736745656606615,0.10104941828036121,0.022159614137570255,0.10246245500462434,0.017832907330729095,0.0052492773427914585,0.0003180125838666213,0.07621545941612896,0.016664236159931654,0.10552677204799536,4.490298751175436,1.5674834119058907,0.0
32,2916,3.1780340087453602,0.10059730967046356,0.022060469060695007,0.10198953511109037,0.017750598775503976,0.005200932636093114,0.00031508375688922276,0.07585924289790656,0.016586350699039576,0.10502563685377395,4.490647282334661,1.5676301106507993,0.0
32,2920,3.182393451830059,0.10014735150951645,0.02196179556613837,0.10151892388644719,0.01766869202871088,0.00515304595354138,0.0003121826780060523,0.0755047820440816,0.016508849107855307,0.1045270142335166,4.490994004094728,1.567776089808003,0.0
32,2924,3.1867528949147577,0.09969953302936431,0.021863591292499585,0.10105060945217045,0.017587185022971824,0.005105612835329509,0.0003093090770323635,0.07515206773588452,0.016431729392592666,0.10403089084032274,4.491338926286747,1.567921353133489,0.0
32,2928,3.1911123379994564,0.09925384351871565,0.0217658538908479,0.10058457999476011,0.017506075702225864,0.005058628866372317,0.0003064626864927392,0.07480109090505772,0.01635498957050974,0.10353725340366932,4.491682058685333,1.568065904362281,0.0
32,2932,3.195471781084155,0.09881027232282293,0.021668581024652356,0.10012082376535489,0.017425362021662005,0.005012089675737741,0.0003036432415866538,0.07445184253355133,0.016278627669842352,0.10304608872892504,4.492023411008953,1.5682097472085668,0.0
32,2936,3.199831224168854,0.098368808843161,0.021571770369711273,0.0996593290793457,0.017345041947651928,0.004965990936277365,0.00030085048016608985,0.0741043136532182,0.016202641729737365,0.1025573836968729,4.49236299292027,1.5683528853658217,0.0
32,2940,3.2041906672535525,0.09792944253711093,0.02147541961408291,0.09920008431599527,0.01726511345768376,0.00492032836415035,0.0002980841427066967,0.07375849534551392,0.016127029800187116,0.10207112526323303,4.492700814026492,1.5684953225069347,0.0
32,2944,3.208550110338251,0.0974921629176433,0.021379526458016027,0.09874307791805748,0.017185574540295855,0.004875097718368693,0.00029534397228024107,0.0734143787411965,0.016051789941963737,0.1015873004581887,4.493036883879705,1.5686370622843304,0.0
32,2948,3.21290955342295,0.0970569595530047,0.021284088613881126,0.09828829839140081,0.017106423195011232,0.004830294800342472,0.00029262971452705746,0.07307195502002935,0.01597692022655421,0.1011058963859153,4.493371211977221,1.5687781083300922,0.0
32,2952,3.2172689965076486,0.09662382206640618,0.021189103806102123,0.09783573430463392,0.017027657432272424,0.004785915453467737,0.0002899411176310812,0.07273121541048613,0.015902418736095842,0.1006269002241158,4.493703807761906,1.5689184642560843,0.0
32,2956,3.2216284395923473,0.09619274013571301,0.021094569771088326,0.0973853742887335,0.016949275273376706,0.004741955562678868,0.00028727793229272973,0.0723921511894573,0.01582828356331209,0.1001502992235585,4.494034680622522,1.5690581336540723,0.0
32,2960,3.225987882677046,0.09576370349313665,0.02100048425716688,0.09693720703667466,0.01687127475041176,0.004698411054036455,0.0002846399117039353,0.07205475368195871,0.015754512811448865,0.09967608070761162,4.494363839894051,1.5691971200958446,0.0
32,2964,3.2303473257617448,0.09533670192492896,0.020906845024515716,0.09649122130306395,0.016793653906191815,0.0046552778942796635,0.00028202681152102616,0.07171901426084232,0.01568110459421127,0.09920423207179412,4.494691294858033,1.5693354271333304,0.0
32,2968,3.2347067688464435,0.09491172527107804,0.02081364984509683,0.09604740590377486,0.0167164107941942,0.004612552090435429,0.00027943838984105106,0.07138492434650894,0.01560805703570079,0.09873474078331756,4.495017054742887,1.5694730582987202,0.0
32,2972,3.239066211931142,0.09448876342500545,0.020720896502589913,0.09560574971558507,0.01663954347849621,0.004570229689342398,0.0002768744071729383,0.07105247540662234,0.015535368270352788,0.09826759438063677,4.495341128724243,1.5696100171045817,0.0
32,2976,3.243425655015841,0.0940678063332664,0.020628582792326586,0.09516624167581716,0.01656305003371258,0.004528306777352498,0.0002743346264194163,0.07072165895582617,0.015463036442874608,0.09780278047300432,4.495663525925257,1.569746307043979,0.0
32,2980,3.2477850981005396,0.09364884399525085,0.020536706521224853,0.09472887078198079,0.0164869285449332,0.004486779479819347,0.0002718188128460202,0.07039246655546207,0.015391059708183937,0.09734028674002647,4.49598425541694,1.5698819315905874,0.0
32,2984,3.2521445411852383,0.09323186646288661,0.020445265507724002,0.09429362609141757,0.01641117710766132,0.0044456439607287734,0.0002693267340587082,0.07006488981328983,0.015319436231347636,0.09688010093121986,4.496303326218474,1.5700168941988109,0.0
32,2988,3.256503984269937,0.09281686384034452,0.02035425758171994,0.09386049672094814,0.016335793827752108,0.004404896422350646,0.0002668581599827685,0.06973892038320943,0.015248164187520941,0.09642221086557977,4.496620747297527,1.5701511983038952,0.0
32,2992,3.2608634273546357,0.09240382628374574,0.020263680584501023,0.09342947184652221,0.016260776821351765,0.004364533104769919,0.000264412862834409,0.06941454996498554,0.01517724176188724,0.09596660443113804,4.496936527570572,1.5702848473220434,0.0
32,2996,3.2652228704393345,0.09199274400087003,0.02017353236868405,0.09300054070286991,0.016186124214836825,0.004324550285517148,0.00026199061709837325,0.0690917703039728,0.015106667149598008,0.0955132695845399,4.497250675903194,1.5704178446505288,0.0
32,3000,3.269582313524033,0.0915836072508666,0.0200838107981509,0.0925736925831564,0.016111834144754048,0.004284944279248748,0.0002595911995085696,0.06877057319084397,0.01503643855571336,0.0950621943506111,4.497563201110408,1.5705501936678075,0.0
32,3004,3.273941756608732,0.09117640634396529,0.019994513747985145,0.09214891683863687,0.016037904757760377,0.004245711437270927,0.0002572143890192303,0.06845095046131829,0.014966554195142666,0.0946133668219321,4.4978741119569605,1.5706818977336312,0.0
32,3008,3.2783011996934306,0.09077113164119241,0.019905639104409775,0.09172620287831731,0.015964334210563907,0.004206848147234155,0.00025485996678640166,0.06813289399589452,0.014897012292586173,0.09416677515842001,4.498183417157642,1.5708129601891574,0.0
32,3012,3.2826606427781293,0.09036777355408532,0.019817184764724587,0.09130554016861399,0.01589112066986459,0.004168350832742362,0.00025252771614426846,0.06781639571958273,0.014827811082476366,0.0937224075869041,4.498491125377585,1.570943384357061,0.0
32,3016,3.287020085862828,0.0899663225444099,0.019729148637244235,0.09088691823301655,0.015818262312295637,0.004130215952947935,0.00025021742258061775,0.0675014476016394,0.014758948808920052,0.09328025240071638,4.498797245232575,1.5710731735416437,0.0
32,3020,3.2913795289475267,0.08956676912388024,0.019641528641236757,0.09047032665175361,0.015745757324365294,0.004092440002239073,0.00024792887371789845,0.06718804165530419,0.014690423725640799,0.09284029795926879,4.499101785289342,1.5712023310289427,0.0
32,3024,3.2957389720322254,0.08916910385388,0.019554322706862456,0.09005575506146088,0.015673603902399077,0.004055019509841884,0.00024566185928911555,0.06687616993753867,0.014622234095921813,0.09240253268765442,4.499404754065863,1.57133086008684,0.0
32,3028,3.300098415116924,0.088773317345184,0.01946752877511289,0.0896431931548494,0.015601800252482045,0.004017951039500645,0.0002434161711184593,0.06656582454876558,0.014554378192548933,0.09196694507622892,4.499706160031664,1.5714587639651698,0.0
32,3032,3.304457858201623,0.0883794002576834,0.019381144797750542,0.08923263068037839,0.015530344590401863,0.003981231189072787,0.0002411916030967687,0.06625699763261134,0.01448685429775432,0.0915335236802131,4.500006011608104,1.5715860458958255,0.0
32,3036,3.3088173012863216,0.08798734330011124,0.019295168737248694,0.08882405744192856,0.015459235141591927,0.003944856590230472,0.0002389879511634523,0.06594968137564909,0.014419660703160291,0.0911022571192902,4.500304317168675,1.5717127090928662,0.0
32,3040,3.3131767443710203,0.08759713722977096,0.019209598566731854,0.088417463298479,0.015388470141075142,0.003908823908076897,0.00023680501328324316,0.06564386800714471,0.014352795709723766,0.09067313407720175,4.500601085039293,1.571838756752622,0.0
32,3044,3.317536187455719,0.08720877285226517,0.01912443226991628,0.08801283816378468,0.015318047833407794,0.00387312984082655,0.000234642589426828,0.06533954979880317,0.014286257627680826,0.09024614330135856,4.500896323498579,1.5719641920538,0.0
32,3048,3.3218956305404177,0.0868222410212268,0.01903966784105105,0.0876101720060569,0.015247966472623924,0.0038377711194641506,0.00023250048155018513,0.0650367190645172,0.014220044776491754,0.08982127360244369,4.501190040778157,1.5720890181575868,0.0
32,3052,3.3262550736251164,0.08643753263805154,0.018955303284859348,0.08720945484764533,0.015178224322179997,0.0038027445074106936,0.0002303784935743526,0.06473536816011749,0.014154155484786414,0.0893985138540205,4.501482245062932,1.5722132382077552,0.0
32,3056,3.330614516709815,0.08605463865163224,0.01887133661648025,0.08681067676472246,0.01510881965489998,0.0037680468001823897,0.0002282764313647661,0.06443548948312462,0.014088588090310019,0.08897785299214579,4.501772944491373,1.5723368553307642,0.0
32,3060,3.334973959794514,0.08567355005809532,0.018787765861410913,0.08641382788697068,0.015039750752920892,0.0037336748250496044,0.00022619410271059682,0.06413707547250301,0.014023340939869323,0.08855928001498685,4.502062147155797,1.5724598726358623,0.0
32,3064,3.3393334028792125,0.08529425790053778,0.018704589055448882,0.08601889839727,0.014971015907638429,0.0036996254407455353,0.00022413131730710233,0.06384011860841568,0.013958412389279012,0.08814278398243594,4.502349861102649,1.5725822932151905,0.0
32,3068,3.3436928459639113,0.08491675326876628,0.018621804244634905,0.0856258785313888,0.014902613419653158,0.003665895537139363,0.0002220878867358255,0.06354461141198112,0.013893800803308532,0.08772835401573074,4.502636094332776,1.5727041201438816,0.0
32,3072,3.34805228904861,0.08454102729903784,0.01853940948519605,0.08523475857767607,0.014834541598716958,0.0036324820349022957,0.00022006362444436267,0.06325054644503159,0.013829504555629252,0.0873159792970784,4.502920854801705,1.5728253564801615,0.0
32,3076,3.3524117321333087,0.08416707117380266,0.018457402843489307,0.08484552887675653,0.014766798763679947,0.00359938188519493,0.00021805834572742337,0.06295791630987356,0.013765522028762084,0.08690564906928061,4.5032041504199185,1.5729460052654487,0.0
32,3080,3.3567711752180074,0.0837948761214473,0.01837578239594527,0.08445817982122639,0.014699383242437528,0.0035665920693688236,0.00021607186770875088,0.06266671364904879,0.013701851614025233,0.08649735263535971,4.503485989053123,1.5730660695244538,0.0
32,3084,3.361130618302706,0.0834244334160399,0.018294546229012276,0.08407270185535169,0.014632293371877906,0.00353410959863254,0.00021410400932089053,0.06237693114509733,0.013638491711482396,0.0860910793581927,4.503766378522524,1.5731855522652776,0.0
32,3088,3.365490061387405,0.08305573437707792,0.01821369243910106,0.08368908547476929,0.014565527497830022,0.0035019315138100637,0.00021215459129055397,0.062088561520322806,0.01357544072989143,0.0856868186601395,4.504045326605088,1.5733044564795087,0.0
32,3092,3.3698495044721035,0.08268877036923553,0.0181332191325294,0.08330732122618822,0.014499083975011599,0.003470054884942897,0.00021022343611451323,0.061801597536557853,0.01351269708665306,0.0852845600226836,4.504322841033819,1.573422785142322,0.0
32,3096,3.3742089475568022,0.08232353280211417,0.01805312442546737,0.0829273997070944,0.014432961166977726,0.003438476811091107,0.00020831036804754794,0.06151603199493232,0.013450259207760218,0.08488429298606555,4.504598929498012,1.5735405412125736,0.0
32,3100,3.378568390641501,0.08196001312999401,0.017973406443882865,0.0825493115654566,0.014367157446069711,0.003407194419970949,0.0002064152130804916,0.06123185773564247,0.013388125527747556,0.08448600714892747,4.504873599643529,1.5736577276328985,0.0
32,3104,3.3829278337261997,0.08159820285158681,0.0178940633234874,0.08217304749943453,0.014301671193364248,0.0033762048676777567,0.0002045377989234436,0.0609490676377218,0.013326294489641356,0.08408969216795315,4.50514685907305,1.5737743473298047,0.0
32,3108,3.3872872768108984,0.08123809350979054,0.017815093209682293,0.08179859825708863,0.014236500798622927,0.003345505338415933,0.00020267795498941175,0.06066765461881324,0.013264764544909708,0.0836953377575172,4.505418715346338,1.5738904032137682,0.0
32,3112,3.391646719895597,0.08087967669144472,0.017736494257505023,0.08142595463609124,0.014171644660241959,0.0033150930442076287,0.00020083551237666316,0.06038761163494262,0.013203534153412988,0.0833029336893277,4.505689175980498,1.5740058981793283,0.0
32,3116,3.396006162980296,0.08052294402708808,0.017658264631576076,0.08105510748344037,0.014107101185202352,0.0032849652245801053,0.00019901030384978405,0.06010893168029401,0.013142601783354734,0.0829124697920817,4.50595824845023,1.57412083510518,0.0
32,3120,3.4003656060649945,0.08016788719071784,0.017580402506046155,0.08068604769517553,0.014042868789020469,0.003255119146338359,0.00019720216382590494,0.05983160778698675,0.01308196591123289,0.08252393595111411,4.506225940188088,1.5742352168542675,0.0
32,3124,3.404725049149693,0.07981449789954952,0.01750290606454352,0.08031876621609431,0.013978945895698687,0.0032255521032382717,0.00019541092835489925,0.05955563302485316,0.013021625021791215,0.08213732210805678,4.506492258584731,1.5743490462738763,0.0
32,3128,3.409084492234392,0.0794627679137787,0.017425773500121727,0.07995325403947154,0.013915330937676523,0.0031962614157592384,0.00019363643510560873,0.059281000501218206,0.012961577607971096,0.08175261826049135,4.506757210989176,1.5744623261957253,0.0
32,3132,3.4134439353190906,0.07911268903634439,0.017349003015207757,0.0795895022067801,0.013852022355782048,0.003167244430770211,0.0001918785233456116,0.05900770336068058,0.012901822170863683,0.08136981446161418,4.507020804709045,1.5745750594360584,0.0
32,3136,3.4178033784037893,0.07876425311269322,0.01727259282155028,0.0792275018074132,0.01378901859918354,0.003138498521316535,0.00019013703392830868,0.058735734784894925,0.012842357219662282,0.08098890081989372,4.507283047010818,1.5746872487957342,0.0
32,3140,3.422162821488488,0.0784174520305461,0.017196541140168504,0.07886724397840925,0.013726318125341612,0.0031100210863783673,0.00018841180927828773,0.058465087992355995,0.012783181271615155,0.0806098674987393,4.507543945120076,1.574798897060317,0.0
32,3144,3.4265222645731868,0.0780722777196646,0.01712084620130093,0.07850871990417693,0.013663919399961358,0.0030818095505082965,0.00018670269336936983,0.05819575623818325,0.012724292851978425,0.08023270471616448,4.507803506221746,1.574910007000166,0.0
32,3148,3.4308817076578855,0.07772872215162094,0.017045506244354924,0.07815192081622438,0.01360182089694521,0.0030538613636394984,0.000185009531712987,0.057927732813908415,0.01266569049396962,0.07985740274445718,4.508061737460351,1.5750205813705243,0.0
32,3152,3.435241150742584,0.07738677733956693,0.01697051951785604,0.07779683799288724,0.013540021098345624,0.0030261740008583615,0.00018333217134440728,0.05766101104726246,0.012607372738721114,0.0794839519098537,4.508318645940242,1.5751306229116069,0.0
32,3156,3.439600593827283,0.0770464353380064,0.016895884279398112,0.07744346275906087,0.013478518494318463,0.002998744962056321,0.00018167046080164216,0.05739558430196558,0.012549338135234183,0.07911234259220697,4.508574238725845,1.5752401343486897,0.0
32,3160,3.4439600369119816,0.07670768824256742,0.01682159879559331,0.07709178648593279,0.013417311583076425,0.002971571771801962,0.00018002425011769824,0.05713144597751759,0.012491585240333199,0.07874256522466631,4.508828522841902,1.5753491183921953,0.0
32,3164,3.4483194799966803,0.07637052818977669,0.016747661342022657,0.07674180059071713,0.013356398870842843,0.0029446519789573244,0.00017839339079733226,0.05686858950898986,0.01243411261862012,0.07837461029335369,4.509081505273699,1.5754575777377808,0.0
32,3168,3.452678923081379,0.07603494735683602,0.01667407020318703,0.07639349653639221,0.013295778871805993,0.0029179831565215864,0.00017677773580758102,0.05660700836681963,0.012376918842429526,0.07800846833704646,4.509333192967314,1.5755655150664236,0.0
32,3172,3.4570383661660777,0.07570093796139782,0.016600823672457896,0.07604686583143674,0.013235450108073197,0.0028915629013894772,0.0001751771395631255,0.05634669605660344,0.012320002491783453,0.07764412994685506,4.50958359282984,1.575672933044507,0.0
32,3176,3.4613978092507764,0.07536849226134447,0.016527920052028956,0.0757019000295708,0.013175411109625735,0.0028653888340457456,0.00017359145790778118,0.056087646118894184,0.012263362154347014,0.07728158576591132,4.509832711729624,1.5757798343239051,0.0
32,3180,3.465757252335475,0.07503760255456746,0.016455357652867698,0.07535859072949665,0.013115660414273728,0.0028394585983733123,0.0001720205481028754,0.05582985212899805,0.012206996425384012,0.07692082648905443,4.5100805564965,1.5758862215420684,0.0
32,3184,3.470116695420174,0.07470826117874772,0.016383134794667235,0.07501692957464079,0.013056196567611266,0.0028137698614045803,0.0001704642688121812,0.05557330769677267,0.012150903907712793,0.07656184286251694,4.5103271339220115,1.5759920973221064,0.0
32,3188,3.4744761385048726,0.07438046051113886,0.016311249805798754,0.07467690825289997,0.012997018122972178,0.0027883203131082723,0.00016892248008900366,0.055318006466428045,0.012095083211662727,0.07620462568361872,4.510572450759648,1.5760974642728725,0.0
32,3192,3.4788355815895713,0.07405419296834997,0.0162397010232639,0.07433851849638642,0.012938123641385713,0.0027631076661265297,0.00016739504336025251,0.05506394211632722,0.012039532955030623,0.07584916580045861,4.510816513725067,1.5762023249890458,0.0
32,3196,3.48319502467427,0.07372945100613038,0.01616848679264757,0.07400175208117556,0.012879511691532607,0.0027381296555404333,0.00016588182141223705,0.05481110835878867,0.011984251763037523,0.07549545411160975,4.511059329496319,1.5763066820512144,0.0
32,3200,3.4875544677589687,0.07340622711915563,0.01609760546807098,0.07366660082705534,0.012821180849701483,0.0027133840387136843,0.00016438267838119594,0.0545594989398901,0.011929238268285805,0.07514348156581545,4.511300904714075,1.5764105380259572,0.0
32,3204,3.4919139108436674,0.07308451384081548,0.016027055412145164,0.07333305659727775,0.01276312969974558,0.002688868594944438,0.00016289747973220457,0.05430910763927397,0.011874491110716659,0.07479323916168971,4.511541245981846,1.5765138954659246,0.0
32,3208,3.496273353928366,0.07276430374300176,0.015956834995924474,0.07300111129831059,0.012705356833039572,0.0026645811253942497,0.0001614260922548704,0.05405992826995323,0.011820008937567614,0.07444471794741714,4.511780359866205,1.5766167569099203,0.0
32,3212,3.500632797013065,0.07244558943589793,0.015886942598860407,0.07267075687959132,0.012647860848436708,0.002640519452739909,0.00015996838404224042,0.05381195467811862,0.011765790403330399,0.07409790902045627,4.512018252897007,1.576719124882982,0.0
32,3216,3.5049922400977636,0.0721283635677709,0.01581737660875597,0.07234198533328315,0.01259064035222637,0.002616681420988698,0.0001585242244796089,0.05356518074294794,0.011711834169709251,0.07375280352724488,4.512254931567607,1.57682100189646,0.0
32,3220,3.5093516831824623,0.07181261882476274,0.015748135421719992,0.07201478869403173,0.012533693958091726,0.0025930648953362834,0.00015709348423590845,0.053319600376415574,0.011658138905579256,0.07340939266290755,4.512490402335076,1.5769223904480978,0.0
32,3224,3.513711126267161,0.07149834793068444,0.015679217442121907,0.07168915903872389,0.01247702028706774,0.0025696677618398667,0.00015567603524390853,0.0530752075231038,0.011604703286945104,0.0730676676709632,4.512724671620419,1.5770232930221104,0.0
32,3228,3.5180705693518597,0.07118554364681066,0.015610621082546733,0.07136508848624781,0.012420617967499433,0.002546487927332919,0.00015427175069505003,0.052831996160015215,0.01155152599690007,0.07272761984303752,4.512957745808787,1.5771237120892632,0.0
32,3232,3.5224300124365584,0.07087419877167522,0.015542344763750228,0.07104256919725412,0.012364485635000299,0.00252352331908412,0.00015288050501878296,0.052589960296385824,0.011498605725585144,0.07238924051857334,4.5131896312496895,1.5772236501069496,0.0
32,3236,3.526789455521257,0.07056430614086882,0.015474386914614535,0.07072159337391952,0.01230862193241117,0.002500771884676567,0.00015150217387524875,0.05234909397350025,0.011445941170148638,0.07205252108455015,4.513420334257207,1.5773231095192686,0.0
32,3240,3.531148898605956,0.07025585862683695,0.015406745972103859,0.07040215325971105,0.012253025509759184,0.002478231591801716,0.00015013663414279677,0.05210939126450731,0.011393531034705848,0.07171745297519405,4.513649861110199,1.5774220927571012,0.0
32,3244,3.5355083416906545,0.06994884913867973,0.01533942038122058,0.07008424113915238,0.012197695024217112,0.002455900428024904,0.00014878376390377903,0.05187084627423739,0.011341374030299136,0.07138402767170286,4.513878218052517,1.5775206022381878,0.0
32,3248,3.5398677847753532,0.06964327062195211,0.015272408594961429,0.06976784933759059,0.012142629140062774,0.0024337764005935014,0.00014744344243292778,0.051633453139020014,0.011289468874858037,0.07105223670196259,4.514105411293207,1.577618640367204,0.0
32,3252,3.544227227860052,0.06933911605846634,0.015205709074274177,0.06945297022096605,0.012087826528638972,0.002411857536266382,0.0001461155501870244,0.05139720602650404,0.011237814293159945,0.07072207164027024,4.514331447006719,1.5777162095358355,0.0
32,3256,3.5485866709447507,0.06903637846609433,0.015139320288014289,0.06913959619558183,0.012033285868313372,0.002390141881051022,0.00014479996878897223,0.051162099135477375,0.011186409016790692,0.07039352410706008,4.514556331333109,1.577813312122854,0.0
32,3260,3.5529461140294494,0.06873505089857285,0.015073240712902215,0.06882771970787663,0.011979005844438976,0.0023686275000969204,0.00014349658102133972,0.050928126695689434,0.011135251784105737,0.07006658576862604,4.514780070378244,1.5779099504941911,0.0
32,3264,3.557305557114148,0.0684351264453074,0.015007468833480364,0.0685173332441964,0.011924985149314383,0.002347312477454011,0.00014220527081172475,0.05069528296767283,0.011084341340191173,0.06974124833685251,4.515002670214003,1.5780061270030132,0.0
32,3268,3.561665000198847,0.06813659823117964,0.014942003142070889,0.06820842933057002,0.011871222482144733,0.002326194915873714,0.00014092592322070157,0.05046356224256801,0.011033676436825386,0.06941750356894237,4.515224136878483,1.578101843989794,0.0
32,3272,3.5660244432835455,0.0678394594163552,0.014876842138733535,0.06790100053248546,0.011817716549002766,0.0023052729366526137,0.00013965842443235073,0.050232958841948325,0.010983255832440803,0.06909534326714914,4.515444476376188,1.5781971037823892,0.0
32,3276,3.570383886368244,0.06754370319609176,0.014811984331223545,0.06759503945466651,0.011764466062789946,0.0022845446794406143,0.00013840266174263647,0.050003467117645646,0.010933078292085776,0.06877475927850916,4.515663694678237,1.5782919086961078,0.0
32,3280,3.574743329452943,0.06724932280054843,0.014747428234949872,0.06729053874085099,0.011711469743197877,0.0022640083020206703,0.0001371585235460626,0.04977508145157714,0.010883142587386692,0.06845574349457732,4.515881797722557,1.5783862610337858,0.0
32,3284,3.5791027725376416,0.06695631149459834,0.014683172372934074,0.06698749107357263,0.01165872631667033,0.0022436619801737834,0.0001359258993274936,0.04954779625557487,0.010833447496510724,0.0681382878511624,4.5160987914140795,1.5784801630858574,0.0
32,3288,3.5834622156223404,0.06666466257763952,0.014619215275768838,0.06668588917394135,0.011606234516365,0.002223503907458735,0.00013470467964881022,0.04932160597121417,0.010783991804128305,0.0678223843280686,4.516314681624935,1.5785736171304257,0.0
32,3292,3.587821658707039,0.06637436938340813,0.014555555481577023,0.06638572580142603,0.011553993082115712,0.002203532295098398,0.00013349475614202218,0.049096505069644074,0.010734774301376052,0.06750802494883135,4.516529474194644,1.5786666254333346,0.0
32,3296,3.5921811017917378,0.06608542527979301,0.014492191535971,0.06608699375363918,0.011502000760394926,0.0021837453717097333,0.00013229602149291065,0.04887248805141909,0.01068579378581998,0.06719520178046227,4.516743174930314,1.5787591902482394,0.0
32,3300,3.5965405448764365,0.06579782366865049,0.014429121992012028,0.06578968586612167,0.01145025630427629,0.002164141383190099,0.00013110836943414076,0.04864954944633131,0.0106370490614188,0.06688390693319061,4.516955789606826,1.5788513138166769,0.0
32,3304,3.600899987961135,0.06551155798562162,0.014366345410170185,0.0654937950121307,0.01139875847339772,0.002144718592546724,0.0001299316947349305,0.04842768381324458,0.010588538938487655,0.06657413256021032,4.517167323967026,1.578942998368134,0.0
32,3308,3.605259431045834,0.06522662169994871,0.014303860358284128,0.06519931410242655,0.011347506033924296,0.0021254752797119636,0.00012876589318985889,0.04820688573992836,0.0105402622336618,0.06626587085742545,4.517377783721914,1.5790342461201183,0.0
32,3312,3.6096188741305326,0.06494300831429461,0.01424166541152147,0.06490623608506324,0.011296497758511825,0.0021064097413727723,0.00012761086160853455,0.04798714984289417,0.010492217769860835,0.06595911406319986,4.517587174550828,1.579125059278226,0.0
32,3316,3.6139783172152313,0.06466071136456207,0.014179759152339154,0.06461455394517858,0.011245732426270303,0.002087520290764644,0.00012646649780311266,0.047768470767231674,0.010444404376252868,0.06565385445810532,4.517795502101635,1.579215440036211,0.0
32,3320,3.61833776029993,0.06437972441971382,0.014118140170444014,0.06432426070478589,0.011195208822727657,0.0020688052576076643,0.00012533270058442053,0.04755084318644636,0.010396820888219027,0.0653500843646746,4.518002771990912,1.579305390576052,0.0
32,3324,3.6226972033846288,0.06410004108159512,0.014056807062753848,0.0640353494225681,0.011144925739793917,0.0020502629878436096,0.00012420936974603063,0.047334261802298605,0.010349466147318269,0.06504779614715661,4.518208989804132,1.5793949130680203,0.0
32,3328,3.6270566464693275,0.06382165498475605,0.013995758433358452,0.06374781319367176,0.011094881975725368,0.0020318918434938382,0.00012309640605565137,0.04711872134464327,0.010302339001252306,0.0647469822112682,4.518414161095845,1.5794840096707483,0.0
32,3332,3.631416089554026,0.06354455979627524,0.013934992893480968,0.06346164514950296,0.011045076335089022,0.002013690202545604,0.00012199371124823957,0.0469042165712702,0.010255438303830742,0.06444763500395302,4.51861829138986,1.579572682531294,0.0
32,3336,3.635775532638725,0.06326874921558456,0.013874509061439428,0.06317683845752417,0.010995507628727261,0.0019956564587531034,0.00012090118801394767,0.04669074226774599,0.010208762914936458,0.06414974701313877,4.518821386179425,1.5796609337852083,0.0
32,3340,3.6401349757234236,0.06299421697429482,0.013814305562608546,0.06289338632105258,0.010946174673722749,0.0019777890214811578,0.00011981873998865347,0.04647829324725653,0.0101623117004912,0.06385331076749416,4.519023450927409,1.5797487655566018,0.0
32,3344,3.6444944188081223,0.06272095683602319,0.013754381029381865,0.06261128197906021,0.010897076293363629,0.0019600863155346815,0.00011874627174362907,0.04626686435045119,0.0101160835324215,0.06355831883619983,4.519224491066474,1.5798361799582084,0.0
32,3348,3.648853861892821,0.06244896259622002,0.013694734101133773,0.06233051870597366,0.010848211317108681,0.0019425467810734176,0.00011768368878037531,0.04605645044528666,0.01007007728862455,0.06326476382869771,4.519424511999258,1.5799231790914519,0.0
32,3352,3.6532133049775197,0.06217822808199847,0.013635363424182157,0.062051089811476876,0.01079957858055299,0.0019251688733916694,0.00011663089751727746,0.045847046426873136,0.01002429185293454,0.06297263839446647,4.519623519098548,1.5800097650465101,0.0
32,3356,3.6575727480622184,0.06190874715196393,0.01357626765175098,0.06177298864031407,0.010751176925393647,0.001907951062776192,0.00011558780528099596,0.04563864721732071,0.009978726115089105,0.06268193522278205,4.519821517707454,1.5800959399023795,0.0
32,3360,3.661932191146917,0.06164051369604428,0.01351744544393307,0.06149620857209355,0.010703005199395606,0.0018908918343782943,0.00011455432029871813,0.04543124776558639,0.009933378970695855,0.062392647042485934,4.520018513139583,1.5801817057269383,0.0
32,3364,3.666291634231616,0.061373521635322614,0.013458895467653428,0.06122074302109419,0.010655062256358,0.0018739896880290985,0.0001135303516869661,0.045224843047323264,0.009888249321199404,0.0621047666217546,4.520214510679214,1.5802670645770103,0.0
32,3368,3.6706510773163146,0.061107764921869034,0.013400616396632346,0.06094658543607133,0.010607346956080368,0.0018572431381613796,0.00011251580944686178,0.0450194280647292,0.009843336073848286,0.06181828676787046,4.520409515581466,1.580352018498429,0.0
32,3372,3.6750105204010133,0.06084323753857505,0.013342606911349093,0.060673729300065385,0.010559858164329328,0.001840650713589298,0.00011151060445078251,0.044814997846397746,0.009798638141662356,0.061533200326993075,4.520603533072471,1.5804365695260987,0.0
32,3376,3.679369963485712,0.06057993349898786,0.013284865699005572,0.06040216813021061,0.010512594752805313,0.0018242109574231336,0.0001105146484371955,0.044611547447169,0.009754154443400179,0.06124950018393398,4.520796568349539,1.5805207196840578,0.0
32,3380,3.6837294065704107,0.06031784684714559,0.013227391453490186,0.060131895477544973,0.010465555599109461,0.0018079224268703342,0.00010952785399860493,0.04440907194798153,0.009709883903526662,0.06096717926192724,4.5209886265813335,1.580604470985541,0.0
32,3384,3.6880888496551094,0.060056971657414256,0.01317018287534209,0.059862904926821926,0.010418739586710878,0.0017917836931502507,0.00010855013457638634,0.04420756645572575,0.009665825452180992,0.06068623052241149,4.521179712908031,1.5806878254330397,0.0
32,3388,3.692448292739808,0.05979730203432542,0.013113238671715583,0.05959519009632325,0.01037214560491404,0.0017757933413165006,0.00010758140445002517,0.044007026103098035,0.009621978025144725,0.06040664696480416,4.5213698324414935,1.5807707850183643,0.0
32,3392,3.696807735824507,0.05953883211241379,0.013056557556344503,0.05932874463767176,0.010325772548826216,0.001759949970143282,0.00010662157873022925,0.04380744604845489,0.009578340563809924,0.06012842162628154,4.5215589902654285,1.5808533517227046,0.0
32,3396,3.7011671789092055,0.05928155605605766,0.013000138249507229,0.05906356223564737,0.010279619319325443,0.0017442521919832643,0.00010567057335031966,0.04360882147566965,0.009534912015147808,0.05985154758156021,4.521747191435553,1.5809355275166903,0.0
32,3400,3.7055266219939043,0.05902546805931762,0.012943979477991318,0.05879963660800132,0.010233684823028198,0.001728698632618375,0.00010472830505719095,0.0434111475939878,0.009491691331677132,0.05957601794267706,4.521934440979765,1.5810173143604511,0.0
32,3404,3.709886065078603,0.058770562345779445,0.01288807997505904,0.05853696150527496,0.010187967972257858,0.001713287931139007,0.00010379469140399333,0.043214419637885866,0.00944867747143332,0.05930182585877503,4.522120743898294,1.5810987142036763,0.0
32,3408,3.7142455081633017,0.05851683316839513,0.01283243848041253,0.058275530710616925,0.010142467685012885,0.0016980187398090152,0.00010286965074195389,0.04301863286692901,0.00940586939793734,0.05902896451588587,4.522306105163868,1.5811797289856744,0.0
32,3412,3.7186049512480004,0.058264274809325896,0.012777053740159357,0.05801533803960226,0.010097182884935335,0.0016828897239236085,0.00010195310221176728,0.042823782565630276,0.009363266080164925,0.058757427136718346,4.522490529721875,1.5812603606354316,0.0
32,3416,3.722964394332699,0.05801288157978635,0.012721924506778342,0.05775637734005304,0.010052112501279648,0.0016678995617311898,0.00010104496573886075,0.04262986404331088,0.009320866492516025,0.058487206980444094,4.5226740224905155,1.5813406110716712,0.0
32,3420,3.727323837417398,0.057762647819889115,0.012667049539085491,0.05749864249185967,0.01000725546888154,0.001653046944213088,0.00010014516202004972,0.042436872633961106,0.009278669614784392,0.05821829734248782,4.52285658836097,1.5814204822029114,0.0
32,3424,3.7316832805020965,0.05751356789849057,0.012612427602200172,0.057242127406803345,0.009962610728127116,0.0016383305750338195,9.925361252052461e-05,0.042244803696102125,0.009236674432127367,0.057950691554315995,4.523038232197545,1.5814999759275226,0.0
32,3428,3.7360427235867952,0.05726563621303754,0.012558057467511487,0.05698682602837987,0.009918177224922184,0.0016237491703989804,9.837023946524152e-05,0.042053652612648866,0.009194879935035904,0.057684382983230226,4.523218958837841,1.5815790941337862,0.0
32,3432,3.740402166671494,0.05701884718941444,0.012503937912644753,0.05673273233162376,0.00987395391066166,0.0016093014589060317,9.749496582988265e-05,0.0418634147907731,0.009153285119304624,0.05741936503215903,4.523398773092895,1.5816578386999511,0.0
32,3436,3.7447616097561927,0.05677319528179112,0.012450067721428136,0.05647984032293365,0.009829939742199182,0.0015949861814661404,9.662771533612106e-05,0.041674085661767654,0.00911188898600213,0.05715563113945191,4.523577679747345,1.5817362114942906,0.0
32,3440,3.7491210528408914,0.0565286749724733,0.012396445683859857,0.05622814403990022,0.009786133681817149,0.0015808020910910159,9.576841243870693e-05,0.041485660680912424,0.009070690541441712,0.05689317477867742,4.523755683559577,1.5818142143751586,0.0
32,3444,3.75348049592559,0.05628528077175166,0.012343070596075091,0.05597763755113284,0.009742534697196553,0.0015667479529071215,9.491698232632845e-05,0.04129813532733955,0.00902968879715187,0.0566319894584155,4.523932789261881,1.5818918491910468,0.0
32,3448,3.757839939010289,0.05604300721775244,0.012289941260313205,0.055728314956088314,0.009699141761387184,0.0015528225439140897,9.407335090697605e-05,0.04111150510390025,0.008988882769847188,0.05637206872206,4.5241090015606,1.5819691177806399,0.0
32,3452,3.7621993820949875,0.055801848876290194,0.012237056484885475,0.055480170384901516,0.009655953852778143,0.001539024652970511,9.323744480708156e-05,0.040925765537032914,0.008948271481399511,0.056113406147615626,4.5242843251362785,1.5820460219728703,0.0
32,3456,3.766558825179686,0.05556180034071939,0.012184415084142532,0.055233197998215335,0.009612969955068247,0.0015253530805665605,9.240919135774336e-05,0.040740912176631,0.00890785395880904,0.0558559953474989,4.524458764643819,1.5821225635869751,0.0
32,3460,3.770918268264385,0.0553228562317884,0.01213201587844235,0.05498739198701298,0.009570189057236842,0.0015118066387742601,9.158851859171318e-05,0.040556940595912506,0.00886762923417581,0.05559982996834236,4.52463232471262,1.5821987444325485,0.0
32,3464,3.7752777113490836,0.055085011197493705,0.012079857694118276,0.05474274657245087,0.009527610153514724,0.0014983841511480023,9.077535523736961e-05,0.04037384639129005,0.008827596344671272,0.05534490369079374,4.524805009946732,1.5822745663095987,0.0
32,3468,3.7796371544337823,0.05484825991293417,0.012027939363447064,0.05449925600569163,0.009485232243355061,0.0014850844525895468,8.996963071053932e-05,0.04019162518224103,0.008787754332509912,0.055091210229324165,4.524976824925004,1.5823500310086014,0.0
32,3472,3.783996597518481,0.054612597080168065,0.011976259724617529,0.054256914567740025,0.00944305433140486,0.0014719063892059125,8.917127510588784e-05,0.040010272611180016,0.00874810224492134,0.054838743332032314,4.525147774201223,1.5824251403105518,0.0
32,3476,3.7883560406031798,0.05437801742806937,0.011924817621699033,0.05401571656927839,0.009401075427476297,0.0014588488182525339,8.83802191934758e-05,0.039829784343330836,0.008708639134122335,0.05458749678045149,4.525317862304261,1.582499895987021,0.0
32,3480,3.7927154836878785,0.05414451571218472,0.01187361190461011,0.05377565635050272,0.009359294546518217,0.0014459106079627304,8.759639440842795e-05,0.03965015606659917,0.00866936405728898,0.054337464389356695,4.525487093738226,1.5825742998002064,0.0
32,3484,3.797074926772577,0.053912086714592765,0.01182264142908763,0.053536728280961704,0.009317710708588093,0.0014330906375192853,8.681973284921118e-05,0.03947138349144734,0.00863027607652928,0.054088640006576365,4.525655472982594,1.5826483535029867,0.0
32,3488,3.801434369857276,0.05368072524376223,0.011771905056655669,0.05329892675939407,0.009276322938823738,0.0014203877968554934,8.605016726558167e-05,0.03929346235076801,0.008591374258855566,0.05384101751280163,4.525823004492359,1.5827220588389734,0.0
32,3492,3.8057938129419746,0.05345042613441286,0.011721401654595016,0.053062246213569454,0.009235130267415598,0.001407800986619634,8.528763105643256e-05,0.039116388399760435,0.00855265767615741,0.05359459082139646,4.525989692698172,1.5827954175425634,0.0
32,3496,3.8101532560266733,0.05322118424737522,0.011671130095912429,0.05282668110012807,0.009194131729578853,0.001395329118032862,8.453205826118468e-05,0.038940157415805886,0.008514125405174416,0.05334935387821552,4.526155542006479,1.5828684313389905,0.0
32,3500,3.814512699111372,0.0529929944694529,0.011621089259310411,0.05259222590442292,0.00915332636552595,0.0013829711127897326,8.37833835537601e-05,0.03876476519834504,0.008475776527469388,0.05310530066141221,4.526320556799666,1.5829411019443775,0.0
32,3504,3.8188721421960707,0.0527658517132846,0.011571278029156976,0.052358875140362214,0.00911271322043918,0.0013707259029871466,8.304154223827753e-05,0.03859020756875556,0.008437610129401578,0.05286242518125662,4.526484741436191,1.583013431065787,0.0
32,3508,3.8232315852807695,0.05253975091720698,0.011521695295455566,0.052126623350252456,0.00907229134444337,0.00135859243095382,8.230647023872118e-05,0.038416480370230176,0.008399625302100023,0.05262072147995473,4.5266481002507275,1.5830854204012728,0.0
32,3512,3.827591028365468,0.052314687045118824,0.011472339953815264,0.051895465104643296,0.009032059792578874,0.0013465696492218626,8.157810409721893e-05,0.03824357946765616,0.008361821141437192,0.05238018363146143,4.526810637554299,1.5831570716399297,0.0
32,3516,3.831950471450167,0.05209065508634584,0.011423210905421147,0.051665395002172855,0.00899201762477466,0.0013346565203704586,8.08563809645722e-05,0.038071500747495185,0.008324196748002723,0.052140805741302816,4.526972357634415,1.583228386461945,0.0
32,3520,3.8363099145348656,0.051867650055505164,0.011374307057004568,0.05143640766941318,0.008952163905821413,0.0013228520169690228,8.014123859681218e-05,0.03790024011766329,0.00828675122707717,0.05190258194639251,4.527133264755205,1.5832993665386483,0.0
32,3524,3.8406693576195643,0.05164566699237227,0.011325627320813974,0.051208497760718064,0.00891249770534504,0.0013111551214635142,7.94326153483125e-05,0.03772979350741273,0.008249483688606174,0.051665506414856295,4.527293363157559,1.583370013532561,0.0
32,3528,3.845028800704263,0.051424700961748226,0.0112771706145858,0.050981659958071524,0.008873018097780303,0.0012995648260414328,7.873045016361042e-05,0.037560156867214194,0.008212393247174715,0.05142957334585297,4.527452657059252,1.583440329097445,0.0
32,3532,3.8493882437889617,0.05120474705332594,0.011228935861515129,0.05075588897093516,0.00883372416234426,0.0012880801326176083,7.803468257654591e-05,0.03739132616863847,0.008175479021981227,0.051194776969396505,4.527611150655084,1.5835103148783531,0.0
32,3536,3.8537476868736604,0.05098580038155998,0.011180921990227145,0.05053117953609962,0.008794614983010408,0.0012767000526707761,7.734525270036103e-05,0.03722329740424092,0.008138740136812352,0.05096111154618141,4.5277688481170095,1.5835799725116781,0.0
32,3540,3.858107129958359,0.05076785608553534,0.011133127934748362,0.05030752641753479,0.008755689648482603,0.0012654236071227842,7.666210122038204e-05,0.03705606658744532,0.00810217572001753,0.05072857136740834,4.527925753594268,1.5836493036251997,0.0
32,3544,3.862466573043058,0.05055090932883638,0.011085552634477873,0.05008492440624047,0.008716947252169082,0.0012542498263954371,7.598516939746314e-05,0.036889629752427884,0.00806578490448365,0.05049715075461012,4.528081871213515,1.583718309838134,0.0
32,3548,3.8668260161277566,0.05033495529941877,0.011038195034159278,0.04986336832010026,0.008678386892157025,0.0012431777501191732,7.53143990503375e-05,0.036723982954003816,0.008029566827610246,0.050266844059479523,4.5282372050789546,1.5837869927611812,0.0
32,3552,3.8711854592124553,0.05011998920948011,0.010991054083852307,0.04964285300373409,0.008640007671186898,0.0012322064271756972,7.464973255820001e-05,0.03655912226751294,0.007993520631284478,0.05003764566369829,4.528391759272461,1.5838553539965736,0.0
32,3556,3.875544902297154,0.04990600629533219,0.010944128738904803,0.04942337332835266,0.008601808696627104,0.0012213349155842934,7.399111285381996e-05,0.036395043788706664,0.00795764546185643,0.04980954997876684,4.528545537853716,1.5839233951381222,0.0
32,3560,3.8799043453818527,0.04969300181727356,0.01089741795992478,0.0492049241916123,0.008563789080448742,0.0012105622823597173,7.33384834149317e-05,0.03623174363363533,0.007921940470114474,0.049582551445833636,4.528698544860325,1.583991117771265,0.0
32,3564,3.8842637884665514,0.049480971059463266,0.01085092071275274,0.04898750051747108,0.008525947939200546,0.0011998876034695627,7.269178826165193e-05,0.03606921793853665,0.007886404811260883,0.04935664453552992,4.528850784307957,1.5840585234731126,0.0
32,3568,3.88862323155125,0.04926990932979451,0.010804635968433961,0.04877109725604507,0.008488284393983877,0.001189309963784524,7.205097195346644e-05,0.03590746285972409,0.007851037644887409,0.049131823747798876,4.529002260190457,1.5841256138124957,0.0
32,3572,3.892982674635949,0.04905981195977044,0.01075856270319126,0.048555709383466865,0.0084507975704281,0.001178828456865233,7.14159795763163e-05,0.03574647457347719,0.007815838134951328,0.04890808361173454,4.529152976479979,1.5841923903500112,0.0
32,3576,3.8973421177206475,0.048850674304379255,0.010712699898397604,0.048341331901743397,0.008413486598665837,0.001168442185019103,7.078675674604144e-05,0.03558624927593118,0.007780805449751284,0.04868541868541204,4.52930293712711,1.5842588546380678,0.0
32,3580,3.9017015608053462,0.04864249174197016,0.010667046540548905,0.04812795983861491,0.008376350613308419,0.0011581502591155868,7.016324959718873e-05,0.03542678318296765,0.007745938761903391,0.048463823555724504,4.529452146060987,1.584325008220932,0.0
32,3584,3.906061003890045,0.048435259674131176,0.01062160162123723,0.04791558824741593,0.008339388753421693,0.0011479517985577559,6.954540478129014e-05,0.035268072530106685,0.007711237248317653,0.0482432928382239,4.52960060718943,1.5843908526347734,0.0
32,3588,3.9104204469747437,0.048228973525566564,0.010576364137123918,0.047704212206935805,0.008302600162501747,0.0011378459311401912,6.893316945825342e-05,0.03511011357239872,0.007676700090174312,0.0480238211769545,4.529748324399051,1.5844563894077104,0.0
32,3592,3.9147798900594424,0.04802362874397441,0.010531333089912732,0.04749382682127969,0.008265983988450716,0.0011278317930631943,6.832649129722309e-05,0.03495290258431672,0.007642326472900279,0.047805403244293394,4.529895301555387,1.5845216200598544,0.0
32,3596,3.919139333144141,0.04781922079992666,0.010486507486323559,0.047284427219732084,0.008229539383553034,0.0011179085287551516,6.772531846581885e-05,0.0347964358596504,0.007608115586146,0.04758803374079161,4.530041542503014,1.5845865461033553,0.0
32,3600,3.92349877622884,0.047615745186748215,0.010441886338065882,0.04707600855661943,0.008193265504451517,0.0011080752908085856,6.712959962626143e-05,0.03464070971139963,0.007574066623762154,0.04737170739501383,4.53018705106567,1.5846511690424452,0.0
32,3604,3.9278582193135385,0.047413197420398095,0.01039746866181274,0.0468685660111752,0.008157161512123883,0.0010983312399730494,6.653928393494215e-05,0.03448572047166988,0.007540178783776789,0.047156418963380804,4.530331831046368,1.5847154903734824,0.0
32,3608,3.9322176623982372,0.047211573039349336,0.010353253479174374,0.04666209478740347,0.008121226571859009,0.001088675544977491,6.595432103166134e-05,0.03433146449156645,0.007506451268372201,0.04694216323001191,4.5304758862275225,1.5847795115849959,0.0
32,3612,3.936577105482936,0.04701086760447183,0.010309239816672536,0.04645659011394588,0.008085459853233777,0.001079107382508937,6.537466103833692e-05,0.03417793814109134,0.007472883283862377,0.04672893500657086,4.530619220371061,1.5848432341577285,0.0
32,3616,3.9409365485676346,0.046811076698913885,0.010265426705714526,0.046252047243947214,0.008049860530089676,0.001069625937134333,6.480025455426942e-05,0.03402513780903904,0.0074394740406702195,0.04651672913210704,4.5307618372185425,1.5849066595646806,0.0
32,3620,3.9452959916523334,0.04661219592798621,0.010221813182567742,0.04604846145492365,0.008014427780509875,0.0010602304011868569,6.423105264925449e-05,0.03387305990289445,0.007406222753305217,0.046305540472905436,4.530903740491274,1.5849697892711527,0.0
32,3624,3.949655434737032,0.046414220919044624,0.010178398288333954,0.04584582804862989,0.007979160786796093,0.0010509199747374964,6.366700686186107e-05,0.03372170084872989,0.007373128640340934,0.04609536392233138,4.531044933890428,1.5850326247347883,0.0
32,3628,3.9540148778217308,0.04621714732137505,0.0101351810689241,0.045644142350928445,0.007944058735445859,0.0010416938654884689,6.310806919297449e-05,0.03357105709110381,0.00734019092439286,0.045886194400676976,4.531185421097151,1.5850951674056168,0.0
32,3632,3.9583743209064295,0.04602097080607814,0.010092160575032968,0.04544339971165908,0.00790912081712978,0.0010325512886808497,6.255419210020044e-05,0.03342112509295963,0.007307408832096288,0.045678026855013126,4.531325205772681,1.5851574187260964,0.0
32,3636,3.962733763991128,0.04582568706595505,0.010049335862114159,0.04524359550450915,0.007874346226668974,0.0010234914670945727,6.200532849786496e-05,0.03327190133552527,0.007274781594084359,0.04547085625903529,4.531464291558467,1.5852193801311545,0.0
32,3640,3.967093207075827,0.04563129181539352,0.010006705990355094,0.045044725126884524,0.007839734163012613,0.0010145136308850056,6.146143174711384e-05,0.03312338231821318,0.007242308444966192,0.045264677612917345,4.53160268207627,1.5852810530482306,0.0
32,3644,3.9714526501605256,0.04543778079025535,0.009964270024652352,0.044846783999782154,0.007805283829215738,0.0010056170175758439,6.092245565548212e-05,0.032975564558521575,0.007209988623305291,0.0450594859431607,4.531740380928282,1.5853424388973183,0.0
32,3648,3.9758120932452243,0.045245149747763176,0.009922027034586826,0.04464976756766164,0.007770994432416907,0.0009968008719241084,6.038835446871534e-05,0.03282844459193499,0.007177821371597808,0.044855276302448246,4.531877391697236,1.585403539091005,0.0
32,3652,3.980171536329923,0.04505339446638913,0.009879976094399317,0.04445367129831932,0.007736865183816281,0.000988064445955672,5.985908287292184e-05,0.03268201897182676,0.007145805936251214,0.04465204376949576,4.532013717946519,1.5854643550345153,0.0
32,3656,3.9845309794146218,0.04486251074574324,0.009838116282966054,0.04425849068276183,0.00770289529865362,0.0009794069987592025,5.933459598208935e-05,0.03253628426936102,0.007113941567562877,0.04444978344890896,4.532149363220275,1.5855248881257495,0.0
32,3660,3.9888904224993205,0.04467249440646333,0.00979644668377456,0.04406422123508143,0.007669083996186582,0.0009708277965216894,5.881484934023732e-05,0.032391237073396285,0.007082227519698978,0.044248490471034796,4.532284331043522,1.5855851397553256,0.0
32,3664,3.993249865584019,0.04448334129010449,0.009754966384899396,0.04387085849233103,0.007635430499668977,0.0009623261124289684,5.829979891539041e-05,0.03224687399038857,0.0070506630506733245,0.04404815999181957,4.532418624922256,1.5856451113066192,0.0
32,3668,3.997609308668718,0.0442950472590299,0.009713674478978236,0.04367839801440052,0.007601934036329233,0.000953901226566245,5.778940109355209e-05,0.03210319164429567,0.007019247422326427,0.04384878719266709,4.53255224834356,1.5857048041558037,0.0
32,3672,4.001968751753417,0.04410760819630214,0.009672570063188024,0.043486835383894036,0.007568593837349044,0.0009455524258612513,5.728361267526085e-05,0.03196018667648211,0.006987979900304716,0.043650367280292805,4.532685204775711,1.5857642196718904,0.0
32,3676,4.006328194838115,0.04392102000557489,0.009631652239221227,0.04329616620600723,0.007535409137842007,0.0009372790040771406,5.6782390875159835e-05,0.0318178557456242,0.006956859754039782,0.04345289548658443,4.532817497668288,1.5858233592167674,0.0
32,3680,4.010687637922814,0.043735278610985175,0.009590920113262198,0.04310638610840563,0.0075023791768324515,0.0009290802616703786,5.628569331338751e-05,0.031676195527615796,0.0069258862567277675,0.04325636706846209,4.532949130452278,1.5858822241452395,0.0
32,3684,4.015047081007513,0.04355037995704708,0.009550372795963878,0.042917490741104465,0.007469503197234523,0.0009209555057552166,5.579347801342542e-05,0.03153520271547533,0.006895058685309043,0.043060777307737,4.533080106540177,1.5859408158050674,0.0
32,3688,4.019406524092211,0.04336632000854417,0.009510009402424203,0.04272947577634705,0.007436780445831017,0.0009129040500610586,5.5305703399515385e-05,0.03139487401925164,0.0068643763204476165,0.04286612151097298,4.533210429326101,1.585999135537007,0.0
32,3692,4.02376596717691,0.04318309475042481,0.009469829052163137,0.042542336908486605,0.00740421017325281,0.0009049252148258802,5.482232829020256e-05,0.03125520616593252,0.006833838446511138,0.04267239500934767,4.533340102185887,1.5860571846748475,0.0
32,3696,4.028125410261609,0.04300070018769649,0.009429830869099516,0.04235606985386675,0.007371791633958062,0.000897018326739385,5.434331189489178e-05,0.031116195899352293,0.006803444351550691,0.042479593158518486,4.533469128477196,1.5861149645454493,0.0
32,3700,4.032484853346308,0.04281913234532127,0.0093900139815281,0.0421706703507036,0.007339524086211695,0.0008891827189074775,5.386861381169518e-05,0.03097783998010047,0.006773193327280818,0.0422877113384819,4.533597511539616,1.586172476468784,0.0
32,3704,4.036844296431006,0.042638387268111436,0.00935037752209671,0.04198613415896788,0.007307406792064876,0.0008814177308096305,5.339819402484949e-05,0.03084013518543064,0.006743084669059606,0.04209674495344055,4.533725254694764,1.5862297217579706,0.0
32,3708,4.041203739515705,0.04245846102062618,0.009310920627783551,0.04180245706026833,0.007275439017334724,0.0008737227081496712,5.293201289567628e-05,0.030703078309170195,0.00671311767586894,0.04190668943166752,4.533852361246392,1.586286701719315,0.0
32,3712,4.045563182600404,0.04227934968706859,0.009271642439874644,0.04161963485773546,0.007243620031584077,0.0008660970028486759,5.2470031162151544e-05,0.030566666161630437,0.006683291650294857,0.0417175402253726,4.533978834480481,1.586343417652346,0.0
32,3716,4.049922625685102,0.04210104937118417,0.009232542103941551,0.04143766337590706,0.007211949108101569,0.0008585399730236531,5.2012209937614266e-05,0.030430895569517974,0.006653605898508165,0.04152929281057021,4.5341046776653435,1.5863998708498535,0.0
32,3720,4.054282068769801,0.04192355619615723,0.009193618769818671,0.041256538460611364,0.007180425523881295,0.0008510509828809631,5.155851070430951e-05,0.030295763375844408,0.006624059730244705,0.041341942686944945,4.5342298940517285,1.5864560625979256,0.0
32,3724,4.0586415118545,0.04174686630451167,0.00915487159158147,0.04107625597885512,0.007149048559603327,0.0008436294026239466,5.110889530779242e-05,0.030161266439839688,0.0065946524587863955,0.041155485377721714,4.534354486872914,1.5865119941759855,0.0
32,3728,4.0630009549391986,0.04157097585800881,0.009116299727524082,0.04089681181870844,0.007117817499613677,0.0008362746084742412,5.06633259582196e-05,0.030027401636863096,0.006565383400941779,0.0409699164295336,4.534478459344808,1.5865676668568276,0.0
32,3732,4.067360398023897,0.04139588103754819,0.00907790234013755,0.04071820188919309,0.007086731631904851,0.0008289859825509893,5.022176522303125e-05,0.029894165858316876,0.006536251877027135,0.040785231412294606,4.53460181466605,1.586623081906655,0.0
32,3736,4.071719841108596,0.04122157804306722,0.009039678596087834,0.040540422120169194,0.007055790248096133,0.0008217629128424164,4.9784176025229315e-05,0.0297615560115586,0.006507257210847315,0.04060142591906747,4.534724556018099,1.5866782405851152,0.0
32,3740,4.076079284193295,0.041048063093443214,0.009001627666194304,0.040363468462225036,0.007024992643414406,0.0008146047931489875,4.9350521639933804e-05,0.02962956901981594,0.006478398729677114,0.040418495565936984,4.534846686565342,1.5867331441453358,0.0
32,3744,4.080438727277993,0.04087533242639387,0.008963748725407939,0.04018733688656497,0.0069943381166746406,0.0008075110230194582,4.8920765690508616e-05,0.02949820182210005,0.006449675764242325,0.04023643599188057,4.534968209455184,1.5867877938339614,0.0
32,3748,4.084798170362692,0.04070338229837975,0.008926040952789921,0.04001202338489952,0.006963825970260772,0.0008004810076798208,4.8494872144256927e-05,0.02936745137312058,0.006421087648701163,0.04005524285864546,4.535089127818141,1.586842190891188,0.0
32,3752,4.089157613447391,0.040532208984507295,0.008888503531490387,0.03983752396933622,0.006933455510106696,0.0007935141580048821,4.807280531069934e-05,0.029237314643201274,0.00639263372062581,0.039874911850617,4.535209444767943,1.5868963365507993,0.0
32,3756,4.0935170565320895,0.04036180877843133,0.008851135648727032,0.03966383467226994,0.006903226045677187,0.0007866098904543151,4.7654529837699723e-05,0.02910778861819524,0.006364313320983884,0.03969543867469822,4.53532916340162,1.5869502320402016,0.0
32,3760,4.097876499616788,0.04019217799225872,0.008813936495763989,0.03949095154627445,0.006873136889949021,0.0007797676270229204,4.7240010708451956e-05,0.0289788702994011,0.006336125794120111,0.039516819060182826,4.535448286799602,1.5870038785804588,0.0
32,3764,4.102235942701487,0.040023312956452985,0.00877690526789091,0.03931887066399506,0.006843187359392292,0.0007729867951553615,4.682921323631443e-05,0.028850556703480044,0.006308070487738188,0.03933904875863103,4.535566818025813,1.5870572773863274,0.0
32,3768,4.106595385786186,0.039855210019739316,0.00874004116440214,0.03914758811804181,0.006813376773951821,0.000766266827731954,4.642210306394908e-05,0.028722844862373236,0.006280146752882723,0.0391621235437482,4.535684760127754,1.5871104296662906,0.0
32,3772,4.110954828870884,0.03968786554900897,0.008703343388575745,0.03897710002088198,0.006783704457028453,0.0007596071630260326,4.6018646160738636e-05,0.028595731823218794,0.006252353943921081,0.03898603921126197,4.535802116136611,1.5871633366225935,0.0
32,3776,4.115314271955583,0.03952127592922538,0.008666811147652925,0.03880740250473445,0.006754169735460664,0.0007530072445902647,4.561880881589921e-05,0.028469214648270166,0.0062246914185255416,0.03881079157879799,4.535918889067331,1.5872159994512762,0.0
32,3780,4.119673715040282,0.03935543756333076,0.008630443652817536,0.03863849172146497,0.006724771939506335,0.0007464665212566501,4.522255763848031e-05,0.028343290414815175,0.0061971585376555975,0.03863637648576402,4.536035081918727,1.587268419342209,0.0
32,3784,4.1240331581249805,0.03919034687215244,0.00859424011917555,0.038470363842480565,0.006695510402824381,0.0007399844470938888,4.482985955478207e-05,0.0282179562150945,0.006169754665540128,0.03846278979322554,4.536150697673557,1.5873205974791258,0.0
32,3788,4.128392601209679,0.03902600029431038,0.008558199765734761,0.0383030150586259,0.006666384462456703,0.000733560481300799,4.44406818018983e-05,0.02809320915622153,0.006142479169659877,0.03829002738378831,4.5362657392986225,1.5873725350396568,0.0
32,3792,4.132752044294378,0.03886239428612514,0.008522321815384624,0.038136441580079755,0.006637393458810183,0.0007271940881992123,4.405499192728604e-05,0.027969046360102497,0.006115331420729991,0.03811808516147826,4.536380209744853,1.5874242331953636,0.0
32,3796,4.137111487379077,0.03869952532152588,0.008486605494876062,0.03797063963625173,0.0066085367356386905,0.0007208847371984461,4.3672757786613235e-05,0.02784546496335658,0.006088310792682548,0.037946959051625276,4.536494111947397,1.587475693111771,0.0
32,3800,4.141470930463775,0.03853738989195943,0.008451050034801531,0.037805605475680196,0.006579813640025336,0.0007146319026887227,4.3293947537301836e-05,0.02772246211723716,0.006061416662649344,0.03777664500074417,4.536607448825713,1.5875269159483998,0.0
32,3804,4.145830373548474,0.03837598450629957,0.008415654669575136,0.03764133536593047,0.006551223522364742,0.0007084350640695902,4.2918529640249584e-05,0.02760003498755318,0.006034648410944695,0.037607138976419235,4.536720223283649,1.5875779028588013,0.0
32,3808,4.150189816633173,0.03821530569075633,0.008380418637412724,0.03747782559349297,0.006522765736345316,0.0007022937056078149,4.254647285122085e-05,0.027478180754590468,0.006008005421048235,0.03743843696718823,4.536832438209545,1.5876286549905887,0.0
32,3812,4.1545492597178715,0.038055349988787006,0.008345341180312375,0.037315072463683416,0.0064944396389318895,0.0006962073164800131,4.217774622342932e-05,0.02735689661303467,0.005981487079588068,0.037270534982425406,4.536944096476302,1.5876791734854694,0.0
32,3816,4.15890870280257,0.03789611396100699,0.008310421544034862,0.03715307230054278,0.006466244590348293,0.0006901753906873864,4.181231910237253e-05,0.027236179771894048,0.005955092776323886,0.0371034290522299,4.537055200941482,1.5877294594792777,0.0
32,3820,4.163268145887269,0.03773759418510043,0.008275658978084037,0.036991821446737135,0.006438179954059935,0.0006841974269775619,4.145016112109672e-05,0.02711602745442207,0.005928821904130043,0.036937115227308887,4.537165754447386,1.587779514102007,0.0
32,3824,4.167627588971968,0.037579787255731995,0.0082410527356875,0.03683131626345862,0.006410245096756562,0.0006782729288516975,4.109124220062734e-05,0.026996436898041057,0.0059026738589788635,0.03677158957886725,4.5372757598211475,1.5878293384778417,0.0
32,3828,4.171987032056666,0.03742268978445987,0.008206602073777505,0.03667155313032804,0.006382439388335308,0.0006724014045005333,4.073553254609486e-05,0.026877405354266918,0.005876648039924184,0.036606848198492165,4.537385219874809,1.5878789337251884,0.0
32,3832,4.176346475141365,0.037266298399647874,0.0081723062529717,0.03651252844529625,0.0063547622018835246,0.0006665823667404425,4.0383002642860624e-05,0.026758930088633025,0.0058507438490847065,0.03644288719804279,4.5374941374054085,1.5879283009567076,0.0
32,3836,4.180705918226064,0.0371106097463789,0.008138164537554136,0.036354238624547196,0.00632721291366192,0.0006608153329992206,4.0033623255655935e-05,0.02664100838061545,0.005824960691627658,0.03627970270954027,4.5376025151950685,1.5879774412793448,0.0
32,3840,4.1850653613107625,0.03695562048636806,0.008104176195456227,0.03619668010240067,0.00629979090308762,0.0006550998252308204,3.9687365423416476e-05,0.026523637523557828,0.005799297975752355,0.03611729088505385,4.537710356011074,1.5880263557943626,0.0
32,3844,4.189424804395461,0.03680132729787757,0.008070340498238075,0.03603984933121687,0.006272495552717562,0.0006494353699153521,3.9344200459282354e-05,0.02640681482459772,0.005773755112674108,0.035955647896594375,4.537817662605955,1.5880750455973704,0.0
32,3848,4.19378424748016,0.036647726875630865,0.008036656721069648,0.03588374278130035,0.006245326248231781,0.0006438214980022394,3.900409994715436e-05,0.02629053760459255,0.005748331516608026,0.0357947699360022,4.537924437717575,1.5881235117783565,0.0
32,3852,4.198143690564859,0.036494815930727946,0.008003124142712209,0.035728356940805096,0.00621828237841689,0.0006382577448462712,3.8667035737819856e-05,0.026174803198046288,0.005723026604752987,0.035634653214842195,4.5380306840692075,1.5881717554217172,0.0
32,3856,4.202503133649557,0.03634259119056038,0.007969742045499674,0.03557368831563957,0.006191363335149543,0.0006327436502004957,3.833297994852227e-05,0.026059608953036217,0.0056978397972756245,0.03547529396429167,4.538136404369617,1.5882197776062887,0.0
32,3860,4.206862576734256,0.03619104939872847,0.007936509715320452,0.035419733429373754,0.0061645685133802685,0.0006272787581025341,3.800190495607371e-05,0.025944952231141218,0.005672770517294645,0.03531668843503624,4.538241601313143,1.5882675794053764,0.0
32,3864,4.211222019818955,0.03604018731495586,0.007903426441598723,0.035266488823143906,0.006137897311116886,0.0006218626169527397,3.767378340159008e-05,0.025830830407368253,0.005647818190864761,0.03515883289716048,4.5383462775797785,1.588315161886785,0.0
32,3868,4.215581462903653,0.03589000171500844,0.007870491517276637,0.03511395105556152,0.006111349129408667,0.0006164947793649844,3.734858818145133e-05,0.025717240870082193,0.005622982246961343,0.03500172364004519,4.538450435835255,1.588362526112849,0.0
32,3872,4.219940905988352,0.03574048939061012,0.007837704238795868,0.03496211670261945,0.00608492337232999,0.0006111748021666585,3.7026292447301484e-05,0.025604181020933366,0.005598262117464576,0.03484535697225947,4.538554078731112,1.5884096731404616,0.0
32,3876,4.224300349073051,0.03559164714936149,0.007805063906079754,0.0348109823576007,0.006058619446964468,0.0006059022463560382,3.670686960346586e-05,0.02549164827478722,0.005573657237144086,0.03468972922145513,4.538657208904786,1.5884566040211052,0.0
32,3880,4.22865979215775,0.03544347181465728,0.0077725698225152105,0.034660544630986355,0.006032436763388927,0.0006006766770596528,3.6390293304368297e-05,0.025379640059653312,0.005549167043643411,0.034534836734264746,4.538759828979684,1.5885033198008804,0.0
32,3884,4.233019235242448,0.035295960225606264,0.007740221294935159,0.03451080015036585,0.006006374734657788,0.0005954976635109688,3.607653745323977e-05,0.02526815381661609,0.005524790977464865,0.03438067587619807,4.538861941565261,1.588549821520535,0.0
32,3888,4.237378678327147,0.03514910923694936,0.007708017633600573,0.034361745560345575,0.005980432776787156,0.0005903647789793354,3.576557619781376e-05,0.025157186999764432,0.0055005284819541365,0.034227243031537916,4.538963549257102,1.5885961102154922,0.0
32,3892,4.241738121411846,0.035002915718979496,0.0076759581521828974,0.03421337752245936,0.005954610308739249,0.0005852776007486682,3.5457383929034875e-05,0.02504673707612263,0.005476379003285195,0.03407453460323693,4.539064654636996,1.588642186915882,0.0
32,3896,4.246097564496544,0.03485737655746143,0.007644042167746471,0.034065692715078824,0.005928906752406788,0.0005802357100819222,3.515193527890654e-05,0.024936801525581243,0.0054523419904451715,0.03392254701281832,4.539165260273011,1.5886880526465672,0.0
32,3900,4.250457007581243,0.03471248865355228,0.0076122690007311,0.03391868783332476,0.005903321532597574,0.0005752386921642483,3.48492051170473e-05,0.024827377840828793,0.005428416895219427,0.0337712767002729,4.539265368719576,1.5887337084271738,0.0
32,3904,4.254816450665942,0.03456824892372307,0.007580637974934845,0.033772359588979305,0.005877854077019206,0.0005702861361100986,3.454916855112128e-05,0.024718463527284015,0.005404603172176738,0.03362072012395828,4.539364982517551,1.5887791552721182,0.0
32,3908,4.2591758937506405,0.03442465429967882,0.007549148417496507,0.033626704710396985,0.005852503816263597,0.0005653776348424344,3.425180091952032e-05,0.024610056103027342,0.005380900278654314,0.033470873760501334,4.539464104194307,1.5888243941906368,0.0
32,3912,4.263535336835339,0.034281701728280836,0.007517799658878582,0.03348171994241786,0.005827270183791856,0.0005605127851566749,3.3957077795238154e-05,0.024502153098733895,0.005357307674743151,0.033321734104694814,4.539562736263798,1.5888694261868117,0.0
32,3916,4.267894779920038,0.0341393881714693,0.007486591032850283,0.033337402046281106,0.00580215261591925,0.0005556911875999049,3.3664974978552525e-05,0.02439475205760692,0.00533382482327347,0.03317329766940231,4.539660881226634,1.588914252259601,0.0
32,3920,4.272254223004737,0.033997710606184874,0.007455521876470356,0.033193747799537675,0.005777150551800001,0.0005509124464921911,3.337546849831661e-05,0.024287850535310473,0.005310451189800006,0.03302556098545849,4.539758541570164,1.5889588734028655,0.0
32,3924,4.276613666089435,0.03385666602429224,0.007424591530070301,0.033050753995964875,0.00575226343341242,0.0005461761698484224,3.308853460722389e-05,0.0241814460999035,0.005287186242587594,0.03287852060157119,4.539855719768536,1.5890032906053957,0.0
32,3928,4.280973109174134,0.033716251432503536,0.00739379933723759,0.032908417445481085,0.005727490705544066,0.000541481969392521,3.280414978266912e-05,0.02407553633177425,0.005264029452596823,0.03273217308422331,4.539952418282783,1.589047504850941,0.0
32,3932,4.285332552258833,0.03357646385230193,0.007363144644798907,0.03276673497406047,0.005702831815776897,0.0005368294604295443,3.252229071899998e-05,0.02397011882357445,0.00524098029346965,0.03258651501757933,4.540048639560886,1.5890915171182347,0.0
32,3936,4.2896919953435315,0.03343730031986575,0.007332626802803509,0.0326257034236485,0.005678286214472573,0.000532218261945161,3.224293433354354e-05,0.023865191180154274,0.005218038241515176,0.03244154300338679,4.540144386037854,1.589135328381023,0.0
32,3940,4.29405143842823,0.033298757885993464,0.007302245164506771,0.03248531965207818,0.005653853354757874,0.0005276479964564373,3.19660577575666e-05,0.02376075101849774,0.005195202775695526,0.03229725366088065,4.540239660135791,1.5891789396080906,0.0
32,3944,4.298410881512929,0.03316083361602849,0.007271999086353703,0.03234558053298638,0.005629532692510133,0.0005231182900047315,3.169163833584516e-05,0.023656795967658305,0.005172473377611763,0.03215364362669115,4.54033446426397,1.5892223517632884,0.0
32,3948,4.302770324597628,0.03302352458978469,0.007241887927962607,0.03220648295573091,0.005605323686342813,0.0005186287721983263,3.141965362924726e-05,0.023553323668694948,0.005149849531489916,0.03201070955474671,4.540428800818901,1.5892655658055594,0.0
32,3952,4.307129767682326,0.032886827901472064,0.007211911052108782,0.032068023825307455,0.005581225797591041,0.0005141790760347931,3.115008140397138e-05,0.023450331774608188,0.005127330724166985,0.03186844811618207,4.540522672184407,1.5893085826889657,0.0
32,3956,4.311489210767025,0.03275074065962274,0.0071820678247083,0.03193020006226751,0.005557238490297333,0.0005097688380146792,3.088289963843384e-05,0.0233478179502769,0.005104916445077134,0.03172685599924312,4.540616080731691,1.5893514033627152,0.0
32,3960,4.315848653851724,0.032615259987018315,0.007152357614802065,0.031793008602637236,0.005533361231197464,0.0005053976980065045,3.0618086515090045e-05,0.023245779872395754,0.005082606186238006,0.031585929909195974,4.540709028819402,1.5893940287711867,0.0
32,3964,4.3202080969364225,0.032480383020616385,0.007122779794539702,0.03165644639783574,0.005509593489706249,0.000501065299275183,3.0355620422156314e-05,0.02314421522941236,0.0050603994422369816,0.031445666568234595,4.540801518793714,1.589436459853956,0.0
32,3968,4.324567540021121,0.03234610691147829,0.007093333739163718,0.03152051041459471,0.0054859347379035564,0.0004967712884109687,3.0095479949305256e-05,0.02304312172146527,0.005038295710217625,0.03130606271538858,4.540893552988385,1.5894786975458233,0.0
32,3972,4.32892698310582,0.03221242882469586,0.007064018826993433,0.031385197634876794,0.0054623844505201045,0.0004925153153010342,2.983764388594393e-05,0.02294249706032125,0.005016294489865968,0.031167115106432785,4.540985133724834,1.589520742776837,0.0
32,3976,4.333286426190519,0.03207934593932103,0.007034834439409543,0.031250505055797365,0.005438942104923838,0.0004882970331223646,2.9582091220783384e-05,0.022842338969314927,0.004994395283397312,0.03102882051379494,4.5410762633122035,1.589562596472321,0.0
32,3980,4.337645869275217,0.03194685544829359,0.007005779960838281,0.03111642968954411,0.005415607181105939,0.00048411609831333635,2.932880114011679e-05,0.02274264518328694,0.004972597595542708,0.0308911757264684,4.54116694404743,1.5896042595528985,0.0
32,3984,4.342005312359916,0.03181495455837063,0.00697685477873594,0.030982968563298633,0.00539237916166718,0.0004799721705026627,2.907775302351484e-05,0.02264341344852355,0.004950900933535749,0.030754177549922566,4.54125717821531,1.5896457329345186,0.0
32,3988,4.346364755444615,0.03168364049005492,0.006948058283573175,0.03085011871915673,0.005369257531804052,0.00047586491250228846,2.8828926443395285e-05,0.022544641522695277,0.004929304807099157,0.03061782280600978,4.541346968088568,1.5896870175284807,0.0
32,3992,4.3507241985293135,0.03155291047752603,0.0069193898688198864,0.03071787721405184,0.005346241779295435,0.00047179399027896807,2.858230116330107e-05,0.022446327174797956,0.004907808728431895,0.03048210833288241,4.541436315927926,1.5897281142414599,0.0
32,3996,4.355083641614012,0.03142276176856889,0.006890848930929562,0.030586241119675703,0.005323331394488798,0.00046775907292584407,2.8337857136178494e-05,0.022348468185091678,0.004886412212195813,0.03034703098490052,4.541525223982162,1.5897690239755315,0.0
32,4000,4.359443084698711,0.03129319162450569,0.006862434869324341,0.03045520752240261,0.005300525870287004,0.00046375983261981446,2.8095574501794445e-05,0.022251062345042486,0.0048651147755029,0.0302125876325472,4.541613694488183,1.589809747628196,0.0
32,4004,4.36380252778341,0.031164197320125906,0.0068341470863796695,0.030324773523211584,0.005277824702134778,0.0004597959446215327,2.785543358673639e-05,0.022154107457262432,0.004843915937902184,0.030078775162342142,4.54170172967109,1.5898502860924035,0.0
32,4008,4.368161970868108,0.03103577614361772,0.006805984987409256,0.030194936237610413,0.0052552273880054744,0.0004558670871972481,2.7617414899677288e-05,0.022057601335451184,0.004822815221366957,0.02994559047675069,4.541789331744239,1.5898906402565782,0.0
32,4012,4.372521413952807,0.030907925396498878,0.006777947980649919,0.030065692795558673,0.005232733428387689,0.0004519729416401219,2.7381499132666992e-05,0.021961541804336737,0.004801812150281819,0.029813030494102742,4.541876502909308,1.589930811004643,0.0
32,4016,4.376880857037506,0.03078064239354996,0.006750035477246944,0.029937040341393658,0.005210342326272363,0.00044811319220627865,2.7147667157258068e-05,0.02186592669961842,0.004780906251430208,0.029681092148505908,4.541963245356365,1.5899707992160432,0.0
32,4020,4.3812403001222044,0.03065392446274642,0.006722246891239185,0.02980897603375491,0.005188053587139646,0.00044428752609348976,2.6915900023214433e-05,0.021770753867908818,0.00476009705398171,0.02954977238975991,4.542049561263923,1.5900106057657701,0.0
32,4024,4.385599743206903,0.030527768945189836,0.006694581639543989,0.02968149704550805,0.005165866718945645,0.00044049563343406817,2.668617895808087e-05,0.021676021166675205,0.004739384089479247,0.029419068183271502,4.5421354527990125,1.5900502315243867,0.0
32,4028,4.389959186291602,0.030402173195042397,0.006667039141942824,0.029554600563671884,0.0051437812321097325,0.0004367372072451303,2.6458485364169805e-05,0.021581726464183403,0.004718766891826806,0.02928897650997336,4.542220922117243,1.5900896773580493,0.0
32,4032,4.394318629376301,0.030277134579460015,0.006639618821066617,0.02942828378934428,0.005121796639501649,0.00043301194339306903,2.6232800816409e-05,0.021487867639440814,0.004698244997276983,0.02915949436623731,4.542305971362861,1.5901289441285318,0.0
32,4036,4.398678072460999,0.030152650478525517,0.006612320102381099,0.029302543937628045,0.0050999124564286005,0.00042931954060776434,2.6009107063202465e-05,0.021394442582139333,0.004677817944418497,0.029030618763793134,4.542390602668817,1.5901680326932501,0.0
32,4040,4.403037515545698,0.030028718285183643,0.006585142414172553,0.029177378237558723,0.005078128200622692,0.00042565970041152923,2.578738602212584e-05,0.021301449192599856,0.004657485274164063,0.028902346729646526,4.542474818156827,1.5902069439052842,0.0
32,4044,4.407396958630397,0.029905335405174437,0.006558085187533203,0.0290527839320309,0.005056443392228106,0.00042203212709779336,2.5567619778635024e-05,0.021208885381715586,0.004637246529737992,0.028774675305994174,4.542558619937434,1.5902456786134025,0.0
32,4048,4.411756401715095,0.029782499256968974,0.006531147856347127,0.028928758277726768,0.005034857553788662,0.0004184365277595248,2.5349790587787995e-05,0.021116749070897077,0.004617101256664172,0.028647601550147242,4.542642010110067,1.5902842376620834,0.0
32,4052,4.416115844799794,0.029660207271704056,0.006504329857275927,0.028805298545043802,0.005013370210235235,0.0004148726121400159,2.513388086520513e-05,0.021025038192016603,0.004597049002753915,0.028521122534444096,4.542724990763108,1.59032262189154,0.0
32,4056,4.420475287884493,0.029538456893117404,0.006477630629744524,0.028682402018022975,0.00499198088887326,0.00041134009277499217,2.4919873195678436e-05,0.020933750687352988,0.004577089318093884,0.02839523534617491,4.542807563973946,1.590360832137742,0.0
32,4060,4.4248347309691916,0.029417245577484,0.006451049615927193,0.02856006599427813,0.004970689119370438,0.0004078386848078708,2.4707750321979535e-05,0.02084288450953724,0.00455722175503421,0.028269937087498587,4.5428897318090415,1.5903988692324385,0.0
32,4064,4.42919417405389,0.029296570793552173,0.006424586260733553,0.02843828778492516,0.004949494433744413,0.0004043681060679205,2.4497495149594753e-05,0.020752437621498133,0.004537445868176594,0.028145224875364385,4.542971496323987,1.5904367340031795,0.0
32,4068,4.433553617138589,0.029176430022480066,0.006398240011794627,0.028317064714511703,0.004928396366350537,0.0004009280770276291,2.428909074414234e-05,0.02066240799640816,0.00451776121436249,0.028021095841431035,4.543052859563562,1.5904744272733407,0.0
32,4072,4.437913060223288,0.029056820757772335,0.006372010319448966,0.028196394120946964,0.004907394453869649,0.0003975183207174382,2.4082520326206926e-05,0.020572793617629516,0.004498167352661292,0.02789754713199032,4.5431338235617975,1.5905119498621434,0.0
32,4076,4.442272503307986,0.02893774050521756,0.006345896636728923,0.028076273355432394,0.0048864882352960175,0.00039413856276127035,2.3877767273491834e-05,0.02048359247866086,0.004478663844358697,0.0277745759078872,4.543214390342034,1.5905493025846784,0.0
32,4080,4.446631946392685,0.02881918678282552,0.006319898419346897,0.02795669978239233,0.004865677251925266,0.00039078853137652914,2.3674815120819082e-05,0.02039480258308397,0.004459250252945039,0.027652179344441318,4.543294561916977,1.590586486251927,0.0
32,4084,4.450991389477384,0.028701157120765416,0.006294015125681781,0.02783767077940546,0.004844961047342444,0.0003874679572106743,2.3473647550228747e-05,0.02030642194451105,0.004439926144103768,0.02753035463137073,4.54337434028876,1.5906235016707837,0.0
32,4088,4.4553508325620825,0.02858364906130343,0.0062682462167652775,0.027719183737135864,0.004824339167410029,0.0003841765735330682,2.3274248402601444e-05,0.02021844858653175,0.004420691085699869,0.027409098972715425,4.543453727448997,1.590660349644077,0.0
32,4092,4.459710275646781,0.028466660158742062,0.0062425911562685905,0.02760123605926574,0.004803811160256211,0.0003809141160076024,2.3076601663883544e-05,0.020130880542661423,0.004401544647768543,0.027288409586758374,4.543532725378844,1.590697030970592,0.0
32,4096,4.46406971873148,0.028350187979358222,0.006217049410488848,0.027483825162427034,0.004783376576263002,0.0003776803227850678,2.2880691470683176e-05,0.020043715856288603,0.004382486402503729,0.0271682837059508,4.543611336049058,1.5907335464450916,0.0
32,4100,4.468429161816179,0.028234230101342787,0.006191620448335854,0.027366948476134478,0.004763034968054573,0.00037447493444631164,2.268650210682653e-05,0.019956952580623535,0.0043635159242468476,0.027048718576838625,4.543689561420049,1.5907698968583381,0.0
32,4104,4.472788604900877,0.028118784114740367,0.006166303741318868,0.027250603442719044,0.0047427858904856785,0.0003712976940022372,2.2494018003357856e-05,0.019870588778647013,0.004344632789475613,0.02692971145998244,4.543767403441939,1.5908060829971138,0.0
32,4108,4.477148047985576,0.028003847621388005,0.006141098763533174,0.02713478751726015,0.004722628900629854,0.00036814834681564435,2.2303223733804388e-05,0.019784622523058345,0.004325836576792658,0.02681125962988711,4.543844864054619,1.5908421056442434,0.0
32,4112,4.481507491070275,0.027889418234856952,0.006116004991647307,0.027019498167521132,0.0047025635577681866,0.00036502664062254553,2.2114104015467716e-05,0.01969905189622568,0.004307126866914676,0.026693360374925975,4.5439219451878055,1.590877965578614,0.0
32,4116,4.4858669341549735,0.027775493580391542,0.006091021904889645,0.0269047328738819,0.004682589423377595,0.00036193232551084975,2.1926643708132418e-05,0.019613874990134336,0.004288503242661116,0.026576010997263193,4.543998648761093,1.5909136635751966,0.0
32,4120,4.490226377239672,0.027662071294850918,0.006066148985035638,0.026790489129274363,0.004662706061119588,0.00035886515389904616,2.1740827812774656e-05,0.019529089906337147,0.00426996528894333,0.026459208812787,4.544074976684013,1.5909492004050665,0.0
32,4124,4.494585820324371,0.0275491490266498,0.006041385716394809,0.0266767644391171,0.004642913036828897,0.00035582488047936067,2.155664146811849e-05,0.019444694755904317,0.004251512592753612,0.026342951151031094,4.544150930856087,1.5909845768354247,0.0
32,4128,4.49894526340907,0.027436724435699916,0.0060167315857979214,0.026563556321250487,0.0046232099185021846,0.00035281126221775594,2.1374069950635872e-05,0.019360687659373512,0.004233144743154279,0.026227235355104236,4.5442265131668815,1.591019793629618,0.0
32,4132,4.503304706493768,0.027324795193351455,0.005992186082584128,0.026450862305872225,0.004603596276286823,0.0003498240583610368,2.1193098674977113e-05,0.019277066746700423,0.0042148613312668675,0.026112058781617677,4.544301725496062,1.5910548515471596,0.0
32,4136,4.507664149578467,0.027213358982335362,0.005967748698588328,0.0263386799354734,0.004584071682469766,0.0003468630303800069,2.1013713190527184e-05,0.019193830157209567,0.004196661950261373,0.025997418800612276,4.544376569713451,1.5910897513437494,0.0
32,4140,4.512023592663166,0.02710241349670559,0.005943418928128491,0.02622700676477483,0.004564635711466471,0.00034392794191973053,2.0835899178392473e-05,0.01911097603954543,0.0041785461953455704,0.025883312795487574,4.5444510476790745,1.5911244937712943,0.0
32,4144,4.5163830357478645,0.026991956441781817,0.00591919626799311,0.026115840360663785,0.004545287939809886,0.0003410185588705872,2.065964245570542e-05,0.0190285025516239,0.004160513663754389,0.02576973816293154,4.544525161243222,1.591159079577928,0.0
32,4148,4.520742478832563,0.026881985534092004,0.0058950802174285895,0.02600517830213057,0.004526027946139409,0.00033813464926879533,2.0484928969598036e-05,0.01894640786058351,0.0041425639547392635,0.025656692312848714,4.544598912246496,1.591193509508032,0.0
32,4152,4.525101921917262,0.026772498501316227,0.005871070278126937,0.025895018180206543,0.004506855311190106,0.00033527598328220165,2.031174479634099e-05,0.018864690142737842,0.004124696669557713,0.0255441726682913,4.5446723025198645,1.5912277843022544,0.0
32,4156,4.529461365001961,0.0266634930822296,0.005847165954213247,0.02578535759790113,0.004487769617781746,0.00033244233323159733,2.0140076142634983e-05,0.01878334758352723,0.004106911411462791,0.025432176665386372,4.54474533388472,1.59126190469753,0.0
32,4160,4.533820808086659,0.026554967026646215,0.0058233667522334,0.025676194170139915,0.004468770450808022,0.0003296334735338746,1.9969909342167055e-05,0.018702378377471112,0.004089207785692666,0.02532070175327048,4.544818008152921,1.5912958714271008,0.0
32,4164,4.538180251171358,0.0264469180953636,0.005799672181141891,0.025567525523703456,0.004449857397225911,0.00032684918070202684,1.9801230855610584e-05,0.018621780728121137,0.004071585399460365,0.0252097453940156,4.544890327126856,1.5913296852205345,0.0
32,4168,4.542539694256057,0.026339344060106497,0.005776081752289496,0.02545934929716524,0.004431030046044867,0.0003240892333167267,1.963402726890345e-05,0.018541552848013513,0.0040540438619433555,0.025099305062565656,4.544962292599482,1.5913633468037445,0.0
32,4172,4.5468991373407555,0.026232242703472422,0.005752594979411333,0.025351663140831572,0.004412287988316365,0.0003213534120050099,1.9468285291956628e-05,0.01846169295862283,0.004036582784273452,0.02498937824666469,4.54503390635439,1.5913968568990091,0.0
32,4176,4.551258580425454,0.026125611818876193,0.0057292113786146966,0.025244464716680452,0.00439363081712326,0.00031864149941895903,1.930399175736281e-05,0.018382199290315128,0.004019201779526554,0.02487996244678982,4.545105170165843,1.5914302162249907,0.0
32,4180,4.555618023510153,0.026019449210494823,0.005705930468366979,0.025137751698300913,0.004375058127569229,0.00031595328022859803,1.9141133619965954e-05,0.0183030700823014,0.0040019004627124734,0.024771055176083447,4.545176085798835,1.5914634254967552,0.0
32,4184,4.559977466594852,0.02591375269321399,0.005682751769483926,0.02503152177083387,0.004356569516768479,0.00031328854108636506,1.8979697954708954e-05,0.018224303582592097,0.003984678450764997,0.02466265396028779,4.54524665500914,1.5914964854257905,0.0
32,4188,4.56433690967955,0.025808520092573107,0.005659674805117588,0.024925772630911645,0.004338164583835218,0.0003106470706271125,1.8819671956633657e-05,0.018145898047950793,0.003967535362531746,0.024554756337674545,4.5453168795433605,1.5915293967200261,0.0
32,4192,4.568696352764249,0.02570374924471173,0.005636699100744579,0.024820501986598992,0.004319842929873394,0.00030802865943968527,1.8661042939158996e-05,0.018067851743848853,0.003950470818764274,0.02444735985898194,4.545386761138979,1.591562160083852,0.0
32,4196,4.573055795848948,0.025599437996316414,0.005613824184154409,0.024715707557334415,0.00430160415796648,0.0003054331000384991,1.8503798332359162e-05,0.017990162944420462,0.003933484442108223,0.024340462087347435,4.545456301524406,1.5915947762181364,0.0
32,4200,4.577415238933646,0.025495584204566622,0.005591049585437632,0.02461138707387058,0.004283447873167102,0.0003028601868564351,1.834792568253313e-05,0.0179128299324168,0.003916575857093316,0.02423406059824102,4.54552550241903,1.591627245820245,0.0
32,4204,4.581774682018345,0.025392185737082434,0.005568374836974374,0.02450753827821687,0.004265373682487044,0.0003003097162377344,1.8193412651774194e-05,0.017835850999162062,0.00389974469012373,0.02412815297940109,4.545594365533269,1.5916595695840594,0.0
32,4208,4.586134125103044,0.025289240471871404,0.005545799473422681,0.024404158923580724,0.004247381194887037,0.0002977814863953654,1.8040247015387206e-05,0.017759224444508392,0.00388299056946825,0.024022736830770188,4.545662892568614,1.5916917481999957,0.0
32,4212,4.590493568187743,0.025186746297276182,0.005523323031707031,0.02430124677431006,0.0042294700212667374,0.00029527529739681313,1.7888416661027633e-05,0.017682948576791705,0.003866313125250606,0.023917809764427495,4.545731085217683,1.5917237823550225,0.0
32,4216,4.594853011272441,0.025084701111922392,0.0055009450510069054,0.02419879960583583,0.004211639774454732,0.00029279095117829,1.77379095895625e-05,0.01760702171278763,0.0038497119894398426,0.02381336940452763,4.545798945164265,1.5917556727326794,0.0
32,4220,4.59921245435714,0.02498310282466725,0.005478665072745521,0.024096815204615468,0.004193890069198689,0.0002903282515092087,1.7588713912918076e-05,0.01753144217766811,0.0038331867958408257,0.02370941338723676,4.545866474083372,1.5917874200130946,0.0
32,4224,4.603571897441839,0.02488194935454658,0.005456482640578211,0.023995291368074628,0.004176220522155227,0.0002878870039282333,1.7440817850205703e-05,0.017456208304956703,0.003816737180084474,0.02360593936066647,4.545933673641283,1.591819024873004,0.0
32,4228,4.607931340526537,0.024781238630724994,0.005434397300381497,0.02389422590455237,0.004158630751880365,0.0002854670157859118,1.7294209730304576e-05,0.017381318436486545,0.003800362779618565,0.023502944984812337,4.546000545495592,1.5918504879857671,0.0
32,4232,4.612290783611236,0.024680968592443595,0.005412408600241627,0.02379361663324352,0.0041411203788195025,0.00028306809625178175,1.714887799229221e-05,0.01730677092235612,0.0037840632336980646,0.02340042793149218,4.546067091295259,1.591881810021387,0.0
32,4236,4.616650226695935,0.02458113718897014,0.005390516090443639,0.02369346138414396,0.004123689025297883,0.00028069005618647225,1.7004811177696115e-05,0.017232564120887292,0.0037678381833759506,0.02329838588428082,4.546133312680651,1.591912991646526,0.0
32,4240,4.6210096697806335,0.024481742379547672,0.005368719323460099,0.023593757997994163,0.004106336315510782,0.00027833270824118017,1.6861997936520264e-05,0.017158696398582033,0.0037516872714937533,0.02319681653845176,4.546199211283593,1.5919440335245256,0.0
32,4244,4.625369112865332,0.02438278213334483,0.005347017853940209,0.023494504326224408,0.004089061875513958,0.00027599586677240495,1.6720427022079554e-05,0.017085166130080355,0.003735610142672355,0.02309571760091039,4.546264788727411,1.5919749363154214,0.0
32,4248,4.629728555950031,0.02428425442940535,0.0053254112386987235,0.023395698230899407,0.004071865333214026,0.00027367934786326487,1.6580087292291194e-05,0.01701197169811788,0.003719606443302715,0.022995086790137932,4.5463300466269825,1.592005700675963,0.0
32,4252,4.63408799903473,0.024186157256598898,0.005303899036705177,0.023297337584664127,0.004054746318359021,0.00027138296927375904,1.644096770666145e-05,0.01693911149348427,0.0037036758215367787,0.022894921836127843,4.546394986588778,1.5920363272596285,0.0
32,4256,4.638447442119428,0.024088488613570706,0.005282480809072832,0.023199420270688574,0.004037704462528794,0.00026910655045497833,1.6303057327146607e-05,0.0168665839149809,0.003687817927278224,0.02279522048032305,4.546459610210907,1.5920668167166447,0.0
32,4260,4.642806885204127,0.023991246508693626,0.005261156119048169,0.023101944182614957,0.004020739399125811,0.0002668499125206836,1.6166345316431073e-05,0.01679438736938033,0.0036720324121736,0.022695980475561033,4.546523919083167,1.5920971696940023,0.0
32,4264,4.647166328288826,0.023894428960017453,0.0052399245319997715,0.02300490722450216,0.00400385076336549,0.00026461287820467305,1.6030820935344647e-05,0.016722520271383743,0.00365631892960302,0.022597199586007078,4.546587914787087,1.5921273868354728,0.0
32,4268,4.6515257713735245,0.023798033995221835,0.005218785615408001,0.022908307310773864,0.003987038192267175,0.00026239527192473133,1.589647354673666e-05,0.01665098104358116,0.0036406771346714647,0.02249887558710233,4.546651598895966,1.592157468781627,0.0
32,4272,4.655885214458223,0.023702059651566593,0.005197738938854098,0.022812142366164075,0.003970301324644653,0.00026019691966894243,1.5763292608588575e-05,0.01657976811640969,0.0036251066841996504,0.022401006265494735,4.546714972974929,1.5921874161698495,0.0
32,4276,4.660244657542922,0.02360650397584411,0.00517678407400975,0.02271641032566484,0.0039536398010970525,0.00025801764903832236,1.563126767659678e-05,0.016508879928113427,0.0036096072367152645,0.02230358941899014,4.5467780385809595,1.592217229634358,0.0
32,4280,4.664604100627621,0.02351136502433149,0.00515592059462659,0.022621109134473627,0.00393705326399969,0.00025585728923971374,1.5500388403742095e-05,0.016438314924703133,0.0035941784524441476,0.02220662285648552,4.546840797262955,1.5922469098062184,0.0
32,4284,4.668963543712319,0.023416640862742658,0.005135148076525697,0.02252623674794081,0.003920541357494928,0.00025371567100762604,1.537064453555473e-05,0.016368071559915966,0.003578819993301489,0.022110104397916778,4.546903250561759,1.592276457313361,0.0
32,4288,4.673322986797018,0.023322329566180428,0.00511446609758709,0.02243179113151699,0.0039041037274830026,0.0002515926266895008,1.5242025915279783e-05,0.016298148295175095,0.0035635315228829964,0.022014031874196406,4.546965400010215,1.5923058727805979,0.0
32,4292,4.677682429881717,0.02322842921908986,0.005093874237739488,0.022337770260701877,0.003887740021613133,0.0002494879901036029,1.5114522475268041e-05,0.016228543599550553,0.003548312706456338,0.021918403127156542,4.547027247133204,1.5923351568296393,0.0
32,4296,4.6820418729664155,0.023134937915211394,0.005073372078950042,0.022244172120992882,0.0038714498892745727,0.00024740159667402395,1.498812424515473e-05,0.016159255949719828,0.0035331632109525226,0.021823216009493305,4.547088793447685,1.5923643100791094,0.0
32,4300,4.686401316051114,0.02304185375753365,0.00505295920521398,0.02215099470783316,0.003855232981587563,0.00024533328327436266,1.4862821342389364e-05,0.016090283829927998,0.0035180827049571877,0.02172846838470811,4.547150040462746,1.5923933331445623,0.0
32,4304,4.690760759135813,0.022949174858247077,0.005032635202544443,0.022058236026560957,0.003839088951394521,0.00024328288830588463,1.4738603976970818e-05,0.016021625731948985,0.0035030708587021234,0.021634158127052515,4.547210989679642,1.5924222266384989,0.0
32,4308,4.695120202220512,0.022856899338698024,0.005012399658962415,0.021965894092359127,0.003823017453251253,0.0002412502516335735,1.4615462447573179e-05,0.01595328015504681,0.0034881273440568045,0.02154028312146909,4.547271642591834,1.5924509911703821,0.0
32,4312,4.69947964530521,0.022765025329342516,0.004992252164486583,0.02187396693020439,0.0038070181434181212,0.00023923521463586894,1.4493387144558975e-05,0.01588524560593673,0.0034732518345198917,0.02144684126353874,4.547332000685038,1.5924796273466533,0.0
32,4316,4.703839088389909,0.02267355096970049,0.004972192311123305,0.02178245257481728,0.0037910906798513336,0.00023723762009097982,1.437236854309178e-05,0.015817520598746915,0.003458444005210851,0.021353830459420457,4.547392065437258,1.5925081357707482,0.0
32,4320,4.708198531474608,0.02258247440831043,0.004952219692856657,0.021691349070612282,0.0037752347221942668,0.00023525731225504387,1.4252397207871299e-05,0.015750103654980183,0.00344370353286159,0.02126124862580088,4.547451838318839,1.5925365170431116,0.0
32,4324,4.7125579745593065,0.02249179380268373,0.004932333905638431,0.021600654471647936,0.003759449931768781,0.00023329413681238975,1.4133463790120136e-05,0.01568299330347584,0.0034290300958081136,0.021169093689835022,4.547511320792498,1.5925647717612144,0.0
32,4328,4.716917417644005,0.022401507319260085,0.0049125345473783446,0.02151036684157781,0.003743735971566685,0.00023134794084000987,1.4015559025431476e-05,0.015616188080372096,0.0034144233739823032,0.02107736358909557,4.547570514313372,1.5925929005195687,0.0
32,4332,4.721276860728704,0.02231161313336213,0.004892821217934104,0.02142048425360083,0.0037280925062410956,0.00022941857284308753,1.3898673735921404e-05,0.015549686529067974,0.0033998830489035937,0.020986056271509977,4.547629420329053,1.5926209039097428,0.0
32,4336,4.725636303813403,0.02222210942915155,0.004873193519101768,0.02133100479041326,0.0037125192020980775,0.00022750588268394267,1.3782798825924277e-05,0.015483487200186587,0.00338540880367094,0.020895169695318135,4.547688040279634,1.5926487825203766,0.0
32,4340,4.729995746898101,0.022132994399584632,0.004853651054606009,0.02124192654415989,0.0036970157270881476,0.00022560972166019155,1.3667925286727812e-05,0.015417588651537707,0.0033710003229546343,0.020804701829008503,4.547746375597746,1.5926765369371974,0.0
32,4344,4.7343551899828,0.022044266246367395,0.0048341934300902695,0.02115324761638495,0.0036815817507977345,0.00022372994236974364,1.3554044188394301e-05,0.015351989448080187,0.00335665729298809,0.020714650651268405,4.547804427708601,1.5927041677430354,0.0
32,4348,4.738714633067499,0.021955923179912698,0.004814820253107356,0.02106496611798516,0.003666216944441003,0.00022186639878185588,1.3441146684065236e-05,0.015286688161886003,0.0033423794015599775,0.020625014150932066,4.547862198030028,1.5927316755178373,0.0
32,4352,4.7430740761521974,0.02186796341929608,0.004795531133109759,0.02097708016916126,0.003650920980851422,0.00022001894622292184,1.3329224009100383e-05,0.01522168337210311,0.0033281663380061075,0.020535790326923344,4.547919687972517,1.5927590608386837,0.0
32,4356,4.747433519236896,0.021780385192212183,0.00477632568144009,0.020889587899370447,0.003635693534473485,0.00021818744130541745,1.3218267476773162e-05,0.015156973664919048,0.0033140177932014687,0.020446977188206362,4.547976898939257,1.5927863242798015,0.0
32,4360,4.751792962321595,0.021693186734931917,0.004757203511321693,0.02080248744727936,0.003620534281354527,0.00021637174200606069,1.3108268483005726e-05,0.015092557633524925,0.003299933459552355,0.020358572753731888,4.548033832326172,1.5928134664125808,0.0
32,4364,4.756152405406294,0.021606366292259333,0.004738164237849186,0.02071577696071691,0.003605442899136515,0.00021457170755212474,1.2999218499481573e-05,0.01502843387807928,0.0032859130309884645,0.020270575052384887,4.548090489521965,1.592840487805589,0.0
32,4368,4.760511848490992,0.021519922117488852,0.004719207477979082,0.020629454596627465,0.003590419067047902,0.00021278719849249228,1.2891109077950166e-05,0.014964601005672266,0.0032719562029550676,0.02018298212293291,4.548146871908156,1.5928673890245855,0.0
32,4372,4.764871291575691,0.02143385247236273,0.004700332850520458,0.020543518521024356,0.003575462465895533,0.00021101807661239036,1.278393184506138e-05,0.014901057630290034,0.0032580626724052195,0.020095792013973313,4.548202980859117,1.5928941706325355,0.0
32,4376,4.76923073466039,0.021348155627029304,0.004681539976125804,0.020457966908944043,0.003560572778056667,0.00020926420503286636,1.2677678508391982e-05,0.014837802372779617,0.0032442321377920825,0.020009002783886225,4.5482588177421155,1.592920833189626,0.0
32,4380,4.773590177745088,0.021262829859999513,0.004662828477281482,0.02037279794439879,0.0035457496874707435,0.00020752544803315232,1.2572340845684074e-05,0.01477483386081278,0.0032304642990610235,0.01992261250077672,4.548314383917346,1.59294737725328,0.0
32,4384,4.777949620829787,0.021177873458106063,0.004644197978298776,0.020288009820331764,0.0035309928796315657,0.0002058016712496169,1.2467910716898026e-05,0.014712150728851542,0.003216758857642072,0.01983661924242713,4.548369680737976,1.5929738033781702,0.0
32,4388,4.782309063914486,0.021093284716462192,0.00462564810530485,0.02020360073857203,0.003516302041579468,0.00020409274139865374,1.2364380047424465e-05,0.01464975161811378,0.0032031155164424026,0.019751021096250553,4.548424709550179,1.5930001121162334,0.0
32,4392,4.786668506999185,0.021009061938419345,0.0046071784862334614,0.020119568909788298,0.0035016768618932664,0.0002023985265537931,1.2261740844872289e-05,0.014587635176537831,0.0031895339798385944,0.019665816159232862,4.548479471693172,1.593026304016685,0.0
32,4396,4.791027950083883,0.020925203435526136,0.004588788750815965,0.020035912553444012,0.003487117030682441,0.00020071889592543357,1.2159985185724343e-05,0.01452580005874808,0.0031760139536691065,0.019581002537889185,4.548533968499253,1.5930523796260334,0.0
32,4400,4.795387393168582,0.020841707527487735,0.004570478530572405,0.01995262989775298,0.003472622239579415,0.00019905371992479104,1.2059105219211578e-05,0.014464244926021039,0.0031625551452268623,0.019496578348212005,4.548588201293842,1.5930783394880943,0.0
32,4404,4.799746836253281,0.02075857254212467,0.004552247458802484,0.01986971917963429,0.003458192181731709,0.0001974028701425823,1.1959093166021666e-05,0.014402968446250797,0.003149157263251693,0.01941254171562045,4.54864217139551,1.5931041841440035,0.0
32,4408,4.804106279337979,0.020675796815332048,0.0045340951705766155,0.019787178644667804,0.0034438265517941894,0.00019576621937034133,1.1859941319590388e-05,0.014341969293915005,0.0031358200179229037,0.019328890774911126,4.548695880116025,1.5931299141322317,0.0
32,4412,4.808465722422678,0.02059337869104014,0.0045160213027272845,0.01970500654705104,0.0034295250459215726,0.00019414364151515429,1.1761642040936082e-05,0.01428124615004184,0.003122543120852048,0.01924562367021399,4.5487493287603815,1.5931555299885982,0.0
32,4416,4.812825165507377,0.020511316521173682,0.004498025493840121,0.01962320114955475,0.003415287361760687,0.00019253501167781906,1.1664187763394732e-05,0.014220797702176024,0.0031093262850754983,0.019162738554936637,4.548802518626841,1.593181032246285,0.0
32,4420,4.8171846085920755,0.020429608665610947,0.004480107384244923,0.01954176072347817,0.0034011131984426875,0.0001909402060888965,1.1567570988745807e-05,0.014160622644344608,0.003096169225046965,0.01908023359172076,4.548855451006965,1.5932064214358503,0.0
32,4424,4.821544051676774,0.020348253492145803,0.004462266616007338,0.01946068354860756,0.0033870022565758383,0.00018935910209449958,1.1471784286351337e-05,0.014100719677025182,0.0030830716566305457,0.01899810695239401,4.548908127185651,1.5932316980852417,0.0
32,4428,4.825903494761473,0.020267249376446615,0.004444502832919851,0.01937996791317138,0.0033729542382377126,0.00018779157815629333,1.137682029315591e-05,0.014041087507111652,0.003070033297093242,0.01891635681791795,4.548960548441174,1.5932568627198103,0.0
32,4432,4.830262937846172,0.020186594702018,0.004426815680493395,0.019299612113798492,0.003358968846967918,0.00018623751387281118,1.1282671714978066e-05,0.01398172484788221,0.0030570538650979582,0.018834981378346573,4.5490127160452145,1.5932819158623237,0.0
32,4436,4.83462238093087,0.020106287860161165,0.004409204805948655,0.019219614455474834,0.0033450457877605556,0.00018469678990840066,1.1189331322205666e-05,0.013922630418966216,0.003044133080696257,0.018753978832774687,4.549064631262897,1.59330685803298,0.0
32,4440,4.838981824015569,0.020026327249935,0.004391669858207537,0.019139973251500995,0.0033311847670568343,0.00018316928803585597,1.1096791952378673e-05,0.013863802946311723,0.003031270665321261,0.018673347389291793,4.549116295352825,1.5933316897494203,0.0
32,4444,4.843341267100268,0.019946711278117382,0.0043742104878846805,0.01906068682344992,0.0033173854927377143,0.00018165489110089084,1.1005046508036833e-05,0.013805241162153124,0.003018466341780579,0.0185930852649359,4.549167709567115,1.5933564115267431,0.0
32,4448,4.8477007101849665,0.019867438359166708,0.004356826347279022,0.01898175350112498,0.0033036476741166035,0.00018015348300082223,1.0914087955428298e-05,0.013746943804979086,0.003005719834249294,0.018513190685647083,4.549218875151435,1.5933810238775163,0.0
32,4452,4.852060153269665,0.019788506915183333,0.00433951709036534,0.018903171622517846,0.0032899710219320318,0.00017866494869167582,1.082390932494008e-05,0.013688909619500332,0.0029930308682629184,0.018433661886220875,4.549269793345034,1.593405527311791,0.0
32,4456,4.856419596354364,0.019709915375872182,0.004322282372786058,0.01882493953376769,0.003276355248340544,0.00017718917422371305,1.0734503713250365e-05,0.013631137356618396,0.0029803991707105645,0.018354497110261842,4.549320465380778,1.5934299223371144,0.0
32,4460,4.860779039439063,0.019631662178503744,0.004305121851842686,0.01874705558911869,0.003262800066909311,0.0001757260466348498,1.0645864276871585e-05,0.013573625773393175,0.002967824469827848,0.018275694610139677,4.549370892485186,1.5934542094585424,0.0
32,4464,4.865138482523761,0.01955374576787731,0.004288035186487763,0.018669518150879937,0.0032493051926091453,0.00017427545400039435,1.0557984235163642e-05,0.013516373633012247,0.0029553064951901797,0.01819725264693992,4.549421075878461,1.5934783891786533,0.0
32,4468,4.86949792560846,0.019476164596282212,0.0042710220373163525,0.01859232558938307,0.003235870341807131,0.00017283728541173105,1.0470856869042534e-05,0.01345937970475845,0.0029428449777056773,0.018119169490423657,4.549471016774527,1.5935024619975602,0.0
32,4472,4.873857368693159,0.019398917123462117,0.004254082066558218,0.01851547628294336,0.0032224952322598504,0.00017141143099763667,1.0384475522271732e-05,0.013402642763980139,0.002930439649608662,0.01804144341897862,4.549520716381059,1.5935264284129236,0.0
32,4476,4.8782168117778575,0.019322001816576978,0.004237214938069477,0.01843896861781828,0.003209179583106173,0.0001699977818461207,1.0298833596727104e-05,0.013346161592059499,0.0029180902444527305,0.017964072719575504,4.549570175899519,1.5935502889199635,0.0
32,4480,4.882576254862556,0.01924541715016535,0.004220420317324331,0.018362800988166443,0.00319592311486011,0.0001685962300683741,1.0213924556271064e-05,0.013289934976381179,0.002905796497103896,0.017887055687725147,4.5496193965251885,1.5935740440114734,0.0
32,4484,4.886935697947255,0.019169161606108858,0.004203697871407285,0.018286971796008727,0.0031827255494040452,0.0001672066687348206,1.0129741922878425e-05,0.013233961710302496,0.0028935581437340746,0.017810390627431342,4.549668379447201,1.5935976941778325,0.0
32,4488,4.891295141031954,0.019093233673595097,0.004187047269005001,0.018211479451187965,0.003169586609981724,0.0001658289919106437,1.0046279278788702e-05,0.013178240593122678,0.00288137492181436,0.01773407585114877,4.549717125848577,1.5936212399070169,0.0
32,4492,4.895654584116652,0.019017631849081052,0.0041704681803982815,0.018136322371329054,0.003156506021191306,0.00016446309458473252,9.96353026220149e-06,0.013122770430052352,0.0028692465701083514,0.01765810967973822,4.549765636906252,1.5936446816846137,0.0
32,4496,4.900014027201351,0.018942354636257538,0.004153960277454271,0.018061498981800192,0.0031434835089786226,0.0001631088727336305,9.881488571150627e-06,0.013067550032183885,0.0028571728286656698,0.0175824904424256,4.549813913791113,1.5936680199938322,0.0
32,4500,4.90437347028605,0.018867400546012426,0.0041375232336183934,0.01798700771567279,0.0031305188006301972,0.00016176622328600843,9.800147961351883e-06,0.013012578216460756,0.002845153438815261,0.017507216476754493,4.54986195766803,1.593691255315517,0.0
32,4504,4.9087329133707485,0.018792768096394786,0.004121156723906482,0.01791284701368252,0.003117611624766466,0.0001604350440729263,9.719502243189721e-06,0.012957853805647799,0.0028331881431588883,0.017432286128546,4.549909769695887,1.5937143881281588,0.0
32,4508,4.913092356455447,0.01871845581258048,0.004104860424897241,0.0178390153241916,0.0031047617113352166,0.000159115233870466,9.639545284300074e-06,0.012903375628302302,0.002821276685564816,0.01735769775185452,4.549957351027615,1.5937374189079083,0.0
32,4512,4.917451799540146,0.0186444622268349,0.004088634014724072,0.017765511103148533,0.0030919687916045767,0.00015780669238552036,9.560271008709421e-06,0.01284914251874334,0.0028094188111611,0.017283449708926434,4.550004702810223,1.5937603481285874,0.0
32,4516,4.921811242624845,0.018570785878478827,0.004072477173067586,0.01769233281405069,0.003079232598156506,0.00015650932020605524,9.481673393821545e-06,0.012795153317023081,0.002797614266329317,0.017209540370155804,4.55005182618483,1.5937831762617014,0.0
32,4520,4.926170685709543,0.018497425313853413,0.004056389581147926,0.017619478927906242,0.003066552864880168,0.000155223018843742,9.403746473000315e-06,0.012741406868897728,0.0027858627986982127,0.017135968114045642,4.550098722286697,1.5938059037764505,0.0
32,4524,4.930530128794242,0.0184243790862843,0.004040370921716897,0.017546947923195184,0.003053929326965147,0.0001539476907197468,9.326484334708758e-06,0.012687902025797752,0.002774164157137188,0.01706273132716049,4.550145392245257,1.5938285311397422,0.0
32,4528,4.934889571878941,0.01835164575604805,0.004024420879050605,0.01747473828583263,0.0030413617208950618,0.00015268323907946524,9.24988111734351e-06,0.012634637644799789,0.0027625180917501603,0.016989828404091155,4.550191837184146,1.593851058816203,0.0
32,4532,4.939249014963639,0.018279223890336673,0.004008539138941677,0.017402848509130382,0.0030288497844408735,0.0001514295681204203,9.173931016983141e-06,0.01258161258859733,0.002750924353869149,0.016917257747407557,4.550238058221234,1.5938734872681894,0.0
32,4536,4.943608458048338,0.018207112063223913,0.00399272538869187,0.01733127709376011,0.0030163932566544802,0.00015018658285015363,9.098628278778905e-06,0.012528825725472533,0.0027393826960481187,0.016845017767621064,4.550284056468658,1.593895816955801,0.0
32,4540,4.947967901133037,0.018135308855630253,0.003976979317104394,0.017260022547715376,0.0030039918778621065,0.00014895418917149073,9.02396720212029e-06,0.012476275929267243,0.002727892872056637,0.016773106883143277,4.550329833032847,1.5939180483368915,0.0
32,4544,4.952327344217736,0.018063812855289803,0.003961300614476654,0.017189083386275512,0.002991645389658016,0.00014773229383990838,8.949942138052247e-06,0.012423962079355364,0.002716454636873838,0.016701523520243077,4.550375389014561,1.59394018186708,0.0
32,4548,4.956686787302434,0.017992622656715754,0.003945688972592669,0.01711845813196805,0.0029793535348979746,0.00014652080441379667,8.87654748626195e-06,0.012371883060614156,0.0027050677466821434,0.016630266113007063,4.5504207255089115,1.593962217999762,0.0
32,4552,4.961046230387133,0.017921736861166996,0.00393014408471576,0.01704814531453253,0.002967116057692948,0.0001453196293397241,8.803777700244344e-06,0.012320037763396614,0.002693731958861226,0.01655933310330082,4.550465843605399,1.5939841571861217,0.0
32,4556,4.965405673471832,0.0178511540766146,0.003914665645581189,0.01697814347088391,0.0029549327034027384,0.00014412867785296157,8.731627281275676e-06,0.012268425083503473,0.002682447031981887,0.01648872294072745,4.550510744387938,1.594005999875144,0.0
32,4560,4.96976511655653,0.01778087291770827,0.003899253351388811,0.016908451145076178,0.002942803218629646,0.00014294786006274762,8.660090783579039e-06,0.012217043922155448,0.002671212725799986,0.016418434082585733,4.55055542893489,1.5940277465136239,0.0
32,4564,4.974124559641229,0.01771089200574338,0.0038839068997958423,0.016839066888266484,0.00293072735121223,0.0001417770868457069,8.58916280786744e-06,0.012165893185965795,0.002660028801250443,0.016348464993833522,4.550599898319092,1.5940493975461794,0.0
32,4568,4.978484002725928,0.017641209968628044,0.0038686259899096366,0.01676998925867929,0.002918704850219068,0.00014061626986716647,8.518838002635187e-06,0.012114971786912964,0.002648895020441258,0.016278814147047696,4.550644153607884,1.5940709534152615,0.0
32,4572,4.9828434458106265,0.017571825440849946,0.003853410322280415,0.016701216821570376,0.002906735465942493,0.000139465321666421,8.449111069323437e-06,0.012064278642313056,0.00263781114664749,0.016209480022384027,4.550688195863141,1.5940924145611666,0.0
32,4576,4.987202888895325,0.017502737063444032,0.0038382595988941783,0.016632748149191703,0.0028948189498924745,0.00013832415550041333,8.379976752850023e-06,0.01201381267479304,0.002626776944305399,0.01614046110753782,4.550732026141301,1.5941137814220463,0.0
32,4580,4.991562331980024,0.017433943483960004,0.00382317352316558,0.01656458182075611,0.0028829550547904773,0.00013719268545742125,8.311429848496853e-06,0.011963572812263745,0.002615792179006543,0.016071755897704914,4.55077564549339,1.5941350544339195,0.0
32,4584,4.995921775064723,0.017365443356429477,0.0038081517999307237,0.016496716422401598,0.0028711435345632444,0.00013607082636468704,8.243465196313901e-06,0.011913557987892617,0.0026048566174918194,0.01600336289554588,4.550819054965062,1.5941562340306825,0.0
32,4588,5.000281218149421,0.017297235341334757,0.0037931941354403154,0.016429150547157417,0.0028593841443368957,0.00013495849385236625,8.176077684993366e-06,0.011863767140077797,0.0025939700276458,0.01593528061114334,4.550862255596611,1.5941773206441199,0.0
32,4592,5.00464066123412,0.017229318105575916,0.0037783002373524446,0.016361882794908297,0.0028476766404307006,0.0001338556042966843,8.109262248425976e-06,0.011814199212420804,0.0025831321784907536,0.015867507561967188,4.550905248423013,1.5941983147039163,0.0
32,4596,5.009000104318819,0.0171616903224392,0.003763469814725656,0.016294911772360157,0.002836020780351111,0.00013276207484835822,8.043013867422832e-06,0.011764853153700362,0.002572342840180929,0.01580004227283389,4.550948034473952,1.5942192166376663,0.0
32,4600,5.0133595474035175,0.017094350671566373,0.0037487025780122253,0.01622823609300676,0.002824416322785958,0.00013167782334733147,7.97732756454987e-06,0.011715727917846922,0.002561601783996981,0.015732883275872318,4.550990614773839,1.5942400268708852,0.0
32,4604,5.017718990488216,0.017027297838921138,0.003733998239050798,0.016161854377093304,0.0028128630275981157,0.0001306027684648825,7.912198412737095e-06,0.011666822463914883,0.002550908782339896,0.015666029110481344,4.551032990341852,1.5942607458270202,0.0
32,4608,5.022078433572915,0.016960530516759772,0.003719356511059948,0.016095765251584526,0.002801360655819948,0.00012953682951888368,7.847621524086572e-06,0.01161813575605822,0.0025402636087256654,0.015599478323296057,4.551075162191955,1.5942813739274606,0.0
32,4612,5.026437876657614,0.01689404740359942,0.003704777108631224,0.016029967350130278,0.0027899089696473193,0.00012847992662301522,7.783592058912133e-06,0.011569666763504209,0.0025296660377795398,0.015533229468149922,4.551117131332932,1.5943019115915482,0.0
32,4616,5.030797319742312,0.016827847204186154,0.003690259747722148,0.015964459313030758,0.002778507732433542,0.0001274319805801838,7.720105219282432e-06,0.011521414460526853,0.0025191158452302176,0.015467281106037388,4.551158898768406,1.594322359236588,0.0
32,4620,5.035156762827011,0.01676192862946511,0.003675804145649664,0.015899239787204273,0.0027671567086837664,0.00012639291291094423,7.657156250742808e-06,0.011473377826422328,0.002508612807904477,0.015401631805074721,4.55120046549688,1.594342717277859,0.0
32,4624,5.03951620591171,0.016696290396549268,0.003661410021083291,0.01583430742615321,0.002755855664049058,0.0001253626458392887,7.5947404414543535e-06,0.011425555845482953,0.002498156703721487,0.015336280140468677,4.551241832511748,1.5943629861286237,0.0
32,4628,5.0438756489964085,0.016630931228689597,0.003647077094038579,0.01576966088993172,0.0027446043653207735,0.0001243411022926466,7.532853122193916e-06,0.011377947506972548,0.0024877473116874157,0.015271224694475276,4.551283000801333,1.5943831662001389,0.0
32,4632,5.048235092081107,0.016565849855243696,0.0036328050858702296,0.015705298845111654,0.0027334025804246313,0.0001233282059160956,7.47148966721502e-06,0.011330551805100411,0.002477384411889742,0.01520646405636642,4.551323971348911,1.594403257901666,0.0
32,4636,5.052594535165806,0.01650104501164595,0.003618593719265552,0.015641219964750222,0.0027222500784150833,0.00012232388098709635,7.410645489082326e-06,0.011283367738996661,0.0024670677854918654,0.015141996822392038,4.551364745132736,1.5944232616404814,0.0
32,4640,5.056953978250505,0.016436515439377748,0.0036044427182379316,0.01557742292835768,0.0027111466294696914,0.00012132805255049561,7.350316046850407e-06,0.011236394312687558,0.0024567972147277093,0.015077821595745656,4.551405323126071,1.5944431778218862,0.0
32,4644,5.061313421335203,0.016372259885937337,0.0035903518081202212,0.015513906421864575,0.0027000920048834264,0.00012034064623378526,7.290496834871735e-06,0.011189630535070496,0.002446572482896252,0.015013936986528711,4.551445706297208,1.594463006849216,0.0
32,4648,5.065672864419902,0.016308277104810007,0.0035763207155581987,0.015450669137589478,0.002689085977063052,0.00011936158839631617,7.231183391836386e-06,0.011143075419889379,0.002436393374356144,0.014950341611712463,4.551485895609497,1.5944827491238525,0.0
32,4652,5.070032307504601,0.016244565855438226,0.0035623491685040226,0.015387709774206539,0.002678128319521477,0.0001183908060511385,7.172371296036951e-06,0.01109672798570986,0.0024262596745202947,0.014887034095107284,4.551525892021378,1.5945024050452312,0.0
32,4656,5.0743917505892995,0.01618112490319265,0.0035484368962098714,0.01532502703671416,0.0026672188068723067,0.00011742822684368548,7.114056164077161e-06,0.011050587255895456,0.002416171169850649,0.014824013067325113,4.5515656964863975,1.5945219750108535,0.0
32,4660,5.078751193673998,0.01611795301934252,0.0035345836292214523,0.015262619636402781,0.002656357214824231,0.00011647377908019507,7.056233652593725e-06,0.011004652258582928,0.002406127647852803,0.014761277165742246,4.5516053099532385,1.594541459416295,0.0
32,4664,5.083110636758697,0.01605504898102663,0.0035207890993716353,0.015200486290823484,0.002645543320175564,0.00011552739173481541,6.998899458686795e-06,0.010958922026658354,0.0023961288970707766,0.014698825034469643,4.551644733365748,1.594560858655216,0.0
32,4668,5.087470079843396,0.015992411571224264,0.0035070530397740807,0.0151386257237564,0.002634776900808745,0.00011458899440697223,6.942049317337196e-06,0.010913395597732984,0.0023861747070817287,0.01463665532431566,4.55168396766296,1.594580173119371,0.0
32,4672,5.091829522928094,0.01593003957872569,0.0034933751848167656,0.015077036665178959,0.0026240577356848095,0.00011365851730715804,6.8856790005454994e-06,0.010868072014119093,0.0023762648684906825,0.014574766692750285,4.551723013779123,1.594599403198619,0.0
32,4676,5.096188966012793,0.015867931798104917,0.003479755270156013,0.01501571785123603,0.002613385604838197,0.00011273589129956463,6.8297843199147945e-06,0.010822950322807072,0.0023663991729255133,0.014513157803874454,4.551761872643721,1.5946185492809328,0.0
32,4680,5.100548409097492,0.015806087029689338,0.0034661930327098333,0.014954668024207371,0.0026027602893710835,0.00011182104785945057,6.774361124067918e-06,0.010778029575440738,0.002356577413031551,0.014451827328383298,4.551800545181506,1.5946376117524081,0.0
32,4684,5.1049078521821905,0.015744504079532828,0.0034526882106520234,0.014893885932478194,0.002592181571448256,0.00011091391908024661,6.719405299077917e-06,0.010733308828294751,0.0023467993824666444,0.014390773943533742,4.5518390323125155,1.594656590997274,0.0
32,4688,5.109267295266889,0.01568318175938659,0.0034392405434057758,0.01483337033050776,0.0025816492342916526,0.00011001443768776653,6.66491276932897e-06,0.010688787142250732,0.002337064875895936,0.014329996333110837,4.551877334952102,1.5946754873979019,0.0
32,4692,5.113626738351588,0.01562211888667109,0.003425849771637523,0.014773119978799012,0.0025711630621750715,0.00010912253696204743,6.610879492781305e-06,0.01064446358277409,0.0023273736889867975,0.014269493187393881,4.551915454010953,1.594694301334815,0.0
32,4696,5.117986181436287,0.015561314284448161,0.003412515637250819,0.014713133643868212,0.00256072284041889,0.00010823815081550947,6.557301465706283e-06,0.010600337219890827,0.0023177256184037593,0.014209263203123556,4.551953390395125,1.5947130331866974,0.0
32,4700,5.122345624520985,0.01550076678139326,0.0033992378833802585,0.014653410098214954,0.0025503283553848445,0.00010736121375742869,6.5041747205340866e-06,0.01055640712816468,0.0023081204618035085,0.014149305083469137,4.551991145006056,1.5947316833304046,0.0
32,4704,5.126705067605684,0.015440475211767715,0.0033860162543853873,0.014593948120292187,0.002539979394470813,0.00010649166087972617,6.451495324992798e-06,0.010512672386674268,0.002298558017829897,0.01408961753799449,4.5520287187406,1.5947502521409718,0.0
32,4708,5.131064510690383,0.015380438415390702,0.003372850495844558,0.01453474649447585,0.0025296757461055305,0.00010562942783565177,6.39925938081701e-06,0.010469132078989933,0.0022890380861088754,0.014030199282626457,4.552066112491043,1.5947687399916233,0.0
32,4712,5.135423953775081,0.015320655237612613,0.0033597403545490914,0.014475804011035938,0.002519417199743553,0.00010477445088241666,6.3474630263306005e-06,0.010425785293151638,0.0022795604672436603,0.013971049039622917,4.552103327145133,1.5947871472537818,0.0
32,4716,5.13978339685978,0.015261124529286891,0.003346685578497099,0.01441711946610615,0.0025092035458599746,0.00010392666685987706,6.296102435155343e-06,0.01038263112164585,0.002270124962809681,0.013912165537536617,4.552140363586103,1.5948054742970779,0.0
32,4720,5.144142839944479,0.015201845146743855,0.003333685916887742,0.014358691661655508,0.0024990345759454903,0.00010308601311237453,6.245173811475826e-06,0.010339668661383897,0.002260731375349847,0.013853547511190955,4.5521772226926895,1.5948237214893581,0.0
32,4724,5.148502283029178,0.015142815951762504,0.003320741120115049,0.014300519405457835,0.0024889100825010797,0.00010225242763084452,6.194673398648698e-06,0.010296897013678677,0.0022513795083694537,0.013795193701637943,4.552213905339165,1.5948418891966958,0.0
32,4728,5.152861726113876,0.015084035811544654,0.003307850939762244,0.014242601511063793,0.002478829859033144,0.00010142584891070783,6.144597470593418e-06,0.010254315284223338,0.0022420691663315243,0.013737102856134996,4.552250412395352,1.5948599777833983,0.0
32,4732,5.157221169198575,0.015025503598687593,0.003295015128595752,0.014184936797771282,0.002468793700048353,0.00010060621598739772,6.094942333944572e-06,0.010211922583068713,0.002232800154651873,0.013679273728106922,4.552286744726656,1.5948779876120172,0.0
32,4736,5.161580612283274,0.014967218191157651,0.0032822334405593987,0.014127524090596836,0.002458801401048666,9.979346847188708e-05,6.045704330204181e-06,0.010169718024601494,0.0022235722796943346,0.013621705077119654,4.5523229031940815,1.594895919043356,0.0
32,4740,5.165940055367972,0.014909178472264074,0.003269505630768685,0.014070362220247386,0.0024488527585264184,9.898754650805586e-05,5.99687983315893e-06,0.010127700727522717,0.0022143853487660596,0.013564395668844861,4.552358888654255,1.5949137724364808,0.0
32,4744,5.170299498452671,0.014851383330632134,0.003256831455504888,0.014013450023091194,0.0024389475699592624,9.818839077979646e-05,5.948465249310625e-06,0.010085869814825605,0.002205239170112669,0.013507344275030633,4.5523947019594555,1.5949315481487265,0.0
32,4748,5.17465894153737,0.014793831660176854,0.003244210672209301,0.013956786341129446,0.002429085633805223,9.739594248969752e-05,5.900457016584816e-06,0.010044224413773901,0.002196133552913518,0.013450549673471007,4.552430343957631,1.5949492465357087,0.0
32,4752,5.1790183846220685,0.014736522360077662,0.003231643039477672,0.013900370021968724,0.0024192667494979067,9.661014338036011e-05,5.852851605622173e-06,0.010002763655880861,0.0021870683072771043,0.013394010647973851,4.552465815492418,1.5949668679513298,0.0
32,4756,5.183377827706767,0.014679454334752028,0.0032191283170544265,0.013844199918792637,0.002409490717441565,9.583093570597612e-05,5.805645518056645e-06,0.009961486676887649,0.0021780432442363392,0.013337725988330757,4.5525011174031755,1.5949844127477886,0.0
32,4760,5.187737270791466,0.014622626493829052,0.003206666265826873,0.013788274890333239,0.0023997573390061194,9.50582622181173e-05,5.758835285654532e-06,0.009920392616741566,0.0021690581757437934,0.013281694490285842,4.552536250525,1.5950018812755897,0.0
32,4764,5.192096713876165,0.014566037752124898,0.003194256647819815,0.013732593800844487,0.002390066416522541,9.42920662510005e-05,5.712417475480031e-06,0.009879480619575786,0.0021601129146672626,0.013225914955507833,4.552571215688743,1.5950192738835511,0.0
32,4768,5.196456156960863,0.014509687029616625,0.0031818992261898153,0.013677155520073902,0.0023804177532779198,9.353229156516818e-05,5.6663886804250726e-06,0.009838749833687765,0.002151207274785048,0.01317038619155673,4.552606013721045,1.5950365909188131,0.0
32,4772,5.200815600045562,0.014453573251416807,0.0031695937652196273,0.013621958923235148,0.002370811153510691,9.277888246117527e-05,5.620745526096707e-06,0.009798199411518337,0.0021423410707813854,0.013115107011855606,4.552640645444349,1.5950538327268462,0.0
32,4776,5.205175043130261,0.014397695347748037,0.0031573400303126064,0.01356700289098056,0.0023612464224058547,9.203178372274579e-05,5.575484667373417e-06,0.009757828509630792,0.0021335141182418703,0.013060076235660332,4.552675111676927,1.595070999651461,0.0
32,4780,5.2095344862149595,0.014342052253918504,0.0031451377879873504,0.01351228630937463,0.0023517233660903607,9.129094065940535e-05,5.530602790987882e-06,0.009717636288690623,0.002124726233649032,0.013005292688030625,4.552709413232898,1.5950880920348152,0.0
32,4784,5.213893929299658,0.014286642910296157,0.0031329868058720396,0.013457808069866191,0.002342241791628267,9.055629902832152e-05,5.4860966107919005e-06,0.00967762191344438,0.0021159772343777054,0.012950755199798684,4.552743550922254,1.5951051102174225,0.0
32,4788,5.218253372384357,0.014231466262284255,0.003120886852699069,0.01340356706926195,0.0023328015070161346,8.982780509825261e-05,5.441962871630547e-06,0.009637784552699456,0.0021072669386906166,0.012896462607541577,4.552777525550878,1.5951220545381608,0.0
32,4792,5.222612815469056,0.014176521260296428,0.0031088376982995837,0.013349562209699644,0.0023234023211783543,8.910540560691516e-05,5.398198346759397e-06,0.009598123379303675,0.002098595165733916,0.012842413753551048,4.552811337920568,1.5951389253342807,0.0
32,4796,5.226972258553754,0.014121806859732132,0.003096839113598093,0.01329579239862139,0.0023140440439625098,8.838904776098389e-05,5.3547998378445335e-06,0.009558637570124939,0.00208996173553273,0.012788607485805917,4.552844988829056,1.5951557229414133,0.0
32,4800,5.231331701638453,0.01406732202095183,0.003084890870607031,0.013242256548746978,0.0023047264861347262,8.76786792503026e-05,5.311764175823462e-06,0.009519326306030886,0.0020813664689867135,0.012735042657940652,4.552878479070034,1.595172447693579,0.0
32,4804,5.235691144723152,0.014013065709252778,0.0030729927424214443,0.013188953578047738,0.0022954494593751275,8.697424824788413e-05,5.269088220905118e-06,0.009480188771869017,0.002072809187865703,0.012681718129218237,4.55291180943317,1.595189099923195,0.0
32,4808,5.2400505878078505,0.013959036894844972,0.0030611445032137172,0.013135882409720526,0.0022862127762733027,8.627570333885615e-05,5.226768858265245e-06,0.00944122415644683,0.002064289714805375,0.012628632764501749,4.552944980704131,1.595205679961084,0.0
32,4812,5.244410030892549,0.013905234552826712,0.003049345928228215,0.013083041972161294,0.0022770162503237103,8.55829936341479e-05,5.184803004933783e-06,0.009402431652511674,0.00205580787330284,0.01257578543422548,4.552977993664605,1.5952221881364819,0.0
32,4816,5.248769473977248,0.013851657663160445,0.0030375967937759842,0.013030431198939124,0.0022678596959211576,8.489606861417087e-05,5.143187600324706e-06,0.009363810456731002,0.0020473634877123245,0.0125231750143668,4.5530108490923205,1.595238624777045,0.0
32,4820,5.253128917061947,0.013798305210649201,0.0030258968772295873,0.012978049028770724,0.002258742928356361,8.421487829224361e-05,5.101919616136653e-06,0.009325359769672933,0.0020389563832409223,0.012470800386416448,4.553043547761068,1.5952549902088595,0.0
32,4824,5.257488360146645,0.013745176184912831,0.003014245957017889,0.012925894405494784,0.002249665763811485,8.353937309379944e-05,5.060996049035066e-06,0.009287078795786687,0.0020305863859443165,0.012418660437353811,4.55307609044072,1.595271284756449,0.0
32,4828,5.261847803231344,0.013692269580363707,0.0030026438126207304,0.012873966278045792,0.0022406280193555833,8.286950387059733e-05,5.020413921513119e-06,0.009248966743382669,0.002022253322722423,0.012366754059615348,4.5531084778972515,1.5952875087427818,0.0
32,4832,5.266207246316043,0.013639584396183905,0.002991090224563924,0.012822263600429372,0.002231629512940306,8.220522192203816e-05,4.9801702831831015e-06,0.009211022824613665,0.002013957021315282,0.012315080151070914,4.553140710892763,1.595303662489279,0.0
32,4836,5.2705666894007415,0.013587119636301227,0.0029795849744139943,0.01277078533169649,0.002222670063395412,8.154647900227019e-05,4.940262211206883e-06,0.009173246255455209,0.0020056973102987622,0.012263637614991456,4.553172790185497,1.5953197463158224,0.0
32,4840,5.27492613248544,0.013534874309366517,0.002968127844773206,0.01271953043591884,0.002213749490424486,8.089322726334558e-05,4.9006868068522135e-06,0.009135636255686815,0.0019974740190804603,0.012212425360026074,4.553204716529858,1.5953357605407623,0.0
32,4844,5.279285575570139,0.01348284742872962,0.0029567186192742886,0.012668497882163031,0.002204867614600442,8.0245419297853e-05,4.861441198075497e-06,0.009098192048872304,0.0019892869778953977,0.012161442300171375,4.553236490676437,1.5953517054809248,0.0
32,4848,5.283645018654838,0.013431038012417,0.0029453570825755315,0.012617686644466474,0.0021960242573613297,7.960300813891763e-05,4.822522539521794e-06,0.009060912862341505,0.001981136017802019,0.012110687354747563,4.553268113372028,1.59536758145162,0.0
32,4852,5.288004461739536,0.013379445083108631,0.0029340430203557135,0.012567095701812298,0.0021872192410059684,7.896594718914685e-05,4.783928008220197e-06,0.00902379792717105,0.0019730209706779953,0.012060159448367047,4.55329958535965,1.5953833887666493,0.0
32,4856,5.292363904824235,0.013328067668114585,0.0029227762193089714,0.012516724038104254,0.0021784523886895796,7.833419032721167e-05,4.745654810040762e-06,0.008986846478165346,0.001964941669216061,0.012009857510912542,4.5533309073785615,1.5953991277383137,0.0
32,4860,5.296723347908934,0.013276904799353433,0.00291155646714006,0.012466570642143382,0.0021697235244197235,7.770769179415993e-05,4.707700172807119e-06,0.008950057753838754,0.0019568979469201195,0.011959780477507453,4.553362080164288,1.5954147986774199,0.0
32,4864,5.301082790993632,0.01322595551332829,0.0029003835525591034,0.012416634507602161,0.0021610324730518033,7.708640625025964e-05,4.670061349740163e-06,0.008913430996395933,0.0019488896381009437,0.0119099272884887,4.553393104448635,1.5954304018932892,0.0
32,4868,5.305442234078331,0.013175218851105317,0.0028892572652768752,0.012366914633001385,0.002152379060285038,7.647028878920992e-05,4.632735620318983e-06,0.008876965451714215,0.0019409165778723244,0.011860296889381994,4.553423980959712,1.5954459376937646,0.0
32,4872,5.30980167716303,0.013124693858291065,0.0028781773959998353,0.01231741002168564,0.002143763112658197,7.585929483155951e-05,4.595720283823927e-06,0.008840660369324922,0.0019329786021469832,0.011810888230876629,4.553454710421949,1.5954614063852173,0.0
32,4876,5.314161120247729,0.013074379585010103,0.0028671437364252202,0.012268119681799314,0.002135184457545421,7.525338026681538e-05,4.559012667945846e-06,0.008804515002395123,0.0019250755476325852,0.011761700268795418,4.553485293556116,1.595476808272556,0.0
32,4880,5.318520563332427,0.01302427508588252,0.0028561560792361115,0.012219042626262272,0.0021266429231519926,7.465250136107215e-05,4.522610123190089e-06,0.008768528607709093,0.0019172072518276843,0.011712731964072829,4.553515731079343,1.5954921436592324,0.0
32,4884,5.322880006417126,0.012974379420002704,0.002845214218096781,0.012170177872746999,0.002118138338510355,7.405661472859038e-05,4.486510021154645e-06,0.008732700445650913,0.0019093735530179197,0.011663982282725945,4.553546023705138,1.5955074128472495,0.0
32,4888,5.327239449501825,0.012924691650916646,0.0028343179476477136,0.012121524443654158,0.0021096705334758604,7.346567741706167e-05,4.450709759695703e-06,0.008697029780185864,0.0019015742902719459,0.011615450195830707,4.553576172143409,1.5955226161371685,0.0
32,4892,5.331598892586523,0.012875210846600562,0.0028234670635009203,0.012073081366089575,0.0021012393387227625,7.287964683655446e-05,4.415206758623016e-06,0.008661515878842903,0.0018938093034376032,0.011567134679496617,4.5536061771004785,1.5955377538281161,0.0
32,4896,5.335958335671222,0.01282593607943905,0.0028126613622351474,0.012024847671840653,0.0020928445857401117,7.22984807737248e-05,4.379998460560837e-06,0.008626158012696698,0.0018860784331379888,0.011519034714838889,4.553636039279103,1.595552826217792,0.0
32,4900,5.340317778755921,0.012776866426203218,0.0028019006413910795,0.011976822397352906,0.0020844861068276734,7.172213736339472e-05,4.345082329226061e-06,0.008590955456349794,0.0018783815207675575,0.011471149287955331,4.553665759378493,1.5955678336024757,0.0
32,4904,5.3446772218406196,0.012728000968029483,0.0027911846994666915,0.011929004583707012,0.0020761637350919307,7.115057518092271e-05,4.3104558550242405e-06,0.008555907487915104,0.0018707184084882933,0.011423477389899604,4.553695338094334,1.595582776277034,0.0
32,4908,5.349036664925318,0.012679338790398129,0.0027805133359125457,0.01188139327659578,0.002067877304442078,7.058375310009524e-05,4.276116546440339e-06,0.008521013388998392,0.0018630889392258793,0.011376018016659035,4.553724776118799,1.5955976545349277,0.0
32,4912,5.353396108010017,0.012630878983112243,0.002769886351127172,0.011833987526301451,0.0020596266495860696,7.002163039260267e-05,4.242061936065199e-06,0.008486272444680988,0.0018554929566659193,0.01132877016912514,4.5537540741405715,1.5956124686682183,0.0
32,4916,5.357755551094716,0.01258262064027562,0.0027593035464522245,0.011786786387671989,0.0020514116060264937,6.946416667830135e-05,4.208289577582312e-06,0.008451683943501783,0.00184793030525,0.011281732853073122,4.553783232844861,1.5956272189675764,0.0
32,4920,5.362114994179414,0.01253456286027284,0.0027487647241681104,0.011739788920099456,0.0020432320100568077,6.891132194652982e-05,4.174797047059202e-06,0.00841724717744069,0.0018404008301720746,0.011234905079134608,4.553812252913422,1.5956419057222873,0.0
32,4924,5.366474437264113,0.01248670474574803,0.0027382696874893335,0.01169299418749727,0.0020350876987573823,6.836305653479258e-05,4.141581941656038e-06,0.008382961441901393,0.0018329043773746925,0.011188285862773933,4.553841135024575,1.595656529220258,0.0
32,4928,5.370833880348812,0.012439045403583392,0.0027278182405597864,0.011646401258277116,0.0020269785099914805,6.78193311429709e-05,4.1086418804865605e-06,0.008348826035693773,0.001825440793545155,0.011141874224264093,4.553869879853217,1.5956710897480253,0.0
32,4932,5.3751933234335105,0.01239158394487873,0.002717410188448259,0.011600009205326865,0.002018904282401416,6.72801067906903e-05,4.075974502035307e-06,0.008314840261017078,0.0018180099261118372,0.011095669188661065,4.553898488070846,1.5956855875907616,0.0
32,4936,5.379552766518209,0.012344319484931508,0.0027070453371440665,0.01155381710598905,0.0020108648554048062,6.674534485995309e-05,4.043577466740386e-06,0.00828100342344355,0.0018106116232406064,0.011049669785782567,4.553926960345578,1.595700023032282,0.0
32,4940,5.383912209602908,0.012297251143215253,0.0026967234935523134,0.011507824042037743,0.002002860069190549,6.621500709513839e-05,4.011448456993478e-06,0.00824731483190084,0.0018032457338309786,0.011003875050180599,4.553955297342162,1.5957143963550509,0.0
32,4944,5.388271652687607,0.012250378043359532,0.0026864444654895025,0.01146202909965691,0.001994889764715055,6.568905553905324e-05,3.979585173265672e-06,0.008213773798655512,0.0017959121075125104,0.010958284021118545,4.553983499721997,1.5957287078401896,0.0
32,4948,5.392631095772305,0.01220369931313002,0.0026762080616791624,0.011416431369419002,0.0019869537836985206,6.516745261109236e-05,3.947985338842554e-06,0.008180379639296777,0.0017886105946412437,0.010912895742550497,4.554011568143154,1.5957429577674815,0.0
32,4952,5.396990538857004,0.012157214084407838,0.0026660140917473193,0.01137102994626279,0.0019790519686210717,6.465016102197296e-05,3.916646694658658e-06,0.008147131672719618,0.0017813410462960162,0.010867709263091817,4.55403950326039,1.5957571464153804,0.0
32,4956,5.401349981941703,0.012110921493169313,0.0026558623662180556,0.011325823929471455,0.0019711841627189503,6.413714385189451e-05,3.8855670040325505e-06,0.008114029221108104,0.001774103314274811,0.010822723636002087,4.554067305725163,1.5957712740610157,0.0
32,4960,5.4057094250264015,0.012064820679466253,0.002645752696509186,0.01128081242265148,0.0019633502099808387,6.362836446527353e-05,3.854744047501287e-06,0.00808107160991935,0.0017668972510912519,0.010777937919155406,4.554094976185654,1.5957853409802003,0.0
32,4964,5.4100688681111,0.012018910787405777,0.002635684894927835,0.011235994533710906,0.0019555499551440784,6.312378658890339e-05,3.8241756275554905e-06,0.008048258167866959,0.001759722709970982,0.01073335117502241,4.554122515286783,1.5957993474474368,0.0
32,4968,5.414428311195799,0.011973190965130673,0.0026256587746661267,0.011191369374838259,0.0019477832436909997,6.262337424800535e-05,3.7938595647651974e-06,0.008015588226905008,0.0017525795448481622,0.0106889624706437,4.554149923670223,1.5958132937359233,0.0
32,4972,5.418787754280498,0.011927660364799263,0.0026156741497967715,0.011146936062480845,0.0019400499218451455,6.212709179465037e-05,3.7637936995017027e-06,0.007983061122211506,0.001745467610361855,0.010644770877608227,4.554177201974418,1.5958271801175608,0.0
32,4976,5.423147197365196,0.011882318142566722,0.002605730835268969,0.011102693717324653,0.0019323498365677735,6.16349038935482e-05,3.7339758910766375e-06,0.00795067619217312,0.0017383867618526831,0.010600775472030453,4.5542043508346035,1.5958410068629594,0.0
32,4980,5.427506640449895,0.011837163458564313,0.0025958286469038552,0.011058641464272094,0.001924682835553981,6.114677552204739e-05,3.7044040177419684e-06,0.007918432778368248,0.0017313368553591316,0.010556975334526791,4.5542313708828175,1.5958547742414444,0.0
32,4984,5.431866083534594,0.01179219547688078,0.0025859674013904207,0.011014778432422,0.0019170487672292252,6.066267196302988e-05,3.675075976259535e-06,0.007886330225551807,0.0017243177476142185,0.010513369550193474,4.554258262747921,1.5958684825210636,0.0
32,4988,5.4362255266192925,0.01174741336554305,0.0025761469162812784,0.010971103755048707,0.0019094474807456808,6.018255880491097e-05,3.6459896819010496e-06,0.00785436788163927,0.001717329296042007,0.010469957208583808,4.554285027055613,1.5958821319685923,0.0
32,4992,5.440584969703991,0.011702816296496095,0.002566367009988248,0.010927616569580691,0.0019018788259785237,5.970640194163934e-05,3.6171430684480995e-06,0.007822545097690497,0.0017103713587540686,0.010426737403686123,4.554311664428447,1.595895722849541,0.0
32,4996,5.44494441278869,0.011658403445584792,0.002556627501778381,0.010884316017580843,0.0018943426535224972,5.9234167586907915e-05,3.588534089053068e-06,0.007790861227894668,0.00170344379454619,0.010383709233901186,4.554338175485848,1.5959092554281609,0.0
32,5000,5.449303855873389,0.011614173992534671,0.0025469282117697323,0.010841201244725861,0.0018868388146883249,5.8765822217310415e-05,3.560160712795439e-06,0.00775931562955463,0.0016965464628949489,0.010340871802019237,4.554364560844127,1.5959227299674503,0.0
32,5004,5.453663298958087,0.011570127120932265,0.002537268960927057,0.01079827140078514,0.0018793671614990373,5.830133262207937e-05,3.532020927695032e-06,0.007727907663070831,0.0016896792239542034,0.010298224215199358,4.554390821116501,1.5959361467291615,0.0
32,5008,5.458022742042786,0.01152626201820736,0.0025276495710579152,0.010755525639601698,0.0018719275466866517,5.784066589598069e-05,3.5041127402815407e-06,0.00769663669192684,0.0016828419385519246,0.010255765584946952,4.554416956913104,1.5959495059738058,0.0
32,5012,5.462382185127485,0.011482577875613171,0.002518069864808325,0.010712963119070886,0.0018645198236884669,5.738378940378652e-05,3.47643417344222e-06,0.007665502082673133,0.0016760344681866516,0.010213495027089941,4.554442968841007,1.5959628079606607,0.0
32,5016,5.4667416282121835,0.011439073888208444,0.0025085296656588377,0.010670583001121158,0.0018571438466437166,5.693067078738068e-05,3.4489832668523493e-06,0.007634503204912475,0.0016692566750242956,0.010171411661761505,4.554468857504232,1.5959760529477756,0.0
32,5020,5.471101071296882,0.011395749254838255,0.002499028797920328,0.010628384451693382,0.0018497994703899684,5.648127802970748e-05,3.4217580808493936e-06,0.007603639431284165,0.0016625084218946952,0.01012951461337357,4.554494623503767,1.595989241191978,0.0
32,5024,5.475460514381581,0.011352603178116058,0.002489567086730055,0.010586366640721651,0.0018424865504597836,5.6035579326874085e-05,3.3947566886846814e-06,0.007572910137449481,0.0016557895722884334,0.01008780301059786,4.554520267437584,1.59600237294888,0.0
32,5028,5.47981995746628,0.011309634864405152,0.0024801443580476,0.010544528742113325,0.0018352049430772448,5.559354320183729e-05,3.367977183410802e-06,0.0075423147020764756,0.0016490999903535145,0.010046275986344553,4.554545789900655,1.596015448472883,0.0
32,5032,5.484179400550978,0.011266843523800188,0.002470760438650811,0.010502869933729187,0.0018279545051545015,5.515513843334929e-05,3.3414176735769827e-06,0.0075118525068248974,0.0016424395408920654,0.010004932677740015,4.554571191484963,1.5960284680171855,0.0
32,5036,5.488538843635677,0.011224228370109153,0.0024614151561318503,0.010461389397364119,0.0018207350942884058,5.472033406306309e-05,3.31507628365955e-06,0.007481522936331498,0.0016358080893571247,0.009963772226106385,4.554596472779524,1.5960414318337879,0.0
32,5040,5.492898286720376,0.011181788620835202,0.0024521083388932127,0.010420086318727503,0.0018135465687571042,5.4289099445270494e-05,3.2889511570751673e-06,0.0074513253781951115,0.0016292055018493792,0.009922793776940568,4.5546216343703945,1.5960543401734988,0.0
32,5044,5.497257729805074,0.011139523497158467,0.002442839816143734,0.010378959887423806,0.0018063887875166555,5.3861404182953265e-05,3.263040452306673e-06,0.007421259222961925,0.0016226316451139445,0.009881996479891719,4.554646676840696,1.5960671932859412,0.0
32,5048,5.501617172889773,0.011097432223918362,0.0024336094178947112,0.010338009296933542,0.001799261610197719,5.34372181206777e-05,3.2373423424726202e-06,0.00739132386411098,0.0016160863865371932,0.00984137948874275,4.554671600770623,1.5960799914195576,0.0
32,5052,5.505976615974472,0.011055514029595941,0.002424416974956036,0.010297233744594297,0.0017921648971022516,5.301651139433261e-05,3.21185501834051e-06,0.007361518698039746,0.0016095695941436027,0.009800941961387805,4.5546964067374605,1.5960927348216167,0.0
32,5056,5.510336059059171,0.011013768146295658,0.0024152623189321915,0.010256632431581206,0.0017850985092001104,5.2599254416918484e-05,3.186576687465868e-06,0.007331843124049302,0.0016030811365925141,0.009760683059812494,4.554721095315601,1.5961054237382188,0.0
32,5060,5.514695502143869,0.010972193809727731,0.002406145282218386,0.010216204562887998,0.0017780623081257527,5.2185417835914905e-05,3.1615055716094725e-06,0.00730229654432989,0.0015966208831749726,0.009720601950072813,4.5547456670765545,1.5961180584143018,0.0
32,5064,5.519054945228568,0.01093079025919086,0.002397065697996764,0.010175949347308418,0.0017710561561750037,5.17749725688077e-05,3.1366399088896634e-06,0.007272878363946814,0.0015901887038106467,0.009680697802275387,4.5547701225889705,1.596130639093647,0.0
32,5068,5.523414388313267,0.010889556737555152,0.002388023400232661,0.010135865997417963,0.0017640799163018775,5.1367889760456364e-05,3.11197795119957e-06,0.007243587990826556,0.0015837844690447904,0.009640969790557173,4.554794462418645,1.5961431660188836,0.0
32,5072,5.527773831397965,0.010848492491242964,0.0023790182236704017,0.010095953729553343,0.0017571334521150014,5.0964140854148354e-05,3.0875179685117333e-06,0.007214424835741171,0.001577408050044832,0.009601417093063365,4.5548186871285425,1.5961556394314977,0.0
32,5076,5.532133274482664,0.010807596770214076,0.0023700500038300503,0.010056211763796438,0.0017502166278748259,5.056369752054479e-05,3.0632582445734833e-06,0.0071853883122960545,0.0015710593185976995,0.009562038891929718,4.5548427972788055,1.596168059571834,0.0
32,5080,5.536492717567363,0.010766868827946707,0.0023611185770032466,0.010016639323954116,0.0017433293084901094,5.016653167899676e-05,3.039197078198326e-06,0.007156477836914652,0.001564738147106478,0.009522834373261744,4.55486679342677,1.5961804266791035,0.0
32,5084,5.5408521606520615,0.01072630792142075,0.0023522237802495287,0.009977235637540084,0.001736471359514762,4.9772615490439875e-05,3.0153327828354806e-06,0.007127692828824625,0.0015584444085873837,0.009483802727115073,4.554890676126984,1.5961927409913896,0.0
32,5088,5.54521160373676,0.010685913311100905,0.0023433654513926347,0.009937999935756931,0.0017296426471447187,4.9381921364499703e-05,2.9916636870003432e-06,0.007099032710044229,0.0015521779766667866,0.009444943147473768,4.554914445931216,1.5962050027456525,0.0
32,5092,5.549571046821459,0.01064568426092014,0.0023345434290168764,0.00989893145347829,0.0017228430382148349,4.89944219665972e-05,2.968188134704948e-06,0.0070704969053687365,0.001545938725578241,0.009406254832234145,4.554938103388473,1.596217212177735,0.0
32,5096,5.553930489906158,0.01060562003826108,0.0023257575524630574,0.009860029429228973,0.0017160724001954305,4.861009018242157e-05,2.9449044833056555e-06,0.007042084842355366,0.001539726530159191,0.009367736983181236,4.554961649045014,1.5962293695223686,0.0
32,5100,5.558289932990856,0.010565719913941698,0.0023170076618253353,0.009821293105169507,0.0017093306011895957,4.822889913214112e-05,2.9218111043640787e-06,0.007013795951311493,0.0015335412658483928,0.009329388805971794,4.554985083444364,1.5962414750131788,0.0
32,5104,5.562649376075555,0.010525983162196698,0.002308293597947139,0.009782721727076263,0.001702617509929736,4.7850822191719544e-05,2.8989063849384682e-06,0.006985629665279569,0.0015273828086826168,0.009291209510114938,4.555008407127328,1.5962535288826902,0.0
32,5108,5.567008819160254,0.010486409060661643,0.002299615202417689,0.009744314544324404,0.001695932995774601,4.747583297870506e-05,2.8761887267227885e-06,0.0069575854200241705,0.0015212510352938166,0.009253198308951974,4.555031620632008,1.5962655313623324,0.0
32,5112,5.5713682622449525,0.010446996890356271,0.0022909723175683363,0.009706070809870007,0.001689276928706176,4.710390528117614e-05,2.8536565417420963e-06,0.0069296626540183955,0.001515145822906154,0.009215354419637889,4.555054724493808,1.5962774826824448,0.0
32,5116,5.575727705329651,0.010407745935668402,0.0022823647864690356,0.009667989780232795,0.001682649179326674,4.67350132069555e-05,2.8313082613922454e-06,0.006901860808430754,0.001509067049333133,0.009177677063120235,4.555077719245462,1.5962893830722829,0.0
32,5120,5.58008714841435,0.01036865548433684,0.002273792452924596,0.009630070715477862,0.0016760496188553567,4.636913099176354e-05,2.8091423248174094e-06,0.006874179327111287,0.001503014592974565,0.009140165464124578,4.555100605417032,1.5963012327600223,0.0
32,5124,5.584446591499049,0.010329724827435304,0.002265255161471154,0.009592312879198386,0.0016694781191255255,4.600623319817032e-05,2.787157190963022e-06,0.0068466176565784125,0.001496988332813692,0.00910281885113014,4.555123383535937,1.5963130319727663,0.0
32,5128,5.588806034583747,0.010290953259356478,0.0022567527573726805,0.009554715538498572,0.0016629345525815522,4.564629451664359e-05,2.765351326522834e-06,0.006819175246005985,0.001490988148414358,0.00906563645635492,4.555146054126955,1.5963247809365486,0.0
32,5132,5.593165477668446,0.010252340077795718,0.0022482850866174034,0.009517277963976183,0.0016564187922758393,4.528928992897363e-05,2.7437232158395474e-06,0.0067918515472099985,0.001485013919918101,0.009028617515736165,4.555168617712242,1.5963364798763409,0.0
32,5136,5.597524920753145,0.010213884583735008,0.0022398519959142917,0.009479999429705272,0.0016499307118658143,4.493519460169182e-05,2.722271354447879e-06,0.0067646460146354856,0.001479065528041289,0.008991761268910298,4.555191074811344,1.5963481290160555,0.0
32,5140,5.6018843638378435,0.010175586081426938,0.0022314533326895413,0.009442879213219188,0.0016434701856109723,4.458398392159779e-05,2.7009942512268744e-06,0.006737558105343609,0.0014731428540722975,0.008955066959195708,4.555213425941213,1.5963597285785536,0.0
32,5144,5.606243806922542,0.010137443878378893,0.0022230889450831084,0.009405916595493502,0.001637037088369904,4.423563350286486e-05,2.6798904288303675e-06,0.0067105872789986875,0.0014672457798686725,0.008918533833575444,4.555235671616217,1.5963712787856479,0.0
32,5148,5.610603250007241,0.010099457285336896,0.0022147586819451642,0.009369110860928696,0.0016306312955972834,4.389011916572372e-05,2.658958422395595e-06,0.006683732997855029,0.001461374187854252,0.008882161142675916,4.555257812348152,1.5963827798581094,0.0
32,5152,5.61496269309194,0.010061625616270472,0.002206462392832779,0.00933246129733406,0.0016242526833410644,4.3547416943567896e-05,2.638196779973659e-06,0.006656994726744726,0.0014555279610164976,0.008845948140751481,4.555279848646264,1.5963942320156719,0.0
32,5156,5.619322136176638,0.010023948188356823,0.002198199928006449,0.009295967195910547,0.0016179011282394969,4.3207503054532026e-05,2.6176040608076786e-06,0.006630371933064588,0.0014497069829036361,0.008809894085664634,4.55530178101725,1.5964056354770368,0.0
32,5160,5.623681579261337,0.009986424321964484,0.002189971138426514,0.009259627851233519,0.0016115765075181252,4.287035397254613e-05,2.59717883963741e-06,0.0066038640867630925,0.0014439111376218087,0.00877399823886841,4.5553236099652805,1.5964169904598793,0.0
32,5164,5.628041022346036,0.009949053340638923,0.002181775875749997,0.009223442561237081,0.0016052786989870598,4.253594635628133e-05,2.5769197023946267e-06,0.006577470660328431,0.0014381403098324545,0.008738259865389453,4.5553453359920075,1.596428297180852,0.0
32,5168,5.6324004654307345,0.009911834571086305,0.002173613992327048,0.009187410627196831,0.0015990075810379755,4.2204257020728164e-05,2.5568252444812688e-06,0.006551191128775432,0.001432394384749454,0.008702678233808214,4.555366959596582,1.5964395558555913,0.0
32,5172,5.636759908515433,0.009874767343158479,0.0021654853411976465,0.009151531353713788,0.0015927630326413155,4.187526306509426e-05,2.5368940785177647e-06,0.006525024969633363,0.0014266732481364598,0.008667252616243338,4.555388481275661,1.5964507666987215,0.0
32,5176,5.641119351600132,0.00983785098983749,0.00215738977608821,0.009115804048697803,0.0015865449333434018,4.1548941737801215e-05,2.517124826164247e-06,0.006498971662933326,0.001420976786304142,0.008631982288331811,4.555409901523425,1.5964619299238605,0.0
32,5180,5.645478794684831,0.009801084847221203,0.0021493271514084387,0.009080228023352043,0.0015803531632637374,4.122527047911717e-05,2.4975161207033277e-06,0.006473030691196444,0.0014153048861076047,0.008596866529213616,4.555431220831587,1.5964730457436234,0.0
32,5184,5.649838237769529,0.009764468254506798,0.0021412973222476954,0.009044802592155485,0.0015741876030919571,4.09042269708948e-05,2.4780666100533324e-06,0.006447201539420592,0.0014096574349434852,0.00856190462151351,4.555452439689411,1.5964841143696291,0.0
32,5188,5.654197680854228,0.009728000553976886,0.002133300144371963,0.009009527072847981,0.00156804813408523,4.058578904420074e-05,2.458774951172292e-06,0.006421483695069057,0.0014040343207474743,0.008527095851321541,4.555473558583717,1.5964951360125046,0.0
32,5192,5.658557123938927,0.00969168109098372,0.002125335474220381,0.008974400786413395,0.0015619346380653235,4.026993474326446e-05,2.4396398139321024e-06,0.006395876648057737,0.0013984354319915165,0.008492439508178734,4.555494577998902,1.5965061108818894,0.0
32,5196,5.6629165670236254,0.009655509213934725,0.002117403168902072,0.008939423057064046,0.0015558469974158962,3.995664230416196e-05,2.420659879827139e-06,0.006370379890743295,0.001392860657681222,0.008457934885058844,4.55551549841694,1.596517039186441,0.0
32,5200,5.667276010108324,0.00961948427427792,0.0021095030861929447,0.008904593212225134,0.0015497850950797873,3.964589014771036e-05,2.4018338415437916e-06,0.006344992917911353,0.0013873098873532835,0.008423581278350934,4.555536320317414,1.5965279211338392,0.0
32,5204,5.671635453193023,0.009583605626486734,0.002101635084532365,0.008869910582518523,0.0015437488145561937,3.9337656879467886e-05,2.3831604029604693e-06,0.0063197152267641795,0.001381783011072785,0.008389377987841984,4.555557044177506,1.5965387569307916,0.0
32,5208,5.675994896277722,0.009547872628045396,0.002093799023019952,0.008835374501747073,0.001537738039897944,3.903192130394473e-05,2.364638280008519e-06,0.006294546316908788,0.0013762799194305987,0.008355324316701064,4.555577670472027,1.5965495467830375,0.0
32,5212,5.68035433936242,0.009512284639434402,0.002085994761412391,0.008800984306879141,0.0015317526557088001,3.872866238907591e-05,2.3462661985199206e-06,0.006269485690345181,0.0013708005035408164,0.008321419571462381,4.555598199673417,1.5965602908953531,0.0
32,5216,5.684713782447119,0.009476841024116051,0.0020782221601202584,0.008766739338033017,0.001525792547140749,3.8427859323064695e-05,2.3280428976709776e-06,0.006244532851454499,0.001365344655038156,0.008287663062006054,4.5556186322517656,1.596570989471557,0.0
32,5220,5.689073225531818,0.00944154114851972,0.0020704810802047997,0.008732638938461226,0.0015198575998912696,3.812949142201205e-05,2.3099671243863157e-06,0.006219687306987129,0.0013599122660753636,0.008254054101545363,4.555638968674822,1.5965816427145132,0.0
32,5224,5.693432668616516,0.009406384382027781,0.0020627713833748333,0.008698682454535521,0.001513947700200723,3.7833538229392616e-05,2.2920376393653483e-06,0.00619494856605132,0.0013545032293207225,0.008220592006607052,4.5556592094080015,1.5965922508261374,0.0
32,5228,5.697792111701215,0.009371370096961438,0.0020550929319836505,0.008664869235731598,0.0015080627348496895,3.7539979437895e-05,2.274253212347195e-06,0.006170316140101546,0.0013491174379555106,0.008187276097017145,4.555679354914408,1.5966028140074005,0.0
32,5232,5.702151554785914,0.009336497668565655,0.0020474455890257073,0.00863119863461309,0.0015022025911561852,3.724879493915978e-05,2.2566126251239163e-06,0.006145789542926376,0.001343754785671346,0.008154105695881838,4.555699405654831,1.5966133324583343,0.0
32,5236,5.706510997870613,0.00930176647499607,0.0020398292181337545,0.00859767000681753,0.001496367156973218,3.695996477404151e-05,2.2391146685272773e-06,0.006121368290637819,0.00133841516666786,0.0081210801295743,4.555719362087776,1.596623806378035,0.0
32,5240,5.710870440955311,0.009267175897303954,0.0020322436835755425,0.008564282711040216,0.001490556320685979,3.667346918234671e-05,2.2217581454419853e-06,0.0060970519016590435,0.0013330984756500096,0.008088198727715344,4.555739224669459,1.5966342359646686,0.0
32,5244,5.71522988404001,0.009232725319422973,0.0020246888502509133,0.008531036109020132,0.0014847699712093924,3.638928853888501e-05,2.2045418669315277e-06,0.006072839896713733,0.0013278046078257515,0.00805546082315852,4.555758993853831,1.5966446214154755,0.0
32,5248,5.719589327124709,0.009198414128154685,0.002017164583688625,0.008497929565524403,0.0014790079979854105,3.6107403445839736e-05,2.1874646578341816e-06,0.006048731798814258,0.0013225334589034557,0.00802286575197641,4.55577867009258,1.5966549629267741,0.0
32,5252,5.723948770209407,0.009164241713154709,0.0020096707500433146,0.00846496244833354,0.0014732702909804455,3.582779462618646e-05,2.1705253503060814e-06,0.006024727133250488,0.001317284925089459,0.007990412853439337,4.55579825383515,1.5966652606939666,0.0
32,5256,5.728308213294106,0.00913020746691881,0.00200220721609245,0.00843213412822655,0.0014675567406827775,3.555044298764187e-05,2.1537227876953768e-06,0.006000825427578494,0.0013120589030855953,0.00795810147000512,4.555817745528746,1.5966755149115428,0.0
32,5260,5.732667656378805,0.009096310784769936,0.0019947738492334856,0.008399443978966982,0.0014618672381001264,3.527532958003121e-05,2.1370558219594626e-06,0.005977026211609915,0.0013068552900868697,0.007925930947299141,4.555837145618353,1.5966857257730842,0.0
32,5264,5.7370270994635035,0.00906255106484335,0.0019873705174806,0.008366891377287184,0.0014562016747569119,3.500243565923711e-05,2.120523317539135e-06,0.00595332901740007,0.0013016739837788602,0.00789390063410077,4.555856454546741,1.5966958934712692,0.0
32,5268,5.741386542548202,0.00902892770807369,0.0019799970894618627,0.008334475702874418,0.0014505599426918364,3.4731742630356166e-05,2.104124147914896e-06,0.005929733379237384,0.0012965148823354058,0.007862009882326113,4.55587567275448,1.5967060181978772,0.0
32,5272,5.745745985632901,0.008995440118181784,0.001972653434416339,0.008302196338356705,0.0014449419344554223,3.446323203348811e-05,2.0878571947460297e-06,0.005906238833632643,0.0012913778844162562,0.007830258047014111,4.555894800679946,1.5967161001437928,0.0
32,5276,5.7501054287176,0.008962087701660112,0.001965339422190903,0.008270052669287367,0.0014393475431073205,3.419688558636835e-05,2.071721350453374e-06,0.005882844919307274,0.0012862628891645099,0.007798644486310957,4.555913838759341,1.5967261394990109,0.0
32,5280,5.754464871802298,0.008928869867760248,0.0019580549232374837,0.008238044084131544,0.0014337766622139652,3.393268517015713e-05,2.055715517358396e-06,0.0058595511771831,0.0012811697962043743,0.007767168561451508,4.555932787426698,1.5967361364526398,0.0
32,5284,5.758824314886997,0.008895786028479251,0.001950799808610082,0.008206169974251724,0.001428229185846054,3.367061282233408e-05,2.039838607252732e-06,0.005836357150371374,0.0012760985056387677,0.0077358296367487,4.555951647113892,1.5967460911929072,0.0
32,5288,5.763183757971696,0.008862835598546141,0.0019435739499618025,0.008174429733893247,0.0014227050085760264,3.34106507509091e-05,2.024089542259109e-06,0.005813262384161768,0.0012710489180469118,0.00770462707957444,4.555970418250651,1.5967560039071627,0.0
32,5292,5.7675432010563945,0.008830017995409197,0.0019363772195420694,0.008142822760170716,0.001417204025475697,3.315278125626264e-05,2.0084672500962622e-06,0.0057902664260120595,0.0012660209344820767,0.00767356026034631,4.555989101264574,1.5967658747818838,0.0
32,5296,5.771902644141093,0.008797332639222296,0.0019292094901936312,0.008111348453053403,0.0014117261321137176,3.2896986873254264e-05,1.9929706726881793e-06,0.005767368825537049,0.001261014456469158,0.007642628552512373,4.556007696581131,1.5967757040026787,0.0
32,5300,5.776262087225792,0.008764778952832022,0.001922070635349732,0.008080006215351588,0.0014062712245531978,3.2643250222008646e-05,1.977598757124394e-06,0.005744569134498234,0.0012560293860024191,0.007611831332535128,4.556026204623682,1.5967854917542916,0.0
32,5304,5.780621530310491,0.008732356361765134,0.0019149605290313652,0.008048795452702977,0.001400839199349342,3.2391554135813294e-05,1.9623504634083042e-06,0.005721866906793437,0.0012510656255432227,0.007581167979877458,4.556044625813483,1.5967952382206065,0.0
32,5308,5.784980973395189,0.008700064294214226,0.001907879045844128,0.008017715573557526,0.001395429953546808,3.214188150479913e-05,1.9472247549870055e-06,0.005699261698445337,0.0012461230780175237,0.007550637876986814,4.5560629605697,1.5968049435846514,0.0
32,5312,5.789340416479888,0.008667902181026482,0.0019008260609757553,0.007986765989165465,0.0013900433846776227,3.189421548910332e-05,1.9322206116651566e-06,0.0056767530675923905,0.0012412016468138845,0.007520240409282109,4.556081209309421,1.5968146080286023,0.0
32,5316,5.793699859564587,0.008635869455690075,0.0018938014501931368,0.007955946113562604,0.0013846793907586247,3.1648539284390154e-05,1.9173370153997267e-06,0.005654340574477638,0.0012363012357810275,0.0074899749651377145,4.556099372447659,1.596824231733788,0.0
32,5320,5.7980593026492855,0.008603965554321117,0.001886805089839456,0.007925255363556514,0.0013793378702890587,3.140483629238133e-05,1.9025729606310872e-06,0.005632023781438245,0.001231421749225547,0.007459840935867313,4.556117450397372,1.596833814880693,0.0
32,5324,5.802418745733984,0.008572189915651635,0.0018798368568315536,0.007894693158713707,0.0013740187222483454,3.116309003559081e-05,1.887927449117467e-06,0.005609802252895786,0.0012265630919097866,0.007429837715713896,4.556135443569466,1.596843357648964,0.0
32,5328,5.806778188818683,0.00854054198101607,0.0018728966286569646,0.007864258921345195,0.0013687218460935666,3.092328419285195e-05,1.873399492087263e-06,0.005587675555345283,0.001221725169049442,0.007399964701829262,4.55615335237281,1.5968528602174112,0.0
32,5332,5.811137631903382,0.008509021194339756,0.0018659842833713954,0.007833952076494094,0.0013634471417573093,3.068540257800123e-05,1.858988108947653e-06,0.00556564325734577,0.001216907886311497,0.007370221294264699,4.556171177214248,1.5968623227640135,0.0
32,5336,5.81549707498808,0.00847762700212528,0.0018590996995957291,0.00780377205192124,0.001358194509645161,3.0449429125667393e-05,1.8446923264236713e-06,0.005543704929509429,0.0012121111498118488,0.007340606895953695,4.556188918498601,1.5968717454659234,0.0
32,5340,5.819856518072779,0.008446358853441301,0.0018522427565135756,0.007773718278093025,0.0013529638506335937,3.021534794100944e-05,1.830511181571445e-06,0.005521860144492307,0.0012073348661132792,0.007311120912698627,4.556206576628687,1.59688112849947,0.0
32,5344,5.824215961157478,0.008415216199908732,0.001845413333868241,0.007743790188166933,0.0013477550660674455,2.998314324997864e-05,1.8164437187649576e-06,0.005500108476983415,0.0012025789422230693,0.007281762753156911,4.556224152005326,1.596890472040163,0.0
32,5348,5.8285754042421765,0.008384198495689726,0.0018386113119603126,0.007713987217979469,0.001342568057757821,2.9752799406423946e-05,1.802488990126512e-06,0.0054784495036954844,0.00119784328559098,0.007252531828825067,4.556241645027351,1.5968997762626975,0.0
32,5352,5.832934847326875,0.008353305197474598,0.0018318365716447893,0.007684308806032453,0.0013374027279797042,2.9524300913408297e-05,1.788646056818116e-06,0.005456882803354652,0.0011931278041069956,0.007223427554027527,4.5562590560916165,1.5969090413409572,0.0
32,5356,5.837294290411574,0.008322535764469783,0.0018250889943284435,0.007654754393480051,0.0013322589794697028,2.9297632423208597e-05,1.7749139890414836e-06,0.005435407956690567,0.001188432406099162,0.007194449345900008,4.556276385593015,1.596918267448019,0.0
32,5360,5.841653733496273,0.008291889658385732,0.001818368461967164,0.007625323424115864,0.0013271367154238003,2.9072778666261456e-05,1.7612918617334128e-06,0.0054140245464266235,0.001183757000331449,0.007165596624376834,4.556293633924478,1.5969274547561558,0.0
32,5364,5.846013176580971,0.008261366343424949,0.0018116748570633353,0.007596015344360211,0.0013220358394951436,2.8849724557744594e-05,1.7477787610227172e-06,0.0053927321572703165,0.001179101496001644,0.007136868812176526,4.556310801476995,1.596936603436842,0.0
32,5368,5.85037261966567,0.008230965286269846,0.0018050080626631718,0.007566829603247123,0.0013169562557917777,2.8628455133627995e-05,1.7343737803560681e-06,0.005371530375903363,0.0011744658027391904,0.007108265334789771,4.556327888639613,1.596945713660756,0.0
32,5372,5.854732062750369,0.008200685956070696,0.0017983679623540772,0.007537765652411453,0.001311897868874404,2.8408955515146772e-05,1.7210760183456824e-06,0.005350418790971919,0.0011698498306030494,0.007079785620462146,4.556344895799458,1.596954785597785,0.0
32,5376,5.859091505835067,0.008170527824433949,0.0017917544402620827,0.007508822946076507,0.0013068605837542272,2.8191211022488005e-05,1.7078845856567176e-06,0.005329396993077221,0.0011652534900796535,0.007051429100184622,4.556361823341737,1.5969638194170284,0.0
32,5380,5.863450948919766,0.008140490365410414,0.0017851673810492543,0.0074800009410413435,0.0013018443058907436,2.7975207046893047e-05,1.6947985972589534e-06,0.005308464574765935,0.001160676692080796,0.00702319520767604,4.556378671649747,1.5969728152868015,0.0
32,5384,5.867810392004465,0.008110573055482847,0.0017786066699109712,0.0074512990966676,0.0012968489411894501,2.7760929121711797e-05,1.6818171767314127e-06,0.00528762113052018,0.0011561193479414501,0.006995083379373119,4.556395441104894,1.5969817733746399,0.0
32,5388,5.872169835089164,0.00808077537355509,0.0017720721925735448,0.007422716874867888,0.0012918743959998234,2.754836290108642e-05,1.6689394549709748e-06,0.005266866256748721,0.001151581369417844,0.0069670930544148005,4.55641213208669,1.5969906938473026,0.0
32,5392,5.876529278173862,0.008051096800939803,0.0017655638352915273,0.0073942537400926754,0.0012869205771130368,2.733749418126763e-05,1.6561645714837634e-06,0.0052461995517770095,0.0011470626686852818,0.006939223674629926,4.556428744972774,1.5969995768707765,0.0
32,5396,5.880888721258561,0.008021536821347142,0.0017590814848452297,0.0073659091593182785,0.0012819873917598713,2.7128308872192974e-05,1.643491672663296e-06,0.00522562061583811,0.0011425631583361602,0.006911474684522005,4.556445280138911,1.5970084226102794,0.0
32,5400,5.88524816434326,0.007992094920872916,0.001752625028538124,0.007337682602034138,0.0012770747476085,2.6920792997486842e-05,1.6309199117904849e-06,0.005205129051063006,0.0011380827513778496,0.006883845531260108,4.556461737959014,1.597017231230264,0.0
32,5404,5.889607607427958,0.007962770587987505,0.0017461943541944138,0.007309573540231084,0.0012721825527624467,2.6714932680249603e-05,1.6184484481727132e-06,0.005184724461471735,0.0011336213612307547,0.006856335664659617,4.556478118805141,1.597026002894422,0.0
32,5408,5.893967050512657,0.007933563313524098,0.001739789350156454,0.007281581448388681,0.0012673107157583823,2.651071419990103e-05,1.6060764505875316e-06,0.00516440645296376,0.0011291789017262104,0.006828944537176137,4.5564944230475115,1.5970347377656877,0.0
32,5412,5.898326493597356,0.007904472590667011,0.0017334099052821895,0.007253705803462963,0.0012624591455639904,2.6308123949547735e-05,1.5938030946998854e-06,0.005144174633308721,0.0011247552871044585,0.006801671603886051,4.556510651054515,1.5970434360062409,0.0
32,5416,5.9026859366820545,0.007875497914941309,0.0017270559089428799,0.0072259460848752175,0.0012576277515760166,2.610714841466688e-05,1.5816275617707281e-06,0.005124028612137899,0.0011203504320127825,0.006774516322478021,4.556526803192719,1.5970520977775118,0.0
32,5420,5.907045379766753,0.007846638784200626,0.0017207272510204273,0.007198301774498973,0.0012528164436180018,2.5907774222844182e-05,1.5695490416702566e-06,0.005103968000934314,0.0011159642515033417,0.00674747815323798,4.556542879826879,1.5970607232401834,0.0
32,5424,5.911404822851452,0.007817894698616408,0.0017144238219050185,0.007170772356648709,0.0012480251319383186,2.5709988101141334e-05,1.5575667302951384e-06,0.005083992413024258,0.0011115966610313198,0.006720556559037527,4.5565588813199485,1.5970693125541962,0.0
32,5428,5.915764265936151,0.007789265160666509,0.0017081455124926229,0.007143357318067455,0.0012432537272080123,2.55137768974123e-05,1.5456798308598974e-06,0.00506410146356778,0.0011072475764528457,0.006693751005318627,4.556574808033085,1.5970778658787508,0.0
32,5432,5.920123709020849,0.007760749675124196,0.0017018922141825827,0.007116056147915305,0.0012385021405188022,2.531912755898702e-05,1.5338875526055286e-06,0.005044294769550076,0.0011029169140231094,0.006667060960084554,4.556590660325664,1.5970863833723126,0.0
32,5436,5.924483152105548,0.007732347749047358,0.0016956638188752459,0.007088868337757733,0.0012337702833810481,2.5126027161093134e-05,1.522189112521345e-06,0.0050245719497725595,0.0010986045903944106,0.006640485893884334,4.556606438555285,1.597094865192614,0.0
32,5440,5.928842595190247,0.007704058891766622,0.0016894602189693596,0.007061793381553031,0.0012290580677215637,2.4934462885539688e-05,1.5105837340535935e-06,0.0050049326248433786,0.001094310522614085,0.006614025279801096,4.556622143077779,1.59710331149666,0.0
32,5444,5.9332020382749455,0.007675882614875739,0.001683281307359963,0.0070348307756420295,0.001224365405881828,2.4744422027822566e-05,1.4990706475359143e-06,0.004985376417169611,0.001090034628122798,0.00658767859344076,4.556637774247222,1.5971117224407287,0.0
32,5448,5.937561481359644,0.007647818432219395,0.001677126977435713,0.007007980018735086,0.0012196922106157194,2.455589197580821e-05,1.4876490888979567e-06,0.004965902950947387,0.0010857768247523848,0.006561445312917421,4.556653332415941,1.5971200981803781,0.0
32,5452,5.941920924444343,0.007619865859883257,0.0016709971230767025,0.006981240611901532,0.0012150383950876812,2.4368860252366176e-05,1.4763183022481513e-06,0.0049465118521539175,0.001081537030724107,0.006535324918842571,4.556668817934522,1.5971284388704474,0.0
32,5456,5.946280367529042,0.007592024416183056,0.001664891638652066,0.006954612058558024,0.0012104038728706923,2.41833144514203e-05,1.4650775359995496e-06,0.004927202748538652,0.0010773151646467209,0.006509316894312847,4.55668423115182,1.597136744665061,0.0
32,5460,5.95063981061374,0.00756429362165316,0.001658810419017473,0.006928093864456308,0.0012057885579441388,2.399924230189754e-05,1.4539260467439852e-06,0.004907975269613983,0.0010731111455144424,0.0064834207248948466,4.5566995724149715,1.5971450157176326,0.0
32,5464,5.954999253698439,0.00753667299903703,0.001652753359513036,0.006901685537673124,0.0012011923646920554,2.381663163930625e-05,1.4428630975302236e-06,0.004888829046647621,0.0010689248927052827,0.006457635898618545,4.556714842069396,1.5971532521808673,0.0
32,5468,5.959358696783138,0.007509162073275504,0.001646720355960741,0.006875386588597712,0.0011966152079009537,2.3635470370209077e-05,1.4318879557116526e-06,0.004869763712653115,0.0010647563259789739,0.006431961905959182,4.55673004045881,1.597161454206767,0.0
32,5472,5.9637181398678365,0.007481760371497071,0.0016407113046623145,0.006849196529921335,0.0011920570027579955,2.3455746557488055e-05,1.4209998981118269e-06,0.004850778902381882,0.0010606053654752263,0.006406398239829341,4.556745167925232,1.5971696219466316,0.0
32,5476,5.968077582952535,0.007454467423006701,0.001634726102396774,0.006823114876625597,0.0011875176648489623,2.327744830665779e-05,1.410198204137075e-06,0.004831874252314414,0.001056471931711807,0.006380944395565504,4.556760224808998,1.597177755551064,0.0
32,5480,5.972437026037234,0.007427282759275834,0.0016287646464182323,0.006797141145971579,0.0011829971101563628,2.310056388665771e-05,1.399482163094355e-06,0.004813049400651984,0.0010523559455827246,0.006355599870915536,4.556775211448762,1.597185855169973,0.0
32,5484,5.976796469121933,0.007400205913931946,0.0016228268344536101,0.006771274857488849,0.0011784952550575208,2.2925081609059816e-05,1.388851066873398e-06,0.0047943039873083555,0.0010482573283564188,0.006330364166026622,4.556790128181506,1.5971939209525763,0.0
32,5488,5.981155912206631,0.007373236422747757,0.0016169125647002693,0.006745515532963917,0.001174012016322566,2.275098990622837e-05,1.378304214681792e-06,0.004775637653901017,0.0010441760016738418,0.00630523678343514,4.556804975342554,1.5972019530474046,0.0
32,5492,5.98551535529133,0.007346373823631229,0.0016110217358238186,0.006719862696429546,0.0011695473111125736,2.2578277338425323e-05,1.3678409134754438e-06,0.0047570500437430635,0.0010401118875466844,0.006280217228054876,4.556819753265575,1.597209951602304,0.0
32,5496,5.989874798376029,0.007319617656615577,0.0016051542469559242,0.006694315874154236,0.001165101056977733,2.2406932515650624e-05,1.3574604732234958e-06,0.004738540801835275,0.0010360649083556435,0.006255305007161863,4.556834462282594,1.5972179167644396,0.0
32,5500,5.9942342414607275,0.007292967463848637,0.0015993099976919774,0.006668874594630745,0.0011606731718553523,2.2236944182907337e-05,1.3471622120738716e-06,0.004720109574857358,0.0010320349868485075,0.006230499630387585,4.556849102723998,1.5972258486802995,0.0
32,5504,5.998593684545426,0.007266422789582436,0.0015934888880888077,0.006643538388565103,0.0011562635740679436,2.2068301163358228e-05,1.3369454529095785e-06,0.004701756011159663,0.0010280220461383448,0.0062058006097031534,4.556863674918547,1.5972337474956975,0.0
32,5508,6.002953127630125,0.007239983180164046,0.001587690818662678,0.006618306788866817,0.0011518721823215203,2.1900992379642048e-05,1.326809524640094e-06,0.004683479760755745,0.0010240260097018777,0.006181207459411229,4.55687817919338,1.5972416133557759,0.0
32,5512,6.007312570714824,0.007213648184024814,0.00158191569038692,0.00659317933063741,0.0011474989157036009,2.17350068467681e-05,1.316753761770904e-06,0.004665280475313674,0.0010200468013775818,0.006156719696131465,4.556892615874026,1.597249446405009,0.0
32,5516,6.011672013799522,0.007187417351670134,0.0015761634046896952,0.0065681555511595295,0.0011431436936813148,2.1570333679221676e-05,1.3067775048339652e-06,0.004647157808147789,0.0010160843453638846,0.006132336838791587,4.556906985284408,1.597257246787208,0.0
32,5520,6.016031456884221,0.007161290235670296,0.001570433863451985,0.006543234989887231,0.00113880643609971,2.140696207675319e-05,1.2968800995267795e-06,0.004629111414211336,0.0010121385662175534,0.0061080584086144595,4.556921287746857,1.5972650146455207,0.0
32,5524,6.02039089996892,0.007135266390649787,0.001564726969005246,0.006518417188434602,0.0011344870631797737,2.124488133148361e-05,1.2870608971428575e-06,0.004611140950087855,0.0010082093888518144,0.006083883929107967,4.556935523582111,1.5972727501224382,0.0
32,5528,6.0247503430536185,0.007109345373277732,0.001559042624129313,0.006493701690565509,0.0011301854955166478,2.1084080827904472e-05,1.2773192545717178e-06,0.004593246073983389,0.0010042967385346475,0.006059812926052554,4.556949693109336,1.597280453359796,0.0
32,5532,6.029109786138317,0.007083526742258422,0.001553380732050322,0.00646908804218356,0.0011259016540778825,2.0924550064194136e-05,1.267654535590274e-06,0.00457542644571889,0.001000400540887127,0.006035844927490278,4.55696379664612,1.5972881244987782,0.0
32,5536,6.033469229223016,0.00705781005832097,0.0015477411964384428,0.006444575791321097,0.0011216354602015192,2.076627856695268e-05,1.2580661056972882e-06,0.0045576817267218754,0.0009965207218815973,0.006011979463715252,4.556977834508492,1.5972957636799199,0.0
32,5540,6.037828672307715,0.0070321948842100735,0.0015421239214058514,0.006420164488129406,0.0011173868355943875,2.0609256040415858e-05,1.2485533411530767e-06,0.004540011580019029,0.0009926572078400543,0.005988216067260182,4.556991807010924,1.5973033710431104,0.0
32,5544,6.042188115392413,0.007006680784675941,0.001536528811504523,0.00639585368486791,0.0011131557023302248,2.0453472181714005e-05,1.2391156177874937e-06,0.0045224156702279895,0.0009888099254323503,0.005964554272887271,4.55700571446634,1.5973109467275968,0.0
32,5548,6.046547558477112,0.006981267326464897,0.0015309557717241699,0.006371642935894238,0.0011089419828479467,2.0298916851402282e-05,1.229752321331023e-06,0.004504893663549834,0.0009849788016745517,0.00594099361757615,4.557019557186123,1.597318490871987,0.0
32,5552,6.050907001561811,0.006955954078309639,0.0015254047074901057,0.00634753179765379,0.0011047455999498314,2.014557995977384e-05,1.2204628405273844e-06,0.00448744522776116,0.0009811637639272055,0.0059175336405135216,4.5570333354801305,1.5973260036142525,0.0
32,5556,6.055266444646509,0.006930740610919866,0.0015198755246611914,0.006323519828669867,0.0011005664767998022,1.9993451516597815e-05,1.2112465701467672e-06,0.004470070032206642,0.0009773647398937139,0.005894173883080857,4.5570470496566875,1.5973334850917311,0.0
32,5560,6.059625887731208,0.006905626496972967,0.0015143681295277903,0.006299606589533674,0.0010964045369216873,1.984252159559219e-05,1.2021029088335205e-06,0.004452767747791426,0.0009735816576186701,0.005870913888847888,4.557060700022608,1.5973409354411308,0.0
32,5564,6.063985330815907,0.006880611311104165,0.0015088824288096102,0.006275791642893838,0.0010922597041973954,1.969278037705635e-05,1.193031261688926e-06,0.004435538046973184,0.0009698144454861222,0.005847753203554888,4.557074286883194,1.597348354798533,0.0
32,5568,6.068344773900606,0.00685569462989766,0.0015034183296537588,0.006252074553447054,0.0010881319028652877,1.954421811234397e-05,1.1840310381188874e-06,0.0044183806037550654,0.0009660630322180308,0.005824691375109679,4.5570878105422485,1.597355743299394,0.0
32,5572,6.072704216985304,0.006830876031876595,0.001497975739632544,0.00622845488792732,0.0010840210575183047,1.939682515228469e-05,1.1751016535557783e-06,0.004401295093677497,0.0009623273468724768,0.005801727953570612,4.5571012713020815,1.5973631010785492,0.0
32,5576,6.077063660070003,0.00680615509749418,0.001492554566741527,0.006204932215096619,0.0010799270931023436,1.9250591904551584e-05,1.1662425268756697e-06,0.004384281193811167,0.0009586073188421276,0.005778862491139166,4.557114669463513,1.5973704282702166,0.0
32,5580,6.081423103154702,0.006781531409124362,0.0014871547193974779,0.006181506105734873,0.0010758499349145109,1.9105508862082843e-05,1.157453082120179e-06,0.004367338582749388,0.0009549028778525662,0.005756094542149667,4.557128005325891,1.5973777250079981,0.0
32,5584,6.0857825462394,0.006757004551053004,0.0014817761064364384,0.006158176132630548,0.0010717895086014865,1.8961566645714356e-05,1.148732751079242e-06,0.004350466940600962,0.0009512139539607326,0.005733423663057127,4.5571412791870864,1.5973849914248839,0.0
32,5588,6.090141989324099,0.006732574109468044,0.0014764186371115668,0.0061349418705703325,0.0010677457401577284,1.8818755890492866e-05,1.1400809664037197e-06,0.004333665948982417,0.0009475404775532257,0.005710849412428566,4.557154491343509,1.5973922276532548,0.0
32,5592,6.094501432408798,0.006708239672450781,0.0014710822210912248,0.0061118028963297235,0.0010637185559238323,1.86770673309411e-05,1.131497166770943e-06,0.004316935291010825,0.000943882379344732,0.005688371350931074,4.557167642090113,1.5973994338248854,0.0
32,5596,6.0988608754934965,0.006684000829966836,0.0014657667684569967,0.006088758788663515,0.0010597078825848782,1.8536491793952337e-05,1.1229807964542507e-06,0.004300274651296632,0.0009402395903764601,0.005665989041323118,4.557180731720403,1.5974066100709463,0.0
32,5600,6.103220318578195,0.006659857173856897,0.0014604721897016589,0.006065809128295848,0.0010557136471686973,1.8397020191684987e-05,1.1145313048925283e-06,0.004283683715936087,0.0009366120420144834,0.005643702048441668,4.5571937605264425,1.5974137565220083,0.0
32,5604,6.107579761662894,0.006635808297828092,0.0014551983957272888,0.00604295349791115,0.001051735777044296,1.8258643486035453e-05,1.1061481445378958e-06,0.004267162172504417,0.0009329996659482485,0.0056215099391959174,4.557206728798861,1.597420873308044,0.0
32,5608,6.111939204747593,0.006611853797444467,0.001449945297843176,0.006020191482143927,0.0010477741999200783,1.8121352745481545e-05,1.0978307742994066e-06,0.004250709710048065,0.0009294023941888784,0.005599412282552781,4.55721963682686,1.5974279605584314,0.0
32,5612,6.116298647832291,0.006587993270118678,0.0014447128077640003,0.005997522667569969,0.0010438288438423167,1.798513908113364e-05,1.0895786556688861e-06,0.004234326019078046,0.0009258201590677192,0.005577408649529889,4.557232484898221,1.5974350184019568,0.0
32,5616,6.12065809091699,0.006564226315103014,0.0014395008376078648,0.0059749466426967926,0.001039899637193487,1.7849993696472666e-05,1.0813912557341686e-06,0.004218010791562698,0.0009222528932347557,0.00555549861318555,4.557245273299315,1.5974420469668171,0.0
32,5620,6.125017534001689,0.006540552533480349,0.0014343092998943092,0.005952462997954061,0.001035986508690602,1.7715907873139258e-05,1.0732680463181721e-06,0.004201763720920452,0.0009187005296570302,0.005533681748606151,4.557258002315106,1.5974490463806232,0.0
32,5624,6.1293769770863875,0.006516971528155647,0.0014291381075424482,0.005930071325684439,0.00103208938738362,1.758287297093375e-05,1.0652085039788986e-06,0.004185584502012849,0.0009151630016171156,0.005511957632897808,4.557270672229161,1.5974560167704024,0.0
32,5628,6.133736420171086,0.006493482903846703,0.0014239871738689419,0.005907771220133953,0.0010282082026537658,1.7450880399394464e-05,1.057212108287585e-06,0.0041694728311373296,0.0009116402427115395,0.005490325845177978,4.557283283323653,1.597462958262601,0.0
32,5632,6.138095863255785,0.006470086267076738,0.0014188564125863698,0.005885562277443887,0.0010243428842121225,1.7319921660430282e-05,1.0492783444114764e-06,0.004153428406021002,0.0009081321868494208,0.005468785966562684,4.557295835879374,1.5974698709830877,0.0
32,5636,6.142455306340484,0.006446781226164184,0.0014137457378009925,0.005863444095640012,0.0010204933620977547,1.7189988341215212e-05,1.0414067026833642e-06,0.004137450925812521,0.0009046387682506946,0.005447337580158195,4.557308330175736,1.597476755057156,0.0
32,5640,6.146814749425182,0.006423567391215035,0.0014086550640110735,0.005841416274624594,0.0010166595666763186,1.7061072057344973e-05,1.0335966751578885e-06,0.004121540091076083,0.0009011599214447994,0.005425980271051972,4.557320766490783,1.5974836106095278,0.0
32,5644,6.151174192509881,0.006400444374114175,0.0014035843061049782,0.005819478416166918,0.0010128414286384125,1.6933164516785837e-05,1.0258477594856973e-06,0.0041056956037841584,0.000897695581269087,0.00540471362630147,4.557333145101193,1.5974904377643542,0.0
32,5648,6.15553363559458,0.006377411788516612,0.0013985333793592497,0.005797630123894244,0.0010090388789980034,1.680625753408549e-05,1.0181594597743711e-06,0.00408991716731074,0.0008942456828673477,0.00538353723492461,4.557345466282289,1.59749723664522,0.0
32,5652,6.1598930786792785,0.00635446924983965,0.0013935021994368952,0.0057758710032832445,0.0010052518490909356,1.6680342938002468e-05,1.0105312809924152e-06,0.004074204486424783,0.0008908101616883753,0.005362450687893057,4.557357730308046,1.5975040073751459,0.0
32,5656,6.164252521763977,0.006331616375253366,0.0013884906823852948,0.005754200661650078,0.0010014802705732037,1.6555412635455014e-05,1.0029627328434185e-06,0.00405855726728273,0.0008873889534843321,0.005341453578116978,4.557369937451092,1.597510750076591,0.0
32,5660,6.168611964848676,0.006308852783673247,0.0013834987446345883,0.005732618708142466,0.0009977240754195742,1.643145862573192e-05,9.95453330626978e-07,0.004042975217422507,0.0008839819943094376,0.005320545500441115,4.557382087982722,1.5975174648714556,0.0
32,5664,6.172971407933375,0.006286178095751539,0.0013785263029957775,0.005711124753730409,0.0009939831959219687,1.630847297917626e-05,9.880025939473126e-07,0.004027458045756449,0.0008805892205184202,0.005299726051633562,4.557394182172901,1.5975241518810837,0.0
32,5668,6.177330851018073,0.006263591933868491,0.0013735732746588067,0.005689718411197214,0.0009902575646879028,1.618644780876366e-05,9.80610044991414e-07,0.004012005462564614,0.0008772105687650564,0.005278994830373699,4.557406220290271,1.597530811226266,0.0
32,5672,6.181690294102772,0.006241093922124998,0.001368639577190949,0.0056683992951312035,0.0009865471146390428,1.6065375284313177e-05,9.732752093899715e-07,0.003996617179488353,0.0008738459760007645,0.00525835143724651,4.557418202602157,1.5975374430272427,0.0
32,5676,6.186049737187471,0.0062186836863335655,0.001363725128534824,0.005647167021916502,0.0009828517790096026,1.59452476893307e-05,9.659976196610687e-07,0.003981292909523464,0.0008704953794731077,0.005237795474731974,4.557430129374577,1.597544047403705,0.0
32,5680,6.1904091802721695,0.006196360854010502,0.0013588298470066876,0.005626021209724601,0.0009791714913448754,1.58260573286384e-05,9.587768096141763e-07,0.003966032367013755,0.0008671587167243864,0.005217326547193723,4.557442000872244,1.5975506244747997,0.0
32,5684,6.194768623356868,0.006174125054367735,0.0013539536512946358,0.005604961478505629,0.0009755061854997146,1.5707796592323575e-05,9.516123182243107e-07,0.00395083526764442,0.000863835925590191,0.0051969442608739555,4.557453817358574,1.5975571743591297,0.0
32,5688,6.199128066441567,0.006151975918304389,0.0013490964604567575,0.005583987449979489,0.0009718557956369903,1.5590457927316947e-05,9.445036879101856e-07,0.003935701328435365,0.0008605269441979411,0.00517664822387988,4.557465579095698,1.5975636971747582,0.0
32,5692,6.203487509526266,0.006129913078399717,0.0013442581939195862,0.0055630987476282924,0.0009682202562262739,1.547403384449808e-05,9.374504649646742e-07,0.003920630267735453,0.0008572317109656287,0.00515643804617873,4.557477286344459,1.5975701930392097,0.0
32,5696,6.207846952610964,0.006107936168903904,0.001339438771476081,0.0055422949966865585,0.0009645995020421313,1.5358516918695386e-05,9.304521995548096e-07,0.003905621805215079,0.000853950164600193,0.005136313339584284,4.557488939364424,1.5975766620694742,0.0
32,5700,6.212206395695663,0.006086044825730568,0.0013346381132839837,0.0055215758241333075,0.0009609934681627475,1.5243899795791549e-05,9.235084461522461e-07,0.003890675661860199,0.0008506822440962172,0.005116273717751712,4.5575005384138905,1.5975831043820095,0.0
32,5704,6.216565838780362,0.0060642386864490526,0.0013298561398641289,0.005500940858683896,0.0009574020899685051,1.5130175171407245e-05,9.166187622418736e-07,0.0038757915599661624,0.0008474278887345775,0.005096318796166341,4.557512083749894,1.597589520092742,0.0
32,5708,6.22092528186506,0.0060425173902760275,0.0013250927720986,0.0054803897307810654,0.0009538253031404265,1.5017335805111998e-05,9.097827091827412e-07,0.0038609692231309136,0.0008441870380809583,0.005076448192135864,4.557523575628209,1.5975959093170715,0.0
32,5712,6.225284724949759,0.00602088057806837,0.0013203479312291703,0.005459922072587392,0.0009502630436588599,1.4905374527529602e-05,9.0299985263852e-07,0.0038462083762492976,0.000840959631984607,0.005056661524779809,4.557535014303359,1.5976022721698722,0.0
32,5716,6.229644168034458,0.005999327892314567,0.0013156215388554163,0.00543953751797605,0.0009467152478018716,1.4794284204810992e-05,8.962697604251916e-07,0.0038315087455060106,0.0008377456105767915,0.00503695841502344,4.5575464000286265,1.5976086087654964,0.0
32,5720,6.234003611119157,0.005977858977127342,0.001310913516933101,0.005419235702523184,0.000943181852143919,1.4684057809688511e-05,8.895920068156703e-07,0.0038168700583699144,0.0008345449142695586,0.005017338485585741,4.557557733056051,1.5976149192177753,0.0
32,5724,6.238363054203855,0.005956473478235685,0.001306223787772427,0.005399016263499229,0.0009396627935543385,1.4574688321999929e-05,8.829661665133329e-07,0.003802292043587374,0.0008313574837542763,0.004997801360972519,4.5575690136364395,1.5976212036400235,0.0
32,5728,6.242722497288554,0.00593517104297766,0.001301552274036458,0.005378878839861485,0.0009361580091960551,1.446616879263729e-05,8.763918185261773e-07,0.0037877744311767235,0.0008281832600004241,0.004978346667468361,4.557580242019377,1.5976274621450397,0.0
32,5732,6.247081940373253,0.005913951320291281,0.001296898898739118,0.005358823072244316,0.0009326674365238752,1.4358492364863196e-05,8.698685474582101e-07,0.0037733169524207986,0.0008250221842539603,0.004958974033125171,4.557591418453224,1.597633694845111,0.0
32,5736,6.251441383457951,0.005892813960709304,0.0012922635852440504,0.005338848602953546,0.0009291910132835114,1.4251652203256526e-05,8.633959392048241e-07,0.0037589193398626757,0.00082187419803639,0.004939683087755827,4.557602543185128,1.5976399018520133,0.0
32,5740,6.25580082654265,0.005871758616349642,0.001287646257262515,0.005318955075956435,0.0009257286775098387,1.4145641557661293e-05,8.569735848269582e-07,0.0037445813272981372,0.0008187392431431185,0.004920473462925772,4.5576136164610315,1.5976460832770145,0.0
32,5744,6.260160269627349,0.005850784940908283,0.0012830468388518356,0.005299142136874053,0.0009222803675255663,1.404045369213236e-05,8.506010762464757e-07,0.0037303026497698503,0.0008156172616421774,0.004901344791942982,4.557624638525672,1.5976522392308778,0.0
32,5748,6.2645197127120475,0.005829892589652383,0.0012784652544138844,0.0052794094329740885,0.0009188460219399868,1.3936081991516858e-05,8.442780127030968e-07,0.003716083043561991,0.0008125081958730501,0.004882296709851326,4.557635609622591,1.5976583698238631,0.0
32,5752,6.268879155796746,0.0058090812194119285,0.0012739014286932545,0.005259756613161747,0.0009154255796473912,1.3832519819345634e-05,8.380039921451552e-07,0.0037019222461932505,0.0008094119884451421,0.004863328853418649,4.557646529994142,1.5976644751657298,0.0
32,5756,6.273238598881445,0.00578835048857285,0.00126935528677575,0.0052401833279726905,0.0009120189798258406,1.3729760652836376e-05,8.317786194083793e-07,0.003687819996411591,0.0008063285822366349,0.004844440861133027,4.557657399881495,1.5976705553657393,0.0
32,5760,6.277598041966144,0.0057677000570690575,0.0012648267540866381,0.005220689229564518,0.0009086261619356841,1.3627798026050186e-05,8.256015027721947e-07,0.0036737760341877634,0.0008032579203930681,0.004825632373188875,4.557668219524641,1.5976766105326567,0.0
32,5764,6.281957485050842,0.005747129586376124,0.001260315756389265,0.005201273971709902,0.0009052470657183628,1.352662547304817e-05,8.194722505160272e-07,0.003659790100710072,0.000800199946326195,0.004806903031485609,4.557678989162399,1.5976826407747542,0.0
32,5768,6.286316928135541,0.0057266387395028635,0.0012558222197832087,0.005181937209787902,0.0009018816311948991,1.3426236627367416e-05,8.133904769457727e-07,0.003645861938377872,0.0007971546037125609,0.004788252479612235,4.557689709032421,1.5976886461998119,0.0
32,5772,6.29067637122024,0.0057062271809843815,0.0012513460707027553,0.005162678600776405,0.0008985297986645809,1.3326625165177575e-05,8.073557989501007e-07,0.003631991290795795,0.0007941218364922402,0.004769680362844147,4.557700379371203,1.5976946269151224,0.0
32,5776,6.2950358143049385,0.005685894576875213,0.0012468872359153932,0.005143497803244924,0.0008951915087037076,1.3227784826597144e-05,8.013678372918395e-07,0.003618177902768325,0.000791101588867651,0.00475118632813257,4.5577110004140815,1.5977005830274909,0.0
32,5780,6.299395257389637,0.005665640594741293,0.0012424456425200543,0.00512439447734605,0.0008918667021641027,1.3129709380166332e-05,7.954262144556665e-07,0.0036044215202933132,0.000788093805302137,0.004732770024095436,4.557721572395247,1.5977065146432385,0.0
32,5784,6.303754700474336,0.00564546490365361,0.0012380212179457194,0.005105368284808671,0.0008885553201719343,1.303239266547962e-05,7.895305572308809e-07,0.003590721890556841,0.0007850984305188435,0.004714431101013245,4.557732095547747,1.5977124218682048,0.0
32,5788,6.308114143559035,0.0056253671741804965,0.0012336138899497302,0.005086418888929939,0.0008852573041263156,1.2935828557658624e-05,7.836804945590923e-07,0.0035770787619271807,0.0007821154094993983,0.004696169210816414,4.557742570103492,1.5977183048077497,0.0
32,5792,6.312473586643733,0.005605347078380694,0.0012292235866162668,0.005067545954567769,0.0008819725956980009,1.2840011009984664e-05,7.778756601169945e-07,0.003563491883949083,0.0007791446874826617,0.004677984007079452,4.557752996293259,1.5977241635667556,0.0
32,5796,6.316833029728432,0.005585404289795879,0.0012248502363547092,0.005048749148132967,0.0008787011368280143,1.2744933975739059e-05,7.721156875812814e-07,0.003549961007337824,0.0007761862099634249,0.004659875145012739,4.557763374346703,1.5977299982496302,0.0
32,5800,6.321192472813131,0.005565538483444493,0.0012204937678982851,0.005030028137582671,0.000875442869726509,1.2650591543206247e-05,7.664002188074277e-07,0.0035364858839742525,0.000773239922691328,0.004641842281455997,4.557773704492357,1.597735808960308,0.0
32,5804,6.3255519158978295,0.005545749335813471,0.0012161541103022542,0.005011382592411581,0.0008721977368712406,1.2556977750932674e-05,7.607288926376734e-07,0.003523066266898139,0.0007703057716694044,0.004623885074865948,4.557783986957639,1.5977415958022536,0.0
32,5808,6.329911358982528,0.005526036524852949,0.0012118311929427495,0.004992812183646318,0.0008689656810065851,1.2464086751151626e-05,7.551013548016528e-07,0.0035097019103039187,0.0007673837031531513,0.004606003185313822,4.55779422196886,1.5977473588784623,0.0
32,5812,6.334270802067227,0.005506399729967451,0.0012075249455148433,0.004974316583836153,0.0008657466451419259,1.237191274583438e-05,7.495172540422355e-07,0.0034963925695336885,0.0007644736636489982,0.004588196274473071,4.557804409751223,1.5977530982914645,0.0
32,5816,6.338630245151926,0.005486838632010153,0.0012032352980312893,0.004955895467046828,0.0008625405725505778,1.2280449936952209e-05,7.439762391022914e-07,0.0034831380010724956,0.0007615755999132759,0.0045704640056155885,4.557814550528841,1.597758814143326,0.0
32,5820,6.342989688236624,0.005467352913275964,0.0011989621808210066,0.004937548508853253,0.0008593474067685161,1.2189692647268657e-05,7.384779660425468e-07,0.003469937962542841,0.0007586894589510158,0.004552806043599829,4.557824644524726,1.597764506535651,0.0
32,5824,6.347349131321323,0.005447942257494001,0.0011947055245274286,0.004919275386331595,0.0008561670915930007,1.2099635178230983e-05,7.330220896323418e-07,0.0034567922126987013,0.0007558151880146423,0.004535222054866436,4.55783469196081,1.597770175569584,0.0
32,5828,6.351708574406022,0.005428606349821169,0.0011904652601070949,0.004901075778052341,0.0008529995710813668,1.2010271895235292e-05,7.276082685151762e-07,0.0034437005114202426,0.0007529527346028173,0.004517711707427774,4.557844693057941,1.5977758213458126,0.0
32,5832,6.3560680174907205,0.005409344876835494,0.0011862413188281895,0.004882949364073292,0.0008498447895498075,1.192159724183739e-05,7.22236166069633e-07,0.003430662619708546,0.0007501020464592862,0.004500274670862971,4.5578546480358915,1.5977814439645694,0.0
32,5836,6.360427460575419,0.005390157526529587,0.0011820336322691078,0.004864895825932645,0.0008467026915721687,1.1833605704225647e-05,7.16905448257069e-07,0.0034176782996803694,0.0007472630715717337,0.004482910616308366,4.557864557113362,1.5977870435256334,0.0
32,5840,6.364786903660118,0.0053710439883029966,0.0011778421323167796,0.004846914846640872,0.0008435732219785357,1.1746291768588435e-05,7.116157810388405e-07,0.003404747314562003,0.0007444357581704394,0.004465619216450097,4.557874420507989,1.5977926201283332,0.0
32,5844,6.369146346744817,0.0053520039529564144,0.0011736667511653973,0.004829006110674565,0.0008404563258541629,1.165965001348468e-05,7.063668359723122e-07,0.0033918694286846143,0.0007416200547272606,0.004448400145517254,4.55788423843635,1.5977981738715485,0.0
32,5848,6.373505789829515,0.005333037112684811,0.0011695074213149122,0.0048111693039691724,0.0008373519485382081,1.157367503168416e-05,7.011582854757729e-07,0.0033790444074787472,0.000738815909954429,0.004431253079274372,4.557894011113966,1.5978037048537128,0.0
32,5852,6.377865232914214,0.005314143161070551,0.0011653640755695236,0.00479340411391172,0.000834260035622467,1.1488361508327216e-05,6.9598980756352e-07,0.003366272017468834,0.0007360232728033511,0.004414177695013872,4.557903738755309,1.5978092131728145,0.0
32,5856,6.382224675998913,0.005295321793077173,0.0011612366470363153,0.004775710229334078,0.0008311805329502006,1.14037041072379e-05,6.908610789584641e-07,0.0033535520262680456,0.0007332420924634826,0.004397173671547357,4.557913421573809,1.5978146989264,0.0
32,5860,6.3865841190836115,0.00527657270504254,0.001157125069123753,0.004758087340505905,0.0008281133866149077,1.1319697577505394e-05,6.857717815490619e-07,0.0033408842025730266,0.0007304723183611762,0.004380240689200856,4.557923059781856,1.597820162211575,0.0
32,5864,6.39094356216831,0.00525789559467231,0.001153029275540253,0.004740535139127575,0.0008250585429590932,1.123633670374602e-05,6.807215993760809e-07,0.0033282683161584927,0.0007277139001585015,0.00436337842980353,4.557932653590805,1.597825603125008,0.0
32,5868,6.395303005253009,0.005239290161033572,0.0011489492002927863,0.004723053318323553,0.0008220159485731158,1.1153616327419513e-05,6.757102199239863e-07,0.0033157041378722653,0.0007249667877521585,0.0043465865766851505,4.557942203210984,1.5978310217629303,0.0
32,5872,6.399662448337708,0.005220756104548818,0.001144884777685557,0.004705641572635816,0.0008189855502940426,1.1071531304196469e-05,6.70737331538167e-07,0.00330319143963022,0.0007222309312723735,0.004329864814665132,4.557951708851698,1.59783641822114,0.0
32,5876,6.404021891422406,0.005202293126988709,0.0011408359423184151,0.004688299598016438,0.0008159672952043586,1.0990076567907181e-05,6.658026272990963e-07,0.0032907299944107795,0.000719506281081695,0.004313212830046807,4.5579611707212315,1.5978417925950026,0.0
32,5880,6.408381334507105,0.005183900931465692,0.001136802629085458,0.004671027091820605,0.0008129611306307513,1.0909247052381943e-05,6.609058002872473e-07,0.0032783195762495364,0.0007167927877738177,0.0042966303106088,4.55797058902686,1.5978471449794538,0.0
32,5884,6.412740777591804,0.005165579222428676,0.0011327847731738617,0.004653823752801047,0.0008099670041431412,1.0829037762505322e-05,6.560465478877148e-07,0.0032659599602350795,0.0007140904021726703,0.004280116945601367,4.557979963974847,1.597852475469001,0.0
32,5888,6.417100220676502,0.005147327705655673,0.0011287823100622682,0.004636689281100269,0.0008069848635533303,1.0749443745794451e-05,6.512245700683667e-07,0.0032536509225031284,0.0007113990753311328,0.004263672425733705,4.557989295770454,1.5978577841577264,0.0
32,5892,6.421459663761201,0.005129146088247823,0.001124795175519474,0.0046196233782442135,0.000804014656913898,1.0670460085293598e-05,6.464395689493816e-07,0.003241392240231727,0.0007087187585299856,0.0042472964431730514,4.5579985846179465,1.5978630711392878,0.0
32,5896,6.4258191068459,0.005111034078623246,0.001120823305603083,0.0046026257471356614,0.0008010563325170539,1.0592081885363314e-05,6.416912479423247e-07,0.003229183691636234,0.0007060494032768144,0.004230988691532399,4.5580078307205945,1.5978683365069213,0.0
32,5900,6.430178549930599,0.005092991386510363,0.0011168666366580407,0.004585696092047316,0.000798109838893433,1.0514304328523849e-05,6.369793151938451e-07,0.0032170250559641427,0.0007033909613048774,0.004214748865866572,4.558017034280681,1.5978735803534427,0.0
32,5904,6.434537993015297,0.005075017722942377,0.0011129251053154257,0.00456883411861578,0.0007951751248110481,1.0437122604400884e-05,6.32303479281054e-07,0.0032049161134904657,0.000700743384572096,0.004198576662663652,4.558026195499506,1.5978788027712505,0.0
32,5908,6.438897436099996,0.005057112800250649,0.0011089986484909946,0.004552039533834562,0.0007922521392740725,1.0360531959463515e-05,6.276634522247599e-07,0.0031928566455124534,0.0006981066252599007,0.004182471779838422,4.558035314577391,1.5978840038523265,0.0
32,5912,6.443256879184695,0.0050392763320584975,0.0011050872033838244,0.004535312046047639,0.0007893408315217193,1.0284527675707977e-05,6.230589481980824e-07,0.003180846434344773,0.0006954806357721758,0.004166433916727211,4.558044391713684,1.5978891836882392,0.0
32,5916,6.447616322269393,0.005021508033275214,0.0011011907074749989,0.004518651364943066,0.0007864411510271295,1.0209105084868497e-05,6.184896843873761e-07,0.0031688852633146554,0.0006928653687341996,0.004150462774078135,4.558053427106766,1.5978943423701444,0.0
32,5920,6.451975765354092,0.005003807620090017,0.0010973090985262836,0.004502057201546457,0.0007835530474962377,1.01342595186793e-05,6.139553779789954e-07,0.0031569729167569296,0.000690260776991558,0.004134558054044578,4.558062420954052,1.5978994799887882,0.0
32,5924,6.456335208438791,0.0049861748099658204,0.0010934423145787585,0.004485529268214451,0.0007806764708666339,1.0059986408350596e-05,6.094557521857654e-07,0.0031451091800090932,0.0006876668136090665,0.004118719460180435,4.558071373451999,1.597904596634509,0.0
32,5928,6.4606946515234895,0.0049686093216333785,0.0010895902939515349,0.00446906727862855,0.0007778113713064922,9.986281170881739e-06,6.049905293595869e-07,0.003133293839406685,0.0006850834318697589,0.004102946697432891,4.5580802847961115,1.5979096923972376,0.0
32,5932,6.465054094608188,0.00495111087508512,0.001085752975240402,0.0044526709477885505,0.0007749576992134266,9.913139287220929e-06,6.005594357265199e-07,0.0031215266822782833,0.0006825105852737937,0.004087239472132769,4.558089155180943,1.5979147673665017,0.0
32,5936,6.469413537692887,0.004933679191569743,0.0010819302973166434,0.004436339992006825,0.0007721154052134964,9.840556273843504e-06,5.961621996649355e-07,0.0031098074969412083,0.0006799482275375141,0.004071597491991773,4.558097984800102,1.5979198216314257,0.0
32,5940,6.473772980777586,0.004916313993585034,0.0010781221993254604,0.004420074128900708,0.0007692844401598814,9.768527661435655e-06,5.91798550414129e-07,0.003098136072695734,0.0006773963125921825,0.00405602046609394,4.5581067738462595,1.5979248552807341,0.0
32,5944,6.478132423862284,0.004899015004873467,0.001074328620685008,0.004403873077387812,0.0007664647551320651,9.697049037526995e-06,5.874682206570932e-07,0.0030865121998215612,0.0006748547945832096,0.004040508104887706,4.55811552251115,1.5979298684027523,0.0
32,5948,6.482491866946983,0.004881781950415008,0.0010705495010848172,0.00438773655767843,0.000763656301434514,9.626116046490552e-06,5.831709465205182e-07,0.0030749356695720623,0.0006723236278688957,0.004025060120181835,4.558124230985577,1.5979348610854094,0.0
32,5952,6.486851310031682,0.004864614556421949,0.0010667847804846616,0.004371664291270067,0.0007608590305957253,9.555724332699356e-06,5.789064641310939e-07,0.0030634062741701587,0.0006698027670195299,0.004009676225136052,4.5581328994594195,1.5979398334162391,0.0
32,5956,6.4912107531163805,0.004847512550333244,0.001063034399113315,0.004355656000941424,0.0007580728943671799,9.485869597369856e-06,5.74674513059208e-07,0.0030519238068037646,0.000667292166816393,0.003994356134257846,4.558141528121632,1.5979447854823825,0.0
32,5960,6.495570196201079,0.004830475660808228,0.0010592982974671748,0.004339711410745799,0.0007552978447221933,9.41654757014021e-06,5.704748345970964e-07,0.003040488061620808,0.0006647917822506698,0.003979099563392432,4.558150117160257,1.5979497173705886,0.0
32,5964,6.499929639285778,0.004813503617720864,0.001055576416309,0.004323830246004895,0.000752533833854839,9.347754001964859e-06,5.663071713283817e-07,0.0030290988337245196,0.0006623015685224185,0.003963906229719472,4.558158666762423,1.5979546291672184,0.0
32,5968,6.504289082370477,0.004796596152154253,0.001051868696666707,0.004308012233303143,0.0007497808141789596,9.279484707747088e-06,5.621712697108461e-07,0.003017755919169185,0.0006598214810396417,0.003948775851743121,4.558167177114349,1.5979595209582442,0.0
32,5972,6.508648525455175,0.004779752996395329,0.0010481750798322074,0.004292257100481855,0.0007470387383271495,9.211735502390184e-06,5.580668762022718e-07,0.003006459114955647,0.0006573514754173038,0.003933708149290321,4.558175648401353,1.597964392829253,0.0
32,5976,6.513007968539874,0.004762973883927944,0.0010444955073598894,0.004276564576632151,0.0007443075591495239,9.144502293167989e-06,5.539937428564492e-07,0.002995208219026037,0.0006548915074761782,0.003918702843498163,4.558184080807856,1.597969244865448,0.0
32,5980,6.517367411624573,0.004746258549428399,0.0010408299210656405,0.004260934392090073,0.0007415872297128685,9.077780951827208e-06,5.499516195748575e-07,0.002984003030260032,0.0006524415332420295,0.0039037596568132923,4.558192474517381,1.5979740771516497,0.0
32,5984,6.5217268547092715,0.0047296067287591025,0.0010371782630254542,0.0042453662784300425,0.0007388777032995002,9.01156742116882e-06,5.459402605635983e-07,0.002972843348469969,0.000650001508944545,0.003888878312982865,4.558200829712564,1.5979788897722995,0.0
32,5988,6.52608629779397,0.00471301815896339,0.0010335404755742958,0.004229859968459071,0.0007361789334062606,8.945857679520941e-06,5.419594221810834e-07,0.002961728974396355,0.000647571391016353,0.003874058537048414,4.558209146575156,1.597983682811459,0.0
32,5992,6.530445740878669,0.004696492578259702,0.0010299165013048252,0.004214415196210873,0.0007334908737434905,8.880647726527968e-06,5.380088620771114e-07,0.0029506597097035177,0.0006451511360920719,0.00385930005533879,4.558217425286026,1.597988456352814,0.0
32,5996,6.534805183963368,0.004680029726036329,0.0010263062830662439,0.004199031696940205,0.0007308134782340448,8.815933604466863e-06,5.340883404842538e-07,0.002939635356975291,0.0006427407010073667,0.0038446025954665427,4.5582256660251685,1.5979932104796746,0.0
32,6000,6.539164627048066,0.004663629342845331,0.0010227097639629625,0.004183709207116382,0.0007281467010121644,8.751711369825443e-06,5.301976184960066e-07,0.0029286557197100898,0.0006403400427978725,0.0038299658863187548,4.558233868971703,1.597997945274978,0.0
32,6004,6.543524070132765,0.004647291170397683,0.001019126887353535,0.004168447464418197,0.0007254904964225918,8.687977128829516e-06,5.263364602191009e-07,0.002917720602317096,0.0006379491186983602,0.003815389658052873,4.558242034303883,1.59800266082129,0.0
32,6008,6.547883513217464,0.0046310149515571405,0.0010155575968493146,0.004153246207727429,0.000722844819019441,8.62472703744288e-06,5.225046327735029e-07,0.002906829810111349,0.0006355678861416633,0.00380087364209029,4.558250162199101,1.5980073572008067,0.0
32,6012,6.5522429563021625,0.00461480043033534,0.0010120018363133792,0.0041381051771236625,0.0007202096235652962,8.561957223207628e-06,5.187019015573303e-07,0.0028959831493098284,0.0006331963027578207,0.0037864175711074797,4.558258252833887,1.5980120344953563,0.0
32,6016,6.556602399386861,0.0045986473518864306,0.001008459549859353,0.004123024113878499,0.0007175848650302042,8.499663920247258e-06,5.149280384256333e-07,0.002885180427027046,0.0006308343263731143,0.0037720211790350042,4.558266306383916,1.5980166927864006,0.0
32,6020,6.56096184247156,0.004582555462501215,0.0010049306818501235,0.004108002760449526,0.0007149704985906247,8.437843348474416e-06,5.111828143725375e-07,0.0028744214512705377,0.0006284819150090822,0.0037576842010472148,4.558274323024016,1.5980213321550363,0.0
32,6024,6.565321285556259,0.004566524509601792,0.0010014151768966643,0.0040930408604744895,0.0007123664796284164,8.376491742012604e-06,5.074660012530932e-07,0.002863706030936407,0.0006261390268815444,0.0037434063735579397,4.558282302928165,1.598025952681998,0.0
32,6028,6.569680728640957,0.004550554241737128,0.000997912979857066,0.00407813815876665,0.000709772763730028,8.31560542025045e-06,5.037773760878965e-07,0.002853033975805833,0.0006238056203998397,0.0037291874342135793,4.558290246269502,1.5980305544476587,0.0
32,6032,6.574040171725656,0.004534644408576535,0.0009944240358351055,0.004063294401308002,0.0007071893066853188,8.255180695471154e-06,5.001167154670814e-07,0.0028424050965399753,0.0006214816541657115,0.0037150271218890077,4.558298153220325,1.5980351375320325,0.0
32,6036,6.578399614810355,0.004518794760904866,0.0009909482901791914,0.004048509335243985,0.0007046160644866382,8.195213922590483e-06,4.964837985635552e-07,0.0028318192046759166,0.0006191670869724205,0.0037009251766792007,4.558306023952102,1.5980397020147754,0.0
32,6040,6.5827590578950534,0.004503005050617816,0.0009874856884813344,0.004033782708878658,0.000702052993327985,8.135701470735057e-06,4.928784054111488e-07,0.002821276112623059,0.000616861877803957,0.0036868813398960557,4.558313858635467,1.5980442479751873,0.0
32,6044,6.587118500979752,0.004487275030715823,0.0009840361765758095,0.00401911427166819,0.0006995000496038757,8.076639765874916e-06,4.893003194873913e-07,0.002810775633658187,0.0006145659858339613,0.003672895354058385,4.5583216574402305,1.5980487754922135,0.0
32,6048,6.591477944064451,0.004471604455299064,0.000980599700538059,0.0040045037742155965,0.0006969571899084272,8.018025241085525e-06,4.857493247002734e-07,0.0028003175819214894,0.0006122793704248541,0.0036589669628903604,4.558329420535384,1.598053284644447,0.0
32,6052,6.59583738714915,0.004455993079562818,0.0009771762066836758,0.003989950968265778,0.0006944243710344946,7.959854364969488e-06,4.82225207110097e-07,0.002789901772412805,0.0006100019911270151,0.0036450959113146133,4.558337148089097,1.598057775510129,0.0
32,6056,6.600196830233848,0.004440440659791704,0.0009737656415671382,0.003975455606699448,0.0006919015499726128,7.902123641656544e-06,4.787277549294745e-07,0.00277952802098703,0.0006077338076777796,0.003631281945444093,4.558344840268731,1.598062248167152,0.0
32,6060,6.604556273318547,0.004424946953354705,0.0009703679519807211,0.003961017443527881,0.000689388683910084,7.844829603698145e-06,4.7525675809286734e-07,0.002769196144350156,0.0006054747800005718,0.003617524812578575,4.5583524972408345,1.59806670269306,0.0
32,6064,6.608915716403246,0.004409511718700328,0.0009669830849534329,0.003946636233887787,0.0006868857302300847,7.787968790751165e-06,4.7181200696519887e-07,0.0027589059600553897,0.0006032248682040561,0.003603824261199299,4.558360119171151,1.5980711391650515,0.0
32,6068,6.613275159487944,0.0043941347153512505,0.0009636109877498421,0.003932311734035655,0.0006843926465106816,7.731537792210474e-06,4.683932949246277e-07,0.0027486572864988887,0.0006009840325812056,0.003590180040961647,4.558367706224625,1.5980755576599797,0.0
32,6072,6.617634602572643,0.004378815703899169,0.0009602516078689476,0.003918043701342265,0.0006819093905238759,7.675533232998077e-06,4.650004175016233e-07,0.002738449942915587,0.0005987522336083885,0.003576591902689147,4.558375258565403,1.598079958254355,0.0
32,6076,6.621994045657342,0.004363554446000223,0.000956904893043175,0.0039038318942878807,0.0006794359202347676,7.619951738035979e-06,4.616331702266552e-07,0.0027282837493755817,0.0005965294319445784,0.003563059598370073,4.558382776356835,1.5980843410243464,0.0
32,6080,6.6263534887420406,0.004348350704369244,0.0009535707912371155,0.003889676072456135,0.0006769721938004904,7.564789989089604e-06,4.5829135207389017e-07,0.0027181585267794977,0.000594315588430341,0.0035495828811500036,4.558390259761487,1.5980887060457836,0.0
32,6084,6.630712931826739,0.004333204242775607,0.0009502492506466165,0.003875575996529673,0.0006745181695694538,7.510044660818949e-06,4.549747615870329e-07,0.002708074096855205,0.000592110664087116,0.003536161505327091,4.558397708941135,1.5980930533941575,0.0
32,6088,6.635072374911438,0.0043181148260377136,0.0009469402196975715,0.0038615314282842974,0.0006720738060803243,7.455712484727428e-06,4.516832007534854e-07,0.0026980302821533863,0.0005899146201162484,0.0035227952263455885,4.55840512405678,1.5980973831446228,0.0
32,6092,6.639431817996137,0.004303082220018172,0.0009436436470448628,0.0038475421305838873,0.0006696390620611405,7.401790234951022e-06,4.484164741434227e-07,0.0026880269060437023,0.0005877274178981494,0.0035094838007916416,4.5584125052686355,1.5981016953719989,0.0
32,6096,6.643791261080835,0.004288106191619104,0.0009403594815713329,0.0038336078673754095,0.0006672138964284455,7.348274642993147e-06,4.451743837442468e-07,0.0026780637927110128,0.0005855490189914708,0.0034962269863859008,4.55841985273615,1.5981059901507715,0.0
32,6100,6.648150704165534,0.004273186508776779,0.0009370876723866076,0.003819728403683268,0.000664798268286303,7.2951625327277725e-06,4.419567371393679e-07,0.002668140767151111,0.0005833793851321721,0.003483024541980458,4.558427166617998,1.598110267555095,0.0
32,6104,6.652510147250233,0.004258322940457487,0.0009338281688261904,0.0038059035056049115,0.000662392136925533,7.24245075645058e-06,4.387633436340449e-07,0.0026582576551674023,0.0005812184782327942,0.0034698762275511153,4.558434447072087,1.5981145276587931,0.0
32,6108,6.6568695903349315,0.004243515256651626,0.0009305809204501667,0.0037921329403045783,0.0006599954618226232,7.190136123824686e-06,4.355940099507638e-07,0.002648414283366162,0.0005790662603814225,0.0034567818041931625,4.558441694255566,1.5981187705353606,0.0
32,6112,6.66122903341963,0.0042287632283702446,0.0009273458770424456,0.0037784164760096524,0.0006576082026390948,7.138215536883763e-06,4.3244854840801853e-07,0.002638610479153798,0.0005769226938410889,0.00344374103411615,4.558448908324822,1.5981229962579648,0.0
32,6116,6.665588476504329,0.004214066627639066,0.0009241229886094487,0.0037647538820043754,0.0006552303192204075,7.0866859047669095e-06,4.293267717547654e-07,0.0026288460707321023,0.0005747877410487329,0.0034307536806371334,4.558456089435489,1.5981272048994477,0.0
32,6120,6.669947919589028,0.004199425227494437,0.000920912205379222,0.0037511449286254856,0.0006528617715952018,7.035544129507798e-06,4.262284923094985e-07,0.0026191208870949318,0.0005726613646144761,0.0034178195081776778,4.558463237742449,1.5981313965323267,0.0
32,6124,6.674307362673726,0.004184838801978095,0.0009177134778002887,0.0037375893872567748,0.0006505025199743503,6.984787219721511e-06,4.231535288476444e-07,0.0026094347580241212,0.0005705435273207287,0.00340493828225491,4.558470353399838,1.5981355712287966,0.0
32,6128,6.678666805758425,0.004170307126132602,0.0009145267565406478,0.0037240870303241426,0.0006481525247500978,6.934412112968857e-06,4.2010169584000815e-07,0.002599787514085704,0.0005684341921213632,0.0033921097694804107,4.558477436561047,1.5981397290607309,0.0
32,6132,6.683026248843124,0.004155829975997198,0.0009113519924868643,0.0037106376312913366,0.0006458117464953195,6.884415824970347e-06,4.170728124924784e-07,0.002590178986626744,0.0005663333221410216,0.00337933373755257,4.558484487378727,1.5981438700996828,0.0
32,6136,6.6873856919278225,0.004141407128602125,0.000908189136742825,0.003697240964653862,0.0006434801459624611,6.834795371446489e-06,4.140666980109441e-07,0.002580609007770693,0.0005642408806741,0.0033666099552514075,4.558491506004793,1.5981479944168884,0.0
32,6140,6.691745135012521,0.004127038361964781,0.0009050381406288945,0.0036838968059349883,0.000641157684082844,6.785547846277495e-06,4.1108317633637773e-07,0.0025710774104144014,0.0005621568311840957,0.0033539381924336227,4.558498492590427,1.598152102083266,0.0
32,6144,6.69610457809722,0.004112723455084703,0.0009018989556808163,0.003670604931680347,0.000638844321965725,6.73667027939473e-06,4.081220675355926e-07,0.0025615840282239995,0.0005600811373027062,0.0033413182200272094,4.558505447286086,1.5981561931694195,0.0
32,6148,6.700464021181919,0.0040984621879388535,0.0008987715336486774,0.0036573651194530413,0.0006365400208974445,6.6881598144163945e-06,4.0518319856279647e-07,0.002552128695631232,0.0005580137628290279,0.00332874981002741,4.558512370241495,1.5981602677456381,0.0
32,6152,6.704823464266617,0.00408425434147755,0.0008956558264960166,0.003644177147829292,0.0006342447423406698,6.640013538117273e-06,4.022663929284998e-07,0.0025427112478301596,0.0005559546717288344,0.003316232735489319,4.558519261605661,1.5981643258818992,0.0
32,6156,6.709182907351316,0.004070099697619173,0.0008925517863986644,0.0036310407963928413,0.0006319584479334203,6.592228643853559e-06,3.993714806001457e-07,0.0025333315207729137,0.0005539038281336496,0.0033037667705251308,4.5585261215268735,1.5981683676478688,0.0
32,6160,6.713542350436015,0.00405599803924656,0.0008894593657439511,0.0036179558457311795,0.0006296810994884114,6.544802261032601e-06,3.964982876710176e-07,0.002523989351166874,0.0005518611963401287,0.003291351690299053,4.558532950152705,1.598172393112904,0.0
32,6164,6.7179017935207135,0.004041949150201485,0.0008863785171294976,0.0036049220774296625,0.00062741265899203,6.4977315972214456e-06,3.93646644969483e-07,0.0025146845764701907,0.000549826740809081,0.0032789872710182995,4.558539747630019,1.5981764023460532,0.0
32,6168,6.722261236605412,0.004027952815280822,0.0008833091933623721,0.003591939274067458,0.0006251530886036296,6.451013874197997e-06,3.908163841848334e-07,0.002505417034888736,0.000547800426164802,0.0032666732899335597,4.558546514104969,1.5981803954160587,0.0
32,6172,6.726620679690111,0.0040140088202318845,0.0008802513474580708,0.0035790072192126198,0.0006229023506546722,6.404646342161868e-06,3.880073387282094e-07,0.0024961865653723683,0.0005457822171942576,0.0032544095253302313,4.558553249723006,1.5981843723913576,0.0
32,6176,6.73098012277481,0.0040001169517478626,0.0008772049326395144,0.003566125697417323,0.0006206604076479003,6.358626251312671e-06,3.852193420107513e-07,0.0024869930076113645,0.000543772078846303,0.003242195756524531,4.55855995462888,1.5981883333400828,0.0
32,6180,6.735339565859508,0.0039862769974633875,0.0008741699023360773,0.003553294494213166,0.0006184272222565182,6.312950880271728e-06,3.8245222916544817e-07,0.0024778362020328537,0.0005417699762309037,0.0032300317638594028,4.558566628966644,1.5981922783300655,0.0
32,6184,6.739699008944207,0.003972488745950647,0.0008711462101827354,0.0035405133961069297,0.0006162027573234538,6.2676175502929254e-06,3.797058379080621e-07,0.0024687159897975783,0.0005397758746184274,0.0032179173286980165,4.558573272879657,1.5981962074288352,0.0
32,6188,6.744058452028906,0.003958751986714017,0.0008681338100188881,0.0035277821905750884,0.0006139869758604043,6.222623596841004e-06,3.7698000681527953e-07,0.002459632212795797,0.0005377897394387474,0.003205852233420184,4.5585798865105875,1.5982001207036223,0.0
32,6192,6.7484178951136045,0.0039450665101863625,0.0008651326558875483,0.003515100666059762,0.0006117798410471307,6.177966341169849e-06,3.742745736028625e-07,0.002450584713644184,0.0005358115362805657,0.003193836261416104,4.558586470001417,1.5982040182213593,0.0
32,6196,6.752777338198303,0.003931432107724806,0.0008621427020344131,0.0035024686119643393,0.0006095813162306966,6.133643189798477e-06,3.7158938115211916e-07,0.0024415733356825584,0.0005338412308906968,0.0031818691970819956,4.558593023493446,1.5982079000486813,0.0
32,6200,6.757136781283002,0.003917848571605832,0.0008591639029067915,0.0034898858186482294,0.0006073913649245544,6.089651520824191e-06,3.68924270622509e-07,0.002432597922969884,0.000531878789173194,0.0031699508258167964,4.558599547127292,1.5982117662519286,0.0
32,6204,6.761496224367701,0.003904315695021569,0.0008561962131527882,0.0034773520774229517,0.0006052099508078653,6.045988747871434e-06,3.662790853258022e-07,0.0024236583202813257,0.0005299241771887051,0.003158080934015941,4.5586060410428955,1.5982156168971473,0.0
32,6208,6.765855667452399,0.0038908332720749557,0.0008532395876202438,0.0034648671805470994,0.000603037037724622,6.002652291670074e-06,3.636536690042313e-07,0.002414754373104468,0.0005279773611536461,0.0031462593090647996,4.558612505379525,1.5982194520500905,0.0
32,6212,6.770215110537098,0.003877401097776117,0.0008502939813559403,0.003452430921222333,0.0006008725896829518,5.959639636898828e-06,3.610478692741883e-07,0.0024058859276362234,0.0005260383074395247,0.0031344857393376105,4.558618940275779,1.5982232717762201,0.0
32,6216,6.774574553621797,0.003864018968037466,0.0008473593496045269,0.0034400430935884467,0.0005987165708542582,5.916948254025556e-06,3.584615328911408e-07,0.002397052830779193,0.0005241069825721455,0.003122760014190493,4.558625345869588,1.5982270761407085,0.0
32,6220,6.778933996706495,0.0038506866796695974,0.000844435647807619,0.0034277034927188356,0.0005965689455724316,5.8745756206235455e-06,3.558945070410186e-07,0.0023882549301381655,0.0005221833532308432,0.00311108192395634,4.558631722298222,1.5982308652084394,0.0
32,6224,6.783293439791194,0.0038374040303779783,0.0008415228316030733,0.0034154119146170966,0.0005944296783332576,5.8325192782149315e-06,3.5334664278391107e-07,0.0023794920740175954,0.0005202673862479323,0.003099451259942881,4.558638069698286,1.598234639044008,0.0
32,6228,6.787652882875893,0.0038241708187571736,0.0008386208568237209,0.0034031681562108475,0.0005922987337933417,5.790776747005566e-06,3.508177898885211e-07,0.00237076411141689,0.0005183590486076763,0.003087867814422433,4.558644388205733,1.5982383977117258,0.0
32,6232,6.792012325960592,0.0038109868442882324,0.0008357296794967941,0.003390972015349045,0.0005901760767696424,5.749345611150147e-06,3.483078019977109e-07,0.0023620708920284225,0.0005164583074458529,0.0030763313806339366,4.558650677955858,1.5982421412756174,0.0
32,6236,6.79637176904529,0.003797851907333597,0.0008328492558428106,0.0033788232907965452,0.0005880616722385241,5.708223419276237e-06,3.458165306020321e-07,0.002353412266233391,0.000514565130048849,0.0030648417527745515,4.558656939083308,1.5982458697994257,0.0
32,6240,6.800731212129989,0.0037847658091332047,0.0008299795422747176,0.003366721782230113,0.000585955485335063,5.667407791065671e-06,3.433438314966579e-07,0.0023447880850988555,0.0005126794838530129,0.00305339872599552,4.558663171722082,1.5982495833466113,0.0
32,6244,6.805090655214688,0.003771728351800546,0.0008271204953970287,0.00335466729023401,0.0005838574813522791,5.6268963177785736e-06,3.408895587549128e-07,0.002336198200374311,0.0005108013364439047,0.003042002096395854,4.558669376005536,1.5982532819803532,0.0
32,6248,6.809450098299386,0.0037587393383180135,0.0008242720720048026,0.0033426596162953984,0.0005817676257403361,5.586686661729345e-06,3.38453570754743e-07,0.002327642464488328,0.0005089306555555618,0.0030306516610227275,4.558675552066384,1.5982569657635524,0.0
32,6252,6.813809541384085,0.0037457985725342724,0.0008214342290830675,0.0033306985628012227,0.0005796858841059989,5.546776456810676e-06,3.3603572415224606e-07,0.0023191207305460807,0.0005070674090699588,0.003019347217862408,4.558681700036702,1.5982606347588304,0.0
32,6256,6.818168984468784,0.0037329058591582774,0.0008186069238055085,0.003318783933032144,0.0005776122222115777,5.507163400864101e-06,3.3363587947767904e-07,0.0023106328523248448,0.000505211565016023,0.003008088565836534,4.558687820047933,1.5982642890285332,0.0
32,6260,6.8225284275534825,0.0037200610037567993,0.0008157901135339251,0.0033069155311598736,0.0005755466059744644,5.467845170414876e-06,3.3125389596991255e-07,0.0023021786842719726,0.000503363091569191,0.002996875504799189,4.5586939122308845,1.5982679286347303,0.0
32,6264,6.826887870638181,0.003707263812749538,0.0008129837558171602,0.0032950931622419237,0.0005734890014662181,5.42881947751539e-06,3.28889635020128e-07,0.002293758081500887,0.0005015219570505339,0.0029857078355314433,4.558699976715742,1.5982715536392176,0.0
32,6268,6.83124731372288,0.0036945140934056355,0.0008101878083903347,0.003283316632218003,0.0005714393749119388,5.390084062639744e-06,3.265429597413554e-07,0.0022853708997883945,0.000499688129926169,0.0029745853597356892,4.558706013632061,1.5982751641035176,0.0
32,6272,6.835606756807579,0.00368181165383926,0.0008074022291738793,0.003271585747905346,0.0005693976926894539,5.351636659156611e-06,3.242137328161628e-07,0.002277016995571146,0.0004978615788064861,0.0029635078800350594,4.558712023108776,1.5982787600888813,0.0
32,6276,6.839966199892277,0.0036691563030061386,0.0008046269762727742,0.003259900316994996,0.0005673639213286709,5.313475035961801e-06,3.219018190794288e-07,0.0022686962259428132,0.0004960422724455304,0.0029524751999627456,4.558718005274202,1.5982823416562895,0.0
32,6280,6.844325642976976,0.003656547850699595,0.0008018620079756805,0.0032482601480476546,0.0005653380275108564,5.27559699747826e-06,3.1960708551834314e-07,0.0022604084486509677,0.0004942301797403199,0.0029414871239653393,4.55872396025604,1.5982859088664532,0.0
32,6284,6.848685086061675,0.003643986107545921,0.0007991072827539245,0.0032366650504888333,0.0005633199780677908,5.238000341023508e-06,3.1732939868963325e-07,0.00225215352209342,0.0004924252697300449,0.002930543457391174,4.558729888181375,1.5982894617798158,0.0
32,6288,6.8530445291463735,0.0036314708850013586,0.0007963627592608365,0.0032251148346056475,0.0005613097399812109,5.2006828425987806e-06,3.1506862385863995e-07,0.002243931305315804,0.0004906275115955406,0.0029196440064906477,4.558735789176684,1.5982930004565536,0.0
32,6292,6.857403972231072,0.0036190019953477102,0.000793628396330788,0.0032136093115421316,0.000559307280381995,5.163642406103008e-06,3.128246340390234e-07,0.0022357416580080103,0.0004888368746585053,0.0029087885784091555,4.558741663367838,1.5982965249565781,0.0
32,6296,6.861763415315771,0.003606579251688865,0.0007909041529784296,0.0032021482932955607,0.0005573125665495216,5.126876850169992e-06,3.1059729707889744e-07,0.002227584440501409,0.0004870533283808959,0.00289797698118703,4.5587475108801,1.5983000353395362,0.0
32,6300,6.86612285840047,0.0035942024679468166,0.0007881899883978181,0.003190731592712377,0.0005553255659109618,5.090384050276953e-06,3.083864842700734e-07,0.0022194595137658172,0.00048527684236426247,0.0028872090237487113,4.558753331838136,1.598303531664811,0.0
32,6304,6.870482301485168,0.0035818714588576766,0.0007854858619615423,0.003179359023483846,0.0005533462460405221,5.054161903217391e-06,3.061920681957491e-07,0.002211366739406168,0.00048350738634902134,0.0028764845159046817,4.558759126366011,1.5983070139915252,0.0
32,6308,6.874841744569867,0.003569586039967744,0.0007827917332198608,0.003168030400141903,0.000551374574658722,5.01820830578481e-06,3.040139214391224e-07,0.002203305979659367,0.00048174493021376733,0.002865803268342898,4.558764894587197,1.5983104823785397,0.0
32,6312,6.879201187654566,0.003557346027630369,0.0007801075619000143,0.00315674553805597,0.0005494105196318399,4.982521197405276e-06,3.018519191661641e-07,0.002195277097391944,0.00047998944397476017,0.002855165092627115,4.558770636624574,1.5983139368844566,0.0
32,6316,6.8835606307392645,0.00354515123900177,0.0007774333079053081,0.0031455042534284383,0.0005474540489711275,4.947098510399428e-06,2.997059361123828e-07,0.0021872799560965954,0.00047824089778516875,0.0028445698011920245,4.5587763526004315,1.5983173775676192,0.0
32,6320,6.887920073823963,0.003533001492037361,0.0007747689313143076,0.0031343063632907277,0.0005455051308321225,4.911938191298759e-06,2.975758478742116e-07,0.002179314419889186,0.0004764992619344155,0.0028340172073381895,4.558782042636471,1.5983208044861144,0.0
32,6324,6.892279516908662,0.003520896605487811,0.0007721143923799728,0.003123151685499332,0.0005435637335139623,4.8770382221619e-06,2.9546153220039436e-07,0.002171380353505836,0.0004747645068475395,0.002823507125229076,4.558787706853815,1.598324217697773,0.0
32,6328,6.896638959993361,0.0035088363988954236,0.0007694696515288656,0.0031120400387318475,0.0005416298254586906,4.842396599258336e-06,2.9336286770059916e-07,0.0021634776222998623,0.00047303660308452766,0.002813039369886778,4.558793345373001,1.598327617260171,0.0
32,6332,6.900998403078059,0.0034968206925912564,0.0007668346693605174,0.003100971242483869,0.0005397033752507193,4.808011333068407e-06,2.9127973384541864e-07,0.002155606092239422,0.00047131552133979933,0.002802613757186821,4.558798958313991,1.598331003230631,0.0
32,6336,6.905357846162758,0.003484849307689815,0.0007642094066462656,0.00308994511706353,0.0005377843516158763,4.773880419861598e-06,2.8921200924452096e-07,0.002147765629903424,0.0004696012324413129,0.0027922301038549205,4.558804545796172,1.5983343756662234,0.0
32,6340,6.909717289247457,0.0034729220660871755,0.0007615938243288418,0.0030789614835895263,0.0005358727234210632,4.740001905645386e-06,2.871595755208095e-07,0.002139956102480049,0.0004678937073502413,0.0027818882274631266,4.558810107938357,1.598337734623767,0.0
32,6344,6.9140767323321555,0.003461038790455947,0.0007589878835212677,0.0030680201639856726,0.000533968459673307,4.7063738719543835e-06,2.8512231644949845e-07,0.0021321773777625854,0.00046619291716006267,0.0027715879464251885,4.558815644858793,1.598341080159831,0.0
32,6348,6.918436175416854,0.0034491993042423926,0.0007563915455062231,0.003057120980977943,0.0005320715295192449,4.672994343479786e-06,2.831001123621047e-07,0.0021244293241472227,0.00046449883309607697,0.0027613290799930806,4.558821156675157,1.598344412330736,0.0
32,6352,6.922795618501553,0.0034374034316628803,0.0007538047717352677,0.003046263758090671,0.0005301819022444636,4.639861451494198e-06,2.810928500470777e-07,0.0021167118106301644,0.00046281142651477503,0.0027511114482509165,4.558826643504567,1.5983477311925538,0.0
32,6356,6.927155061586252,0.0034256509976998604,0.0007512275238279592,0.0030354483196424822,0.0005282995472727909,4.6069732562159516e-06,2.791004119882451e-07,0.002109024706804619,0.00046113066890318086,0.0027409348721160317,4.558832105463573,1.5983510368011107,0.0
32,6360,6.93151450467095,0.003413941828098634,0.0007486597635711447,0.0030246744907426013,0.0005264244341656528,4.574327888917651e-06,2.771226849740564e-07,0.0021013678828579025,0.00045945653187821797,0.002730799173328931,4.558837542668173,1.5983543292119873,0.0
32,6364,6.935873947755649,0.003402275749363818,0.0007461014529181849,0.003013942097287305,0.000524556532621457,4.5419234879773285e-06,2.751595562234231e-07,0.002093741209568834,0.0004577889871861396,0.002720704174452583,4.558842955233808,1.5983576084805196,0.0
32,6368,6.940233390840348,0.0033906525887555717,0.0007435525539881275,0.003003250965955922,0.0005226958124748961,4.509758184667589e-06,2.7321091252479464e-07,0.0020861445583047005,0.0004561280067018656,0.0027106496988680492,4.558848343275364,1.5983608746618003,0.0
32,6372,6.9445928339250464,0.0033790721742861796,0.0007410130290649568,0.002992600924207208,0.0005208422436963163,4.477830152893603e-06,2.712766432493935e-07,0.0020785778010185114,0.00045447356242838197,0.0027006355707711966,4.55885370690718,1.5983641278106808,0.0
32,6376,6.948952277009745,0.00336753433471644,0.000738482840596803,0.002981991800275539,0.0005189957963910556,4.446137552349683e-06,2.693566369075176e-07,0.0020710408102461277,0.000452825626496113,0.0026906616151674365,4.558859046243046,1.598367367981771,0.0
32,6380,6.953311720094444,0.003356038899552774,0.000735961951195307,0.002971423423167852,0.0005171564407989114,4.414678585362708e-06,2.6745078459223825e-07,0.0020635334591039504,0.000451184171162416,0.002680727657867964,4.558864361396208,1.5983705952294407,0.0
32,6384,6.957671163179143,0.0033445856990430662,0.0007334503236347092,0.0029608956226592196,0.0005153241472933696,4.38345144715413e-06,2.655589769661643e-07,0.0020560556212855553,0.0004495491688108454,0.002670833525486781,4.558869652479369,1.5983738096078213,0.0
32,6388,6.962030606263841,0.0033331745641738382,0.0007309479208512286,0.00295040822928993,0.0005134988863810969,4.352454368472536e-06,2.636811068442156e-07,0.0020486071710595203,0.00044792059195067785,0.0026609790454379346,4.558874919604696,1.5983770111708067,0.0
32,6392,6.96639004934854,0.0033218053266657094,0.0007284547059420687,0.0029399610743607143,0.00051168062870111,4.32168556585566e-06,2.6181706618038747e-07,0.0020411879832658115,0.00044629841321612205,0.0026511640459271264,4.558880162883813,1.5983801999720535,0.0
32,6396,6.970749492433239,0.0033104778189714263,0.0007259706421649846,0.002929553989930528,0.0005098693450243894,4.2911432984737985e-06,2.599667495114484e-07,0.002033797933314075,0.000444682605365945,0.002641388355954006,4.558885382427818,1.598383376064984,0.0
32,6400,6.975108935517937,0.003299191874271556,0.0007234956929373384,0.0029191868088122115,0.0005080650062531246,4.260825811286395e-06,2.581300505132427e-07,0.0020264368971804193,0.0004430731412827689,0.0026316518053033314,4.558890578347273,1.5983865395027852,0.0
32,6404,6.979468378602636,0.0032879473264714556,0.000721029821835435,0.00290885936456911,0.0005062675834201251,4.230731406096311e-06,2.563068663053116e-07,0.002019104751404801,0.00044146999397249903,0.00262195422454479,4.55889575075221,1.5983896903384114,0.0
32,6408,6.983827821687335,0.0032767440101974226,0.0007185729925936779,0.0028985714915111547,0.0005044770476881387,4.200858349179271e-06,2.544970918548859e-07,0.0020118013730881126,0.0004398731365636875,0.0026122954450256207,4.558900899752139,1.5983928286245839,0.0
32,6412,6.988187264772034,0.0032655817607941786,0.0007161251691040172,0.0028883230246920743,0.0005026933703493665,4.171204949443563e-06,2.5270062471196917e-07,0.0020045266398900316,0.00043828254230706266,0.0026026752988718145,4.558906025456042,1.5983959544137933,0.0
32,6416,6.992546707856732,0.0032544604143210734,0.0007136863154151175,0.002878113799905479,0.0005009165228247809,4.141769530008332e-06,2.5091736328748943e-07,0.0019972804300260956,0.0004366981845748898,0.002593093618978917,4.558911127972383,1.5983990677583002,0.0
32,6420,6.996906150941431,0.0032433798075485786,0.0007112563957315882,0.002867943653681135,0.0004991464766634771,4.112550399781867e-06,2.491472051314503e-07,0.001990062622264871,0.0004351200368603517,0.00258355023901273,4.558916207409108,1.598402168710136,0.0
32,6424,7.00126559402613,0.0032323397779552288,0.0007088353744133137,0.002857812423281838,0.0004973832035421297,4.0835459245158745e-06,2.4739005123755285e-07,0.0019828730959256355,0.00043354807277704244,0.0025740449934026632,4.558921263873644,1.5984052573211036,0.0
32,6428,7.005625037110828,0.0032213401637242434,0.000706423215974712,0.0028477199466995936,0.0004956266752643269,4.054754455751208e-06,2.456458017385737e-07,0.001975711730875392,0.00043198226605831413,0.0025645777173403978,4.558926297472906,1.59840833364278,0.0
32,6432,7.009984480195527,0.0032103808037404857,0.0007040198850840681,0.0028376660626527254,0.0004938768637600681,4.026174345028721e-06,2.439143567672895e-07,0.0019685784075268073,0.0004304225905568264,0.0025551482467737214,4.5589313083133005,1.598411397726515,0.0
32,6436,7.014343923280226,0.003199461537586761,0.0007016253465627217,0.002827650610581663,0.0004921337410850301,3.997803993627258e-06,2.421956194697122e-07,0.0019614730068349103,0.00042886902024382427,0.0025457564184055716,4.558936296500723,1.5984144496234347,0.0
32,6440,7.0187033663649245,0.0031885822055412994,0.0006992395653845158,0.0028176734306465724,0.0004903972794201555,3.969641788614808e-06,2.404894921309292e-07,0.0019543954102954147,0.00042732152920877173,0.002536402069687688,4.558941262140563,1.5984174893844407,0.0
32,6444,7.023062809449623,0.003177742648573856,0.0006968625066749415,0.0028077343637230843,0.0004886674510709081,3.941686124164789e-06,2.3879587746649023e-07,0.0019473454999414262,0.0004257800916586315,0.002527085038821363,4.558946205337708,1.598420517060212,0.0
32,6448,7.027422252534322,0.003166942708342791,0.0006944941357104969,0.002797833251399196,0.000486944228466735,3.91393544418861e-06,2.3711468120518018e-07,0.001940323158341101,0.0004242446819173531,0.002517805164747628,4.558951126196543,1.5984235327012053,0.0
32,6452,7.031781695619021,0.0031561822271917697,0.0006921344179179644,0.0027879699359719045,0.00048522758416047956,3.8863881925976784e-06,2.354458090757839e-07,0.0019333282685951403,0.00042271527442532523,0.002508562287149083,4.558956024820958,1.598426536357657,0.0
32,6456,7.036141138703719,0.003145461048147206,0.0006897833188738493,0.002778144260444278,0.0004835174908278723,3.85904277067084e-06,2.3378916422431327e-07,0.0019263607143344985,0.0004211918437388745,0.0024993562464440274,4.558960901314341,1.5984295280795835,0.0
32,6460,7.040500581788418,0.003134779014913921,0.0006874408043034285,0.002768356068521257,0.0004818139212667999,3.831897664952066e-06,2.3214465496232616e-07,0.0019194203797173429,0.00041967436452960066,0.0024901868837825993,4.558965755779593,1.5984325079167825,0.0
32,6464,7.044860024873117,0.0031241359718728245,0.0006851068400802412,0.0027586052046068422,0.0004801168483968159,3.8049513406690494e-06,2.3051218830999393e-07,0.0019125071494267983,0.0004181628115838836,0.0024810540410447625,4.558970588319119,1.598435475918834,0.0
32,6468,7.0492194679578155,0.003113531764077569,0.0006827813922253559,0.002748891513800822,0.00047842624525857083,3.778202277260334e-06,2.2889167214841233e-07,0.001905620908668571,0.0004166571598023638,0.0024719575608354526,4.5589753990348365,1.598438432135101,0.0
32,6472,7.053578911042514,0.0031029662372518297,0.0006804644269067734,0.0027392148418957474,0.00047674208501328607,3.7516489825861754e-06,2.2728301608052577e-07,0.0018987615431686053,0.0004151573841994298,0.0024628972864820203,4.558980188028178,1.5984413766147312,0.0
32,6476,7.057938354127213,0.003092439237785461,0.0006781559104385843,0.00272957503537292,0.0004750643409420555,3.7252899289796915e-06,2.2568612755696774e-07,0.0018919289391700661,0.0004136634599025587,0.002453873062029543,4.55898495540009,1.5984443094066565,0.0
32,6480,7.062297797211912,0.0030819506127321753,0.0006758558092804599,0.0027199719414000042,0.0004733929864454298,3.6991236882499834e-06,2.2410092005484224e-07,0.0018851229834315599,0.00041217536215192686,0.002444884732240186,4.55898970125104,1.5984472305595963,0.0
32,6484,7.06665724029661,0.003071500209805784,0.0006735640900368274,0.0027104054078269974,0.00047172799504271507,3.6731487398355966e-06,2.2252730145524495e-07,0.0018783435632240618,0.0004106930662997385,0.0024359321425849317,4.558994425681013,1.5984501401220559,0.0
32,6488,7.071016683381309,0.0030610878773777764,0.0006712807194563399,0.00270087528318371,0.0004700693403715346,3.647363648440205e-06,2.2096518480481762e-07,0.0018715905663290303,0.00040921654780981287,0.0024270151392469194,4.5589991287895195,1.5984530381423296,0.0
32,6492,7.075376126466008,0.0030507134644737577,0.0006690056644310942,0.002691381416675971,0.00046841699618716795,3.6217669645566275e-06,2.1941448228927767e-07,0.001864863881035522,0.0004077457822569539,0.0024181335691102683,4.559003810675594,1.5984559246685004,0.0
32,6496,7.0797355695507065,0.003040376820770955,0.0006667388919960849,0.002681923658182995,0.0004667709363620931,3.5963572599939653e-06,2.17875107385729e-07,0.001858163396138205,0.0004062807453265157,0.0024092872797637295,4.559008471437799,1.5984587997484412,0.0
32,6500,7.084095012635405,0.003030077796594696,0.0006644803693284313,0.0026725018582537843,0.0004651311348853599,3.5711330923504647e-06,2.1634697271035127e-07,0.0018514890009346783,0.0004048214128138162,0.002400476119492364,4.559013111174229,1.5984616634298165,0.0
32,6504,7.088454455720104,0.0030198162429157824,0.000662230063746802,0.0026631158681042146,0.0004634975658620834,3.5460930689623638e-06,2.1482999389255917e-07,0.0018448405852232253,0.0004033677606236464,0.0023916999372777135,4.559017729982507,1.5984645157600827,0.0
32,6508,7.092813898804803,0.0030095920113470238,0.0006599879427106546,0.0026537655396134886,0.0004618702035128262,3.521235768744191e-06,2.1332408483991882e-07,0.0018382180393001627,0.0004019197647696904,0.002382958582791594,4.559022327959795,1.5984673567864887,0.0
32,6512,7.097173341889501,0.002999404954141034,0.0006577539738197524,0.0026444507253217844,0.000460249022173189,3.496559820348466e-06,2.1182916247323153e-07,0.001831621253958067,0.0004004774013741377,0.0023742519063944395,4.559026905202788,1.5984701865560769,0.0
32,6516,7.1015327849742,0.0029892549241866974,0.0006555281248133896,0.002635171278426447,0.0004586339962931483,3.472063831111427e-06,2.1034514242191202e-07,0.0018250501204828578,0.00039904064666704546,0.0023655797591324397,4.559031461807721,1.5984730051156855,0.0
32,6520,7.105892228058899,0.0029791417750063124,0.0006533103635697648,0.002625927052779081,0.00045702510043655004,3.447746443896449e-06,2.0887194246768593e-07,0.0018185045306516425,0.0003976094769858674,0.002356941992732948,4.559035997870373,1.5984758125119478,0.0
32,6524,7.1102516711435975,0.0029690653607527106,0.0006511006581053492,0.002616717902882475,0.0004554223092805744,3.4236062944614787e-06,2.0740947996181673e-07,0.0018119843767303784,0.0003961838687749425,0.0023483384596012114,4.559040513486065,1.598478608791294,0.0
32,6528,7.114611114228296,0.0029590255362066335,0.0006488989765743115,0.0026075436838878525,0.0004538255976152572,3.399642039880746e-06,2.0595767354695435e-07,0.0018054895514718068,0.00039476379858504316,0.002339769012818686,4.559045008749662,1.5984813939999523,0.0
32,6532,7.118970557312995,0.002949022156773414,0.00064670528726779,0.0025984042515913475,0.00045223494034287684,3.3758523301230525e-06,2.045164414352866e-07,0.001799019948112773,0.0003933492430727896,0.00233123350613768,4.55904948375558,1.5984841681839483,0.0
32,6536,7.123330000397694,0.002939055078480451,0.0006445195586133388,0.002589299462431389,0.0004506503124774989,3.352235857789765e-06,2.0308570442177427e-07,0.001792575460372276,0.0003919401790002229,0.0023227317939823163,4.559053938597785,1.5984869313891081,0.0
32,6540,7.127689443482392,0.0029291241579739837,0.0006423417591742205,0.0025802291734852464,0.0004490716891443746,3.3287913012713943e-06,2.0166538244045383e-07,0.0017861559824488308,0.00039053658323422906,0.002314263731437856,4.559058373369793,1.5984896836610578,0.0
32,6544,7.132048886567091,0.002919229252516417,0.0006401718576488197,0.0025711932424662604,0.0004474990455794594,3.3055173389584525e-06,2.0025539542536175e-07,0.0017797614090184022,0.0003891384327460863,0.0023058291742554574,4.559062788164677,1.5984924250452248,0.0
32,6548,7.13640832965179,0.0029093702199836065,0.0006380098228700476,0.0025621915277209235,0.0004459323571289044,3.282412713190297e-06,1.9885566718469403e-07,0.0017733916352321724,0.00038774570461097763,0.0022974279788438743,4.559067183075066,1.5984951555868385,0.0
32,6552,7.140767772736488,0.002899546918862104,0.0006358556238047377,0.0025532238882260343,0.0004443715992485615,3.2594761236737213e-06,1.9746611894387362e-07,0.0017670465567144215,0.0003863583760075272,0.002289060002268977,4.559071558193149,1.5984978753309316,0.0
32,6556,7.145127215821187,0.0028897592082458914,0.0006337092295529301,0.002544290183585252,0.00044281674750338337,3.2367062772209465e-06,1.960866723587857e-07,0.0017607260695599104,0.0003849764242172281,0.002280725102249322,4.559075913610674,1.5985005843223408,0.0
32,6560,7.149486658905886,0.0028800069478340244,0.0006315706093473543,0.0025353902740265686,0.0004412677775669837,3.2141019232767576e-06,1.947172516680884e-07,0.0017544300703319676,0.00038359982662402404,0.0022724231371531287,4.5590802494189555,1.5985032826057073,0.0
32,6564,7.153846101990585,0.0028702899979273755,0.0006294397325527148,0.002526524020398967,0.0004397246652210554,3.191661818391367e-06,1.9335778154090206e-07,0.0017481584560599896,0.0003822285607137627,0.0022641539659952977,4.55908456570887,1.5985059702254785,0.0
32,6568,7.158205545075283,0.002860608219426214,0.0006273165686651611,0.0025176912841697267,0.00043818738635490183,3.169384697798705e-06,1.920081853549605e-07,0.001741911124237355,0.0003808626040737401,0.00225591744843527,4.559088862570865,1.5985086472259085,0.0
32,6572,7.162564988159982,0.0028509614738279694,0.0006252010873117969,0.002508891927422196,0.0004366559169650492,3.147269353576121e-06,1.9066838993169493e-07,0.0017356879728197964,0.00037950193439234385,0.0022477134447721793,4.559093140094956,1.598511313651058,0.0
32,6576,7.166924431244681,0.0028413496232233292,0.0006230932582498241,0.0025001258128516386,0.0004351302331545232,3.1253145493792545e-06,1.893383203706878e-07,0.0017294889002222365,0.00037814652945836224,0.002239541815943589,4.559097398370729,1.5985139695447976,0.0
32,6580,7.171283874329379,0.00283177253029424,0.0006209930513661045,0.002491392803763122,0.000433610311132482,3.1035190630746e-06,1.88017902632446e-07,0.0017233138053171977,0.00037679636716063576,0.002231402423521134,4.559101637487346,1.5985166149508059,0.0
32,6584,7.175643317414078,0.002822230058311173,0.0006189004366765607,0.002482692764068642,0.0004320961272137156,3.081881686739507e-06,1.8670706353840066e-07,0.0017171625874326329,0.00037545142548758343,0.0022232951297079862,4.5591058575335435,1.5985192499125722,0.0
32,6588,7.180002760498777,0.0028127220711302906,0.0006168153843255542,0.0024740255582841467,0.00043058765781812784,3.0604012337676068e-06,1.854057312013695e-07,0.0017110351463496772,0.0003741116825267107,0.002215219797335777,4.5591100585976365,1.5985218744733964,0.0
32,6592,7.1843622035834755,0.0028032484331908733,0.0006147378645853209,0.0024653910515267828,0.00042908487947025713,3.0390765175525303e-06,1.841138337341702e-07,0.0017049313823005571,0.0003727771164641526,0.002207176289862957,4.559114240767521,1.598524488676391,0.0
32,6596,7.188721646668174,0.0027938090095122356,0.0006126678478552957,0.0024567891095117647,0.00042758776879873165,3.017906372804191e-06,1.82831300541007e-07,0.0016988511959662644,0.00037144770558416516,0.0021991644713682517,4.5591184041306745,1.5985270925644803,0.0
32,6600,7.193081089752873,0.0027844036656913484,0.0006106053046615904,0.0024482195985497017,0.0004260963025358041,2.996889605810793e-06,1.8155805930423533e-07,0.0016927944884744756,0.00037012342826867034,0.00219118420655198,4.559122548774157,1.5985296861804028,0.0
32,6604,7.197440532837572,0.002775032267900489,0.0006085502056564784,0.0024396823855442687,0.00042461045751694606,2.9760250725985316e-06,1.8029404071944596e-07,0.0016867611613978518,0.0003688042629968844,0.002183235360730399,4.5591266747846175,1.5985322695667112,0.0
32,6608,7.20179997592227,0.002765694682884044,0.0006065025216176937,0.0024311773379887187,0.0004231302106802416,2.955311629193602e-06,1.7903917548222956e-07,0.0016807511167513558,0.00036749018834473124,0.0021753177998322984,4.5591307822482925,1.5985348427657733,0.0
32,6612,7.206159419006969,0.00275639077795616,0.0006044622234479157,0.002422704323963584,0.0004216555390659867,2.9347481174113454e-06,1.7779339342725253e-07,0.0016747642569905823,0.0003661811829844774,0.0021674313904002547,4.559134871251007,1.5985374058197734,0.0
32,6616,7.210518862091668,0.002747120420998373,0.0006024292821742496,0.0024142632121339457,0.000420186419816214,2.914333435910521e-06,1.7655662783287856e-07,0.0016688004850096093,0.0003648772256842622,0.002159575999581782,4.55913894187818,1.5985399587707128,0.0
32,6620,7.2148783051763665,0.002737883480456578,0.0006004036689475613,0.0024058538717464453,0.00041872283017417306,2.894066433611897e-06,1.753288089642362e-07,0.0016628597041388174,0.0003635782953076209,0.0021517514951299842,4.559142994214823,1.5985425016604093,0.0
32,6624,7.219237748261065,0.002728679825338455,0.0005983853550419134,0.0023974761726264543,0.0004172647474838375,2.8739460020688057e-06,1.74109869669227e-07,0.0016569418181427039,0.0003622843708130069,0.0021439577454018138,4.559147028345547,1.5985450345305008,0.0
32,6628,7.223597191345764,0.002719509325211135,0.0005963743118540533,0.0023891299851756757,0.0004158121491894875,2.853971047045434e-06,1.7289974365667686e-07,0.0016510467312180958,0.0003609954312534009,0.002136194619351448,4.5591510443545555,1.598547557422444,0.0
32,6632,7.227956634430463,0.002710371850198711,0.000594370510902867,0.0023808151803695133,0.00041436501283525216,2.834140467200541e-06,1.716983642049495e-07,0.001645174347992163,0.00035971145577587654,0.002128461986530586,4.559155042325659,1.598550070377516,0.0
32,6636,7.232316077515161,0.0027012672709793195,0.0005923739238287397,0.002372531629753966,0.0004129233160645688,2.8144531754037416e-06,1.7050566545333297e-07,0.0016393245735200556,0.0003584324236210837,0.002120759717084531,4.559159022342265,1.5985525734368147,0.0
32,6640,7.23667552059986,0.002692195458783065,0.0005903845223931,0.0023642792054434634,0.00041148703661980624,2.7949080916300773e-06,1.693215819715775e-07,0.0016334973132832796,0.00035715831412289355,0.0021130876817482343,4.5591629844873856,1.5985550666412598,0.0
32,6644,7.241034963684559,0.0026831562853887564,0.0005884022784777048,0.0023560577801174597,0.0004100561523416722,2.775504142960017e-06,1.681460487598955e-07,0.0016276924731871323,0.0003558891067078377,0.0021054457518458066,4.559166928843642,1.598557550031594,0.0
32,6648,7.2453944067692575,0.002674149623122306,0.0005864271640842879,0.0023478672270187025,0.00040863064116891174,2.7562402706848843e-06,1.6697900167942371e-07,0.0016219099595593833,0.0003546247808948198,0.002097833799285654,4.559170855493259,1.5985600236483835,0.0
32,6652,7.249753849853956,0.0026651753448532637,0.0005844591513337997,0.002339707419949683,0.0004072104811376897,2.737115416096003e-06,1.6582037659129888e-07,0.001616149679147626,0.00035336531629453637,0.002090251696559079,4.559174764518075,1.5985624875320184,0.0
32,6656,7.254113292938655,0.002656233323993442,0.0005824982124661064,0.0023315782332709806,0.0004057956503813024,2.7181285275901246e-06,1.6467010978711987e-07,0.001610411539117955,0.00035211069260918787,0.002082699316737039,4.559178655999537,1.598564941722714,0.0
32,6660,7.258472736023354,0.002647323434493588,0.0005805443198392597,0.0023234795418979838,0.0004043861271296068,2.6992785961965637e-06,1.6352814014125866e-07,0.0016046954470525677,0.0003508608896319539,0.002075176533466659,4.559182530018706,1.5985673862605112,0.0
32,6664,7.262832179108052,0.0026384455508411007,0.000578597445928996,0.00231541122129833,0.0004029818897085755,2.6805645703120717e-06,1.6239440394531415e-07,0.0015990013109477765,0.00034961588724655927,0.002067683220969815,4.559186386656261,1.5985698211852781,0.0
32,6668,7.267191622192751,0.0026295995480578,0.0005766575633282476,0.0023073731474896786,0.00040158291653990825,2.6619854196496817e-06,1.6126883878227173e-07,0.00159332903921237,0.0003483756654269147,0.002060219254040054,4.559190225992496,1.5985722465367096,0.0
32,6672,7.27155106527745,0.002620785301696976,0.0005747246447464956,0.0022993651970365796,0.0004001891861404879,2.643540156554991e-06,1.6015138481788988e-07,0.0015876785406652386,0.00034714020423659846,0.0020527845080379253,4.559194048107323,1.5985746623543295,0.0
32,6676,7.2759105083621485,0.0026120026878415567,0.0005727986630093677,0.0022913872470484067,0.00039880067712202,2.6252277649518874e-06,1.590419804960783e-07,0.0015820497245337647,0.0003459094838285041,0.002045378858891838,4.5591978530802795,1.5985770686774905,0.0
32,6680,7.280269951446847,0.002603251583101426,0.0005708795910580505,0.0022834391751767437,0.00039741736819057835,2.6070472287642588e-06,1.579405642607468e-07,0.001576442500451923,0.0003446834844444252,0.002038002183092722,4.55920164099052,1.5985794655453744,0.0
32,6684,7.284629394531546,0.002594531864611069,0.000568967401948773,0.002275520859612745,0.00039603923814614516,2.5889975958648392e-06,1.568470784299646e-07,0.0015708567784582337,0.0003434621864146076,0.002030654357691723,4.559205411916828,1.5985818529969942,0.0
32,6688,7.288988837616245,0.0025858434100269117,0.0005670620688522227,0.0022676321790844364,0.0003946662658821416,2.571077857282944e-06,1.557614618781037e-07,0.0015652924689937508,0.00034224557015730974,0.0020233352602981114,4.559209165937613,1.5985842310711937,0.0
32,6692,7.293348280700943,0.0025771860975253706,0.0005651635650531186,0.0022597730128545656,0.00039329843038505386,2.5532870466804525e-06,1.54683656062309e-07,0.0015597494829004156,0.00034103361617844277,0.002016044769076886,4.559212903130911,1.598586599806649,0.0
32,6696,7.297707723785642,0.0025685598057999114,0.0005632718639495661,0.00225194324071772,0.000391935710733931,2.5356241906138166e-06,1.5361360200926326e-07,0.001554227731418948,0.0003398263050711091,0.0020087827627451008,4.559216623574389,1.5985889592418696,0.0
32,6700,7.302067166870341,0.0025599644140595046,0.000561386939052718,0.00224414274299834,0.00039057808610003963,2.5180883369557705e-06,1.525512420370358e-07,0.0015487271261872217,0.0003386236175152476,0.002001549120570464,4.559220327345345,1.5985913094151971,0.0
32,6704,7.3064266099550395,0.0025513998020253153,0.0005595087639860486,0.0022363714005476042,0.0003892255357463215,2.5006785335790482e-06,1.5149651846369587e-07,0.0015432475792380392,0.0003374255342771469,0.0019943437223671552,4.559224014520714,1.5985936503648088,0.0
32,6708,7.310786053039738,0.002542865849929257,0.0005576373124850367,0.0022286290947416726,0.00038787803902708796,2.4833938354618112e-06,1.5044937403777495e-07,0.0015377890029977278,0.0003362320362091383,0.0019871664484950647,4.559227685177063,1.5985959821287168,0.0
32,6712,7.315145496124437,0.0025343624385110756,0.0005557725583965262,0.0022209157074787457,0.00038653557538750806,2.466233297582221e-06,1.494097515078045e-07,0.0015323513102839595,0.0003350431042491192,0.0019800171798563192,4.559231339390597,1.5985983047447685,0.0
32,6716,7.319504939209136,0.00252588944901618,0.0005539144756782503,0.0022132311211766702,0.0003851981243631917,2.4491960033401483e-06,1.483775953441646e-07,0.0015269344143039004,0.00033385871942014854,0.001972895797891333,4.559234977237161,1.5986006182506483,0.0
32,6720,7.323864382293834,0.0025174467631934217,0.0005520630383983445,0.0022055752187707302,0.0003838656655798054,2.4322810290300367e-06,1.4735284958677325e-07,0.0015215382286525982,0.00033267886283009425,0.0019658021845796823,4.559238598792241,1.598602922683878,0.0
32,6724,7.328223825378533,0.0025090342632926384,0.0005502182207348079,0.0021979478837109035,0.0003825381787525947,2.4154874509463298e-06,1.4633545827554838e-07,0.0015161626673108387,0.00033150351567116443,0.0019587362224334553,4.559242204130964,1.598605218081817,0.0
32,6728,7.332583268463232,0.00250065183206251,0.0005483799969750333,0.0021903489999598705,0.0003812156436860375,2.3988143809106077e-06,1.4532536760271883e-07,0.0015108076446437534,0.00033033265921960297,0.0019516977944984912,4.559245793328102,1.5986075044816637,0.0
32,6732,7.33694271154793,0.0024922993527479865,0.0005465483415152428,0.0021827784519900147,0.0003798980402733222,2.3822608881118867e-06,1.443225211777404e-07,0.0015054730753984347,0.0003291662748351681,0.0019446867843488423,4.559249366458074,1.5986097819204563,0.0
32,6736,7.341302154632629,0.0024839767090889236,0.0005447232288601888,0.002175236124782114,0.00037858534849611995,2.365826105688029e-06,1.4332686648422837e-07,0.0015001588747030046,0.000328004343960929,0.0019377030760864202,4.559252923594944,1.598612050435073,0.0
32,6740,7.345661597717328,0.0024756837853166305,0.000542904633622397,0.002167721903821762,0.00037727754842396144,2.3495091241443333e-06,1.4233834842302507e-07,0.0014948649580639225,0.0003268468481226767,0.0019307465543369508,4.55925646481243,1.5986143100622323,0.0
32,6744,7.350021040802027,0.0024674204661522857,0.0005410925305218187,0.00216023567509764,0.0003759746202139368,2.333309090829516e-06,1.413569153386701e-07,0.0014895912413646637,0.00032569376892863555,0.0019238171042481557,4.559259990183896,1.5986165608384952,0.0
32,6748,7.354380483886725,0.002459186636804893,0.0005392868943853831,0.002152777325099313,0.0003746765441103113,2.317225117565158e-06,1.4038251342339236e-07,0.0014843376408640323,0.00032454508806909426,0.0019169146114880512,4.559263499782362,1.598618802800265,0.0
32,6752,7.358739926971424,0.002450982182968245,0.0005374877001463307,0.002145346740814242,0.0003733833004440058,2.301256330383694e-06,1.394150897303449e-07,0.001479104073193982,0.00032340078731592914,0.0019100389622412246,4.559266993680501,1.598621035983788,0.0
32,6756,7.363099370056123,0.0024428069908198177,0.0005356949228439713,0.002137943809726364,0.0003720948696323495,2.285401869528414e-06,1.3845459217360529e-07,0.0014738904553584498,0.0003222608485223495,0.0019031900432063028,4.559270471950643,1.5986232604251536,0.0
32,6760,7.367458813140821,0.002434660947017464,0.0005339085376229592,0.0021305684198127455,0.0003708112321784976,2.2696609036643167e-06,1.3750097038909965e-07,0.0014686967047308757,0.00032112525362235506,0.001896367741595557,4.559273934664776,1.598625476160297,0.0
32,6764,7.37181825622552,0.002426543938698123,0.0005321285197330097,0.002123220459542294,0.00036953236867120673,2.254032573034692e-06,1.3655417229090545e-07,0.001463522739053256,0.0003199939846305291,0.0018895719451290094,4.559277381894547,1.598627683224997,0.0
32,6768,7.376177699310219,0.0024184558534749985,0.0005303548445282801,0.002115899817872641,0.0003682582597842929,2.23851601788283e-06,1.3561414579310022e-07,0.0014583684764337334,0.0003188670236415115,0.0018828025420352204,4.559280813711264,1.5986298816548798,0.0
32,6772,7.3805371423949175,0.0024103965794361635,0.0005285874874670645,0.002108606384248733,0.00036698888627638605,2.2231104424008663e-06,1.3468084268392097e-07,0.0014532338353455585,0.0003177443528297716,0.001876059421047771,4.559284230185899,1.5986320714854174,0.0
32,6776,7.384896585479616,0.002402366005141303,0.000526826424111079,0.0021013400485995174,0.000365724228990353,2.2078150010429454e-06,1.337542117383695e-07,0.0014481187346246224,0.00031662595444906884,0.0018693424714037335,4.559287631389086,1.5986342527519295,0.0
32,6780,7.389256028564315,0.0023943640196204086,0.0005250716301251752,0.002094100701336366,0.00036446426885302345,2.192628876684921e-06,1.3283420345329628e-07,0.0014430230934681938,0.00031551181083217656,0.001862651582836596,4.559291017391128,1.598636425489583,0.0
32,6784,7.393615471649014,0.002386390512371364,0.0005233230812768116,0.0020868882333507496,0.00036320898687478524,2.1775512522026474e-06,1.3192076832555188e-07,0.0014379468314332422,0.00031440190439051535,0.0018559866455821314,4.559294388261994,1.5986385897333946,0.0
32,6788,7.397974914733712,0.0023784453733579846,0.0005215807534356224,0.002079702536011964,0.0003619583641491884,2.162581324682833e-06,1.3101385771291113e-07,0.001432889868434644,0.00031329621761376096,0.0018493475503690124,4.559297744071321,1.5986407455182292,0.0
32,6792,7.402334357818411,0.0023705284930078166,0.0005198446225729361,0.0020725435011649676,0.0003607123818525688,2.147718291212186e-06,1.3011342297314886e-07,0.0014278521247436022,0.0003121947330694985,0.001842734188419059,4.55930108488842,1.5986428928788023,0.0
32,6796,7.40669380090311,0.002362639762209612,0.000518114664761221,0.002065411021127704,0.0003594710212435822,2.1329613417719884e-06,1.2921941503357772e-07,0.001422833520985616,0.00031109743340277887,0.0018361464514458142,4.559304410782274,1.5986450318496803,0.0
32,6800,7.4110532439878085,0.0023547790723120804,0.0005163908561738117,0.0020583049886898006,0.000358234263662978,2.1183097160815123e-06,1.283317878347456e-07,0.0014178339781395085,0.00031000430133590584,0.0018295842316506377,4.559307721821536,1.5986471624652805,0.0
32,6804,7.415412687072507,0.0023469463151209314,0.0005146731730842608,0.0020512252971094003,0.0003570020905330474,2.103762618332894e-06,1.2745049316488953e-07,0.0014128534175350028,0.0003089153196679062,0.001823047421721496,4.559311018074539,1.5986492847598721,0.0
32,6808,7.419772130157206,0.0023391413828974866,0.0005129615918660338,0.002044171840111757,0.00035577448335737924,2.0893192598236965e-06,1.2657548324270865e-07,0.0014078917608516914,0.00030783047127430445,0.0018165359148291293,4.5593142996092935,1.5986513987675772,0.0
32,6812,7.424131573241905,0.002331364168356358,0.0005112560889920009,0.002037144511886692,0.00035455142372041714,2.07497888737862e-06,1.25706712439213e-07,0.0014029489301170704,0.00030674973910669304,0.0018100496046273922,4.559317566493484,1.5986535045223715,0.0
32,6816,7.428491016326603,0.002323614564663091,0.0005095566410339193,0.0020301432070863002,0.0003533328932870604,2.0607407194006555e-06,1.2484413340356393e-07,0.0013980248477048775,0.0003056731061923688,0.0018035883852477073,4.559320818794481,1.5986556020580849,0.0
32,6820,7.432850459411302,0.0023158924654325215,0.0005078632246620737,0.0020231678208230673,0.0003521188738023364,2.0466040169253574e-06,1.2398770136769582e-07,0.001393119436333614,0.0003046005556340099,0.0017971521513000176,4.559324056579333,1.598657691408401,0.0
32,6824,7.437209902496001,0.0023081977647263626,0.0005061758166447461,0.0020162182486674523,0.0003509093470909795,2.0325680196719986e-06,1.2313737027215655e-07,0.0013882326190647603,0.0003035320706092857,0.0017907407978673224,4.559327279914774,1.5986597726068599,0.0
32,6828,7.4415693455806995,0.0023005303570518463,0.0005044943938479189,0.0020092943866463326,0.0003497042950571608,2.018631974465279e-06,1.222930944879561e-07,0.0013833643193015594,0.0003024676343705906,0.0017843542205065515,4.559330488867222,1.5986618456868564,0.0
32,6832,7.445928788665398,0.002292890137359114,0.000502818933234702,0.002002396131240359,0.00034850369968402747,2.0047951352353266e-06,1.214548288165667e-07,0.0013785144607870539,0.0003014072302446152,0.0017779923152446689,4.559333683502783,1.5986639106816432,0.0
32,6836,7.450288231750097,0.0022852770010391224,0.0005011494118648742,0.001995523379381795,0.0003473075430333271,1.9910567772285503e-06,1.2062252935084705e-07,0.001373682967602466,0.00030035084163199165,0.0017716549785761202,4.559336863887247,1.5986659676243293,0.0
32,6840,7.454647674834796,0.002277690843922352,0.0004994858068945991,0.001988676028452972,0.0003461158072451385,1.9774161685859326e-06,1.1979615175319368e-07,0.0013688697641659668,0.0002992984520070248,0.00176534210746081,4.559340030086098,1.5986680165478824,0.0
32,6844,7.459007117919494,0.0022701315622758737,0.0004978280955757827,0.001981853976283365,0.0003449284745373626,1.9638725987647376e-06,1.1897565297738965e-07,0.001364074775230522,0.00029825004491722116,0.0017590535993241949,4.559343182164509,1.598670057485128,0.0
32,6848,7.463366561004193,0.0022625990528023386,0.000496176255255851,0.001975057121148562,0.0003437455272055437,1.9504253145896655e-06,1.18160987394445e-07,0.0013592979258831306,0.0002972056039831224,0.0017527893520509303,4.5593463201873465,1.5986720904687513,0.0
32,6852,7.467726004088892,0.002255093212637138,0.0004945302633771285,0.0019682853617671316,0.0003425669476223238,1.93707363393969e-06,1.1735211367999142e-07,0.0013545391415424003,0.0002961651128977753,0.0017465492639859893,4.559349444219169,1.5986741155312971,0.0
32,6856,7.4720854471735905,0.0022476139393471178,0.0004928900974765544,0.0019615385972994075,0.00034139271823723096,1.9238168320612203e-06,1.1654898792688764e-07,0.0013497983479576817,0.0002951285554265424,0.0017403332339317207,4.559352554324232,1.5986761327051704,0.0
32,6860,7.476444890258289,0.002240161130927918,0.0004912557351851013,0.0019548167273446414,0.0003402228215761843,1.910654219727803e-06,1.1575156838030322e-07,0.0013450754712068958,0.0002940959154066268,0.0017341411611441686,4.559355650566489,1.5986781420226377,0.0
32,6864,7.480804333342988,0.002232734685803058,0.0004896271542275727,0.0019481196519400275,0.00033905724024132366,1.8975850935021299e-06,1.1495981242448336e-07,0.0013403704376958017,0.0002930671767469124,0.001727972945334244,4.559358733009589,1.5986801435158269,0.0
32,6868,7.485163776427687,0.0022253345028208755,0.000488004332421933,0.0019414472715574972,0.00033789595691045225,1.8846087499468922e-06,1.1417367744367328e-07,0.0013356831741555696,0.00029204232342743306,0.0017218284866601919,4.559361801716884,1.5986821372167284,0.0
32,6872,7.489523219512385,0.0022179604812532787,0.0004863872476790333,0.0019347994871024812,0.0003367389543368206,1.8717245282573458e-06,1.1339312340489124e-07,0.0013310136076418772,0.0002910213394991749,0.0017157076857326837,4.559364856751425,1.598684123157195,0.0
32,6876,7.493882662597084,0.002210612520793934,0.00048477587800221396,0.0019281761999118431,0.00033558621534876765,1.8589317321016097e-06,1.1261810812284457e-07,0.0013263616655332935,0.0002900042090837232,0.0017096104436056705,4.559367898175966,1.5986861013689442,0.0
32,6880,7.498242105681783,0.002203290521555785,0.00048317020148676103,0.0019215773117514854,0.0003344377228493034,1.84622967225323e-06,1.1184858984270288e-07,0.0013217272755295423,0.0002889909163728825,0.0017035366617791513,4.559370926052967,1.5986880718835563,0.0
32,6884,7.502601548766481,0.002195994384069869,0.0004815701963196458,0.0019150027248148905,0.0003332934598158554,1.8336177234345996e-06,1.1108453068379523e-07,0.0013171103656503286,0.0002879814456284202,0.0016974862421951418,4.559373940444591,1.598690034732477,0.0
32,6888,7.50696099185118,0.0021887240092825122,0.0004799758407789108,0.0019084523417203705,0.00033215340929979004,1.8210951751029825e-06,1.1032588759990466e-07,0.0013125108642333247,0.0002869757811816259,0.0016914590872348701,4.559376941412711,1.5986919899470178,0.0
32,6892,7.511320434935879,0.0021814792985544763,0.0004783871132334817,0.0019019260655100032,0.0003310175544262271,1.8086613806644891e-06,1.0957262141897374e-07,0.0013079286999333147,0.00028597390743312476,0.0016854550997179331,4.559379929018907,1.598693937558355,0.0
32,6896,7.515679878020578,0.0021742601536581933,0.00047680399214256166,0.0018954237996468835,0.00032988587839356186,1.7963156864198027e-06,1.0882469253848288e-07,0.0013033638017201706,0.00028497580885243466,0.0016794741829007167,4.559382903324468,1.5986958775975328,0.0
32,6900,7.520039321105276,0.0021670664767766815,0.00047522645605539314,0.0018889454480138835,0.0003287583644732488,1.7840574670913156e-06,1.0808206307776118e-07,0.0012988160988778824,0.00028398146997775424,0.0016735162404718496,4.559385864390395,1.5986978100954614,0.0
32,6904,7.524398764189975,0.002159898170500833,0.0004736544836106631,0.0018824909149108531,0.00032763499600931467,1.7718860192417196e-06,1.0734469042105382e-07,0.0012942855210024563,0.0002829908754155035,0.001667581176553559,4.559388812277402,1.5986997350829197,0.0
32,6908,7.528758207274674,0.0021527551378288674,0.0004720880535363835,0.0018760601050539585,0.0003265157564182433,1.7598007602259713e-06,1.0661253927046293e-07,0.0012897719980013952,0.00028200400984020984,0.0016616688956975563,4.559391747045916,1.5987016525905542,0.0
32,6912,7.533117650359372,0.0021456372821628236,0.0004705271446491217,0.0018696529235721262,0.0003254006291883568,1.7478010363447538e-06,1.0588557002346889e-07,0.0012852754600910458,0.0002810208579939285,0.0016557793028817696,4.559394668756084,1.5987035626488808,0.0
32,6916,7.537477093444071,0.0021385445073080294,0.0004689717358538843,0.0018632692760064628,0.0003242895978797143,1.7358861938987502e-06,1.0516374307755211e-07,0.0012807958377961622,0.00028004140468614676,0.001649912303512049,4.559397577467761,1.5987054652882848,0.0
32,6920,7.54183653652877,0.0021314767174708945,0.0004674218061436329,0.0018569090683078705,0.0003231826461236973,1.7240556431374898e-06,1.0444702270435252e-07,0.0012763330619480799,0.00027906563479338474,0.0016440678034169757,4.5594004732405295,1.5987073605390216,0.0
32,6924,7.5461959796134686,0.002124433817256938,0.000465877334598852,0.0018505722068349845,0.0003220797576226503,1.7123087516779378e-06,1.0373537059273703e-07,0.0012718870636831564,0.0002780935332588547,0.001638245708846544,4.559403356133685,1.5987092484312173,0.0
32,6928,7.550555422698167,0.002117415711669054,0.00046433830038716806,0.0018442585983524478,0.00032098091614958096,1.7006448942424868e-06,1.0302874886203472e-07,0.0012674577744415086,0.0002771250850921847,0.0016324459264711994,4.559406226206247,1.598711128994869,0.0
32,6932,7.554914865782866,0.0021104223061059846,0.00046280468276301516,0.0018379681500291876,0.0003198861055478598,1.6890634668698112e-06,1.0232712092296119e-07,0.0012630451259656671,0.00027616027536912443,0.0016266683633788723,4.5594090835169565,1.5987130022598461,0.0
32,6936,7.559274308867565,0.0021034535063604413,0.0004612764610672229,0.0018317007694365155,0.00031879530973088967,1.6775638584931585e-06,1.0163044975576985e-07,0.0012586490502991667,0.00027519908923123715,0.0016209129270739534,4.5594119281242795,1.59871486825589,0.0
32,6940,7.563633751952263,0.0020965092186170852,0.00045975361472657317,0.00182545636454599,0.0003177085126817338,1.6661454793620578e-06,1.0093869963210063e-07,0.0012542694797849263,0.0002742415118855454,0.0016151795254745315,4.559414760086402,1.5987167270126155,0.0
32,6944,7.567993195036962,0.0020895893494507077,0.0004582361232534016,0.0018192348437275567,0.0003166256984527919,1.6548077113043291e-06,1.0025183310174478e-07,0.001249906347063863,0.0002732875286042278,0.0016094680669096507,4.559417579461243,1.5987185785595106,0.0
32,6948,7.572352638121661,0.0020826938058246926,0.00045672396624526004,0.0018130361157478953,0.0003155468511655128,1.6435499858857838e-06,9.956981572772874e-08,0.0012455595850736291,0.0002723371247243433,0.0016037784601189414,4.559420386306445,1.598720422925938,0.0
32,6952,7.5767120812063595,0.002075822495089592,0.00045521712338460435,0.0018068600897688317,0.0003144719550101177,1.6323716991450965e-06,9.889261092076809e-08,0.0012412291270473834,0.000271390285647562,0.0015981106142508917,4.55942318067938,1.598722260141134,0.0
32,6956,7.581071524291058,0.0020689753249808263,0.00045371557443829,0.001800706675345102,0.00031340099424521125,1.6212722542263691e-06,9.822018252204061e-08,0.0012369149065121646,0.00027044699683980995,0.0015924644388583301,4.55942596263715,1.5987240902342108,0.0
32,6960,7.585430967375757,0.0020621522036174066,0.000452219299257292,0.0017945757824228837,0.00031233395319752593,1.6102511253279772e-06,9.755249867734573e-08,0.0012326168572877364,0.0002695072438310165,0.0015868398439012473,4.559428732236589,1.5987259132341565,0.0
32,6964,7.589790410460456,0.0020553530394994456,0.0004507282777761588,0.0017884673213372584,0.00031127081626148044,1.599307680066886e-06,9.688952107555037e-08,0.001228334913484697,0.0002685710122147008,0.0015812367397388294,4.559431489534265,1.5987277291698359,0.0
32,6968,7.594149853545154,0.0020485777415074867,0.00044924249001286555,0.0017823812028114803,0.00031021156789905207,1.5884413713251888e-06,9.62312165710675e-08,0.001224069009503921,0.00026763828764785004,0.0015756550371320707,4.559434234586477,1.5987295380699895,0.0
32,6972,7.598509296629853,0.002041826218900212,0.000447761916068311,0.0017763173379545035,0.00030915619263934696,1.5776516590904066e-06,9.557755244877219e-08,0.0012198190800346662,0.00026670905585050517,0.0015700946472411274,4.559436967449263,1.5987313399632364,0.0
32,6976,7.602868739714552,0.0020350983813124603,0.0004462865361258835,0.0017702756382591118,0.00030810467507827395,1.5669379251903592e-06,9.492849125845573e-08,0.0012155850600532364,0.00026578330260546885,0.0015645554816216096,4.559439688178394,1.598733134878073,0.0
32,6980,7.6072281827992505,0.0020283941387544305,0.0004448163304512855,0.0017642560156007952,0.00030705699987834955,1.5562996438234222e-06,9.428400114591755e-08,0.0012113668848220316,0.0002648610137580976,0.0015590374522249234,4.559442396829381,1.5987349228428742,0.0
32,6984,7.611587625883949,0.002021713401609075,0.00044335127939196256,0.0017582583822352293,0.0003060131517682589,1.5457362749771164e-06,9.364404939603278e-08,0.0012071644898877195,0.0002639421752159021,0.001553540471395561,4.559445093457474,1.5987367038858948,0.0
32,6988,7.615947068968648,0.0020150560806307945,0.0004418913633768169,0.001752282650796875,0.0003049731155426122,1.5352472360063985e-06,9.30086007109035e-08,0.0012029778110801692,0.0002630267729483139,0.0015480644518675313,4.559447778117663,1.5987384780352687,0.0
32,6992,7.620306512053347,0.0020084220869439804,0.0004404365629158879,0.0017463287342973782,0.00030393687606166645,1.5248320295313533e-06,9.237762495817788e-08,0.0011988067845112175,0.0002621147929864159,0.0015426093067659973,4.559450450864682,1.5987402453190096,0.0
32,6996,7.624665955138045,0.002001811332041242,0.0004389868585999631,0.0017403965461237547,0.00030290441825100886,1.5144900658015104e-06,9.175108640949581e-08,0.0011946513465733142,0.0002612062214226459,0.0015371749496030204,4.559453111753002,1.5987420057650121,0.0
32,7000,7.629025398222744,0.001995223727781314,0.00043754223110011937,0.0017344860000362348,0.00030187572710118244,1.5042208545423819e-06,9.11289553629676e-08,0.0011905114339379095,0.00026030104441044424,0.0015317612942747645,4.559455760836845,1.5987437594010527,0.0
32,7004,7.633384841307443,0.001988659186388262,0.0004361026611675489,0.001728597010167266,0.00030085078766751197,1.4940238131089245e-06,9.051119652069535e-08,0.0011863869835546403,0.0002593992481640757,0.0015263682550638931,4.559458398170174,1.5987455062547888,0.0
32,7008,7.6377442843921415,0.0019821176204490878,0.00043466812963303394,0.0017227294910193013,0.00029982958506971933,1.483898458332078e-06,8.989778061125154e-08,0.001182277932649773,0.00025850081895828915,0.0015209957466335168,4.559461023806702,1.5987472463537606,0.0
32,7012,7.64210372747684,0.001975598942912231,0.000433238617406618,0.0017168833574629984,0.00029881210449160994,1.4738442430939358e-06,8.928867448904912e-08,0.0011781842187247558,0.000257605743128001,0.0015156436840268006,4.559463637799884,1.5987489797253907,0.0
32,7016,7.646463170561539,0.001969103067086427,0.00043181410547735573,0.0017110585247360284,0.0002977983311808654,1.4638606415928734e-06,8.868384629988753e-08,0.001174105779555326,0.00025671400706809986,0.001510311982665875,4.559466240202932,1.598750706396985,0.0
32,7020,7.650822613646238,0.001962629906638578,0.0004303945749128459,0.0017052549084409332,0.0002967882504486706,1.4539471564489759e-06,8.80832659114149e-08,0.0011700425531899236,0.00025582559723309994,0.001505000558348992,4.559468831068799,1.5987524263957336,0.0
32,7024,7.655182056730936,0.0019561793755922636,0.00042898000685890464,0.0016994724245435278,0.0002957818476694359,1.4441032618606187e-06,8.748690146943071e-08,0.0011659944779484697,0.00025494050013687375,0.0014997093272503027,4.5594714104502,1.598754139748711,0.0
32,7028,7.659541499815635,0.0019497513883263865,0.0004275703825392688,0.0016937109893714732,0.0002947791082805484,1.4343284675533141e-06,8.689472327204524e-08,0.001161961492421292,0.00025405870235241726,0.0014944382059158393,4.559473978399594,1.5987558464828762,0.0
32,7032,7.663900942900334,0.0019433458595732906,0.00042616568325518295,0.001687970519612314,0.00029378001778203046,1.4246222477254378e-06,8.630669946505793e-08,0.0011579435354676427,0.0002531801905115258,0.001489187111263349,4.559476534969199,1.5987575466250739,0.0
32,7036,7.6682603859850325,0.001936962704417386,0.0004247658903850979,0.0016822509323120812,0.00029278456173629684,1.4149841049970746e-06,8.572279991611696e-08,0.0011539405462146642,0.0002523049513045679,0.0014839559605818225,4.559479080210983,1.5987592402020343,0.0
32,7040,7.672619829069731,0.0019306018382935191,0.00042337098538431354,0.001676552144873507,0.00029179272576784353,1.405413549093737e-06,8.514299492333259e-08,0.0011499524640560092,0.00025143297148018373,0.001478744671524575,4.559481614176676,1.5987609272403744,0.0
32,7044,7.67697927215443,0.0019242631769853112,0.00042198094978461394,0.001670874075054326,0.0002908044955629524,1.3959100897409371e-06,8.456725478481514e-08,0.001145979228650576,0.0002505642378450083,0.0014735531621157265,4.559484136917761,1.5987626077665977,0.0
32,7048,7.681338715239129,0.0019179466366236165,0.00042059576519392993,0.0016652166409656533,0.00028981985686940895,1.38647322955876e-06,8.399554936821272e-08,0.0011420207799212835,0.00024969873726340383,0.0014683813507396814,4.559486648485482,1.5987642818070957,0.0
32,7052,7.685698158323827,0.0019116521336853326,0.00041921541329607755,0.0016595797610706971,0.00028883879549627804,1.3771024924835729e-06,8.342784983256e-08,0.001138077058054083,0.00024883645665724365,0.0014632291561463735,4.559489148930842,1.5987659493881472,0.0
32,7056,7.690057601408526,0.0019053795849909517,0.0004178398758502216,0.00165396335418234,0.00028786129731348296,1.3677973882408878e-06,8.286412647596728e-08,0.0011341480034961846,0.0002479773830055244,0.001458096497444597,4.559491638304603,1.59876761053592,0.0
32,7060,7.694417044493225,0.001899128907704085,0.0004164691346907709,0.001648367339462445,0.00028688734825168486,1.358557440767072e-06,8.23043504574692e-08,0.0011302335569554674,0.000247121503344237,0.0014529832941049651,4.5594941166572935,1.5987692652764705,0.0
32,7064,7.698776487577923,0.0018929000193293741,0.0004151031717269206,0.001642791636419809,0.00028591693430192634,1.3493821811039197e-06,8.174849336656255e-08,0.001126333659398982,0.00024626880476603935,0.001447889465953312,4.559496584039201,1.598770913635744,0.0
32,7068,7.703135930662622,0.0018866928377110335,0.00041374196894233237,0.0016372361649086013,0.0002849500415153598,1.3402711331877981e-06,8.1196526362282e-08,0.001122448252051762,0.00024541927441999636,0.0014428149331732968,4.559499040500378,1.5987725556395762,0.0
32,7072,7.707495373747321,0.0018805072810314234,0.00041238550839482155,0.0016317008451267752,0.00028398665600297087,1.331223835165929e-06,8.06484214645865e-08,0.0011185772763955886,0.00024457289951131,0.001437759616302127,4.559501486090643,1.5987741913136935,0.0
32,7076,7.71185481683202,0.0018743432678093475,0.0004110337722159837,0.0016261855976144799,0.0002830267639353022,1.3222398038692518e-06,8.010414940204854e-08,0.0011147206741678665,0.00024372966730107313,0.00143272343622924,4.559503920859583,1.5987758206837126,0.0
32,7080,7.716214259916718,0.001868200716898589,0.0004096867426108737,0.0016206903432523724,0.0002820703515421595,1.3133185987612706e-06,7.956368348601361e-08,0.0011108783873602893,0.00024288956510597822,0.0014277063141960734,4.5595063448565485,1.5987774437751419,0.0
32,7084,7.720573703001417,0.00186207954748692,0.00040834440185778847,0.0016152150032605588,0.0002811174051124274,1.304459757989207e-06,7.902699573644068e-08,0.0011070503582180384,0.00024205258029814185,0.0014227081717926174,4.559508758130662,1.5987790606133814,0.0
32,7088,7.724933146086116,0.001855979679093818,0.00040700673230776625,0.0016097594991963467,0.000280167910993678,1.2956628268057102e-06,7.84940586037509e-08,0.0011032365292381332,0.00024121870030474404,0.0014177289309570856,4.559511160730817,1.5987806712237231,0.0
32,7092,7.729292589170814,0.0018499010315693792,0.0004056737163843481,0.001604323752953066,0.00027922185559196616,1.2869273575688567e-06,7.79648449688276e-08,0.0010994368431685316,0.00024038791260783167,0.0014127685139731802,4.559513552705671,1.5987822756313528,0.0
32,7096,7.733652032255513,0.0018438435250930836,0.0004043453365833074,0.0015989076867586186,0.0002782792253715765,1.2782529026367229e-06,7.74393277125541e-08,0.001095651243006974,0.00023956020474406563,0.0014078268434703275,4.559515934103664,1.5987838738613485,0.0
32,7100,7.738011475340212,0.0018378070801719948,0.00040302157547225485,0.0015935112231738383,0.0002773400068547383,1.2696390214728126e-06,7.691748014627589e-08,0.0010918796719998384,0.00023873556430447054,0.0014029038424185503,4.559518304973,1.5987854659386824,0.0
32,7104,7.7423709184249105,0.0018317916176393543,0.00040170241569033034,0.0015881342850908122,0.00027640418662133336,1.261085259329775e-06,7.639927472041409e-08,0.0010881220736407965,0.00023791397893414089,0.0013979994341323293,4.559520665361663,1.5987870518882208,0.0
32,7108,7.746730361509609,0.0018257970586530617,0.0004003878399478694,0.0015827767957314572,0.000275471751308648,1.252591196987396e-06,7.588468603770074e-08,0.0010843783916697994,0.00023709543633201925,0.001393113542263005,4.55952301531741,1.5987886317347246,0.0
32,7112,7.751089804594308,0.0018198233246945784,0.00039907783102616326,0.0015774386786462122,0.00027454268761114577,1.2441564010146067e-06,7.537368783994347e-08,0.001080648570072035,0.00023627992425066837,0.0013882460908007093,4.559525354887774,1.5987902055028502,0.0
32,7116,7.755449247679007,0.0018138703375668698,0.00039777237177700714,0.0015721198577120618,0.00027361698228012314,1.2357804166640562e-06,7.486625257756344e-08,0.001076932553076499,0.0002354674304959587,0.0013833970040728124,4.559527684120067,1.5987917732171495,0.0
32,7120,7.759808690763705,0.0018079380193938186,0.00039647144512257174,0.0015668202571317161,0.0002726946221235671,1.2274628602426674e-06,7.436235700560349e-08,0.0010732302851553038,0.00023465794292691733,0.0013785662067417003,4.55953000306138,1.5987933349020704,0.0
32,7124,7.764168133848404,0.001802026292618247,0.0003951750340549697,0.0015615398014317118,0.0002717755940058244,1.2192032770030892e-06,7.386197357448478e-08,0.001069541711022307,0.00023385144945542793,0.001373753623801782,4.559532311758581,1.598794890581957,0.0
32,7128,7.768527576933103,0.001796135079999991,0.000393883121635833,0.0015562784154603618,0.00027085988484724477,1.2110012619359622e-06,7.336507774786364e-08,0.0010658667756315466,0.00023304793804588883,0.0013689591805800725,4.5595346102583205,1.5987964402810504,0.0
32,7132,7.7728870200178015,0.0017902643046158483,0.0003925956909963017,0.001551036024387637,0.00026994748162416057,1.2028563745047904e-06,7.287164283708556e-08,0.0010622054241771377,0.00023224739671519044,0.0013641828027344213,4.559536898607032,1.5987979840234898,0.0
32,7136,7.7772464631025,0.001784413889856984,0.0003913127253364551,0.0015458125537025458,0.00026903837136843024,1.1947682310164964e-06,7.238164559719338e-08,0.0010585576020913235,0.00023144981353228884,0.0013594244162505415,4.5595391768509295,1.5987995218333115,0.0
32,7140,7.781605906187199,0.0017785837594281465,0.0003900342079251396,0.001540607929212202,0.0002681325411672765,1.1867363980400114e-06,7.189505976999477e-08,0.0010549232550437324,0.0002306551766180437,0.001354683947441507,4.55954144503601,1.5988010537344506,0.0
32,7144,7.785965349271898,0.0017727738373458867,0.00038876012209957826,0.0015354220770400495,0.00026722997816297717,1.1787604847768307e-06,7.141186168007038e-08,0.0010513023289400695,0.0002298634741449319,0.0013499613229453079,4.55954370320806,1.598802579750741,0.0
32,7148,7.790324792356596,0.0017669840479375355,0.0003874904512651467,0.0015302549236247632,0.000266330669552674,1.1708400720067402e-06,7.093202593015224e-08,0.0010476947699212791,0.00022907469433686465,0.0013452564697254998,4.559545951412647,1.5988040999059159,0.0
32,7152,7.794684235441295,0.0017612143158395053,0.00038622517889500034,0.0015251063957184717,0.00026543460258806315,1.1629747689312353e-06,7.045552884482101e-08,0.0010441005243622013,0.00022828882546889343,0.0013405693150675055,4.559548189695129,1.598805614223608,0.0
32,7156,7.799043678525994,0.0017554645659961865,0.00038496428852983274,0.0015199764203856706,0.0002645417645752063,1.1551641634355292e-06,6.998234545727086e-08,0.0010405195388707806,0.00022750585586703737,0.001335899786578057,4.55955041810065,1.59880712272735,0.0
32,7160,7.8034031216106925,0.0017497347236585365,0.0003837077637775659,0.0015148649250015778,0.0002636521428742441,1.147407878931972e-06,6.95124529530068e-08,0.001036951760286758,0.00022672577390799695,0.00133124781218239,4.559552636674142,1.5988086254405753,0.0
32,7164,7.807762564695391,0.0017440247143824395,0.0003824555883129908,0.0015097718372506022,0.00026276572489912996,1.1397055033057768e-06,6.904582636522299e-08,0.0010333971356805856,0.00022594856801891685,0.0013266133201254259,4.55955484546033,1.5988101223866187,0.0
32,7168,7.81212200778009,0.0017383344640277926,0.00038120774587756674,0.0015046970851253136,0.00026188249811745067,1.1320566599692938e-06,6.858244287942447e-08,0.0010298556123526257,0.00022517422667721077,0.0013219962389672101,4.559557044503727,1.5988116135887156,0.0
32,7172,7.816481450864789,0.0017326638987567053,0.0003799642202790268,0.0014996405969245465,0.0002610024500500963,1.124460972334873e-06,6.812227968111623e-08,0.0010263271378317068,0.00022440273841024572,0.0013173964975845816,4.55955923384864,1.5988130990700042,0.0
32,7176,7.820840893949487,0.0017270129450327337,0.00037872499539120955,0.0014946023012525254,0.00026012556827110795,1.116918014076873e-06,6.76653109425681e-08,0.0010228116598744465,0.000223634091795194,0.001312814025167072,4.559561413539169,1.5988145788535246,0.0
32,7180,7.825200337034186,0.001721381529618849,0.0003774900551536139,0.0014895821270170006,0.0002592518404073535,1.1094274654510627e-06,6.721151729298248e-08,0.0010193091264639334,0.00022286827545874496,0.001308248751215423,4.559563583619207,1.598816052962219,0.0
32,7184,7.829559780118885,0.0017157695795766907,0.00037625938357123515,0.0014845800034281572,0.0002583812541383375,1.101988907237228e-06,6.676087333509133e-08,0.0010158194858087928,0.0002221052780769007,0.0013037006055428234,4.559565744132441,1.598817521418934,0.0
32,7188,7.8339192232035835,0.0017101770222648276,0.0003750329647141835,0.0014795958599969914,0.0002575137971959186,1.0946019557422915e-06,6.63133558239375e-08,0.001012342686342032,0.0002213450883747238,0.0012991695182713787,4.559567895122357,1.598818984246419,0.0
32,7192,7.838278666288282,0.0017046037853378068,0.0003738107827174758,0.0014746296265342872,0.0002566494573641317,1.0872662770111674e-06,6.586894452779906e-08,0.0010088786767202616,0.00022058769512616662,0.0012946554198304402,4.559570036632236,1.598820441467328,0.0
32,7196,7.842638109372981,0.0016990497967445189,0.000372592821780677,0.0014696812331488447,0.0002557882224788793,1.0799814731399238e-06,6.542761534079447e-08,0.0010054274058223294,0.00021983308715377317,0.001290158240955793,4.559572168705156,1.5988218931042186,0.0
32,7200,7.84699755245768,0.0016935149847272133,0.0003713790661676839,0.0014647506102464858,0.0002549300804277586,1.072747174646338e-06,6.498934587889092e-08,0.0010019888227485877,0.0002190812533285184,0.0012856779126885131,4.5595742913839965,1.598823339179554,0.0
32,7204,7.851356995542378,0.001687999277819843,0.00037016950020636244,0.0014598376885283661,0.00025407501914976753,1.0655630404698968e-06,6.455411547990431e-08,0.0009985628768196342,0.0002183321825695333,0.001281214366373482,4.559576404711433,1.598824779715703,0.0
32,7208,7.855716438627077,0.0016825026048471583,0.000368964108288349,0.0014549423989899727,0.00025322302663513064,1.0584286940229504e-06,6.412190132933961e-08,0.000995149517575537,0.0002175858638439352,0.0012767675336571994,4.559578508729947,1.598826214734939,0.0
32,7212,7.860075881711776,0.0016770248949231896,0.0003677628748687176,0.0014500646729195571,0.0002523740909250261,1.0513437871395581e-06,6.369268233455055e-08,0.0009917486947746573,0.00021684228616657033,0.0012723373464877514,4.559580603481818,1.5988276442594422,0.0
32,7216,7.8644353247964744,0.0016715660774500533,0.0003665657844657179,0.0014452044418969121,0.00025152820011137294,1.0443079503374975e-06,6.326643611150429e-08,0.0009883603583927356,0.00021610143859981433,0.0012679237371109417,4.559582689009126,1.5988290683112991,0.0
32,7220,7.868794767881173,0.001666126082116244,0.0003653728216604008,0.0014403616377915692,0.0002506853423365172,1.0373208283454005e-06,6.284314113709236e-08,0.0009849844586215261,0.00021536331025327326,0.0012635266380716889,4.559584765353762,1.5988304869125036,0.0
32,7224,7.873154210965872,0.0016607048388965213,0.00036418397109659384,0.0014355361927626067,0.00024984550579319867,1.0303820801027541e-06,6.242277674913061e-08,0.0009816209458686277,0.00021462789028374698,0.0012591459822119476,4.5595868325574145,1.5988319000849565,0.0
32,7228,7.877513654050571,0.0016553022780492568,0.000362999217480319,0.0014307280392560652,0.00024900867872410095,1.023491364549045e-06,6.200532228543493e-08,0.0009782697707555973,0.00021389516789481646,0.0012547817026679101,4.559588890661582,1.5988333078504666,0.0
32,7232,7.881873097135269,0.001649918330115982,0.00036181854557969386,0.001425937110004268,0.00024817484942173335,1.0166483193074782e-06,6.159075579243466e-08,0.0009749308841173652,0.00021316513233671596,0.0012504337328694477,4.559590939707565,1.598834710230751,0.0
32,7236,7.886232540219968,0.0016445529259201993,0.0003606419402246707,0.0014211633380247157,0.0002473440062282383,1.0098526246338224e-06,6.117905789933215e-08,0.0009716042370014534,0.0002124377729061622,0.0012461020065398826,4.559592979736476,1.5988361072474349,0.0
32,7240,7.890591983304667,0.001639205996565572,0.00035946938630663974,0.0014164066566181434,0.00024651613753505323,1.0031039181512824e-06,6.077020665255679e-08,0.0009682897806664836,0.00021171307894602803,0.0012417864576926162,4.559595010789235,1.5988374989220528,0.0
32,7244,7.894951426389365,0.001633877473435266,0.00035830086877828454,0.0014116669993678324,0.0002456912317827911,9.96401858799345e-07,6.036418138992442e-08,0.0009649874665816652,0.00021099103984523063,0.0012374870206304284,4.559597032906568,1.5988388852760487,0.0
32,7248,7.899310869474064,0.0016285672881904492,0.0003571363726532531,0.0014069443001381062,0.00024486927746097823,9.897461339392066e-07,5.996096317109958e-08,0.0009616972464256827,0.00021027164503848808,0.0012332036299459756,4.559599046129014,1.5988402663307764,0.0
32,7252,7.903670312558763,0.0016232753727690552,0.0003559758830058868,0.0014022384930729205,0.00024405026310780895,9.831363954049266e-07,5.956053090343598e-08,0.0009584190720855836,0.00020955488400607635,0.0012289362205180738,4.559601050496921,1.5988416421074996,0.0
32,7256,7.9080297556434616,0.0016180016593846725,0.00035481938497097657,0.0013975495125947814,0.00024323417730995765,9.765723234522738e-07,5.916286521613597e-08,0.0009551528956559965,0.00020884074627365823,0.0012246847275109512,4.559603046050452,1.5988430126273927,0.0
32,7260,7.91238919872816,0.0016127460805250749,0.0003536668637434408,0.001392877293403305,0.00024242100870232772,9.700535770207352e-07,5.876794544701543e-08,0.0009518986694380782,0.0002081292214120531,0.0012204490863730413,4.559605032829579,1.5988443779115409,0.0
32,7264,7.916748641812859,0.0016075085689514865,0.00035251830457816425,0.0013882217704742233,0.0002416107459678788,9.63579843471507e-07,5.837575265573889e-08,0.0009486563459386793,0.00020742029903705463,0.0012162292328371084,4.5596070108740925,1.5988457379809413,0.0
32,7268,7.921108084897558,0.0016022890576969627,0.0003513736927896426,0.001383582879057879,0.00024080337783736455,9.571508030603582e-07,5.798626747150872e-08,0.0009454258778692768,0.00020671396880919736,0.0012120251029163536,4.559608980223591,1.598847092856502,0.0
32,7272,7.925467527982256,0.0015970874800652615,0.0003502330137517355,0.001378960554678009,0.0002399988930891212,9.507661076213481e-07,5.7599468801678616e-08,0.0009422072181450455,0.0002060102204335535,0.0012078366329048148,4.559610940917496,1.5988484425590437,0.0
32,7276,7.929826971066955,0.0015919037696298976,0.0003490962528974587,0.001374354733130686,0.00023919728054888314,9.444254729373824e-07,5.7215339427761795e-08,0.0009390003198840293,0.00020530904365955195,0.0012036637593752291,4.5596128929950375,1.5988497871092995,0.0
32,7280,7.934186414151654,0.0015867378602326355,0.00034796339571865366,0.0013697653504828504,0.00023839852908952747,9.381285579479481e-07,5.6833858687574123e-08,0.0009358051364060763,0.00020461042828074532,0.0011995064191790672,4.559614836495271,1.5988511265279157,0.0
32,7284,7.9385458572363525,0.0015815896859825318,0.00034683442776577784,0.0013651923430711979,0.0002376026276308804,9.318750713305235e-07,5.645500893216665e-08,0.0009326216212319552,0.0002039143641346168,0.0011953645494433185,4.559616771457064,1.5988524608354513,0.0
32,7288,7.942905300321051,0.0015764591812548225,0.00034570933464766026,0.0013606356475011354,0.00023680956513953566,9.256646862354501e-07,5.607877036027957e-08,0.0009294497280826163,0.0002032208411024186,0.0011912380875709744,4.559618697919104,1.5988537900523794,0.0
32,7292,7.94726474340575,0.001571346280689264,0.00034458810203113804,0.0013560952006450326,0.00023601933062854987,9.194971042347788e-07,5.570512489250177e-08,0.0009262894108778586,0.00020252984910888044,0.0011871269712383833,4.5596206159199015,1.5988551141990872,0.0
32,7296,7.951624186490449,0.0015662509191896067,0.0003434707156409407,0.0013515709396415365,0.0002352319131573236,9.133719984788513e-07,5.533405272757345e-08,0.0009231406237357697,0.00020184137812208716,0.0011830311383949838,4.559622525497784,1.5988564332958761,0.0
32,7300,7.955983629575147,0.0015611730319220808,0.0003423571612593582,0.001347062801894173,0.00023444730183135775,9.072891060668553e-07,5.496553793839433e-08,0.0009200033209717342,0.00020115541815326186,0.0011789505272609662,4.559624426690903,1.5988577473629624,0.0
32,7304,7.960343072659846,0.0015561125543141797,0.00034124742472597437,0.001342570725069982,0.0002336654858020161,9.012480859382777e-07,5.459955986278028e-08,0.0009168774570973712,0.0002004719592565336,0.0011748850763279419,4.559626319537231,1.5988590564204777,0.0
32,7308,7.964702515744545,0.0015510694220541566,0.00034014149193755603,0.0013380946470989631,0.0002328864542664288,8.952486467705967e-07,5.423610085178235e-08,0.0009137629868201064,0.0001997909915288439,0.0011708347243554792,4.559628204074565,1.5988603604884686,0.0
32,7312,7.9690619588292435,0.0015460435710887305,0.00033903934884755053,0.0013336345061717796,0.00023211019646709276,8.892905114521454e-07,5.387514411737592e-08,0.0009106598650414711,0.00019911250510957473,0.0011667994103702868,4.559630080340526,1.5988616595868983,0.0
32,7316,7.973421401913942,0.0015410349376229694,0.0003379409814660596,0.0013291902407395993,0.00023133670169184404,8.833733602386928e-07,5.351667028876337e-08,0.0009075680468569754,0.0001984364901805208,0.0011627790736670367,4.559631948372557,1.598862953735646,0.0
32,7320,7.977780844998641,0.001536043458118737,0.00033684637585949887,0.0013247617895124038,0.00023056595927356346,8.774969089131446e-07,5.3160662147457915e-08,0.0009044874875548031,0.00019776293696560426,0.0011587736538039696,4.559633808207931,1.5988642429545075,0.0
32,7324,7.98214028808334,0.001531069069293674,0.0003357555181503748,0.001320349091458029,0.00022979795859000963,8.716608590475516e-07,5.280710161404843e-08,0.0009014181426151275,0.00019709183573072512,0.00115478309060422,4.559635659883745,1.5988655272631958,0.0
32,7328,7.986499731168038,0.0015261117081196685,0.0003346683945169487,0.0013159520858005785,0.0002290326890635429,8.658649548465291e-07,5.245597319189682e-08,0.0008983599677089155,0.00019642317678349966,0.001150807324153389,4.559637503436926,1.5988668066813412,0.0
32,7332,7.990859174252737,0.0015211713118224862,0.00033358499119315625,0.0013115707120198957,0.00022827014016103342,8.60108876565846e-07,5.210725751020545e-08,0.0008953129186974818,0.00019575695047316304,0.0011468462947984241,4.559639338904226,1.5988680812284919,0.0
32,7336,7.995218617337436,0.0015162478178801226,0.0003325052944682455,0.0013072049098500017,0.00022751030139358928,8.543923470938353e-07,5.176093778094971e-08,0.0008922769516313662,0.0001950931471903238,0.0011428999431471604,4.559641166322229,1.5988693509241139,0.0
32,7340,7.9995780604221345,0.0015113411640221659,0.00033142929068663763,0.001302854619278311,0.00022675316231641994,8.487150822134026e-07,5.141699678564282e-08,0.000889252022749698,0.00019443175736682497,0.001138968210065574,4.559642985727345,1.5988706157875912,0.0
32,7344,8.003937503506833,0.0015064512882278724,0.0003303569662475048,0.0012985197805437919,0.0002259987125285162,8.430768119183085e-07,5.1075418166722335e-08,0.0008862380884788703,0.00019377277147545404,0.0011350510366783455,4.559644797155819,1.5988718758382277,0.0
32,7348,8.008296946591532,0.0015015781287257518,0.00032928830760467904,0.001294200334136332,0.0002252469416725397,8.37477259096886e-07,5.0736185136163644e-08,0.0008832351054319844,0.0001931161800298216,0.001131148364365933,4.559646600643727,1.598873131095246,0.0
32,7352,8.01265638967623,0.001496721623992584,0.00032822330126643676,0.0012898962207957864,0.00022449783943465714,8.319161395320407e-07,5.039928047547997e-08,0.0008802430304081656,0.0001924619735842117,0.0011272601347654622,4.559648396226973,1.5988743815777882,0.0
32,7356,8.01701583276093,0.0014918817127514614,0.0003271619337950694,0.001285607381510107,0.00022375139554421493,8.263931761121057e-07,5.006468739664669e-08,0.0008772618203912083,0.00019181014273328572,0.0011233862897669013,4.5596501839413,1.5988756273049165,0.0
32,7360,8.021375275845628,0.00148705833397207,0.00032610419180694524,0.0012813337575153397,0.00022300759977373857,8.209080917254141e-07,4.973238911163921e-08,0.0008742914325494722,0.00019116067811205948,0.0011195267715153638,4.55965196382228,1.5988768682956125,0.0
32,7364,8.025734718930327,0.0014822514268682061,0.0003250500619719646,0.0012770752902932874,0.00022226644193852586,8.154606518928631e-07,4.940237141520591e-08,0.0008713318242342051,0.00019051357039553667,0.0011156815224051563,4.559653735905323,1.5988781045687797,0.0
32,7368,8.030094162015025,0.0014774609308977418,0.0003239995310135523,0.0012728319215713174,0.00022152791189661354,8.100505510810763e-07,4.907461579747353e-08,0.0008683829529793462,0.00018986881029866578,0.0011118504850849823,4.5596555002256745,1.5988793361432416,0.0
32,7372,8.034453605099724,0.0014726867857609146,0.0003229525857082827,0.0012686035933206627,0.00022079199954848147,8.046775334946688e-07,4.874910676180394e-08,0.0008654447765002707,0.00018922638857606563,0.0011080336024497043,4.559657256818412,1.5988805630377432,0.0
32,7376,8.038813048184423,0.0014679289313995012,0.00032190921288569843,0.0012643902477555684,0.0002200586948369042,7.993413575491104e-07,4.8425829672483394e-08,0.0008625172526931543,0.00018858629602188645,0.001104230817643975,4.559659005718457,1.5988817852709514,0.0
32,7380,8.043172491269122,0.0014631873079962953,0.00032086939942819597,0.0012601918273326357,0.00021932798774683672,7.940417248164522e-07,4.8104766450100766e-08,0.000859600339634435,0.00018794852346969214,0.0011004420740600258,4.559660746960562,1.5988830028614545,0.0
32,7384,8.04753193435382,0.001458461855972845,0.0003198331322705293,0.0012560082747486464,0.00021859986830503585,7.887784008175913e-07,4.778590288940446e-08,0.0008566939955792379,0.0001873130617921159,0.0010966673153369518,4.559662480579322,1.5988842158277636,0.0
32,7388,8.051891377438519,0.0014537525159896605,0.00031880039839985564,0.0012518395329406424,0.00021787432658007408,7.835511155462882e-07,4.7469222632832024e-08,0.0008537981789613898,0.00018667990190086338,0.0010929064853575897,4.559664206609172,1.598885424188312,0.0
32,7392,8.056250820523218,0.0014490592289442949,0.00031777118485531444,0.0012476855450839785,0.00021715135268200072,7.78359613207158e-07,4.7154710183745376e-08,0.0008509128483919648,0.00018604903474639481,0.0010891595282486192,4.559665925084384,1.5988866279614564,0.0
32,7396,8.060610263607916,0.0014443819359708054,0.00031674547872790926,0.001243546254591733,0.0002164309367622392,7.732036522156704e-07,4.684235090643073e-08,0.0008480379626588326,0.00018542045131782604,0.0010854263883810266,4.559667636039072,1.598887827165477,0.0
32,7400,8.064969706692615,0.0014397205784385987,0.0003157232671602546,0.0012394216051135269,0.0002157130690133816,7.680829554601587e-07,4.6532128012863496e-08,0.0008451734807257766,0.00018479414264273593,0.00108170701036513,4.559669339507195,1.5988890218185767,0.0
32,7404,8.069329149777314,0.001435075097951056,0.0003147045373462744,0.0012353115405341032,0.00021499773966894155,7.62997309777802e-07,4.622402858917857e-08,0.0008423193617314236,0.00018417009978693205,0.0010780013390543112,4.559671035522548,1.5988902119388837,0.0
32,7408,8.073688592862013,0.0014304454363453297,0.0003136892765311574,0.0012312160049730888,0.0002142849390033126,7.57946430951506e-07,4.591803541688918e-08,0.0008394755649890604,0.0001835483138544109,0.0010743093195396277,4.559672724118776,1.5988913975444494,0.0
32,7412,8.078048035946711,0.0014258315356905998,0.0003126774720109747,0.001227134942783224,0.00021357465733146005,7.529300916075954e-07,4.5614134721205896e-08,0.0008366420499853129,0.00018292877598706893,0.0010706308971514128,4.559674405329363,1.59889257865325,0.0
32,7416,8.08240747903141,0.0014212333382871293,0.0003116691111324729,0.0012230682985493264,0.0002128668850087408,7.479480359506852e-07,4.531231100549062e-08,0.000833818776379342,0.00018231147736452667,0.0010669660174563989,4.559676079187639,1.5988937552831872,0.0
32,7420,8.086766922116109,0.0014166507866654372,0.00031066418129289237,0.0012190160170874667,0.00021216161243075977,7.430000295016725e-07,4.501255006449175e-08,0.00083100570400224,0.00018169640920399693,0.0010633146262576981,4.559677745726782,1.5988949274520883,0.0
32,7424,8.091126365200807,0.0014120838235853845,0.00030966266993976696,0.0012149780434440479,0.0002114588300332097,7.380858235706e-07,4.471483683203336e-08,0.0008282027928563484,0.00018108356276013546,0.0010596766695939522,4.5596794049798115,1.5988960951777051,0.0
32,7428,8.095485808285506,0.0014075323920352597,0.00030866456457072367,0.001210954322894708,0.0002107585282916802,7.332051978892196e-07,4.441915796378819e-08,0.0008254100031143759,0.00018047292932484824,0.0010560520937374525,4.559681056979597,1.5988972584777161,0.0
32,7432,8.099845251370205,0.0014029964352302432,0.00030766985273314565,0.00120694480094291,0.0002100606977214122,7.283578753458642e-07,4.412549667173162e-08,0.0008226272951184031,0.00017986450022707378,0.00105244084519254,4.559682701758855,1.5988984173697258,0.0
32,7436,8.104204694454904,0.001398475896612166,0.0003066785220241192,0.0012029494233195997,0.00020936532887723852,7.235436640939952e-07,4.3833841333385094e-08,0.0008198546293795955,0.00017925826683272043,0.001048842870697274,4.5596843393501505,1.5988995718712655,0.0
32,7440,8.108564137539602,0.001393970719847721,0.00030569056009004195,0.00119896813598139,0.0002086724123532679,7.187623012328004e-07,4.354417602164832e-08,0.0008170919665768471,0.0001786542205443697,0.0010452581172183525,4.559685969785897,1.5989007219997937,0.0
32,7444,8.112923580624301,0.0013894808488281861,0.0003047059546265616,0.0011950008851101589,0.00020798193878281495,7.140135664940317e-07,4.3256487392194056e-08,0.0008143392675564375,0.00017805235280120142,0.0010416865319534943,4.5596875930983565,1.5989018677726954,0.0
32,7448,8.117283023709,0.0013850062276679898,0.0003037246933782618,0.001191047617111683,0.0002072938988381623,7.09297218293159e-07,4.2970760809308526e-08,0.0008115964933310473,0.00017745265507877842,0.0010381280623284284,4.559689209319645,1.5989030092072836,0.0
32,7452,8.121642466793698,0.0013805468007041287,0.00030274676413853414,0.0011871082786150172,0.00020660828323045268,7.046130363619341e-07,4.268698292866448e-08,0.0008088636050792899,0.00017685511888894409,0.0010345826559968565,4.559690818481726,1.598904146320799,0.0
32,7456,8.126001909878397,0.001376102512494808,0.0003017721547492801,0.0011831828164710085,0.0002059250827094303,6.999607862212542e-07,4.240513954501032e-08,0.0008061405641445578,0.00017625973577957015,0.0010310502608379456,4.559692420616416,1.5989052791304106,0.0
32,7460,8.130361352963096,0.001371673307818492,0.00030080085310070287,0.0011792711777513696,0.00020524428806327952,6.953402618137261e-07,4.212521817494314e-08,0.000803427332034349,0.00017566649733440952,0.0010275308249571874,4.559694015755388,1.5989064076532165,0.0
32,7464,8.134720796047795,0.001367259131673666,0.0002998328471312551,0.0011753733097484476,0.0002045658901185847,6.907512144493921e-07,4.1847203752287e-08,0.000800723870420107,0.00017507539517306106,0.001024024296684892,4.559695603930161,1.5989075319062422,0.0
32,7468,8.139080239132493,0.0013628599292769522,0.0002988681248272258,0.0011714891599731716,0.0002038898797399729,6.861934238600043e-07,4.157108293271463e-08,0.0007980301411356265,0.00017448642095062127,0.0010205306245741218,4.559697185172113,1.5989086519064437,0.0
32,7472,8.143439682217192,0.0013584756460626004,0.0002979066742226285,0.0011676186761546354,0.00020321624783004136,6.816666910935965e-07,4.1296843663285305e-08,0.0007953461061767895,0.00017389956635762636,0.001017049757400049,4.559698759512475,1.5989097676707056,0.0
32,7476,8.14779912530189,0.0013541062276815306,0.00029694848339899136,0.0011637618062390644,0.0002025449853291775,6.771707674602112e-07,4.1024470877823086e-08,0.0007926717277007698,0.00017331482311987845,0.0010135816441592888,4.559700326982336,1.5989108792158424,0.0
32,7480,8.15215856838659,0.001349751620000353,0.00029599354048514236,0.001159918498388751,0.00020187608321537389,6.727054682187372e-07,4.075395338431156e-08,0.0007900069680252145,0.0001727321829982666,0.0010101262340689325,4.559701887612636,1.598911986558599,0.0
32,7484,8.156518011471288,0.0013454117691005993,0.0002950418336570406,0.0011560887009813157,0.0002012095325040994,6.682705517846443e-07,4.0485276547036956e-08,0.0007873517896277094,0.00017215163778864985,0.0010066834765660923,4.559703441434177,1.59891308971565,0.0
32,7488,8.160877454555987,0.0013410866212774843,0.0002940933511375048,0.001152272362608373,0.00020054532424806728,6.638658049951118e-07,4.02184274521342e-08,0.0007847061551447558,0.00017157317932163353,0.0010032533213046478,4.559704988477614,1.5989141887036014,0.0
32,7492,8.165236897640685,0.0013367761230389744,0.0002931480811960091,0.0011484694320746587,0.00019988344953708297,6.59491036003601e-07,3.995339447712471e-08,0.0007820700273711488,0.0001709967994624334,0.0009998357181567473,4.5597065287734635,1.5989152835389897,0.0
32,7496,8.169596340725384,0.0013324802211053357,0.0002922060121485836,0.00114467985839739,0.000199223899497933,6.551459961201545e-07,3.9690162555832554e-08,0.000779443369259431,0.00017042249011075609,0.000996430617210336,4.559708062352099,1.5989163742382828,0.0
32,7500,8.173955783810083,0.0013281988624076295,0.00029126713235748505,0.0011409035908049308,0.0001985666652941525,6.508305006036608e-07,3.9428720496241325e-08,0.0007768261439189741,0.00016985024320059837,0.0009930379687693488,4.559709589243754,1.59891746081788,0.0
32,7504,8.178315226894782,0.0013239319940874402,0.0002903314302311365,0.0011371405787362575,0.0001979117381259323,6.46544350502154e-07,3.9169056245410276e-08,0.0007742183146154816,0.00016928005070013837,0.000989657723351018,4.559711109478521,1.5989185432941124,0.0
32,7508,8.18267466997948,0.0013196795634953414,0.00028939889422379143,0.0011333907718395523,0.0001972591092298742,6.422873326528133e-07,3.891115688947432e-08,0.0007716198447699974,0.0001687119046115189,0.0009862898316864367,4.559712623086356,1.5989196216832435,0.0
32,7512,8.187034113064179,0.001315441518190258,0.00028846951283539364,0.0011296541199715057,0.00019660876987886934,6.380592196819634e-07,3.865500865364402e-08,0.0007690306979583688,0.00016814579697072994,0.0009829342447196623,4.559714130097073,1.5989206960014695,0.0
32,7516,8.191393556148878,0.0013112178059387538,0.00028754327461142114,0.0011259305731965471,0.00019596071138196455,6.33859826848493e-07,3.8400600345902996e-08,0.0007664508379106568,0.0001675817198474797,0.0009795909136047695,4.55971563054035,1.5989217662649182,0.0
32,7520,8.195752999233576,0.001307008374713624,0.0002866201681425772,0.0011222200817853814,0.00019531492508410747,6.296889623058632e-07,3.814792034377264e-08,0.0007638802285100287,0.0001670196653449526,0.0009762597897063761,4.559717124445729,1.5989228324896514,0.0
32,7524,8.200112442318275,0.0013028131726937346,0.0002857001820647556,0.0011185225962147885,0.00019467140236611175,6.255463986803989e-07,3.789695487246355e-08,0.0007613188337926007,0.00016645962559977474,0.0009729408246001401,4.559718611842612,1.5989238946916644,0.0
32,7528,8.204471885402974,0.0012986321482625818,0.0002847833050587243,0.001114838067166243,0.00019403013464441675,6.214319583364158e-07,3.764769317042147e-08,0.0007587666179464364,0.00016590159278179501,0.0009696339700681687,4.559720092760267,1.5989249528868852,0.0
32,7532,8.208831328487673,0.0012944652500073116,0.0002838695258499107,0.0011111664455248104,0.00019339111337089552,6.173454423219482e-07,3.7400123184705666e-08,0.0007562235453106846,0.00016534555909389654,0.0009663391781002884,4.559721567227827,1.5989260070911762,0.0
32,7536,8.213190771572371,0.0012903124267185852,0.000282958833208372,0.0011075076823789738,0.00019275433003282453,6.132866445796026e-07,3.7154232431913215e-08,0.000753689580375438,0.00016479151677196573,0.000963056400894772,4.559723035274289,1.598927057320334,0.0
32,7540,8.21755021465707,0.0012861736273887638,0.00028205121594839714,0.0011038617290188713,0.00019211977615257706,6.092553519465582e-07,3.691000799817903e-08,0.0007511646877804476,0.0001642394580846113,0.0009597855908538655,4.559724496928519,1.5989281035900902,0.0
32,7544,8.221909657741769,0.0012820488012116006,0.00028114666292843927,0.001100228536935878,0.00019148744328755023,6.052514294196953e-07,3.66674417047219e-08,0.0007486488323147744,0.00016368937533308803,0.0009565267005835371,4.559725952219246,1.59892914591611,0.0
32,7548,8.226269100826467,0.001277937897581343,0.00028024516305091894,0.0010966080578216925,0.00019085732303000615,6.012746212036291e-07,3.6426518054903714e-08,0.0007461419789161055,0.00016314126085114733,0.000953279682895477,4.559727401175068,1.5989301843139943,0.0
32,7552,8.230628543911166,0.001273840866091572,0.0002793467052619695,0.0010930002435671545,0.0001902294070068662,5.973247709789575e-07,3.618722757855674e-08,0.0007436440926698722,0.00016259510700484422,0.0009500444908024122,4.559728843824451,1.598931218799279,0.0
32,7556,8.234987986995865,0.0012697576565349328,0.00027845127855137807,0.0010894050462619442,0.00018960368687965856,5.934016797937147e-07,3.594955822274023e-08,0.0007411551388090206,0.0001620509061924874,0.0009468210775210982,4.559730280195727,1.5989322493874363,0.0
32,7560,8.239347430080564,0.001265688218901659,0.00027755887195226177,0.0010858224181931157,0.00018898015434426298,5.89505155801362e-07,3.5713498364975615e-08,0.0007386750827129237,0.00016150865084440128,0.0009436093964667987,4.559731710317101,1.5989332760938733,0.0
32,7564,8.243706873165262,0.0012616325033790227,0.0002766694745409474,0.0010822523118444178,0.0001883588011307927,5.856350426824974e-07,3.547903853509516e-08,0.0007362038899068343,0.0001609683334228063,0.000940409401256429,4.559733134216647,1.5989342989339341,0.0
32,7568,8.248066316249961,0.0012575904603503425,0.0002757830754367537,0.0010786946798953666,0.0001877396190034329,5.817911130634457e-07,3.5246164958309435e-08,0.000733741526061221,0.00016042994642167393,0.000937221045704697,4.559734551922305,1.5989353179228987,0.0
32,7572,8.25242575933466,0.0012535620403942346,0.0002748996638018271,0.001075149475220403,0.00018712259976029412,5.779731964139501e-07,3.501486730352638e-08,0.0007312879569911127,0.00015989348236658307,0.0009340442838255261,4.5597359634618915,1.598936333075984,0.0
32,7576,8.256785202419358,0.0012495471942840521,0.0002740192288410188,0.0010716166508883155,0.00018650773523331185,5.741811293091814e-07,3.478513567011609e-08,0.0007288431486556636,0.00015935893381462522,0.0009308790698296662,4.559737368863091,1.598937344408344,0.0
32,7580,8.261144645504057,0.0012455458729863909,0.00027314175980155725,0.0010680961601607498,0.00018589501728798704,5.704147056917463e-07,3.4556957574675656e-08,0.000726407067157052,0.0001588262933541636,0.0009277253581241167,4.559738768153463,1.5989383519350697,0.0
32,7584,8.265504088588756,0.0012415580276609129,0.0002722672459730093,0.0010645879564920066,0.00018528443782335095,5.66673769242243e-07,3.433032354703734e-08,0.0007239796787403257,0.00015829555360479916,0.0009245831033111637,4.559740161360436,1.5989393556711897,0.0
32,7588,8.269863531673455,0.0012375836096589388,0.0002713956766869714,0.0010610919935275054,0.00018467598877169788,5.62958113903278e-07,3.410522110379823e-08,0.0007215609497922072,0.00015776670721710974,0.0009214522601879453,4.559741548511316,1.5989403556316704,0.0
32,7592,8.274222974758153,0.0012336225705232428,0.0002705270413170249,0.0010576082251036757,0.00018406966209856603,5.592675833554495e-07,3.388164077479059e-08,0.0007191508468410609,0.00015723974687264252,0.0009183327837452945,4.55974292963328,1.5989413518314162,0.0
32,7596,8.278582417842852,0.001229674861986692,0.00026966132927843756,0.0010541366052464916,0.00018346544980248265,5.556019928576461e-07,3.365957136799802e-08,0.0007167493365557625,0.00015671466528366704,0.0009152246291668049,4.55974430475338,1.5989423442852702,0.0
32,7600,8.28294186092755,0.0012257404359719008,0.00026879853002808766,0.0010506770881711053,0.00018286334391490018,5.519611718796114e-07,3.3439002552328446e-08,0.0007143563857454226,0.00015619145519311467,0.0009121277518277547,4.559745673898546,1.5989433330080134,0.0
32,7604,8.28730130401225,0.0012218192445900308,0.0002679386330642009,0.0010472296282806393,0.000182263336499986,5.483449498910886e-07,3.3219923996689806e-08,0.000711971961358491,0.0001556701093743828,0.0009090421072938775,4.55974703709558,1.5989443180143663,0.0
32,7608,8.291660747096948,0.0012179112401399903,0.0002670816279261749,0.0010437941801653885,0.0001816654196544836,5.447531563618213e-07,3.300232536999002e-08,0.000709596030482164,0.00015515062063120523,0.0009059676513225221,4.559748394371162,1.5989452993189885,0.0
32,7612,8.296020190181647,0.0012140163751078235,0.00026622750419444527,0.0010403706986020923,0.00018106958550758595,5.411856065506981e-07,3.2786195480212696e-08,0.0007072285603418061,0.00015463298179752574,0.0009029043398587932,4.55974974575185,1.5989462769364784,0.0
32,7616,8.300379633266346,0.0012101346021660439,0.00026537625149033924,0.0010369591385533245,0.00018047582622082915,5.376421299274625e-07,3.2571523996265745e-08,0.0007048695183005182,0.0001541171857374037,0.0008998521290371305,4.559751091264077,1.5989472508813747,0.0
32,7620,8.304739076351044,0.0012062658741725295,0.0002645278594758336,0.001033559455166308,0.00017988413398788638,5.341225701727126e-07,3.235830144798145e-08,0.0007025188718582308,0.00015360322534481582,0.0008968109751793667,4.5597524309341555,1.5989482211681554,0.0
32,7624,8.309098519435743,0.0012024101441698157,0.00026368231785339963,0.001030171603772183,0.00017929450103444032,5.306267567561918e-07,3.214651750426774e-08,0.0007001765886511508,0.00015309109354353503,0.0008937808347935105,4.559753764788278,1.5989491878112394,0.0
32,7628,8.313457962520442,0.0011985673653843397,0.0002628396163658371,0.0010267955398852709,0.0001787069196180551,5.271545404639255e-07,3.193616312541906e-08,0.0006978426364512286,0.00015258078328701425,0.0008907616645730004,4.559755092852514,1.5989501508249857,0.0
32,7632,8.31781740560514,0.001194737491225701,0.0002619997447961125,0.0010234312192022525,0.0001781213820280333,5.237057365548026e-07,3.172722711941899e-08,0.0006955169831655153,0.00015207228755824553,0.0008877534213982428,4.559756415152814,1.5989511102236935,0.0
32,7636,8.322176848689839,0.0011909204752857908,0.00026116269296716786,0.001020078597601255,0.0001775378805852571,5.202801744985663e-07,3.151969915517548e-08,0.0006931995968354726,0.00015156559936960938,0.0008847560623319184,4.559757731715009,1.598952066021604,0.0
32,7640,8.326536291774538,0.0011871162713379666,0.00026032845074174,0.0010167376311411669,0.00017695640764206895,5.16877719292097e-07,3.1313571053907285e-08,0.0006908904456365217,0.00015106071176277614,0.0008817695446204372,4.559759042564809,1.5989530182328986,0.0
32,7644,8.330895734859237,0.0011833248333364404,0.00025949700802222587,0.0010134082760607413,0.00017637695558211545,5.134981719834286e-07,3.110883076267367e-08,0.000688589497877267,0.00015055761780853602,0.0008787938256925681,4.559760347727809,1.5989539668717005,0.0
32,7648,8.335255177943935,0.001179546115415521,0.00025866835475051703,0.0010100904887779855,0.0001757995168202413,5.101413975694413e-07,3.0905470102693416e-08,0.0006862967219991041,0.00015005631060671374,0.0008758288631592547,4.559761647229483,1.5989549119520747,0.0
32,7652,8.339614621028634,0.0011757800718886764,0.0002578424809077936,0.001006784225889138,0.00017522408380231115,5.068072468361606e-07,3.070348003426096e-08,0.0006840120865754292,0.0001495567832859953,0.0008728746148119879,4.559762941095189,1.5989558534880284,0.0
32,7656,8.343974064113333,0.0011720266572477745,0.0002570193765143578,0.001003489444167939,0.00017465064900508252,5.034955350424752e-07,3.050284936535989e-08,0.0006817355603111107,0.00014905902900381272,0.0008699310386215333,4.559764229350169,1.59895679149351,0.0
32,7660,8.348333507198031,0.0011682858261622979,0.00025619903162946205,0.0010002061005647495,0.00017407920493605277,5.002061271852654e-07,3.0303569917209e-08,0.0006794671120418013,0.00014856304094619353,0.0008669980927382445,4.559765512019546,1.5989577259824117,0.0
32,7664,8.35269295028273,0.0011645575334788738,0.0002553814363512054,0.0009969341522060881,0.0001735097441333782,4.969388598397018e-07,3.010563178917838e-08,0.0006772067107335978,0.00014806881232768638,0.0008640757354916309,4.5597667891283304,1.5989586569685676,0.0
32,7668,8.357052393367429,0.001160841734220268,0.00025456658081631335,0.0009936735563936213,0.0001729422591656985,4.936935695809552e-07,2.9909025080638124e-08,0.0006749543254822944,0.00014757633639119776,0.0008611639253870289,4.5597680607014155,1.5989595844657554,0.0
32,7672,8.361411836452127,0.0011571383835847215,0.00025375445519999214,0.0009904242706033808,0.00017237674263200037,4.90470121405906e-07,2.9713741612807017e-08,0.0006727099255127541,0.00014708560640785468,0.0008582626211080404,4.559769326763581,1.598960508487695,0.0
32,7676,8.365771279536826,0.001153447436945206,0.00025294504971576566,0.0009871862524851267,0.0001718131871615069,4.872683518897247e-07,2.9519771485055163e-08,0.0006704734801784837,0.00014659661567691153,0.0008553717815127963,4.559770587339492,1.5989614290480503,0.0
32,7680,8.370130722621525,0.0011497688498483328,0.0002521383546152358,0.0009839594598611608,0.00017125158541347085,4.84088111818437e-07,2.9327105657676997e-08,0.0006682449589607141,0.00014610935752554927,0.0008524913656359324,4.559771842453699,1.5989623461604292,0.0
32,7684,8.374490165706224,0.0011461025780142547,0.00025133436018806154,0.000980743850726188,0.00017069193007715052,4.809292519780684e-07,2.9135735090966963e-08,0.000666024331468286,0.00014562382530885007,0.0008496213326852005,4.559773092130642,1.598963259838383,0.0
32,7688,8.378849608790922,0.0011424485773356484,0.0002505330567617352,0.0009775393832462994,0.00017013421387163303,4.777916302600715e-07,2.8945651175681665e-08,0.0006638115674368987,0.00014514001240963352,0.0008467616420417401,4.559774336394646,1.5989641700954071,0.0
32,7692,8.383209051875621,0.0011388068038765352,0.00024973443470132424,0.0009743460157578114,0.00016957842954563185,4.746750832396174e-07,2.875684401119121e-08,0.0006616066367282529,0.00014465791223826878,0.0008439122532611287,4.559775575269927,1.5989650769449422,0.0
32,7696,8.38756849496032,0.001135177213872403,0.00024893848440949774,0.0009711637067672507,0.0001690245698774846,4.715794688081587e-07,2.8569304988252206e-08,0.0006594095093299935,0.0001441775182326623,0.0008410731260689704,4.559776808780585,1.5989659804003726,0.0
32,7700,8.391927938045018,0.0011315597637288283,0.0002481451963262244,0.0009679924149500439,0.0001684726276749247,4.6850466617343045e-07,2.8383026789007764e-08,0.0006572201553547605,0.00014369882385805035,0.0008382442203622879,4.559778036950616,1.5989668804750283,0.0
32,7704,8.396287381129717,0.0011279544100210985,0.0002473545609286896,0.0009648320991501386,0.00016792259577501554,4.654504905943213e-07,2.8197998221441486e-08,0.0006550385450399142,0.0001432218226069387,0.0008354254962097265,4.559779259803896,1.5989677771821835,0.0
32,7708,8.400646824214416,0.0011243611094927128,0.0002465665687309668,0.0009616827183784157,0.00016737446704387417,4.624168354894209e-07,2.8014212828620823e-08,0.0006528646487463168,0.00014274650799883648,0.0008326169138475234,4.5597804773642014,1.598968670535059,0.0
32,7712,8.405006267299115,0.0011207798190561804,0.00024578121028419233,0.0009585442318134316,0.0001668282343768004,4.594035303284727e-07,2.7831660279453704e-08,0.000650698436958872,0.000142272873580374,0.0008298184336830625,4.5597816896551935,1.59896956054682,0.0
32,7716,8.409365710383813,0.0011172104957906542,0.0002449984761760467,0.0009554165987991628,0.00016628389069788438,4.564104472137842e-07,2.7650332825621085e-08,0.0006485398802848888,0.0001418009129249451,0.0008270300162893059,4.559782896700424,1.5989704472305784,0.0
32,7720,8.413725153468512,0.0011136530969426996,0.0002442183570309231,0.0009522997788455671,0.00016574142896010413,4.5343743693138094e-07,2.74702214274174e-08,0.000646388949454424,0.00014133061963278188,0.0008242516224080016,4.55978409852334,1.5989713305993913,0.0
32,7724,8.41808459655321,0.0011101075799244966,0.0002434408435095332,0.0009491937316269738,0.00016520084214504546,4.504843786889978e-07,2.7291318766985768e-08,0.0006442456153191601,0.00014086198733070956,0.0008214832129470271,4.559785295147279,1.598972210666263,0.0
32,7728,8.42244403963791,0.001106573902313285,0.00024266592630878533,0.000946098416981365,0.00016466212326277685,4.47551116167233e-07,2.7113615374158458e-08,0.0006421098488518082,0.00014039500967201577,0.0008187247489816675,4.55978648659547,1.598973087444144,0.0
32,7732,8.426803482722608,0.0011030520218512886,0.00024189359616176795,0.0009430137949102819,0.00016412526535183314,4.4463750725753926e-07,2.6937102639692084e-08,0.0006399816211460358,0.00013992968033643487,0.000815976191748404,4.559787672891036,1.5989739609459312,0.0
32,7736,8.431162925807307,0.0010995418964443084,0.00024112384383744134,0.0009399398255774616,0.0001635902614789783,4.417434453785063e-07,2.6761774106654096e-08,0.0006378609034154736,0.00013946599302993069,0.0008132375026506198,4.559788854056998,1.5989748311844694,0.0
32,7740,8.435522368892006,0.001096043484161732,0.00024035666014063923,0.0009368764693087473,0.0001630571047391898,4.388687599998775e-07,2.6587619443952434e-08,0.0006357476669936102,0.0001390039414846736,0.0008105086432554251,4.559790030116262,1.5989756981725494,0.0
32,7744,8.439881811976704,0.0010925567432349492,0.00023959203591172176,0.0009338236865905654,0.00016252578825539355,4.3601334454024254e-07,2.6414632194654548e-08,0.0006336418833326881,0.00013854351945879911,0.0008077895752914218,4.559791201091638,1.5989765619229106,0.0
32,7748,8.444241255061403,0.0010890816320576395,0.00023882996202663826,0.0009307814380701473,0.00016199630517850245,4.331770497856269e-07,2.6242803319054877e-08,0.0006315435240038464,0.00013808472073643892,0.0008050802606499839,4.5597923670058265,1.5989774224482391,0.0
32,7752,8.448600698146102,0.0010856181091842743,0.00023807042939659898,0.0009277496845539792,0.0001614686486871467,4.303597478383381e-07,2.6072125068834374e-08,0.0006294525606959469,0.00013762753912746452,0.0008023806613834139,4.559793527881424,1.5989782797611698,0.0
32,7756,8.4529601412308,0.0010821661333302148,0.00023731342896809643,0.0009247283870079425,0.0001609428119876981,4.2756130369525636e-07,2.5902589265211818e-08,0.0006273689652157021,0.00013717196846751493,0.0007996907397055317,4.559794683740924,1.5989791338742847,0.0
32,7760,8.4573195843155,0.0010787256633699612,0.00023655895172252145,0.0009217175065554967,0.00016041878831395394,4.247815823532619e-07,2.5734187729405986e-08,0.0006252927094862959,0.00013671800261769534,0.0007970104579878805,4.559795834606716,1.598979984800115,0.0
32,7764,8.461679027400198,0.0010752966583375966,0.0002358069886762606,0.0009187170044781554,0.0001598965709272197,4.22020470125517e-07,2.5566913574022163e-08,0.0006232237655477582,0.00013626563546465873,0.0007943397787634706,4.559796980501088,1.59898083255114,0.0
32,7768,8.466038470484897,0.0010718790774255772,0.0002350575308804309,0.0009157268422141279,0.0001593761531160728,4.1927782490347454e-07,2.5400758189816963e-08,0.0006211621055558928,0.00013581486092037175,0.0007916786647218765,4.5597981214462235,1.598981677139788,0.0
32,7772,8.470397913569595,0.0010684728799836556,0.00023431056942064353,0.0009127469813574453,0.0001588575281962103,4.165535258948694e-07,2.52357142589335e-08,0.0006191077017817144,0.00013536567292199146,0.0007890270787115785,4.559799257464207,1.598982518578436,0.0
32,7776,8.474757356654294,0.001065078025519234,0.00023356609541708154,0.000909777383658042,0.00015834068951046327,4.1384745230743647e-07,2.5071774463514893e-08,0.000617060526611404,0.00013491806543185566,0.0007863849837363932,4.55980038857702,1.5989833568794112,0.0
32,7780,8.479116799738993,0.0010616944736958874,0.0002328241000241758,0.0009068180110204555,0.00015782563042857035,4.111594549272013e-07,2.490892976385558e-08,0.0006150205525454125,0.00013447203243728678,0.0007837523429587526,4.559801514806543,1.5989841920549885,0.0
32,7784,8.483476242823691,0.0010583221843331683,0.00023208457443056225,0.0009038688255034792,0.00015731234434711747,4.0848943427818085e-07,2.4747174133485195e-08,0.0006129877521981478,0.0001340275679505236,0.0007811291196945328,4.559802636174556,1.598985024117394,0.0
32,7788,8.48783568590839,0.0010549611174052143,0.00023134750985877656,0.0009009297893188334,0.0001568008246893064,4.0583724114640063e-07,2.458649853269817e-08,0.0006109620982970094,0.00013358466600851007,0.0007785152774146721,4.55980375270274,1.598985853078803,0.0
32,7792,8.492195128993089,0.0010516112330411817,0.00023061289756534913,0.0008980008648315517,0.00015629106490502208,4.032027760558776e-07,2.4426896935024134e-08,0.0006089435636826654,0.00013314332067295592,0.0007759107797464511,4.559804864412675,1.5989866789513412,0.0
32,7796,8.496554572077788,0.0010482724915237415,0.00022988072884047543,0.000895082014558448,0.00015578305847056584,4.005859111089194e-07,2.4268361592144036e-08,0.000606932121307899,0.00013270352603008445,0.0007733155904668143,4.559805971325844,1.598987501747084,0.0
32,7800,8.500914015162486,0.0010449448532889696,0.00022915099500799178,0.0008921732011680002,0.0001552767988886351,3.9798651130240614e-07,2.4110884325276652e-08,0.0006049277442375253,0.00013226527619061436,0.0007707296735087789,4.559807073463629,1.598988321478058,0.0
32,7804,8.505273458247185,0.0010416282789248944,0.00022842368742505693,0.0008892743874788809,0.00015477227968806762,3.9540447716035487e-07,2.3954459107951614e-08,0.0006029304056472902,0.00013182856528951887,0.0007681529929548859,4.559808170847317,1.5989891381562402,0.0
32,7808,8.509632901331884,0.0010383227291720987,0.00022769879748228396,0.0008863855364605073,0.00015426949442393732,3.9283965946879107e-07,2.3799076900463357e-08,0.0006009400788242657,0.0001313933874861124,0.0007655855130415685,4.559809263498094,1.5989899517935589,0.0
32,7812,8.513992344416582,0.0010350281649218716,0.0002269763166033351,0.0008835066112312399,0.00015376843667724068,3.9029197296258644e-07,2.364473253726585e-08,0.0005989567371655278,0.00013095973696376125,0.0007630271981527596,4.559810351437052,1.5989907624018929,0.0
32,7816,8.518351787501281,0.0010317445472163042,0.00022625623624494267,0.0008806375750583931,0.0001532691000548986,3.8776127553319384e-07,2.3491417409115698e-08,0.0005969803541781352,0.000130527607929879,0.0007604780128250708,4.559811434685183,1.5989915699930728,0.0
32,7820,8.52271123058598,0.0010284718372475827,0.0002255385478967541,0.0008777783913575102,0.00015277147818963023,3.8524745349377554e-07,2.333912462861819e-08,0.0005950109034785839,0.00013009699461580745,0.0007579379217443607,4.559812513263387,1.5989923745788808,0.0
32,7824,8.527070673670679,0.0010252099963570303,0.00022482324308112177,0.0008749290236914648,0.00015227556473979665,3.827504002629212e-07,2.3187847738840787e-08,0.0005930483587921664,0.00012966789127667625,0.0007554068897417034,4.559813587192464,1.59899317617105,0.0
32,7828,8.531430116755377,0.0010219589860345824,0.00022411031335298792,0.0008720894357698586,0.00015178135338929586,3.8027000215379303e-07,2.3037579852388772e-08,0.0005910926939524935,0.00012924029219129848,0.0007528848818006484,4.5598146564931215,1.5989939747812674,0.0
32,7832,8.535789559840076,0.0010187187679183615,0.00022339975029979145,0.0008692595914485874,0.00015128883784748748,3.778061241632713e-07,2.2888312790480925e-08,0.0005891438829011723,0.0001288141916621002,0.0007503718630490015,4.55981572118597,1.59899477042117,0.0
32,7836,8.540149002924775,0.0010154893037940679,0.00022269154554133434,0.0008664394547291503,0.00015079801184907237,3.7535867392080036e-07,2.274004095710904e-08,0.0005872018996872604,0.00012838958401500123,0.0007478677987620649,4.559816781291527,1.5989955631023487,0.0
32,7840,8.544508446009473,0.0010122705555940439,0.00022198569072957644,0.0008636289897578816,0.000150308869153959,3.729275164232604e-07,2.25927561734919e-08,0.0005852667184667663,0.00012796646359930567,0.000745372654361964,4.5598178368302165,1.5989963528363462,0.0
32,7844,8.548867889094172,0.0010090624853969377,0.00022128217754856165,0.0008608281608253479,0.0001498214035471585,3.7051257351095046e-07,2.244645370454564e-08,0.0005833383135020937,0.00012754482478758073,0.0007428863954142912,4.5598188878223676,1.5989971396346587,0.0
32,7848,8.55322733217887,0.0010058650554268785,0.00022058099771423708,0.0008580369323657427,0.00014933560883867932,3.6811369596989607e-07,2.2301124510564695e-08,0.0005814166591616838,0.00012712466197557814,0.0007404089876305723,4.559819934288217,1.5989979235087348,0.0
32,7852,8.55758677526357,0.0010026782280531715,0.00021988214297438634,0.0008552552689564153,0.00014885147886344518,3.657307985349689e-07,2.2156763426003036e-08,0.0005795017299196004,0.0001267059695821438,0.0007379403968656489,4.559820976247907,1.5989987044699763,0.0
32,7856,8.561946218348268,0.000999501965789521,0.00021918560510845878,0.0008524831353170392,0.00014836900748115047,3.6336376041390395e-07,2.2013363133003777e-08,0.00057759350035489,0.0001262887420490776,0.0007354805891187467,4.55982201372149,1.5989994825297384,0.0
32,7860,8.566305661432967,0.0009963362312932584,0.0002184913759274007,0.0008497204963089947,0.00014788818857615262,3.610124679198634e-07,2.1870916744172205e-08,0.000575691945151189,0.0001258729738410477,0.0007330295305306464,4.559823046728926,1.5990002576993305,0.0
32,7864,8.570665104517666,0.0009931809873647015,0.0002177994472735143,0.0008469673169346322,0.000147409016057344,3.5867682868229167e-07,2.172941866350012e-08,0.0005737970390961374,0.00012545865944546222,0.0007305871873838721,4.559824075290084,1.5990010299900153,0.0
32,7868,8.575024547602364,0.0009900361969471519,0.0002171098110204576,0.0008442235623371576,0.00014693148385813194,3.5635672190892365e-07,2.1588861573130637e-08,0.0005719087570812534,0.00012504579337244186,0.0007281535261044732,4.5598250994247405,1.599001799413009,0.0
32,7872,8.579383990687063,0.000986901823125739,0.00021642245907299066,0.0008414891977996036,0.00014645558593625964,3.5405204812377633e-07,2.1449239446593386e-08,0.0005700270741012193,0.00012463437015466388,0.0007257285132566789,4.559826119152581,1.599002565979483,0.0
32,7876,8.583743433771762,0.0009837778291268732,0.00021573738336685562,0.0008387641887441433,0.0001459813162736869,3.51762693640012e-07,2.131054539649365e-08,0.0005681519652533184,0.00012422438434723875,0.0007233121155457324,4.559827134493205,1.5990033297005628,0.0
32,7880,8.58810287685646,0.000980664178317968,0.00021505457586871605,0.0008360485007319159,0.00014550866887655945,3.4948855898164766e-07,2.1172773396361058e-08,0.0005662834057373486,0.00012381583052769148,0.0007209042998173483,4.559828145466117,1.599004090587328,0.0
32,7884,8.59246231994116,0.0009775608342063044,0.00021437402857590762,0.0008333420994617893,0.00014503763777499394,3.4722953046184557e-07,2.1035916558800894e-08,0.000564421370854663,0.00012340870329575178,0.0007185050330547456,4.559829152090738,1.5990048486508135,0.0
32,7888,8.596821763025858,0.000974467760439059,0.0002136957335164444,0.0008306449507704211,0.0001445682170230883,3.4498552281547745e-07,2.089996971826713e-08,0.0005625658360082323,0.00012300299727336755,0.0007161142823801096,4.559830154386393,1.599005603902009,0.0
32,7892,8.601181206110557,0.0009713849208021645,0.00021301968274876903,0.0008279570206310837,0.00014410040069871746,3.427564223557056e-07,2.0764925987365045e-08,0.0005607167767017558,0.00012259870710451076,0.0007137320150528423,4.559831152372325,1.5990063563518593,0.0
32,7896,8.605540649195255,0.0009683122792205352,0.00021234586836180197,0.000825278275153809,0.0001436341829035583,3.405421225011196e-07,2.0630778909162106e-08,0.0005588741685397427,0.0001221958274551951,0.0007113581984703984,4.559832146067687,1.5990071060112643,0.0
32,7900,8.609900092279954,0.0009652497997564148,0.0002116742824745794,0.0008226086805838328,0.00014316955776281915,3.383425237757365e-07,2.049752245718793e-08,0.0005570379872263921,0.00012179435301323099,0.0007089928001647815,4.559833135491543,1.59900785289108,0.0
32,7904,8.614259535364653,0.0009621974466095943,0.00021100491723630087,0.0008199482033017624,0.00014270651942526876,3.3615752670357324e-07,2.0365150604972152e-08,0.0005552082085657015,0.00012139427848824951,0.0007066357878050336,4.559834120662869,1.5990085970021177,0.0
32,7908,8.618618978449351,0.0009591551841163523,0.000210337764826097,0.0008172968098224835,0.00014224506206304623,3.339870389140742e-07,2.023365775650656e-08,0.0005533848084606416,0.00012099559861152189,0.0007042871291951383,4.5598351016005605,1.599009338355145,0.0
32,7912,8.62297842153405,0.0009561229767495297,0.00020967281745304568,0.0008146544667951968,0.00014178517987166721,3.3183095382582906e-07,2.0103037454858615e-08,0.0005515677629131716,0.00012059830813596275,0.0007019467922735748,4.559836078323417,1.5990100769608853,0.0
32,7916,8.627337864618749,0.0009531007891173878,0.000209010067355922,0.0008120211410022834,0.00014132686706982652,3.296891790682821e-07,1.9973284104020117e-08,0.0005497570480233987,0.00012020240183594647,0.00069961474511239,4.559837050850161,1.5990108128300178,0.0
32,7920,8.631697307703448,0.0009500885859629573,0.00020834950680305512,0.0008093967993587136,0.00014087011789929533,3.275615867437409e-07,1.9844389955672007e-08,0.0005479526399891651,0.00011980787450721683,0.0006972909559176228,4.559838019199423,1.5990115459731793,0.0
32,7924,8.636056750788146,0.0009470863321639402,0.000207691128092307,0.0008067814089117907,0.00014041492662487636,3.25448127114214e-07,1.97163519965791e-08,0.0005461545151057947,0.00011941472096683166,0.000694975393027124,4.559838983389754,1.5990122764009627,0.0
32,7928,8.640416193872845,0.0009440939927319322,0.0002070349235509017,0.000804174936840496,0.0001399612875342901,3.2334866517658156e-07,1.958916204796018e-08,0.0005443626497656595,0.00011902293605306796,0.0006926680249120537,4.559839943439614,1.5990130041239177,0.0
32,7932,8.644775636957544,0.000941111532811786,0.00020638088553528604,0.0008015773504547259,0.00013950919493804195,3.2126312277114266e-07,1.9462815374731377e-08,0.0005425770204575609,0.00011863251462528669,0.0006903688201738524,4.559840899367383,1.599013729152551,0.0
32,7936,8.649135080042242,0.0009381389176811063,0.0002057290064310184,0.0007989886171948595,0.00013905864316934686,3.19191414632769e-07,1.9337306811346656e-08,0.0005407976037664405,0.00011824345156386952,0.0006880777475463313,4.559841851191357,1.5990144514973268,0.0
32,7940,8.653494523126941,0.000935176112749998,0.00020507927865271401,0.0007964087046314375,0.00013860962658407362,3.1713341286376817e-07,1.921262860948697e-08,0.0005390243763731152,0.00011785574177016094,0.0006857947758917108,4.559842798929745,1.5990151711686664,0.0
32,7944,8.65785396621164,0.0009322230835598817,0.00020443169464378483,0.0007938375804639712,0.0001381621395605375,3.150890535152939e-07,1.908877689499279e-08,0.0005372573150533902,0.00011746938016627424,0.000683519874203952,4.559843742600678,1.599015888176949,0.0
32,7948,8.662213409296339,0.0009292797957838162,0.0002037862468765104,0.0007912752125212626,0.00013771617649955588,3.130582300059359e-07,1.8965745210931573e-08,0.000535496396678299,0.00011708436169514404,0.0006812530116062092,4.559844682222199,1.599016602532511,0.0
32,7952,8.666572852381037,0.0009263462152248232,0.00020314292785167048,0.0007887215687597927,0.00013727173182416787,3.1104085707056583e-07,1.8843528391757286e-08,0.0005337415982129294,0.00011670068132026964,0.0006789941573469579,4.559845617812271,1.5990173142456474,0.0
32,7956,8.670932295465736,0.0009234223078160468,0.00020250173009857999,0.0007861766172637056,0.00013682879997963153,3.090368352332007e-07,1.8722120410999552e-08,0.000531992896716345,0.00011631833402569777,0.000676743280807378,4.559846549388776,1.5990180233266111,0.0
32,7960,8.675291738550435,0.0009205080396208348,0.00020186264617510688,0.0007836403262449473,0.00013638737543344791,3.0704608633413955e-07,1.8601516533574513e-08,0.0005302502693417145,0.00011593731481605095,0.0006745003514928307,4.559847476969513,1.5990187297856129,0.0
32,7964,8.679651181635133,0.0009176033768307395,0.0002012256686672336,0.0007811126640413906,0.00013594745267503478,3.0506850379197203e-07,1.848171030254962e-08,0.0005285136933349662,0.00011555761871623317,0.0006722653390369941,4.559848400572199,1.599019433632823,0.0
32,7968,8.684010624719832,0.0009147082857660272,0.00020059079018916896,0.000778593599117056,0.00013550902621576517,3.0310400234156987e-07,1.8362696552378838e-08,0.0005267831460348388,0.00011517924077144113,0.0006700382131995815,4.559849320214473,1.599020134878369,0.0
32,7972,8.68837006780453,0.0009118227328748877,0.00019995800338317473,0.0007760831000616087,0.00013507209058887966,3.0115249671780475e-07,1.824447011751614e-08,0.0005250586048726255,0.00011480217604710826,0.0006678189438659377,4.559850235913891,1.5990208335323384,0.0
32,7976,8.69272951088923,0.0009089466847328273,0.0001993273009194326,0.000773581135589485,0.00013463664034933442,2.992138874446937e-07,1.8127024971491143e-08,0.0005233400473714172,0.0001144264196287392,0.0006656075010465177,4.559851147687929,1.5990215296047772,0.0
32,7980,8.697088953973928,0.000906080108042147,0.00019869867549592956,0.0007710876745394803,0.00013420267007372945,2.9728811057339044e-07,1.8010357240144328e-08,0.0005216274511458426,0.00011405196662185299,0.0006634038548755533,4.559852055553983,1.5990222231056905,0.0
32,7984,8.701448397058627,0.0009032229696314644,0.00019807211983835323,0.0007686026858743404,0.0001337701743602376,2.953750524170573e-07,1.789446003608098e-08,0.0005199207939017952,0.00011367881215192344,0.0006612079756140894,4.559852959529373,1.5990229140450432,0.0
32,7988,8.705807840143326,0.0009003752364554376,0.00019744762670003126,0.0007661261386802133,0.00013333914782850896,2.93474627710566e-07,1.777932819375506e-08,0.0005182200534359157,0.00011330695136426584,0.0006590198336437031,4.5598538596313345,1.599023602432759,0.0
32,7992,8.710167283228024,0.0008975368755934992,0.00019682518886165372,0.0007636580021656904,0.0001329095851195041,2.9158678671592497e-07,1.7664958699931392e-08,0.000516525207635004,0.00011293637942390849,0.0006568393994705682,4.55985475587703,1.5990242882787224,0.0
32,7996,8.714526726312723,0.0008947078542501143,0.00019620479913132964,0.0007611982456618103,0.0001324814808954947,2.897113944300145e-07,1.7551343375828747e-08,0.0005148362344759227,0.0001125670915155716,0.0006546666437222383,4.559855648283539,1.599024971592777,0.0
32,8000,8.718886169397422,0.0008918881397541624,0.00019558645034445146,0.000758746838621525,0.00013205482983997069,2.878483869039883e-07,1.74384783472876e-08,0.0005131531120252361,0.00011219908284358834,0.0006525015371485229,4.5598565368678665,1.5990256523847262,0.0
32,8004,8.72324561248212,0.0008890776995580769,0.00019497013536350636,0.0007563037506188156,0.0001316296266574863,2.8599768597814546e-07,1.7326358879224088e-08,0.0005114758184385429,0.00011183234863175887,0.0006503440506224088,4.559857421646938,1.599026330664334,0.0
32,8008,8.72760505556682,0.0008862765012373743,0.00019435584707797306,0.0007538689513482356,0.0001312058660735805,2.841592063873577e-07,1.7214979806092174e-08,0.0005098043319601436,0.00011146688412327776,0.0006481941551337543,4.559858302637602,1.5990270064413248,0.0
32,8012,8.731964498651518,0.0008834845124903532,0.00019374357840425574,0.0007514424106245696,0.00013078354283471778,2.82332848655642e-07,1.7104335101421488e-08,0.0005081386309227725,0.00011110268458067522,0.0006460518217959264,4.559859179856632,1.5990276797253837,0.0
32,8016,8.736323941736217,0.0008807017011374051,0.00019313332228553285,0.0007490240983821373,0.00013036265170816695,2.8051855593957953e-07,1.699442132151467e-08,0.00050647869374708,0.00011073974528570411,0.0006439170218410611,4.559860053320723,1.5990283505261564,0.0
32,8020,8.740683384820915,0.0008779280351208364,0.00019252507169171819,0.0007466139846745755,0.00012994318748196302,2.7871622876318725e-07,1.688523243990135e-08,0.0005048244989414542,0.00011037806153930073,0.0006417897266196392,4.559860923046495,1.5990290188532492,0.0
32,8024,8.745042827905614,0.0008751634825039817,0.0001919188196192665,0.0007442120396740125,0.00012952514496476376,2.7692578896676423e-07,1.677676372149766e-08,0.000503176025101434,0.00011001762866145662,0.000639669907601932,4.559861789050491,1.5990296847162293,0.0
32,8028,8.749402270990313,0.0008724080114708328,0.00019131455909109183,0.0007418182336706045,0.0001291085189857689,2.751471512851822e-07,1.666901000075757e-08,0.0005015332509093268,0.00010965844199113496,0.0006375575363756035,4.559862651349181,1.5990303481246257,0.0
32,8032,8.753761714075011,0.0008696615903254928,0.0001907122831564482,0.0007394325370720362,0.0001286933043946332,2.7338024466416755e-07,1.656196697305938e-08,0.00049989615513386,0.00010930049688619431,0.0006354525846458999,4.559863509958957,1.599031009087929,0.0
32,8036,8.75812115715971,0.0008669241874919893,0.0001901119848908884,0.0007370549204033466,0.0001282794960614362,2.71624983838592e-07,1.6455629472857055e-08,0.0004982647166300556,0.00010894378872336131,0.0006333550242353408,4.559864364896138,1.59903166761559,0.0
32,8040,8.762480600244409,0.0008641957715135205,0.00018951365739609864,0.0007346853543059989,0.0001278670888765202,2.6988129064875466e-07,1.6349992765066735e-08,0.0004966389143384702,0.00010858831289806431,0.0006312648270829865,4.55986521617697,1.5990323237170223,0.0
32,8044,8.766840043329108,0.0008614763110515254,0.00018891729379969484,0.0007323238095371996,0.00012745607775037194,2.6814908693495454e-07,1.6245052114604555e-08,0.0004950187272847878,0.00010823406482434459,0.0006291819652437614,4.559866063817623,1.5990329774016017,0.0
32,8048,8.771199486413806,0.0008587657748861883,0.00018832288725533302,0.0007299702569702213,0.00012704645761367866,2.6642828743206337e-07,1.6140802355924474e-08,0.0004934041345799926,0.00010788103993489393,0.0006271064108875655,4.559866907834193,1.5990336286786648,0.0
32,8052,8.775558929498505,0.0008560641319151417,0.00018773043094242513,0.0007276246675930449,0.0001266382234170918,2.647188352966623e-07,1.603724004532914e-08,0.0004917951154193316,0.00010752923368082791,0.0006250381363005898,4.559867748242705,1.5990342775575115,0.0
32,8056,8.779918372583204,0.000853371351153353,0.00018713991806611395,0.0007252870125084528,0.0001262313701312433,2.630206310527683e-07,1.5934359156348184e-08,0.0004901916490824714,0.00010717864153172012,0.0006229771138823596,4.5598685850591085,1.5990349240474033,0.0
32,8060,8.784277815667902,0.0008506874017327123,0.00018655134185718278,0.0007229572629333408,0.00012582589274662563,2.613336036461078e-07,1.5832155384359903e-08,0.000488593714932875,0.00010682925897546593,0.0006209233161463447,4.559869418299281,1.5990355681575643,0.0
32,8064,8.788637258752601,0.0008480122529008569,0.0001859646955717978,0.0007206353901977905,0.00012542178627343069,2.596576891278346e-07,1.5730624855204773e-08,0.00048700129241721293,0.00010648108151815377,0.0006188767157198929,4.559870247979031,1.5990362098971818,0.0
32,8068,8.7929967018373,0.0008453458740218629,0.0001853799724916595,0.0007183213657455404,0.00012501904574163143,2.5799279512739304e-07,1.5629761972874592e-08,0.00048541436106562774,0.00010613410468412293,0.0006168372853432556,4.55987107411409,1.5990368492754052,0.0
32,8072,8.797356144921999,0.0008426882345748036,0.00018479716592368676,0.0007160151611326457,0.00012461766620074893,2.5633886480136425e-07,1.5529563293672004e-08,0.0004838329004907783,0.00010578832401575455,0.000614804997869149,4.5598718967201215,1.5990374863013477,0.0
32,8076,8.801715588006697,0.0008400393041534731,0.00018421626919995607,0.0007137167480272272,0.0001242176427198084,2.5469579867376524e-07,1.5430022791126636e-08,0.00048225689038766364,0.00010544373507343318,0.0006127798262617138,4.559872715812715,1.5990381209840847,0.0
32,8080,8.806075031091396,0.0008373990524660224,0.00018363727567762177,0.0007114260982089426,0.0001238189703872474,2.5306355411203185e-07,1.5331137882465464e-08,0.00048068631053316496,0.00010510033343544662,0.0006107617435971427,4.559873531407393,1.5990387533326562,0.0
32,8084,8.810434474176095,0.0008347674493349633,0.00018306017873891703,0.0007091431835691407,0.0001234216443109425,2.514420316401811e-07,1.5232902541218124e-08,0.0004791211407862248,0.00010475811469802506,0.0006087507230624889,4.559874343519603,1.5990393833560639,0.0
32,8088,8.814793917260793,0.000832144464695727,0.0001824849717908376,0.0007068679761093405,0.0001230256596179448,2.498311744147941e-07,1.5135313323687255e-08,0.00047756136108668165,0.00010441707447508634,0.0006067467379536522,4.559875152164724,1.5990400110632745,0.0
32,8092,8.819153360345492,0.0008295300685970805,0.00018191164826523312,0.0007046004479416191,0.0001226310114545471,2.482309042761699e-07,1.503836549478899e-08,0.0004760069514555492,0.0001040772083982969,0.0006047497616796693,4.559875957358068,1.599040636463218,0.0
32,8096,8.82351280343019,0.0008269242312001072,0.0001813402016185838,0.0007023405712876233,0.00012223769498611223,2.4664113595918025e-07,1.4942053888977304e-08,0.00047445789199429566,0.00010373851211691436,0.0006027597677558525,4.559876759114872,1.599041259564788,0.0
32,8100,8.82787224651489,0.0008243269227777157,0.00018077062533189238,0.0007000883184780899,0.00012184570539698937,2.4506183393668834e-07,1.4846376353941338e-08,0.0004729141628844912,0.00010340098129771026,0.0006007767298087563,4.559877557450308,1.5990418803768431,0.0
32,8104,8.832231689599588,0.000821738113714848,0.00018020291291073,0.0006978436619529767,0.00012145503789053684,2.434928916272838e-07,1.4751326432748553e-08,0.000471375744387878,0.00010306461162498552,0.0005988006215718758,4.559878352379478,1.5990424989082048,0.0
32,8108,8.836591132684287,0.0008191577745073709,0.00017963705788499306,0.0006956065742603719,0.0001210656876889324,2.4193424508212047e-07,1.4656900251239425e-08,0.0004698426168455655,0.00010272939880039439,0.0005968314168871532,4.559879143917413,1.59904311516766,0.0
32,8112,8.840950575768986,0.0008165858757616971,0.00017907305380882008,0.000693377028056123,0.00012067765003310857,2.4038586587948885e-07,1.4563096087565274e-08,0.00046831476067775814,0.00010239533854288498,0.0005948690897041873,4.5598799320790775,1.59904372916396,0.0
32,8116,8.845310018853684,0.000814022388194622,0.00017851089426055593,0.0006911549961036692,0.00012029092018272349,2.3884761901626916e-07,1.4469905762944879e-08,0.0004667921563836324,0.00010206242658867235,0.0005929136140804173,4.55988071687937,1.5990443409058201,0.0
32,8120,8.849669461938383,0.0008114672826325366,0.00017795057284257924,0.0006889404512732305,0.00011990549341601975,2.3731948317617935e-07,1.4377327985991733e-08,0.00046527478454072286,0.00010173065869110425,0.0005909649641778812,4.559881498333117,1.599044950401921,0.0
32,8124,8.854028905023082,0.0008089205300116107,0.00017739208318134255,0.0006867333665419281,0.00011952136502984547,2.3580136598866375e-07,1.4285357160697631e-08,0.0004637626258049904,0.0001014000306206761,0.0005890231142674178,4.559882276455082,1.5990455576609082,0.0
32,8128,8.85838834810778,0.000806382101376291,0.00017683541892704295,0.0006845337149924541,0.00011913853033942257,2.342932106103035e-07,1.4193989843365216e-08,0.0004622556609098996,0.00010107053816482921,0.0005870880387226164,4.559883051259958,1.5990461626913923,0.0
32,8132,8.86274779119248,0.0008038519678797621,0.00017628057375372326,0.0006823414698132743,0.00011875698467838227,2.3279493888139768e-07,1.4103221298910623e-08,0.0004607538706664683,0.00010074217712796161,0.0005851597120238339,4.559883822762373,1.5990467655019491,0.0
32,8136,8.867107234277178,0.000801330100782984,0.0001757275413590608,0.0006801566042978604,0.00011837672339863133,2.313065152748095e-07,1.4013049375023007e-08,0.0004592572359627759,0.00010041494333132059,0.0005832381087565793,4.559884590976889,1.5990473661011202,0.0
32,8140,8.871466677361877,0.0007988164714546229,0.00017517631546435234,0.0006779790918445264,0.00011799774187032362,2.2982782610370123e-07,1.3923467184307653e-08,0.0004577657377638054,0.00010008883261296812,0.0005813232036089132,4.559885355918,1.5990479644974123,0.0
32,8144,8.875826120446575,0.0007963110513703781,0.00017462688981436644,0.0006758089059557566,0.00011762003548174312,2.2835884294636344e-07,1.3834473004915882e-08,0.00045627935711094387,9.976384082767166e-05,0.0005794149713736735,4.559886117600136,1.599048560699298,0.0
32,8148,8.880185563531274,0.0007938138121127272,0.00017407925817728763,0.0006736460202379109,0.00011724359963925274,2.268994876430952e-07,1.3746062101763831e-08,0.0004547980751217494,9.943996384685317e-05,0.0005775133869471644,4.559886876037662,1.5990491547152155,0.0
32,8152,8.884545006615973,0.0007913247253702766,0.0001735334143445739,0.0006714904084006392,0.00011686842976719223,2.2544968913962293e-07,1.3658230170229804e-08,0.00045332187298954086,9.911719755849945e-05,0.0005756184253287092,4.559887631244874,1.5990497465535694,0.0
32,8156,8.888904449700672,0.0007888437629375756,0.00017298935213091594,0.0006693420442566343,0.00011649452130783539,2.2400939769795514e-07,1.3570974197078616e-08,0.0004518507319831925,9.87955378671172e-05,0.0005737300616185698,4.559888383236006,1.5990503362227297,0.0
32,8160,8.89326389278537,0.0007863708967141414,0.0001724470653740234,0.0006672009017206553,0.00011612186972121986,2.2257852805296352e-07,1.348428901676423e-08,0.0004503846334464045,9.847498069357354e-05,0.0005718482710207476,4.559889132025229,1.5990509237310337,0.0
32,8164,8.897623335870069,0.0007839060987048745,0.00017190654793471598,0.0006650669548099792,0.00011575047048522589,2.2115703046665658e-07,1.339817161605146e-08,0.0004489235587980587,9.815552197517382e-05,0.0005699730288399061,4.559889877626647,1.5990515090867843,0.0
32,8168,8.901982778954768,0.0007814493410186612,0.00017136779369661685,0.0006629401776429603,0.0001153803190953256,2.197448409901881e-07,1.3312618120780781e-08,0.00044746748953112663,9.783715766542277e-05,0.000568104310480913,4.559890620054301,1.5990520922982512,0.0
32,8172,8.906342222039466,0.0007790005958688814,0.00017083079656626414,0.0006608205444395448,0.00011501141106467241,2.1834189567471185e-07,1.3227624656792666e-08,0.0004460164072130597,9.751988373410994e-05,0.0005662420914501619,4.559891359322166,1.599052673373671,0.0
32,8176,8.910701665124165,0.0007765598355725205,0.00017029555047291605,0.0006587080295202962,0.00011464374192393161,2.1694813057138163e-07,1.314318734992759e-08,0.0004445702934850277,9.720369616714312e-05,0.0005643863473553275,4.559892095444159,1.5990532523212468,0.0
32,8180,8.915061108208864,0.0007741270325496469,0.00016976204936843645,0.0006566026073059912,0.00011427730722120989,2.1556350304763328e-07,1.3059303617412535e-08,0.00044312913006166766,9.688859096649343e-05,0.0005625370539008483,4.559892828434128,1.5990538291491492,0.0
32,8184,8.919420551293562,0.0007717021593232941,0.00016923028722726888,0.000654504252317409,0.00011391210252201864,2.1418790652205644e-07,1.2975967002314959e-08,0.00044169289873089085,9.657456415015316e-05,0.0005606941868934408,4.559893558305862,1.5990544038655155,0.0
32,8188,8.923779994378261,0.0007692851885187645,0.0001687002580462839,0.0006524129391747102,0.00011354812340916603,2.1282133388922375e-07,1.2893177074172692e-08,0.0004402615813534528,9.626161175204173e-05,0.0005588577222362256,4.559894285073086,1.5990549764784499,0.0
32,8192,8.92813943746296,0.0007668760928632939,0.00016817195584470555,0.0006503286425969885,0.00011318536548267881,2.114636714622975e-07,1.2810926945591022e-08,0.0004388351598625724,9.594972982192242e-05,0.0005570276359325757,4.559895008749463,1.599055546996025,0.0
32,8196,8.932498880547659,0.0007644748451858778,0.00016764537466407327,0.0006482513374021507,0.00011282382435978153,2.1011490503042296e-07,1.272921575564561e-08,0.00043741361626386936,9.563891442538866e-05,0.0005552039040828494,4.559895729348595,1.5990561154262797,0.0
32,8200,8.936858323632357,0.0007620814184164721,0.00016712050856806658,0.0006461809985061523,0.00011246349567476342,2.087749422230445e-07,1.264803790832825e-08,0.0004359969326348071,9.532916164374228e-05,0.0005533865028843948,4.559896446884021,1.5990566817772216,0.0
32,8204,8.941217766717056,0.000759695785585664,0.00016659735164243288,0.0006441176009225547,0.0001121043750789014,2.074437475130253e-07,1.2567391251328097e-08,0.00043458509112431884,9.502046757391173e-05,0.0005515754086326263,4.559897161369217,1.5990572460568258,0.0
32,8208,8.945577209801755,0.0007573179198244829,0.00016607589799494607,0.0006420611197624499,0.00011174645824044693,2.0612124274066446e-07,1.2487271049561284e-08,0.0004331780739528009,9.471282832845056e-05,0.0005497705977191177,4.559897872817603,1.5990578082730353,0.0
32,8212,8.949936652886453,0.0007549477943641665,0.00016555614175535526,0.0006400115302341036,0.00011138974084456389,2.048073852733978e-07,1.2407674720254794e-08,0.0004317758634117965,9.44062400354684e-05,0.0005479720466322153,4.5598985812425346,1.599058368433761,0.0
32,8216,8.954296095971152,0.0007525853825351091,0.00016503807707515393,0.0006379688076419552,0.00011103421859315457,2.0350211116237915e-07,1.2328598389249104e-08,0.0004303784418632729,9.410069883847276e-05,0.0005461797319555795,4.5598992866573065,1.5990589265468818,0.0
32,8220,8.95865553905585,0.0007502306577669733,0.00016452169812760476,0.0006359329273867348,0.00011067988720488003,2.0220533514248018e-07,1.2250036890998176e-08,0.0004289857917397135,9.379620089638938e-05,0.0005443936303678338,4.559899989075155,1.5990594826202456,0.0
32,8224,8.96301498214055,0.0007478835935880407,0.00016400699910759696,0.0006339038649648232,0.00011032674241504865,2.0091705010827354e-07,1.2171989795039843e-08,0.0004275978955436443,9.349274238345842e-05,0.0005426137186434689,4.559900688509254,1.5990600366616683,0.0
32,8228,8.967374425225248,0.0007455441636248617,0.00016349397423156962,0.0006318815959678346,0.00010997477997554361,1.996371779000583e-07,1.2094452366290239e-08,0.00042621473584729836,9.319031948916133e-05,0.0005408399736510064,4.559901384972721,1.5990605886789346,0.0
32,8232,8.971733868309947,0.0007432123416018819,0.00016298261773742975,0.0006298660960823209,0.0001096239956547713,1.9836565456898825e-07,1.2017420730589837e-08,0.00042483629529242804,9.288892841817968e-05,0.0005390723723531952,4.559902078478612,1.599061138679798,0.0
32,8236,8.976093311394646,0.0007408881013412671,0.0001624729238845138,0.0006278573410894523,0.00010927438523760582,1.971024232716445e-07,1.1940891444241283e-08,0.00042346255659000986,9.258856539033062e-05,0.0005373108918061592,4.559902769039925,1.5990616866719805,0.0
32,8240,8.980452754479344,0.0007385714167622083,0.0001619648869534355,0.0006258553068644546,0.00010892594452529105,1.9584744137546295e-07,1.1864861924471557e-08,0.00042209350251988,9.228922664048729e-05,0.000535555509160346,4.559903456669598,1.5990622326631736,0.0
32,8244,8.984812197564043,0.0007362622618803481,0.00016145850124595982,0.0006238599693760303,0.00010857866933533983,1.9460063072074263e-07,1.1789327436196799e-08,0.00042072911593030193,9.199090841848414e-05,0.0005338062016572716,4.55990414138051,1.5990627766610375,0.0
32,8248,8.989171640648742,0.0007339606108080042,0.00016095376108505205,0.0006218713046864472,0.0001082325555015494,1.9336196999120148e-07,1.1714286688030495e-08,0.0004193693797379793,9.169360698911986e-05,0.0005320629466331349,4.559904823185485,1.5990633186732017,0.0
32,8252,8.99353108373344,0.0007316664377532697,0.0001604506608146806,0.000619889288950735,0.00010788759887386165,1.9213136681628384e-07,1.1639734083964444e-08,0.0004180142769274978,9.139731863203529e-05,0.0005303257215142936,4.559905502097284,1.5990638587072659,0.0
32,8256,8.99789052681814,0.0007293797170196293,0.00015994919479973274,0.0006179138984163235,0.00010754379531830007,1.909087927742803e-07,1.1565667902149967e-08,0.0004166637905510646,9.110203964165646e-05,0.0005285945038193356,4.559906178128615,1.5990643967707983,0.0
32,8260,9.002249969902838,0.0007271004230062361,0.0001594493574260753,0.0006159451094231704,0.00010720114071699197,1.8969419102177199e-07,1.1492084698889709e-08,0.0004153179037285467,9.080776632720299e-05,0.0005268692711587512,4.559906851292125,1.599064932871337,0.0
32,8264,9.006609412987537,0.0007248285302066291,0.0001589511431002735,0.0006139828984026918,0.00010685963096798241,1.8848749760991268e-07,1.141898060002414e-08,0.0004139765996467594,9.051449501253249e-05,0.0005251500012337953,4.559907521600404,1.59906546701639,0.0
32,8268,9.010968856072235,0.0007225640132087599,0.00015845454624959667,0.0006120272418775658,0.00010651926198520007,1.872886770115656e-07,1.134635345324242e-08,0.00041263986155923153,9.022222203608927e-05,0.0005234366718355158,4.559908189065989,1.599065999213435,0.0
32,8272,9.015328299156934,0.0007203068466946969,0.0001579595613219536,0.0006100781164615222,0.00010618002969842043,1.8609765817245716e-07,1.1274198953922845e-08,0.0004113076727860839,8.99309437508777e-05,0.0005217292608446136,4.559908853701355,1.5990665294699205,0.0
32,8276,9.019687742241633,0.0007180570054400069,0.00015746618278575665,0.0006081354988588158,0.00010584193005317435,1.8491439846002322e-07,1.1202514519292405e-08,0.00040998001671367667,8.964065652438518e-05,0.0005200277462325525,4.559909515518925,1.5990670577932637,0.0
32,8280,9.024047185326332,0.0007158144643136089,0.00015697440512988994,0.0006061993658639,0.0001055049590106911,1.8373884813627228e-07,1.1131297136115908e-08,0.00040865687679429345,8.935135673851302e-05,0.000518332106060172,4.559910174531064,1.5990675841908535,0.0
32,8284,9.02840662841103,0.0007135791982775037,0.00015648422286364987,0.0006042696943612663,0.00010516911254787053,1.8257093614693076e-07,1.106054249977166e-08,0.00040733823654606744,8.906304078956028e-05,0.0005166423184763113,4.559910830750078,1.5990681086700482,0.0
32,8288,9.032766071495729,0.0007113511823857691,0.0001559956305165249,0.0006023464613243949,0.00010483438665710033,1.8141063407028923e-07,1.0990248888410986e-08,0.0004060240795521815,8.877570508804897e-05,0.0005149583617179411,4.559911484188224,1.5990686312381772,0.0
32,8292,9.037125514580428,0.0007091303917849761,0.00015550862263828677,0.0006004296438161822,0.00010450077734633051,1.8025787085207412e-07,1.0920411997412187e-08,0.0004047143894611951,8.848934605879536e-05,0.0005132802141121491,4.559912134857697,1.5990691519025408,0.0
32,8296,9.041484957665126,0.0007069168017132048,0.00015502319379877467,0.0005985192189879212,0.00010416828063889591,1.7911262517600335e-07,1.0851030535388757e-08,0.0004034091499862678,8.820396014074039e-05,0.0005116078540712178,4.559912782770644,1.5990696706704097,0.0
32,8300,9.045844400749825,0.0007047103875001302,0.00015453933858791409,0.0005966151640794741,0.00010383689257354627,1.779748330932307e-07,1.0782100628181167e-08,0.0004021083449053279,8.79195437869864e-05,0.0005099412600967934,4.559913427939148,1.5990701875490247,0.0
32,8304,9.050203843834524,0.0007025111245662631,0.00015405705161555033,0.0005947174564184328,0.00010350660920430008,1.7684443065490996e-07,1.0713618401629895e-08,0.0004008119580604124,8.763609346465285e-05,0.000508280410776108,4.559914070375245,1.599070702545599,0.0
32,8308,9.054563286919223,0.0007003189884230933,0.0001535763275114799,0.0005928260734201883,0.00010317742660045667,1.7572138233390433e-07,1.064558170342409e-08,0.0003995199733576915,8.735360565488176e-05,0.0005066252847842033,4.559914710090913,1.5990712156673161,0.0
32,8312,9.058922730003921,0.0006981339546721072,0.00015309716092523515,0.0005909409925870482,0.00010284934084644264,1.7460563128679496e-07,1.0577987089866399e-08,0.0003982323747668516,8.707207685270266e-05,0.0005049758608806581,4.5599153470980776,1.5990717269213308,0.0
32,8316,9.06328217308862,0.0006959559990048764,0.00015261954652610359,0.0005890621915083424,0.00010252234804183022,1.7349714198644506e-07,1.051083240864597e-08,0.000396949146321183,8.679150356705194e-05,0.0005033321179118364,4.55991598140861,1.5990722363147696,0.0
32,8320,9.067641616173319,0.0006937850972022402,0.0001521434790029487,0.0005871896478595443,0.00010219644430118441,1.7239584337858105e-07,1.044411335514111e-08,0.00039567027211690023,8.651188232062403e-05,0.0005016940348100752,4.559916613034326,1.5990727438547305,0.0
32,8324,9.072001059258017,0.0006916212251346049,0.00015166895306427554,0.0005853233394025675,0.00010187162575411443,1.7130169993606614e-07,1.0377827777040973e-08,0.0003943957363133643,8.623320964992023e-05,0.0005000615905910483,4.559917241986992,1.5990732495482827,0.0
32,8328,9.076360502342716,0.0006894643587609842,0.00015119596343802033,0.0005834632439848001,0.00010154788854510591,1.7021467613176355e-07,1.031197352203471e-08,0.00039312552313236043,8.595548210509056e-05,0.0004984347643574134,4.559917868278316,1.599073753402468,0.0
32,8332,9.080719945427415,0.0006873144741292272,0.00015072450487160037,0.0005816093395393481,0.00010122522883356299,1.6913472222768178e-07,1.0246547576887133e-08,0.0003918596168582888,8.567869624997564e-05,0.0004968135352944347,4.55991849191996,1.5990742554242985,0.0
32,8336,9.085079388512113,0.0006851715473747468,0.00015025457213163536,0.0005797616040837978,0.00010090364279359307,1.6806176716954724e-07,1.0181545636976549e-08,0.0003905980018372537,8.540284866190748e-05,0.0004951978826715979,4.5599191129235255,1.59907475562076,0.0
32,8340,9.089438831596812,0.0006830355547213896,0.00014978616000413796,0.0005779200157209634,0.00010058312661413698,1.669957825356505e-07,1.0116965980454278e-08,0.00038934066247757617,8.512793593182153e-05,0.0004935877858418818,4.559919731300567,1.5990752539988096,0.0
32,8344,9.093798274681511,0.0006809064724799402,0.00014931926329418585,0.000576084552637543,0.00010026367649873486,1.6593670437714536e-07,1.0052804733160794e-08,0.000388087583248851,8.485395466405051e-05,0.0004919832242422259,4.559920347062586,1.5990757505653763,0.0
32,8348,9.09815771776621,0.0006787842770484214,0.00014885387682598777,0.0005742551931042844,9.994528866555525e-05,1.648845184831771e-07,9.989061034171758e-09,0.0003868387486820195,8.458090147634039e-05,0.00049038417739206,4.55992096022103,1.599076245327362,0.0
32,8352,9.102517160850908,0.0006766689449114755,0.00014838999544274746,0.0005724319154754618,9.962795934730383e-05,1.6383916090489947e-07,9.925731009327645e-09,0.0003855941433690183,8.430877299977349e-05,0.000488790624893095,4.5599215707872975,1.5990767382916404,0.0
32,8356,9.106876603935607,0.0006745604526405864,0.00014792761400671267,0.0005706146981889348,9.931168479123378e-05,1.6280057479889365e-07,9.8628112149311e-09,0.0003843537519627583,8.403756587876397e-05,0.000487202546428339,4.559922178772734,1.5990772294650586,0.0
32,8360,9.111236047020306,0.0006724587768926272,0.0001474667273988566,0.0005688035197649296,9.899646125893365e-05,1.6176872463802283e-07,9.800299498671273e-09,0.00038311755917631103,8.376727677087988e-05,0.00048561992176443595,4.559922784188634,1.5990777188544356,0.0
32,8364,9.115595490105004,0.0006703638944106221,0.00014700733051904486,0.0005669983588066067,9.868228502642614e-05,1.6074357489515023e-07,9.738193708237317e-09,0.00038188554978325635,8.349790234691921e-05,0.0004840427307481627,4.559923387046242,1.5990782064665636,0.0
32,8368,9.119954933189703,0.0006682757820227684,0.00014654941828582115,0.0005651991939991558,9.836915238401061e-05,1.5972506162142963e-07,9.676489969469707e-09,0.00038065770861703605,8.322943929076854e-05,0.0004824709533074829,4.5599239873567505,1.5990786923082076,0.0
32,8372,9.124314376274402,0.0006661944166423004,0.00014609298563637727,0.0005634060041096823,9.805705963624328e-05,1.5871317060600632e-07,9.615187421444104e-09,0.0003794340205708807,8.296188429938706e-05,0.00048090456945150455,4.559924585131301,1.5990791763861056,0.0
32,8376,9.1286738193591,0.0006641197752670556,0.00014563802752645813,0.000561618767986687,9.774600310184666e-05,1.5770782368917935e-07,9.55428132907664e-09,0.0003782144705973869,8.269523408271412e-05,0.00047934355926882924,4.559925180380989,1.5990796587069687,0.0
32,8380,9.1330332624438,0.0006620518349794099,0.00014518453893034742,0.0005598374645600691,9.74359791137102e-05,1.5670899955466666e-07,9.493770400980811e-09,0.00037699904370854914,8.242948536367619e-05,0.00047778790292918544,4.559925773116853,1.5990801392774812,0.0
32,8384,9.137392705528498,0.0006599905729454225,0.00014473251484068016,0.0005580620728402559,9.712698401873864e-05,1.557166413590494e-07,9.433651193459258e-09,0.0003757877249751045,8.216463487804362e-05,0.00047623758068055254,4.559926363349889,1.599080618104301,0.0
32,8388,9.141752148613197,0.0006579359664151715,0.00014428195026851636,0.0005562925719185088,9.68190141779054e-05,1.5473071357519075e-07,9.373921554201134e-09,0.0003745804995267514,8.190067937447845e-05,0.0004746925728521526,4.559926951091037,1.5990810951940586,0.0
32,8392,9.146111591697895,0.0006558879927216252,0.00014383284024309327,0.0005545289409658044,9.651206596605783e-05,1.537511735705266e-07,9.314578900433422e-09,0.0003733773525513179,8.163761561435252e-05,0.0004731528598503773,4.559927536351193,1.5990815705533594,0.0
32,8396,9.150471034782594,0.0006538466292809629,0.000143385179811896,0.0005527711592332093,9.620613577198231e-05,1.5277797871249277e-07,9.255620649383103e-09,0.00037217826929506647,8.13754403718142e-05,0.0004716184221600507,4.5599281191412,1.5990820441887816,0.0
32,8400,9.154830477867293,0.0006518118535920964,0.00014293896404055242,0.0005510192060512751,9.59012199982992e-05,1.5181108636852514e-07,9.197044218277163e-09,0.000370983235062192,8.111415043367852e-05,0.00047008924034609527,4.559928699471855,1.5990825161068776,0.0
32,8404,9.159189920951992,0.0006497836432361429,0.00014249418801271765,0.0005492730608296579,9.559731506139631e-05,1.5085045390605956e-07,9.138847024342581e-09,0.00036979223521459755,8.085374259937822e-05,0.0004685652950501301,4.559929277353905,1.5990829863141731,0.0
32,8408,9.16354936403669,0.0006477619758764458,0.00014205084683007856,0.0005475327030569784,9.529441739140483e-05,1.4989602448167716e-07,9.081025623882005e-09,0.00036860525517172727,8.05942136809272e-05,0.00046704656699133766,4.559929852798047,1.599083454817168,0.0
32,8412,9.167908807121389,0.0006457468292575493,0.00014160893561212894,0.0005457981122999197,9.499252343204214e-05,1.4894779809537795e-07,9.023580016895432e-09,0.0003674222804099424,8.033556050278405e-05,0.0004655330369667802,4.559930425814934,1.599083921622337,0.0
32,8416,9.172268250206088,0.0006437381812058608,0.00014116844949631474,0.0005440692682038257,9.469162964071602e-05,1.4800568237660627e-07,8.966504607374659e-09,0.0003662432964629455,8.007777990194485e-05,0.00046402468584950046,4.559930996415166,1.5990843867361282,0.0
32,8420,9.176627693290786,0.0006417360096283744,0.00014072938363775421,0.0005423461504915007,9.439173248831574e-05,1.4706967732536214e-07,8.909799395319685e-09,0.0003650682889209147,7.982086872775388e-05,0.00046252149458895,4.5599315646093,1.5990848501649644,0.0
32,8424,9.180987136375485,0.0006397402925129269,0.00014029173320929394,0.0005406287389633461,9.409282845923576e-05,1.4613971188737196e-07,8.853460076108816e-09,0.0003638972434305591,7.956482384191568e-05,0.0004610234442130038,4.5599321304078435,1.599085311915243,0.0
32,8428,9.185346579460184,0.0006377510079280952,0.00013985549340148642,0.0005389170134973012,9.379491405136559e-05,1.4521577185178103e-07,8.797485788817713e-09,0.00036273014569509425,7.930964211848974e-05,0.00045953051582301547,4.559932693821254,1.5990857719933356,0.0
32,8432,9.189706022544883,0.00063576813402216,0.00013942065942236276,0.0005372109540477995,9.349798577590797e-05,1.4429780748059784e-07,8.741873520211188e-09,0.00036156698147345965,7.905532044371938e-05,0.00045804269059708053,4.5599332548599465,1.5990862304055884,0.0
32,8436,9.194065465629581,0.0006337916490228955,0.00013898722649738658,0.0005355105406456998,9.320204015736694e-05,1.4338577614125825e-07,8.686620687516223e-09,0.0003604077365803267,7.880185571603352e-05,0.0004565599497880023,4.559933813534286,1.5990866871583227,0.0
32,8440,9.19842490871428,0.000631821531238077,0.0001385551898695654,0.0005338157533985124,9.290707373358733e-05,1.4247962809577075e-07,8.631724277497636e-09,0.0003592523968861553,7.8549244846059e-05,0.00045508227472424286,4.559934369854593,1.5990871422578345,0.0
32,8444,9.202784351798979,0.0006298577590541101,0.00013812454479914977,0.0005321265724892747,9.261308305555884e-05,1.41579356238708e-07,8.577183859693251e-09,0.0003581009483164537,7.829748475645884e-05,0.00045360964680771855,4.55993492383114,1.5990875957103947,0.0
32,8448,9.207143794883677,0.000627900310936493,0.0001376952865637351,0.0005304429781768752,9.232006468747263e-05,1.4068488241036903e-07,8.522994699019208e-09,0.000356953376851968,7.804657238197354e-05,0.00045214204751622907,4.559935475474153,1.5990880475222493,0.0
32,8452,9.211503237968376,0.0006259491654289444,0.00013726741045806996,0.0005287649507952379,9.202801520657923e-05,1.3979619239989916e-07,8.469155934551167e-09,0.0003558096685280946,7.779650466929276e-05,0.00045067945839955334,4.559936024793814,1.5990884976996198,0.0
32,8456,9.215862681053075,0.000624004301153733,0.00013684091179412853,0.0005270924707536207,9.173693120324057e-05,1.3891323646930687e-07,8.415664553053938e-09,0.0003546698094350938,7.754727857710193e-05,0.00044922186108343863,4.5599365718002565,1.5990889462487021,0.0
32,8460,9.220222124137774,0.0006220656968106058,0.00013641578590087574,0.0005254255185355937,9.144680928075212e-05,1.380359933023101e-07,8.362519263141016e-09,0.0003535337857173473,7.729889107591992e-05,0.0004477692372642238,4.559937116503571,1.5990893931756684,0.0
32,8464,9.224581567222472,0.0006201333311769993,0.0001359920281243132,0.0005237640746991356,9.115764605535962e-05,1.3716440605548996e-07,8.309716621115044e-09,0.00035240158357338446,7.70513391481048e-05,0.000446321568713754,4.559937658913801,1.5990898384866659,0.0
32,8468,9.228941010307171,0.0006182071831075348,0.00013556963382736897,0.0005221081198762789,9.08694381561975e-05,1.3629844630713706e-07,8.257254905127344e-09,0.00035127318925568023,7.680461978780965e-05,0.000444878837275222,4.559938199040946,1.5990902821878172,0.0
32,8472,9.23330045339187,0.0006162872315338434,0.00013514859838985877,0.0005204576347728471,9.058218222524289e-05,1.3543808563554194e-07,8.205132393329237e-09,0.0003501485890704246,7.655873000093215e-05,0.000443441024864356,4.55993873689496,1.5990907242852215,0.0
32,8476,9.237659896476568,0.0006143734554640822,0.00013472891720838018,0.0005188126001679504,9.029587491722805e-05,1.345832600918584e-07,8.153345211561197e-09,0.00034902776937713727,7.631366680503033e-05,0.0004420081134688854,4.559939272485751,1.599091164784953,0.0
32,8480,9.242019339561267,0.0006124658339828722,0.00013431058569629895,0.0005171729969139401,9.001051289963235e-05,1.337339554652317e-07,8.101892498898886e-09,0.0003479107165886432,7.606942722931721e-05,0.00044058008514862,4.559939805823184,1.5990916036930618,0.0
32,8484,9.246378782645966,0.0006105643462508549,0.00013389359928365162,0.0005155388059359848,8.972609285260854e-05,1.3289013622852508e-07,8.050772103031455e-09,0.0003467974171707644,7.582600831459345e-05,0.00043915692203447525,4.55994033691708,1.599092041015574,0.0
32,8488,9.250738225730665,0.0006086689715040765,0.0001334779534170107,0.00051391000823152,8.944261146888692e-05,1.3205174553831966e-07,7.999980580261549e-09,0.0003456878576419365,7.558340711316348e-05,0.00043773860632871533,4.5599408657772145,1.5990924767584922,0.0
32,8492,9.255097668815363,0.0006067796890545156,0.00013306364355960014,0.0005122865848705563,8.916006545382902e-05,1.312187762891881e-07,7.949517500126999e-09,0.00034458202457335145,7.534162068886669e-05,0.0004363251203042416,4.55994139241332,1.5990929109277947,0.0
32,8496,9.259457111900062,0.000604896478288976,0.00013265066519105285,0.0005106685169947904,8.887845152527284e-05,1.3039117163771152e-07,7.899379418930446e-09,0.0003434799045883826,7.510064611695175e-05,0.0004349164463043551,4.5599419168350845,1.5990933435294366,0.0
32,8500,9.26381655498476,0.0006030193186692135,0.00013223901380743822,0.0005090557858176849,8.859776641354678e-05,1.2956889605675315e-07,7.849564184361045e-09,0.00034238148436262764,7.486048048408604e-05,0.0004335125667430048,4.559942439052153,1.5990937745693483,0.0
32,8504,9.26817599806946,0.0006011481897311551,0.000131828684921091,0.0005074483726236239,8.831800686132262e-05,1.287519282300309e-07,7.800070505032285e-09,0.0003412867506232511,7.462112088821178e-05,0.00043211346410366297,4.55994295907413,1.5990942040534382,0.0
32,8508,9.272535441154158,0.0005992830710852354,0.00013141967406068509,0.0005058462587683154,8.803916962368564e-05,1.2794021841955328e-07,7.750895367708982e-09,0.00034019569014931514,7.438256443861845e-05,0.0004307191209390855,4.559943476910569,1.5990946319875903,0.0
32,8512,9.276894884238857,0.000597423942415979,0.00013101197677114194,0.0005042494256782727,8.776125146804425e-05,1.2713375241446556e-07,7.702037911466797e-09,0.0003391082897713507,7.414480825584901e-05,0.0004293295198724522,4.5599439925709895,1.5990950583776657,0.0
32,8516,9.281254327323555,0.0005955707834813142,0.00013060558861348003,0.0005026578548502327,8.748424917402887e-05,1.2633245916049418e-07,7.653493831684031e-09,0.00033802453637096747,7.390784947161457e-05,0.00042794464359456087,4.559944506064863,1.599095483229502,0.0
32,8520,9.285613770408254,0.0005937235741126112,0.0001302005051648233,0.0005010715278511387,8.720815953348883e-05,1.2553633865763913e-07,7.605263128360687e-09,0.0003369444168808189,7.36716852287868e-05,0.00042656447486580867,4.5599450174016205,1.5990959065489134,0.0
32,8524,9.289973213492953,0.0005918822942143076,0.00012979672201831902,0.0004994904263177934,8.693297935043204e-05,1.2474534827333628e-07,7.557343218723746e-09,0.0003358679182843558,7.343631268134401e-05,0.0004251889965144637,4.559945526590649,1.599096328341692,0.0
32,8528,9.294332656577652,0.0005900469237636888,0.00012939423478308952,0.0004979145319566152,8.665870544098256e-05,1.239594382695941e-07,7.509731089538024e-09,0.0003347950276156358,7.320172899432955e-05,0.0004238181914378876,4.559946033641296,1.5990967486136056,0.0
32,8532,9.29869209966235,0.0005882174428104808,0.00012899303908414306,0.0004963438265432456,8.638533463331228e-05,1.231785944355579e-07,7.462425879879178e-09,0.00033372573195903634,7.296793134378896e-05,0.0004224520425993028,4.559946538562865,1.5990971673704002,0.0
32,8536,9.303051542747049,0.0005863938314766314,0.00012859313056232571,0.0004947782919223145,8.611286376760003e-05,1.2240278124409087e-07,7.4154254374363645e-09,0.00033266001844907514,7.273491691673081e-05,0.00042109053303218143,4.559947041364616,1.599097584617799,0.0
32,8540,9.307410985831748,0.0005845760699557886,0.00012819450487420704,0.0004932179100069484,8.584128969594603e-05,1.216319560626289e-07,7.368727179436564e-09,0.00033159787427005397,7.250268291104876e-05,0.0004197336458344851,4.559947542055772,1.5990980003615023,0.0
32,8544,9.311770428916446,0.0005827641385136099,0.00012779715769214796,0.0004916626627790355,8.557060928241805e-05,1.2086609757488986e-07,7.322329814493268e-09,0.00033053928665624255,7.227122653556178e-05,0.00041838136417288185,4.559948040645513,1.5990984146071876,0.0
32,8548,9.316129872001145,0.000580958017487034,0.00012740108470414094,0.0004901125322885663,8.530081940293658e-05,1.2010514893745494e-07,7.276229898909121e-09,0.00032948424289141315,7.204054500991241e-05,0.00041703367127976135,4.559948537142976,1.5990988273605102,0.0
32,8552,9.320489315085844,0.0005791576872838526,0.00012700628161371616,0.0004885675006530968,8.503191694518138e-05,1.1934911015032412e-07,7.230427432684122e-09,0.0003284327303083963,7.181063556446959e-05,0.0004156905504549938,4.559949031557257,1.599099238627103,0.0
32,8556,9.324848758170543,0.0005773631283825147,0.00012661274413989856,0.0004870275500576877,8.47638988085811e-05,1.1859792437007854e-07,7.184918972120915e-09,0.00032738473628909204,7.158149544033111e-05,0.0004143519850629483,4.559949523897415,1.5990996484125768,0.0
32,8560,9.329208201255241,0.0005755743213325753,0.0001262204680173063,0.0004854926627552344,8.44967619043704e-05,1.1785157028043614e-07,7.139703225832991e-09,0.00032634024826466983,7.13531218893674e-05,0.00041301795853513143,4.559950014172463,1.5991000567225198,0.0
32,8564,9.33356764433994,0.000573791246753562,0.00012582944899590216,0.00048396282106532993,8.423050315539235e-05,1.1711001235426011e-07,7.094778041509504e-09,0.0003252992537147172,7.112551217403527e-05,0.00041168845436814744,4.559950502391379,1.5991004635624984,0.0
32,8568,9.337927087424639,0.0005720138853346104,0.00012543968284091356,0.0004824380073740816,8.39651194960663e-05,1.1637322216984103e-07,7.050141697301775e-09,0.000324261740167178,7.089866356736449e-05,0.00041036345612290075,4.559950988563096,1.599100868938057,0.0
32,8572,9.342286530509337,0.000570242217835014,0.0001250511653329532,0.00048091820413441986,8.370060787244174e-05,1.1564115709461475e-07,7.005791610436786e-09,0.0003232276951984865,7.067257335298711e-05,0.00040904294742729805,4.55995147269651,1.5991012728547178,0.0
32,8576,9.346645973594036,0.0005684762250834034,0.00012466389226783905,0.00047940339386544107,8.343696524208395e-05,1.1491381712858129e-07,6.961727780914538e-09,0.0003221971064331443,7.044723882504485e-05,0.00040772691197180685,4.559951954800477,1.5991016753179816,0.0
32,8580,9.351005416678735,0.0005667158879772953,0.00012427785945649545,0.0004778935591518633,8.317418857397919e-05,1.141911383228944e-07,6.917946334575503e-09,0.0003211699615432749,7.02226572880919e-05,0.00040641533351222937,4.559952434883812,1.5991020763333272,0.0
32,8584,9.355364859763434,0.0005649611874832424,0.000123893062724986,0.00047638868264425477,8.291227484857448e-05,1.1347309225584468e-07,6.8744455495710066e-09,0.0003201462482488299,6.999882605713978e-05,0.00040510819586877064,4.559952912955289,1.5991024759062116,0.0
32,8588,9.359724302848132,0.0005632121046365203,0.00012350949791444478,0.00047488874705865476,8.265122105771165e-05,1.1275965761115003e-07,6.8312241345145374e-09,0.00031912595431727827,6.977574245758959e-05,0.00040380548292510293,4.559953389023648,1.5991028740420703,0.0
32,8592,9.364083745932831,0.0005614686205405876,0.00012312716088095822,0.00047339373517607617,8.239102420454081e-05,1.1205082017795576e-07,6.788281228481757e-09,0.00031810906756325313,6.955340382515466e-05,0.000402507178628206,4.5599538630975855,1.5991032707463178,0.0
32,8596,9.36844318901753,0.0005597307163669914,0.000122746047495544,0.0004719036298423931,8.213168130350065e-05,1.1134652311284299e-07,6.74561338777531e-09,0.00031709557584846216,6.933180750584105e-05,0.00040121326698841275,4.5599543351857585,1.5991036660243467,0.0
32,8600,9.372802632102228,0.0005579983733550405,0.00012236615364407977,0.0004704184139680098,8.187318938026096e-05,1.1064674509952965e-07,6.703219321008687e-09,0.0003160854670814382,6.91109508558929e-05,0.00039992373207963124,4.559954805296789,1.5991040598815287,0.0
32,8604,9.377162075186927,0.0005562715728116147,0.000121987475227261,0.0004689380705277006,8.16155454716947e-05,1.0995146482173368e-07,6.661097736795379e-09,0.00031507872921743513,6.889083124176982e-05,0.00039863855803842573,4.559955273439257,1.5991044523232136,0.0
32,8608,9.381521518271626,0.0005545502961107478,0.00012161000816050983,0.0004674625825601751,8.135874662580232e-05,1.0926063254146356e-07,6.6192456219002e-09,0.00031407535025809426,6.867144604007379e-05,0.0003973577290627672,4.559955739621706,1.5991048433547312,0.0
32,8612,9.385880961356325,0.0005528345246939851,0.00012123374837405321,0.00046599193316836557,8.11027899017618e-05,1.0857424825871931e-07,6.577662976323149e-09,0.0003130753182516339,6.845279263759074e-05,0.0003960812294148214,4.55995620385264,1.5991052329813893,0.0
32,8616,9.390240404441023,0.0005511242400689407,0.0001208586918126067,0.0004645261055180991,8.084767236969756e-05,1.0789224802465469e-07,6.536345925904701e-09,0.00031207862129190234,6.823486843108339e-05,0.0003948090434166892,4.559956666140526,1.5991056212084747,0.0
32,8620,9.394599847525722,0.0005494194238099377,0.00012048483443551475,0.00046306508283870326,8.059339111078587e-05,1.0721463894469707e-07,6.495294901107026e-09,0.00031108524751881963,6.801767082738792e-05,0.00039354115545268893,4.559957126493794,1.5991060080412545,0.0
32,8624,9.39895929061042,0.0005477200575577379,0.00012011217221669153,0.0004616088484227194,8.033994321720488e-05,1.0654137128085495e-07,6.454506888694937e-09,0.00031009518511815657,6.780119724336559e-05,0.00039227754996964454,4.5599575849208325,1.5991063934849736,0.0
32,8628,9.40331873369512,0.0005460261230188045,0.0001197407011444591,0.000460157385625144,8.008732579200269e-05,1.0587241661141888e-07,6.413980166819755e-09,0.0003091084223209596,6.758544510577702e-05,0.00039101821147404767,4.559958041429995,1.5991067775448575,0.0
32,8632,9.407678176779818,0.0005443376019654175,0.00011937041722157293,0.0004587106778636172,7.983553594913011e-05,1.0520774651467946e-07,6.3737130136328026e-09,0.0003081249474037238,6.737041185132e-05,0.00038976312453511134,4.5599584960296,1.5991071602261102,0.0
32,8636,9.412037619864517,0.0005426544762353832,0.00011900131646515793,0.00045726870861800416,7.958457081336777e-05,1.0454733967435459e-07,6.333704137747571e-09,0.00030714474868802675,6.715609492654948e-05,0.0003885122737803196,4.559958948727924,1.5991075415339153,0.0
32,8640,9.416397062949216,0.0005409767277314965,0.00011863339490659076,0.00045583146143002594,7.933442752026192e-05,1.0389115345788014e-07,6.293950956391042e-09,0.0003061678145403243,6.694249178783284e-05,0.00038726564389929735,4.55995939953321,1.5991079214734365,0.0
32,8644,9.420756506033914,0.0005393043384215172,0.00011826664859149455,0.0004543989199031492,7.908510321610522e-05,1.0323919497068346e-07,6.254453900025388e-09,0.00030519413337183273,6.672959990132422e-05,0.0003860232196411507,4.559959848453662,1.5991083000498165,0.0
32,8648,9.425115949118613,0.0005376372903383302,0.00011790107357977398,0.0004529710677026381,7.883659505794579e-05,1.0259138605306362e-07,6.215208233566741e-09,0.0003042236936385242,6.651741674296341e-05,0.00038478498581456615,4.559960295497449,1.599108677268178,0.0
32,8652,9.429475392203312,0.0005359755655784784,0.00011753666594529364,0.00045154788855434117,7.858890021337605e-05,1.0194774802130269e-07,6.176215248401611e-09,0.00030325648384032524,6.63059397983007e-05,0.00038355092728927756,4.559960740672703,1.5991090531336238,0.0
32,8656,9.43383483528801,0.0005343191463032378,0.0001171734217761137,0.00045012936624554015,7.834201586068043e-05,1.0130822403198181e-07,6.137471500832642e-09,0.00030229249252165916,6.609516656261545e-05,0.0003823210289922924,4.559961183987519,1.5991094276512363,0.0
32,8660,9.438194278372709,0.0005326680147377006,0.00011681133717428894,0.000448715484624121,7.809593918869116e-05,1.0067279987424627e-07,6.098976129935494e-09,0.00030133170827086313,6.58850945407886e-05,0.0003810952759104862,4.559961625449956,1.5991098008260778,0.0
32,8664,9.442553721457408,0.0005310221531705269,0.00011645040825581427,0.00044730622759839615,7.785066739675727e-05,1.0004144712638663e-07,6.0607274138614895e-09,0.0003003741197200864,6.567572124728047e-05,0.0003798736530901679,4.559962065068037,1.599110172663191,0.0
32,8668,9.446913164542107,0.0005293815439538315,0.00011609063115059984,0.00044590157913687296,7.760619769470432e-05,9.941410894498404e-08,6.0227219089132725e-09,0.00029941971554506774,6.546704420608206e-05,0.0003786561456361399,4.55996250284975,1.5991105431675987,0.0
32,8672,9.451272607626805,0.0005277461695031435,0.00011573200200246221,0.00044450152326820245,7.736252730282548e-05,9.879080664632056e-08,5.9849609064773505e-09,0.00029846848446509513,6.525906095070624e-05,0.0003774427387108431,4.5599629388030465,1.5991109123443037,0.0
32,8676,9.455632050711504,0.000526116012296763,0.00011537451696898339,0.00044310604408070184,7.711965345179843e-05,9.81714904924047e-08,5.947441393318538e-09,0.0002975204152427173,6.505176902412469e-05,0.00037623341753554435,4.559963372935842,1.5991112801982892,0.0
32,8680,9.459991493796203,0.0005244910548757512,0.00011501817222150847,0.0004417151257221529,7.687757338265024e-05,9.755613206152702e-08,5.910161647588156e-09,0.00029657549668351456,6.484516597871781e-05,0.00037502816738886217,4.559963805256018,1.5991116467345188,0.0
32,8684,9.464350936880901,0.0005228712798433497,0.00011466296394501845,0.0004403287523993903,7.663628434668575e-05,9.694469582655074e-08,5.8731195169753574e-09,0.0002956337176358622,6.463924937622295e-05,0.00037382697360722344,4.559964235771419,1.5991120119579367,0.0
32,8688,9.4687103799656,0.0005212566698653086,0.00011430888833820206,0.0004389469083785116,7.639578360552411e-05,9.633719599833057e-08,5.836315862404481e-09,0.0002946950669910393,6.443401678775822e-05,0.00037262982158368495,4.559964664489857,1.5991123758734678,0.0
32,8692,9.473069823050299,0.0005196472076693281,0.00011395594161333341,0.00043756957798433906,7.615606843100515e-05,9.57335686280203e-08,5.799746809716002e-09,0.0002937595336828365,6.422946579373672e-05,0.0003714366967700074,4.559965091419107,1.5991127384860166,0.0
32,8696,9.477429266134997,0.0005180428760445315,0.00011360411999615641,0.00043619674559997024,7.591713610511107e-05,9.513380661019255e-08,5.763411928447748e-09,0.00029282710668725105,6.402559398379991e-05,0.00037024758467352214,4.559965516566909,1.5991130998004701,0.0
32,8700,9.481788709219696,0.0005164436578422076,0.00011325341972604744,0.0004348283956673741,7.567898392007026e-05,9.453787441771055e-08,5.727309066288874e-09,0.0002918977750228754,6.382239895690252e-05,0.0003690624708584481,4.55996593994097,1.5991134598216945,0.0
32,8704,9.486148152304395,0.0005148495359739195,0.0001129038370556008,0.0004334645126857094,7.544160917806464e-05,9.394575073429223e-08,5.691436931852871e-09,0.000290971527749725,6.361987832105623e-05,0.00036788134094578855,4.559966361548963,1.599113818554538,0.0
32,8708,9.490507595389094,0.000513260493412962,0.00011255536825094826,0.00043210508121259395,7.520500919145052e-05,9.335740713822815e-08,5.65579380329106e-09,0.0002900483539701119,6.341802969352078e-05,0.0003667041806119206,4.559966781398526,1.5991141760038288,0.0
32,8712,9.494867038473792,0.0005116765131931833,0.00011220800959150052,0.0004307500858630525,7.496918128257549e-05,9.277281520780889e-08,5.6203779587547635e-09,0.00028912824282791087,6.321685070064342e-05,0.00036553097559010743,4.559967199497259,1.599114532174377,0.0
32,8716,9.499226481558491,0.0005100975784090382,0.00011186175736995908,0.0004293995113093975,7.473412278375772e-05,9.219197494303444e-08,5.585189398243981e-09,0.00028821118350839974,6.301633897782402e-05,0.0003643617116680419,4.559967615852735,1.599114887070973,0.0
32,8720,9.50358592464319,0.000508523672215252,0.00011151660789224248,0.00042805334228118654,7.449983103727848e-05,9.16148366059133e-08,5.550225108523526e-09,0.00028729716523834953,6.281649216953481e-05,0.000363196374690491,4.559968030472489,1.599115240698389,0.0
32,8724,9.507945367727888,0.0005069547778264184,0.000111172557477398,0.0004267115635645509,7.426630339526534e-05,9.104137888016339e-08,5.5154837982068904e-09,0.000286386177285412,6.261730792918645e-05,0.0003620349505550673,4.559968443364024,1.5991155930613785,0.0
32,8728,9.512304810812587,0.0005053908785174647,0.00011082960245770382,0.0004253741600027306,7.403353721978523e-05,9.047158044950265e-08,5.480964175907565e-09,0.00028547820895854977,6.241878391922203e-05,0.00036087742521744985,4.559968854534809,1.5991159441646756,0.0
32,8732,9.516664253897286,0.000503831957622392,0.00011048773917839269,0.0004240411164949654,7.380152988265152e-05,8.990544131393108e-08,5.44666624162555e-09,0.00028457324960727006,6.222091781094962e-05,0.0003597237846850272,4.5599692639922775,1.5991162940129968,0.0
32,8736,9.521023696981985,0.0005022779985345672,0.00011014696399771595,0.0004227124179966328,7.35702787654479e-05,8.934290463002981e-08,5.412586551663489e-09,0.0002836712886216643,6.202370728455085e-05,0.0003585740150211904,4.559969671743834,1.5991166426110393,0.0
32,8740,9.525383140066683,0.0005007289847072226,0.00010980727328705319,0.00042138804951969284,7.333978125960596e-05,8.878394197608941e-08,5.378723384172704e-09,0.00028277231543272105,6.182715002914936e-05,0.0003574281023438571,4.559970077796846,1.599116989963482,0.0
32,8744,9.529742583151382,0.0004991848996516382,0.00010946866343051341,0.000420067996131086,7.311003476612619e-05,8.822856045753724e-08,5.345077169615365e-09,0.0002818763195112148,6.163124374256788e-05,0.00035628603282390054,4.559970482158652,1.599117336074986,0.0
32,8748,9.53410202623608,0.0004976457269382022,0.00010913113082516791,0.0004187522429536648,7.288103669574025e-05,8.767672454723652e-08,5.3116457556806226e-09,0.0002809832903683531,6.143598613146964e-05,0.0003551477926874156,4.559970884836555,1.5991176809501937,0.0
32,8752,9.53846146932078,0.0004961114501956664,0.00010879467188088668,0.0004174407751654134,7.265278446877509e-05,8.71284058234778e-08,5.278427420519801e-09,0.00028009321755517714,6.124137491122735e-05,0.00035401336821259364,4.559971285837827,1.5991180245937295,0.0
32,8756,9.542820912405478,0.0004945820531112521,0.00010845928302036187,0.0004161335779995942,7.242527551517845e-05,8.658359007540639e-08,5.2454213032085594e-09,0.00027920609066268975,6.104740780595123e-05,0.00035288274573146123,4.559971685169705,1.5991183670101994,0.0
32,8760,9.547180355490177,0.0004930575194298321,0.00010812496067892824,0.0004148306367440124,7.219850727439087e-05,8.604222756503077e-08,5.212624390511712e-09,0.0002783218993213403,6.0854082548376314e-05,0.00035175591163016007,4.559972082839397,1.5991187082041913,0.0
32,8764,9.551539798574876,0.0004915378329543648,0.00010779170130465844,0.00041353193674134754,7.197247719540345e-05,8.550433250320566e-08,5.180037543353597e-09,0.00027744063320123103,6.066139687990759e-05,0.0003506328523461828,4.559972478854077,1.5991190481802755,0.0
32,8768,9.555899241659574,0.0004900229775449653,0.00010745950135815932,0.0004122374633882803,7.17471827366058e-05,8.496986225736691e-08,5.147658178961198e-09,0.00027656228201148713,6.0469348550482286e-05,0.0003495135543702217,4.559972873220889,1.5991193869430043,0.0
32,8772,9.560258684744273,0.0004885129371195824,0.00010712835731272031,0.00041094720213609947,7.152262136589168e-05,8.443880972208717e-08,5.115485866872345e-09,0.0002756868355006839,6.0277935318663265e-05,0.00034839800424620374,4.559973265946941,1.5991197244969122,0.0
32,8776,9.564618127828972,0.0004870076956528547,0.00010679826565406265,0.00040966113848971554,7.129879056048742e-05,8.391113226480229e-08,5.083518024314022e-09,0.00027481428345617397,6.008715495149187e-05,0.00034728618856926343,4.559973657039315,1.5991200608465155,0.0
32,8780,9.56897757091367,0.0004855072371768244,0.00010646922288049588,0.00040837925800812073,7.107568780703182e-05,8.338681567465756e-08,5.051753790361887e-09,0.0002739446157043274,5.989700522454053e-05,0.00034617809398759526,4.559974046505055,1.5991203959963132,0.0
32,8784,9.57333701399837,0.0004840115457797096,0.00010614122550264864,0.00040710154630345293,7.085331060141344e-05,8.286583863537089e-08,5.0201918736294345e-09,0.0002730778221099529,5.97074839217861e-05,0.0003450737071998032,4.559974434351181,1.5991207299507866,0.0
32,8788,9.577696457083068,0.0004825206056064795,0.00010581427004359479,0.00040582798904142525,7.063165644884515e-05,8.234817983066023e-08,4.988830982730155e-09,0.00027221389257655985,5.95185888356672e-05,0.0003439730149568796,4.559974820584676,1.5991210627143995,0.0
32,8792,9.582055900167767,0.00048103440085806276,0.00010548835303867977,0.0004045585719405101,7.041072286372227e-05,8.183382504967085e-08,4.957670256739708e-09,0.00027135281704573845,5.9330317766948696e-05,0.0003428760040613056,4.559975205212493,1.5991213942915983,0.0
32,8796,9.586415343252465,0.00047955291579169736,0.00010516347103559742,0.00040329328077234574,7.01905073696933e-05,8.132274587069332e-08,4.926707973809418e-09,0.00027049458549748863,5.91426685247936e-05,0.0003417826613669654,4.559975588241557,1.599121724686812,0.0
32,8800,9.590774786337164,0.000478076134720593,0.00010483962059431585,0.0004020321013613286,6.99710074995889e-05,8.081491387201822e-08,4.895942412090605e-09,0.00026963918794988624,5.895563892669009e-05,0.00034069297377698296,4.559975969678758,1.5991220539044515,0.0
32,8804,9.595134229421863,0.0004766040420129605,0.00010451679828686466,0.0004007750195837862,6.975222079527805e-05,8.031030773736347e-08,4.86537228019676e-09,0.0002687866144585246,5.876922679832942e-05,0.0003396069282471989,4.559976349530959,1.599122381948912,0.0
32,8808,9.599493672506561,0.0004751366220929186,0.00010419500069753373,0.00039952202136877375,6.953414480780655e-05,7.980892746672907e-08,4.834997578127884e-09,0.000267936855117066,5.8583429973726435e-05,0.0003385245117828748,4.55997672780499,1.5991227088245703,0.0
32,8812,9.60385311559126,0.00047367385943963743,0.00010387422442268546,0.0003982730926972425,6.931677709725246e-05,7.931073042755088e-08,4.80481572311096e-09,0.0002670899000566305,5.839824629508604e-05,0.0003374457114399968,4.5599771045076505,1.599123034535786,0.0
32,8816,9.608212558675959,0.0004722157385870685,0.00010355446607069551,0.00039702821960177286,6.910011523267946e-05,7.881570951440153e-08,4.774826284683817e-09,0.00026624573944559777,5.8213673612759796e-05,0.0003363705143238568,4.559977479645713,1.5991233590869027,0.0
32,8820,9.612572001760658,0.00047076224412409995,0.00010323572226198683,0.00039578738816674927,6.888415679216745e-05,7.832382920014425e-08,4.745027110535609e-09,0.00026540436348974753,5.8029709785276665e-05,0.0003352989075909723,4.5599778532259165,1.5991236824822463,0.0
32,8824,9.616931444845356,0.0004693133606939446,0.00010291798962889555,0.00039455058452773526,6.866889936270365e-05,7.783508237935166e-08,4.7154177702041656e-09,0.0002645657624317869,5.784635267923963e-05,0.00033423087844535024,4.55997822525497,1.5991240047261257,0.0
32,8828,9.621290887930055,0.00046786907299455543,0.00010260126481576197,0.00039331779487186013,6.845434054025e-05,7.734944063031435e-08,4.685996541840809e-09,0.00026372992655162886,5.7663600169386614e-05,0.00033316641414285676,4.5599785957395556,1.5991243258228331,0.0
32,8832,9.625650331014754,0.0004664293657773947,0.00010228554447866077,0.00039208900543667014,6.824047792954315e-05,7.686689684760495e-08,4.65676299498337e-09,0.00026289684616556707,5.7481450138410054e-05,0.0003321055019869945,4.559978964686323,1.5991246457766444,0.0
32,8836,9.630009774099452,0.0004649942238485374,0.00010197082528564285,0.00039086420251116034,6.802730914427408e-05,7.638741550408668e-08,4.627714977321e-09,0.00026206651162701976,5.729990047711953e-05,0.0003310481293316659,4.559979332101894,1.599124964591818,0.0
32,8840,9.634369217184151,0.0004635636320669901,0.00010165710391636676,0.00038964337243418626,6.781483180681166e-05,7.591098238890481e-08,4.59885162792936e-09,0.0002612389133253793,5.711894908419023e-05,0.0003299942835770122,4.559979697992859,1.5991252822725963,0.0
32,8844,9.63872866026885,0.0004621375753458294,0.00010134437706234833,0.00038842650159547976,6.760304354837944e-05,7.543758329120465e-08,4.5701720858841116e-09,0.00026041404168672335,5.693859386631846e-05,0.0003289439521747044,4.559980062365781,1.599125598823205,0.0
32,8848,9.643088103353548,0.00046071603865131556,0.00010103264142676628,0.00038721357643483137,6.739194200891334e-05,7.496718268384939e-08,4.541674198874407e-09,0.00025959188717323206,5.6758832738094214e-05,0.0003278971226223071,4.559980425227193,1.599125914247853,0.0
32,8852,9.647447546438247,0.00045929900700279974,0.00010072189372444192,0.00038600458344199525,6.718152483704513e-05,7.449977346141168e-08,4.513357536438076e-09,0.000258772440283116,5.6579663621985396e-05,0.00032685378246834565,4.5599807865835995,1.5991262285507333,0.0
32,8856,9.651806989522946,0.00045788646547234476,0.00010041213068175592,0.00038479950915636476,6.697178969004593e-05,7.403533430760945e-08,4.485220807188612e-09,0.0002579556915503977,5.640108444829007e-05,0.00032581391930683833,4.559981146441475,1.5991265417360216,0.0
32,8860,9.656166432607645,0.00045647839918496055,0.00010010334903669999,0.00038359834016706386,6.676273423384218e-05,7.357385101158798e-08,4.4572631502016726e-09,0.0002571416315449207,5.622309315513841e-05,0.00032477752078153893,4.559981504807266,1.5991268538078784,0.0
32,8864,9.660525875692343,0.00045507479331780525,9.979554553870166e-05,0.00038240106311237615,6.655435614291618e-05,7.311528804621048e-08,4.429482413166413e-09,0.00025633025087201737,5.604568768842014e-05,0.00032374457458124705,4.559981861687391,1.5991271647704475,0.0
32,8868,9.664885318777042,0.00045367563310064294,9.948871694872469e-05,0.0003812076646800106,6.634665310035242e-05,7.265964541147696e-08,4.401878596082831e-09,0.00025552154017262937,5.586886600181081e-05,0.0003227150684454164,4.559982217088239,1.5991274746278563,0.0
32,8872,9.66924476186174,0.0004522809038151974,9.918286003912733e-05,0.00038001813160644995,6.613962279772414e-05,7.220689468567798e-08,4.374449977102251e-09,0.0002547154901228182,5.569262605666478e-05,0.000321688990158307,4.559982571016171,1.5991277833842166,0.0
32,8876,9.67360420494644,0.00045089059079505195,9.887797159364035e-05,0.00037883245067702674,6.593326293510654e-05,7.175701455253147e-08,4.347195264838163e-09,0.00025391209143389536,5.5516965822043715e-05,0.00032066632755117455,4.55998292347752,1.5991280910436239,0.0
32,8880,9.677963648031138,0.0004495046794253105,9.857404840729271e-05,0.0003776506087255217,6.57275712210069e-05,7.130999080118272e-08,4.320113598366227e-09,0.00025311133485209775,5.534188327464558e-05,0.0003196470685035545,4.55998327447859,1.5991283976101576,0.0
32,8884,9.682323091115837,0.0004481231551429683,9.82710872864929e-05,0.0003764725926343576,6.552254537239837e-05,7.086581632620437e-08,4.2932045472242745e-09,0.00025231321115865897,5.516737639882025e-05,0.000318631200940667,4.559983624025657,1.5991287030878816,0.0
32,8888,9.686682534200536,0.0004467460034359625,9.79690850488207e-05,0.00037529838933392896,6.53181831146032e-05,7.042444849503227e-08,4.2664655286392885e-09,0.00025151771116942466,5.49934431864854e-05,0.0003176187128343407,4.5599839721249715,1.5991290074808435,0.0
32,8892,9.691041977285234,0.00044537320984345754,9.766803852308972e-05,0.0003741279858027203,6.511448218131345e-05,6.998588020223906e-08,4.2398961121491e-09,0.0002507248257348724,5.482008163713086e-05,0.0003166095922024495,4.559984318782753,1.5991293107930755,0.0
32,8896,9.695401420369933,0.00044400475995540797,9.736794454925164e-05,0.0003729613690668965,6.491144031451956e-05,6.955010434239739e-08,4.213495867291537e-09,0.00024993454573981705,5.464728975775415e-05,0.0003156038271091546,4.559984664005197,1.599129613028594,0.0
32,8900,9.699760863454632,0.0004426406394128343,9.706879997845662e-05,0.00037179852620059564,6.470905526456143e-05,6.911707828294311e-08,4.187262211293585e-09,0.00024914686210363794,5.4475065562910226e-05,0.00031460140566465,4.559985007798467,1.5991299141913993,0.0
32,8904,9.70412030653933,0.0004412808339067135,9.677060167281e-05,0.00037063944432488637,6.450732478994693e-05,6.868680202387623e-08,4.161195144155243e-09,0.0002483617657795266,5.430340707454695e-05,0.0003136023160230629,4.559985350168702,1.599130214285477,0.0
32,8908,9.70847974962403,0.00043992532917880956,9.647334650555447e-05,0.0003694841106084265,6.430624665746644e-05,6.825926135434202e-08,4.135293804952171e-09,0.00024757924775490887,5.413231232209737e-05,0.0003126065463863976,4.559985691122014,1.5991305133147966,0.0
32,8912,9.712839192708728,0.0004385741110206251,9.617703136084011e-05,0.00036833251226658784,6.410581864204066e-05,6.783442785263105e-08,4.109556471835692e-09,0.00024679929905086314,5.396177934235258e-05,0.0003116140850006219,4.559986030664488,1.5991308112833125,0.0
32,8916,9.717198635793427,0.00043722716527398335,9.588165313385211e-05,0.000367184636562011,6.390603852681708e-05,6.741228730788862e-08,4.083982283881467e-09,0.00024602191072252465,5.379180617955006e-05,0.00031062492015662246,4.55998636880218,1.599131108194963,0.0
32,8920,9.721558078878125,0.00043588447783031713,9.558720873065473e-05,0.00036604047080381275,6.370690410303208e-05,6.699281129840529e-08,4.058569519240818e-09,0.0002452470738584586,5.3622390885236616e-05,0.00030963904019103486,4.559986705541121,1.5991314040536717,0.0
32,8924,9.725917521962824,0.00043454603463049255,9.52936950681527e-05,0.00036490000234750737,6.350841316999719e-05,6.657602114046313e-08,4.033319469300252e-09,0.0002444747795806434,5.345353151826477e-05,0.00030865643348449795,4.559987040887314,1.599131698863347,0.0
32,8928,9.730276965047523,0.00043321182166486107,9.500110907410266e-05,0.00036376321859501976,6.331056353510141e-05,6.616184577978856e-08,4.008227829438075e-09,0.00024370501904446377,5.3285226144791176e-05,0.00030767708846226894,4.559987374846737,1.5991319926278817,0.0
32,8932,9.734636408132221,0.00043188182497279023,9.470944768701023e-05,0.0003626301069942121,6.311335301372883e-05,6.575029942723631e-08,3.983295460578627e-09,0.00024293778343835633,5.311747283819919e-05,0.0003067009935930091,4.559987707425341,1.5991322853511536,0.0
32,8936,9.73899585121692,0.00043055603064292376,9.441870785618699e-05,0.000361500655039158,6.29167794293063e-05,6.53413607665243e-08,3.958521071335396e-09,0.00024217306398402114,5.29502696791451e-05,0.0003057281373920567,4.559988038629049,1.599132577037026,0.0
32,8940,9.743355294301619,0.0004292344248125801,9.412888654161866e-05,0.0003603748502695328,6.272084061319739e-05,6.493502269222517e-08,3.9339042312462165e-09,0.00024141085193596221,5.2783614755457646e-05,0.00030475850841585306,4.559988368463759,1.5991328676893461,0.0
32,8944,9.747714737386318,0.000427916993667594,9.383998071393035e-05,0.0003592526802704976,6.252553440468213e-05,6.453124257177478e-08,3.909442357538069e-09,0.00024065113858141935,5.261750616212314e-05,0.00030379209526639855,4.559988696935344,1.5991331573119472,0.0
32,8948,9.752074180471016,0.0004266037234424292,9.355198735441124e-05,0.0003581341326727752,6.233085865097025e-05,6.413003461602784e-08,3.885136311135293e-09,0.00023989391524041018,5.245194200129465e-05,0.0003028288865891077,4.559989024049648,1.5991334459086468,0.0
32,8952,9.756433623555715,0.00042529460041960607,9.326490345488911e-05,0.00035701919515208636,6.213681120710313e-05,6.373135619242021e-08,3.8609835092648715e-09,0.00023913917326531226,5.2286920382200616e-05,0.00030186887107158986,4.559989349812493,1.599133733483248,0.0
32,8956,9.760793066640414,0.0004239896109299628,9.297872601778753e-05,0.00035590785542939624,6.19433899359966e-05,6.333520730095188e-08,3.8369839519268045e-09,0.00023838690404104235,5.212243942118408e-05,0.0003009120374457676,4.559989674229672,1.5991340200395394,0.0
32,8960,9.765152509725112,0.0004226887413519419,9.26934520559695e-05,0.0003548001012702823,6.175059270833095e-05,6.294155951991343e-08,3.813135917272413e-09,0.00023763709898461758,5.1958497241606674e-05,0.0002999583744865005,4.559989997306953,1.5991343055812943,0.0
32,8964,9.769511952809811,0.0004213919781117878,9.240907859278068e-05,0.00035369592048507,6.155841740257458e-05,6.255040574387749e-08,3.789438974839529e-09,0.00023688974954523168,5.179509197386537e-05,0.0002990078710109061,4.5599903190500815,1.599134590112272,0.0
32,8968,9.77387139589451,0.00042009930768351257,9.212560266204202e-05,0.0003525953009287638,6.136686190497195e-05,6.2161724656562e-08,3.7658918332416424e-09,0.00023614484720419003,5.163222175537821e-05,0.0002980605158800296,4.559990639464772,1.5991348736362165,0.0
32,8972,9.778230838979209,0.00041881071658808925,9.184302130787266e-05,0.0003514982305003391,6.117592410942041e-05,6.177551625796696e-08,3.7424944924787546e-09,0.00023540238347442057,5.146988473047741e-05,0.0002971162979954718,4.559990958556717,1.599135156156858,0.0
32,8976,9.782590282063907,0.0004175261913940406,9.156133158481923e-05,0.00035040469714327677,6.098560191756318e-05,6.13917237046735e-08,3.719243508853508e-09,0.00023466234990085293,5.130807905049224e-05,0.00029617520630320345,4.559991276331585,1.5991354376779114,0.0
32,8980,9.786949725148606,0.0004162457187164706,9.128053055764333e-05,0.00034931468884462423,6.079589323862592e-05,6.101037541839105e-08,3.6961406042145814e-09,0.0002339247380597271,5.114680287359785e-05,0.0002952372297902794,4.559991592795018,1.5991357182030779,0.0
32,8984,9.791309168233305,0.0004149692852174971,9.100061530141647e-05,0.0003482281936353903,6.060679598948548e-05,6.063143587198283e-08,3.6731836262511275e-09,0.00023318953955887533,5.0986054364876935e-05,0.00029430235748524825,4.559991907952631,1.5991359977360442,0.0
32,8988,9.795668611318003,0.00041369687760599137,9.072158290146298e-05,0.00034714519959033816,6.041830809463391e-05,6.025490506544884e-08,3.6503725749631455e-09,0.00023245674603758907,5.082583169629065e-05,0.0002933705784596435,4.559992221810019,1.5991362762804822,0.0
32,8992,9.800028054402702,0.00041242848263710563,9.044343045325629e-05,0.00034606569482745794,6.023042748608656e-05,5.988072615537021e-08,3.6277040066532794e-09,0.00023172634916620202,5.06661330465874e-05,0.0002924418818261081,4.559992534372747,1.5991365538400502,0.0
32,8996,9.8043874974874,0.0004111640871123805,9.016615506244264e-05,0.0003449896675081537,6.004315210341474e-05,5.950893466888374e-08,3.605180073632377e-09,0.0002309983406462643,5.050695660134094e-05,0.0002915162567385411,4.5599928456463585,1.5991368304183922,0.0
32,9000,9.8087469405721,0.0004099036778792396,8.988975384473012e-05,0.0003439171058366773,5.98564798936471e-05,5.913949507885263e-08,3.5827986235895905e-09,0.00023027271221009288,5.034830055285213e-05,0.0002905936923920971,4.559993155636373,1.5991371060191377,0.0
32,9004,9.813106383656798,0.00040864724183135365,8.961422392596861e-05,0.00034284799806052254,5.967040881133827e-05,5.877237896356746e-08,3.560557934676242e-09,0.0002295494556210808,5.0190163100216464e-05,0.00028967417802329475,4.559993464348282,1.5991373806459024,0.0
32,9008,9.817465826741497,0.0004073947659078822,8.933956244198342e-05,0.0003417823324696859,5.948493681844021e-05,5.8407586323028227e-08,3.5384580068923315e-09,0.00022882856267315168,5.003254244920484e-05,0.0002887577029096846,4.559993771787557,1.5991376543022882,0.0
32,9012,9.821825269826196,0.00040614623709400185,8.906576653869118e-05,0.00034072009739710766,5.930006188437891e-05,5.8045095840952854e-08,3.5164975488513498e-09,0.0002281100251910547,4.987543681232807e-05,0.00028784425636943246,4.559994077959643,1.5991379269918824,0.0
32,9016,9.826184712910894,0.0004049016424196092,8.879283337181538e-05,0.0003396612812175393,5.911578198585739e-05,5.7684900411913986e-08,3.494676130091128e-09,0.0002273938350295845,4.971884440866628e-05,0.00028693382776113054,4.55999438286996,1.599138198718259,0.0
32,9020,9.830544155995593,0.00040366096896045784,8.852076010713572e-05,0.00033860587234856097,5.893209510703264e-05,5.7326971614202193e-08,3.472992028762988e-09,0.00022667998407429552,4.956276346402513e-05,0.00028602640648413746,4.559994686523908,1.599138469484978,0.0
32,9024,9.834903599080292,0.0004024242038372518,8.824954392028928e-05,0.0003375538592496559,5.874899923935466e-05,5.6971309447817475e-08,3.4514452448669293e-09,0.00022596846424080037,4.9407192210782396e-05,0.00028512198197738477,4.559994988926857,1.5991387392955854,0.0
32,9028,9.83926304216499,0.00040119133421531245,8.79791819966975e-05,0.00033650523042201986,5.8566492381533225e-05,5.66178854910504e-08,3.430034056554274e-09,0.00022525926747468737,4.92521288878699e-05,0.0002842205437213868,4.55999529008416,1.5991390081536139,0.0
32,9032,9.84362248524969,0.00039996234730499375,8.770967153165725e-05,0.0003354599744088694,5.838457253959152e-05,5.626669974390097e-08,3.4087584638250224e-09,0.00022455238575170764,4.9097571740814504e-05,0.0002833220812351042,4.559995590001142,1.5991392760625815,0.0
32,9036,9.847981928334388,0.00039873723036091895,8.74410097301734e-05,0.0003344180797947125,5.820323772673927e-05,5.5917730890087114e-08,3.3876171752926655e-09,0.00022384781107724335,4.8943519021621744e-05,0.00028242658407766054,4.559995888683105,1.5991395430259943,0.0
32,9040,9.852341371419087,0.0003975159706824442,8.717319380706053e-05,0.0003333795352058003,5.80224859634513e-05,5.5570957613326755e-08,3.3666088995706948e-09,0.0002231455354866417,4.8789968988848934e-05,0.00028153404184783775,4.5599961861353275,1.5991398090473432,0.0
32,9044,9.856700814503785,0.0003962985556127636,8.690622098674665e-05,0.00033234432930924333,5.78423152773137e-05,5.5226372808192536e-08,3.3457332061969406e-09,0.00022244555104455817,4.8636919907461525e-05,0.00028064444418488064,4.559996482363068,1.599140074130107,0.0
32,9048,9.861060257588484,0.0003950849725395976,8.664008850342416e-05,0.0003313124508137077,5.766272370314511e-05,5.48839693692571e-08,3.3249896647092338e-09,0.00022174784984548246,4.8484370048948114e-05,0.00027975778076463957,4.559996777371556,1.5991403382777498,0.0
32,9052,9.865419700673183,0.00039387520889428427,8.63747936008506e-05,0.0003302838884685285,5.748370928284228e-05,5.454372598023838e-08,3.3043769837210653e-09,0.00022105242401308293,4.833231769117711e-05,0.00027887404130559737,4.559997071166003,1.5991406014937228,0.0
32,9056,9.869779143757881,0.0003926692521517783,8.611033353234839e-05,0.0003292586310637182,5.7305270065381585e-05,5.420562843028165e-08,3.2838943023080966e-09,0.0002203592657002186,4.818076111839935e-05,0.0002779932155622683,4.559997363751596,1.5991408637814641,0.0
32,9060,9.87413858684258,0.0003914670898309337,8.584670556086683e-05,0.00032823666743014704,5.712740410685047e-05,5.3869655403104844e-08,3.2635403290838186e-09,0.0002196683670890318,4.802969862126836e-05,0.000277115293329254,4.559997655133497,1.5991411251443983,0.0
32,9064,9.878498029927279,0.00039026870949363977,8.558390695879268e-05,0.0003272179864388692,5.695010947033007e-05,5.353581400413532e-08,3.2433154945104007e-09,0.00021897972039052266,4.787912849674734e-05,0.00027624026443976183,4.559997945316848,1.5991413855859369,0.0
32,9068,9.882857473011978,0.00038907409874537114,8.532193500807072e-05,0.00032620257700149074,5.677338422595933e-05,5.320406160080893e-08,3.2232172158148263e-09,0.00021829331784475046,4.772904904815314e-05,0.0002753681187658509,4.559998234306766,1.5991416451094775,0.0
32,9072,9.887216916096676,0.00038788324523452117,8.506078700005753e-05,0.0003251904280696076,5.6597226450837174e-05,5.2874412403980386e-08,3.2032463539214343e-09,0.00021760915172045611,4.7579458585073764e-05,0.00027449884621618645,4.559998522108348,1.5991419037184058,0.0
32,9076,9.891576359181375,0.0003866961366523742,8.480046023551557e-05,0.0003241815286347931,5.6421634229020316e-05,5.254684509736762e-08,3.183401617443716e-09,0.00021692721431505993,4.743035542336786e-05,0.00027363243673996353,4.559998808726666,1.599142161416093,0.0
32,9080,9.895935802266074,0.0003855127607331237,8.454095202461694e-05,0.0003231758677285539,5.62466056515156e-05,5.222132415383385e-08,3.1636808540708232e-09,0.00021624749795460307,4.728173788515191e-05,0.00027276888032234947,4.559999094166772,1.5991424182058984,0.0
32,9084,9.900295245350772,0.0003843331052532651,8.42822596868104e-05,0.0003221734344217959,5.6072138816187035e-05,5.1897870889661135e-08,3.1440853551892653e-09,0.00021556999499337871,4.713360429871962e-05,0.00027190816698796107,4.559999378433693,1.599142674091168,0.0
32,9088,9.904654688435471,0.0003831571580320812,8.402438055092776e-05,0.0003211742178252196,5.5898231827824636e-05,5.157644267228534e-08,3.124612538026025e-09,0.00021489469781419115,4.698595299859854e-05,0.000271050286797483,4.559999661532436,1.5991429290752348,0.0
32,9092,9.90901413152017,0.000381984906930563,8.376731195494721e-05,0.0003201782070884163,5.57248827979871e-05,5.1257046607133816e-08,3.105262833043271e-09,0.0002142215988277522,4.6838782325418085e-05,0.0002701952298505012,4.559999943467986,1.5991431831614193,0.0
32,9096,9.913373574604869,0.00038081633985243766,8.351105124621873e-05,0.0003191853914006768,5.555208984514253e-05,5.093965427249714e-08,3.0860345183923263e-09,0.00021355069047319637,4.669209062602221e-05,0.0002693429862830423,4.560000224245304,1.5991434363530284,0.0
32,9100,9.917733017689567,0.0003796514447431813,8.325559578124768e-05,0.0003181957599901664,5.5379851094524914e-05,5.062427277380266e-08,3.06692802453536e-09,0.00021288196521753139,4.6545876253349234e-05,0.00026849354626912305,4.56000050386933,1.599143688653357,0.0
32,9104,9.922092460774266,0.00037849020958994776,8.30009429256791e-05,0.000317209302123829,5.520816467811736e-05,5.031088079476831e-08,3.047942060085863e-09,0.0002122154155555554,4.640013756641376e-05,0.0002676469000193403,4.560000782344984,1.599143940065687,0.0
32,9108,9.926451903858965,0.0003773326224216165,8.274709005430825e-05,0.00031622600710737504,5.503702873465007e-05,4.99994428082573e-08,3.0290744727329886e-09,0.0002115510340098248,4.6254872930299633e-05,0.0002668030377813241,4.560001059677162,1.5991441905932875,0.0
32,9112,9.930811346943663,0.00037617867130866704,8.249403455105307e-05,0.00031524586428523753,5.486644140959263e-05,4.968998723597906e-08,3.010326984325414e-09,0.00021088881313065515,4.6110080716160126e-05,0.00026596194983977454,4.560001335870739,1.599144440239415,0.0
32,9116,9.935170790028362,0.000375028344362854,8.224177380888292e-05,0.00031426886304017923,5.469640085508566e-05,4.938247144536945e-08,2.991697012090122e-09,0.00021022874549579904,4.596575930114755e-05,0.0002651236265151032,4.56000161093057,1.5991446890073138,0.0
32,9120,9.93953023311306,0.0003738816297369967,8.199030522977241e-05,0.0003132949927931815,5.452690522992149e-05,4.907688122557374e-08,2.9731836951027746e-09,0.0002095708237104051,4.582190706840422e-05,0.0002642880581650038,4.560001884861487,1.5991449369002153,0.0
32,9124,9.94388967619776,0.00037273851562503633,8.173962622471398e-05,0.00031232424300344034,5.4357952699543436e-05,4.8773223682019307e-08,2.9547874638255405e-09,0.00020891504040698993,4.5678522407056394e-05,0.0002634552351834318,4.5600021576683005,1.5991451839213386,0.0
32,9128,9.948249119282458,0.0003715989902617723,8.14897342136601e-05,0.000311356603168106,5.4189541436000505e-05,4.847147039299671e-08,2.9365065964097412e-09,0.0002082613882452448,4.553560371217196e-05,0.0002626251480001158,4.5600024293558,1.5991454300738903,0.0
32,9132,9.952608562367157,0.00037046304192274855,8.124062662549824e-05,0.00031039206282212716,5.402166961792027e-05,4.817161425307859e-08,2.918340662393208e-09,0.0002076098599119017,4.5393149384731165e-05,0.00026179778708200507,4.560002699928756,1.599145675361065,0.0
32,9136,9.956968005451856,0.0003693306589238942,8.099230089797216e-05,0.0003094306115380545,5.385433543047469e-05,4.787364815683759e-08,2.900289231313771e-09,0.00020696044812065504,4.525115783160948e-05,0.000260973142929348,4.560002969391916,1.599145919786045,0.0
32,9140,9.961327448536554,0.0003682018296218086,8.074475447774441e-05,0.00030847223892615074,5.3687537065399236e-05,4.7577557893419e-08,2.8823514422470914e-09,0.00020631314561217153,4.51096274655798e-05,0.000260151206080536,4.560003237750006,1.5991461633519994,0.0
32,9144,9.965686891621253,0.0003670765424133162,8.049798482029867e-05,0.00030751693463405616,5.352127272093471e-05,4.72833292519681e-08,2.8645264342688296e-09,0.00020566794515388577,4.496855670526769e-05,0.00025933196710877605,4.560003505007733,1.599146406062086,0.0
32,9148,9.970046334705952,0.00036595478573524834,8.025198938989196e-05,0.0003065646883465612,5.3355540601787626e-05,4.699095512705753e-08,2.8468137769168165e-09,0.000205024839539827,4.482794397511356e-05,0.0002585154166226563,4.560003771169782,1.59914664791945,0.0
32,9152,9.97440577779065,0.0003648365480643635,8.000676565953705e-05,0.0003056154897854785,5.319033891910801e-05,4.6700421307832585e-08,2.8292126092667125e-09,0.00020438382159050379,4.468778770534742e-05,0.000257701545265475,4.560004036240818,1.5991468889272253,0.0
32,9156,9.97876522087535,0.0003637218179174096,7.976231111101625e-05,0.0003046693287097212,5.302566589050293e-05,4.641170647801118e-08,2.8117216399320096e-09,0.00020374488415296886,4.454808633200307e-05,0.00025689034371686504,4.5600043002254855,1.5991471290885326,0.0
32,9160,9.983124663960048,0.000362610583850766,7.95186232348028e-05,0.0003037261949150426,5.286151973999128e-05,4.612480353216597e-08,2.7943404384505385e-09,0.00020310802010066673,4.440883829688478e-05,0.00025608180269041985,4.560004563128408,1.5991473684064812,0.0
32,9164,9.987484107044747,0.00036150283446003724,7.927569952997186e-05,0.00030278607823354685,5.2697898697918554e-05,4.583970536486959e-08,2.777068574360129e-09,0.00020247322233303162,4.427004204747937e-05,0.00025527591293464114,4.56000482495419,1.5991476068841683,0.0
32,9168,9.991843550129445,0.00036039855838076665,7.90335375043569e-05,0.0003018489685343445,5.2534801001070975e-05,4.555640487069468e-08,2.759905617198611e-09,0.00020184048377595585,4.413169603705864e-05,0.0002544726652341411,4.560005085707412,1.5991478445246796,0.0
32,9172,9.996202993214144,0.00035929774428724616,7.879213467428881e-05,0.0003009148557225373,5.2372224892498795e-05,4.527488073335917e-08,2.7428502755794776e-09,0.00020120979738110203,4.3993798724528944e-05,0.0002536720504063462,4.56000534539264,1.599148081331088,0.0
32,9176,10.0,0.0003582003808931841,7.855148856474228e-05,0.00029998372973973845,5.2210168621606813e-05,4.4995118742008344e-08,2.7259016885783885e-09,0.00020058115612623178,4.3856348574503126e-05,0.00025287405930351836,4.560005604014417,1.5991483173064558,0.0
