width,step,time,D_euc,e_euc,D_H,e_H,U_gap,e_U,D_pred,e_pred,grad_norm,theta_norm,max_abs_theta,nan_or_inf
32,0,0.0,3.716565655207063,1.0,4.457118472394771,1.0,9.93295253848136,1.0,3.5046896033345543,1.0,5.737576870794305,0.0,0.0,0.0
32,4,0.004366664991886951,3.693299174225048,0.9937397901340939,4.424979738753623,0.9927893472340483,9.790222844190055,0.985630687981408,3.4785400191837685,0.9925386875556952,5.691016126041048,0.02497767124548211,0.008991566731718054,0.0
32,8,0.008733329983773902,3.6702224244886867,0.9875306304212742,4.393130694850055,0.985643689316085,9.649798651016873,0.971493482288623,3.45263005598493,0.9851457466304314,5.64490776513887,0.04975272878426771,0.017930390287077724,0.0
32,12,0.013099994975660854,3.6473335298965743,0.9813720160671744,4.361568312212779,0.978562346777681,9.511639071049323,0.9575842665310419,3.4269571938216794,0.9778204582115015,5.599246843355134,0.07432709958244287,0.02681678985514824,0.0
32,16,0.017466659967547805,3.6246306352450084,0.9752634479002813,4.330289597161211,0.9715446479560558,9.37570399764131,0.9438990029720562,3.4015189418083422,0.970562111569581,5.554028474289232,0.09870268984229633,0.03565108267505155,0.0
32,20,0.021833324959434755,3.6021119059774334,0.9692044323045188,4.299291590381378,0.9645899288989296,9.241954089562022,0.9304337309332413,3.3763128377353917,0.9633700041575671,5.509247829153881,0.12288138524768047,0.04443358404765255,0.0
32,24,0.02619998995132171,3.5797755279370147,0.9631944811526739,4.268571366507147,0.9576975332705664,9.11035075548235,0.917184565232527,3.3513364477193637,0.9562434415106884,5.4649001360653715,0.14686505120629506,0.05316460734718364,0.0
32,28,0.03056665494320866,3.55761970712231,0.9572331117406568,4.2381260337067,0.9508668122589956,8.98085613879124,0.9041476946555828,3.3265873658571548,0.9491817371478651,5.420980679342695,0.1706555330889336,0.06184446403280395,0.0
32,32,0.03493331993509561,3.5356426694459917,0.951319846722581,4.207952733274189,0.9440971244843964,8.853433102734868,0.8913193804597059,3.3020632138846584,0.942184212474307,5.377484798815414,0.194254656465731,0.07047346366009341,0.0
32,36,0.03929998492698256,3.513842660496591,0.9454542140466566,4.178048639226519,0.9373878359086314,8.728045215871298,0.8786959549094675,3.27776164083968,0.9352501966853319,5.3344078891401825,0.21766422733945154,0.07905191389248216,0.0
32,40,0.04366664991886951,3.4922179453032176,0.9396357468918853,4.14841095790518,0.9307383197459131,8.6046567378339,0.8662738198434459,3.2536803227290774,0.9283790266713912,5.291745399125806,0.2408860323758549,0.08758012051261542,0.0
32,44,0.048033314910756464,3.470766808103222,0.9338639836055455,4.1190369275830685,0.9241479563745915,8.483232605396495,0.8540494452713341,3.22981696220008,0.9215700469242853,5.249492831066727,0.26392183913117795,0.09605838743365437,0.0
32,48,0.05239997990264342,3.449487552112759,0.9281384676414591,4.08992381807624,0.9176161332500458,8.36373841883367,0.8420193680007652,3.206169288215722,0.9148226094445557,5.207645740084848,0.2867733962767694,0.10448701671051296,0.0
32,52,0.056766644894530364,3.42837849930022,0.9224587474990303,4.061068930360536,0.9111422448186707,8.246140428569845,0.8301801902932067,3.182735055734354,0.9081360736500388,5.166199733479567,0.3094424338209139,0.1128663085510314,0.0
32,56,0.06113330988641732,3.407437990162498,0.9168243766630453,4.032469596193004,0.9047256924329394,8.130405522110493,0.8185285785482616,3.1595120453931664,0.9015098062855647,5.125150470085944,0.3319306633278821,0.12119656132708632,0.0
32,60,0.06549997487830427,3.38666438350404,0.911234913544224,4.004123177738075,0.898365884267531,8.016501211249633,0.8070612620157821,3.1364980631956922,0.8949431813337922,5.0844936596408905,0.3542397781342418,0.12947807158563804,0.0
32,64,0.06986663987019122,3.3660560562186683,0.9056899214205146,3.9760270671984252,0.8920622352365116,7.904395619547266,0.7957750315351615,3.1136909402032162,0.888435579927158,5.044225062157272,0.3763714535624655,0.1377111340597152,0.0
32,68,0.07423330486207817,3.3456114030741175,0.9001889683791209,3.948178686450459,0.8858141669115511,7.794057470070854,0.7846667383012061,3.0910885322300654,0.8819863902609332,5.004340487305843,0.3983273471318702,0.14589604167933706,0.0
32,72,0.07859996985396513,3.3253288364992675,0.894731627259253,3.9205754866843754,0.8796211074411681,7.685456073395223,0.7737332926560269,3.068688719542716,0.8755950075073686,4.9648357938049035,0.420109098766922,0.15403308558237383,0.0
32,76,0.08296663484585207,3.3052067863740286,0.8893174755955936,3.8932149480487337,0.8734824914709847,7.578561315855062,0.7629716629063589,3.046489406562677,0.8692608337309187,4.925706888817593,0.44171833100294156,0.16212255512534524,0.0
32,80,0.08733329983773902,3.28524369982185,0.8839460955624683,3.8660945792994843,0.8673977600649833,7.473343648044441,0.7523788741657508,3.0244885215730983,0.8629832778045262,4.886949727356715,0.4631566491892411,0.1701647378941576,0.0
32,84,0.09169996482962597,3.2654380410048156,0.8786170739187135,3.8392119174533956,0.861366360627749,7.369774073558098,0.7419520072210932,3.002684016429063,0.8567617553269609,4.848560311697002,0.48442564168972985,0.17815991971477996,0.0
32,88,0.09606662982151293,3.245788290921298,0.8733300019532316,3.8125645274458284,0.8553877468276877,7.267824137969129,0.7316881974229488,2.981073866271507,0.8505956885411905,4.8105346907947455,0.5055268800810159,0.18610838466385932,0.0
32,92,0.10043329481339988,3.2262929472061326,0.8680844754312256,3.7861500017928007,0.8494613785212075,7.16746591803782,0.7215846335991501,2.959656069244735,0.8444845062537795,4.772868959714664,0.5264619193480415,0.19401041507927533,0.0
32,96,0.10479995980528684,3.206950523933287,0.862880094541103,3.759965960257285,0.8435867216778485,7.068672011146759,0.7116385569911806,2.9384286462174773,0.8384276437552971,4.735559259063958,0.5472322980772791,0.20186629157063463,0.0
32,100,0.10916662479717378,3.1877595514209864,0.8577164638420427,3.7340100495196964,0.8377632483063537,6.971415524957052,0.7018472602128134,2.9173896405074395,0.8324245427417237,4.698601774433436,0.5678395386475237,0.20967629302970556,0.0
32,104,0.11353328978906073,3.1687185760392698,0.8525931922122143,3.7082799428525055,0.831990436381665,6.875670067281106,0.6922080862305542,2.8965371176093186,0.8264746512368439,4.661992735845636,0.5882851474183085,0.21744069664079294,0.0
32,108,0.11789995478094768,3.1498261600199418,0.8475098927976435,3.682773339798932,0.8262677697728349,6.7814097361669,0.6827184273653747,2.8758691649262196,0.8205774235156117,4.625728417209848,0.6085706149159779,0.22515977789105368,0.0
32,112,0.12226661977283464,3.131080881268894,0.8424661829617135,3.6574879658556703,0.8205947381718427,6.688609110189532,0.673375724315315,2.8553838915044514,0.8147323200284791,4.589805135783962,0.6286974160174456,0.23283381058075328,0.0
32,116,0.12663328476472158,3.112481333180761,0.8374616842352954,3.632421572159583,0.814970837023301,6.597243238945154,0.6641774651984597,2.8350794277716407,0.8089388073266718,4.554219251643051,0.6486670101316695,0.24046306683346358,0.0
32,120,0.13099994975660853,3.0940261244558838,0.8324960222674997,3.6075719351783295,0.8093955674550452,6.507287633743168,0.6551211846158748,2.8149539252781386,0.803196357988404,4.518967167154592,0.6684808413788703,0.24804781710620197,0.0
32,124,0.13536661474849548,3.075713878919555,0.8275688267770412,3.5829368564048694,0.8038684362095919,6.418718258492206,0.6462044627340541,2.7950055564416614,0.7975044505460168,4.484045326460278,0.688140338767526,0.25558833019951266,0.0
32,128,0.13973327974038244,3.0575432353435064,0.8226797315042077,3.5585141620557947,0.7983889555764571,6.331511520775848,0.6374249243864673,2.7752325142951433,0.7918625694140315,4.449450214964291,0.7076469163691689,0.2630848732674898,0.0
32,132,0.1440999447322694,3.0395128472696222,0.8178283741634265,3.534301702773443,0.7929566433253218,6.24564426311364,0.6287802381937617,2.755633012237747,0.786270204818106,4.415178358828005,0.7270019734910128,0.2705377118277431,0.0
32,136,0.14846660972415635,3.0216213828358427,0.8130143963964219,3.5102973533317408,0.7875710226400351,6.161093754403915,0.6202681157022703,2.7362052837889985,0.7807268527248811,4.381226324470997,0.7462068948464412,0.2779471097713062,0.0
32,140,0.1528332747160433,3.0038675246042317,0.808237443725954,3.4864990123457376,0.7822316220534457,6.077837681543905,0.6118863105403642,2.716947582346003,0.7752320147727062,4.347590718078315,0.7652630507233811,0.285313329372488,0.0
32,144,0.15719993970793025,2.98624996939118,0.8034971655101316,3.462904601984774,0.7769379753830473,5.995854141223667,0.6036326175923084,2.6978581809437103,0.769785198203236,4.314268185113916,0.7841717971505905,0.29263663129866707,0.0
32,148,0.1615666046998172,2.968767428099721,0.7987932148972949,3.439512067689251,0.7716896216674338,5.915121631890003,0.5955048721892273,2.6789353720181803,0.764385915793882,4.281255409840191,0.8029344760618885,0.2999172746200301,0.0
32,152,0.16593326969170413,2.951418625553924,0.7941252487814561,3.416319377890937,0.7664861051035465,5.8356190458765695,0.5875009493168053,2.6601774671728218,0.7590336857911134,4.24854911484351,0.8215524154583503,0.3071555168192535,0.0
32,156,0.1702999346835911,2.9342023003353495,0.7894929277582948,3.393324523736786,0.7613269749847108,5.75732566169674,0.5796187628393694,2.6415827969475623,0.7537280318445934,4.216146060565717,0.840026929568498,0.3143516138011297,0.0
32,160,0.17466659967547804,2.9171172046215297,0.7848959160816996,3.3705255188162155,0.7562117856394474,5.6802211364956605,0.571856264740001,2.6231497105909063,0.7484684829421406,4.184043044841476,0.8583593190065094,0.32150581990213745,0.0
32,164,0.179033264667365,2.9001621040264562,0.7803338816208476,3.3479203988917914,0.7511400963710492,5.604285498657887,0.5642114443763084,2.6048765758348598,0.7432545733455074,4.152236902441433,0.8765508709284722,0.32861838789995734,0.0
32,168,0.18339992965925195,2.883335777443041,0.775806495817817,3.325507221633297,0.7461114713979167,5.529499140567616,0.5566823277515646,2.586761778672669,0.7380858425269621,4.120724504621078,0.8946028591867085,0.3356895690229317,0.0
32,172,0.1877665946511389,2.8666370168875384,0.7713134336457264,3.303284066355121,0.7411254797946386,5.455842811517819,0.5492669768008333,2.5688037231393483,0.732961835106666,4.089502758675284,0.9125165444821934,0.3427196129594699,0.0
32,176,0.19213325964302586,2.8500646273458896,0.7668543735673903,3.2812490337569424,0.7361816954338115,5.383297610765439,0.5419634886918011,2.5510008310949606,0.727882100790837,4.058568607498403,0.9302931745150942,0.3497087678673994,0.0
32,180,0.1964999246349128,2.833617426621971,0.7624289974944893,3.2594002456676527,0.7312796969285866,5.311844980729177,0.5347699951399647,2.533351542010609,0.7228461943106856,4.027919029149888,0.947933984133452,0.35665728038326244,0.0
32,184,0.20086658962679976,2.8172942451877265,0.7580369907472454,3.237735844792491,0.7264190675759363,5.241466700327081,0.5276846617378929,2.515854312757116,0.7178536753621187,3.9975510364253566,0.9654401954800321,0.36356539563155893,0.0
32,188,0.20523325461868672,2.8010939260351493,0.7536780420145949,3.2162539944633384,0.7215993953006309,5.172144878450702,0.5207056872982367,2.4985076173963447,0.7129041085461969,3.967461676433022,0.9828130181373643,0.3704333572339355,0.0
32,192,0.20959991961057367,2.785015324530101,0.7493518433148568,3.1949528783921384,0.7168202725999154,5.103861947573108,0.5138313032102169,2.481309946975142,0.7079970633103392,3.937648030175439,1.0000536492709988,0.37726140731832125,0.0
32,196,0.2139665846024606,2.7690573082679357,0.7450580899568857,3.173830700427405,0.7120812964888801,5.036600657487774,0.5070597728092856,2.4642598093218537,0.7031321138902633,3.908107212136487,1.0171632737709981,0.3840497865280105,0.0
32,200,0.21833324959434755,2.753218756930911,0.7407964805017064,3.152885684313771,0.7073820684465121,4.970344069175368,0.5003893907596664,2.4473557288453978,0.6983088392526542,3.878836369873532,1.0341430643916907,0.3907987340306928,0.0
32,204,0.2226999145862345,2.7374985621473606,0.7365667167246222,3.1321160734545486,0.702722194362424,4.905075548796184,0.4938184824495413,2.4305962463368487,0.6935268230385498,3.849832683614699,1.0509941818897053,0.3975084875274302,0.0
32,208,0.22706657957812146,2.72189562735261,0.7323685035777913,3.1115201306772566,0.6981012844842476,4.840778761804913,0.48734540339855636,2.4139799187735065,0.6887856535074357,3.821093365861189,1.0677177751603115,0.40417928326158215,0.0
32,212,0.2314332445700084,2.7064088676516045,0.7282015491532655,3.09109613800208,0.6935189533656845,4.777437667185687,0.48096853867743394,2.3975053191254214,0.6840849234820405,3.7926156609945862,1.0843149813720847,0.41081135602767876,0.0
32,216,0.23579990956189537,2.69103720968324,0.7240655646464862,3.0708423964132248,0.6889748198152086,4.715036511804463,0.474686302339399,2.3811710361643406,0.6794242302938222,3.7643968448890806,1.100786926099921,0.417404939180242,0.0
32,220,0.24016657455378232,2.675779591486363,0.7199602643202292,3.050757225633129,0.6844685068454067,4.653559824876382,0.46849713686318095,2.364975674275046,0.6748031757291367,3.7364342245285553,1.11713472345642,0.4239602646425558,0.0
32,224,0.24453323954566927,2.6606349623674266,0.715885365468996,3.030838963899494,0.6799996416229545,4.592992412545691,0.462399512607347,2.34891785326905,0.6702213659760796,3.7087251376284742,1.1333594762216574,0.43047756291538447,0.0
32,228,0.24889990453755623,2.6456022827697776,0.7118405883838427,3.0110859677451076,0.675567855419216,4.533319352575752,0.4563919272757189,2.3329962082006284,0.6656784115719941,3.681266952262505,1.1494622759713693,0.4369570630856405,0.0
32,232,0.25326656952944315,2.6306805241445543,0.7078256563176442,2.991496611780408,0.6711727835614616,4.474525989146848,0.4504729053936418,2.3172093891851526,0.6611739273516355,3.6540570664938286,1.1654442032035668,0.4433989928350016,0.0
32,236,0.25763323452133013,2.615868668823175,0.7038402954507837,2.9720692884787714,0.6668140653846933,4.416597927759362,0.4446409977948623,2.301556061219692,0.6567075323959831,3.6270929080110617,1.1813063274636024,0.4498035784484777,0.0
32,240,0.26199989951321706,2.601165709891397,0.6998842348572683,2.952802407964477,0.6624913441840737,4.3595210302404155,0.4388947811188212,2.2860349040058643,0.6522788499816945,3.6003719337687548,1.1970497074677082,0.45617104482292686,0.0
32,244,0.26636656450510404,2.5865706510649287,0.6959572064712581,2.9336943978033183,0.6582042671679468,4.303281409851294,0.433232857318094,2.2706446117748973,0.6478875075311894,3.5738916296323837,1.2126753912250237,0.46250161547552276,0.0
32,248,0.27073322949699097,2.5720825065665647,0.6920589450540098,2.9147437027958296,0.6539524854114463,4.247865426493981,0.4276538531758084,2.2553838931148835,0.64353313656336,3.5476495100278043,1.2281844161581343,0.4687955125521712,0.0
32,252,0.27509989448887795,2.5577003010048407,0.6881891881612252,2.8959487847730903,0.6497356538106833,4.193259682014379,0.4221564198327965,2.2402514708001853,0.6392153726448947,3.5216431175950906,1.2435778092221395,0.4750529568358779,0.0
32,256,0.2794665594807649,2.5434230692541737,0.684347676110802,2.8773081223950796,0.6455534310375033,4.139451015600358,0.41673923232429283,2.2252460816229824,0.6349338553422138,3.49587002284672,1.2588565870222692,0.4812741677550671,0.0
32,260,0.2838332244726518,2.529249856336479,0.6805341519509805,2.8588202109515413,0.6414054794948096,4.08642649927252,0.41140098912596734,2.2103664762269175,0.6306882281740025,3.4703278238300386,1.2740217559300675,0.48745936339185164,0.0
32,264,0.2881998894645388,2.515179717304237,0.6767483614288815,2.840483562165337,0.6372914652724432,4.034173433465746,0.40614041170909765,2.1956114189428204,0.6264781385643382,3.44501414579396,1.2890743121981596,0.49360876049025393,0.0
32,268,0.2925665544564257,2.5012117171250003,0.6729900529594302,2.8222967039982465,0.6332110581036118,3.98267934269969,0.4009562441046958,2.180979687626488,0.6223032377964041,3.419926640859843,1.3040152420736248,0.499722574464379,0.0
32,272,0.2969332194483127,2.4873449305673128,0.6692589775946617,2.8042581804591906,0.629163931321863,3.931931971336155,0.3958472524763825,2.166470073498488,0.6181631809667794,3.395062987696493,1.31884552190999,0.5058010194065392,0.0
32,276,0.3012998844401996,2.4735784420880305,0.6655548889934029,2.78636655141484,0.6251497618185926,3.881919279421723,0.3908122247018434,2.152081380985959,0.6140576269403004,3.370420891199236,1.333566118277859,0.5118443080953315,0.0
32,280,0.3056665494320866,2.4599113457210233,0.6618775433913257,2.7686203924025894,0.6211682300010827,3.8326294386137363,0.3858499699626778,2.137812427566393,0.6099862383054866,3.3459980821730197,1.348177988074205,0.5178526520036669,0.0
32,284,0.3100332144239735,2.4463427449672417,0.6582266995713674,2.751018294445852,0.6172190197510621,3.784050828187901,0.3809593183424635,2.1236620436133586,0.6059486813305206,3.3217923170194825,1.36268207863033,0.5238262613067524,0.0
32,288,0.3143998794158605,2.4328717526861228,0.6546021188345128,2.7335588638716617,0.613301818383783,3.736172031125669,0.37613912043285463,2.1096290722441577,0.6019446259197793,3.297801377427948,1.3770793278185178,0.5297653448900264,0.0
32,292,0.31876654440774743,2.419497490988336,0.6510035649709348,2.716240722130538,0.6094163166076054,3.6889818302801203,0.3713882469475814,2.0957123691693735,0.5979737455709052,3.2740230700702897,1.3913706641573955,0.5356701103570473,0.0
32,296,0.3231332093996344,2.4062190911298313,0.6474308042314868,2.6990625056185977,0.605562208484087,3.642469204618088,0.36670558834412614,2.0819108025443014,0.5940357173324157,3.250455226299619,1.4055570069160168,0.541540764037335,0.0
32,300,0.32749987439152134,2.3930356934071866,0.6438836052995442,2.682022865501874,0.6017391913885669,3.5966233255374505,0.3620900544529668,2.0682232528222286,0.590130221761838,3.2270957018527575,1.419639266216686,0.5473775109941663,0.0
32,304,0.33186653938340827,2.379946447054236,0.6403617392631911,2.665120467542824,0.5979469659712406,3.5514335532578443,0.357540574114212,2.0546486126095442,0.586256942884368,3.2039423765564226,1.4336183431365401,0.5531805550323252,0.0
32,308,0.33623320437529525,2.3669505101399553,0.6368649795877437,2.6483539919289916,0.5941852361187191,3.5068894332831206,0.3530560948214584,2.041185786522653,0.5824155681520431,3.180993154037113,1.447495129807901,0.5589500987058055,0.0
32,312,0.3405998693671822,2.354047049467597,0.6333931020886122,2.6317221331037954,0.5904537089160644,3.4629806929342095,0.34863558237273745,2.027833691046668,0.5786057884034226,3.158245961434613,1.461270509517417,0.5646863433254697,0.0
32,316,0.34496653435906915,2.3412352404750587,0.6299458849044927,2.6152235995994255,0.5867520946092978,3.419697237950892,0.34427802052839834,2.0145912543958757,0.5748272978237738,3.135698749119098,1.4749453568040067,0.5703894889666618,0.0
32,320,0.3493331993509561,2.328514267136459,0.6265231084708845,2.5988571138718086,0.5830801065683734,3.3770291491610607,0.339982410675786,2.0014574163759185,0.571079793905749,3.113349490411779,1.4885205375556245,0.5760597344767745,0.0
32,324,0.35369986434284306,2.3158833218649177,0.6231245554939326,2.5826214121376254,0.5794374612506106,3.3349666792158743,0.3357477715005527,1.9884311282477114,0.5673629774105555,3.0911961813090465,1.501996909104856,0.5816972774827731,0.0
32,328,0.35806652933473,2.3033416054165206,0.6197500109245866,2.56651524421335,0.575823878164581,3.2935002493897727,0.33157313866449956,1.975511352593037,0.5636765523296063,3.0692368402100723,1.5153753203233646,0.5873023143986731,0.0
32,332,0.36243319432661697,2.2908883267954514,0.6163992619330757,2.5505373733562826,0.5722390798344432,3.2526204464435864,0.3274575644897702,1.9626970631818226,0.5600202258466498,3.047469507647821,1.528656611715202,0.5928750404329747,0.0
32,336,0.3667998593185039,2.2785227031602764,0.6130720978836931,2.53468657610756,0.5686827917647195,3.21231801954994,0.32340011764931564,1.9499872448410602,0.5563937083003685,3.0258922460234334,1.5418416155089953,0.5984156495960524,0.0
32,340,0.3711665243103909,2.266243959731371,0.6097683103098875,2.518961642137104,0.5651547424055093,3.1725838772790382,0.3193998828634383,1.93738089332536,0.5527967131474437,3.0045031393439308,1.5549311557490262,0.6039243347075016,0.0
32,344,0.3755331893022778,2.2540513296994713,0.6064876928896579,2.5033613740904954,0.5616546631181336,3.1334090846441356,0.3154559606023447,1.9248770151891093,0.5492289569260785,2.983300292963212,1.5679260483852193,0.6094012874034405,0.0
32,348,0.37989985429416473,2.2419440541353337,0.6032300414212451,2.4878845874377475,0.5581822881412055,3.0947848602051593,0.31156746679455277,1.912474627660223,0.5456901592199747,2.9622818333262857,1.5808271013620463,0.6148466981437692,0.0
32,352,0.3842665192860517,2.2299213819004935,0.5999951537991213,2.4725301103239423,0.5547373545571189,3.0567025732292663,0.30773353254103064,1.900172758515456,0.5421800426227553,2.9414459077167074,1.5936351147063694,0.6202607562193867,0.0
32,356,0.38863318427793864,2.217982569559104,0.5967828299902675,2.4572967834217256,0.5513196022589549,3.0191537409073845,0.3039533038349724,1.8879704459572697,0.5386983327028307,2.9207906840071796,1.6063508806142281,0.6256436497593626,0.0
32,360,0.3929998492698256,2.2061268812908463,0.5935928720107422,2.442183459785621,0.5479287739177948,2.9821300256252457,0.30022594128705876,1.8758667384922203,0.5352447579686993,2.9003143504132725,1.61897518353659,0.6309955657380681,0.0
32,364,0.39736651426171254,2.194353588804892,0.5904250839025301,2.4271890047081466,0.5445646149504388,2.945623232288071,0.2965506198561203,1.8638606948108596,0.5318190498346786,2.880015115250225,1.6315088002640743,0.6363166899822642,0.0
32,368,0.4017331792535995,2.18266197125491,0.5872792717106745,2.4123122955777094,0.5412268734875237,2.909625305697709,0.2929265285850806,1.851951383669122,0.5284209425870621,2.8598912066927924,1.6439525000106632,0.6416072071781467,0.0
32,372,0.40609984424548645,2.171051315155099,0.5841552434606843,2.39755222173826,0.5379153003420337,2.8741283279810474,0.28935287034206153,1.8401378837711844,0.5250501733506945,2.8399408725380964,1.656307044496414,0.6468673008783504,0.0
32,376,0.41046650923737343,2.159520914297239,0.5810528091362144,2.3829076843506725,0.5346296489782012,2.8391245160687504,0.28582886156655507,1.8284192836537732,0.5217064820559614,2.820162379971443,1.668573188029184,0.6520971535089111,0.0
32,380,0.41483317422926036,2.1480700696687416,0.5779717806570176,2.368377596255843,0.5313696754807898,2.8046062192233023,0.2823537320205595,1.8167946815719083,0.5183896114061884,2.8005540153350665,1.6807516775853795,0.657296946376186,0.0
32,384,0.41919983922114734,2.136698089371692,0.5749119718571604,2.3539608818394733,0.5281351385247587,2.770565916615247,0.27892672454456696,1.8052631853860583,0.5150993068454427,2.781114083899771,1.6928432528897455,0.6624668596737328,0.0
32,388,0.42356650421303427,2.125404288542868,0.571873198463503,2.339656476898524,0.5249257993452993,2.7369962149466076,0.2755470948183011,1.7938239124506936,0.5118353165267335,2.761840909639424,1.7048486464942032,0.6676070724891477,0.0
32,392,0.4279331692049212,2.114187989274725,0.5688552780744395,2.325463328509314,0.5217414217082417,2.7038898461208163,0.2722141111261377,1.7824759895042168,0.5085973912806062,2.7427328350082685,1.7167685838557503,0.6727177628108632,0.0
32,396,0.4322998341968082,2.1030485205373304,0.5658580301388924,2.311380394897244,0.5185817718808268,2.6712396649576817,0.2689270541270587,1.7712185525602546,0.5053852845841241,2.72378822072102,1.7286037834134365,0.6777991075349039,0.0
32,400,0.4366664991886951,2.0919852181012413,0.5628812759355625,2.297406645308125,0.5154466186028366,2.639038646952976,0.2656852166290987,1.760050746800293,0.5021987525302338,2.7050054455357135,1.7403549566644216,0.6828512824716036,0.0
32,404,0.4410331641805821,2.0809974244613096,0.5599248385524269,2.283541059881094,0.5123357330580821,2.607279886081443,0.26248790336816286,1.7489717264676394,0.49903755379750936,2.6863829060392614,1.7520228082391367,0.687874462352281,0.0
32,408,0.445399829172469,2.070084488761404,0.5569885428664847,2.269782629523087,0.5092488888462399,2.5759565926423775,0.25933443079113044,1.737980654762691,0.495901449620269,2.667919016435691,1.7636080359755482,0.6928688208358756,0.0
32,412,0.449766494164356,2.0592457667200383,0.5540722155237455,2.2561303557848635,0.5061858619550367,2.545062091146974,0.25622412684316387,1.7270767037395007,0.49279020375906185,2.6496122083370266,1.7751113309925446,0.6978345305155448,0.0
32,416,0.4541331591562429,2.048480620556891,0.551175684919459,2.242583250738548,0.5031464307327751,2.5145898182465487,0.2531563307591322,1.7162590542036131,0.4897035824715176,2.6314609305567878,1.7865333777624564,0.7027717629252199,0.0
32,420,0.4584998241481299,2.037788418920209,0.5482987811785816,2.229140336856681,0.500130375861197,2.4845333207007627,0.2501303928590623,1.705526895611166,0.48664135448355655,2.613463648906058,1.7978748541827148,0.7076806885461249,0.0
32,424,0.4628664891400168,2.0271685368150836,0.5454413361364776,2.2158006468927547,0.4971374803286807,2.4548862533851903,0.2471456743475506,1.6948794259692306,0.4836032909609539,2.595618845992107,1.8091364316466656,0.7125614768132539,0.0
32,428,0.46723315413190375,2.0166203555325817,0.5426031833198515,2.202563223763213,0.4941675294037663,2.4256423773371054,0.24420154711702266,1.6843158517373813,0.48058916548125424,2.577925021019519,1.8203187751135461,0.7174142961218116,0.0
32,432,0.47159981912379073,2.0061432625797337,0.5397841579279095,2.189427120430899,0.4912203106090063,2.3967955578391837,0.2412973935548098,1.6738353877304795,0.4775987540060325,2.5603806895938104,1.8314225431776383,0.7222393138336144,0.0
32,436,0.47596648411567766,1.9957366516103545,0.5369840968137465,2.1763913997899356,0.48829561369513685,2.3683397625398044,0.23843260635391075,1.6634372570226483,0.47463183485349536,2.5429843835274912,1.8424483881366025,0.7270366962834525,0.0
32,440,0.48033314910756464,1.9853999223566927,0.5342028384659544,2.1634551345520117,0.48539323061556544,2.340269059609753,0.23560658832741735,1.6531206908524352,0.47168818867142054,2.525734650648547,1.8533969560590118,0.7318066087854146,0.0
32,444,0.48469981409945156,1.9751324805619006,0.531440222990453,2.1506174071340665,0.48251295550117124,2.312577615934032,0.23281875222647544,1.642884928529135,0.4687675984104281,2.5086300546113094,1.864268886851087,0.736549215639175,0.0
32,448,0.48906647909133855,1.964933737913308,0.5286960920925355,2.1378773095473433,0.47965458463541366,2.285259695338709,0.23006852056177252,1.632729217340267,0.4658698492975808,2.4916691747096866,1.8750648143226496,0.7412646801362412,0.0
32,452,0.4934331440832255,1.954803111976496,0.5259702890591306,2.1252339432878062,0.47681791642974586,2.258309656851324,0.2273553254284043,1.6226528124601864,0.4629947288103076,2.4748506056927178,1.885785366252298,0.7459531645661659,0.0
32,456,0.49779980907511245,1.9447400261301528,0.523262658741274,2.112686419227892,0.4740027513993282,2.231721952994995,0.22467860833413397,1.6126549768598213,0.46014202665064907,2.4581729575824243,1.8964311644518212,0.7506148302227207,0.0
32,460,0.5021664740669994,1.9347439095017132,0.5205730475367916,2.1002338575095894,0.47120889213903977,2.205491128114815,0.22203782003090197,1.6027349812175111,0.45731153471981684,2.441634855493938,1.9070028248298545,0.755249837410032,0.0
32,464,0.5065331390588863,1.9248141969037604,0.517901303373187,2.08787538743882,0.4684361432997815,2.1796118167364114,0.21943242034957416,1.5928921038309438,0.45450304709306605,2.4252349394578614,1.9175009574547899,0.7598583454486816,0.0
32,468,0.5108998040507733,1.9149503287711855,0.5152472756907336,2.0756101473811133,0.46568431156506956,2.154078741955729,0.21686187803783308,1.5831256305301709,0.451716359994876,2.408971864244842,1.9279261666169518,0.764440512681769,0.0
32,472,0.5152664690426603,1.9051517510990976,0.5126108154257684,2.063437284658551,0.46295320562791414,2.1288867138595435,0.2143256706011632,1.573434854591685,0.44895127177443406,2.392844299192333,1.9382790508900423,0.7689964964809385,0.0
32,476,0.5196331340345471,1.895417915381471,0.5099917749941836,2.051355955447968,0.46024263616797967,2.1040306279759378,0.2118232841468526,1.5638190766535531,0.4462075828814197,2.376850928033502,1.9485602031918712,0.7735264532523685,0.0
32,480,0.5239997990264341,1.88574827855052,0.507390008275115,2.0393653246803973,0.45755241582902423,2.0795054637544084,0.20935421323097778,1.5542776046315865,0.4434850958420858,2.360990448728279,1.9587702108443747,0.778030538442726,0.0
32,484,0.5283664640183211,1.8761423029167967,0.5048053705948241,2.0274645659417367,0.4548823591966129,2.055306283074664,0.20691796070827678,1.5448097536365353,0.44078361523563125,2.345261573296495,1.9689096556329362,0.7825089065450849,0.0
32,488,0.5327331290102081,1.866599456109999,0.5022377187107715,2.015652861374626,0.45223228277610344,2.0314282287838665,0.2045140375848861,1.535414845892296,0.43810294767086305,2.3296630276531007,1.978979113865012,0.7869617111048077,0.0
32,492,0.537099794002095,1.8571192110204784,0.4996869107958788,2.0039294015815146,0.4496020049708979,2.007866523261434,0.2021419628738521,1.5260922106551185,0.43544290176314343,2.3141935514454306,1.988979156428078,0.791389104725393,0.0
32,496,0.5414664589939819,1.8477010457414433,0.49715280642297743,1.9922933855289136,0.44699134606096114,1.9846164670111293,0.1998012634533896,1.5168411841337959,0.4328032881116176,2.298851897892492,1.998910348846901,0.7957912390742867,0.0
32,500,0.5458331239858689,1.8383444435118468,0.4946352665494419,1.9807440204528064,0.44440012818159846,1.961673437279778,0.19749147392782132,1.5076611094108343,0.4301839192767207,2.283636833626246,2.008773251340142,0.8001682648886587,0.0
32,504,0.5501997889777559,1.8290488926599495,0.4921341535020042,1.969280521765209,0.4418281753024913,1.9390328867019448,0.19521213649113056,1.498551336364577,0.4275846097579577,2.2685471385348612,2.018568418876305,0.804520331981144,0.0
32,508,0.5545664539696428,1.8198138865475504,0.4896493309617484,1.9579021129618646,0.4392753132069879,1.9166903419702805,0.1929628007930985,1.4895112215922814,0.4250051759719544,2.253581605607913,2.0282964012290345,0.8088475892455503,0.0
32,512,0.5589331189615298,1.8106389235148752,0.487180663949282,1.946608025531059,0.4367413694716451,1.8946414025309721,0.19074302380796862,1.4805401283341335,0.4224454362307767,2.2387390407835026,2.037957743031775,0.8131501846625296,0.0
32,516,0.5632997839534167,1.8015235068261195,0.4847280188100835,1.935397498863537,0.43422617344601677,1.8728817393036294,0.18855236970557124,1.471637426398183,0.41990521072051185,2.2240182627972724,2.0475529838317903,0.8174282653052166,0.0
32,520,0.5676664489453036,1.7924671446156286,0.48229126320002114,1.924269780163515,0.43172955623268894,1.851407093425287,0.18639040972487594,1.4628024920861964,0.4173843214801122,2.2094181030332942,2.057082658143568,0.8216819773448325,0.0
32,524,0.5720331139371906,1.783469349834718,0.4798702660710442,1.9132241243607664,0.4292513506675554,1.830213275018032,0.1842567220499225,1.4540347081204066,0.4148825923804944,2.194937405376805,2.0665472955015964,0.8259114660562547,0.0
32,528,0.5763997789290776,1.7745296401991166,0.47746489765704175,1.9022597940237733,0.4267913913003317,1.8092961619796881,0.18215089168807302,1.4453334635711577,0.4123998491038944,2.180575026068765,2.0759474205125383,0.8301168758235535,0.0
32,532,0.5807664439209645,1.7656475381370296,0.4750750294598681,1.8913760592739262,0.4243495143753059,1.7886516987972954,0.18007251035055896,1.436698153785421,0.4099359191234703,2.1663298335622225,2.0852835529068,0.8342983501454947,0.0
32,536,0.5851331089128514,1.7568225707378138,0.4727005342355334,1.880572197700762,0.4219255578123206,1.768275895382537,0.1780211763352377,1.4281281803161872,0.4074906316831561,2.1522007083804486,2.094556207589506,0.8384560316410081,0.0
32,540,0.5894997739047384,1.748054269701254,0.470341285980555,1.8698474942782215,0.41951936118798494,1.7481648259292726,0.17599649441157483,1.4196229508527047,0.40506381777775624,2.138186542976836,2.103765894690887,0.8425900620546249,0.0
32,544,0.5938664388966254,1.739342171287438,0.4679971599184713,1.8592012412819239,0.41713076571711394,1.7283146277921375,0.17399807570774703,1.4111818791515722,0.4026553101332843,2.1242862415965256,2.1129131196160857,0.8467005822618803,0.0
32,548,0.5982331038885124,1.7306858162672172,0.46566803248651195,1.8486327382074306,0.4147596142343904,1.7087215003861616,0.17202553759986117,1.40280438496866,0.40026494318753786,2.1104987201397445,2.1219983830943954,0.8507877322746834,0.0
32,552,0.6025997688803992,1.7220847498732517,0.46335378132242583,1.8381412916894992,0.4124057511762486,1.689381704106971,0.17007850360324575,1.394489893991856,0.39789255307090865,2.096822906026836,2.1310221812279257,0.854851651246656,0.0
32,556,0.6069664338722862,1.7135385217516248,0.46105428525146225,1.827726215422309,0.41006902256297617,1.6702915592709857,0.16815660326575518,1.3862378377746267,0.3955379775874257,2.0832577380649533,2.1399850055397143,0.8588924774784371,0.0
32,560,0.6113330988641732,1.7050466859140296,0.4587694242735059,1.8173868300806433,0.4077492759810302,1.6514474450752914,0.16625947206305486,1.3780476536703803,0.39320105619602663,2.0698021663164012,2.1488873430212863,0.8629103484229569,0.0
32,564,0.6156997638560601,1.6966088006905098,0.45649907955036134,1.807122463242022,0.4054463605655676,1.632845798576966,0.164386751295865,1.3699187847676197,0.39088162999205517,2.056455151968606,2.157729676179668,0.8669054006906772,0.0
32,568,0.620066428847947,1.688224428682758,0.4542431333931866,1.7969324493097696,0.4031601269831837,1.6144831136912217,0.1625380879890984,1.3618506798258827,0.3885795416889824,2.0432156672056823,2.1665124830838636,0.8708777700548012,0.0
32,572,0.624433093839834,1.6798931367179553,0.4520014692500737,1.7868161294370044,0.4008904274148593,1.5963559402081344,0.16071313479286994,1.3538427932124502,0.3862946356003481,2.0300826950815924,2.175236237410799,0.8748275914564506,0.0
32,576,0.628799758831721,1.6716144958031547,0.44977397169377414,1.776772851451543,0.39863711553911163,1.5784608828276347,0.15891154988534398,1.3458945848398207,0.3840267576219197,2.017055229394863,2.1839014084907404,0.8787549990098125,0.0
32,580,0.6331664238236079,1.6633880810801924,0.44756052640956756,1.7668019697817026,0.3964000465153477,1.5607946002122688,0.1571329968773713,1.338005520103935,0.38177575521406604,2.0041322745648484,2.192508461352199,0.8826601260072531,0.0
32,584,0.6375330888154949,1.6552134717811275,0.4453610201832718,1.756902845382992,0.39417907696741644,1.543353804057439,0.15537714471888547,1.3301750698231456,0.3795414773843435,1.991312845509518,2.2010578567663157,0.8865431049244022,0.0
32,588,0.6418997538073818,1.647090251184201,0.44317534088939314,1.7470748456656833,0.39197406496735887,1.526135258178897,0.15364366760703627,1.3224027101779194,0.37732377467029116,1.9785959675247455,2.2095500512907496,0.8904040674252061,0.0
32,592,0.6462664187992688,1.6390180065703042,0.4410033774794135,1.737317344423245,0.38978487001935125,1.509135777616919,0.15193224489600243,1.3146879226512653,0.3751224991224327,1.9659806761650869,2.217985497313058,0.8942431443669485,0.0
32,596,0.6506330837911557,1.6309963291799583,0.43884501997021486,1.7276297217616352,0.3876113530438411,1.4923522277571095,0.15024256100847874,1.3070301939698767,0.3729375042874828,1.9534660171260239,2.22636464309359,0.898060465805243,0.0
32,600,0.6549997487830427,1.6230248141707908,0.4367001594326379,1.718011364029437,0.38545337636187277,1.4757815234671483,0.14857430534876787,1.2994290160459805,0.37076864519175456,1.9410510461276522,2.2346879328078897,0.9018561609989931,0.0
32,604,0.6593664137749297,1.615103060575507,0.43456868798017345,1.7084616637488281,0.38331080367959947,1.4594206282497169,0.14692717221750123,1.2918838859198825,0.3686157783247661,1.9287348287998018,2.242955806588619,0.9056303584153238,0.0
32,608,0.6637330787668165,1.6072306712603481,0.43245049875778496,1.6989800195473739,0.3811835000729803,1.4432665534106093,0.14530086072788878,1.2843943057032021,0.36647876162304327,1.9165164405685677,2.2511687005670025,0.9093831857344814,0.0
32,612,0.6680997437587035,1.5994072528840337,0.43034548593086136,1.689565836090632,0.3790713319726597,1.4273163572423258,0.14369507472352697,1.2769597825227863,0.3643574544541167,1.9043949665442303,2.2593270469138096,0.9131147698547046,0.0
32,616,0.6724664087505905,1.5916324158571769,0.42825354467429727,1.6802185240155643,0.3769741671490275,1.4115671442225306,0.14210952269770372,1.269579828465294,0.3622517176007102,1.8923695014105575,2.267431273879865,0.916825236897066,0.0
32,620,0.6768330737424775,1.583905774302171,0.42617457116169954,1.6709374998647342,0.3748918746974554,1.396016064227119,0.1405439177141739,1.2622539605224434,0.3601614132451175,1.8804391493154538,2.2754818058361064,0.9205147122102822,0.0
32,624,0.6811997387343643,1.5762269460135414,0.42410846255471957,1.6617221860212916,0.3728243250237104,1.3806603117577012,0.1389979773293862,1.2549817005369128,0.3580864049537666,1.8686030237629603,2.2834790633131887,0.9241833203754978,0.0
32,628,0.6855664037262513,1.5685955524187536,0.42205511699250786,1.652572010644729,0.37077138982954083,1.3654971251831896,0.13747142351613,1.2477625751488872,0.3560265576619674,1.8568602475065719,2.291423463040639,0.9278311852110362,0.0
32,632,0.6899330687181383,1.5610112185394744,0.4200144335812911,1.6434864076073983,0.36873294209843327,1.3505237859951364,0.13596398258856646,1.2405961157432424,0.3539817376588418,1.8452099524438574,2.2993154179855755,0.9314584297771252,0.0
32,636,0.6942997337100253,1.5534735729532827,0.4179863123840693,1.634464816431784,0.36670885608153925,1.335737618076699,0.13447538512863155,1.2334818583973586,0.3519518125724333,1.8336512795123774,2.307155337390984,0.9350651763805912,0.0
32,640,0.6986663987019122,1.5459822477558187,0.4159706544104322,1.6255066822285191,0.36469900728376836,1.3211359869847996,0.13300536591376758,1.2264193438295556,0.34993665135499386,1.822183378586867,2.3149436268135677,0.9386515465795252,0.0
32,644,0.7030330636937991,1.5385368785233715,0.4139673616064921,1.6166114556351314,0.3627032724500456,1.3067162992453802,0.13155366384597292,1.2194081173481406,0.34793612426844556,1.8108054083776797,2.322680688161173,0.942217661187921,0.0
32,648,0.7073997286856861,1.5311371042758957,0.4119763368449334,1.6077785927555213,0.3607215295517321,1.2924760016614698,0.13012002188214175,1.2124477288010618,0.3459501028700152,1.799516536330469,2.330366919729789,0.9457636402802848,0.0
32,652,0.711766393677573,1.5237825674404566,0.4099974839151769,1.5990075551001495,0.3587536577732063,1.2784125806336917,0.12870418696565594,1.2055377325261616,0.34397845999804,1.7883159385270977,2.33800271624014,0.9492896031962156,0.0
32,656,0.71613305866946,1.5164729138150923,0.408030707513656,1.5902978095269347,0.3567995374986031,1.2645235614930854,0.12730590995921715,1.1986776873020184,0.34202106975794105,1.7772027995877528,2.3455884688738613,0.952795668544959,0.0
32,660,0.720499723661347,1.5092077925330933,0.406075913234206,1.5816488281828482,0.3548590502987106,1.2508065078461001,0.12592494557890385,1.1918671562993717,0.3400778075083636,1.7661763125742544,2.3531245653092734,0.9562819542099323,0.0
32,664,0.7248663886532339,1.501986856027691,0.40413300755856285,1.5730600884461978,0.3529320789180204,1.237259020931198,0.12456105232939747,1.1851057070331241,0.33814854984748133,1.7552356788945465,2.360611389756755,0.9597485773532219,0.0
32,668,0.7292330536451208,1.4948097599971515,0.40220189784697086,1.564531072869592,0.3510185072619313,1.2238787389872456,0.12321399244039512,1.17839291131491,0.33623317459946306,1.744380108208345,2.368049322993722,0.9631956544200535,0.0
32,672,0.7335997186370078,1.487676163370271,0.4002824923288991,1.5560612691235747,0.3491182203841031,1.210663336633246,0.12188353180416417,1.1717283452062262,0.33433156080109905,1.7336088183339402,2.3754387423992145,0.9666233011432345,0.0
32,676,0.7379663836288948,1.4805857282722632,0.3983747000938625,1.5476501699409262,0.3472311044739601,1.1976105242590975,0.12056943991420693,1.165111588972116,0.3324435886885859,1.7229210351561277,2.3827800219880984,0.9700316325475692,0.0
32,680,0.7423330486207818,1.473538119991041,0.3964784310823496,1.539297273061617,0.34535704684434065,1.1847180474274737,0.11927148980504483,1.1585422270354018,0.33056913968446766,1.712315992535263,2.3900735324448874,0.973420762954248,0.0
32,684,0.7466997136126686,1.46653300694388,0.3945935960768529,1.531002081178408,0.3434959359192923,1.1719836862863104,0.11798945799307062,1.1520198479314558,0.32870809638473003,1.7017929322174155,2.3973196411571873,0.976790805985208,0.0
32,688,0.7510663786045556,1.4595700606444655,0.3927201066930022,1.5227641018830917,0.34164766122201007,1.159405254991924,0.1167231244184707,1.1455440442635054,0.32686034254604796,1.6913511037456181,2.4045187122487692,0.9801418745674677,0.0
32,692,0.7554330435964426,1.4526489556703153,0.3908578753707993,1.514582847613362,0.3398121133629167,1.1469806011423103,0.11547227238817262,1.1391144126584638,0.3250257630731828,1.680989764372194,2.4116711066122734,0.9834740809374357,0.0
32,696,0.7597997085883295,1.4457693696305727,0.3890068153659521,1.506457835600307,0.3379891840278817,1.1347076052207896,0.11423668851983401,1.132730553723283,0.323204244006528,1.6707081789721407,2.418777181941555,0.9867875366451915,0.0
32,700,0.7641663735802164,1.4389309831341692,0.38716684074130836,1.498388587816518,0.33617876596657903,1.122584180049401,0.11301616268681294,1.1263920720018168,0.321395672509801,1.6605056199575703,2.4258372927636653,0.9900823525587412,0.0
32,704,0.7685330385721034,1.4321334797583465,0.385337866358386,1.4903746309248043,0.33438075298098124,1.1106082702521292,0.11181048796412844,1.120098575932194,0.3195999368578806,1.65038136719318,2.4328517904704836,0.993358638868247,0.0
32,708,0.7728997035639904,1.425376546017541,0.3835198078690011,1.4824154962275087,0.33259503991398726,1.098777851727732,0.11061946057538731,1.1138496778046896,0.31781692642478576,1.6403347079127517,2.439821023349996,0.99661650509023,0.0
32,712,0.7772663685558773,1.418659871332617,0.3817125817069895,1.4745107196164144,0.33082152263818393,1.0870909311318684,0.10944287984064734,1.1076449937200916,0.3160465316717969,1.6303649366366564,2.4467453366172305,0.9998560600717478,0.0
32,716,0.7816330335477643,1.4119831480004543,0.3799161050800239,1.466659841523237,0.3290600980447382,1.0755455453684917,0.10828054812521343,1.1014841435485554,0.31428864413571544,1.6204713550903553,2.453625072444851,1.003077411994546,0.0
32,720,0.7859996985396512,1.4053460711638792,0.37813029596152326,1.4588624068706946,0.32731066403241926,1.0641397610902956,0.10713227078934488,1.0953667508889398,0.31254315641726094,1.610653272123891,2.460460569993411,1.006280668379185,0.0
32,724,0.7903663635315382,1.3987483387819346,0.37635507308265365,1.4511179650241455,0.325573119496748,1.0528716742079212,0.10599785613884488,1.0892924430286193,0.31080996216960455,1.6009100036323443,2.467252165441276,1.0094659360891403,0.0
32,728,0.7947330285234251,1.3921896516004915,0.3745903559244207,1.4434260697437922,0.3238473643192733,1.0417394094080237,0.10487711537654185,1.0832608509037658,0.309088956087036,1.5912408724772507,2.474000192014217,1.0126333213348784,0.0
32,732,0.7990996935153121,1.3856697131231892,0.3728360647098507,1.4357862791374405,0.3221332993569734,1.030741119679682,0.1037698625546107,1.077271609060095,0.3073800338937632,1.5816452084089694,2.4807049800146785,1.0157829296779068,0.0
32,736,0.803466358507199,1.3791882295827071,0.37109212039626077,1.4281981556138057,0.3204308264317792,1.0198749858493485,0.10267591452775393,1.0713243556140688,0.30568309233284224,1.57212234798998,2.4873668568507235,1.018914866034801,0.0
32,740,0.8078330234990859,1.3727449099123608,0.3693584446676162,1.420661265836365,0.3187398483202212,1.0091392161238986,0.10159509090719818,1.0654187322145536,0.30399802915523694,1.5626716345191083,2.4939861470646614,1.0220292346812037,0.0
32,744,0.8121996884909729,1.3663394657180172,0.3676349599269742,1.41317518067774,0.31706026874319393,0.9985320456417881,0.10052721401550689,1.059554384004922,0.30232474310900564,1.5532924179566578,2.500563172361364,1.0251261392558022,0.0
32,748,0.8165663534828599,1.3599716112503304,0.365921589289013,1.4057394751746146,0.3153919923558422,0.9880517360321122,0.09947210884218868,1.053730959585597,0.30066313392861366,1.5439840548504487,2.5070982516362683,1.0282056827642798,0.0
32,752,0.8209330184747469,1.3536410633772886,0.36421825657264556,1.3983537284831695,0.3137349247375617,0.9776965749814011,0.09842960300008444,1.047948110977032,0.2990131023243704,1.5347459082627342,2.513591701003075,1.0312679675832426,0.0
32,756,0.8252996834666337,1.3473475415570693,0.36252488629371565,1.3910175238350355,0.3120889723821171,0.9674648758080835,0.0973995266825264,1.0422054935831206,0.2973745499719887,1.5255773476980068,2.520043833821145,1.034313095464124,0.0
32,760,0.8296663484585207,1.3410907678112034,0.3608414036577773,1.3837304484937558,0.3104540426878735,0.9573549770443748,0.09638171262124484,1.0365027661550301,0.2957473795022659,1.5164777490316566,2.5264549607225932,1.0373411675370627,0.0
32,764,0.8340330134504077,1.3348704666980393,0.3591677345529549,1.3764920937117504,0.3088300439481415,0.9473652420254908,0.09537599604501207,1.0308395907554577,0.29413149449088455,1.5074464944394956,2.5328253896390924,1.0403522843147586,0.0
32,768,0.8383996784422947,1.328686365286505,0.35750380554288347,1.3693020546877788,0.307216885341633,0.9374940584861022,0.09438221463901557,1.0252156327232969,0.2925267994483307,1.4984829723281208,2.5391554258283775,1.0433465456963038,0.0
32,772,0.8427663434341816,1.3225381931301678,0.3558495438597289,1.3621599305248921,0.3056144769230277,0.9277398381637951,0.09340020850493629,1.0196305606387144,0.2909331998099295,1.4895865772661103,2.5454453719004704,1.0463240509709912,0.0
32,776,0.8471330084260685,1.316425682241582,0.3542048773972861,1.3550653241888693,0.30402272961364757,0.918101016409544,0.09242982012173308,1.0140840462886327,0.28935060192599577,1.4807567099160421,2.551695527843611,1.0492848988220982,0.0
32,780,0.8514996734179555,1.3103485670669264,0.35256973470415454,1.3480178424671352,0.3024415551922399,0.9085760518048858,0.09147089430710169,1.0085757646326103,0.2877789130520991,1.471992776967327,2.5579061910499137,1.0522291873306477,0.0
32,784,0.8558663384098424,1.304306584460925,0.35094404497699033,1.3410170959281469,0.30087086628586523,0.8991634257857939,0.09052327817960824,1.0031053937691146,0.28621804133943984,1.4632941910698425,2.5640776563407384,1.0551570139791466,0.0
32,788,0.8602330034017294,1.2982994736620512,0.34932773805383466,1.3340626988812498,0.2993105763608903,0.8898616422731678,0.08958682112148882,0.9976726149021845,0.2846678958253376,1.4546603707683543,2.5702102159917946,1.0580684756553003,0.0
32,792,0.8645996683936163,1.2923269762680059,0.3477207444075156,1.327154269336994,0.29776059971408514,0.8806692273097028,0.08866137474209129,0.9922771123084801,0.2831283864238286,1.446090740437727,2.576304159757966,1.0609636686557036,0.0
32,796,0.8689663333855033,1.2863888362114724,0.3461229951391248,1.3202914289679055,0.2962208514638213,0.8715847287030627,0.08774679284195176,0.986918573304707,0.2815994239163715,1.437584730218899,2.582359774897871,1.0638426886895112,0.0
32,800,0.8733329983773902,1.280484799736141,0.3445344219715663,1.313473803069709,0.294691247541372,0.86260671567522,0.08684293137749183,0.9815966882154193,0.2800809199426603,1.4291417759556246,2.5883773461981567,1.0667056308820833,0.0
32,804,0.8776996633692772,1.2746146153730038,0.3429549572431785,1.306701020522992,0.2931717046823108,0.8537337785179204,0.08594964842633257,0.9763111503411898,0.2785727869915423,1.4207613191319641,2.59435715599753,1.069552589778609,0.0
32,808,0.8820663283611642,1.26877803391691,0.3413845339014257,1.29997271375531,0.29166214041801003,0.8449645282541809,0.08506680415321574,0.9710616559271481,0.27707493839204095,1.4124428068105195,2.6002994842105314,1.0723836593477083,0.0
32,812,0.886432993353051,1.2629748084033845,0.33982308549666124,1.2932885187037244,0.29016247306723525,0.8362975963054495,0.0841942607764952,0.9658479041318777,0.2755872883044812,1.404185691571403,2.6062046083510486,1.0751989329850125,0.0
32,816,0.890799658344938,1.2572046940857082,0.3382705461759601,1.2866480747777682,0.28867262172783653,0.8277316341646852,0.08333188253522415,0.9606695969966711,0.27410975171171714,1.3959894314519268,2.6120728035555816,1.0779985035167183,0.0
32,820,0.895166323336825,1.2514674484122468,0.33672685067701924,1.280051024822834,0.28719250626853404,0.8192653130750003,0.08247953565680251,0.9555264394151356,0.2726422444104594,1.3878534898870123,2.6179043426062556,1.080782463203126,0.0
32,824,0.899532988328712,1.2457628310040374,0.33519193432212663,1.2734970150839813,0.2857220473207979,0.8108973237139097,0.08163708832518866,0.9504181391031479,0.2711846830027024,1.3797773356502994,2.6236994959535864,1.0835509037421505,0.0
32,828,0.9038996533205989,1.2400906036326211,0.3336657330121971,1.2669856951701546,0.2842611662708203,0.802626375882916,0.08080441064964847,0.9453444065691515,0.26973698488724906,1.371760442795959,2.629458531739,1.0863039162728139,0.0
32,832,0.9082663183124858,1.2344505301981235,0.3321481832208741,1.2605167180188086,0.28280978525157846,0.7944511982024665,0.07998137463404506,0.9403049550847937,0.2682990682513327,1.363802290601187,2.635181715817117,1.0890415913787153,0.0
32,836,0.9126329833043728,1.2288423767075771,0.3306392219886975,1.254089739860938,0.281367827134989,0.7863705378122461,0.0791678541466658,0.9352995006558964,0.26687085206233413,1.3559023635093828,2.640869311777789,1.0917640190914788,0.0
32,840,0.9169996482962598,1.2232659112534856,0.32913878691733567,1.2477044201865017,0.2799352155241503,0.778383160076487,0.07836372489055438,0.9303277619937604,0.2654522560595938,1.3480601510739927,2.646521580967908,1.0944712888941812,0.0
32,844,0.9213663132881467,1.2177209039926242,0.32764681616388147,1.2413604217102436,0.2785118747456743,0.77048784829433,0.0775688643743514,0.9253894604867937,0.2640432007463164,1.3402751479030253,2.652138782512977,1.0971634897247573,0.0
32,848,0.9257329782800336,1.2122071271250754,0.3261632484352114,1.2350574103378964,0.27709772984210373,0.7626834034152807,0.07678315188364795,0.9204843201724631,0.2626436073815677,1.3325468536042073,2.657721173338453,1.0998407099793848,0.0
32,852,0.9300996432719206,1.206724354873497,0.3246880229824074,1.2287950551327727,0.2756927065644167,0.7549686437593834,0.07600646845281413,0.9156120677095667,0.2612533979723634,1.3248747727307986,2.663269008190861,1.1025030375158482,0.0
32,856,0.9344663082638075,1.201272363462619,0.32322107959524043,1.2225730282827323,0.27429673136461513,0.7473424047422128,0.07523869683731252,0.9107724323508186,0.259872495265846,1.3172584147280326,2.668782539658685,1.105150559656882,0.0
32,860,0.9388329732556945,1.1958509310989662,0.321762358596714,1.216391005067523,0.27290973138839786,0.7398035386045976,0.0744797214864882,0.9059651459157465,0.2585008227415522,1.3096972938801974,2.674262018193034,1.1077833631934928,0.0
32,864,0.9431996382475815,1.1904598379508058,0.3203118008376691,1.2102486638264927,0.2715316344679159,0.7323509141469202,0.07372942851681931,0.9011899427638945,0.2571383046037666,1.302190929258327,2.6797076921280887,1.1104015343882612,0.0
32,868,0.9475663032394684,1.1850988661283155,0.3188693476914481,1.2041456859266644,0.2701623691146104,0.7249834164679072,0.07298770568561977,0.8964465597683321,0.25578486577396287,1.2947388446685157,2.685119807701335,1.113005158978622,0.0
32,872,0.9519329682313553,1.1797677996639706,0.3174349410486175,1.1980817557311727,0.2688018645121304,0.7176999467079597,0.07225444236519912,0.8917347362894608,0.2544404318833301,1.2873405686008348,2.6904986090735776,1.1155943221801268,0.0
32,876,0.9562996332232423,1.1744664244931462,0.31600852331174883,1.1920565605680544,0.2674500505093312,0.7104994217966762,0.07152952951744436,0.8870542141491166,0.2531049292653833,1.2799956341788448,2.695844338348742,1.1181691086896832,0.0
32,880,0.9606662982151293,1.169194528434934,0.31459003739025676,1.1860697906993922,0.2661068576133511,0.7033807742048523,0.07081285966885247,0.882404737604967,0.2517782849486581,1.272703579109702,2.701157235593473,1.1207296026887765,0.0
32,884,0.9650329632070163,1.1639519011731694,0.31317942669529447,1.1801211392908075,0.26477221698276704,0.6963429517005295,0.07010432688597068,0.8777860533251944,0.2504604266494872,1.26546394563485,2.7064375388565156,1.1232758878466693,0.0
32,888,0.9693996281989031,1.1587383342376656,0.31177663513470427,1.1742103023812909,0.26344606042082563,0.6893849171091944,0.06940382675125455,0.8731979103634662,0.24915128276485818,1.2582762804812797,2.711685484187902,1.1258080473235832,0.0
32,892,0.9737662931907901,1.1535536209856576,0.31038160710802487,1.1683369788533786,0.26212832036875194,0.6825056480781271,0.06871125633934366,0.8686400601341872,0.24785078236535277,1.251140134813368,2.7169013056579256,1.128326163773859,0.0
32,896,0.9781329581826771,1.1483975565834454,0.30899428750155206,1.1625008704036575,0.26081892989913186,0.6757041368446366,0.0680265141937288,0.8641122563880285,0.24655885518816406,1.2440550641852695,2.722085235375925,1.130830319349099,0.0
32,900,0.982499623174564,1.1432699379882407,0.30761462168345444,1.156701681513605,0.2595178227093702,0.6689793900082179,0.06734950030381376,0.8596142551877334,0.2452754316301932,1.237020628493869,2.727237503508862,1.1333205957012873,0.0
32,904,0.986866288166451,1.1381705639302122,0.3062425554989424,1.1509391194207557,0.258224933115221,0.6623304283065181,0.06668011608236087,0.855145814884194,0.24400044274122346,1.230036391932278,2.732358338299708,1.135797073985895,0.0
32,908,0.9912329531583379,1.133099234894727,0.3048780352654898,1.1452128940901862,0.2569401960443904,0.6557562863952171,0.0660182643433304,0.8507066960927964,0.24273382021717052,1.2231019229438718,2.7374479660856363,1.1382598348649604,0.0
32,912,0.9955996181502249,1.1280557531047866,0.30352100776810803,1.139522718186327,0.255663547030212,0.6492560126313833,0.0653638492800699,0.8462966616700305,0.2414754963934088,1.2162167941768642,2.742506611316024,1.1407089585101557,0.0
32,916,0.9999662831421118,1.1230399225036538,0.302171420254672,1.133868307045081,0.2543949222053915,0.6428286688606448,0.06471677644388768,0.841915476690363,0.2402254042381723,1.2093805824394075,2.7475344965702635,1.1431445246058307,0.0
32,920,1.0043329481339989,1.1180515487376714,0.3008292204312965,1.1282493786462604,0.25313425829582265,0.636473330207842,0.06407695272297675,0.8375629084233674,0.23898347734602918,1.2025928686552092,2.752531842575389,1.145566612352039,0.0
32,924,1.0086996131258856,1.1130904391392653,0.29949435645776346,1.1226656535863262,0.2518814926144711,0.630189084871212,0.06344428632169434,0.833238726311111,0.23774964993142955,1.1958532378196713,2.757498868223516,1.1479753004675461,0.0
32,928,1.0130662781177726,1.1081564027101363,0.29816677694299926,1.117116855051434,0.2506365630553269,0.6239750339200185,0.06281868674018828,0.8289427019457932,0.23652385682232505,1.1891612789565305,2.7624357905891026,1.1503706671928178,0.0
32,932,1.0174329431096596,1.103249250104631,0.2968464309406005,1.1116027087907814,0.24939940808742447,0.6178302910955153,0.06220006475435902,0.8246746090476352,0.23530603345385978,1.1825165850750017,2.767342824946025,1.1527527902929895,0.0
32,936,1.0217996081015466,1.0983687936132982,0.2955332679444093,1.1061229430902473,0.24816996674892897,0.6117539826153262,0.06158833239616554,0.8204342234430131,0.2340961158621314,1.175918753127418,2.77222018478448,1.1551217470608197,0.0
32,940,1.0261662730934336,1.0935148471466212,0.2942272378841368,1.1006772887463303,0.2469481786412884,0.6057452469809874,0.06098340293424973,0.8162213230428371,0.2328940406780216,1.1693673839673593,2.7770680818277063,1.1574776143196213,0.0
32,944,1.0305329380853205,1.0886872262189269,0.2929282911210329,1.095265479040372,0.24573398392345075,0.599803234788773,0.060385190854891205,0.8120356878211703,0.23169974512109573,1.162862082308264,2.7818867260485374,1.1598204684261777,0.0
32,948,1.0348996030772075,1.0838857479324704,0.2916363784436046,1.0898872497130687,0.24452732330614532,0.5939271085435749,0.05979361184326971,0.8078770997940847,0.23051316699356944,1.156402456682514,2.7866763256857747,1.1621503852736403,0.0
32,952,1.0392662680690943,1.0791102309616931,0.29035145106338023,1.084542338939266,0.24332813804622766,0.5881160424759315,0.05920858276504441,0.8037453429987527,0.22933424467434296,1.1499881194009967,2.7914370872603995,1.1644674402944062,0.0
32,956,1.0436329330609813,1.0743604955376496,0.28907346061071887,1.0792304873030305,0.24213636994108648,0.5823692223621748,0.05863002164824727,0.79964020347277,0.22816291711310135,1.1436186865131286,2.7961692155916067,1.1667717084629794,0.0
32,960,1.0479995980528682,1.069636363432605,0.28780235913066676,1.0739514377730013,0.2409519613231139,0.576685845347356,0.058057847665456075,0.7955614692337075,0.22699912382447981,1.1372937777673384,2.8008729138126807,1.1690632642988152,0.0
32,964,1.0523662630447552,1.0649376579447978,0.2865380990788568,1.0687049356780096,0.23977485505423504,0.5710651197712835,0.057491981116280774,0.7915089302588902,0.22584280488229405,1.1310130165720043,2.8055483833867023,1.1713421818691445,0.0
32,968,1.0567329280366422,1.0602642038833685,0.2852806333174538,1.0634907286829722,0.23860499452049969,0.5655062649973317,0.05693234341012884,0.7874823784653995,0.22469390091383426,1.1247760299568397,2.8101958241220943,1.173608534791782,0.0
32,972,1.0610995930285292,1.0556158275534504,0.2840299151111427,1.0583085667650483,0.23744232362673284,0.5600085112441491,0.056378857049262446,0.7834816076902964,0.22355235309422236,1.1185824485347196,2.814815434188003,1.175862396237917,0.0
32,976,1.0654662580204162,1.0509923567414212,0.28278589812316035,1.05315820219006,0.23628678679124437,0.5545710994201158,0.05583144561213254,0.7795064136710632,0.22241810314083107,1.1124319064639474,2.81940741012953,1.1781038389348872,0.0
32,980,1.0698329230123031,1.046393620700316,0.2815485364113708,1.0480393894891744,0.23513832894059736,0.5491932809604307,0.05529003373697751,0.7755565940262608,0.221291093307765,1.1063240414109492,2.8239719468827924,1.1803329351689322,0.0
32,984,1.07419958800419,1.0418194501353941,0.2803177844243816,1.04295188543584,0.23399689550443362,0.5438743176670897,0.054754547105713064,0.771631948236399,0.2201712663804024,1.1002584945133969,2.828509237789842,1.1825497567879344,0.0
32,988,1.078566252996077,1.0372696771898642,0.27909359699770303,1.0378954490229793,0.23286243241035662,0.538613481551323,0.05422491242806957,0.7677322776250186,0.21905856566999712,1.0942349103437523,2.833019474613422,1.1847543752041396,0.0
32,992,1.0829329179879639,1.032744135430762,0.27787592934994826,1.0328698414404303,0.23173488607887022,0.5334100546785905,0.053701057425986964,0.7638573853399793,0.2179529350083395,1.0882529368732254,2.837502847551574,1.1869468613968623,0.0
32,996,1.0872995829798509,1.0282426598349805,0.2766647370790746,1.0278748260526371,0.23061420341837335,0.528263329016383,0.05318291081829217,0.7600070763349553,0.2168543187424766,1.082312225436145,2.841959545252098,1.189127285915173,0.0
32,1000,1.0916662479717378,1.0237650867754486,0.27545997615866447,1.022910168376586,0.22950033182020968,0.5231726062841204,0.05267040230558757,0.756181157351134,0.21576266172949002,1.0764124306947331,2.846389754826855,1.1912957188805688,0.0
32,1004,1.0960329129636248,1.019311254007462,0.2742616029342478,1.0179756360599808,0.2283932191537712,0.5181371978058706,0.052163462555423444,0.7523794368991135,0.21467790933133088,1.0705532106042819,2.8507936618659375,1.1934522299896295,0.0
32,1008,1.1003995779555118,1.0148810006551565,0.2730695741196623,1.0130709988596611,0.22729281376165594,0.5131564243652633,0.051662023187691516,0.7486017252410009,0.21360000740971186,1.0647342263787254,2.855171450451679,1.1955968885166537,0.0
32,1012,1.1047662429473986,1.0104741671981292,0.2718838467934538,1.0081960286202545,0.22619906445487853,0.5082296160628346,0.05116601676026304,0.7448478343727052,0.21252890232105462,1.0589551424566,2.8595233031725296,1.1977297633162811,0.0
32,1016,1.1091329079392855,1.006090595458202,0.2707043783953143,1.0033504992530629,0.225111920508133,0.5033561121756946,0.05067537675486088,0.7411175780064243,0.21146454091149308,1.053215626467395,2.863849401136789,1.1998509228260972,0.0
32,1020,1.1134995729311725,1.001730128586328,0.2695311267225597,0.9985341867151795,0.2240313316551076,0.49853526101948376,0.0501900375631619,0.7374107715533234,0.21040687051193072,1.047515349198282,2.868149923986196,1.2019604350692226,0.0
32,1024,1.1178662379230595,0.9973926110496364,0.2683640499266434,0.9937468689888347,0.22295724808385073,0.49376641981256597,0.049709934473124696,0.7337272321064023,0.2093558389331523,1.0418539845612191,2.8724250499093804,1.2040583676568857,0.0
32,1028,1.1222329029149465,0.993077888618617,0.2672031065097084,0.9889883260609663,0.22188962043218732,0.48904895454244723,0.049235003655541225,0.7300667784235503,0.20831139446098867,1.03623120956043,2.876674955655178,1.2061447877909786,0.0
32,1032,1.1265995679068335,0.9887858083544417,0.2660482553211758,0.9842583399030135,0.2208283997831855,0.48438223983433204,0.048765182150803756,0.7264292309107848,0.20727348585153452,1.0306467042602494,2.8808998165458126,1.208219762266599,0.0
32,1036,1.1309662328987204,0.984516218596421,0.2648994555543699,0.9795566944509307,0.2197735376606724,0.479765658821826,0.04830040785588783,0.7228144116056733,0.2062420623264177,1.0251001517533314,2.8850998064899374,1.2102833574745744,0.0
32,1040,1.1353328978906072,0.9802689689495943,0.26375666674317905,0.9748831755854187,0.21872498602479878,0.4751986030197699,0.047840619511549845,0.7192221441609353,0.2052170735681208,1.0195912381292154,2.889275097995551,1.2123356394039708,0.0
32,1044,1.1396995628824942,0.9760439102724532,0.2626198487587526,0.9702375711123713,0.2176826972676522,0.470680472199021,0.04738575668972067,0.7156522538282228,0.20419846971535283,1.0141196524432474,2.8934258621827764,1.2143766736445871,0.0
32,1048,1.1440662278743812,0.9718408946647946,0.2614889618062324,0.9656196707435337,0.21664662420891737,0.46621067426343643,0.04693575978112093,0.7121045674420766,0.20318620135847157,1.0086850866858494,2.897552268796515,1.2164065253894323,0.0
32,1052,1.1484328928662682,0.9676597754557045,0.26036396642151954,0.9610292660773725,0.21561672009158417,0.4617886251286123,0.04649056998305307,0.7085789134040565,0.20218021953495557,1.0032872357521365,2.9016544862189697,1.2184252594371883,0.0
32,1056,1.1527995578581551,0.9635004071916672,0.2592448234680754,0.9564661505801514,0.21459293857770187,0.4574137486028107,0.0460501292874137,0.705075121667044,0.2011804757249249,0.9979257974118707,2.9057326814820392,1.220432940194657,0.0
32,1060,1.1571662228500421,0.9593626456248043,0.2581314941337569,0.9519301195672132,0.21357523374417944,0.453085476269635,0.0456143804688819,0.7015930237197153,0.2001869218467111,0.9926004722797604,2.9097870202795937,1.222429631679192,0.0
32,1064,1.161532887841929,0.955246347701236,0.25702393992768463,0.9474209701844652,0.21256356007863175,0.4488032473726449,0.04518326707330286,0.6981324525711816,0.1991995102524743,0.9873109637860824,2.913817666979619,1.224415397521115,0.0
32,1068,1.1658995528338159,0.9511513715495669,0.2559221226771453,0.9429385013900639,0.21155787247527016,0.4445665087018824,0.0447567334062639,0.694693242735796,0.19821819372386837,0.982056978147641,2.9178247846362417,1.2263903009661172,0.0
32,1072,1.1702662178257028,0.9470775764694932,0.2548260045245261,0.938482513936297,0.21055812623083778,0.44037471448210397,0.04433472452184217,0.6912752302181235,0.1972429254677522,0.9768382243390452,2.9218085350016336,1.2283544048776467,0.0
32,1076,1.1746328828175898,0.9430248229205327,0.2537355479242821,0.9340528103516641,0.2095642770405889,0.43622732626293015,0.04391718621154557,0.6878782524980751,0.19627365911194816,0.9716544140643149,2.9257690785377957,1.2303077717392794,0.0
32,1080,1.1789995478094768,0.9389929725108711,0.25265071563993574,0.9296491949231477,0.20857628099431139,0.4321238128106373,0.043504064993418794,0.6845021485162,0.1953103487010453,0.9665052617287966,2.92970657442822,1.2322504636570761,0.0
32,1084,1.1833662128013638,0.9349818879863291,0.25157147074110764,0.925271473678678,0.20759409457239258,0.4280636500017607,0.04309530810133187,0.6811467586591382,0.19435294869224873,0.9613904844113962,2.9336211805894425,1.2341825423619242,0.0
32,1088,1.1877328777932508,0.9309914332194447,0.25049777660057937,0.9209194543697856,0.20661767464192704,0.4240463207183822,0.04269086347443821,0.6778119247452289,0.193401413951273,0.9563098018371217,2.9375130536824687,1.2361040692118654,0.0
32,1092,1.1920995427851377,0.9270214731986706,0.2494295968913868,0.9165929464544402,0.2056469784528664,0.420071314745023,0.04229067974679434,0.6744974900102727,0.19245569974827978,0.9512629363499276,2.941382349124095,1.2380151051944093,0.0
32,1096,1.1964662077770247,0.9230718740176879,0.24836689558394476,0.9122917610800768,0.20468196363421107,0.41613812866729916,0.04189470623715697,0.6712032990934487,0.19151576175385945,0.9462496128858685,2.9452292210981104,1.23991571092883,0.0
32,1100,1.2008328727689115,0.9191425028648289,0.24730963694320107,0.908015711066801,0.20372258819024214,0.4122462657720831,0.04150289293893184,0.6679291980233814,0.19058155603505567,0.9412695589465424,2.9490538225663876,1.2418059466684526,0.0
32,1104,1.2051995377607985,0.9152332280126148,0.2462577855258214,0.9037646108907772,0.20276881049679443,0.4083952359492926,0.04111519051028626,0.6646750342043569,0.18965303905143227,0.9363225045728336,2.952856305279865,1.2436858723029214,0.0
32,1108,1.2095662027526854,0.9113439188074016,0.24521130617740358,0.899538276667795,0.2018205892975694,0.40458455559524253,0.040731550264419075,0.6614406564026885,0.188730167651183,0.9314081823189495,2.956636819789414,1.245555547360456,0.0
32,1112,1.2139328677445724,0.9074744456591367,0.24417016402972117,0.8953365261370105,0.20087788370048734,0.40081374751755305,0.04035192415998729,0.6582259147332262,0.1878128990672823,0.9265263272267371,2.960395515456604,1.2474150310100927,0.0
32,1116,1.2182995327364594,0.9036246800312207,0.24313432449799585,0.8911591786448635,0.19994065317407897,0.3970823408415072,0.03997626479167862,0.6550306606460125,0.18690119091367757,0.9216766768002923,2.964132540464356,1.2492643820639122,0.0
32,1120,1.2226661977283464,0.8997944944304783,0.24210375327819889,0.887006055129166,0.19900885754391567,0.39338987091790756,0.03960452538093498,0.6518547469130782,0.18599500118152199,0.9168589709808437,2.967848041827491,1.2511036589792532,0.0
32,1124,1.2270328627202334,0.8959837623972339,0.24107841634438057,0.8828769781033616,0.19808245698907787,0.3897358792324752,0.03923665976683118,0.6486980276153829,0.1850942882354477,0.9120729521219167,2.9715421654031724,1.2529329198609123,0.0
32,1128,1.2313995277121201,0.8921923584954896,0.24005827994602788,0.8787717716409528,0.19716141203866103,0.38611991331649875,0.03887262239707956,0.6455603581298912,0.18419901080987874,0.9073183649647715,2.975215055901248,1.2547522224633292,0.0
32,1132,1.2357661927040071,0.8884201583032093,0.2390433106054499,0.8746902613600949,0.19624568356831928,0.3825415266590966,0.038512368319196966,0.6424415951167889,0.18330912800538304,0.9025949566141118,2.9788668568944847,1.2565616241927602,0.0
32,1136,1.240132857695894,0.8846670384027018,0.2380334751151904,0.8706322744083556,0.1953352327968461,0.3790002786207438,0.03815585317179909,0.6393415965068354,0.18242459928506385,0.8979024765140603,2.9824977108287043,1.258361182109436,0.0
32,1140,1.244499522687781,0.8809328763711061,0.23702874053546788,0.8665976394476337,0.19443002128279044,0.3754957343481067,0.03780303317602642,0.6362602214888486,0.18154538447098872,0.8932406764243993,2.9861077590328193,1.260150952929708,0.0
32,1144,1.248866187679668,0.8772175507709766,0.23602907419164207,0.8625861866392441,0.1935300109211107,0.3720274646904258,0.03745386512712612,0.6331973304973263,0.18067144374065752,0.8886093103970736,2.9896971417287657,1.2619309930281781,0.0
32,1148,1.253232852671555,0.8735209411409649,0.2350344436717069,0.8585977476291565,0.19263516393986257,0.36859504611692984,0.03710830638613763,0.6301527852001955,0.17980273762350693,0.8840081347529472,2.9932659980413443,1.2637013584398202,0.0
32,1152,1.257599517663442,0.8698429279866012,0.2340448168238102,0.8546321555333942,0.19174544289692347,0.3651980606358336,0.036766314871737864,0.6271264484866945,0.17893922699745277,0.8794369080588216,2.996814466007954,1.2654621048620827,0.0
32,1156,1.2619661826553288,0.8661833927711707,0.23306016175379865,0.8506892449235878,0.19086081067675095,0.36183609571434516,0.036427849052187856,0.624118184455383,0.17808087308546888,0.8748953911047013,3.0003426825882427,1.267213287656981,0.0
32,1160,1.2663328476472158,0.8625422179066848,0.2320804468227885,0.846768851812681,0.18998123048717605,0.35850874420010115,0.03609286793742329,0.6211278584022772,0.17722763745220177,0.8703833468813077,3.00385078367365,1.2689549618531784,0.0
32,1164,1.2706995126391027,0.858919286744948,0.23110564064476202,0.842870813640791,0.18910666585623062,0.355215604243746,0.035761331071260165,0.6181553368091138,0.17637948200062192,0.8659005405578436,3.007338904096863,1.2706871821480499,0.0
32,1168,1.2750661776309897,0.8553144835687159,0.23013571208418845,0.8389949692612155,0.188237080629008,0.3519562792228186,0.035433198523732085,0.6152004873317355,0.1755363689687098,0.8614467394599964,3.010807177641181,1.2724100029097363,0.0
32,1172,1.2794328426228767,0.8517276935829476,0.22917063025367027,0.8351411589265921,0.18737243896455777,0.34873037766664083,0.035108430883528406,0.6122631787886013,0.17469826092617743,0.8570217130481833,3.014255737049779,1.2741234781791837,0.0
32,1176,1.2837995076147637,0.8481588029061469,0.22821036451161333,0.8313092242752004,0.1865127053328123,0.3455375131825278,0.03478698925056545,0.6093432811494164,0.1738651207712243,0.852625232896035,3.0176847140348886,1.2758276616721715,0.0
32,1180,1.2881661726066507,0.8446076985617937,0.22725488445992156,0.8274990083174117,0.18565784451154688,0.34237730438315594,0.034468835228674284,0.6064406655238835,0.17303691172732746,0.84825707266911,3.0210942392868847,1.277522606781327,0.0
32,1184,1.2925328375985377,0.8410742684698669,0.2263041599417158,0.8237103554222817,0.1848078215833714,0.33924937481496187,0.034153930918392306,0.6035552041505717,0.17221359734006578,0.8439170081038452,3.024484442483287,1.2792083665781273,0.0
32,1188,1.2968995025904244,0.8375584014384518,0.22535816103907588,0.8199431113042842,0.1839626019327541,0.3361533528876848,0.03384223890986989,0.6006867703859041,0.17139514147397752,0.8396048169867347,3.0278554522976675,1.280884993814889,0.0
32,1192,1.3012661675823114,0.8340599871554374,0.2244168580708065,0.8161971230101858,0.1831221512430766,0.3330888718050673,0.033533722275893706,0.5978352386932594,0.17058150830945087,0.83532027913373,3.0312073964084734,1.2825525409267446,0.0
32,1196,1.3056328325741984,0.8305789161802973,0.22348022159022585,0.8124722389060584,0.18228643549372026,0.3300555694965155,0.03322834456500659,0.5950004846321896,0.16977266233964727,0.8310631763698723,3.0345404015077673,1.2842110600336087,0.0
32,1200,1.3099994975660854,0.8271150799359587,0.2225482223829777,0.8087683086644295,0.18145542095718298,0.32705308854997384,0.03292606979474974,0.5921823848477512,0.16896856836745724,0.8268332925091377,3.0378545933098757,1.285860602942129,0.0
32,1204,1.3143661625579723,0.8236683707007523,0.2216208314648656,0.8050851832515681,0.18062907419622679,0.32408107614561743,0.03262686244498717,0.5893808170599473,0.16816919150248796,0.8226304133345056,3.0411500965599583,1.2875012211476267,0.0
32,1208,1.3187328275498593,0.8202386816004471,0.2206980200797095,0.8014227149149022,0.17980736206105485,0.32113918399080177,0.03233068745135678,0.586595660053281,0.1673744971580826,0.8184543265782419,3.04442703504249,1.289132965836026,0.0
32,1212,1.3230994925417463,0.816825906600369,0.2197797596972253,0.7977807571705734,0.17899025168651905,0.3182270682558297,0.0320375101988037,0.5838267936664192,0.16658445104837083,0.8143048219023954,3.0476855315896616,1.290755887885768,0.0
32,1216,1.327466157533633,0.8134299404975968,0.21886602201092495,0.7941591647911169,0.17817771048935618,0.3153443895108765,0.03174729651523023,0.5810740987819636,0.16579901918535034,0.810181690879503,3.0509257080897023,1.2923700378697152,0.0
32,1220,1.33183282252552,0.8100506789132428,0.21795677893603954,0.7905577937932755,0.1773697061654535,0.3124908126636612,0.03146001266522085,0.578337457316329,0.16501816787599877,0.8060847269735095,3.0541476854951126,1.2939754660570444,0.0
32,1224,1.336199487517407,0.806688018284811,0.21705200260746302,0.7869765014259394,0.1765662066871433,0.30966600689830415,0.031175625343886796,0.5756167522097284,0.16424186371941613,0.8020137255208829,3.057351583830829,1.2955722224151263,0.0
32,1228,1.340566152509294,0.8033418558586332,0.21615166537771716,0.7834151461582127,0.1757671803005251,0.30686964561505903,0.030894101670798486,0.572911867416261,0.16347007360399654,0.7979684837119438,3.0605375222022966,1.2971603566113938,0.0
32,1232,1.344932817501181,0.8000120896823854,0.21525573981493779,0.7798735876676053,0.1749725955228168,0.3041014063707692,0.03061540918399103,0.5702226878941058,0.16270276470463022,0.7939488005723887,3.063705618803474,1.2987399180151988,0.0
32,1236,1.349299482493068,0.7966986185976791,0.2143641987008816,0.7763516868283491,0.17418242113973292,0.3013609708206175,0.030339515834099853,0.5675490995958165,0.16193990447993428,0.7899544769450165,3.0668559909247564,1.300310955699657,0.0
32,1240,1.353666147484955,0.7934013422327293,0.21347701502895314,0.7728493056998358,0.1733966262028908,0.2986480246603591,0.030066389978545004,0.5648909894587166,0.16118146066951217,0.7859853154716478,3.0699887549608196,1.301873518443482,0.0
32,1244,1.3580328124768417,0.7901201609950994,0.21259416200225287,0.7693663075151764,0.17261518002724363,0.29596225756977645,0.02979600037583849,0.5622482453953977,0.16042740129124242,0.7820411205752422,3.073104026418394,1.3034276547328065,0.0
32,1248,1.3623994774687287,0.7868549760645172,0.21171561303164405,0.7659025566698794,0.17183805218854023,0.29330336315674543,0.02952831617995311,0.5596207562843132,0.15967769463859488,0.7781216984422028,3.076201919923958,1.3049734127629933,0.0
32,1252,1.3667661424606157,0.7836056893857676,0.21084134173384061,0.762457918710648,0.17106521252081192,0.29067103890228907,0.02926330693479076,0.5570084119604716,0.1589323092779752,0.7742268570048745,3.07928254923136,1.3065108404404342,0.0
32,1256,1.3711328074525027,0.7803722036616572,0.20997132192951395,0.7590322603242945,0.1702966311138849,0.2880649861065123,0.02900094256873942,0.5544111032062269,0.1581912140460969,0.7703564059242294,3.082346027229368,1.308039985384339,0.0
32,1260,1.3754994724443896,0.7771544223460501,0.2091055276414193,0.7556254493267696,0.16953227831091924,0.28548490983515507,0.028741193389292347,0.5518287217421636,0.1574543780473807,0.7665101565727325,3.0853924659491407,1.3095608949285107,0.0
32,1264,1.3798661374362766,0.773952249636977,0.2082439330925414,0.7522373546523067,0.16877212470597314,0.28293051886716114,0.02848403007776962,0.5492611602180774,0.15672177065138096,0.7626879220173979,3.0884219765716363,1.3110736161231122,0.0
32,1268,1.3842328024281636,0.7707655904698115,0.2073865127042588,0.7488678463426796,0.16801614114159263,0.28040152564297216,0.02822942368411261,0.5467083122040489,0.15599336149023885,0.7588895170030205,3.091434669434941,1.3125781957364202,0.0
32,1272,1.3885994674200506,0.7675943505105204,0.20653324109452736,0.745516795536571,0.16726429870642665,0.2778976462135674,0.027977345621753563,0.5441700721816097,0.15526912045616148,0.7551147579355897,3.094430654041531,1.314074680256569,0.0
32,1276,1.3929661324119373,0.7644384361489784,0.2056840930760818,0.7421840744590529,0.16651656873286652,0.2754186001903207,0.027727767662567453,0.5416463355350001,0.15454901769892773,0.7513634628658785,3.097410039065467,1.315563115893283,0.0
32,1280,1.3973327974038243,0.761297754492355,0.20483904365465608,0.7388695564111751,0.16577292279471023,0.2729641106956322,0.027480661931901816,0.5391369985425173,0.15383302362341952,0.7476354514732053,3.1003729323595155,1.3170435485795982,0.0
32,1284,1.4016994623957113,0.7581722133585651,0.2039980680272214,0.7355731157596628,0.16503333270485085,0.2705339043142061,0.02723600090367167,0.5366419583679537,0.15312110888717878,0.7439305450493753,3.1033194409622036,1.3185160239735743,0.0
32,1288,1.4060661273875983,0.7550617212697904,0.20316114158024293,0.7322946279267214,0.16429777051298927,0.2681277110451816,0.026993757395540264,0.5341611130521227,0.15241324439798962,0.7402485664827837,3.1062496711048073,1.319980587459993,0.0
32,1292,1.4104327923794853,0.7519661874460629,0.2023282398879533,0.7290339693799456,0.16356620850337011,0.2657452642549458,0.02675390456416853,0.5316943615044717,0.15170940131148516,0.7365893402426955,3.109163728218274,1.3214372841520494,0.0
32,1296,1.4147994573713722,0.7488855217989161,0.20149933871064443,0.7257910176223358,0.1628386191925418,0.2633863006306356,0.026516415900533892,0.5292416034947844,0.15100955102878008,0.732952692363687,3.112061716940072,1.3228861588930294,0.0
32,1300,1.4191661223632592,0.7458196349250995,0.20067441399297634,0.7225656511824141,0.1621149753271391,0.26105056013434336,0.026281265225319917,0.5268027396449644,0.15031366519412598,0.7293384504302557,3.114943741120986,1.3243272562579793,0.0
32,1304,1.423532787355146,0.7427684381003582,0.19985344186230336,0.7193577496044469,0.1613952498816892,0.25873778595799735,0.026048426684373904,0.5243776714209071,0.1496217156925924,0.7257464435615906,3.1178099038318376,1.325760620555363,0.0
32,1308,1.427899452347033,0.7397318432732739,0.19903639862701708,0.7161671934387658,0.16067941605644048,0.25644772447898845,0.025817874744239595,0.5219663011244534,0.1489336746477708,0.7221765023965053,3.120660307370147,1.3271862958287095,0.0
32,1312,1.43226611733892,0.73670976305917,0.19822326077490626,0.7129938642321891,0.15996744727521317,0.25418012521639355,0.025589584187749974,0.519568531885427,0.14824951441950263,0.7186284590785309,3.12349505326673,1.3286043258582507,0.0
32,1316,1.436632782330807,0.7337021107340775,0.19741400497153344,0.7098376445185435,0.15925931718327288,0.2519347407878243,0.025363530109683015,0.5171842676537525,0.1475692076016304,0.7151021472411655,3.126314242292234,1.3300147541625482,0.0
32,1320,1.440999447322694,0.730708800228762,0.1966086080586276,0.7066984178092816,0.15855499964522565,0.24971132686708586,0.025139687912498977,0.5148134131916561,0.1468927270197721,0.7115974019932765,3.129117974463609,1.3314176240001097,0.0
32,1324,1.445366112314581,0.7277297461228115,0.19580704705249372,0.7035760685841985,0.157854468742935,0.24750964214221227,0.024918033302115606,0.512455874065945,0.14622004572911856,0.7081140599046648,3.1319063490505186,1.3328129783709959,0.0
32,1328,1.4497327773064679,0.7247648636387843,0.19500929914243775,0.7004704822822427,0.15715769877346025,0.24532944827436864,0.02469854228377063,0.5101115566403664,0.14555113701225303,0.7046519589917737,3.134679464581691,1.3342008600184165,0.0
32,1332,1.4540994422983546,0.7218140686364148,0.19421534168920798,0.6973815452924218,0.15646466424701624,0.24317050985723654,0.024481191157932854,0.5077803680680457,0.1448859743769935,0.7012109387035509,3.13743741885121,1.3355813114303179,0.0
32,1336,1.4584661072902416,0.7188772776068797,0.19342515222345197,0.6943091449448023,0.15577533988495398,0.2410325943770033,0.02426595651627412,0.5054622162840003,0.14422453155425685,0.6977908399074594,3.1401803089247444,1.3369543748409582,0.0
32,1340,1.4628327722821286,0.7159544076671195,0.19263870844418896,0.6912531695016024,0.15508970061776217,0.23891547217300513,0.024052815237707026,0.5031570099977322,0.14356678249594512,0.6943915048756366,3.1429082311457197,1.3383200922324747,0.0
32,1344,1.4671994372740156,0.7130453765542194,0.19185598821729766,0.6882135081483741,0.15440772158308885,0.2368189163989598,0.023841744484482036,0.500864658685894,0.14291270137285306,0.6910127772711964,3.145621281141434,1.3396785053364413,0.0
32,1348,1.4715661022659026,0.7101501026198462,0.19107696957401962,0.68519005098528,0.1537293781237844,0.23474270298460453,0.023632721698325376,0.4985850725850331,0.14226226257259755,0.687654502134676,3.1483195538291118,1.3410296556354135,0.0
32,1352,1.4759327672577895,0.7072685048247411,0.19030163070947734,0.6821826890184557,0.15305464578596334,0.23268661059824325,0.023425724596668467,0.4963181626844062,0.14161544069756757,0.6843165258706275,3.151003143421903,1.3423735843644684,0.0
32,1356,1.4802994322496765,0.7044005027332668,0.1895299499812071,0.6791913141514632,0.15238350031708706,0.23065042060940755,0.02322073116888883,0.49406384071887016,0.1409722105628957,0.6809986962343441,3.153672143434828,1.3437103325127306,0.0
32,1360,1.4846660972415635,0.7015460165080114,0.1887619059077071,0.6762158191768307,0.15171591766406556,0.22863391705249825,0.02301771967264971,0.4918220191618438,0.1403325471944498,0.6777008623187307,3.156326646690659,1.3450399408248908,0.0
32,1364,1.4890327622334503,0.6987049669044452,0.18799747716699972,0.6732560977676803,0.151051873971379,0.2266368865906898,0.022816668630266115,0.48959261121834236,0.13969642582684555,0.6744228745413104,3.1589667453257593,1.3463624498027147,0.0
32,1368,1.4933994272253373,0.695877275265631,0.1872366425952083,0.6703120444694405,0.15039134557921852,0.2246591184804103,0.022617556825128882,0.48737553081808205,0.13906382190147915,0.6711645846313659,3.1615925307958506,1.3476778997065417,0.0
32,1372,1.4977660922172242,0.6930628635169885,0.18647938118514834,0.6673835546916439,0.14973430902164567,0.22270040453643247,0.022420363298190183,0.48517069260865564,0.13843471106457975,0.6679258456172146,3.164204093881742,1.3489863305567749,0.0
32,1376,1.5021327572091112,0.69026165416111,0.18572567208493268,0.6644705246998094,0.14908074102477137,0.22076053909743365,0.022225067344496297,0.48297801194877654,0.13780906916528207,0.6647065118136191,3.1668015246949976,1.350287782135361,0.0
32,1380,1.5064994222009982,0.6874735702726285,0.18497549459659066,0.6615728516074054,0.14843061850495262,0.21883931899198927,0.02203164850976399,0.48079740490159256,0.13718687225371842,0.6615064388093267,3.16938491268355,1.3515822939872617,0.0
32,1384,1.5108660871928852,0.6846985354931368,0.18422882817470093,0.6586904333678975,0.14778391856700834,0.21693654350519864,0.02184008658702057,0.478628788228067,0.13656809657913022,0.6583254834547377,3.171954346637265,1.3528699054219164,0.0
32,1388,1.5152327521847722,0.6819364740261588,0.18348565242503853,0.6558231687668766,0.14714061850245336,0.21505201434571575,0.02165036161328471,0.4764720793804269,0.13595271858799854,0.6551635038497078,3.1745099146934534,1.3541506555146927,0.0
32,1392,1.519599417176659,0.6791873106321684,0.1827459471032346,0.652970957414266,0.1465006957877497,0.21318553561325615,0.02146245386629522,0.47432719649567834,0.1353407149221938,0.6520203593314705,3.177051704342329,1.3554245831083322,0.0
32,1396,1.523966082168546,0.6764509706236607,0.18200969211345014,0.6501336997366097,0.14586412808257676,0.21133691376660835,0.02127634386129056,0.4721940583891863,0.13473206241714386,0.6488959104626872,3.17957980243242,1.3566917268143839,0.0
32,1400,1.5283327471604329,0.6737273798602708,0.1812768675070628,0.6473112969694388,0.14523089322811833,0.20950595759213542,0.021092012347837776,0.4700725845483211,0.13412673810002126,0.6457900190196247,3.182094295175924,1.3579521250146291,0.0
32,1404,1.5326994121523199,0.6710164647439414,0.18054745348136644,0.6445036511497148,0.1446009692453673,0.20769247817266745,0.02090944030670073,0.46796269512616806,0.13352471918794823,0.6427025479804505,3.18459526815402,1.3592058158624998,0.0
32,1408,1.5370660771442068,0.6683181522141393,0.17982143037828424,0.6417106651083503,0.14397433433344767,0.2058962888569127,0.020728608946760558,0.4658643109353007,0.13292598308622017,0.6396333615136521,3.1870828063221275,1.3604528372844846,0.0
32,1412,1.5414327421360938,0.6656323697431188,0.1790987786830942,0.638932242462807,0.14335096686795365,0.2041172052292879,0.02054949970197836,0.46377735344161836,0.1323305073865472,0.6365823249665781,3.1895569940151125,1.361693226981528,0.0
32,1416,1.5457994071279808,0.6629590453312324,0.1783794790231673,0.6361682876097666,0.14273084539930547,0.202355045080175,0.02037209422840078,0.4617017447582444,0.13173826986531303,0.6335493048540934,3.1920179149524546,1.3629270224304209,0.0
32,1420,1.5501660721198676,0.6602981075022878,0.1776635121667184,0.6334187057178777,0.14211394865112198,0.20060962837666807,0.02019637440121496,0.4596374076394862,0.13114924848185183,0.6305341688473532,3.1944656522433594,1.3641542608851813,0.0
32,1424,1.5545327371117545,0.6576494852989514,0.17695085902156932,0.6306834027205758,0.14150025551860979,0.19888077723361874,0.020022322311833523,0.45758426547485764,0.13056342137674243,0.6275367857626966,3.196900288391824,1.3653749793784276,0.0
32,1428,1.5588994021036415,0.6550131082781971,0.17624150063392438,0.6279622853089767,0.1408897450669688,0.19716831588524286,0.019849920265036097,0.4555422422831603,0.1299807668701195,0.6245570255506508,3.199321905301659,1.3665892147227416,0.0
32,1432,1.5632660670955285,0.6523889065068007,0.175535418187158,0.6252552609248407,0.1402823965298137,0.1954720706570967,0.019679150776148003,0.45351126270662434,0.12940126346000194,0.6215947592850503,3.20173058428146,1.3677970035120253,0.0
32,1436,1.5676327320874155,0.649776810556878,0.17483259300061432,0.6225622377536099,0.1396781893076117,0.19379186993840136,0.01950999656825402,0.45149125200511,0.12882488982063814,0.6186498591522684,3.2041264060495367,1.3689983821228466,0.0
32,1440,1.5719993970793025,0.6471767515014676,0.17413300652841854,0.6198831247175135,0.13907710296613582,0.19212754415478628,0.019342440569454337,0.4494821360503652,0.12825162480086771,0.6157221984405586,3.2065094507387935,1.3701933867157785,0.0
32,1444,1.5763660620711895,0.6445886609101573,0.1734366403583001,0.6172178314687458,0.13847911723493408,0.19047892574149472,0.01917646591016702,0.4474838413203424,0.12768144742249976,0.6128116515295086,3.208879797901567,1.371382053236729,0.0
32,1448,1.5807327270630764,0.6420124708447543,0.17274347621042782,0.6145662683827101,0.13788421200581394,0.18884584911693736,0.019012055920465502,0.4454962948935725,0.12711433687870757,0.6099180938795976,3.2112375265144197,1.372564417418263,0.0
32,1452,1.5850993920549632,0.6394481138549972,0.17205349593625605,0.6119283465513338,0.13729236733134223,0.1872281506565443,0.018849194127446164,0.4435194244435946,0.12655027253243936,0.6070414020218675,3.213582714982887,1.3737405147809152,0.0
32,1456,1.5894660570468502,0.6368955229743101,0.1713666815173823,0.6093039777764484,0.1367035634233601,0.1856256686671145,0.018687864252645934,0.441553158233442,0.12598923391484484,0.604181453547694,3.21591544114618,1.3749103806344962,0.0
32,1460,1.5938327220387372,0.6343546317155997,0.17068301506441638,0.6066930745632381,0.136117780651513,0.1840382433615062,0.01852805020949427,0.4395974251101837,0.12543120072371788,0.6013381270986673,3.218235782281852,1.3760740500793887,0.0
32,1464,1.5981993870306241,0.6318253740670936,0.17000247881586056,0.6040955501137543,0.13553499954179568,0.1824657168336259,0.018369736100795155,0.43765215449952066,0.12487615282195444,0.5985113023565749,3.2205438151104118,1.3772315580078365,0.0
32,1468,1.6025660520225111,0.6293076844882176,0.1693250551370003,0.6015113183204931,0.13495520077511117,0.18090793303384345,0.01821290621625202,0.43571727640043517,0.12432407023602599,0.5957008600334864,3.222839615799903,1.3783829391052265,0.0
32,1472,1.606932717014398,0.6268014979055168,0.16865072651880691,0.598940293760042,0.13437836518584542,0.17936473774469164,0.018057545030021313,0.43379272137989605,0.12377493315446875,0.59290668186194,3.225123259970437,1.3795282278513585,0.0
32,1476,1.611299382006285,0.6243067497086142,0.16797947557684997,0.5963823916867856,0.13380447376045507,0.17783597855703448,0.01790363719831321,0.4318784205676139,0.12322872192638716,0.5901286505852306,3.2273948226986877,1.3806674585217138,0.0
32,1480,1.6156660469981718,0.6218233757462093,0.16731128505022072,0.5938375280266783,0.13323350763607023,0.1763215048464204,0.017751167557011005,0.42997430565085126,0.12268541705997303,0.5873666499477964,3.22965437852234,1.381800665188709,0.0
32,1484,1.6200327119900588,0.6193513123221174,0.16664613780046653,0.5913056193710775,0.13266544809911104,0.17482116774991852,0.017600121119339084,0.42808030886928333,0.1221449992210392,0.5846205646857038,3.231902001444505,1.3829278817229456,0.0
32,1488,1.6243993769819458,0.6168904961913464,0.16598401681053507,0.5887865829706398,0.1321002765839181,0.1733348201431255,0.01745048307354809,0.42619636300991043,0.12160744923156784,0.5818902805172302,3.2341377649380854,1.3840491417944525,0.0
32,1492,1.6287660419738328,0.614440864556212,0.1653249051837292,0.5862803367292779,0.13153797467139675,0.17186231661771956,0.017302238780655187,0.42432240140202127,0.12107274806827333,0.5791756841335416,3.2363617419501125,1.3851644788739177,0.0
32,1496,1.6331327069657198,0.6120023550624918,0.16466878614267208,0.5837867991981784,0.1309785240876747,0.1704035134590427,0.017155373772187132,0.4224583579122061,0.12054087686117937,0.5764766631894639,3.2385740049060323,1.3862739262339145,0.0
32,1500,1.6374993719576068,0.609574905795616,0.16401564302828237,0.5813058895698797,0.13042190670277362,0.16895826862432273,0.017009873747987788,0.4206041669394205,0.12001181689221053,0.5737931062943563,3.240774625713962,1.3873775169501184,0.0
32,1504,1.6418660369494937,0.607158455276896,0.16336545929875929,0.5788375276724086,0.1298681045292934,0.1675264417209661,0.016865724574032754,0.41875976341009646,0.11948554959379724,0.5711249030030641,3.2429636757689,1.3884752839025194,0.0
32,1508,1.6462327019413805,0.6047529424597898,0.16271821852857782,0.5763816339634762,0.12931709972111002,0.1661078939852061,0.016722912280279775,0.4169250827733047,0.11896205654749546,0.5684719438069761,3.2451412259569046,1.3895672597766224,0.0
32,1512,1.6505993669332675,0.602358306726203,0.16207390440749353,0.573938129524732,0.1287688745720865,0.1647024882611845,0.016581423058562778,0.4151000609959626,0.11844131948261939,0.5658341201251653,3.2473073466592295,1.390653477064644,0.0
32,1516,1.6549660319251545,0.5999744878828276,0.16143250073955734,0.5715069360560752,0.12822341151479635,0.16331008898011135,0.01644124326049379,0.41328463455809233,0.11792332027488843,0.5632113242956258,3.249462107756423,1.3917339680666982,0.0
32,1520,1.6593326969170414,0.5976014261575133,0.1607939914421393,0.569087975870022,0.12768069311926009,0.16193056213992918,0.016302359395415637,0.4114787404481232,0.11740804094508676,0.5606034495665889,3.2516055786323945,1.3928087648919791,0.0
32,1524,1.6636993619089284,0.5952390621956787,0.1601583605449628,0.5666811718861317,0.12714070209169442,0.16056377528513366,0.01616475812837037,0.40968231615824346,0.1168954636577371,0.5580103900879406,3.253737828178436,1.3938778994599303,0.0
32,1528,1.6680660269008154,0.5928873370567523,0.15952559218914714,0.5642864476254844,0.1266034212732735,0.15920959748690677,0.0160284262780992,0.40789529967979604,0.116385570719787,0.5554320409027137,3.2558589247972134,1.3949414035014134,0.0
32,1532,1.6724326918927024,0.5905461922106525,0.15889567062626023,0.5619037272052181,0.12606883363890306,0.1578678993235627,0.015893350815073863,0.40611762949872143,0.11587834457930848,0.5528682979386732,3.257968936406722,1.395999308559864,0.0
32,1536,1.6767993568845894,0.5882155695342987,0.15826858021738005,0.5595329353331174,0.12553692229600646,0.1565385528612495,0.015759518859553776,0.4043492445910454,0.11537376782421054,0.5503190579999869,3.2600679304442006,1.3970516459924431,0.0
32,1540,1.6811660218764761,0.5858954113081573,0.15764430543216515,0.5571739973022571,0.12500767048332292,0.15522143163489943,0.015626917679668194,0.4025900844184103,0.11487182318096416,0.5477842187589749,3.2621559738700174,1.398098446971181,0.0
32,1544,1.685532686868363,0.5835856602128217,0.15702283084793453,0.5548268389856985,0.12448106156971746,0.15391641062943506,0.01549553468952417,0.40084008892365247,0.11437249351334029,0.5452636787479501,3.264233133171514,1.399139742484113,0.0
32,1548,1.68989935186025,0.581286259325625,0.1564041411487562,0.5524913868312402,0.12395707905300336,0.1526233662613663,0.01536535744735379,0.39909919852642217,0.11387576182116022,0.5427573373511333,3.266299474366822,1.400175563336409,0.0
32,1552,1.694266016852137,0.578997152117285,0.15578822112454435,0.5501675678562183,0.12343570655877543,0.1513421763604299,0.015236373653665768,0.39736735411884677,0.11338161123905799,0.5402650947966582,3.2683550630086384,1.4012059401514956,0.0
32,1556,1.698632681844024,0.576718282448582,0.15517505567016573,0.5478553096423613,0.12291692783925562,0.15007272015167672,0.015108571149442059,0.39564449706123767,0.11289002503525555,0.5377868521486483,3.2703999641879715,1.4022309033721712,0.0
32,1560,1.702999346835911,0.5744495945670688,0.1545646297845542,0.5455545403306934,0.12240072677214965,0.14881487823771522,0.014981937914350228,0.39393056917783864,0.11240098661034958,0.5353225112993812,3.272434242537851,1.4032504832617139,0.0
32,1564,1.707366011827798,0.5721910331038125,0.15395692856983412,0.5432651886164904,0.12188708735951521,0.14756853258126057,0.01485646206498659,0.39222551275261713,0.11191447949611065,0.532871974961529,3.274457962237007,1.4042647099049828,0.0
32,1568,1.7117326768196848,0.5699425430701671,0.15335193723045196,0.5409871837442844,0.12137599372664123,0.14633356648779028,0.014732131853130055,0.3905292705250959,0.11143048735429377,0.5304351466604731,3.276471187013514,1.4052736132095125,0.0
32,1572,1.7160993418115718,0.5677040698545782,0.15274964107231664,0.5387204555029187,0.12086743012093841,0.1451098645886475,0.014608935664041058,0.3888417856862269,0.11094899397546118,0.5280119307267053,3.2784739801484,1.4062772229066003,0.0
32,1576,1.7204660068034587,0.5654755592194172,0.1521500255019476,0.536464934220651,0.1203613809108406,0.14389731282420115,0.014486862014766205,0.38716300187430513,0.11046998327781637,0.5256022322882942,3.2804664044792324,1.4072755685523861,0.0
32,1580,1.7248326717953457,0.5632569572978473,0.1515530760256316,0.5342205507603064,0.1198578305847173,0.14269579842733293,0.014365899552475822,0.38549286317092296,0.10999343930604978,0.523205957263438,3.2824485224036573,1.4082686795289272,0.0
32,1584,1.7291993367872327,0.5610482105907187,0.15095877824858733,0.5319872365144764,0.11935676374979648,0.14150520990717297,0.014246037052826548,0.3838313140969644,0.10951934623019574,0.5208230123530843,3.2844203958829237,1.4092565850452645,0.0
32,1588,1.7335660017791197,0.5588492659634932,0.15036711787413795,0.5297649234007669,0.11885816513109844,0.14032543703292077,0.014127263418332512,0.382178299608638,0.10904768834450063,0.5184533050336275,3.286382086445362,1.4102393141384832,0.0
32,1592,1.7379326667710067,0.5566600706431999,0.14977808070289192,0.5275535438570924,0.11836201957038008,0.1391563708180925,0.014009567676779418,0.38053376509354975,0.1085784500663023,0.5160967435496797,3.288333655189842,1.411216895674767,0.0
32,1596,1.7422993317628934,0.5544805722154187,0.1491916526319314,0.5253530308370173,0.11786831202508956,0.1379979035048322,0.013892938979645079,0.37889765636681433,0.10811161593492054,0.5137532369069118,3.290275162789191,1.4121893583504446,0.0
32,1600,1.7466659967547804,0.5523107186212927,0.14860781965400838,0.5231633178051428,0.11737702756733134,0.13684992854845035,0.013777366600542846,0.3772699196672041,0.10764717061055813,0.5114226948649686,3.2922066694935888,1.413156730693029,0.0
32,1604,1.7510326617466674,0.5501504581545706,0.14802656785674886,0.520984338732539,0.11688815138284145,0.13571234060229642,0.013662839933698642,0.37565050165333597,0.10718509887321304,0.5091050279304541,3.294128235133929,1.4141190410622544,0.0
32,1608,1.7553993267385544,0.5479997394586752,0.14744788342186416,0.5188160280922223,0.11640166876997257,0.13458503550270962,0.013549348492435886,0.3740393493998961,0.10672538562160098,0.5068001473499858,3.296039919125153,1.415076317651101,0.0
32,1612,1.7597659917304413,0.5458585115238017,0.1468717526243701,0.5166583208546777,0.11591756513868963,0.1334679102541969,0.013436881907683282,0.37243641039390124,0.10626801587208887,0.5045079651033219,3.297941780469549,1.4160285884868173,0.0
32,1616,1.7641326567223283,0.5437267236840431,0.14629816183181354,0.514511152483424,0.11543582600957468,0.13236086301491667,0.013325429926513392,0.3708416325309968,0.10581297475763836,0.5022283938965512,3.299833877760027,1.4169758814319342,0.0
32,1620,1.7684993217142153,0.5416043256145424,0.1457270975035063,0.5123744589306249,0.11495643701284221,0.13126379308223335,0.01321498241068835,0.36925496411179054,0.10536024752675988,0.49996134715535717,3.3017162691833652,1.4179182241852744,0.0
32,1624,1.772865986706102,0.5394912673286734,0.14515854618976626,0.5102481766327405,0.11447938388736358,0.1301766008785279,0.013105529335231323,0.36767635383822406,0.10490981954247719,0.4977067390183467,3.303589012523422,1.4188556442829523,0.0
32,1628,1.777232651697989,0.5373874991752461,0.14459249453116585,0.5081322425062229,0.11400465247970129,0.1290991879372143,0.012997060787018738,0.36610575080997704,0.10446167628130146,0.4954644843304439,3.3054521651643247,1.4197881690993719,0.0
32,1632,1.781599316689876,0.5352929718357413,0.14402892925778765,0.5060265939432548,0.11353222874315277,0.1280314568889267,0.012889566963389651,0.3645431045209083,0.10401580333221577,0.4932344986363523,3.307305784093629,1.4207158258482144,0.0
32,1636,1.785965981681763,0.5332076363215696,0.14346783718848707,0.5039311688075283,0.11306209873680349,0.12697331144788393,0.012783038170773016,0.36298836485553215,0.1035721863956697,0.4910166981740812,3.3091499259054484,1.4216386415834226,0.0
32,1640,1.79033264667365,0.531131443971357,0.14290920523016182,0.5018459054300666,0.11259424862458932,0.1259246563984746,0.012677464823337124,0.36144148208552734,0.10313081128258321,0.48881099986853666,3.3109846468035595,1.4225566432001773,0.0
32,1644,1.794699311665537,0.529064346448256,0.14235302037702868,0.4997707426050849,0.11212866467436808,0.12488539758202677,0.012572837441657644,0.3599024068662811,0.1026916639133606,0.48661732132517305,3.3128100026044756,1.4234698574358686,0.0
32,1648,1.799065976657424,0.5270062957372827,0.14179926970990678,0.4977056195858938,0.11166533325700022,0.12385544188370545,0.012469146651398538,0.35837109023346736,0.10225473031691407,0.48443558082371535,3.3146260487404993,1.4243783108710608,0.0
32,1652,1.803432641649311,0.5249572441426792,0.14124794039550795,0.4956504760808412,0.11120424084543853,0.12283469721959506,0.012366383182011574,0.35684748359965696,0.10181999662969658,0.4822656973119355,3.3164328402627397,1.4252820299304505,0.0
32,1656,1.8077993066411977,0.5229171442852999,0.1406990196857336,0.4936052522492951,0.11074537401382677,0.12182307252405167,0.012264537865463021,0.3553315387509625,0.10138744909474454,0.48010759039949635,3.3182304318441127,1.42618104088382,0.0
32,1660,1.8121659716330847,0.5208859491000234,0.14015249491697812,0.49156988869766444,0.11028871943660681,0.12082047773712645,0.012163601634967502,0.353823207843714,0.10095707406072914,0.4779611803518532,3.320018877782306,1.427075369846984,0.0
32,1664,1.8165326366249717,0.5188636118331889,0.1396083535094394,0.4895443264754602,0.10983426388763508,0.11982682379216669,0.012063565523739724,0.3523224434011688,0.10052885798101774,0.4758263880842172,3.3217982320027257,1.4279650427827304,0.0
32,1668,1.8208993016168586,0.5168500860400566,0.13906658296643518,0.4875285070713938,0.10938199423930703,0.11884202260363708,0.011964420663768393,0.3508291983102517,0.10010278741274364,0.47370313515558055,3.3235685480614117,1.428850085501755,0.0
32,1672,1.8252659666087456,0.5148453255822911,0.13852717087372624,0.4855223724095134,0.10893189746169042,0.11786598705509732,0.011866158284605853,0.349343425818328,0.0996788490158853,0.4715913437627964,3.3253298791479304,1.429730523663591,0.0
32,1676,1.8296326316006326,0.5128492846254705,0.1379901048988459,0.48352586484537974,0.1084839606216672,0.11689863098725084,0.011768769712164897,0.3478650795300071,0.09925702955235441,0.469490936734721,3.3270822780882394,1.4306063827775324,0.0
32,1680,1.8339992965925196,0.5108619176366174,0.13745537279043588,0.4815389271622768,0.10803817088208341,0.11593986918631316,0.011672246367547741,0.3463941134039781,0.09883731588509284,0.46740183752641307,3.3288257973475317,1.4314776882035505,0.0
32,1684,1.8383659615844063,0.5088831793817531,0.1369229623775882,0.47956150256746144,0.10759451550090775,0.11498961737238744,0.011576579765875747,0.3449304817498748,0.09841969497717828,0.46532397021339067,3.3305604890330485,1.4323444651532067,0.0
32,1688,1.8427326265762933,0.5069130249234757,0.13639286156919345,0.4775935346884476,0.10715298183039788,0.11404779218811001,0.011481761515146299,0.34347413922517167,0.09800415389093844,0.4632572594859418,3.3322864048968763,1.4332067386905583,0.0
32,1692,1.8470992915681803,0.5049514096185604,0.1358650583532952,0.4756349675693285,0.10671355731627524,0.11311431118735271,0.011387783315095419,0.3420250408321105,0.09759067978707417,0.46120163064349756,3.3340035963387087,1.4340645337330582,0.0
32,1696,1.8514659565600673,0.5029982891155824,0.13533954079645033,0.47368574566713323,0.10627622949690768,0.11218909282411715,0.011294636956079693,0.3405831419146559,0.09717925992379078,0.4591570095890541,3.3357121144085937,1.4349178750524503,0.0
32,1700,1.8558326215519543,0.5010536193525613,0.13481629704309525,0.4717458138482188,0.10584098600249993,0.11127205644167049,0.011202314317982513,0.33914839815548004,0.0967698816559377,0.45712332282365364,3.337412009809653,1.4357667872756585,0.0
32,1704,1.8601992865438413,0.49911735655462897,0.13429531531491845,0.4698151173846986,0.10540781455429231,0.11036312226161016,0.01111080736911318,0.337720765572978,0.09636253243415677,0.45510049744091824,3.339103332900776,1.4366112948856702,0.0
32,1708,1.8645659515357282,0.4971894572317186,0.1337765839102386,0.4678936019509039,0.10497670296376681,0.10946221137329815,0.011020108165143185,0.3363002005183106,0.0959571998040386,0.4530884611216398,3.3407861336992934,1.437451422222414,0.0
32,1712,1.868932616527615,0.4952698781762749,0.13326009120338858,0.46598121361988015,0.10454763913186102,0.10856924572334492,0.01093020884804751,0.3348866596724761,0.09555387140528694,0.451087142128419,3.3424604618836278,1.4382871934836317,0.0
32,1716,1.873299281519502,0.49335857646098624,0.13274582564410517,0.4640778988599179,0.10412061104818982,0.10768414810511473,0.010841101645048076,0.3334801000434108,0.09515253497089142,0.4490964693003631,3.3441263667959165,1.4391186327257468,0.0
32,1720,1.877665946511389,0.49145550943653715,0.1322337757569243,0.4621836045311158,0.1036956067902742,0.10680684214869984,0.0107527788676044,0.3320804789631161,0.09475317832630784,0.4471163720478289,3.3457838974446186,1.4399457638647253,0.0
32,1724,1.882032611503276,0.4895606347293835,0.13172393014058253,0.4602982778819786,0.10327261452277807,0.10593725231056794,0.010665232910371341,0.3306877540848156,0.09435578938864689,0.4451467803472216,3.347433102507094,1.440768610676931,0.0
32,1728,1.886399276495163,0.4876739102395463,0.13121627746742343,0.45842186654604705,0.10285162249675203,0.10507530386379926,0.010578456250216226,0.32930188338013716,0.09396035616587023,0.4431876247358476,3.3490740303321624,1.4415871967999776,0.0
32,1732,1.89076594148705,0.48579529413842687,0.1307108064828096,0.45655431853855954,0.1024326190488845,0.10422092288811058,0.01049244144521452,0.3279228251363234,0.09356686675599449,0.44123883630680805,3.35070672894264,1.442401545733574,0.0
32,1736,1.8951326064789369,0.4839247448666434,0.1302075060045407,0.4546955822531489,0.10201559260076049,0.10337403626026997,0.010407181133684823,0.3265505379534694,0.0931753093463031,0.4393003467039549,3.352331246037854,1.4432116808403637,0.0
32,1740,1.8994992714708239,0.4820622211318854,0.12970636492227608,0.45284560645856703,0.10160053165812688,0.10253457164442636,0.010322668033215307,0.3251849807417855,0.09278567221256531,0.43737208811688677,3.3539476289961345,1.4440176253467607,0.0
32,1744,1.9038659364627106,0.48020768190679036,0.12920737219696346,0.45100434029544473,0.10118742481016531,0.10170245748267348,0.010238894939713734,0.3238261127188881,0.09239794371826314,0.435453993276,3.355555924877287,1.4448194023437781,0.0
32,1748,1.9082326014545976,0.4783610864268381,0.12871051686027243,0.44917173327308046,0.1007762607287718,0.1008776229857844,0.01015585472647466,0.3224738934071154,0.09201211231382546,0.4335459954475813,3.3571561804250423,1.445617034787854,0.0
32,1752,1.9125992664464846,0.4765223941882659,0.12821578801403338,0.4473477352662608,0.10036702816784333,0.10005999812393185,0.010073540343245205,0.32112828263086873,0.09162816653586944,0.43164802842895755,3.358748442069485,1.44641054550167,0.0
32,1756,1.9169659314383716,0.47469156494600234,0.12772317482968173,0.44553229651211185,0.0999597159625715,0.09924951361769274,0.009991944815319426,0.31978924051398055,0.0912460950064495,0.429760026543687,3.3603327559294613,1.447199957174965,0.0
32,1760,1.9213325964302586,0.47286855871162053,0.12723266654770704,0.44372536760698017,0.09955431302874262,0.09844610092898165,0.009911061242625549,0.3184567274771067,0.09086588643231328,0.4278819246367961,3.3619091678149684,1.4479852923653451,0.0
32,1764,1.9256992614221455,0.4710533357513101,0.1267442524771074,0.44192689950334446,0.09915080836204496,0.09764969225233244,0.009830882798848249,0.3171307042351438,0.09048752960416472,0.4260136580700698,3.3634777232295177,1.448766573499087,0.0
32,1768,1.9300659264140325,0.46924585658386786,0.1262579219948489,0.4401368435067561,0.09874919103738214,0.09686022050605203,0.009751402730538055,0.31581113179467174,0.09011101339593432,0.4241551627173805,3.3650384673724845,1.4495438228719386,0.0
32,1772,1.9344325914059193,0.4674460819787071,0.12577366454532982,0.43835515127280994,0.09834945020819372,0.09607761932371517,0.009672614356255084,0.3144979714514204,0.0897363267640563,0.42230637496006745,3.366591445141433,1.4503170626499104,0.0
32,1776,1.9387992563978063,0.46565397295388467,0.1252914696398499,0.43658177480414295,0.0979515751057816,0.095301823045574,0.009594511065704197,0.3131911847877605,0.0893634587467527,0.42046723168235967,3.3681367011344236,1.4510863148700668,0.0
32,1780,1.9431659213896932,0.4638694907741475,0.12481132685608476,0.4348166664474633,0.09755555503864363,0.09453276671025179,0.009517086318898775,0.31189073367021863,0.0889923984633243,0.4186376702668422,3.3696742796522985,1.451851601441309,0.0
32,1784,1.9475325863815802,0.4620925969489958,0.12433322583756454,0.43305977889060665,0.09716137939181307,0.0937703860464012,0.009440333645320898,0.3105965802470165,0.0886231351134485,0.4168176285899695,3.3712042247009486,1.4526129441451543,0.0
32,1788,1.9518992513734672,0.4603232532307642,0.12385715629315795,0.43131106515961987,0.09676903762620431,0.09301461746456852,0.009364246643102299,0.3093086869456319,0.08825565797648346,0.4150070450176189,3.3727265799935644,1.453370364636511,0.0
32,1792,1.9562659163653542,0.4585614216127212,0.12338310799656063,0.4295704786158757,0.09637851927796554,0.09226539804914324,0.009288818978213867,0.3080270164703858,0.08788995641077942,0.41320585840069274,3.37424138895286,1.4541238844444475,0.0
32,1796,1.9606325813572412,0.4568070643271855,0.12291107078578843,0.42783797295321113,0.09598981395783665,0.09152266555035737,0.009214044383660188,0.3067515318000493,0.08752601985299613,0.41141400807075534,3.3757486947132875,1.4548735249729572,0.0
32,1800,1.964999246349128,0.45506014384365967,0.12244103456267522,0.4261135021950961,0.0956029113505141,0.09078635837649784,0.009139916658695532,0.30548219618547645,0.08716383781742723,0.409631433835721,3.3772485401232237,1.4556193075017176,0.0
32,1804,1.969365911341015,0.45332062286698066,0.12197298929237524,0.4243970206918276,0.0952178012140213,0.09005641558605504,0.009066429668033397,0.3042189731472568,0.08680339989533058,0.40785807597557777,3.378740967747144,1.4563612531868466,0.0
32,1808,1.973732576332902,0.4515884643354879,0.12150692500287023,0.4226884831177516,0.09483447337908538,0.08933277688020524,0.008993577341089687,0.30296182647339276,0.08644469575426543,0.40609387523815504,3.3802260198677767,1.4570993830616517,0.0
32,1812,1.9780992413247889,0.4498636314192072,0.1210428317844808,0.4209878444685102,0.09445291774851951,0.08861538259512258,0.008921353671208714,0.30171072021699696,0.08608771513743552,0.40433877283493397,3.3817037384882385,1.4578337180373766,0.0
32,1816,1.9824659063166759,0.44814608751805224,0.12058069978938242,0.41929506005831607,0.09407312429661141,0.08790417369466752,0.008849752714927108,0.30046561869401334,0.08573244786303867,0.4025927104368947,3.383174165334148,1.458564278903942,0.0
32,1820,1.9868325713085628,0.44643579626004143,0.12012051923112574,0.41761008551725304,0.09369508306851776,0.08719909176286933,0.008778768591217,0.2992264864809585,0.08537888382362249,0.4008556301704065,3.3846373418557305,1.4592910863306816,0.0
32,1824,1.9911992363004498,0.44473272149953136,0.1196622803841612,0.41593287678860075,0.09331878417966387,0.08650007899682777,0.008708395480771389,0.2979932884126852,0.08502701298544613,0.39912747461315773,3.386093309229896,1.4600141608670747,0.0
32,1828,1.9955659012923368,0.44303682731546723,0.11920597358336835,0.41426339012618685,0.0929442178151497,0.08580707819943711,0.008638627625271638,0.29676598958016714,0.08467682538784824,0.39740818679012446,3.387542108362303,1.4607335229434724,0.0
32,1832,1.9999325662842236,0.4413480780096472,0.11875158922358878,0.4126015820917625,0.09257137422916095,0.08512003277231628,0.008569459326675712,0.29554455532830426,0.08432831114262071,0.39569771016957717,3.388983779889406,1.4614491928718212,0.0
32,1836,2.0042992312761108,0.4396664381050048,0.11829911775916398,0.4109474095524045,0.09220024374438628,0.08443888670892363,0.008500884946525017,0.2943289512537495,0.08398146043338868,0.3939959886591298,3.390418364180485,1.4621611908463805,0.0
32,1840,2.0086658962679977,0.43799187234390474,0.1178485497034769,0.4093008296779401,0.09183081675143949,0.08376358458754396,0.00843289890523835,0.29311914320275545,0.08363626351499596,0.3923029666018231,3.391845901339654,1.4628695369444367,0.0
32,1844,2.0130325612598843,0.4363243456864556,0.1173998756284978,0.4076617999383981,0.09146308370828765,0.08309407156451698,0.008365495681430203,0.29191509726904163,0.08329271071289668,0.3906185887722456,3.393266431207862,1.4635742511270122,0.0
32,1848,2.0173992262517713,0.4346638233088379,0.11695308616433449,0.406030278101483,0.09109703513968442,0.08243029336759378,0.008298669811241893,0.2907167797916828,0.0829507924225526,0.38894280037269807,3.394679993364864,1.4642753532395705,0.0
32,1852,2.0217658912436582,0.4330102706016457,0.11650817199878612,0.4044062222300738,0.09073266163660888,0.08177219628920795,0.008232415887664156,0.28952415735301595,0.08261049910883599,0.3872755470293862,3.396086627131189,1.4649728630127155,0.0
32,1856,2.0261325562355452,0.4313636531682451,0.11606512387690143,0.4027895906797451,0.09036995385570934,0.08111972717998839,0.00816672855988404,0.2883371967765676,0.08227182130543823,0.3856167747886571,3.3974863715700785,1.465666800062889,0.0
32,1860,2.030499221227432,0.42972393682314597,0.11562393260054074,0.4011803420963137,0.09000890251875289,0.08047283344227196,0.008101602532631792,0.287155865125001,0.081934749614284,0.3839664301132694,3.3988792654894215,1.4663571838930611,0.0
32,1864,2.034865886219319,0.42809108759039016,0.11518458902794217,0.3995784354134067,0.08964949841207984,0.07983146302373001,0.008037032565539207,0.2859801296980825,0.08159927470495112,0.38232445987869895,3.400265347443662,1.4670440338934183,0.0
32,1868,2.039232551211206,0.42646507170195186,0.11474708407329132,0.39798382985005293,0.08929173238606325,0.07919556441106579,0.007973013472505118,0.2848099580306667,0.08126538731409563,0.3806908113694812,3.4016446557356965,1.467727369342046,0.0
32,1872,2.043599216203093,0.42484585559615407,0.11431140870629511,0.3963964849082975,0.08893559535457381,0.07856508662383277,0.007909540121073056,0.28364531789070113,0.08093307824488234,0.37906543227558775,3.403017228418755,1.4684072094056082,0.0
32,1876,2.04796588119498,0.4232334059160992,0.11387755395175964,0.39481636037083884,0.08858107829444961,0.0779399792082458,0.007846607431808185,0.2824861772772496,0.08060233836642103,0.3774482706888379,3.404383103298267,1.46908357314002,0.0
32,1880,2.052332546186867,0.4216276895081133,0.1134455108891714,0.39324341629868764,0.08822817224497095,0.0773201922311415,0.007784210377689263,0.28133250441853436,0.08027315861320762,0.3758392750993481,3.4057423179337065,1.4697564794911204,0.0
32,1884,2.056699211178754,0.42002867342020384,0.11301527065228249,0.39167761302884807,0.08787686830734008,0.0767056762740026,0.00772234398350705,0.28018426776999583,0.0799455299845707,0.37423839439200823,3.407094909640429,1.4704259472953365,0.0
32,1888,2.061065876170641,0.4184363249005324,0.11258682442869958,0.3901189111720206,0.0875271576441658,0.07609638242701777,0.007661003325266274,0.2790414360123719,0.07961944354412344,0.3726455778429994,3.4084409154914868,1.4710919952803465,0.0
32,1892,2.065432541162528,0.41685061139590013,0.11216016345947638,0.38856727161032656,0.08717903147895298,0.07549226228336181,0.007600183529609793,0.2779039780497941,0.07929489041922029,0.3710607751163409,3.409780372319436,1.471754642065737,0.0
32,1896,2.069799206154415,0.41527150055024703,0.11173527903870994,0.3870226554950541,0.08683248109559677,0.07489326793323414,0.007539879773218418,0.2767718630079022,0.07897186180041914,0.36948393626047177,3.4111133167181205,1.4724139061636574,0.0
32,1900,2.074165871146302,0.4136989602031652,0.11131216251314054,0.3854850242444257,0.08648749783788179,0.07429935195838056,0.007480087282259392,0.27564506023197693,0.07865034894094845,0.36791501170486396,3.412439785044446,1.4730698059794678,0.0
32,1904,2.0785325361381886,0.4121329583884239,0.11089080528175481,0.3839543395413855,0.08614407310898564,0.0737104674263449,0.007420801331807676,0.27452353928508927,0.07833034315617922,0.3663539522566693,3.413759813420139,1.4737223598123874,0.0
32,1908,2.0828992011300755,0.41057346333250966,0.11047119879539305,0.3824305633314089,0.0858021983709875,0.07312656788500504,0.0073620172452958585,0.27340726994626763,0.07801183582310198,0.364800709097399,3.41507343773349,1.4743715858561335,0.0
32,1912,2.0872658661219625,0.4090204434531778,0.11005333455635935,0.38091365782033104,0.08546186514438094,0.07254760735703769,0.007303730393956904,0.2722962222086826,0.07769481837980888,0.3632552337796322,3.4163806936410834,1.4750175021995602,0.0
32,1916,2.0916325311138495,0.4074738673580175,0.1096372041180356,0.37940358547219705,0.08512306500759151,0.07197354033458936,0.007245936196287648,0.2711903662778477,0.0773792823249803,0.3617174782237608,3.41768161656951,1.4756601268272918,0.0
32,1920,2.0959991961057365,0.4059337038430302,0.10922279908449893,0.37790030900713184,0.08478578959649895,0.07140432177385492,0.007188630117502994,0.2700896725698381,0.07706521921737662,0.3601873947147588,3.4189762417170684,1.4762994776203517,0.0
32,1924,2.1003658610976235,0.40439992189121865,0.10881011111014212,0.376403791399229,0.0844500306039634,0.07083990708986221,0.007131807669010856,0.2689941117095247,0.07675262067533425,0.3586649358989891,3.420264604055453,1.47693557235679,0.0
32,1928,2.1047325260895104,0.40287249067119163,0.10839913189929809,0.3749139958744615,0.08411577977935675,0.07028025215129219,0.007075464407890675,0.26790365452882625,0.07644147837626704,0.3571500547810387,3.4215467383314246,1.477568428712303,0.0
32,1932,2.1090991910813974,0.4013513795357775,0.10798985320586696,0.37343088590860907,0.08378302892809755,0.06972531327524933,0.00701959593636693,0.2668182720649766,0.07613178405617177,0.3556427047205804,3.4228226790684686,1.4781980642608528,0.0
32,1936,2.1134658560732844,0.3998365580206534,0.10758226683294717,0.37195442522520805,0.08345176991119112,0.06917504722231627,0.006964197901311264,0.265737935558809,0.07582352950913865,0.354142839429271,3.424092460568441,1.4788244964752795,0.0
32,1940,2.1178325210651714,0.3983279958429831,0.10717636463246896,0.37048457779351723,0.08312199464477306,0.06862941119143073,0.006909265993726718,0.264662616453055,0.0755167065868659,0.35265041296767285,3.425356116913198,1.4794477427279142,0.0
32,1944,2.1221991860570584,0.39682566290007015,0.10677213850483198,0.369021307826505,0.08279369509965775,0.06808836281500419,0.006854795948256304,0.2635922863906611,0.07521130719817953,0.3511653797422094,3.4266136819662165,1.4800678202911823,0.0
32,1948,2.1265658510489454,0.395329529268021,0.1063695803985456,0.36756457977885426,0.08246686330089069,0.06755186015400483,0.006800783542687981,0.26252691721312,0.07490732330855704,0.3496876945021486,3.4278651893741947,1.480684746338209,0.0
32,1952,2.1309325160408323,0.3938395652004201,0.10596868230987243,0.3661143583449858,0.08214149132730496,0.06701986169318985,0.0067472245974746665,0.26146648095881697,0.07460474693965577,0.34821731233661224,3.4291106725686453,1.4812985379434152,0.0
32,1956,2.1352991810327193,0.3923557411270174,0.1055694362824751,0.36467060845710053,0.08181757131108211,0.06649232633624536,0.006694114975244945,0.260410949861393,0.07430357016884569,0.34675418867161784,3.4303501647674732,1.4819092120831152,0.0
32,1960,2.1396658460246063,0.39087802765242624,0.10517183440706607,0.36323329528323933,0.08149509543731676,0.06596921340116779,0.006641450580338096,0.25936029634812197,0.07400378512874645,0.3452982792671468,3.431583698976541,1.4825167856361068,0.0
32,1964,2.144032511016493,0.3894063955548343,0.10477586882106059,0.36180238422536126,0.08117405594358545,0.06545048261558861,0.006589227358333404,0.25831449303830306,0.07370538400676867,0.34384954021423847,3.4328113079912197,1.4831212753842595,0.0
32,1968,2.14839917600838,0.3879408157847242,0.10438153170823258,0.3603778409174397,0.08085444511951952,0.06493609411216994,0.006537441295586616,0.257273512741669,0.07340835904465971,0.3424079279321182,3.4340330243979293,1.4837226980130984,0.0
32,1972,2.152765841000267,0.3864812594636065,0.1039888152983737,0.35895963122357605,0.08053625530638188,0.06442600842408552,0.006486088418774984,0.2562373284568079,0.07311270253805348,0.3409733991653432,3.435248880575664,1.4843210701123841,0.0
32,1976,2.157132505992154,0.3850276978827627,0.10359771186695516,0.3575477212361299,0.08021947889664746,0.06392018648058695,0.006435164794450901,0.2552059133696002,0.0728184068360243,0.33954591098098547,3.4364589086975084,1.4849164081766912,0.0
32,1980,2.1614991709840408,0.38358010250200064,0.10320821373479276,0.35614207727386865,0.07990410833358814,0.06341858960247748,0.006384666528586222,0.254179240851671,0.07252546434064543,0.3381254207658338,3.4376631407321367,1.4855087286059794,0.0
32,1984,2.1658658359759277,0.38213844494841953,0.1028203132677147,0.35474266588013215,0.07959013611086088,0.06292117949787723,0.006334589766145928,0.25315728445885455,0.07223386750655088,0.3367118862236254,3.4388616084453054,1.4860980477061645,0.0
32,1988,2.1702325009678147,0.38070269701518666,0.10243400287623235,0.35334945382101557,0.0792775547721001,0.062427918257817794,0.006284930690644611,0.2521400179296759,0.07194360884050217,0.33530526537230565,3.440054343401326,1.486684381689684,0.0
32,1992,2.1745991659597017,0.3792728306603242,0.1020492750152139,0.3519624080835685,0.07896635691051357,0.06193876835199319,0.006235685523718707,0.25112741518384385,0.07165468090095838,0.33390551654131084,3.4412413769645345,1.4872677466760598,0.0
32,1996,2.1789658309515887,0.3778488180055063,0.10166612218356062,0.3505814958740103,0.07865653516848205,0.061453692624638734,0.006186850524711592,0.2501194503207592,0.07136707629765039,0.33251259836887664,3.442422740300742,1.4878481586924575,0.0
32,2000,2.1833324959434757,0.3764306313348678,0.1012845369238864,0.34920668461596294,0.0783480822371628,0.06097265429024645,0.00613842199024224,0.24911609761803716,0.07108078769115941,0.3311264697993734,3.4435984643786774,1.4884256336742414,0.0
32,2004,2.1876991609353627,0.3750182430938224,0.10090451182219969,0.3478379419486999,0.07804099085609667,0.06049561692956473,0.006090396253802483,0.2481173315300424,0.07079580779249892,0.32974709008066955,3.444768579971415,1.4890001874655272,0.0
32,2008,2.1920658259272496,0.3736116258878907,0.10052603950758822,0.34647523572540917,0.07773525381281846,0.060022544485498486,0.006042769685344261,0.24712312668643774,0.07051212936270054,0.3283744187615109,3.4459331176577943,1.4895718358197307,0.0
32,2012,2.1964324909191366,0.3722107524815399,0.10014911265190679,0.3451185340114761,0.07743086394247153,0.05955340125912301,0.005995538690878319,0.24613345789074742,0.07022974521240412,0.32700841568893635,3.4470921078238255,1.4901405944001125,0.0
32,2016,2.2007991559110236,0.3708155957970323,0.09977372396946742,0.3437678050827782,0.07712781412742542,0.05908815190572625,0.0059486997120757595,0.24514830011893204,0.06994864820145114,0.32564904100570835,3.4482455806640844,1.4907064787803204,0.0
32,2020,2.20516582090291,0.36942612891328425,0.09939986621673234,0.3424230174239981,0.07682609729689711,0.05862676143088663,0.005902249225873179,0.24416762851797782,0.0696688312384821,0.3242962551477747,3.4493935661830952,1.4912695044449276,0.0
32,2024,2.209532485894797,0.36804232506473383,0.09902753219200937,0.34108413972695006,0.07652570642657576,0.05816919518664321,0.0058561837440870975,0.24319141840449757,0.06939028728053745,0.3229500188417461,3.450536094196705,1.4918296867899687,0.0
32,2028,2.213899150886684,0.36666415764022114,0.09865671473515056,0.33975114088892433,0.07622663453825113,0.05771541886768006,0.005810499813029824,0.24221964526334647,0.06911300933266255,0.3216102931024103,3.4516731943334418,1.4923870411234699,0.0
32,2032,2.218265815878571,0.365291600181875,0.0982874067272527,0.3384239900110441,0.07592887469944497,0.05726539850750356,0.005765194013124603,0.24125228474624857,0.06883699044751578,0.32027703923025475,3.4528048960358677,1.4929415826659787,0.0
32,2036,2.222632480870458,0.3639246263840114,0.09791960109036091,0.33710265639663906,0.07563242002304614,0.056819100474839956,0.005720262958542937,0.2402893126704371,0.06856222372498057,0.31895021880902247,3.4539312285619146,1.4934933265510892,0.0
32,2040,2.226999145862345,0.36256321009204007,0.09755329078717442,0.33578710954963287,0.07533726366694879,0.056376491469862344,0.0056757032968247426,0.2393307050173066,0.06828870231178083,0.31762979370329025,3.455052220986216,1.4940422878259638,0.0
32,2044,2.231365810854232,0.3612073253013819,0.09718846882075537,0.3344773191729468,0.07504339883369425,0.05593753852056693,0.005631511708513527,0.23837643793107835,0.06801641940110015,0.31631572605606406,3.4561679022014222,1.4945884814518515,0.0
32,2048,2.235732475846119,0.3598569461563943,0.09682512823423953,0.33317325516691615,0.07475081877011563,0.055502208979262946,0.005587684906803011,0.23742648771747688,0.06774536823220415,0.31500797828640315,3.457278300919509,1.4951319223046038,0.0
32,2052,2.240099140838006,0.35851204694930666,0.09646326211054994,0.33187488762772266,0.07445951676698627,0.05507047051896308,0.005544219637173738,0.23648083084241953,0.06747554209006659,0.31370651308706415,3.4583834456730704,1.4956726251751873,0.0
32,2056,2.244465805829893,0.3571726021191642,0.09610286357211274,0.3305821868458396,0.07416948615867074,0.054642291129894716,0.005501112677041838,0.23553944393071738,0.06720693430499872,0.3124112934221648,3.4594833648166103,1.496210604770192,0.0
32,2060,2.24883247082178,0.3558385862507817,0.09574392578057568,0.32929512330449334,0.07388072032277974,0.05421763911606803,0.005458360835413527,0.23460230376478844,0.06693953825228201,0.3111222825248746,3.4605780865278124,1.4967458757123382,0.0
32,2064,2.253199135813667,0.3545099740737057,0.09538644193652883,0.32801366767813644,0.07359321267982755,0.05379648309183693,0.005415960952538874,0.23366938728338263,0.0666733473518045,0.3098394438951243,3.461667638808808,1.4972784525409781,0.0
32,2068,2.257565800805554,0.3531867404611854,0.09503040527922764,0.32673779083093607,0.07330695669289282,0.05337879197853823,0.005373909899573453,0.2327406715803179,0.06640835506770004,0.3085627412973354,3.4627520494874315,1.497808349712597,0.0
32,2072,2.261932465797441,0.3518688604291528,0.09467580908631867,0.3254674638152759,0.07302194586728251,0.052964535001187585,0.005332204578245703,0.2318161339032287,0.0661445549079913,0.30729213875817374,3.4638313462184644,1.498335581601308,0.0
32,2076,2.266299130789328,0.35055630913521085,0.09432264667356727,0.32420265787027175,0.07273817375019886,0.05255368168508312,0.005290841920515006,0.23089575165232512,0.06588194042423563,0.3060276005643244,3.46490555648487,1.4988601624993478,0.0
32,2080,2.2706657957812144,0.34924906187763183,0.093970911394588,0.32294334442030026,0.07245563393040921,0.05214620185268615,0.0052498188882576435,0.22997950237916395,0.06562050521117442,0.3047690912602842,3.4659747075990195,1.4993821066175648,0.0
32,2084,2.2750324607731014,0.34794709409436164,0.09362059664057684,0.32168949507354117,0.07217432003791907,0.051742065620345556,0.005209132472937031,0.22906736378543058,0.06536024290638558,0.303516575646177,3.4670388267039045,1.4999014280859073,0.0
32,2088,2.2793991257649884,0.3466503813620347,0.09327169584004606,0.3204410816205325,0.07189422574364784,0.051341243395071956,0.00516877969527895,0.22815931372173148,0.06510114718993892,0.3022700187755902,3.4680979407743466,1.5004181409539088,0.0
32,2092,2.2837657907568754,0.34535889939499687,0.09292420245856135,0.3191980760327398,0.07161534475910789,0.05094370587151076,0.005128757604966821,0.22725533018639943,0.06484321178405535,0.3010293859534311,3.4691520766181903,1.5009322591911678,0.0
32,2096,2.2881324557487623,0.3440726240443353,0.09257810999848079,0.31796045046113686,0.07133767083608605,0.05054942402873053,0.00508906328031836,0.22635539132430715,0.06458643045276825,0.2997946427338005,3.4702012608774893,1.5014437966878276,0.0
32,2100,2.2924991207406493,0.3427915312969185,0.09223341199869652,0.3167281772348004,0.07106119776632841,0.0501583691272387,0.005049693827985145,0.22545947542569394,0.0643307970015888,0.2985657549178908,3.4712455200296843,1.5019527672550508,0.0
32,2104,2.2968657857325363,0.34151559727444325,0.09189010203437835,0.3155012288595175,0.0707859193812278,0.04977051270594046,0.005010646382646446,0.22456756092500194,0.06407630527717377,0.29734268855189955,3.4722848803887696,1.502459184625491,0.0
32,2108,2.3012324507244233,0.34024479823248893,0.09154817371671932,0.31427957801640377,0.07051182955151383,0.04938582657909052,0.004971918106702348,0.22367962639972214,0.06382294916699643,0.29612540992496433,3.4733193681064507,1.5029630624537647,0.0
32,2112,2.3055991157163103,0.33897911055958235,0.091207620692684,0.31306319756053713,0.07023892218694627,0.04900428283342251,0.004933506189984748,0.22279565056925316,0.06357072259902079,0.29491388556712006,3.4743490091732934,1.5034644143169147,0.0
32,2116,2.3099657807081972,0.3377185107762674,0.09086843664475824,0.31185206051960096,0.06996719123601074,0.048625853825171816,0.004895407849457638,0.22191561229376783,0.06331961954137826,0.293708082247266,3.475373829419866,1.5039632537148766,0.0
32,2120,2.3143324457000842,0.3364629755341847,0.09053061529070153,0.31064614009254077,0.06969663068561723,0.0482505121772121,0.004857620328928812,0.2210394905730917,0.0630696340020476,0.2925079669711646,3.4763938545178634,1.504459594070938,0.0
32,2124,2.318699110691971,0.33521248161515826,0.09019415038330122,0.30944540964823325,0.06942723456080155,0.0478782307761918,0.004820140898761594,0.22016726454559113,0.06282076002853773,0.2913135069794458,3.477409109981236,1.504953448732197,0.0
32,2128,2.323065775683858,0.33396700593028944,0.08985903571012872,0.30824984272416656,0.0691589969244292,0.0475089827697488,0.00478296685559442,0.21929891348707137,0.06257299170757329,0.2901246697456422,3.478419621167297,1.5054448309700168,0.0
32,2132,2.327432440675745,0.3327265255190594,0.08952526509329808,0.30705941302513284,0.06889191187690205,0.04714274156368248,0.004746095522056133,0.21843441680968487,0.062326323164783086,0.28894142297423103,3.479425413277828,1.5059337539804787,0.0
32,2136,2.3317991056676317,0.331491017548438,0.08919283238922615,0.30587409442193225,0.06862597355586754,0.04677948081922523,0.004709524246491296,0.21757375406084903,0.06208074856439138,0.28776373459870425,3.4804265113601747,1.5064202308848311,0.0
32,2140,2.3361657706595187,0.3302604593120014,0.08886173148839514,0.3046938609500888,0.0683611761359306,0.04641917445034238,0.00467325040268836,0.21671690492217427,0.06183626210891199,0.2865915727796511,3.4814229403083323,1.5069042747299368,0.0
32,2144,2.3405324356514057,0.32903482822905566,0.08853195631511694,0.30351868680857774,0.06809751382836808,0.04606179662101795,0.004637271389606408,0.21586384920840118,0.061592858038845,0.28542490590285663,3.4824147248640225,1.5073858984887156,0.0
32,2148,2.3448991006432927,0.32781410184376863,0.08820350082729937,0.3023485463585638,0.06783498088084577,0.04570732174258296,0.004601584631106183,0.21501456686634768,0.0613505306323764,0.2842637025774257,3.4834018896177654,1.5078651150605868,0.0
32,2152,2.3492657656351796,0.32659825782430935,0.08787635901621477,0.3011834141221519,0.06757357157713798,0.04535572447114333,0.004566187575691138,0.21416903797386563,0.06110927420508037,0.2831079316339139,3.484384459009936,1.5083419372719074,0.0
32,2156,2.3536324306270666,0.3253872739619931,0.08755052490626984,0.3000232647811473,0.0673132802368494,0.045006979704979244,0.004531077696245624,0.2133272427388064,0.06086908310962407,0.2819575621224881,3.485362457331822,1.5088163778764068,0.0
32,2160,2.3579990956189536,0.32418112817043543,0.08722599255477814,0.29886807317582875,0.06705410121513991,0.044661062581916156,0.004496252489770211,0.2124891614979964,0.06062995173547539,0.28081256331109017,3.486335908726661,1.5092884495556216,0.0
32,2164,2.3623657606108406,0.32297979848471176,0.08690275605173385,0.29771781430373045,0.06679602890245125,0.04431794847690185,0.004461709477137759,0.2116547747162209,0.060391874508612955,0.27967290468363004,3.4873048371906816,1.5097581649193241,0.0
32,2168,2.3667324256027276,0.32178326306052496,0.08658080951958785,0.29657246331843723,0.06653905772423667,0.04397761299939873,0.004427446202830888,0.2108240629852185,0.06015484589123924,0.27853855593818716,3.4882692665741297,1.5102255365059514,0.0
32,2172,2.3710990905946145,0.3205915001733792,0.08626014711302547,0.2954319955283883,0.06628318214069263,0.04364003199095379,0.004393460234697334,0.20999700702268262,0.05991886038149567,0.27740948698523454,3.4892292205822875,1.5106905767830292,0.0
32,2176,2.3754657555865015,0.319404488217761,0.0859407630187461,0.29429638639569317,0.06602839664649306,0.04330518152278984,0.004359749163707444,0.20917358767127364,0.05968391251318074,0.2762856679458735,3.4901847227764837,1.5111532981475952,0.0
32,2180,2.3798324205783885,0.3182222057063269,0.08562265145524454,0.29316561153495707,0.06577469577052587,0.042973037893347055,0.0043263106037066765,0.2083537858976391,0.05944999685547041,0.27516706915009,3.4911357965750995,1.5116137129266187,0.0
32,2184,2.3841990855702755,0.31704463126909765,0.08530580667259435,0.2920396467121175,0.06552207407563192,0.042643577625881335,0.004293142191173812,0.20753758279144238,0.05921710801264104,0.27405366113502183,3.492082465254564,1.5120718333774172,0.0
32,2188,2.3885657505621625,0.3158717436526595,0.08499022295223281,0.2909184678432905,0.06527052615834611,0.04231677746615503,0.004260241584988466,0.20672495956440115,0.05898524062379495,0.2729454146432479,3.4930247519503386,1.5125276716880711,0.0
32,2192,2.3929324155540495,0.3147035217193722,0.0846758946067479,0.2898020509936283,0.06502004664864118,0.04199261438006374,0.004227606466192172,0.20591589754933345,0.058754389362588276,0.27184230062108805,3.4939626796579017,1.5129812399778366,0.0
32,2196,2.397299080545936,0.31353994444658206,0.0843628159796665,0.2886903723761848,0.06477063020967311,0.041671065551362574,0.004195234537759467,0.2051103781992121,0.05852454893696116,0.27074429021691987,3.4948962712337175,1.5134325502975547,0.0
32,2200,2.401665745537823,0.3123809909258436,0.08405098144524498,0.28758340835079366,0.0645222715375294,0.04135210837933556,0.004163123524363266,0.20430838308622862,0.05829571408887064,0.2696513547795131,3.4958255493962036,1.5138816146300575,0.0
32,2204,2.40603241052971,0.31122664036214664,0.0837403854082613,0.2864811354229554,0.06427496536097942,0.04103572047662141,0.00413127117215596,0.20350989390086519,0.05806787959402587,0.2685634658563781,3.4967505367266853,1.5143284448905732,0.0
32,2208,2.410399075521597,0.310076872073149,0.08343102230380847,0.28538353024273316,0.06402870644122662,0.040721879666904215,0.004099675248536942,0.2027148924509737,0.05784104026162534,0.26748059519212763,3.497671255670348,1.5147730529271284,0.0
32,2212,2.414765740513484,0.3089316654884169,0.08312288659709019,0.2842905696036601,0.06378348957166338,0.04041056398278897,0.00406833354193871,0.20192336066086472,0.057615190934096915,0.26640271472685634,3.4985877285371765,1.5152154505209463,0.0
32,2216,2.419132405505371,0.30779100014867006,0.08281597278321777,0.28320223044165477,0.06353930957762778,0.040101751663577545,0.004037243861602974,0.20113528057040317,0.05739032648683981,0.2653297965945347,3.4994999775028934,1.5156556493868454,0.0
32,2220,2.423499070497258,0.30665485570503453,0.08251027538700906,0.2821184898339472,0.0632961613161625,0.03979542115310153,0.0040064040373624715,0.20035063433411304,0.05716644182796914,0.26426181312141617,3.5004080246098854,1.5160936611736329,0.0
32,2224,2.427865735489145,0.3055232119183003,0.08220578896278868,0.28103932499801354,0.0630540396757759,0.039491551097682986,0.00397581191943567,0.19956940422028907,0.05694353189806246,0.2631987368244593,3.501311891768121,1.516529497464497,0.0
32,2228,2.432232400481032,0.3043960486581859,0.08190250809419024,0.2799647132905213,0.06281293957620532,0.03919012034393177,0.003945465378205009,0.19879157261011782,0.05672159166990897,0.26214054040976836,3.502211600756068,1.516963169777396,0.0
32,2232,2.436599065472919,0.30327334590260874,0.08160042739395984,0.27889463220628286,0.06257285596818234,0.03889110793674888,0.003915362304015893,0.19801712199680468,0.05650061614826041,0.2610871967710394,3.503107173221597,1.5173946895654469,0.0
32,2236,2.440965730464806,0.3021550837369607,0.08129954150376138,0.27782905937721764,0.06233378383319987,0.0385944931172304,0.0038855006069656584,0.1972460349847102,0.05628060036958465,0.2600386789880327,3.503998630682882,1.517824068217309,0.0
32,2240,2.445332395456693,0.3010412423533909,0.08099984509398338,0.2767679725713253,0.06209571818328183,0.0383002553206353,0.003855878216698999,0.1964782942884928,0.056061539401821084,0.2589949603250454,3.50488599452929,1.5182513170575667,0.0
32,2244,2.4496990604485798,0.2999318020500927,0.08070133286354722,0.27571134969166583,0.06185865406075431,0.038008374174410164,0.0038264930822090922,0.19571388273226026,0.05584342834413847,0.2579560142294104,3.5057692860222693,1.5186764473471102,0.0
32,2248,2.4540657254404667,0.29882674323059844,0.08040399953971747,0.2746591687753503,0.06162258653801911,0.03771882949619254,0.003797343171636592,0.19495278324872772,0.055626262326694764,0.25692181433000216,3.5066485262962264,1.5190994702835126,0.0
32,2252,2.4584323904323537,0.2977260464030777,0.08010783987791287,0.27361140799253847,0.06138751071732887,0.03743160129184275,0.003768426472071479,0.1941949788783835,0.05541003651039902,0.25589233443575604,3.507523736359397,1.5195203970014057,0.0
32,2256,2.4627990554242403,0.2966296921796432,0.07981284866151972,0.2725680456454477,0.06115342173056469,0.03714666975349701,0.0037397409893570608,0.1934404527686627,0.05519474608667564,0.25486754853420646,3.5083949370947107,1.519939238572853,0.0
32,2260,2.4671657204161273,0.29553766127566145,0.0795190207017064,0.27152906016736883,0.06092031473901537,0.03686401525769867,0.0037112847479018334,0.1926891881731277,0.05498038627723054,0.25384743079003147,3.5092621492606506,1.5203560060077197,0.0
32,2264,2.4715323854080142,0.2944499345090683,0.07922635083723914,0.2704944301216903,0.06068818493315839,0.036583618363437154,0.0036830557904820507,0.19194116845065523,0.054766952333819195,0.25283195554361637,3.510125393492103,1.520770710254043,0.0
32,2268,2.475899050399901,0.2933664927996908,0.07893483393429958,0.2694641342009313,0.06045702753244308,0.03630545981033606,0.0036550521780593114,0.19119637706463155,0.054554439538016954,0.2518210973096257,3.5109846903012043,1.5211833621983977,0.0
32,2272,2.480265715391788,0.29228731716857526,0.078644464886304,0.26843815122578496,0.06022683778507586,0.03602952051677022,0.0036272719895909964,0.1904547975821551,0.05434284320099159,0.25081483077559213,3.5118400600781756,1.5215939726662586,0.0
32,2276,2.484632380383675,0.2912123887373189,0.07835523861372347,0.26741646014416687,0.05999761096780682,0.03575578157802539,0.0035997133218449934,0.1897164136732445,0.0541321586632773,0.2498131308005172,3.5126915230921596,1.5220025524223646,0.0
32,2280,2.488999045375562,0.29014168872740864,0.07806715006390592,0.26639904003027437,0.05976934238571866,0.035484224264536124,0.003572374289222294,0.18898120911005523,0.0539223812945512,0.24881597241348277,3.513539099492042,1.5224091121710766,0.0
32,2284,2.493365710367449,0.28907519845956337,0.07778019421089925,0.2653858700836521,0.05954202737201702,0.035214830020038335,0.0035452530235710058,0.18824916776610176,0.053713506493411334,0.24782333081227542,3.5143828093072718,1.5228136625567357,0.0
32,2288,2.497732375359336,0.2880128993530831,0.07749436605527607,0.2643769296282672,0.05931566128782298,0.03494758045983559,0.0035183476740118097,0.18752027361548762,0.053505529687157036,0.2468351813620289,3.515222672448675,1.5232162141640175,0.0
32,2292,2.502099040351223,0.28695477292520327,0.0772096606239601,0.2633721981115921,0.059090239521967326,0.034682457369072495,0.003491656406764133,0.186794510732142,0.05329844633157112,0.24585149959386887,3.5160587087092607,1.523616777518286,0.0
32,2296,2.50646570534311,0.28590080079045255,0.07692607297005331,0.26237165510369437,0.05886575749078628,0.034419442700937,0.0034651774049651663,0.18607186328906242,0.05309225191070371,0.24487226120357944,3.516890937765021,1.5240153630859432,0.0
32,2300,2.510832370334997,0.28485096466001747,0.07664359817266497,0.2613752802963355,0.058642210637919356,0.03415851857499774,0.0034389088685024775,0.18535231555756437,0.052886941936658244,0.24389744205027677,3.5177193791757237,1.5244119812747787,0.0
32,2304,2.515199035326884,0.28380524634111143,0.07636223133674189,0.26038305350207697,0.058419594434108775,0.03389966727554139,0.0034128490138466204,0.18463585190653775,0.052682511949379215,0.24292701815509402,3.5185440523857068,1.5248066424343159,0.0
32,2308,2.519565700318771,0.28276362773634917,0.07608196759290006,0.2593949546533945,0.058197904377000745,0.03364287124982468,0.003386996073875161,0.18392245680170996,0.05247895751644198,0.24196096569988404,3.5193649767246504,1.5251993568561553,0.0
32,2312,2.5239323653106576,0.2817260908431255,0.0758028020972576,0.2584109638017994,0.05797713599094831,0.03338811310649703,0.003361348297713875,0.1832121148049146,0.05227627423284405,0.2409992610259257,3.5201821714083628,1.5255901347743177,0.0
32,2316,2.5282990303025445,0.2806926177529991,0.0755247300312688,0.25743106111696723,0.05775728482681587,0.03313537561392366,0.003335903950567924,0.18250481057336695,0.0520744577207984,0.24004188063264686,3.5209956555395436,1.5259789863655846,0.0
32,2320,2.5326656952944315,0.27966319065108214,0.07524774660156007,0.2564552268858751,0.05753834646178564,0.03288464169855132,0.0033106613135573306,0.18180052885894654,0.051873503629528715,0.23908880117635972,3.5218054481085517,1.526365921749835,0.0
32,2324,2.5370323602863185,0.27863779181543363,0.07497184703976655,0.2554834415119454,0.057320316499165525,0.03263589444340198,0.0032856186835653256,0.18109925450748462,0.05167340763506612,0.2381399994690046,3.522611567994163,1.5267509509903823,0.0
32,2328,2.5413990252782055,0.277616403616458,0.07469702660237036,0.25451568551419745,0.05710319056819874,0.03238911708638881,0.003260774373068811,0.18040097245805878,0.051474165440047924,0.23719545247690665,3.5234140339643223,1.5271340840943068,0.0
32,2332,2.5457656902700925,0.2765990085163087,0.07442328057054017,0.25355193952640576,0.05688696432387504,0.03214429301880983,0.003236126709986711,0.17970566774229355,0.051275772773518004,0.2362551373195429,3.5242128646768895,1.5275153310127894,0.0
32,2336,2.5501323552619795,0.2755855890682958,0.07415060424997172,0.2525921842962661,0.05667163344674357,0.03190140578378475,0.003211674037522597,0.17901332548366636,0.05107822539072882,0.23531903126832118,3.5250080786803855,1.5278947016414397,0.0
32,2340,2.5544990202538664,0.27457612791629876,0.0738789929707299,0.2516364006845687,0.05645719364272735,0.03166043907474858,0.003187414714013032,0.17832393089682083,0.050881519072945476,0.23438711174536975,3.5257996944147196,1.5282722058206248,0.0
32,2344,2.5588656852457534,0.27357060779418435,0.07360844208709204,0.2506845696643783,0.05624364064293935,0.03142137673390977,0.0031633471127723474,0.17763746928688495,0.050685649627251125,0.23345935632233875,3.526587730211929,1.5286478533357937,0.0
32,2348,2.5632323502376404,0.27256901152522783,0.07333894697739224,0.2497366723202213,0.0560309702035001,0.031184202750793588,0.0031394696219459953,0.17695392604879534,0.05049061288635423,0.23253574271921,3.527372204296894,1.529021653917802,0.0
32,2352,2.5675990152295274,0.2715713220215398,0.07307050304386714,0.2487926898472798,0.05581917810535686,0.03094890126072869,0.003115780644358182,0.17627328666662803,0.05029640470839755,0.23161624880312093,3.528153134788065,1.5293936172432339,0.0
32,2356,2.5719656802214144,0.27057752228349696,0.07280310571250279,0.2478526035505924,0.05560826015410431,0.03071545654341179,0.0030922785973673695,0.1755955367129339,0.050103020976768574,0.23070085258719544,3.52893053969817,1.5297637529347203,0.0
32,2360,2.5763323452133013,0.26958759539917787,0.0725367504328827,0.2469163948442627,0.055398212179806984,0.03048385302145107,0.003068961912719631,0.1749206618480812,0.04991045759991186,0.22978953222938805,3.529704436934927,1.5301320705612584,0.0
32,2364,2.5806990102051883,0.2686015245438022,0.07227143267803714,0.24598404525067263,0.055189030036822774,0.030254075258952184,0.0030458290364062993,0.17424864781960228,0.04971871051114271,0.22888226603133774,3.530474844301743,1.5304985796385264,0.0
32,2368,2.5850656751970753,0.2676192929791757,0.07200714794429366,0.24505553639970495,0.054980709603628455,0.03002610796008298,0.003022878428519467,0.17357948046154745,0.04952777566846273,0.2279790324372309,3.531241779498415,1.5308632896291978,0.0
32,2372,2.589432340188962,0.26664088405313796,0.07174389175112862,0.24413085002797005,0.05477324678264625,0.02979993596770214,0.0030001085631139266,0.1729131456938432,0.04933764905437678,0.22707981003267477,3.532005260121818,1.5312262099432528,0.0
32,2376,2.593799005180849,0.26566628119901586,0.07148165964102003,0.2432099679780411,0.054566637500072214,0.029575544261952302,0.002977517928065534,0.17224962952165662,0.049148326675711555,0.22618457754358295,3.5327653036665967,1.5315873499382884,0.0
32,2380,2.598165670172736,0.26469546793508014,0.07122044717930134,0.24229287219769413,0.054360877705705746,0.029352917958902935,0.002955105024934578,0.1715889180347649,0.04895980456343574,0.2252933138350704,3.5335219275258445,1.5319467189198277,0.0
32,2384,2.602532335164623,0.26372842786400713,0.07096024995401673,0.24137954473915613,0.05415596337278085,0.02913204230925004,0.0029328683688348736,0.17093099740693068,0.04877207877248175,0.22440599791035212,3.534275148991779,1.5323043261416243,0.0
32,2388,2.6068990001565098,0.2627651446723442,0.07070106357577709,0.24046996775835836,0.05395189049779867,0.028912902696859533,0.0029108064882871175,0.1702758538952825,0.04858514538156894,0.22352260890966355,3.535024985256416,1.5326601808059679,0.0
32,2392,2.6112656651483968,0.2618056021299796,0.07044288367761756,0.2395641235141968,0.05374865510036153,0.028695484637573543,0.002888917925098711,0.1696234738397007,0.04839900049302843,0.22264312610918113,3.535771453412234,1.533014292063986,0.0
32,2396,2.6156323301402837,0.26084978408961534,0.07018570591485555,0.23866199436779725,0.05354625322300806,0.028479773777810635,0.002867201234222839,0.168973843662208,0.04821364023262916,0.22176752891995188,3.5365145704528382,1.5333666690159453,0.0
32,2400,2.6199989951321707,0.2598976744862465,0.06992952596495075,0.23776356278178953,0.05334468093105034,0.02826575589335789,0.002845654983636861,0.16832694986636657,0.0480290607494059,0.22089579688684277,3.537254353273613,1.5337173207115498,0.0
32,2404,2.6243656601240577,0.2589492573366418,0.0696743395273653,0.23686881131958473,0.05314393431241176,0.028053416887978244,0.002824277754202106,0.16768277903667891,0.047845258215488275,0.22002790968748823,3.5379908186723754,1.5340662561502376,0.0
32,2408,2.6287323251159447,0.25800451673883007,0.06942014232342567,0.2359777226446603,0.05294400947746662,0.027842742792287822,0.0028030681395508484,0.1670413178379946,0.0476622288259315,0.21916384713125,3.538723983350025,1.534413484281477,0.0
32,2412,2.6330989901078317,0.2570634368715894,0.06916693009618513,0.23509027951985026,0.052744902558880896,0.027633719762377495,0.0027820247459475317,0.16640255301492154,0.047479968798548385,0.2183035891581928,3.5394538639111808,1.534759014005059,0.0
32,2416,2.6374656550997186,0.25612600199394264,0.0689146986102881,0.23420646480664362,0.05254660971145479,0.027426334078619163,0.002761146192168593,0.16576647139124398,0.0472984743737433,0.21744711583805992,3.540180476864819,1.5351028541713887,0.0
32,2420,2.6418323200916056,0.25519219644465296,0.06866344365183434,0.23332626146448465,0.05234912711196579,0.027220572144500466,0.0027404311093851452,0.1651330598693424,0.04711774181434662,0.2165944073692647,3.5409038386249083,1.5354450135817754,0.0
32,2424,2.6461989850834926,0.2542620046417269,0.06841316102824532,0.232449652550083,0.05215245095901385,0.0270164204853387,0.0027198781410335037,0.16450230542962158,0.04693776740545155,0.21574544407788374,3.5416239655110333,1.5357855009887205,0.0
32,2428,2.6505656500753796,0.25333541108191854,0.06816384656813074,0.23157662121672695,0.05195657747286732,0.026813865747087107,0.002699485942695006,0.16387419512994097,0.0467585474542516,0.21490020641667038,3.542340873749021,1.5361243250962031,0.0
32,2432,2.654932315067266,0.25241240034023943,0.06791549612115669,0.2307071507136038,0.051761502895310486,0.02661289469519801,0.0026792531819815613,0.1632487161050516,0.04658007828987988,0.2140586749640631,3.5430545794715567,1.5364614945599657,0.0
32,2436,2.659298980059153,0.25149295706947106,0.06766810555791446,0.2298412243851254,0.05156722348949224,0.026413494213436195,0.002659178538416185,0.16262585556603704,0.046402356263249636,0.21322083042321485,3.543765098718798,1.5367970179877954,0.0
32,2440,2.66366564505104,0.25057706599968227,0.06742167076979076,0.22897882567026,0.05137373553977615,0.02621565130267811,0.002639260703312109,0.16200560079975965,0.046225377746896223,0.2123866536210246,3.5444724474389826,1.5371309039398058,0.0
32,2444,2.668032310042927,0.249664711937748,0.06717618766883812,0.2281199381018681,0.051181035351591464,0.026019353079810514,0.002619498379661904,0.1613879391683101,0.046049139134820026,0.2115561255071755,3.545176641489037,1.5374631609287162,0.0
32,2448,2.672398975034814,0.2487558797668745,0.06693165218764727,0.2272645453060456,0.05098911925128576,0.025824586776593605,0.002599890282023023,0.1607728581084636,0.04587363684233133,0.21072922715318945,3.54587769663517,1.5377937974201281,0.0
32,2452,2.676765640026701,0.2478505544461266,0.0666880602792198,0.22641263100147174,0.05079798358597864,0.02563133973850995,0.002580435136401921,0.1601603451311394,0.04569886730589608,0.2099059397514826,3.5465756285534726,1.5381228218328022,0.0
32,2456,2.681132305018588,0.24694872100995857,0.06644540791684203,0.22556417899876183,0.05060762472341646,0.025439599423705772,0.002561131680147463,0.15955038782086492,0.045524826982983005,0.20908624461443154,3.547270452830509,1.5384502425389324,0.0
32,2460,2.685498970010475,0.24605036456774915,0.06620369109395992,0.2247191731998266,0.05041803905182869,0.025249353401818553,0.0025419786618329,0.15894297383524505,0.04535151235191213,0.20827012317345064,3.5479621849639003,1.5387760678644176,0.0
32,2464,2.689865635002362,0.2451554703033395,0.06596290582405466,0.2238775975972359,0.05022922297978506,0.02506058935297517,0.002522974841155001,0.1583380909044354,0.04517891991170454,0.20745755697807128,3.5486508403629107,1.5391003060891328,0.0
32,2468,2.694232299994249,0.24426402347457524,0.0657230481405195,0.22303943627358785,0.05004117293605407,0.02487329506662661,0.00250411898881674,0.15773572683062,0.045007046181933366,0.20664852769503672,3.549336434349021,1.5394229654471987,0.0
32,2472,2.698598964986136,0.24337600941285134,0.06548411409653733,0.2222046734008838,0.049853885369462746,0.02468745844060294,0.0024854098864321547,0.15713586948749392,0.044835887702576065,0.20584301710739838,3.550018982156507,1.5397440541272482,0.0
32,2476,2.702965629978023,0.24249141352266143,0.06524609976495932,0.22137329323990812,0.049667356748757496,0.024503067479948015,0.0024668463264090326,0.15653850681974993,0.04466544103386805,0.20504100711362366,3.5506984989330035,1.540063580272693,0.0
32,2480,2.70733229496991,0.2416102212811485,0.06500900123818411,0.2205452801396121,0.049481583562465875,0.024320110295938946,0.002448427111850192,0.15594362684256866,0.044495702756157156,0.20424247972671083,3.5513749997400765,1.5403815519819877,0.0
32,2484,2.711698959961797,0.240732418237662,0.06477281462803862,0.21972061853650532,0.04929656231876003,0.024138575105034477,0.0024301510564476133,0.1553512176411151,0.04432666946976001,0.203447417073312,3.552048499553777,1.540697977308892,0.0
32,2488,2.7160656249536834,0.23985799001331526,0.06453753606565896,0.21889929295404933,0.04911228954532067,0.023958450227908656,0.0024120169843851527,0.1547612673700368,0.04415833779481881,0.20265580139286246,3.552719013265203,1.5410128642627325,0.0
32,2492,2.7204322899455704,0.23898692230054797,0.06430316170137271,0.21808128800205825,0.048928761789202586,0.02377972408832818,0.002394023730225519,0.15417376425296833,0.04399070437115998,0.20186761503671838,3.5533865556810507,1.5413262208086616,0.0
32,2496,2.7247989549374574,0.2381192008626919,0.06406968770458205,0.2172665883761037,0.04874597561670113,0.023602385212306842,0.0023761701388251466,0.15358869658203905,0.043823765858153695,0.2010828404673041,3.554051141524162,1.5416380548679147,0.0
32,2500,2.7291656199293444,0.23725481153353886,0.06383711026364758,0.21645517885692422,0.048563927613219746,0.02342642222699709,0.0023584550652226044,0.15300605271738466,0.04365751893457449,0.20030146025726292,3.5547127854340714,1.541948374318068,0.0
32,2504,2.7335322849212313,0.23639374021691328,0.0636054255857732,0.2156470443098404,0.0483826143831387,0.02325182385979474,0.0023408773745484633,0.15242582108666372,0.043491960298463354,0.19952345708861863,3.555371501967544,1.5422571869932915,0.0
32,2508,2.7378989499131183,0.23553597288624648,0.06337462989689172,0.2148421696841741,0.048202032549684797,0.02307857893730869,0.0023234359419215703,0.1518479901845774,0.04332708666699067,0.198748813751943,3.5560273055991156,1.5425645006846032,0.0
32,2512,2.7422656149050053,0.23468149558415557,0.06314471944155138,0.21404054001267267,0.04802217875480222,0.02290667638446564,0.002306129652358917,0.15127254857239392,0.043162894776320536,0.19797751314553166,3.5566802107216233,1.5428703231401206,0.0
32,2516,2.7466322798968923,0.2338302944220242,0.06291569048280318,0.21324214041093767,0.04784304965902433,0.022736105223529535,0.002288957400676923,0.15069948487747606,0.04299938138147592,0.19720953827458224,3.5573302316467337,1.5431746620653104,0.0
32,2520,2.7509989448887793,0.2329823555795875,0.06268753930208916,0.21244695607685912,0.047664641941346744,0.022566854573170758,0.0022719180913977253,0.15012878779281394,0.04283654325620539,0.1964448722503893,3.557977382605469,1.5434775251232369,0.0
32,2524,2.7553656098806663,0.23213766530451949,0.06246026219913133,0.21165497229005312,0.04748695229910116,0.022398913647563745,0.0022550106386583315,0.1495604460765603,0.04267437719285048,0.19568349828953763,3.5586216777487287,1.5437789199348095,0.0
32,2528,2.7597322748725532,0.23129620991202335,0.062233855491821526,0.2108661744113049,0.0473099774478304,0.02223227175543485,0.0022382339661147646,0.14899444855157046,0.04251288000221445,0.1949253997131057,3.5592631311478065,1.5440788540790285,0.0
32,2532,2.76409893986444,0.2304579757844257,0.06200831551611217,0.21008054788201636,0.047133714121164454,0.02206691829921681,0.002221587006856936,0.1484307841049461,0.042352048513432085,0.19417055994587645,3.559901756794902,1.5443773350932275,0.0
32,2536,2.768465604856327,0.22962294937077282,0.06178363862590764,0.20929807822365779,0.046958159070697475,0.021902842774068176,0.002205068703309931,0.1478694416875825,0.042191879573840546,0.1934189625155536,3.560537568603633,1.5446743704733177,0.0
32,2540,2.772832269848214,0.22879111718643036,0.061559821192956596,0.2085187510372243,0.04678330906586582,0.021740034767070426,0.0021886780071531725,0.14731041031371964,0.042032370048851235,0.19267059105198703,3.561170580409541,1.544969967674028,0.0
32,2544,2.777198934840101,0.2279624658126861,0.06133685960674506,0.2077425520026964,0.04660916089382702,0.021578483956311345,0.0021724138792281454,0.14675367906049716,0.041873516821822866,0.19192542928640213,3.5618008059705923,1.545264134109145,0.0
32,2548,2.7815655998319877,0.2271369818963556,0.061114750274390346,0.20696946687850595,0.046435711359339986,0.021418180109996854,0.002156275289448978,0.1461992370675132,0.04171531679393554,0.1911834610506384,3.562428258967677,1.5455568771517507,0.0
32,2552,2.7859322648238747,0.22631465214938998,0.06089348962053549,0.20619948150100423,0.04626295728464562,0.021259113085648096,0.0021402612167216077,0.14564707353638595,0.04155776688406566,0.19044467027639242,3.563052953005106,1.545848204134459,0.0
32,2556,2.7902989298157617,0.2254954633484877,0.060673074087244816,0.20543258178393692,0.04609089550934907,0.021101272829213258,0.002124370648854365,0.1450971777303199,0.04140086402866219,0.1897090409944686,3.563674901611099,1.5461381223496522,0.0
32,2560,2.7946655948076486,0.2246794023347092,0.06045350013390024,0.20466875371792198,0.045919522890302544,0.020944649374236235,0.0021086025824742787,0.14454953897367553,0.04124460518162383,0.18897655733403732,3.564294118238277,1.546426639049713,0.0
32,2564,2.7990322597995356,0.22386645601309288,0.06023476423709794,0.20390798336993135,0.04574883630148906,0.02078923284100398,0.002092956022941234,0.1440041466515417,0.04108898731417705,0.18824720352189606,3.5649106162641413,1.546713761447258,0.0
32,2568,2.8033989247914226,0.22305661135227564,0.060016862890546294,0.20315025688277813,0.045578832633907364,0.020635013435779115,0.0020774299842707174,0.14346099020931255,0.04093400741475533,0.18752096388174155,3.5655244089915588,1.5469994967153684,0.0
32,2572,2.8077655897833096,0.22224985538411535,0.05979979260496423,0.20239556047460674,0.04540950879545757,0.020481981449925968,0.00206202348904583,0.14292005915226735,0.040779662488879286,0.18679782283344415,3.5661355096492375,1.5472838519878196,0.0
32,2576,2.8121322547751966,0.22144617520331603,0.05958354990798043,0.20164388043838793,0.045240861710827814,0.020330127259143183,0.0020467355683400296,0.14238134304515412,0.040625949559037894,0.18607776489233174,3.5667439313921987,1.547566834359309,0.0
32,2580,2.8164989197670836,0.2206455579670557,0.059368131344033195,0.20089520314141712,0.045072888321381746,0.020179441322618175,0.0020315652616320055,0.14184483151177588,0.04047286566457038,0.18536077466847706,3.567349687302251,1.5478484508856836,0.0
32,2584,2.8208655847589705,0.21984799089461798,0.05915353347427128,0.2001495150248178,0.044905585585047106,0.020029914182337905,0.002016511616736292,0.1413105142345819,0.040320407861549654,0.18464683686599268,3.567952790388455,1.548128708584164,0.0
32,2588,2.8252322497508575,0.219053461267025,0.05893975287645517,0.19940680260304813,0.044738950476205,0.019881536462193594,0.002001573689713136,0.1407783809542607,0.040168573222666114,0.18393593628233304,3.5685532535875866,1.548407614433569,0.0
32,2592,2.8295989147427445,0.21826195642667331,0.0587267861448591,0.19866705246341151,0.04457297998558011,0.019734298867263078,0.0019867505447962444,0.14024842146933691,0.04001735883711267,0.1832280578075978,3.5691510897645995,1.5486851753745394,0.0
32,2596,2.8339655797346315,0.2174734637769732,0.05851462989017397,0.19793025126557157,0.04440767112013188,0.019588192183036313,0.0019720412543148156,0.13972062563577187,0.03986676181047075,0.18252318642384924,3.5697463117130788,1.5489613983097579,0.0
32,2600,2.8383322447265185,0.21668797078198984,0.05830328073941086,0.19719638574107054,0.04424302090294644,0.01944320727467641,0.0019574448986191435,0.13919498336656697,0.03971677926459713,0.1818213072044268,3.570338932155699,1.5492362901041696,0.0
32,2604,2.842698909718405,0.2159054649660873,0.05809273533580519,0.19646544269285196,0.04407902637312954,0.019299335086252256,0.0019429605660033604,0.13867148463137052,0.03956740833751179,0.18112240531327387,3.5709289637446697,1.5495098575852002,0.0
32,2608,2.847065574710292,0.21512593391357496,0.05788299033872161,0.1957374089947865,0.043915684585700165,0.019156566640006645,0.0019285873526317559,0.13815011945608743,0.03941864618328648,0.18042646600426798,3.571516419062188,1.5497821075429736,0.0
32,2612,2.851432239702179,0.2143493652683572,0.05767404242355973,0.19501227159120277,0.043752992611485235,0.019014893035596003,0.0019143243624622386,0.13763087792249312,0.039270489971934615,0.17973347462055517,3.5721013106208765,1.5500530467305282,0.0
32,2616,2.855798904694066,0.21357574673358432,0.057465888281660195,0.1942900174964202,0.04359094753701484,0.018874305449386952,0.001900170707175515,0.13711375016784882,0.039122936889301484,0.1790434165938936,3.572683650864229,1.5503226818640308,0.0
32,2620,2.860165569685953,0.2128050660713071,0.05725852462021177,0.19357063379428713,0.04342954646441859,0.018734795133774185,0.001886125506106418,0.13659872638452175,0.03897598413695587,0.17835627744399868,3.573263452167045,1.5505910196229904,0.0
32,2624,2.86453223467784,0.21203731110213334,0.05705194816215886,0.19285410763772182,0.04326878651132264,0.018596353416377553,0.0018721878861630737,0.1360857968196073,0.03882962893208226,0.17767204277789866,3.5738407268358676,1.55085806665047,0.0
32,2628,2.868898899669727,0.21127246970488717,0.05684615564610991,0.1921404262482574,0.043108664810747564,0.01845897169943811,0.0018583569817660968,0.13557495177455486,0.03868386850737406,0.176990698289291,3.57441548710941,1.5511238295532985,0.0
32,2632,2.873265564661614,0.2105105298162704,0.05664114382624625,0.1914295769155901,0.04294917851100706,0.01832264145904361,0.0018446319347706199,0.1350661816047963,0.03853870011092763,0.17631222975790603,3.5749877451589875,1.5513883149022782,0.0
32,2636,2.877632229653501,0.20975147943052638,0.056436909472231664,0.19072154699713145,0.042790324775607416,0.01818735424450324,0.0018310118944033422,0.1345594767193775,0.0383941210061371,0.17563662304887953,3.5755575130889414,1.5516515292323942,0.0
32,2640,2.881998894645388,0.2089953065991068,0.05623344936912273,0.1900163239175639,0.04263210078314786,0.018053101677587335,0.0018174960171859897,0.13405482758059345,0.038250128471590275,0.17496386411212234,3.576124802937062,1.5519134790430218,0.0
32,2644,2.886365559637275,0.20824199943034025,0.056030760317279625,0.18931389516839986,0.042474503727221585,0.017919875451923417,0.0018040834668745101,0.13355222470362524,0.03810671980096506,0.17429393898170453,3.576689626675005,1.5521741707981311,0.0
32,2648,2.890732224629162,0.2074915460891031,0.055828839132277625,0.18861424830754414,0.0423175308163176,0.017787667332321178,0.0017907734143911172,0.1330516586561811,0.03796389230292704,0.17362683377523883,3.57725199620871,1.5524336109264918,0.0
32,2652,2.8950988896210488,0.20674393479649322,0.05562768264481925,0.18791737095886,0.04216117927372337,0.017656469154054832,0.0017775650377520394,0.1325531200581393,0.037821643301027566,0.17296253469327033,3.5778119233788153,1.5526918058218775,0.0
32,2656,2.8994655546129358,0.20599915382950595,0.05542728770064712,0.18722325081173888,0.04200544633742829,0.017526272822266264,0.0017644575220074335,0.13205659958119498,0.03767997013360301,0.1723010280186747,3.5783694199610636,1.5529487618432658,0.0
32,2660,2.9038322196048227,0.20525719152071176,0.055227651160457206,0.18653187562067292,0.04185032926002772,0.017397070311290008,0.001751450059173426,0.13156208794850896,0.03753887015367454,0.1716423001160569,3.578924497666713,1.5532044853150406,0.0
32,2664,2.9081988845967093,0.20451803625793719,0.05502876989981299,0.18584323320483162,0.04169582530862808,0.017268853664020867,0.0017385418481684488,0.13106957593435986,0.03739834072884887,0.17098633743115757,3.5794771681429385,1.5534589825271912,0.0
32,2668,2.9125655495885963,0.20378167648394677,0.05483064080905988,0.18515731144764064,0.041541931764752314,0.017141614991260212,0.0017257320947474274,0.13057905436379874,0.037258379241219726,0.17033312649026439,3.5800274429732366,1.5537122597355097,0.0
32,2672,2.9169322145804832,0.2030481006961286,0.0546332607932406,0.18447409829636532,0.04138864592424644,0.017015346471140447,0.001713020011443839,0.1300905141123068,0.03711898308727014,0.16968265389962658,3.580575333677822,1.5539643231617901,0.0
32,2676,2.92129887957237,0.2023172974461811,0.054436626772010915,0.18379358176169647,0.04123596509718661,0.016890040348407354,0.0017004048174974625,0.1296039461054555,0.03698014967777551,0.16903490634487717,3.5811208517140223,1.5542151789940224,0.0
32,2680,2.925665544564257,0.20158925533980251,0.0542407356795561,0.18311574991733987,0.041083886607787064,0.0167656889339014,0.0016878857388021602,0.12911934131856986,0.03684187643770753,0.16838987059045898,3.581664008476675,1.554464833386588,0.0
32,2684,2.930032209556144,0.20086396303638243,0.05404558446450789,0.18244059089960876,0.040932407794308644,0.01664228460391115,0.00167546200784078,0.12863669077639395,0.036704160806138704,0.16774753347905264,3.5822048152985126,1.5547132924604536,0.0
32,2688,2.934398874548031,0.2001414092486953,0.053851170089862094,0.18176809290701973,0.04078152600896815,0.016519819799533764,0.0016631328636207763,0.12815598555275942,0.03656700023614781,0.16710788193101664,3.582743283450554,1.554960562303363,0.0
32,2692,2.938765539539918,0.1994215827425963,0.05365748953289669,0.18109824419989112,0.04063123861784823,0.0163982870261421,0.0016508975516205597,0.12767721677025629,0.036430392194725936,0.16647090294382103,3.583279424142487,1.5552066489700296,0.0
32,2696,2.943132204531805,0.19870447233671956,0.053464539785090665,0.18043103309994576,0.040481543000808265,0.016277678852759436,0.001638755323726546,0.12720037559990696,0.03629433416268349,0.16583658359149803,3.583813248523053,1.555451558482324,0.0
32,2700,2.947498869523692,0.19799006690217757,0.05327231785204312,0.17976644798991528,0.04033243655139558,0.016157987911469718,0.001626705438173784,0.126725453260842,0.03615882363455766,0.16520491102408702,3.5843447676804217,1.5556952968294664,0.0
32,2704,2.951865534515579,0.1972783553622647,0.053080820753393536,0.1791044773131495,0.0401839166767578,0.0160392068968207,0.0016147471594858665,0.12625244101997987,0.03602385811852107,0.16457587246709385,3.5848739926425717,1.555937869968211,0.0
32,2708,2.956232199507466,0.19656932669216012,0.05289004552274176,0.17844510957322646,0.04003598079755539,0.01592132856530526,0.0016028797584227113,0.12578133019170748,0.03588943513629059,0.16394945522094378,3.5854009343776627,1.5561792838230348,0.0
32,2712,2.960598864499353,0.19586296991863492,0.05269998920756929,0.17778833333356747,0.03988862634787523,0.01580434573477163,0.0015911025119211878,0.12531211213756455,0.0357555522230373,0.16332564666044935,3.5859256037944083,1.5564195442863227,0.0
32,2716,2.96496552949124,0.1951592741197599,0.052510648869160605,0.17713413721705368,0.03974185077514465,0.01568825128382656,0.0015794147030350277,0.12484477826592974,0.035622206927296944,0.1627044342342737,3.586448011742442,1.5566586572185515,0.0
32,2720,2.969332194483127,0.19445822842461669,0.05232202158252542,0.17648250990564712,0.03959565154004637,0.015573038151309504,0.0015678156208818906,0.12437932003171008,0.03548939681088127,0.16208580546440687,3.5869681690126862,1.556896628448473,0.0
32,2724,2.9736988594750136,0.19375982201300987,0.052134104436321285,0.17583344014001345,0.03945002611643385,0.015458699335745507,0.0015563045605882836,0.12391572893603221,0.035357119448789984,0.16146974794564117,3.5874860863377136,1.5571334637732976,0.0
32,2728,2.9780655244669005,0.19306404411518105,0.051946894532776594,0.17518691671914757,0.039304971991247335,0.01534522789479098,0.0015448808232337633,0.12345399652593574,0.0352253724291232,0.16085624934504988,3.5880017743921093,1.557369168958874,0.0
32,2732,2.9824321894587875,0.1923708840115261,0.05176038898761455,0.17454292850000366,0.03916048666443082,0.015232616944686583,0.001533543715795856,0.1229941143940705,0.03509415335299512,0.1602452974014761,3.5885152437928287,1.557603749739869,0.0
32,2736,2.9867988544506745,0.19168033103231227,0.051574584929977,0.1739014643971256,0.039016567648849115,0.015120859659738528,0.0015222925510978375,0.122536074178394,0.034963459834447666,0.15963687992501907,3.5890265050995542,1.5578372118199482,0.0
32,2740,2.9911655194425615,0.19099237455739973,0.05138947950234956,0.17326251338228274,0.038873212470206184,0.015009949271778567,0.001511126647754367,0.12207986756187356,0.03483328950036547,0.15903098479653002,3.5895355688150468,1.5580695608719517,0.0
32,2744,2.9955321844344485,0.19030700401596368,0.05120506986048683,0.17262606448410733,0.03873041866696374,0.0148998790696524,0.0015000453301199836,0.12162548627218943,0.034703639990391236,0.1584275999671112,3.5900424453854995,1.5583008025380725,0.0
32,2748,2.9998988494263354,0.18962420888621737,0.051021353173337856,0.17199210678773366,0.03858818379026031,0.014790642398651244,0.0014890479282318782,0.12117292208143993,0.034574508956841526,0.15782671345761373,3.590547145200884,1.5585309424300313,0.0
32,2752,3.0042655144182224,0.18894397869513968,0.05083832662297283,0.17136062943444244,0.03844650540383143,0.014682232660099714,0.0014781337777684045,0.12072216680585049,0.03444589406462381,0.15722831335814924,3.5910496785952977,1.5587599861292512,0.0
32,2756,3.0086321794101094,0.18826630301820205,0.05065598740450963,0.1707316216213055,0.038305381083929974,0.01457464331073055,0.0014673022199861287,0.1202732123054832,0.03431779299115353,0.1566323878275966,3.5915500558473052,1.5589879391870318,0.0
32,2760,3.0129988444019964,0.18759117147909873,0.05047433272604123,0.1701050726008349,0.03816480841924737,0.014467867862279604,0.0014565526016790556,0.11982605048394995,0.03419020342627229,0.15603892509311867,3.5920482871802846,1.5592148071247216,0.0
32,2764,3.0173655093938834,0.18691857374947823,0.05029335980856346,0.16948097168063342,0.03802478501083521,0.014361899880917406,0.0014458842751214015,0.11938067328812692,0.034063123072166385,0.1554479134496793,3.5925443827627594,1.5594405954338888,0.0
32,2768,3.0217321743857704,0.18624849954867695,0.05011306588590331,0.1688593082230489,0.03788530847202773,0.014256732986801524,0.0014352965980225275,0.11893707270787202,0.03393654964328617,0.15485934125956657,3.593038352708741,1.5596653095764932,0.0
32,2772,3.0260988393776573,0.1855809386434546,0.04993344820464775,0.16824007164483057,0.037746376428364634,0.014152360853543655,0.001424788933473289,0.11849524077574412,0.033810480866265945,0.15427319695191957,3.59353020707806,1.5598889549850539,0.0
32,2776,3.0304655043695443,0.18491588084773128,0.04975450402407299,0.1676232514167879,0.037607986517514624,0.014048777207776197,0.001414360649902401,0.11805516956672465,0.033684914479844515,0.15368946902225833,3.594019955876697,1.5601115370628187,0.0
32,2780,3.034832169361431,0.1842533160223264,0.04957623061607423,0.16700883706345257,0.03747013638919949,0.01394597582864776,0.0014040111210256471,0.11761685119794119,0.03355984823478634,0.15310814603201806,3.5945076090571155,1.5603330611839317,0.0
32,2784,3.039198834353318,0.1835932340746991,0.04939862526509584,0.16639681816274213,0.03733282370511874,0.013843950547354211,0.0013937397257986698,0.11718027782839328,0.0334352798938033,0.15252921660808758,3.5949931765185865,1.5605535326935989,0.0
32,2788,3.043565499345205,0.18293562495869137,0.049221685268062185,0.16578718434562728,0.03719604613887485,0.013742695246634185,0.001383545848366179,0.1167454416586806,0.0333112072314771,0.15195266944235056,3.595476668107513,1.560772956908255,0.0
32,2792,3.047932164337092,0.18228047867427183,0.049045407934308734,0.16517992529580114,0.03705980137589913,0.013642203860371183,0.0013734288780218944,0.11631233493073302,0.03318762803418228,0.151378493291233,3.595958093617755,1.5609913391157264,0.0
32,2796,3.052298829328979,0.18162778526728185,0.048869790585513745,0.16457503074935076,0.036924087113377996,0.013542470373081983,0.0013633882091570407,0.1158809499275428,0.033064540100009795,0.15080667697525008,3.596437462790949,1.5612086845753952,0.0
32,2800,3.0566654943208658,0.1809775348291825,0.048694830555630154,0.1639724904944311,0.03678890106017983,0.013443488819476102,0.0013534232412159965,0.11545127897289857,0.03294194123869112,0.15023720937856058,3.5969147853168253,1.561424998518362,0.0
32,2804,3.0610321593127527,0.18032971749680582,0.048520525190818675,0.16337229437094317,0.03665424093678279,0.013345253284029468,0.001343533378653374,0.11502331443112268,0.03281982927152327,0.14967007944852542,3.597390070833524,1.5616402861476057,0.0
32,2808,3.0653988243046397,0.1796843234521038,0.048346871849380246,0.1627744322702114,0.03652010447520237,0.013247757900458623,0.001333718030881084,0.1145970487068083,0.03269820203129383,0.14910527619526387,3.5978633289279114,1.5618545526381469,0.0
32,2812,3.0697654892965267,0.17904134292190224,0.048173867901689794,0.16217889413466624,0.03638648941892023,0.01315099685137966,0.001323976612234,0.11417247424456063,0.032577057362207104,0.1485427886912228,3.598334569135888,1.5620678031372044,0.0
32,2816,3.0741321542884137,0.17840076617765505,0.048001510730130155,0.1615856699575281,0.0362533935228133,0.013054964367817945,0.0013143085419205988,0.11374958352873926,0.03245639311981057,0.14798260607073896,3.5988038009427012,1.5622800427643564,0.0
32,2820,3.0784988192803007,0.17776258353520025,0.04782979772902639,0.16099474978249334,0.036120814553083275,0.012959654728767589,0.0013047132439786106,0.11332836908320235,0.03233620717092193,0.14742471752961447,3.599271033783251,1.562491276611696,0.0
32,2824,3.0828654842721877,0.17712678535451767,0.047658726304580595,0.16040612370342341,0.03598875028718691,0.01286506226078643,0.0012951901472342442,0.11290882347105326,0.032216497393556795,0.14686911232468955,3.5997362770423957,1.562701509743989,0.0
32,2828,3.0872321492640746,0.17649336203948862,0.04748829387480727,0.1598197818640359,0.0358571985137667,0.012771181337541293,0.001285738685256405,0.11249093929438903,0.032097261676856906,0.14631577977342075,3.600199540055254,1.562910747198829,0.0
32,2832,3.0915988142559616,0.17586230403765618,0.04731849786946876,0.1592357144575972,0.03572615703258192,0.012678006379417184,0.001276358296317352,0.11207470919404999,0.03197849792101873,0.14576470925346177,3.6006608321075086,1.5631189939867938,0.0
32,2836,3.0959654792478486,0.17523360183998837,0.04714933573001161,0.15865391172661908,0.035595623654440516,0.012585531853083864,0.0012670484233490615,0.11166012584937283,0.03186020403722294,0.1452158902022511,3.6011201624357025,1.5633262550915965,0.0
32,2840,3.100332144239735,0.1746072459806422,0.046980804909502995,0.1580743639625561,0.035465596201131294,0.012493752271090841,0.0012578085139024534,0.11124718197794421,0.03174237794756418,0.1446693121165967,3.601577540227538,1.563532535470241,0.0
32,2844,3.104698809231622,0.17398322703672905,0.04681290287256767,0.15749706150550585,0.03533607250535659,0.012402662191441038,0.0012486380201044704,0.11083587033535672,0.03162501758498139,0.1441249645522701,3.6020329746221695,1.5637378400531732,0.0
32,2848,3.109065474223509,0.1733615356280825,0.04664562709532544,0.15692199474391164,0.03520705041066562,0.012312256217214212,0.0012395363986201652,0.11042618371496717,0.031508120893188836,0.14358283712360212,3.602486474710499,1.563942173744431,0.0
32,2852,3.113432139215396,0.1727421624170267,0.04647897506532886,0.15634915411426667,0.035078527771388056,0.01222252899613352,0.0012305031106090649,0.11001811494765582,0.03139168582660745,0.1430429195030785,3.6029380495354655,1.5641455414217968,0.0
32,2856,3.117798804207283,0.17212509810814713,0.04631294428150159,0.1557785301008216,0.034950502452568456,0.012133475220196033,0.001221537621687973,0.10961165690158849,0.03127571035029691,0.14250520142094458,3.6033877080923333,1.564347947936944,0.0
32,2860,3.12216546919917,0.17151033344806205,0.046147532254076806,0.15521011323529255,0.03482297232990074,0.01204508962526063,0.0012126394018894802,0.10920680248197934,0.031160192439887966,0.14196967266480592,3.603835459328979,1.564549398115588,0.0
32,2864,3.126532134191057,0.17089785922519607,0.0459827365045364,0.15464389409657298,0.03469593528966354,0.011957366990685614,0.0012038079256254824,0.10880354463085633,0.031045130081515538,0.1414363230792405,3.604281312146179,1.5647498967576325,0.0
32,2868,3.130898799182944,0.17028766626955538,0.045818554565550396,0.15407986331044687,0.034569389228655864,0.011870302138895283,0.0011950426716435438,0.10840187632682838,0.030930521271752248,0.1409051425654079,3.6047252753978896,1.5649494486373163,0.0
32,2872,3.135265464174831,0.16967974545250386,0.04565498398091676,0.1535180115493042,0.03444333205413324,0.011783889935038871,0.001186343122992562,0.1080017905848539,0.0308163640175424,0.14037612108066408,3.6051673578915295,1.565148058503359,0.0
32,2876,3.139632129166718,0.16907408768654072,0.04549202230550156,0.15295832953185795,0.034317761683744244,0.011698125286599748,0.0011777087669834234,0.10760328045601131,0.03070265633613648,0.139849248638178,3.6056075683882582,1.5653457310791061,0.0
32,2880,3.143998794158605,0.1684706839250807,0.04532966710517982,0.15240080802286485,0.03419267604546783,0.01161300314301883,0.001169139095151091,0.10720633902727159,0.03058939625502629,0.13932451530655326,3.606045915603253,1.5655424710626724,0.0
32,2884,3.148365459150492,0.1678695251622338,0.045167915956776286,0.15184543783284588,0.03406807307755063,0.011528518495332207,0.0011606336032181216,0.10681095942127183,0.03047658181188029,0.1388019112094518,3.606482408205986,1.5657382831270865,0.0
32,2888,3.152732124142379,0.1672706024325883,0.045006766448006975,0.1512922098178106,0.0339439507284451,0.011444666375787449,0.0011521917910560372,0.10641713479609131,0.03036421105447975,0.13828142652521733,3.6069170548204967,1.565933171920432,0.0
32,2892,3.157098789134266,0.16667390681099428,0.044846216177421,0.15074111487898312,0.03382030695674805,0.01136144185748833,0.0011438131626495592,0.10602485834502882,0.03025228204065517,0.13776305148650975,3.6073498640256623,1.5661271420659886,0.0
32,2896,3.161465454126153,0.1660794294123483,0.04468626275434261,0.15019214396252922,0.03369713973113941,0.011278840054039563,0.00113549722606084,0.10563412329638143,0.030140792838223195,0.13724677637993543,3.6077808443554695,1.5663201981623744,0.0
32,2900,3.1658321191180394,0.16548716139138006,0.044526903798813744,0.1496452880592864,0.033574447030321655,0.011196856119184417,0.001127243493392982,0.10524492291322553,0.030029741524924127,0.13673259154568126,3.6082100042992815,1.5665123447836846,0.0
32,2904,3.1701987841099264,0.16489709394244073,0.044368136941537156,0.149100538204496,0.03345222684295973,0.011115485246449452,0.0011190514807542702,0.10485725049319927,0.029919126188359825,0.1362204873771554,3.608637352302104,1.5667035864796302,0.0
32,2908,3.1745654491018134,0.16430921829929176,0.044209959823819533,0.14855788547753657,0.03333047716762119,0.011034722668789243,0.0011109207082224046,0.10447109936828661,0.029808944925932116,0.13571045432062676,3.609062896764851,1.5668939277756762,0.0
32,2912,3.1789321140937004,0.1637235257348958,0.04405237009751525,0.1480173210016596,0.03320919601271698,0.010954563658266636,0.0011028506998123108,0.1040864629046028,0.02969919584478158,0.13520248287487133,3.609486646044605,1.5670833731731797,0.0
32,2916,3.1832987790855873,0.16314000756120836,0.04389536542497034,0.14747883594372707,0.03308838139644244,0.010875003525669058,0.0010948409834375115,0.10370333450218185,0.02958987706172689,0.134696563590817,3.609908608454879,1.5672719271495252,0.0
32,2920,3.1876654440774743,0.16255865512897155,0.043738943478966966,0.14694242151395098,0.032968031346718975,0.010796037620195875,0.0010868910908786516,0.10332170759476529,0.029480986703204568,0.13419268707119533,3.610328792265876,1.5674595941582619,0.0
32,2924,3.1920321090693613,0.16197945982750858,0.04358310194266812,0.14640806896563488,0.032848143901135995,0.010717661329131545,0.001079000557750592,0.10294157564959273,0.029372522905209197,0.1336908439701928,3.6107472057047447,1.5676463786292363,0.0
32,2928,3.1963987740612483,0.1614024130845201,0.04342783850956289,0.14587576959491708,0.032728717106893346,0.010639870077454816,0.001071168923463067,0.10256293216719396,0.029264483813234116,0.1331910249931062,3.6111638569558386,1.5678322849687285,0.0
32,2932,3.2007654390531353,0.16082750636588117,0.043273150883411715,0.14534551474051577,0.03260974902074409,0.010562659327604251,0.0010633957311970775,0.10218577068118243,0.029156867582212493,0.13269322089600225,3.6115787541609636,1.568017317559584,0.0
32,2936,3.2051321040450222,0.1602547311754398,0.04311903677819233,0.14481729578347569,0.03249123770893768,0.010486024579030584,0.0010556805278598245,0.10181008475805017,0.029049672376458807,0.13219742248537708,3.6119919054196363,1.5682014807613462,0.0
32,2940,3.2094987690369092,0.1596840790548181,0.042965493918046105,0.14429110414691812,0.03237318124716388,0.010409961367969345,0.0010480228640618184,0.10143586799696531,0.028942896369611067,0.1317036206178205,3.612403318789331,1.568384778910389,0.0
32,2944,3.213865434028796,0.15911554158321195,0.04281252003722427,0.14376693129579,0.03225557772049646,0.010334465267106907,0.001040422294083259,0.1010631140295692,0.02883653774457293,0.1312118061996817,3.6128130022857294,1.5685672163200473,0.0
32,2948,3.218232099020683,0.15854911037719455,0.042660112880035,0.1432447687366174,0.0321384252233379,0.010259531885211004,0.0010328783758368361,0.10069181651977673,0.02873059469345673,0.1307219701867385,3.6132209638829673,1.5687487972807461,0.0
32,2952,3.22259876401257,0.1579847770905198,0.042508270200790496,0.14272460801725928,0.032021721859364125,0.010185156866846512,0.001025390670839117,0.10032196916357736,0.028625065417526713,0.13023410358386875,3.61362721151388,1.5689295260601313,0.0
32,2956,3.2269654290044567,0.15742253341392812,0.04235698976375477,0.14220644072666416,0.031905465741469935,0.010111335892084128,0.0010179587441812182,0.09995356568883798,0.028519948127142748,0.12974819744472543,3.6140317530702464,1.569109406903197,0.0
32,2960,3.2313320939963437,0.15686237107495138,0.042206269343091164,0.14169025849462671,0.031789654991714364,0.010038064676145098,0.001010582164493037,0.09958659985510651,0.028415241041704335,0.12926424287141067,3.6144345964030307,1.5692884440324149,0.0
32,2964,3.2356987589882307,0.15630428183772208,0.04205610672281096,0.14117605299154856,0.031674287741267036,0.00996533896914542,0.0010032605039175001,0.09922106545341813,0.02831094238959529,0.12878223101415814,3.6148357493226233,1.569466641647859,0.0
32,2968,3.2400654239801177,0.1557482575027809,0.04190649969672165,0.14066381592819857,0.031559362130354394,0.009893154555747685,0.0009959933380755126,0.09885695630610185,0.028207050408128556,0.12830215307101284,3.615235219599079,1.569644003927335,0.0
32,2972,3.2444320889720046,0.15519428990688772,0.04175744606837607,0.14015353905547662,0.031444876308206665,0.00982150725489106,0.0009887802460387736,0.09849426626658936,0.028103563343491674,0.12782400028751578,3.615633014962355,1.5698205350265018,0.0
32,2976,3.2487987539638916,0.15464237092283198,0.041608943651021364,0.13964521416417736,0.03133082843300488,0.009750392919492867,0.0009816208102997337,0.09813298921922439,0.028000479450692374,0.1273477639563911,3.6160291431025455,1.5699962390789999,0.0
32,2980,3.2531654189557786,0.1540924924592456,0.04146099026754865,0.1391388330847571,0.031217216671828567,0.009679807436107524,0.0009745146167372568,0.09777311907907438,0.027897796993504833,0.12687343541723486,3.616423611670118,1.5701711201965738,0.0
32,2984,3.2575320839476656,0.15354464646041663,0.04131358375044288,0.13863438768710185,0.031104039200603704,0.009609746724699164,0.0009674612545937313,0.09741464979174298,0.027795514244416206,0.12640100605620755,3.616816428276142,1.5703451824691956,0.0
32,2988,3.2618987489395526,0.15299882490610414,0.04116672194173307,0.13813186988029688,0.03099129420405104,0.0095402067383219,0.0009604603164428784,0.09705757533318438,0.027693629484573604,0.1259304673057258,3.617207600492525,1.570518429965187,0.0
32,2992,3.2662654139314395,0.15245501981135376,0.0410204026929426,0.13763127161239774,0.030878979875634687,0.009471183462828492,0.0009535113981604238,0.09670188970951812,0.027592141003731297,0.12546181064416298,3.6175971358522374,1.5706908667313422,0.0
32,2996,3.2706320789233265,0.15191322322631537,0.0408746238650402,0.13713258487020355,0.030767094417511277,0.009402672916593247,0.0009466140988961992,0.09634758695684649,0.027491047100198573,0.12499502759554433,3.617985041849544,1.5708624967930478,0.0
32,3000,3.2749987439152135,0.15137342723606126,0.04072938332839104,0.13663580167903164,0.030655636040479405,0.009334671150242002,0.0009397680210469598,0.0959946611410724,0.027390346080787813,0.12453010972924908,3.618371325940226,1.5710333241544048,0.0
32,3004,3.2793654089071005,0.1508356239604054,0.040584678962708065,0.13614091410249315,0.030544602963929256,0.009267174246339493,0.0009329727702249088,0.09564310635771864,0.027290036260762873,0.12406704865971527,3.6187559955418114,1.571203352798346,0.0
32,3008,3.2837320738989875,0.15029980555372438,0.04044050865700384,0.13564791424227135,0.030433993415792896,0.009200178319147767,0.0009262279552333766,0.09529291673174903,0.027190115963788095,0.12360583604614478,3.6191390580337948,1.5713725866867574,0.0
32,3012,3.2880987388908745,0.14976596420477883,0.040296870309542494,0.1351567942379005,0.03032380563249465,0.009133679514341964,0.0009195331880382068,0.0949440864173901,0.027090583521877397,0.12314646359220964,3.6195205207578587,1.5715410297605952,0.0
32,3016,3.292465403882761,0.14923409213653657,0.04015376182779212,0.13466754626654703,0.030214037858901997,0.009067674008740312,0.0009128880837405733,0.09459660959795488,0.026991437275344005,0.1226889230457679,3.619900391018098,1.571708685940003,0.0
32,3020,3.296832068874648,0.14870418160599655,0.040011181128377434,0.13418016254279197,0.03010468834827676,0.009002158010019912,0.000906292260548367,0.0942504804856673,0.026892675572750355,0.12223320619856809,3.6202786760812335,1.5718755591244293,0.0
32,3024,3.301198733866535,0.14817622490401394,0.03986912613703269,0.13369463531841486,0.02999575536222664,0.008937127756468044,0.0008997453397511586,0.09390569332148833,0.02679429677085848,0.12177930488597308,3.6206553831768353,1.5720416531927441,0.0
32,3028,3.305565398858422,0.14765021435512596,0.039727594788554824,0.13321095688217874,0.029887237170656954,0.008872579516740586,0.0008932469456958774,0.09356224237494293,0.026696299234580622,0.12132721098666975,3.6210305194975336,1.5722069720033534,0.0
32,3032,3.309932063850309,0.1471261423173798,0.03958658502675715,0.13272911955961808,0.02977913205172307,0.008808509589542268,0.0008867967057546209,0.0932201219439489,0.026598681336930424,0.1208769164223927,3.621404092199237,1.572371519394314,0.0
32,3036,3.314298728842196,0.14660400118216044,0.03944609480442304,0.13224911571282644,0.02967143829178275,0.00874491430342772,0.0008803942503046252,0.09287932635464623,0.026501441458974206,0.12042841315764384,3.621776108401344,1.5725352991834485,0.0
32,3040,3.318665393834083,0.1460837833740205,0.039306122083260134,0.13177093774024706,0.029564154185349193,0.008681790016474622,0.0008740392126953598,0.09253984996122842,0.02640457798978287,0.11998169319941762,3.6221465751869553,1.5726983151684586,0.0
32,3044,3.32303205882597,0.14556548135051015,0.03916666483385457,0.13129457807646355,0.029457278035044047,0.008619133116148703,0.0008677312292349355,0.09220168714577426,0.026308089326383857,0.11953674859692509,3.622515499603084,1.5728605711270371,0.0
32,3048,3.327398723817857,0.1450490876020092,0.03902772103562584,0.13082002919199354,0.029350808151551125,0.008556940018905834,0.0008614699391500463,0.09186483231808157,0.026211973873713757,0.11909357144132265,3.6228828886608664,1.5730220708169809,0.0
32,3052,3.331765388809744,0.14453459465155985,0.038889288676781715,0.13034728359308287,0.02924474285357024,0.008495207170064134,0.0008552549845730924,0.09152927991550178,0.026116230044571077,0.11865215386544176,3.623248749335766,1.5731828179763014,0.0
32,3056,3.336132053801631,0.14402199505469945,0.03875136575427334,0.129876333821501,0.02913908046777127,0.008433931043462906,0.0008490860105078447,0.09119502440277544,0.026020856259569316,0.11821248804352119,3.6236130885677835,1.573342816323337,0.0
32,3060,3.340498718793518,0.14351128139929611,0.03861395027375094,0.12940717245433858,0.02903381932874879,0.008373108141320529,0.0008429626648151372,0.09086206027186954,0.025925850947090545,0.11777456619094155,3.6239759132616602,1.5735020695568607,0.0
32,3064,3.3448653837854048,0.1430024463053842,0.03847704024951956,0.12893979210380624,0.028928957778976878,0.0083127349938934,0.0008368845981785319,0.09053038204181564,0.025831212543239224,0.11733838056396116,3.624337230287081,1.573660581356192,0.0
32,3068,3.3492320487772917,0.1424954824250005,0.03834063370449502,0.12847418541703406,0.028824494168764155,0.008252808159291192,0.0008308514640857185,0.09019998425854887,0.025736939491796264,0.11690392345945393,3.624697046478879,1.5738183553813045,0.0
32,3072,3.3535987137691787,0.14199038244202253,0.03820472867016034,0.12801034507587344,0.028720426856209322,0.00819332422322816,0.000824862918803479,0.08987086149474881,0.025643030244173616,0.11647118721464926,3.625055368637233,1.5739753952729345,0.0
32,3076,3.3579653787610653,0.14148713907200694,0.03806932318652237,0.12754826379669976,0.028616754207156894,0.008134279798788668,0.0008189186213540805,0.08954300834968074,0.02554948325936899,0.11604016420687653,3.625412203527869,1.574131704652688,0.0
32,3080,3.3623320437529522,0.14098574506202957,0.03793441530206864,0.12708793433021656,0.02851347459515325,0.008075671526164285,0.0008130182334888079,0.08921641944903884,0.0254562970039211,0.11561084685330601,3.625767557882261,1.574287287123148,0.0
32,3084,3.3666987087448392,0.1404861931905258,0.03780000307372448,0.12662934946126103,0.02841058640140301,0.008017496072497465,0.000807161419672227,0.08889108944478967,0.02536346995186501,0.11518322761069712,3.6261214383978233,1.574442146267981,0.0
32,3088,3.371065373736726,0.1399884762671326,0.03766608456681047,0.12617250200861108,0.028308088014725733,0.007959750131561805,0.0008013478470499935,0.08856701301501742,0.025271000584687984,0.11475729897514675,3.6264738517381088,1.5745962856520426,0.0
32,3092,3.375432038728613,0.13949258713253074,0.03753265785500004,0.12571738482479322,0.028205977831512827,0.007902430423598616,0.0007955771854324003,0.08824418486376995,0.025178887391285546,0.11433305348183699,3.6268248045330034,1.5747497088214821,0.0
32,3096,3.3797987037205,0.13899851865828874,0.03739972102027743,0.12526399079589223,0.028104254255684837,0.00784553369506824,0.0007898491072693414,0.08792259972090587,0.025087128867917852,0.11391048370479033,3.62717430337892,1.5749024193038474,0.0
32,3100,3.384165368712387,0.13850626374670758,0.03726727215289592,0.12481231284136217,0.028002915698649045,0.00778905671840846,0.0007841632876259895,0.08760225234194317,0.02499572351816651,0.11348958225662067,3.627522354838988,1.5750544206081878,0.0
32,3104,3.388532033704274,0.13801581533066606,0.03713530935133627,0.1243623439138385,0.027901960579257323,0.00773299629187818,0.0007785194041670586,0.08728313750790839,0.024904669852891515,0.11307034178829012,3.6278689654432457,1.575205716225159,0.0
32,3108,3.392898698696161,0.13752716637346685,0.03700383072226521,0.12391407699895092,0.02780138732376413,0.0076773492392590015,0.0007729171371267606,0.08696525002518682,0.024813966390188534,0.11265275498886711,3.6282141416888303,1.575356309627124,0.0
32,3112,3.397265363688048,0.13704030986868476,0.03687283438049469,0.123467505115139,0.027701194365785164,0.007622112409684689,0.0007673561692916362,0.08664858472537457,0.024723611655346693,0.11223681458528473,3.6285578900401645,1.575506204268256,0.0
32,3116,3.401632028679935,0.13655523884001466,0.03674231844894092,0.12302262131346768,0.02760138014625595,0.007567282677428011,0.0007618361859790953,0.08633313646513081,0.024633604180806404,0.11182251334210129,3.628900216929144,1.575655403584639,0.0
32,3120,3.405998693671822,0.13607194634112044,0.036612281058583745,0.1225794186774443,0.027501943113390805,0.007512856941659152,0.0007563568750130952,0.0860189001260313,0.024543942506117574,0.11140984406126639,3.6292411287553255,1.5758039109943696,0.0
32,3124,3.410365358663709,0.13559042545548583,0.03648272034842651,0.12213789032283764,0.027402881722642214,0.007458832126268078,0.0007509179267062573,0.08570587061442327,0.024454625177898207,0.11099879958188268,3.629580631886107,1.5759517298976564,0.0
32,3128,3.414732023655596,0.13511066929626492,0.03635363446545583,0.12169802939749709,0.027304194436660285,0.007405205179630059,0.000745519033836261,0.08539404286128084,0.02436565074979315,0.11058937277997268,3.629918732656914,1.5760988636769195,0.0
32,3132,3.4190986886474826,0.13463267100613452,0.03622502156460187,0.12125982908117408,0.027205879725252676,0.00735197307441382,0.0007401598916265291,0.08508341182206203,0.024277017782433283,0.11018155656824889,3.630255437371382,1.5762453156968907,0.0
32,3136,3.4234653536393695,0.134156423757147,0.03609687980869873,0.12082328258534401,0.02710793606534464,0.007299132807361275,0.0007348401977240529,0.08477397247656619,0.024188724843394856,0.10977534389588281,3.6305907523015364,1.57639108930471,0.0
32,3140,3.4278320186312565,0.13368192075058402,0.03596920736844514,0.12038838315302977,0.02701036194093942,0.007246681399109889,0.0007295596521815082,0.08446571982879296,0.024100770507159218,0.10937072774827655,3.6309246836879723,1.5765361878300248,0.0
32,3144,3.4321986836231435,0.13320915521681115,0.03584200242236528,0.11995512405862623,0.0269131558430789,0.007194615893965306,0.0007243179574343647,0.08415864890680176,0.02401315335507276,0.10896770114683685,3.6312572377400336,1.5766806145850871,0.0
32,3148,3.4365653486150305,0.13273812041513355,0.03571526315677,0.11952349860772599,0.02681631626980448,0.007142933359723713,0.0007191148182830027,0.08385275476257252,0.023925871975307142,0.10856625714875018,3.6315884206359907,1.57682437286485,0.0
32,3152,3.4409320136069175,0.13226880963365212,0.03558898776571807,0.11909350013694645,0.0267198417261183,0.007091630887444467,0.0007139499418698219,0.0835480324718674,0.023838924962819877,0.10816638884675915,3.6319182385232165,1.5769674659470634,0.0
32,3156,3.4452986785988045,0.13180121618912127,0.035463174450977956,0.11866512201375806,0.026623730723944687,0.007040705591279561,0.0007088230376620736,0.08324447713409357,0.023752310919315137,0.10776808936894154,3.632246697518361,1.57710989709237,0.0
32,3160,3.4496653435906914,0.13133533342680648,0.03533782142198947,0.11823835763631325,0.026527981782091786,0.006990154608274679,0.0007037338174318306,0.08294208387216641,0.023666028453204743,0.10737135187849164,3.632573803707528,1.5772516695444005,0.0
32,3164,3.4540320085825784,0.13087115472034375,0.03521292689582594,0.11781320043327728,0.026432593426213614,0.006939975098177342,0.000698681995236674,0.08264084783237456,0.02358007617956966,0.10697616957350001,3.632899563146444,1.5773927865298676,0.0
32,3168,3.4583986735744654,0.130408673471599,0.035088489097156415,0.11738964386365942,0.02633756418877217,0.006890164243223751,0.0006936672873982324,0.08234076418424491,0.023494452720121458,0.10658253568673852,3.633223981860633,1.5775332512586602,0.0
32,3172,3.4627653385663524,0.1299478831105293,0.034964506258208274,0.11696768141664617,0.026242892609000014,0.006840719248003779,0.0006886894124885903,0.08204182812040955,0.023409156703164367,0.10619044348544464,3.6335470658455877,1.5776730669239363,0.0
32,3176,3.4671320035582394,0.1294887770950438,0.03484097661872989,0.11654730661143471,0.026148577232862933,0.0067916373391980756,0.0006837480913038212,0.0817440348564728,0.023324186763557332,0.10579988627110928,3.6338688210669363,1.577812236702216,0.0
32,3180,3.4714986685501263,0.12903134891086643,0.03471789842595358,0.11612851299706795,0.026054616613022878,0.0067429157654643745,0.0006788430468525417,0.08144737963087949,0.023239541542676413,0.10541085737926394,3.6341892534606144,1.5779507637534747,0.0
32,3184,3.4758653335420133,0.12857559207139904,0.03459526993455889,0.11571129415227088,0.0259610093088013,0.006694551797203019,0.0006739740043323053,0.08115185770478447,0.02315521968837758,0.10502335017927172,3.6345083689330298,1.5780886512212329,0.0
32,3188,3.4802319985339003,0.12812150011758505,0.0344730894066358,0.11529564368528733,0.025867753886142493,0.00664654272641485,0.000669140691115296,0.08085746436192244,0.023071219854959538,0.10463735807411771,3.63482617336123,1.5782259022326488,0.0
32,3192,3.484598663525787,0.12766906661777447,0.03435135511164852,0.1148815552337184,0.025774848917577357,0.006598885866459625,0.0006643428367240062,0.08056419490847892,0.022987540703126953,0.10425287450020233,3.6351426725930693,1.578362519898609,0.0
32,3196,3.488965328517674,0.12721828516758976,0.034230065326399294,0.11446902246436214,0.02568229298218742,0.006551578551977855,0.0006595801728233688,0.08027204467296267,0.022904180899954003,0.1038698929271375,3.6354578724473687,1.5784985073138174,0.0
32,3200,3.493331993509561,0.12676914938979136,0.03410921833499229,0.11405803907305317,0.02559008466556887,0.006504618138599483,0.0006548524331914273,0.07998100900607763,0.022821139118847873,0.10348840685753927,3.6357717787140844,1.578633867556886,0.0
32,3204,3.497698658501448,0.12632165293414596,0.033988812428798094,0.11364859878450514,0.025498222559797192,0.006458002002851515,0.0006501593537100373,0.07969108328059757,0.02273841403951297,0.10310840982682906,3.6360843971544656,1.5787686036904232,0.0
32,3208,3.5020653234933348,0.12587578947729322,0.033868845906417935,0.11324069535215225,0.025406705263391623,0.006411727541930645,0.0006455006723419751,0.07940226289123965,0.022656004347914857,0.10272989540302986,3.636395733501219,1.578902718761123,0.0
32,3212,3.5064319884852218,0.12543155272261572,0.033749317073648595,0.11283432255799382,0.025315531381280273,0.006365792173568252,0.0006408761291173462,0.07911454325454077,0.022573908736244958,0.10235285718656958,3.636705793458666,1.579036215799852,0.0
32,3216,3.5107986534771087,0.12498893640010765,0.03363022424344716,0.11242947421243817,0.02522469952476511,0.006320193335852764,0.0006362854661157027,0.07882791980873317,0.022492125902885084,0.10197728881007995,3.637014582702905,1.579169097821738,0.0
32,3220,3.5151653184689957,0.12454793426624544,0.03351156573589615,0.11202614415414867,0.0251342083114874,0.006274928487037812,0.0006317284274467278,0.07854238801362191,0.02241065455237245,0.10160318393820254,3.6373221068819657,1.5793013678262564,0.0
32,3224,3.5195319834608827,0.12410854010385877,0.03339333987816885,0.11162432624989038,0.025044056365393315,0.00622999510538591,0.0006272047592344994,0.07825794335046278,0.022329493395364847,0.10123053626739369,3.6376283716159703,1.5794330287973162,0.0
32,3228,3.5238986484527697,0.12367074772200216,0.033275545004494755,0.1112240143943775,0.024954242316699696,0.006185390689012138,0.0006227142096017522,0.07797458132184086,0.022248641148606016,0.1008593395257285,3.6379333824972875,1.5795640837033473,0.0
32,3232,3.5282653134446567,0.12323455095582776,0.033158179456125314,0.11082520251012228,0.024864764801860173,0.006141112755720712,0.0006182565286534252,0.07769229745155051,0.022168096534891362,0.10048958747271049,3.638237145090686,1.5796945354973848,0.0
32,3236,3.5326319784365436,0.12279994366645856,0.03304124158129986,0.11042788454728471,0.024775622463531415,0.006097158842806039,0.0006138314684566316,0.07741108728447561,0.02208785828303381,0.10012127389908178,3.638539664933492,1.5798243871171544,0.0
32,3240,3.5369986434284306,0.12236691974086215,0.03292472973521159,0.11003205448352281,0.024686813950539562,0.006053526506939022,0.0006094387830292141,0.0771309463864707,0.022007925127829887,0.09975439262662979,3.6388409475357406,1.579953641485157,0.0
32,3244,3.5413653084203176,0.12193547309172606,0.03280864227997409,0.10963770632384498,0.024598337917847088,0.006010213323989433,0.000605078228321861,0.07685187034424344,0.021928295810026185,0.09938893750800394,3.639140998380327,1.5800823015087522,0.0
32,3248,3.545731973412204,0.12150559765733278,0.03269297758458764,0.10924483410046204,0.02451019302651961,0.005967216888826954,0.000600749562198077,0.07657385476523723,0.02184896907628586,0.09902490242652606,3.639439822923162,1.5802103700802426,0.0
32,3252,3.550098638404091,0.12107728740143626,0.03257773402490602,0.10885343187264129,0.024422377943693136,0.005924534815243021,0.000596452544426314,0.07629689527751501,0.021769943679155482,0.09866228129600675,3.6397374265933142,1.5803378500769554,0.0
32,3256,3.554465303395978,0.12065053631313856,0.032462909983603315,0.1084634937265605,0.02433489134254132,0.0058821647356879225,0.000592186936653504,0.07602098752964354,0.02169121837703202,0.09830106806055901,3.640033814793168,1.5804647443613267,0.0
32,3260,3.558831968387865,0.12022533840676819,0.03234850385014119,0.10807501377516433,0.02424773190224324,0.005840104301256588,0.0005879525024036283,0.07574612719057913,0.02161279193413023,0.0979412566944186,3.640328992898567,1.5805910557809824,0.0
32,3264,3.563198633379752,0.11980168772175762,0.03223451402073591,0.10768798615801983,0.02416089830795097,0.00579835118139016,0.0005837490070476734,0.0754723099495531,0.021534663120449982,0.0975828412017616,3.640622966258963,1.5807167871688197,0.0
32,3268,3.567565298371639,0.11937957832252333,0.03212093889832609,0.10730240504117476,0.024074389250757815,0.005756903063812047,0.0005795762177971923,0.07519953151595926,0.021456830711744142,0.09722581561652399,3.6409157401975607,1.5808419413430885,0.0
32,3272,3.571931963363526,0.11895900429834434,0.03200777689253998,0.10691826461701481,0.023988203427666253,0.005715757654364495,0.0005754339036878527,0.07492778761924059,0.02137929348948625,0.09687017400222352,3.6412073200114667,1.5809665211074726,0.0
32,3276,3.576298628355413,0.11853995976324366,0.03189502641966361,0.10653555910412374,0.02390233954155657,0.005674912676816746,0.0005713218355601222,0.07465707400877827,0.021302050240838855,0.09651591045178107,3.6414977109718314,1.5810905292511686,0.0
32,3280,3.5806652933473,0.1181224388558696,0.03178268590260881,0.10615428274714356,0.023816796301155484,0.005634365872786873,0.0005672397860513996,0.07438738645378087,0.021225099758621885,0.09616301908734814,3.641786918323993,1.5812139685489661,0.0
32,3284,3.585031958339187,0.11770643573937643,0.03167075377088114,0.10577442981663471,0.023731572421004783,0.005594115001521516,0.0005631875295738396,0.07411872074317342,0.021148440841281008,0.09581149406012678,3.642074947287622,1.5813368417613278,0.0
32,3288,3.589398623331074,0.11729194460130861,0.03155922846054871,0.10539599460893943,0.023646666621430657,0.005554157839810614,0.0005591648423057687,0.07385107268548904,0.021072072292856712,0.09546132955020108,3.6423618030568603,1.5814591516344667,0.0
32,3292,3.593765288322961,0.11687895965348263,0.031448108414210404,0.10501897144604341,0.023562077628512673,0.005514492181802666,0.0005551715021730862,0.07358443810875938,0.020995992922953035,0.09511251976636291,3.642647490800466,1.5815809009004251,0.0
32,3296,3.598131953314848,0.11646747513187145,0.03133739208096477,0.10464335467544011,0.023477804174053322,0.005475115838876832,0.0005512072888363884,0.07331881286040706,0.02092020154670688,0.09476505894593905,3.64293201566195,1.581702092277153,0.0
32,3300,3.602498618306735,0.11605748529648881,0.031227077916378916,0.1042691386699951,0.023393844995547582,0.005436026639507929,0.0005472719836773769,0.07305419280713832,0.02084469698475738,0.09441894135462485,3.6432153827597173,1.5818227284685844,0.0
32,3304,3.606865283298622,0.1156489844312752,0.031117164382457815,0.10389631782781232,0.023310198836152932,0.005397222429095905,0.0005433653697816905,0.07279057383483685,0.02076947806321561,0.094074161286313,3.643497597187206,1.5819428121647154,0.0
32,3308,3.6112319482905084,0.11524196684398252,0.03100764994761326,0.10352488657209936,0.023226864444659094,0.005358701069894778,0.000539487231931752,0.07252795184845745,0.02069454361363425,0.09373071306292735,3.6437786640130216,1.5820623460416796,0.0
32,3312,3.6155986132823954,0.11483642686606138,0.030898533086633564,0.10315483935103534,0.02314384057545842,0.005320460440778163,0.0005356373565831619,0.07226632277192116,0.020619892472977637,0.09338859103425681,3.6440585882810788,1.5821813327618246,0.0
32,3316,3.6199652782742824,0.11443235885254871,0.030789812280653302,0.10278617063763948,0.02306112598851638,0.005282498437189531,0.0005318155318596909,0.0720056825480114,0.020545523483592166,0.0930477895777892,3.644337375010732,1.5822997749737875,0.0
32,3320,3.6243319432661694,0.11402975718195434,0.0306814860171228,0.10241887492963886,0.02297871944934192,0.005244812970929047,0.00052802154753182,0.07174602713826937,0.020471435493176416,0.0927083030985496,3.644615029196914,1.5824176753125707,0.0
32,3324,3.6286986082580563,0.11362861625615055,0.030573552789778417,0.10205294674933925,0.02289661972895845,0.005207401970125147,0.0005242551950138788,0.07148735252289175,0.020397627354751972,0.09237012602893521,3.644891555810269,1.5825350363996156,0.0
32,3328,3.6330652732499433,0.11322893050026056,0.03046601109861254,0.10168838064349514,0.022814825603874708,0.005170263378964535,0.000520516267336863,0.07122965470062807,0.02032409792663415,0.09203325282855661,3.6451669597972844,1.582651860842877,0.0
32,3332,3.6374319382418303,0.11283069436254861,0.030358859449844004,0.10132517118318149,0.022733335856055976,0.0051333951576566506,0.0005168045591448573,0.07097292968867919,0.020250846072403,0.09169767798407395,3.6454412460804275,1.5827681512368983,0.0
32,3336,3.6417986032337173,0.11243390231430987,0.03025209635588848,0.10096331296366563,0.02265214927289535,0.005096795282305777,0.0005131198666821599,0.07071717352259611,0.020177870660874477,0.0913633960090418,3.645714419558272,1.5828839101628835,0.0
32,3340,3.6461652682256043,0.11203854884976228,0.03014572033532937,0.10060280060428116,0.022571264647185417,0.005060461744719191,0.0005094619877739677,0.07046238225618034,0.020105170566071976,0.09103040144374823,3.6459864851056314,1.5829991401887702,0.0
32,3344,3.6505319332174913,0.11164462848593702,0.03003972991288833,0.10024362874830078,0.022490680777089767,0.0050243925523290045,0.0005058307218185077,0.07020855196138345,0.020032744667197684,0.09069868885505866,3.6462574475736904,1.583113843869303,0.0
32,3348,3.6548985982093782,0.11125213576257169,0.02993412361939653,0.0998857920628118,0.02241039646611503,0.004988585728021633,0.0005022258697698694,0.0699556787282087,0.019960591848604516,0.09036825283626106,3.646527311790131,1.5832280237461054,0.0
32,3352,3.659265263201265,0.11086106524200227,0.0298288999917656,0.09952928523859106,0.02233041052308283,0.004953039310059637,0.0004986472341301354,0.06970375866461226,0.019888710999767932,0.09003908800690967,3.646796082559263,1.5833416823477509,0.0
32,3356,3.663631928193152,0.11047141150905744,0.029724057572959164,0.09917410298998178,0.02225072176210214,0.004917751351939614,0.000495094618935075,0.06945278789640609,0.01981710101525821,0.08971118901267268,3.6470637646621515,1.5834548221898355,0.0
32,3360,3.667998593185039,0.11008316917095164,0.029619594911964097,0.09882024005476997,0.02217132900254157,0.0048827199222500894,0.0004915678297398373,0.06920276256716029,0.0197457607947126,0.08938455052517785,3.6473303628567435,1.5835674457750475,0.0
32,3364,3.672365258176926,0.10969633285718072,0.029515510563762434,0.09846769119406307,0.02209223106900213,0.004847943104557828,0.0004880666736075058,0.06895367883810745,0.019674689242808015,0.08905916724186459,3.6475958818779928,1.5836795555932386,0.0
32,3368,3.6767319231688127,0.10931089721941613,0.029411803089302895,0.09811645119216773,0.022013426791289804,0.004813418997279939,0.00048459095909622244,0.06870553288804616,0.01960388526923353,0.08873503388582936,3.6478603264379874,1.5837911541214937,0.0
32,3372,3.6810985881606997,0.10892685693140151,0.02930847105547307,0.09776651485646985,0.021934915004388645,0.004779145713591504,0.00048114049624988777,0.0684583209132465,0.019533347788663363,0.08841214520568007,3.6481237012260714,1.583902243824201,0.0
32,3376,3.6854652531525867,0.10854420668884883,0.029205513035071472,0.09741787701731452,0.021856694548433832,0.0047451213812905735,0.0004777150965845701,0.0682120391273552,0.019463075720729882,0.08809049597538492,3.6483860109089723,1.5840128271531206,0.0
32,3380,3.6898319181444736,0.10816294120933524,0.029102927606779787,0.09707053252788685,0.02177876426868494,0.0047113441426347435,0.00047431457307205225,0.06796668376130197,0.01939306798999681,0.08777008099412809,3.64864726013092,1.5841229065474542,0.0
32,3384,3.6941985831363606,0.10778305523220057,0.02900071335513528,0.09672447626409354,0.02170112301549937,0.004677812154298522,0.00047093874013553967,0.06772225106320598,0.0193233235259326,0.08745089508616032,3.6489074535137713,1.5842324844339128,0.0
32,3388,3.6985652481282476,0.10740454351844553,0.028898868870503417,0.09637970312444542,0.021623769644305967,0.004644523587181482,0.0004675874136303463,0.0674787372982833,0.019253841262883972,0.08713293310065592,3.6491665956571313,1.5843415632267854,0.0
32,3392,3.7029319131201346,0.10702740085063064,0.028797392749050674,0.09603620802994074,0.021546703015578882,0.004611476626394051,0.0004642604108424639,0.06723613874875517,0.01918462014004978,0.08681618991156828,3.649424691138474,1.5844501453280062,0.0
32,3396,3.7072985781120216,0.10665162203277528,0.02869628359271736,0.09569398592394882,0.02146992199481143,0.004578669471015928,0.0004609575504642406,0.06699445171375625,0.019115659101454817,0.08650066041748693,3.649681744513261,1.5845582331272225,0.0
32,3400,3.7116652431039086,0.10627720189025738,0.028595540009190637,0.09535303177209467,0.021393425452490233,0.004546100334081871,0.00045767865259295,0.06675367250924369,0.019046957095923866,0.08618633954149385,3.649937760315062,1.584665829001861,0.0
32,3404,3.7160319080957955,0.10590413526971355,0.02849516061187765,0.09501334056214399,0.02131721226406938,0.00451376744240406,0.0004544235387129078,0.06651379746790684,0.01897851307705594,0.08587322223102511,3.650192743055673,1.5847729353171949,0.0
32,3408,3.7203985730876825,0.10553241703894088,0.0283951440198791,0.09467490730389,0.021241281309945077,0.004481669036515257,0.00045119203168974924,0.06627482293907812,0.01891032600319886,0.08556130345772843,3.6504466972252354,1.5848795544264092,0.0
32,3412,3.7247652380795695,0.10516204208679784,0.02829548885796258,0.09433772702903971,0.021165631475430106,0.004449803370512484,0.00044798395575469153,0.06603674528864341,0.018842394837423667,0.0852505782173239,3.6506996272923495,1.5849856886706675,0.0
32,3416,3.7291319030714565,0.10479300532310594,0.028196193756536113,0.09400179479110099,0.02109026165072849,0.00441816871198597,0.0004447991364973803,0.06579956089895345,0.018774718547499365,0.08494104152946788,3.650951537704194,1.5850913403791766,0.0
32,3420,3.7334985680633435,0.10442530167855295,0.028097257351622124,0.09366710566527141,0.021015170730910568,0.004386763341855726,0.0004416374008494371,0.0655632661687363,0.01870729610586792,0.08463268843761476,3.6512024328866404,1.5851965118692521,0.0
32,3424,3.73786523305523,0.10405892610459593,0.02799867828483133,0.09333365474832692,0.020940357615887997,0.0043555855543502275,0.00043849857708231325,0.0653278575130099,0.018640126489619335,0.08432551400887826,3.6514523172443685,1.5853012054463824,0.0
32,3428,3.742231898047117,0.10369387357336411,0.02790045520333663,0.0930014371585107,0.020865821210388838,0.004324633656786148,0.00043538249478511425,0.0650933313629947,0.018573208680466687,0.08401951333390098,3.65170119516098,1.5854054234042936,0.0
32,3432,3.746598563039004,0.10333013907756436,0.02780258675984764,0.09267044803542467,0.020791560423933188,0.004293905969561251,0.0004322889848638845,0.0648596841660284,0.018506541664721845,0.0837146815267159,3.6519490709991125,1.5855091680250126,0.0
32,3436,3.750965228030891,0.10296771763038443,0.027705071612584693,0.09234068253991894,0.020717574170808408,0.00426340082597676,0.0004292178795237239,0.06462691238547917,0.01844012443327066,0.0834110137246135,3.6521959491005505,1.5856124415789317,0.0
32,3440,3.755331893022778,0.10260660426539953,0.027607908425253676,0.09201213585398473,0.020643861370045074,0.004233116572208928,0.0004261690122659265,0.0643950125006615,0.018373955981548992,0.08310850508801147,3.6524418337863414,1.5857152463248705,0.0
32,3444,3.759698558014665,0.10224679403647667,0.027511095867020312,0.09168480318064526,0.02057042094539251,0.0042030515671456214,0.0004231422178715275,0.06416398100675058,0.018308035309518265,0.08280715080032039,3.652686729356904,1.58581758451014,0.0
32,3448,3.764065223006552,0.10188828201768274,0.027414632612485407,0.09135867974385033,0.020497251825295125,0.004173204182272627,0.00042013733238985805,0.06393381441469954,0.01824236142164185,0.0825069460678153,3.6529306400921375,1.585919458370604,0.0
32,3452,3.768431887998439,0.10153106330318927,0.027318517341659236,0.0910337607883681,0.020424352942868144,0.0041435728016452344,0.00041715419313568386,0.06370450925115453,0.018176933326860833,0.08220788611950354,3.6531735702515364,1.5860208701307414,0.0
32,3456,3.772798552990326,0.10117513300718114,0.027222748739936985,0.09071004157968056,0.020351723235874152,0.004114155821710597,0.00041419263867132163,0.06347606205837275,0.018111750038570646,0.08190996620699847,3.6534155240742976,1.5861218220037083,0.0
32,3460,3.777165217982213,0.10082048626376361,0.02712732549807372,0.09038751740387775,0.02027936164669936,0.004084951651222468,0.00041125250879805504,0.0632484693941394,0.018046810574597342,0.08161318160438721,3.6536565057794266,1.586222316191399,0.0
32,3464,3.7815318829741,0.10046711822687111,0.027032246312159856,0.09006618356755369,0.020207267122330255,0.004055958711219887,0.00040833364455398867,0.0630217278316862,0.017982113957174372,0.08131752760811034,3.6538965195658513,1.5863223548845073,0.0
32,3468,3.785898547965987,0.10011502407017601,0.02693750988359662,0.08974603539770253,0.020135438614330294,0.004027175434814012,0.00040543588819258805,0.06279583395960985,0.017917659212919296,0.08102299953682773,3.654135569612523,1.5864219402625868,0.0
32,3472,3.7902652129578738,0.09976419898699745,0.0268431149190715,0.08942706824161496,0.02006387507881669,0.003998600267145491,0.00040255908317838733,0.06257078438179091,0.017853445372810656,0.0807295927312986,3.654373660078528,1.5865210744941112,0.0
32,3476,3.7946318779497608,0.09941463819021142,0.026749060130534054,0.0891092774667758,0.019992575476437395,0.0039702316653347225,0.0003997030741819821,0.06234657571731364,0.01778947147216509,0.0804373025542555,3.6546107951031916,1.586619759736535,0.0
32,3480,3.7989985429416477,0.09906633691216109,0.0266553442351718,0.08879265846076229,0.01992153877234831,0.003942068098275797,0.00039686770705928457,0.06212320460038611,0.01772573655061455,0.08014612439027814,3.654846978806184,1.5867179981363522,0.0
32,3484,3.8033652079335343,0.09871929040456756,0.026561965955386187,0.08847720663114247,0.01985076393619047,0.003914108046629394,0.000394052828850808,0.06190066768026086,0.017662239652083644,0.0798560536456756,3.6550822152876252,1.5868157918291557,0.0
32,3488,3.8077318729254213,0.09837349393844096,0.026468924018768672,0.08816291740537464,0.0197802499420675,0.003886350002716199,0.00039125828777093703,0.061678961621156,0.017598979824767148,0.07956708574835837,3.65531650862819,1.5869131429396968,0.0
32,3492,3.8120985379173082,0.09802894280399217,0.026376217158076986,0.087849786230707,0.019709995768523083,0.003858792470403216,0.00038848393319648175,0.061458083102176764,0.017535956121107605,0.0792792161477225,3.655549862889209,1.5870100535819438,0.0
32,3496,3.816465202909195,0.09768563231054538,0.026283844111211582,0.08753780857407858,0.01964000039851875,0.0038314339649829776,0.0003857296156545174,0.06123802881723794,0.017473167597773197,0.07899244031452467,3.6557822821127752,1.5871065258591392,0.0
32,3500,3.820831867901082,0.09734355778645061,0.026191803621192118,0.08722697992202032,0.01957026281941167,0.003804273013166437,0.0003829951868216688,0.06101879547498639,0.017410613315635644,0.07870675374076674,3.6560137703218434,1.587202561863859,0.0
32,3504,3.825198532892969,0.09700271457899651,0.02610009443613398,0.08691729578055626,0.01950078202293249,0.0037773081529124397,0.0003802804995069421,0.06080037979872397,0.01734829233974819,0.07842215193957248,3.6562443315203335,1.587298163678069,0.0
32,3508,3.829565197884856,0.09666309805432449,0.026008715309225192,0.08660875167510644,0.019431557005163545,0.003750537933370879,0.00037758540764600245,0.06058277852633139,0.017286203739323908,0.07813863044507469,3.6564739696932307,1.5873933333731831,0.0
32,3512,3.833931862876743,0.0963247035973422,0.025917664998703113,0.08630134315038916,0.019362586766516934,0.003723960914790325,0.00037490976629187423,0.06036598841019197,0.017224346587713917,0.07785618481229281,3.656702688806687,1.5874880730101197,0.0
32,3516,3.83829852786863,0.09598752661163919,0.025826942267831776,0.08599506577032558,0.019293870311713115,0.003697575668432762,0.0003722534316063571,0.06015000621711691,0.01716271996238608,0.07757481061702157,3.6569304928081205,1.587582384639359,0.0
32,3520,3.842665192860517,0.09565156251940023,0.025736545884878535,0.08568991511794215,0.01922540664975901,0.003671380776474109,0.0003696162608500114,0.05993482872826918,0.017101322944903276,0.07729450345571051,3.6571573856263146,1.5876762703009983,0.0
32,3524,3.847031857852404,0.09531680676132258,0.025646474623091824,0.08538588679527696,0.019157194793927,0.003645374831918957,0.0003669981123735738,0.05972045273909034,0.017040154620902522,0.077015258945353,3.657383371171517,1.587769732024808,0.0
32,3528,3.851398522844291,0.09498325479653075,0.025556727260678216,0.08508297642328388,0.019089233761733406,0.0036195564385295143,0.0003643988456108042,0.05950687505922554,0.016979214080073576,0.0767370727233714,3.6576084533355373,1.5878627718302885,0.0
32,3532,3.855765187836178,0.09465090210249312,0.025467302580779994,0.08478117964173859,0.019021522574917422,0.0035939242107332348,0.000361818321069186,0.05929409251245035,0.01691850041613805,0.07645994044750161,3.657832635991845,1.5879553917267237,0.0
32,3536,3.860131852828065,0.09431974417493916,0.025378199371452855,0.08448049210914521,0.018954060259420157,0.0035684767735091327,0.0003592564003184811,0.059082101936597735,0.016858012726828582,0.07618385779568286,3.6580559229956666,1.588047593713238,0.0
32,3540,3.864498517819952,0.09398977652777582,0.025289416425643453,0.08418090950264255,0.018886845845363605,0.00354321276235936,0.00035671294598786825,0.05887090018348493,0.016797750113867978,0.07590882046594527,3.658278318184083,1.5881393797788494,0.0
32,3544,3.8688651828118386,0.09366099469300611,0.025200952541167453,0.08388242751791233,0.018819878367030043,0.003518130823159993,0.0003541878217509209,0.058660484118841796,0.016737711682948752,0.07563482417629872,3.6584998253761203,1.588230751902525,0.0
32,3548,3.8732318478037255,0.09333339422064704,0.025112806520687474,0.08358504186908701,0.018753156862841364,0.0034932296121397144,0.00035168089232346126,0.05845085062223895,0.01667789654371263,0.07536186466462234,3.6587204483728537,1.5883217120532336,0.0
32,3552,3.8775985127956125,0.09300697067864794,0.025024977171691103,0.08328874828865805,0.018686680375338494,0.003468507795759024,0.0003491920234513998,0.058241996587016245,0.01661830380973014,0.07508993768855589,3.658940190957493,1.5884122621900016,0.0
32,3556,3.8819651777874995,0.09268171965280957,0.024937463306469138,0.08299354252738532,0.018620447951161058,0.0034439640506320757,0.000346721081902866,0.05803391892021208,0.01655893259848045,0.07481903902538938,3.659159056895483,1.5885024042619642,0.0
32,3560,3.8863318427793865,0.09235763674670364,0.02485026374209393,0.08269942035420662,0.01855445864102709,0.003419597063469837,0.000344267935462486,0.057826614542492896,0.01649978203133124,0.0745491644719562,3.6593770499345935,1.58859214020842,0.0
32,3564,3.8906985077712735,0.09203471758159255,0.024763377300397772,0.08240637755614785,0.01848871149971287,0.0033954055309735054,0.00034183245292065256,0.05762008038808318,0.01644085123351873,0.07428030984452674,3.6595941738050164,1.588681471958884,0.0
32,3568,3.8950651727631604,0.09171295779635016,0.02467680280795161,0.08211440993823418,0.018423205586032994,0.00337138815975635,0.00033941450406565604,0.05741431340469629,0.01638213933412795,0.07401247097869908,3.659810432219452,1.5887704014331387,0.0
32,3572,3.8994318377550474,0.09139235304738172,0.024590539096043477,0.08182351332340058,0.018357939962820313,0.0033475436663010782,0.0003370139596793927,0.05720931055346464,0.016323645466072817,0.07374564372929467,3.6600258288732057,1.5888589305412881,0.0
32,3576,3.9037985027469344,0.09107289900854589,0.02450458500065752,0.08153368355240444,0.01829291369690631,0.003323870776817728,0.0003346306915230576,0.057005068808871774,0.01626536876607675,0.07347982397025359,3.660240367444278,1.5889470611838081,0.0
32,3580,3.9081651677388214,0.09075459137107536,0.024418939362452645,0.08124491648373691,0.018228125859101236,0.0033003682272294554,0.00033226457233571417,0.05680158515868338,0.01620730837465299,0.07321500759452809,3.660454051593455,1.589034795251599,0.0
32,3584,3.9125318327307084,0.0904374258434994,0.024333601026741664,0.08095720799353641,0.01816357552417466,0.0032770347630659558,0.000329915475823564,0.056598856603879776,0.016149463436085327,0.07295119051398197,3.6606668849643977,1.5891221346260374,0.0
32,3588,3.9168984977225954,0.09012139815156617,0.024248568843470406,0.08067055397550184,0.018099261770836046,0.003253869139363985,0.0003275832766499322,0.05639688015858859,0.016091833098408916,0.07268836865928326,3.6608788711837352,1.5892090811790258,0.0
32,3592,3.9212651627144823,0.0898065040381657,0.024163841667196987,0.08038495034080657,0.01803518368171543,0.0032308701206602564,0.0003252678504345518,0.05619565285001768,0.0160344165133911,0.07242653797980474,3.661090013861149,1.5892956367730444,0.0
32,3596,3.9256318277063693,0.08949273926325275,0.02407941835707105,0.08010039301801256,0.01797134034334414,0.0032080364808280137,0.00032296907373711135,0.05599517171838842,0.01597721283651241,0.07216569444352211,3.6613003165894638,1.5893818032612017,0.0
32,3600,3.929998492698256,0.08918009960377027,0.023995297776813182,0.079816877952985,0.017907730846135686,0.003185367003091244,0.00032068682405868537,0.055795433816869335,0.0159202212269476,0.07190583403691117,3.6615097829447385,1.589467582487284,0.0
32,3604,3.934365157690143,0.08886858085357402,0.023911478794694626,0.07953440110880845,0.017844354284366894,0.0031628604798754623,0.00031842097982671215,0.05559643621151087,0.01586344084754706,0.07164695276484821,3.6617184164863485,1.5895529762858054,0.0
32,3608,3.93873182268203,0.08855817882335651,0.023827960283516806,0.07925295846570202,0.017781209756158916,0.0031405157127935013,0.0003161714203935633,0.055398175981179444,0.01580687086481798,0.07138904665051066,3.6619262207570764,1.5896379864820582,0.0
32,3612,3.943098487673917,0.08824888934057169,0.023744741120591085,0.07897254602093579,0.01771829636345846,0.003118331512524719,0.00031393802602438267,0.055200650217492625,0.01575051044890586,0.07113211173527684,3.6621331992831987,1.5897226148921617,0.0
32,3616,3.947465152665804,0.0879407082493606,0.023661820187718736,0.078693159788748,0.017655613212019212,0.003096306698779472,0.0003117206778935102,0.05500385602475459,0.015694358773576098,0.07087614407862942,3.6623393555745682,1.589806863323111,0.0
32,3620,3.9518318176576908,0.08763363141047678,0.0235791963711709,0.07841479580026227,0.017593159411383265,0.003074440100199638,0.0003095192580744664,0.05480779051989209,0.015638415016195714,0.07062113975805454,3.662544693124704,1.5898907335728265,0.0
32,3624,3.9561984826495777,0.08732765470121194,0.023496868561668556,0.0781374501034052,0.01753093407486264,0.003052730554344407,0.0003073336495385225,0.05461245083239021,0.015582678357715025,0.0703670948689476,3.6627492154108743,1.5899742274302018,0.0
32,3628,3.9605651476414647,0.0870227740153226,0.023414835654362805,0.07786111876282477,0.017468936319520956,0.003031176907512645,0.0003051637361368163,0.054417834104229235,0.015527147982649625,0.07011400552451531,3.66295292589418,1.590057346675152,0.0
32,3632,3.9649318126333517,0.08671898526295654,0.02333309654881507,0.07758579785980896,0.017407165266155194,0.0030097780147855246,0.0003030094026046446,0.05422393748982137,0.015471823079062334,0.06986186785567865,3.663155828019643,1.5901400930786622,0.0
32,3636,3.9692984776252387,0.08641628437058087,0.023251650148977742,0.07731148349220578,0.01734562003927775,0.002988532739891525,0.00030087053454787164,0.05403075815594873,0.015416702838545501,0.06961067801098057,3.6633579252162822,1.5902224684028345,0.0
32,3640,3.9736651426171257,0.08611466728090802,0.023170495363174278,0.07703817177434172,0.01728429976709813,0.0029674399551780084,0.00029874701844006776,0.05383829328170009,0.015361786456202963,0.06936043215648734,3.6635592208972056,1.590304474400936,0.0
32,3644,3.9780318076090126,0.08581412995282474,0.023089631104080074,0.07676585883694284,0.017223203581505253,0.002946498541497533,0.0002966387416110639,0.05364654005840965,0.015307073130632563,0.06911112647569764,3.6637597184596853,1.5903861128174455,0.0
32,3648,3.9823984726008996,0.08551466836131999,0.02300905628870309,0.07649454082705515,0.01716233061804958,0.0029257073881794327,0.00029454559224409036,0.05345549568959534,0.015252562063908553,0.06886275716944822,3.663959421285244,1.5904673853881006,0.0
32,3652,3.9867651375927866,0.08521627849741374,0.02292876983836467,0.07622421390796583,0.017101680015925453,0.0029050653929516557,0.000292467459367908,0.053265157390897724,0.015198252461564164,0.0686153204558202,3.664158332739735,1.5905482938399442,0.0
32,3656,3.9911318025846736,0.08491895636808561,0.022848770678680363,0.07595487425912449,0.017041250917953412,0.0028845714618697116,0.00029040423284965494,0.05307552239001899,0.015144143532574188,0.06836881257004768,3.6643564561734228,1.590628839891371,0.0
32,3660,3.99549846757656,0.08462269799620455,0.022769057739540972,0.07568651807606544,0.016981042470562768,0.002864224509252722,0.0002883558033884083,0.05288658792666276,0.015090234489337816,0.06812322976442571,3.6645537949210665,1.5907090252521736,0.0
32,3664,3.999865132568447,0.08432749942045849,0.022689629955093663,0.07541914157033018,0.016921053823774207,0.002844023457619471,0.00028632206250874643,0.05269835125247394,0.015036524547661464,0.06787856830821841,3.6647503523019958,1.5907888516235882,0.0
32,3668,4.004231797560334,0.08403335669528401,0.02261048626372301,0.07515274096938976,0.01686128413118237,0.002823967237617353,0.0002843029025535953,0.052510809630978775,0.014983012926741673,0.06763482448757069,3.6649461316201934,1.5908683206983405,0.0
32,3672,4.0085984625522215,0.08374026589079792,0.0225316256080326,0.07488731251656931,0.016801732549938934,0.002804054787993948,0.0002822982166813673,0.05232396033752619,0.014929698849148382,0.06739199460541642,3.665141136164376,1.5909474341606902,0.0
32,3676,4.012965127544108,0.08344822309272666,0.022453046934826037,0.07462285247097052,0.016742398240735187,0.002784285055454916,0.00028030789885165433,0.052137800659228,0.014876581540807845,0.06715007498138861,3.665335369208067,1.5910261936864767,0.0
32,3680,4.0173317925359955,0.08315722440233847,0.02237474919508868,0.0743593571073967,0.01668328036778526,0.0027646569947208377,0.0002783318438309506,0.051952327894900764,0.014823660230986066,0.06690906195173303,3.6655288340096814,1.5911046009431646,0.0
32,3684,4.021698457527882,0.08286726593637425,0.022296731343969065,0.07409682271627697,0.01662437809880907,0.0027451695683353705,0.00027636994717333835,0.05176753935500725,0.014770934152272078,0.06666895186921769,3.6657215338126004,1.5911826575898866,0.0
32,3688,4.026065122519769,0.08257834382697993,0.02221899234076068,0.07383524560359175,0.01656569060501565,0.0027258217466794576,0.0002744221052219189,0.051583432361598666,0.014718402540561467,0.06642974110304627,3.6659134718452497,1.5912603652774893,0.0
32,3692,4.030431787511656,0.08229045422163862,0.02214153114888372,0.07357462209079821,0.016507217061086377,0.0027066125079144854,0.0002724882151030893,0.051400004248257136,0.014666064635039961,0.06619142603877186,3.666104651321175,1.5913377256485757,0.0
32,3696,4.0347984525035425,0.08200359328310282,0.022064346735866856,0.0733149485147559,0.016448956645158327,0.002687540837868596,0.00027056817471509753,0.05121725236003812,0.014613919678166994,0.06595400307820827,3.6662950754391197,1.591414740337551,0.0
32,3700,4.03916511749543,0.08171775718932753,0.02198743807332922,0.07305622122765341,0.016390908538807796,0.0026686057300437938,0.00026866188272875756,0.0510351740534138,0.014561966915659558,0.06571746863934591,3.6664847473831026,1.591491410970664,0.0
32,3704,4.0435317824873165,0.0814329421334037,0.02191080413696251,0.0727984365969352,0.016333071927033888,0.0026498061854809407,0.00026676923857385786,0.05085376669621642,0.014510205596476033,0.06548181915626573,3.66667367032249,1.591567739166052,0.0
32,3708,4.047898447479204,0.08114914432349161,0.02183444390651307,0.07254159100522865,0.016275445998242155,0.002631141212795285,0.00026489014244273815,0.050673027667582075,0.014458634972800151,0.06524705107905394,3.6668618474120724,1.5916437265337842,0.0
32,3712,4.0522651124710904,0.0808663599827547,0.021758356365764068,0.07228568085027168,0.016218029944228343,0.002612609827998824,0.0002630244952724061,0.05049295435789463,0.014407254300024989,0.06501316087371926,3.6670492817921425,1.591719374675902,0.0
32,3716,4.056631777462978,0.08058458534929429,0.021682540502517944,0.07203070254484106,0.01616082296016233,0.0025942110545571495,0.00026117219875025963,0.05031354416873055,0.014356062836737234,0.06478014502210701,3.6672359765885636,1.591794685186464,0.0
32,3720,4.060998442454864,0.08030381667608341,0.021606995308578614,0.07177665251668029,0.016103824244571924,0.0025759439232615478,0.00025933315530121134,0.05013479451280305,0.014305059844701241,0.06454800002181707,3.667421934912847,1.591869659651588,0.0
32,3724,4.065365107446752,0.08002405023090248,0.021531719779734136,0.07152352720842903,0.016047032999327044,0.002557807472179263,0.0002575072680826807,0.049956702813907745,0.014254244588843529,0.0643167223861209,3.6676071598622273,1.591944299649492,0.0
32,3728,4.069731772438638,0.07974528229627434,0.02145671291573926,0.07127132307755218,0.0159904484296238,0.002539800746625076,0.0002556944409817329,0.04977926650686787,0.014203616337237152,0.06408630864387997,3.66779165451973,1.592018606750537,0.0
32,3732,4.074098437430526,0.07946750916939944,0.021381973720297976,0.07102003659626914,0.015934069743968618,0.0025219227990760373,0.00025389457860649475,0.04960248303747971,0.014153174361086124,0.06385675533946236,3.6679754219542495,1.5920925825172683,0.0
32,3736,4.078465102422412,0.07919072716209283,0.021307501201046544,0.07076966425148486,0.01587789615416279,0.002504172689143047,0.00025210758628329335,0.04942634986245938,0.014102917934710234,0.0636280590326646,3.668158465220617,1.5921662285044564,0.0
32,3740,4.0828317674143,0.07891493260071894,0.02123329436953598,0.07052020254471891,0.01582192687528654,0.002486549483478484,0.00025033337004735657,0.04925086444938821,0.014052846335529468,0.06340021629862637,3.6683407873596763,1.59223954625914,0.0
32,3744,4.087198432406186,0.07864012182612913,0.021159352241215235,0.07027164799203725,0.01576616112568372,0.0024690522557690997,0.00024857183664209783,0.0490760242766601,0.014002958844048978,0.06317322372775566,3.6685223913983522,1.5923125373206646,0.0
32,3748,4.091565097398073,0.07836629119359849,0.02108567383541417,0.07002399712398338,0.015710598126946376,0.002451680086622332,0.00024682289350767074,0.0489018268334284,0.013953254743843938,0.06294707792564483,3.668703280349723,1.5923852032207244,0.0
32,3752,4.09593176238996,0.07809343707276292,0.02101225817532667,0.06977724648550979,0.015655237103899346,0.0024344320635592,0.0002450864487802534,0.04872826961955317,0.013903733321544487,0.06272177551299461,3.668883457213089,1.592457545483403,0.0
32,3756,4.100298427381847,0.07782155584755654,0.020939104287993757,0.06953139263590985,0.015600077284584998,0.0024173072809432483,0.0002433624112848956,0.048555350145548695,0.01385439386682075,0.06249731312553276,3.669062924974046,1.5925295656252125,0.0
32,3760,4.104665092373734,0.07755064391614964,0.020866211204286937,0.06928643214875042,0.0155451179002481,0.002400304839959233,0.00024165069053337223,0.0483830659325315,0.013805235672368016,0.062273687413937864,3.6692416866045527,1.5926012651551347,0.0
32,3764,4.109031757365621,0.0772806976908868,0.02079357795889152,0.06904236161180438,0.015490358185320689,0.0023834238484781167,0.0002399511967105922,0.04821141451216849,0.013756258033891931,0.06205089504376144,3.6694197450629997,1.5926726455746605,0.0
32,3768,4.113398422357508,0.0770117135982253,0.020721203590290053,0.06879917762698383,0.015435797377407074,0.002366663421085491,0.00023826384067745964,0.048040393426625465,0.013707460250093815,0.06182893269534931,3.6695971032942807,1.5927437083778295,0.0
32,3772,4.117765087349395,0.07674368807867422,0.020649087140745953,0.06855687681027393,0.015381434717269007,0.002350022678996311,0.00023658853396228992,0.04787000022851621,0.01365884162265613,0.06160779706376651,3.6697737642298582,1.592814455051269,0.0
32,3776,4.122131752341282,0.07647661758673294,0.02057722765628693,0.06831545579166617,0.015327269448810696,0.002333500750012263,0.0002349251887565175,0.047700232480851146,0.013610401456227827,0.061387484858720524,3.6699497307878333,1.5928848870742331,0.0
32,3780,4.126498417333169,0.07621049859083098,0.020505624186688835,0.06807491121509301,0.015273300819064152,0.002317096768479132,0.00023327371791040402,0.047531087756987084,0.013562139058410022,0.061167992804485594,3.6701250058730146,1.5929550059186424,0.0
32,3784,4.130865082325056,0.07594532757326772,0.020434275785459394,0.06783523973836267,0.01521952807817455,0.0023008098751944317,0.00023163403492373885,0.047362563640576935,0.013514053739741627,0.060949317639826674,3.6702995923769834,1.5930248130491218,0.0
32,3788,4.135231747316943,0.07568110103015192,0.02036318150982199,0.0675964380330935,0.015165950479385511,0.0022846392173931918,0.0002300060539444084,0.047194657725519416,0.01346614481368502,0.060731456117926505,3.670473493178161,1.59309430992304,0.0
32,3792,4.13959841230883,0.07541781547134235,0.020292340420699648,0.06735850278464973,0.015112567279024693,0.002268583948705327,0.00022838968976410403,0.04702736761590957,0.013418411596611907,0.06051440500630873,3.670646711141876,1.593163497990546,0.0
32,3796,4.143965077300717,0.07515546742038866,0.02022175158269913,0.06712143069207745,0.015059377736489398,0.0022526432290845833,0.0002267848578111688,0.04686069092598948,0.01337085340778928,0.060298161086766805,3.6708192491204317,1.593232378694609,0.0
32,3800,4.148331742292604,0.0748940534144717,0.020151414064094902,0.06688521846804002,0.015006381114232123,0.002236816224765903,0.00022519147414630533,0.04669462528009881,0.01332346956936528,0.06008272115528738,3.670991109953169,1.5933009534710554,0.0
32,3804,4.152698407284491,0.07463357000434487,0.02008132693681333,0.06664986283875482,0.014953576677746336,0.0022211021082227944,0.0002236094554582838,0.046529168312626046,0.013276259406355313,0.05986808202198116,3.6711622964665347,1.593369223748606,0.0
32,3808,4.157065072276377,0.07437401375427574,0.020011489276416966,0.06641536054392999,0.014900963695552296,0.0022055000581033823,0.00022203871905750387,0.046364317667960016,0.01322922224662819,0.05965424051100718,3.671332811474144,1.5934371909489142,0.0
32,3812,4.1614317372682645,0.07411538124198778,0.019941900162088903,0.06618170833670153,0.014848541439182943,0.0021900092591948805,0.00022047918287241804,0.046200071000441496,0.01318235742089234,0.059441193460501356,3.671502657776849,1.5935048564866032,0.0
32,3816,4.165798402260151,0.07385766905860237,0.019872558676617136,0.06594890298357081,0.01479630918316987,0.0021746289023809595,0.00021893076544523957,0.046036425974315315,0.01313566426268213,0.0592289377225069,3.6716718381627977,1.593572221769302,0.0
32,3820,4.1701650672520385,0.07360087380858091,0.019803463906379003,0.0657169412643421,0.014744266205029315,0.0021593581845777976,0.0002173933859255045,0.045873380263682345,0.013089142108344172,0.059017470162900994,3.671840355407504,1.5936392881976833,0.0
32,3824,4.174531732243925,0.07334499210966805,0.019734614941325918,0.06548581997206125,0.014692411785248395,0.00214419630871987,0.0002158669640686408,0.04571093155245248,0.013042790297023906,0.058806787661324716,3.6720082122739064,1.5937060571654988,0.0
32,3828,4.1788983972358125,0.07309002059283386,0.01966601087496778,0.06525553591295351,0.014640745207271164,0.002129142483653368,0.00021435142022523855,0.04554907753429691,0.01299660817065198,0.05859688711111253,3.672175411512434,1.5937725300596177,0.0
32,3832,4.183265062227699,0.07283595590221743,0.019597650804357845,0.06502608590636275,0.01458926575748497,0.002114195924164619,0.00021284667534391107,0.045387815912601506,0.012950595073930954,0.05838776541922229,3.6723419558610693,1.593838708260061,0.0
32,3836,4.187631727219586,0.07258279469507051,0.019529533830077505,0.06479746678469073,0.014537972725206834,0.0020993558508664023,0.00021135265095984955,0.045227144400420215,0.012904750354321998,0.05817941950616722,3.6725078480454085,1.593904593140037,0.0
32,3840,4.191998392211473,0.0723305336417009,0.019461659056221117,0.06456967539333631,0.014486865402669809,0.002084621490205052,0.0002098692691955385,0.04506706072042851,0.012859073362031613,0.05797184630594529,3.672673090778727,1.5939701860659796,0.0
32,3844,4.19636505720336,0.07207916942541653,0.0193940255903809,0.06434270859063532,0.014435943085009482,0.002069992074403615,0.00020839645275503292,0.04490756260487728,0.012813563449998469,0.05776504276597119,3.672837686762038,1.594035488397581,0.0
32,3848,4.200731722195247,0.07182869874246993,0.01932663254363203,0.06411656324780074,0.014385205070250573,0.00205546684136948,0.00020693412491465892,0.04474864779554692,0.012768219973880312,0.05755900584700749,3.6730016386841573,1.5941005014878293,0.0
32,3852,4.205098387187134,0.07157911830200282,0.01925947903051773,0.06389123624886336,0.014334650659293596,0.002041045034715694,0.00020548220952515972,0.04459031404370197,0.012723042292041012,0.057353732523098666,3.6731649492217615,1.5941652266830424,0.0
32,3856,4.209465052179021,0.0713304248259908,0.019192564169034365,0.06366672449061232,0.014284279155901537,0.0020267259036899077,0.00020404063100454238,0.04443255911004547,0.01267802976553755,0.05714921978150175,3.673327621039451,1.5942296653229033,0.0
32,3860,4.213831717170908,0.0710826150491884,0.019125887080616674,0.06344302488253624,0.01423408986668664,0.0020125087031317435,0.00020260931433378561,0.04427538076467394,0.012633181758107168,0.056945464622619735,3.673489656789809,1.5942938187404954,0.0
32,3864,4.218198382162795,0.07083568571907474,0.019059446890123143,0.06322013434676484,0.014184082101097307,0.0019983926934230567,0.00020118818505183246,0.04411877678703266,0.012588497636154605,0.05674246405993659,3.673651059113462,1.5943576882623356,0.0
32,3868,4.222565047154681,0.07058963359579892,0.018993242725821327,0.06299804981801052,0.014134255171404994,0.0019843771404453037,0.0001997771692512983,0.043962744965870944,0.012543976768739341,0.05654021511995045,3.673811830639141,1.594421275208411,0.0
32,3872,4.226931712146569,0.07034445545212638,0.01892727371937339,0.06277676824351075,0.014084608392691286,0.0019704613155653306,0.00019837619357704017,0.04380728309919804,0.012499618527563008,0.05633871484210522,3.6739719739837384,1.5944845808922108,0.0
32,3876,4.231298377138455,0.07010014807338474,0.01886153900582155,0.06255628658297033,0.014035141082834933,0.0019566444955358975,0.0001969851852161419,0.04365238899423894,0.012455422286956785,0.05613796027873031,3.674131491752368,1.5945476066207611,0.0
32,3880,4.235665042130343,0.06985670825741022,0.018796037723573664,0.06233660180850377,0.013985852562498942,0.0019429259625241002,0.0001956040719007757,0.043498060467390354,0.012411387423868839,0.0559379484949715,3.674290386538427,1.59461035369466,0.0
32,3884,4.240031707122229,0.06961413281449436,0.01873076901438888,0.06211771090457865,0.013936742155117844,0.0019293050040189996,0.00019423278189890247,0.04334429534417734,0.012367513317851941,0.05573867656872783,3.674448660923648,1.5946728234081091,0.0
32,3888,4.244398372114117,0.0693724185673313,0.018665732023363465,0.06189961086795895,0.013887809186885003,0.0019157809128103054,0.00019287124401212607,0.043191091459209976,0.012323799351051117,0.055540141590587136,3.6746063174781645,1.5947350170489485,0.0
32,3892,4.248765037106003,0.0691315623509643,0.018600925898916414,0.06168229870764816,0.013839052986739838,0.001902352986938638,0.00019151938757068572,0.04303844665613991,0.012280244908191231,0.05534234066376358,3.674763358760562,1.5947969358986898,0.0
32,3896,4.253131702097891,0.06889156101273461,0.01853634979277567,0.06146577144483442,0.01379047288635552,0.001889020529667107,0.00019017714243059472,0.04288635878761834,0.012236849376565018,0.05514527090403256,3.6749197873179407,1.594858581232548,0.0
32,3900,4.257498367089777,0.06865241141222769,0.018472002859963692,0.06125002611283346,0.013742068220126165,0.0018757828494173623,0.0001888444389672025,0.0427348257152525,0.012193612146020646,0.05494892943966933,3.6750756056859686,1.594919954319476,0.0
32,3904,4.261865032081665,0.06841411042122184,0.018407884258783595,0.06103505975703358,0.013693838325154497,0.0018626392597766994,0.0001875212080759098,0.04258384530956361,0.012150532608949735,0.05475331341138386,3.6752308163889427,1.5949810564221967,0.0
32,3908,4.266231697073551,0.06817665492363693,0.018343993150805395,0.06082086943484103,0.01364578254123959,0.0018495890794199,0.00018620738116430002,0.042433415449945104,0.012107610160275426,0.054558419972262545,3.6753854219398394,1.5950418887972349,0.0
32,3912,4.270598362065439,0.06794004181548181,0.018280328700851816,0.06060745221562405,0.013597900210864306,0.0018366316320452825,0.00018490289014570118,0.04228353402461994,0.012064844197440213,0.054364246287700875,3.6755394248403785,1.595102452694951,0.0
32,3916,4.274965027057325,0.06770426800480446,0.018216890076984908,0.060394805180659636,0.013550190679183368,0.00182376624641023,0.0001836076674427626,0.04213419893059996,0.012022234120394335,0.05417078953534847,3.6756928275810727,1.5951627493595715,0.0
32,3920,4.279331692049213,0.0674693304116396,0.01815367645049194,0.06018292542307799,0.013502653294010878,0.00181099225625303,0.00018232164597958617,0.04198540807364345,0.011979779331583664,0.053978046905042834,3.675845632641285,1.5952227800292225,0.0
32,3924,4.283698357041099,0.06723522596795865,0.01809068699587193,0.05997181004780913,0.013455287405808355,0.001798309000214715,0.0001810447591738576,0.04183715936821448,0.01193747923593813,0.05378601559874916,3.675997842489285,1.5952825459359603,0.0
32,3928,4.288065022032986,0.06700195161761961,0.018027920890822176,0.0597614561715296,0.01340809236767276,0.0017857158218816949,0.0001797769409411385,0.04168945073744208,0.011895333240860033,0.053594692830504095,3.6761494595823043,1.5953420483058038,0.0
32,3932,4.292431687024873,0.0667695043163159,0.017965377316224468,0.059551860922608175,0.013361067535324338,0.0017732120696862808,0.00017851812568485157,0.041542280113079026,0.01185334075621231,0.05340407582634941,3.6763004863665882,1.595401288358766,0.0
32,3936,4.29679835201676,0.06653788103152693,0.017903055456131817,0.05934302144105331,0.013314212267094803,0.0017607970968853692,0.0001772682482941347,0.04139564543546162,0.011811501194307059,0.05321416182427842,3.6764509252774538,1.5954602673088845,0.0
32,3940,4.301165017008647,0.06630707874246834,0.017840954497755038,0.05913493487846029,0.013267525923915504,0.001748470261546231,0.00017602724414241016,0.04124954465346944,0.011769813969894039,0.05302494807417199,3.67660077873934,1.595518986364253,0.0
32,3944,4.305531682000534,0.06607709444004184,0.01777907363144926,0.05892759839795809,0.013221007869305482,0.0017362309264825626,0.00017479504908094663,0.04110397572448483,0.011728278500149127,0.052836431837741685,3.6767500491658667,1.5955774467270536,0.0
32,3948,4.309898346992421,0.06584792512678694,0.017717412050700966,0.05872100917415807,0.01317465746935997,0.0017240784592260638,0.00017357159943599777,0.040958936614353784,0.011686894204663147,0.052648610388471816,3.6768987389598813,1.595635649593585,0.0
32,3952,4.314265011984308,0.06561956781683095,0.017655968952114492,0.058515164393101074,0.013128474092738528,0.001712012231983806,0.00017235683200451032,0.040814425297345656,0.011645660505430372,0.0524614810115588,3.677046850513518,1.595693596154295,0.0
32,3956,4.318631676976195,0.06539201953584053,0.01759474353539903,0.05831006125220602,0.013082457110653497,0.0017000316216240208,0.00017115068405269327,0.040670439756113994,0.01160457682683736,0.05227504100385547,3.6771943862082477,1.5957512875938105,0.0
32,3960,4.3229983419680815,0.06516527732097303,0.017533735003355522,0.05810569696021848,0.01303660589685847,0.001688136009626362,0.0001699530933110106,0.04052697798165734,0.011563642595651765,0.052089287673811935,3.6773413484149313,1.595808725090967,0.0
32,3964,4.327365006959969,0.0649393382208288,0.017472942561863825,0.057902068737159945,0.012990919827636905,0.001676324782032168,0.00016876399796917382,0.04038403797328063,0.01152285724101131,0.051904218341419936,3.6774877394938703,1.5958659098188401,0.0
32,3968,4.3317316719518555,0.06471419929540169,0.017412365419869392,0.05769917381427581,0.012945398281790466,0.0016645973294373562,0.00016758333667542673,0.0402416177385556,0.011482220194412513,0.0517198303381547,3.6776335617948623,1.5959228429447743,0.0
32,3972,4.336098336943743,0.06448985761603228,0.017352002789370696,0.05749700943398573,0.012900040640627865,0.0016529530469426845,0.00016641104853153794,0.04009971529328294,0.011441730889699867,0.051536121006918484,3.6777788176572495,1.5959795256304123,0.0
32,3976,4.3404650019356295,0.0642663102653597,0.017291853885406255,0.05729557284983265,0.012854846287953445,0.0016413913341040143,0.00016524707308779361,0.03995832866145363,0.011401388763054817,0.051353087701984226,3.6779235094099714,1.596035959031727,0.0
32,3980,4.344831666927516,0.0640435543372745,0.017231917926041968,0.05709486132643312,0.012809814610056024,0.0016299115949536258,0.00016409135034514336,0.03981745587521098,0.011361193252984934,0.05117072778893901,3.678067639371616,1.5960921442990479,0.0
32,3984,4.349198331919403,0.06382158693687116,0.017172194132358314,0.05689487213942715,0.012764944995697643,0.001618513237886532,0.00016294382074375492,0.03967709497481259,0.011321143800313049,0.05098903864463278,3.6782112098504705,1.5961480825770926,0.0
32,3988,4.35356499691129,0.0636004051804014,0.017112681728437808,0.056695602575428855,0.012720236836102497,0.0016071956757031103,0.0001618044251673061,0.039537244008592765,0.011281239848166542,0.05080801765711574,3.6783542231445714,1.5962037750049947,0.0
32,3992,4.357931661903177,0.06338000619522723,0.01705337994135236,0.05649704993197701,0.012675689524945842,0.0015959583255096277,0.00016067310493297015,0.03939790103292495,0.01124148084196661,0.05062766222558958,3.678496681541755,1.5962592227163332,0.0
32,3996,4.362298326895064,0.06316038711977415,0.01699428800115069,0.056299211517485764,0.012631302458342932,0.0015848006087466615,0.000159549801794277,0.03925906411218427,0.01120186622941759,0.05044796976034982,3.6786385873197083,1.5963144268391616,0.0
32,4000,4.366664991886951,0.06294154510348539,0.016935405140846002,0.05610208465119625,0.012587075034838168,0.0015737219511109402,0.0001584344579332446,0.039120731318710716,0.011162395460496445,0.050268937682732016,3.6787799427460177,1.5963693884960355,0.0
32,4004,4.371031656878838,0.06272347730677535,0.01687673059640347,0.05590566666312773,0.012543006655394132,0.0015627217825411321,0.00015732701595894824,0.03898290073277202,0.011123067987442182,0.050090563425059416,3.678920750078219,1.5964241088040425,0.0
32,4008,4.375398321870725,0.06250618090098418,0.016818263606728008,0.05570995489402962,0.012499096723380823,0.0015517995371538973,0.0001562274189010824,0.038845570442527275,0.011083883264745461,0.04991284443058696,3.6790610115638454,1.5964785888748287,0.0
32,4012,4.379764986862612,0.06228965306833136,0.016760003413651785,0.055514946695332794,0.012455344644564742,0.0015409546533007301,0.0001551356102156837,0.03870873854398985,0.011044840749138021,0.04973577815344858,3.6792007294404794,1.5965328298146289,0.0
32,4016,4.384131651854499,0.062073891001871044,0.01670194926192221,0.05532063942910252,0.01241174982709832,0.0015301865734329567,0.00015405153377153917,0.03857240314099173,0.011005939899582498,0.04955936205860461,3.679339905935797,1.5965868327242934,0.0
32,4020,4.388498316846386,0.06185889190544651,0.016644100399189673,0.05512703046799064,0.01236831168150919,0.0015194947441159457,0.0001529751338516171,0.03843656234514716,0.010967180177262061,0.049383593621790324,3.6794785432676207,1.5966405986993155,0.0
32,4024,4.392864981838273,0.06164465299364495,0.016586456075995383,0.054934117195187995,0.012325029620689525,0.001508878616014897,0.00015190635515163634,0.038301214275816564,0.010928561045570108,0.049208470329459957,3.6796166436439646,1.596694128829861,0.0
32,4028,4.39723164683016,0.06143117149175305,0.016529015545759407,0.05474189700437787,0.01228190305988558,0.0014983376438308937,0.00015084514277362824,0.03816635706007118,0.01089008197010018,0.04903398967873833,3.679754209263082,1.596747424200793,0.0
32,4032,4.401598311822047,0.061218444635712244,0.016471778064768655,0.05455036729968893,0.012238931416687134,0.001487871286279585,0.00014979144222379063,0.038031988832657376,0.010851742418635776,0.048860149177365746,3.679891242313516,1.5968004858917018,0.0
32,4036,4.405964976813934,0.06100646967207399,0.01641474289216481,0.054359525495648424,0.012196114111017006,0.0014774790060698706,0.0001487451994103418,0.03789810773596116,0.010813541861140233,0.04868694634365031,3.6800277449741445,1.5968533149769306,0.0
32,4040,4.41033164180582,0.06079524385795605,0.0163579092899326,0.05416936901713618,0.01215345056512071,0.0014671602698612674,0.00014770636063922844,0.03776471191997326,0.010775479769746752,0.048514378706412856,3.6801637194142267,1.5969059125256038,0.0
32,4044,4.414698306797708,0.06058476446099869,0.016301276522887983,0.05397989529933881,0.012110940203556197,0.0014569145482710155,0.00014667487261484105,0.03763179954225437,0.010737555618748493,0.04834244380493855,3.6802991677934513,1.5969582796016524,0.0
32,4048,4.419064971789594,0.0603750287593202,0.016244843858666206,0.05379110178770307,0.012068582453183386,0.0014467413157746023,0.00014565068242999914,0.03749936876789989,0.010699768884588503,0.04817113918892449,3.680434092261984,1.5970104172638422,0.0
32,4052,4.423431636781482,0.060166034041474165,0.016188610567710288,0.053602985937891125,0.012026376743154129,0.0014366400507341837,0.00014463373756881258,0.03736741776950589,0.010662119045850016,0.048000462418431734,3.6805684949605104,1.5970623265657997,0.0
32,4056,4.427798301773368,0.05995777760640532,0.016132575923259146,0.053415545215734314,0.011984322504901829,0.0014266102353559518,0.0001436239859023896,0.03723594472713422,0.010624605583246486,0.04783041106383173,3.680702378020286,1.5971140085560391,0.0
32,4060,4.432164966765256,0.059750256763406874,0.016076739201336128,0.0532287770971886,0.011942419172131461,0.001416651355640397,0.00014262137568382943,0.037104947828278605,0.010587227979611922,0.04766098270576029,3.680835743563179,1.5971654642779882,0.0
32,4064,4.436531631757142,0.05954346883207778,0.016021099680737484,0.05304267906828972,0.011900666180809495,0.001406762901382308,0.0001416258555482222,0.03697442526783077,0.010549985719891219,0.047492174935066044,3.680968593701718,1.5972166947700146,0.0
32,4068,4.44089829674903,0.059337411142279396,0.015965656643020746,0.052857248625108065,0.011859062969153775,0.001396944366113928,0.00014063737450692638,0.03684437524804622,0.010512878291130392,0.04732398535276077,3.6811009305391353,1.5972677010654526,0.0
32,4072,4.445264961740916,0.05913208103409341,0.01591040937249337,0.05267248327370459,0.011817608977623637,0.0013871952471191662,0.00013965588194899935,0.03671479597851092,0.010475905182467072,0.04715641156997163,3.6812327561694134,1.5973184841926273,0.0
32,4076,4.4496316267328035,0.05892747585777931,0.01585535715620131,0.05248838053008648,0.01177630364890995,0.001377515045348332,0.00013868132763261338,0.036585685676107635,0.010439065885120898,0.04698945120789291,3.6813640726773293,1.5973690451748828,0.0
32,4080,4.45399829172469,0.0587235929737321,0.015800499283917642,0.05230493792016303,0.011735146427925225,0.0013679032654323464,0.00013771366168648623,0.036457042564982604,0.010402359892384014,0.04682310189773583,3.6814948821385003,1.597419385030606,0.0
32,4084,4.4583649567165775,0.05852042975244089,0.015745835048131422,0.05212215297970231,0.01169413676179389,0.0013583594156258982,0.00013675283460415856,0.03632886487651274,0.010365786699611704,0.04665736128068239,3.681625186619426,1.597469504773253,0.0
32,4088,4.462731621708464,0.05831798357444664,0.015691363744036305,0.05194002325428725,0.011653274099842433,0.0013488830078429714,0.00013579879724757055,0.03620115084927238,0.01032934580421291,0.046492227007836305,3.6817549881775338,1.5975194054113742,0.0
32,4092,4.4670982867003515,0.05811625183030077,0.01563708466951942,0.05175854629927246,0.011612557893589722,0.0013394735575147365,0.00013485150083275516,0.03607389872900065,0.01029303670564091,0.04632769674017619,3.681884288861222,1.5975690879486386,0.0
32,4096,4.471464951692238,0.057915231920523745,0.01558299712515023,0.05157771967974102,0.011571987596737308,0.001330130583696132,0.00013391089694056812,0.03594710676856875,0.010256858905384003,0.04616376814850736,3.682013090709906,1.597618553383861,0.0
32,4100,4.4758316166841245,0.05771492125556411,0.015529100414169491,0.051397540970461904,0.011531562665159863,0.00132085360891665,0.00013297693750166596,0.0358207732279478,0.01022081190695631,0.04600043891341662,3.682141395754057,1.5976678027110252,0.0
32,4104,4.480198281676012,0.05751531725575711,0.01547539384247814,0.051218007755846846,0.011491282556895523,0.0013116421592442862,0.00013204957480294395,0.035694896374176235,0.01018489521588849,0.04583770672522309,3.682269206015251,1.5977168369193093,0.0
32,4108,4.4845649466678985,0.057316417351284274,0.015421876718626399,0.05103911762990837,0.011451146732136446,0.001302495764228695,0.0001311287614818134,0.03556947448132803,0.010149108339718667,0.04567556928393321,3.6823965235062044,1.5977656569931102,0.0
32,4112,4.488931611659786,0.05711821898213246,0.01536854835380278,0.05086086819621712,0.011411154653219263,0.0012934139568514524,0.00013021445052119432,0.03544450583048051,0.010113450787983239,0.04551402429919477,3.682523350230825,1.5978142639120694,0.0
32,4116,4.4932982766516725,0.05692071959805424,0.015315408061823405,0.05068325706786064,0.011371305784615812,0.0012843962735118453,0.00012930659524808478,0.03531998870968319,0.010077922072207996,0.045353069490251106,3.682649688184248,1.5978626586510951,0.0
32,4120,4.49766494164356,0.05672391665852683,0.015262455159120966,0.050506281867400846,0.0113315995929236,0.001275442254048187,0.0001284051493357068,0.03519592141392564,0.010042521705898949,0.045192702585893134,3.6827755393528796,1.5979108421803883,0.0
32,4124,4.502031606635446,0.05652780763271248,0.01520968896473406,0.050329940226832764,0.01129203554685656,0.0012665514416312362,0.00012751006679277642,0.03507230224510631,0.010007249204533433,0.045032921324417205,3.682900905714442,1.5979588154654665,0.0
32,4128,4.506398271627334,0.0563323899994181,0.015157108800296339,0.050154229787542706,0.011252613117235646,0.0012577233827997247,0.00012662130196708027,0.034949129512001006,0.00997210408555111,0.04487372345357761,3.6830257892380125,1.5980065794671878,0.0
32,4132,4.51076493661922,0.056137661247056145,0.015104713990025966,0.049979148200267685,0.011213331776979741,0.0012489576274177239,0.0001257388095411836,0.03482640153023223,0.009937085868345226,0.04471510673054199,3.6831501918840646,1.5980541351417739,0.0
32,4136,4.515131601611108,0.055943618873605175,0.015052503860715024,0.04980469312505437,0.011174191001096442,0.0012402537286462234,0.00012486254452956892,0.03470411662223815,0.00990219407425375,0.04455706892184749,3.683274115604512,1.5981014834408351,0.0
32,4140,4.519498266602994,0.055750260386570265,0.015000477741718846,0.04963086223121822,0.011135190266672897,0.0012316112429147097,0.00012399246227577461,0.03458227311724181,0.0098674282265506,0.04439960780335641,3.683397562342746,1.5981486253113932,0.0
32,4144,4.523864931594882,0.055557583302944025,0.014948634964945539,0.04945765319730298,0.011096329052866708,0.0012230297299069548,0.0001231285184509643,0.03446086935122057,0.009832787850436914,0.04424272116021059,3.6835205340336796,1.5981955616959052,0.0
32,4148,4.528231596586768,0.055365585149167784,0.014896974864845532,0.0492850637110405,0.011057606840896931,0.0012145087525112785,0.00012227066904891944,0.03433990366687579,0.009798272473032396,0.04408640678678965,3.6836430326037863,1.5982422935322862,0.0
32,4152,4.532598261578656,0.055174263461092256,0.014845496778401,0.04911309146931008,0.01101902311403494,0.0012060478768489702,0.00012141887038890068,0.03421937441360217,0.009763881623366583,0.043930662486665,3.683765059971142,1.5982888217539333,0.0
32,4156,4.536964926570542,0.05498361578393957,0.01479420004511564,0.04894173417809908,0.010980577357595594,0.001197646672181918,0.00012057307910634848,0.03409927994745802,0.009729614832370344,0.04377548607255785,3.683886618045464,1.598335147289749,0.0
32,4160,4.541331591562429,0.05479363967226493,0.014743084007004359,0.04877098955246329,0.01094226905892835,0.0011893047109694521,0.00011973325215860579,0.03397961863113545,0.009695471632867395,0.04362087536629571,3.684007708728151,1.5983812710641627,0.0
32,4164,4.545698256554316,0.05460433268991762,0.014692148008582784,0.048600855316486676,0.010904097707408225,0.0011810215687617642,0.000118899346814188,0.03386038883392996,0.009661451559565595,0.043466828198769486,3.6841283339123243,1.5984271939971555,0.0
32,4168,4.550064921546203,0.05441569241000386,0.01464139139685726,0.04843132920324289,0.010866062794427173,0.001172796824207012,0.00011807132065349825,0.03374158893171148,0.009627554149048714,0.04331334240989075,3.6842484954828656,1.598472917004281,0.0
32,4172,4.55443158653809,0.05422771641484858,0.014590813521314576,0.04826240895475583,0.010828163813385212,0.00116463005906553,0.0001172491315702581,0.03362321730689463,0.00959377893976792,0.043160415848548746,3.684368195316457,1.5985184409966893,0.0
32,4176,4.558798251529977,0.054040402295957385,0.01454041373391172,0.04809409232196038,0.010790400259681643,0.0011565208581529873,0.00011643273776578488,0.033505272348409165,0.00956012547203336,0.043008046372569206,3.6844874352816213,1.5985637668811492,0.0
32,4180,4.563164916521864,0.0538537476539796,0.01449019138906594,0.04792637706466421,0.01075277163070646,0.0011484688092764372,0.00011562209774255356,0.03338775245167119,0.009526593288005949,0.04285623184867156,3.684606217238759,1.5986088955600701,0.0
32,4184,4.567531581513751,0.05366775009867056,0.014440145843644605,0.04775926095150896,0.010715277425831655,0.0011404735033266888,0.00011481717031349623,0.03327065601855394,0.009493181931689017,0.04270497015242751,3.6847245430401885,1.5986538279315246,0.0
32,4188,4.571898246505638,0.05348240724885447,0.014390276456955198,0.04759274175993188,0.010677917146402599,0.0011325345341219872,0.00011401791458626455,0.03315398145735888,0.009459890948920087,0.04255425916821984,3.684842414530184,1.5986985648892704,0.0
32,4192,4.576264911497525,0.05329771673238738,0.014340582590735364,0.04742681727612762,0.010640690295729475,0.0011246514984790679,0.00011322428997038326,0.033037727182786976,0.009426719887362654,0.042404096789199264,3.684959833545014,1.5987431073227731,0.0
32,4196,4.580631576489412,0.05311367618612041,0.014291063609143012,0.04726148529501044,0.010603596379078803,0.0011168239961492077,0.00011243625617081203,0.03292189161591027,0.00939366829649809,0.04225448091724626,3.6850768019129796,1.5987874561172266,0.0
32,4200,4.584998241481299,0.05293028325586315,0.014241718878746465,0.047096743620176386,0.01056663490366495,0.0011090516298253306,0.00011165377318866084,0.03280647318414334,0.009360735727617493,0.042105409462926895,3.685193321454452,1.5988316121535768,0.0
32,4204,4.589364906473186,0.052747535596347025,0.014192547768514606,0.04693259006386571,0.010529805378641694,0.0011013340050567422,0.00011087680131260591,0.0326914703212151,0.009327921733813643,0.04195688034545657,3.68530939398191,1.5988755763085412,0.0
32,4208,4.593731571465073,0.05256543087118881,0.014143549649807062,0.04676902244692523,0.010493107315093791,0.0010936707303272897,0.00011010530112675843,0.0325768814671405,0.009295225869972926,0.04180889149265455,3.68542502129998,1.5989193494546317,0.0
32,4212,4.59809823645696,0.05238396675285493,0.014094723896364595,0.046606038598771646,0.01045654022602873,0.001086061416941675,0.00010933923349921915,0.03246270506819288,0.009262647692767452,0.04166144084090735,3.685540205205468,1.5989629324601755,0.0
32,4216,4.602464901448847,0.052203140922624756,0.014046069884299229,0.04644363635735378,0.010420103626368277,0.0010785056790609815,0.00010857855958565501,0.03234893957687562,0.009230186760646951,0.041514526335128,3.6856549474874036,1.5990063261893372,0.0
32,4220,4.606831566440733,0.05202295107055529,0.013997586992084742,0.04628181356911628,0.010383797032940312,0.0010710031336245152,0.00010782324082143052,0.032235583451894846,0.009197842633831008,0.041368145928715364,3.6857692499270707,1.599049531502139,0.0
32,4224,4.6111982314326205,0.05184339489544527,0.013949274600547018,0.04612056808896276,0.010347619964470584,0.0010635534004279634,0.00010707323892947637,0.03212263515813175,0.00916561487430114,0.04122229758351584,3.6858831142980475,1.5990925492544823,0.0
32,4228,4.615564896424507,0.05166447010479971,0.013901132092854498,0.045959897780219354,0.010311571941574508,0.0010561561019883925,0.0001063285159066981,0.03201009316661515,0.009133503045792982,0.04107697926978299,3.685996542366244,1.5991353802981687,0.0
32,4232,4.6199315614163945,0.0514861744147946,0.013853158854508685,0.045799800514598546,0.010275652486749071,0.0010488108635939852,0.00010558903402898339,0.031897955954494385,0.009101506713788553,0.04093218896613944,3.686109535889935,1.59917802548092,0.0
32,4236,4.624298226408281,0.05130850555024163,0.013805354273334652,0.04564027417216284,0.010239861124364666,0.0010415173132614086,0.00010485475584691008,0.03178622200501197,0.009069625445508446,0.04078792465953679,3.6862220966197987,1.5992204856464005,0.0
32,4240,4.6286648914001685,0.051131461244553034,0.013757717739471582,0.04548131664128886,0.010204197380657047,0.0010342750817216029,0.00010412564418431544,0.03167488980747667,0.009037858809904145,0.040644184345218194,3.6863342262989516,1.5992627616342359,0.0
32,4244,4.633031556392055,0.05095503923970688,0.013710248645363429,0.04532292581863167,0.01016866078371932,0.0010270838023913598,0.00010340166213543488,0.03156395785723667,0.009006206377650388,0.040500966026679124,3.6864459266629854,1.5993048542800348,0.0
32,4248,4.637398221383942,0.050779237286211955,0.013662946385749471,0.04516509960908878,0.010133250863493868,0.0010199431113591118,0.00010268277306347122,0.03145342465565263,0.008974667721137447,0.04035826771563045,3.6865571994400015,1.5993467644154096,0.0
32,4252,4.641764886375829,0.05060405314307394,0.013615810357655207,0.04500783592576557,0.010097967151764592,0.0010128526473707211,0.00010196894059916401,0.03134328871007165,0.00894324241446373,0.040216087431957474,3.6866680463506465,1.5993884928679953,0.0
32,4256,4.646131551367716,0.05042948457776063,0.013568839960383001,0.04485113268993954,0.01006280918214889,0.0010058120517939528,0.00010126012863721289,0.031233548533800448,0.008911930033428106,0.04007442320368533,3.6867784691081478,1.5994300404614707,0.0
32,4260,4.650498216359603,0.05025552936616708,0.013522034595502705,0.04469498783102483,0.010027776490089707,0.0009988209686184746,0.00010055630133627755,0.03112420264607885,0.008880730155522354,0.039933273066939515,3.686888469418349,1.599471408015578,0.0
32,4264,4.65486488135149,0.05008218529258218,0.013475393666842656,0.044539399286537856,0.009992868612847804,0.0009918790444132242,9.985742311468567e-05,0.03101524957205387,0.00884964235992376,0.03979263506590877,3.6869980489797434,1.5995125963461436,0.0
32,4268,4.659231546343377,0.04990945014965495,0.013428916580480621,0.04438436500206286,0.00995808508949405,0.0009849859283264095,9.916345865043298e-05,0.030906687842753917,0.008818666227487762,0.03965250725280945,3.68710720948351,1.5995536062650968,0.0
32,4272,4.663598211335263,0.04973732173835986,0.013382602744734459,0.04422988293121654,0.009923425460901471,0.0009781412720641924,9.84743728790372e-05,0.030798515995062354,0.008787801340740404,0.03951288768784449,3.6872159526135477,1.5995944385804903,0.0
32,4276,4.667964876327151,0.04956579786796422,0.013336451570153344,0.04407595103561461,0.009888889269737761,0.0009713447298622668,9.77901309906767e-05,0.030690732571692265,0.008757047283871135,0.03937377443917201,3.6873242800465085,1.5996350940965196,0.0
32,4280,4.672331541319037,0.04939487635599342,0.013290462469508414,0.0439225672848364,0.009854476060457328,0.0009645959584503316,9.711069842661384e-05,0.030583336121160116,0.008726403642725292,0.03923516558286344,3.687432193451833,1.5996755736135426,0.0
32,4284,4.676698206310925,0.049224555028198724,0.013244634857784114,0.04376972965639193,0.00982018537929391,0.0009578946171018288,9.643604088420224e-05,0.030476325197760896,0.008695870004797015,0.03909705920287171,3.6875396944917846,1.599715877928099,0.0
32,4288,4.681064871302811,0.04905483171852356,0.013198968152169114,0.043617436135687464,0.00978601677425285,0.0009512403675344672,9.576612430687216e-05,0.03036969836154245,0.00866544595922191,0.03895945339099135,3.687646784821481,1.5997560078329294,0.0
32,4292,4.685431536294699,0.048885704269070435,0.013153461772047409,0.0434656847159918,0.00975196979510353,0.0009446328739244336,9.510091488556108e-05,0.03026345417828009,0.008635131096769819,0.03882234624682486,3.68775346608893,1.5997959641169948,0.0
32,4296,4.689798201286585,0.0487171705300686,0.013108115138989625,0.043314473398403226,0.009718043993371964,0.0009380718028992874,9.444037905799843e-05,0.030157591219451968,0.008604925009837784,0.03868573587774602,3.687859739935062,1.5998357475654954,0.0
32,4300,4.694164866278473,0.04854922835984053,0.013062927676743998,0.043163800191815434,0.009684238922333133,0.0009315568235095384,9.37844835058442e-05,0.03005210806221346,0.008574827292442742,0.038549620398863345,3.687965607993764,1.5998753589598904,0.0
32,4304,4.698531531270359,0.04838187562476955,0.013017898811227654,0.043013663112884494,0.009650554137003595,0.0009250876072002256,9.313319515182759e-05,0.029947003289372484,0.008544837540214477,0.0384139979329863,3.6880710718919105,1.599914799077916,0.0
32,4308,4.702898196262247,0.04821511019926777,0.012973027970517996,0.04286406018599613,0.00961698919413413,0.000918663827825128,9.248648116117766e-05,0.02984227548936499,0.008514955350388636,0.03827886661059001,3.6881761332493994,1.599954068693604,0.0
32,4312,4.707264861254133,0.0480489299657433,0.012928314584843874,0.042714989443232446,0.009583543652202283,0.0009122851615828154,9.184430893518533e-05,0.029737923256230044,0.008485180321799611,0.03814422456977813,3.6882807936791826,1.5999931685773021,0.0
32,4316,4.711631526246021,0.04788333281456811,0.012883758086576937,0.042566448924339105,0.009550217071404998,0.000905951287023754,9.120664611191872e-05,0.02963394518958528,0.008455512054873538,0.038010069956249205,3.6883850547872994,1.6000320994956911,0.0
32,4320,4.715998191237907,0.047718316644046556,0.012839357910223169,0.04241843667669335,0.009517009013651436,0.0008996618850574123,9.057346056693842e-05,0.029530339894602943,0.00842595015162146,0.037876400923263304,3.688488918172908,1.6000708622118036,0.0
32,4324,4.720364856229795,0.04755387936038276,0.012795113492414105,0.042270950755270834,0.009483919042555541,0.0008934166388883114,8.994472040685951e-05,0.02942710598198512,0.008396494215632265,0.03774321563160529,3.68859238542832,1.6001094574850425,0.0
32,4328,4.724731521221681,0.047390018877649244,0.012751024271898401,0.04212398922261374,0.00945094672342889,0.000887215234023131,8.932039397006689e-05,0.029324242067939876,0.008367143852065866,0.03761051224955229,3.6886954581390285,1.6001478860711995,0.0
32,4332,4.729098186213568,0.04722673311775555,0.012707089689533381,0.0419775501487988,0.009418091623273507,0.0008810573582564984,8.870044982528454e-05,0.029221746774157304,0.00833789866764638,0.03747828895283817,3.6887981378837438,1.6001861487224733,0.0
32,4336,4.733464851205455,0.04706402001041646,0.012663309188276496,0.04183163161140512,0.009385353310774652,0.0008749427016496725,8.808485676942958e-05,0.02911961872778551,0.008308758270655268,0.03734654392462043,3.6889004262344227,1.6002242461874872,0.0
32,4340,4.737831516197342,0.046901877493120435,0.012619682213176822,0.041686231695482086,0.00935273135629362,0.0008688709564950159,8.747358382403555e-05,0.029017856561406596,0.008279722270924482,0.03721527535544537,3.6890023247563017,1.600262179211308,0.0
32,4344,4.742198181189229,0.046740303511099125,0.012576208211366862,0.04154134849351832,0.009320225331860771,0.0008628418173444174,8.686660023811375e-05,0.0289164589130135,0.008250790279829858,0.03708448144321614,3.6891038350079275,1.6002999485354636,0.0
32,4348,4.746564846181116,0.04657929601729588,0.01253288663205407,0.041396980105409924,0.009287834811168412,0.0008568549809311321,8.626387548028452e-05,0.02881542442598617,0.00822196191028432,0.03695416039315909,3.689204958541187,1.60033755489796,0.0
32,4352,4.750931511173003,0.04641885297233495,0.012489716926512575,0.04125312463842902,0.009255559369563734,0.0008509101462266244,8.566537924449998e-05,0.028714751749068162,0.008193236776731203,0.036824310417788046,3.6893056969013407,1.6003749990332996,0.0
32,4356,4.75529817616489,0.04625897234449021,0.012446698548074744,0.04110978020719223,0.009223398584041743,0.000845007014348198,8.507108144074456e-05,0.02861443953634304,0.008164614495137513,0.0366949297368747,3.6894060516270533,1.6004122816725002,0.0
32,4360,4.759664841156777,0.04609965210965565,0.012403830952123265,0.04096694493363061,0.009191352033238512,0.0008391452886087336,8.448095220004241e-05,0.02851448644721194,0.00813609468298753,0.03656601657741285,3.689506024250422,1.6004494035431092,0.0
32,4364,4.7640315061486636,0.04594089025131396,0.01236111359608268,0.04082461694695787,0.009159419297424051,0.0008333246744385292,8.389496186658872e-05,0.028414891146369792,0.008107676959276024,0.03643756917358754,3.6896056162970083,1.600486365369225,0.0
32,4368,4.768398171140551,0.04578268476050654,0.01231854593941132,0.04068279438364,0.009127599958495493,0.0008275448794421436,8.331308100347233e-05,0.028315652303782708,0.0080793609445018,0.03630958576674262,3.689704829285872,1.6005231678715117,0.0
32,4372,4.7727648361324375,0.04562503363580303,0.01227612744359311,0.04054147538736451,0.00909589359997019,0.0008218056132989204,8.273528038266109e-05,0.028216768594664952,0.008051146260661135,0.03618206460534579,3.689803664729594,1.6005598117672168,0.0
32,4376,4.777131501124325,0.045467934883271555,0.012233857572129551,0.040400658109010106,0.00906429980697892,0.0008161065878269369,8.216153099143981e-05,0.02811823869945639,0.008023032531241326,0.03605500394496004,3.6899021241343144,1.600596297770189,0.0
32,4380,4.7814981661162115,0.0453113865164487,0.01219173579053166,0.04026034070661648,0.009032818166259097,0.000810447516919055,8.159180402597229e-05,0.028020061303799835,0.007995019381214248,0.035928402048209324,3.6900002089997566,1.600632626590895,0.0
32,4384,4.785864831108099,0.04515538655630927,0.012149761566311817,0.040120521345353696,0.009001448266147903,0.0008048281165216054,8.102607088915527e-05,0.027922235098518294,0.007967106437029843,0.0358022571847463,3.6900979208192592,1.6006687989364363,0.0
32,4388,4.790231496099985,0.04499993303123727,0.012107934368975963,0.039981198197492795,0.0089701896965757,0.0007992481046628086,8.046430319347977e-05,0.027824758779593013,0.007939293326609868,0.035676567631222955,3.6901952610798063,1.600704815510566,0.0
32,4392,4.794598161091872,0.04484502397699563,0.012066253670015457,0.03984236944237526,0.008939042049059176,0.0007937072014030377,7.990647275602376e-05,0.02772763104814068,0.007911579679341385,0.03555133167125662,3.690292231262056,1.6007406770137065,0.0
32,4396,4.798964826083759,0.04469065743669722,0.012024718942899274,0.03970403326638371,0.008908004916694773,0.0007882051288206071,7.935255159702143e-05,0.027630850610391635,0.007883965126070544,0.03542654759540007,3.6903888328403704,1.6007763841429645,0.0
32,4400,4.803331491075646,0.04453683146077552,0.011983329663066108,0.03956618786291227,0.008877077894152027,0.0007827416110117724,7.880251193986326e-05,0.02753441617766766,0.007856449299096246,0.035302213701109406,3.6904850672828444,1.6008119375921495,0.0
32,4404,4.807698156067533,0.044383544106955455,0.011942085307916534,0.03942883143233709,0.00884626057766697,0.0007773163740765199,7.825632620966525e-05,0.02743832646636012,0.007829031832163906,0.03517832829271392,3.6905809360513335,1.6008473380517891,0.0
32,4408,4.81206482105942,0.04423079344022408,0.011900985356805118,0.03929196218198684,0.008815552565035502,0.0007719291460688282,7.771396702826165e-05,0.02734258019790791,0.007801712360459162,0.0350548896813848,3.6906764406014854,1.6008825862091463,0.0
32,4412,4.816431486051307,0.04407857753280183,0.01186002929103268,0.039155578326113716,0.008784953455606884,0.0007665796570393013,7.717540721849688e-05,0.02724717609877586,0.00777449052060171,0.034931896185104325,3.690771582382767,1.6009176827482348,0.0
32,4416,4.820798151043194,0.043926894464114276,0.011819216593838689,0.03901967808586479,0.008754462850277313,0.0007612676389712192,7.664061979778761e-05,0.027152112900433366,0.0077473659506392106,0.03480934612863546,3.690866362838493,1.6009526283498356,0.0
32,4420,4.825164816035081,0.04377574232076238,0.01177854675039327,0.03888425968925224,0.008724080351483247,0.000755992825794749,7.610957797955331e-05,0.027057389339332265,0.007720338290040972,0.03468723784349112,3.690960783405853,1.6009874236915145,0.0
32,4424,4.829531481026968,0.04362511919649463,0.011738019247789697,0.038749321371125155,0.008693805563195066,0.0007507549533727342,7.558225517178566e-05,0.02696300415688578,0.007693407179691946,0.03456556966790418,3.691054845515944,1.6010220694476363,0.0
32,4428,4.833898146018855,0.04347502319217836,0.011697633575036686,0.038614861373140665,0.008663638090910614,0.0007455537594367456,7.505862497061047e-05,0.026868956099447058,0.0076665722618866035,0.03444433994679735,3.6911485505937955,1.6010565662893819,0.0
32,4432,4.838264811010742,0.04332545241577219,0.01165738922305097,0.03848087794373612,0.00863357754164894,0.0007403889836794519,7.453866116958708e-05,0.026775243918288394,0.0076398331803230034,0.03432354703175402,3.691241900058395,1.601090914884764,0.0
32,4436,4.842631476002629,0.04317640498229659,0.01161728568464939,0.03834736933809966,0.0086036235239437,0.0007352603675840896,7.402233774254024e-05,0.026681866369579428,0.007613189580096575,0.03420318928098713,3.6913348953227225,1.601125115898643,0.0
32,4440,4.846998140994516,0.04302787901380705,0.011577322454541655,0.038214333818142925,0.008573775647837043,0.0007301676545949931,7.350962886072824e-05,0.02658882221436671,0.007586641107694286,0.034083265059309996,3.691427537793772,1.6011591699927423,0.0
32,4444,4.851364805986403,0.042879872639365164,0.01153749902932259,0.03808176965247226,0.008544033524873136,0.0007251105899470645,7.300050887567474e-05,0.026496110218552353,0.00756018741098855,0.03396377273810717,3.6915198288725835,1.601193077825665,0.0
32,4448,4.85573147097829,0.042732383995011725,0.011497814907464874,0.0379496751163614,0.008514396768092049,0.0007200889207297223,7.249495232560691e-05,0.02640372915287368,0.0075338281392314235,0.03384471069530594,3.6916117699542657,1.6012268400529082,0.0
32,4452,4.860098135970176,0.042585411223738476,0.01145826958931145,0.03781804849172325,0.008484864992023411,0.000715102395872691,7.199293393402465e-05,0.026311677792882227,0.0075075629430486086,0.03372607731534474,3.691703362428028,1.6012604573268794,0.0
32,4456,4.864464800962064,0.042438952475460735,0.011418862577068159,0.03768688806708234,0.008455437812680242,0.0007101507660962625,7.149442860469328e-05,0.026219954918923226,0.007481391474433605,0.03360787098914628,3.6917946076772066,1.6012939302969122,0.0
32,4460,4.86883146595395,0.04229300590698987,0.011379593374796328,0.0375561921375471,0.008426114847552726,0.0007052337839468237,7.099941142522023e-05,0.026128559316115053,0.007455313386741841,0.03349009011408929,3.691885507079288,1.6013272596092802,0.0
32,4464,4.873198130945838,0.042147569682006183,0.011340461488405482,0.03742595900478273,0.008396895715602124,0.0007003512037329074,7.050785766061695e-05,0.026037489774328997,0.007429328334684903,0.03337273309397638,3.6919760620059403,1.6013604459072137,0.0
32,4468,4.877564795937724,0.04200264197103113,0.01130146642564586,0.037296186976983295,0.008367780037254514,0.0006955027815251924,7.001974275329894e-05,0.025946745088168546,0.007403435974324627,0.03325579833900861,3.6920662738230376,1.6013934898309141,0.0
32,4472,4.881931460929612,0.041858220951401286,0.01126260769610142,0.037166874368845464,0.0083387674343949,0.0006906882751920307,6.953504232666247e-05,0.02585632405694982,0.007377635963067512,0.033139284265756686,3.692156143890688,1.60142639201757,0.0
32,4476,4.886298125921498,0.04171430480724051,0.011223884811182343,0.03703801950154079,0.008309857530360999,0.0006859074443070767,6.905373217578512e-05,0.02576622548468102,0.007351927959658858,0.03302318929713136,3.6922456735632574,1.6014591531013704,0.0
32,4480,4.890664790913386,0.041570891729433485,0.011185297284117915,0.036909620702689015,0.008281049949937228,0.0006811600502203419,6.857578827457922e-05,0.025676448180042544,0.007326311624177091,0.03290751186235656,3.6923348641894,1.6014917737135217,0.0
32,4484,4.895031455905272,0.041427979915598656,0.011146844629949247,0.036781676306331085,0.008252344319348686,0.0006764458559658237,6.810118676649239e-05,0.025586990956366983,0.007300786618028059,0.03279225039694101,3.6924237171120793,1.6015242544822608,0.0
32,4488,4.8993981208971595,0.0412855675700622,0.011108526365522267,0.036654184652902884,0.008223740266255232,0.000671764626289928,6.762990396736895e-05,0.02549785263161956,0.007275352603939448,0.03267740334264943,3.692512233668599,1.6015565960328713,0.0
32,4492,4.903764785889046,0.041143652903830694,0.011070342009480372,0.03652714408920805,0.008195237419745392,0.000667116127665679,6.716191636688056e-05,0.025409032028377992,0.007250009245955032,0.03256296914747666,3.6926004151906273,1.6015887989876976,0.0
32,4496,4.9081314508809335,0.041002234134565434,0.011032291082257513,0.036400552968392126,0.008166835410330574,0.0006625001282145604,6.66972006206575e-05,0.02532052797381325,0.007224756209429192,0.03244894626561874,3.692688263004221,1.6016208639661589,0.0
32,4500,4.91249811587282,0.04086130948655634,0.01099437310607118,0.03627440964991645,0.008138533869939187,0.0006579163977420421,6.623573355386539e-05,0.02523233929967016,0.007199593161021371,0.032335333157446286,3.6927757784298536,1.601652791584765,0.0
32,4504,4.9168647808647075,0.04072087719069477,0.010956587604915071,0.036148712499530986,0.008110332431910566,0.0006533647076949478,6.577749215691311e-05,0.025144464842247315,0.007174519768690354,0.03222212828947648,3.6928629627824376,1.6016845824571295,0.0
32,4508,4.921231445856594,0.040580935484448584,0.010918934104552414,0.03602345988924939,0.008082230730989366,0.0006488448312040873,6.532245358974489e-05,0.025056903442378438,0.007149535701688938,0.032109330134346276,3.692949817371355,1.6017162371939855,0.0
32,4512,4.9255981108484805,0.04044148261183555,0.010881412132508771,0.035898650197322315,0.008054228403319574,0.0006443565430060971,6.487059517397153e-05,0.024969653945412708,0.007124640630558326,0.03199693717078562,3.6930363435004785,1.6017477564031988,0.0
32,4516,4.929964775840368,0.0403025168233978,0.010844021218065204,0.035774281808212016,0.008026325086438819,0.0006398996194576512,6.44218943943011e-05,0.024882715201195803,0.007099834227122716,0.03188494788359049,3.6931225424681964,1.601779140689783,0.0
32,4520,4.9343314408322545,0.040164036376175875,0.010806760892251261,0.0356503531125663,0.007998520419272516,0.0006354738385425662,6.397632889925429e-05,0.02479608606405063,0.007075116164483803,0.0317733607635966,3.6932084155674416,1.601810390655913,0.0
32,4524,4.938698105824142,0.04002603953368361,0.010769630687838237,0.03552686250719346,0.007970814042128252,0.0006310789798078531,6.353387649472633e-05,0.024709765392758737,0.007050486117015472,0.031662174307650635,3.6932939640857114,1.601841506900939,0.0
32,4528,4.9430647708160285,0.039888524565882474,0.010732630139332261,0.03540380839503664,0.007943205596690026,0.0006267148244418763,6.309451515185576e-05,0.024623752050541237,0.007025943760358363,0.0315513870185875,3.693379189305097,1.6018724900214019,0.0
32,4532,4.947431435807916,0.039751489749155336,0.01069575878296724,0.035281189185147714,0.007915694726012395,0.0006223811551677727,6.265822299629432e-05,0.024538044905039542,0.007001488771414364,0.0314409974052008,3.6934640925023037,1.6019033406110452,0.0
32,4536,4.951798100799802,0.0396149333662828,0.010659016156698491,0.03515900329266357,0.007888281074515155,0.0006180777562718731,6.222497831106827e-05,0.024452642828297646,0.006977120828341562,0.03133100398221845,3.6935486749486803,1.6019340592608307,0.0
32,4540,4.95616476579169,0.039478853706416774,0.010622401800195634,0.03503724913877977,0.007860964287977421,0.0006138044136179133,6.179475953800916e-05,0.024367544696742734,0.006952839610548709,0.031221405270275008,3.6936329379102393,1.6019646465589505,0.0
32,4544,4.960531430783576,0.03934324906505585,0.010585915254835961,0.03491592515072605,0.007833744013532139,0.0006095609145830849,6.136754527131569e-05,0.02428274939116691,0.006928644798690009,0.03111219979588862,3.693716882647682,1.6019951030908428,0.0
32,4548,4.964898095775464,0.039208117744020325,0.01054955606369771,0.034795029761741265,0.007806619899660464,0.0006053470480651413,6.09433142582691e-05,0.024198255796708715,0.00690453607465984,0.031003386091430926,3.693800510416425,1.6020254294392045,0.0
32,4552,4.96926476076735,0.03907345805142797,0.010513323771553567,0.0346745614110494,0.007779591596186373,0.000601162604532135,6.052204540424052e-05,0.02411406280283525,0.006880513121587659,0.030894962695105957,3.6938838224666224,1.6020556261840035,0.0
32,4556,4.973631425759238,0.0389392683016679,0.010477217924863608,0.03455451854383345,0.007752658754270808,0.0005970073759087313,6.010371776124557e-05,0.024030169303322937,0.006856575623832511,0.030786928150922026,3.6939668200431894,1.6020856939024948,0.0
32,4560,4.977998090751124,0.03880554681537715,0.010441238071769018,0.03443489961121211,0.007725821026406448,0.0005928811556259461,5.968831053295169e-05,0.023946574196240192,0.006832723266978082,0.03067928100866551,3.694049504385827,1.6021156331692321,0.0
32,4564,4.982364755743012,0.03867229191941604,0.01040538376208545,0.034315703070215156,0.007699078066412184,0.0005887837386140404,5.927580307396285e-05,0.023863276383929186,0.006808955737827496,0.030572019823879117,3.6941318767290454,1.6021454445560819,0.0
32,4568,4.986731420734898,0.03853950194684334,0.010369654547296344,0.034196927383758874,0.0076724295294275996,0.0005847149212527825,5.8866174884812146e-05,0.023780274772987654,0.00678527272439813,0.03046514315783237,3.6942139383021875,1.602175128632236,0.0
32,4572,4.991098085726785,0.03840717523689183,0.010334049980546363,0.03407857102062167,0.007645875071907513,0.0005806745014140802,5.845940561625386e-05,0.023697568274250864,0.006761673915916461,0.030358649577500098,3.694295690329452,1.602204685964226,0.0
32,4576,4.995464750718672,0.03827531013494502,0.01029856961663511,0.03396063245542083,0.007619414351616748,0.0005766622783980324,5.805547506282536e-05,0.02361515580277438,0.006738159002813152,0.030252537655535355,3.6943771340299176,1.6022341171159356,0.0
32,4580,4.999831415710559,0.0381439049925123,0.010263213012010457,0.03384311016858786,0.007593047027624611,0.0005726780529400344,5.765436316356251e-05,0.023533036277815805,0.006714727676717842,0.030146805970245813,3.694458270617565,1.6022634226486137,0.0
32,4584,5.004198080702446,0.03801295816720493,0.010227979724762078,0.03372600264634468,0.007566772760299547,0.000568721627267621,5.725605000772231e-05,0.023451208622817195,0.006691379630454128,0.030041453105569244,3.6945391013013014,1.6022926031208877,0.0
32,4588,5.008564745694333,0.037882468022712404,0.010192869314615091,0.03360930838068004,0.007540591211303848,0.0005647928049228312,5.686051581689949e-05,0.023369671765387588,0.006668114558034583,0.02993647765104817,3.694619627284983,1.6023216590887766,0.0
32,4592,5.01293141068622,0.037752432928778494,0.010157881342923612,0.03349302586932577,0.007514502043588322,0.0005608913909540547,5.646774096434059e-05,0.02328842463728543,0.0066449321546557345,0.0298318782018045,3.694699849767436,1.6023505911057032,0.0
32,4596,5.017298075678107,0.037622851261177884,0.010123015372664466,0.033377153615733526,0.007488504921387085,0.0005570171917526068,5.6077705958491235e-05,0.023207466174401368,0.0066218321166931614,0.029727653358518447,3.694779769942483,1.6023793997225078,0.0
32,4600,5.021664740669994,0.037493721401692395,0.010088270968430797,0.03326169012905122,0.0074625995102122564,0.0005531700151379937,5.569039145158015e-05,0.02312679531674083,0.006598814141696521,0.029623801727402425,3.694859388998962,1.60240808548746,0.0
32,4604,5.026031405661881,0.03736504173808726,0.010053647696425673,0.033146633924099424,0.007436785476848684,0.0005493496702513312,5.5305778228889114e-05,0.02304641100840659,0.006575877928384576,0.029520321920175577,3.694938708120751,1.602436648946272,0.0
32,4608,5.030398070653768,0.03723681066408807,0.010019145124455894,0.03303198352134857,0.007411062489348814,0.0005455559676832422,5.492384722162901e-05,0.022966312197581853,0.006553023176640363,0.02941721255404276,3.6950177284867896,1.6024650906421114,0.0
32,4612,5.034764735645655,0.03710902657935728,0.009984762821925664,0.03291773744689552,0.0073854302170274395,0.0005417887193175375,5.454457949120243e-05,0.022886497836512993,0.006530249587506272,0.029314472251668954,3.6950964512711026,1.6024934111156133,0.0
32,4616,5.039131400637542,0.03698168788947101,0.009950500359830352,0.032803894232440685,0.007359888330456569,0.0005380477384164806,5.416795623778771e-05,0.022806966881492606,0.0065075568631792115,0.029212099641155332,3.6951748776428204,1.602521610904893,0.0
32,4620,5.043498065629429,0.03685479300589642,0.009916357310750403,0.03269045241526549,0.0073344365014603695,0.0005343328395639446,5.3793958794616196e-05,0.022727718292842876,0.006484944707005858,0.02911009335601754,3.6952530087662017,1.6025496905455583,0.0
32,4624,5.047864730621315,0.03672834034596801,0.009882333248844959,0.03257741053820898,0.007309074403109913,0.0005306438387009393,5.3422568631549004e-05,0.02264875103489826,0.006462412823477718,0.029008452035159726,3.695330845800656,1.6025776505707219,0.0
32,4628,5.052231395613203,0.03660232833286508,0.009848427749845802,0.03246476714964537,0.007283801709718148,0.0005269805530474514,5.3053767347208224e-05,0.022570064075988945,0.006439960918226409,0.02890717432285396,3.6954083899007646,1.6026054915110137,0.0
32,4632,5.056598060605089,0.03647675539558916,0.009814640391051267,0.032352520803461814,0.007258618096834902,0.0005233428011734986,5.268753667613035e-05,0.02249165638842436,0.006417588698018953,0.028806258868714543,3.6954856422163034,1.602633213894593,0.0
32,4636,5.0609647255969765,0.03635161996894096,0.00978097075132006,0.03224067005903543,0.007233523241241734,0.0005197304029351812,5.2323858482328194e-05,0.022413526948476255,0.006395295870752946,0.028705704327676104,3.6955626038922644,1.602660818247161,0.0
32,4640,5.065331390588863,0.036226920493498016,0.009747418411065224,0.03212921348121133,0.0072085168209470064,0.0005161431794675764,5.196271475857561e-05,0.022335674736362474,0.006373082145451936,0.028605509359971013,3.6956392760688748,1.6026883050919718,0.0
32,4644,5.0696980555807505,0.036102655415591635,0.009713982952247948,0.03201814964027971,0.007183598515180736,0.0005125809531989489,5.1604087627838094e-05,0.022258098736230022,0.0063509472322605814,0.028505672631105653,3.695715659881622,1.6027156749498461,0.0
32,4648,5.074064720572637,0.03597882318728542,0.009680663958371782,0.03190747711195458,0.007158768004389834,0.0005090435478365407,5.124795934184217e-05,0.02218079793613937,0.00632889084244018,0.028406192811838014,3.6957917564612726,1.602742928339182,0.0
32,4652,5.0784313855645244,0.03585542226635219,0.00964746101447643,0.031797194477351014,0.0071340249702329895,0.0005055307883168325,5.0894312276067985e-05,0.02210377132804763,0.006306912688363867,0.02830706857815527,3.6958675669338956,1.6027700657759671,0.0
32,4656,5.082798050556411,0.035732451116251986,0.009614373707131835,0.03168730032296336,0.00710936909557579,0.0005020425008979146,5.0543128939048715e-05,0.02202701790779252,0.006285012483512036,0.02820829861125082,3.6959430924208805,1.6027970877737907,0.0
32,4660,5.087164715548298,0.03560990820611023,0.009581401624432294,0.03157779324064362,0.007084800064485868,0.0004985785129889564,5.019439195520244e-05,0.021950536675076394,0.006263189942467786,0.028109881597501264,3.696018334038961,1.602823994843855,0.0
32,4664,5.091531380540185,0.03548779201069509,0.00954854435599038,0.03146867182757914,0.007060317562227889,0.0004951386533065261,4.98480840805696e-05,0.021874326633449744,0.006241444780912212,0.028011816228446968,3.696093292900235,1.6028507874949876,0.0
32,4668,5.095898045532072,0.03536610101039592,0.009515801492931126,0.0313599346862713,0.007035921275258785,0.000491722751768009,4.9504188192082915e-05,0.021798386790295533,0.006219776715619937,0.027914101200765196,3.696167970112185,1.6028774662336522,0.0
32,4672,5.100264710523959,0.035244833691201766,0.009483172627886255,0.031251580424514244,0.007011610891222966,0.0004883306395200293,4.9162687290428726e-05,0.02172271615681346,0.00619818546445462,0.027816735216252754,3.6962423667776982,1.602904031563961,0.0
32,4676,5.104631375515846,0.035123988544678894,0.009450657354988127,0.031143607655372718,0.006987386098947361,0.00048496214891002865,4.882356449718566e-05,0.021647313748003643,0.0061766707463643,0.027719716981800653,3.6963164839950897,1.6029304839876863,0.0
32,4680,5.108998040507733,0.035003564067949335,0.009418255269863963,0.031036014997160934,0.006963246588436667,0.00048161711345784397,4.848680305196324e-05,0.021572178582651022,0.006155232281376949,0.027623045209373965,3.6963903228581207,1.6029568240042709,0.0
32,4684,5.113364705499619,0.0348835587636696,0.009385965969630131,0.03092880107342149,0.006939192050868622,0.0004782953679267621,4.815238631955532e-05,0.021497309683309814,0.006133869790596032,0.027526718615988235,3.6964638844560187,1.6029830521108408,0.0
32,4688,5.117731370491507,0.03476397114000925,0.009353789052886361,0.030821964512904247,0.0069152221785892705,0.000474996748231149,4.782029778064065e-05,0.021422706076287917,0.0061125829961960615,0.027430735923691524,3.6965371698734995,1.6030091688022161,0.0
32,4692,5.122098035483393,0.03464479971062877,0.00932172411970981,0.030715503949544587,0.006891336665108077,0.0004717210914506609,4.7490521033213544e-05,0.021348366791630945,0.0060913716214180385,0.027335095859538267,3.696610180190786,1.6030351745709224,0.0
32,4696,5.126464700475281,0.03452604299465923,0.009289770771649577,0.030609418022443265,0.006867535205093414,0.00046846823585156017,4.7163039794729946e-05,0.021274290863107313,0.006070235390565197,0.027239797155570858,3.696682916483629,1.603061069907201,0.0
32,4700,5.130831365467167,0.03440769951668069,0.009257928611720896,0.030503705375845146,0.006843817494367784,0.00046523802083697774,4.683783789709999e-05,0.021200477328192604,0.006049174028998547,0.027144838548797328,3.6967553798233257,1.6030868552990216,0.0
32,4704,5.135198030459055,0.0342897678067005,0.009226197244399303,0.030398364659117875,0.006820183229903041,0.00046203028698244,4.651489929026474e-05,0.021126925228053855,0.0060281872631323865,0.02705021878116996,3.6968275712767427,1.603112531232093,0.0
32,4708,5.139564695450941,0.03417224640013313,0.009194576275615202,0.030293394526731982,0.006796632109815921,0.0004588448759861308,4.6194208037188827e-05,0.02105363360753486,0.006007274820430111,0.026955936599565286,3.6968994919063327,1.6031380981898737,0.0
32,4712,5.143931360442829,0.03405513383777896,0.009163065312748155,0.030188793638239925,0.0067731638333633415,0.00045568163066889156,4.58757483138604e-05,0.02098060151514079,0.0059864364293998225,0.026861990755760942,3.6969711427701557,1.6031635566535831,0.0
32,4716,5.148298025434715,0.03393842866580308,0.00913166396462119,0.03008456065825532,0.006749778100937746,0.0004525403950097484,4.5559504412867854e-05,0.02090782800302285,0.0059656718195899554,0.026768380006415644,3.6970425249218986,1.6031889071022127,0.0
32,4720,5.152664690426603,0.03382212943571511,0.00910037184149536,0.029980694256433047,0.006726474614062633,0.00044942101406064694,4.524546073481577e-05,0.020835312126963636,0.0059449807215850945,0.026675103113051307,3.697113639410893,1.6032141500125365,0.0
32,4724,5.157031355418489,0.033706234704347804,0.009069188555063992,0.029877193107448158,0.006703253075387831,0.0004463233340032957,4.49336017940476e-05,0.02076305294636164,0.005924362867001554,0.026582158842026183,3.697184487282138,1.603239285859123,0.0
32,4728,5.161398020410377,0.03359074303383688,0.009038113718447259,0.02977405589097613,0.006680113188685063,0.0004432472021065337,4.462391221435368e-05,0.020691049524216684,0.005903817988483226,0.02648954596452005,3.6972550695763164,1.603264315114344,0.0
32,4732,5.165764685402263,0.03347565299160091,0.009007146946186765,0.029671281291672943,0.00665705465884348,0.0004401924667547519,4.43163767318325e-05,0.020619300927115232,0.005883345819697384,0.02639726325651003,3.6973253873298146,1.6032892382483872,0.0
32,4736,5.170131350394151,0.033360963150320055,0.00897628785423983,0.029568867999154334,0.006634077191865003,0.0004371589773839446,4.401098018845276e-05,0.02054780622521518,0.005862946095330345,0.02630530949875242,3.6973954415747423,1.603314055729266,0.0
32,4740,5.174498015386037,0.03324667208791633,0.008945536059974175,0.02946681470797624,0.00661118049485994,0.00043414658452434196,4.370770753634531e-05,0.020476564492231387,0.005842618551083342,0.026213683476760674,3.6974652333389524,1.6033387680228308,0.0
32,4744,5.178864680377924,0.0331327783875329,0.008914891182162356,0.02936512011761464,0.006588364276042457,0.00043115513976488273,4.3406543834226523e-05,0.02040557480542093,0.005822362923668317,0.02612238398078588,3.6975347636460585,1.6033633755927783,0.0
32,4748,5.183231345369811,0.03301928063751434,0.008884352840976441,0.029263782932445997,0.006565628244726199,0.00042818449577453066,4.310747424954428e-05,0.020334836245568658,0.005802178950803797,0.0260314098057976,3.697604033515453,1.6033878789006628,0.0
32,4752,5.187598010361698,0.03290617743138648,0.008853920657982607,0.02916280186172756,0.006542972111319859,0.00042523450622411474,4.281048405060923e-05,0.0202643478969727,0.005782066371210759,0.02594075975146136,3.697673043962328,1.603412278405907,0.0
32,4756,5.191964675353585,0.032793467367836136,0.008823594256135669,0.029062175619577444,0.00652039558732272,0.0004223050258786998,4.2515558615894246e-05,0.02019410884742985,0.005762024924608464,0.025850432622121892,3.6977417959976933,1.603436574565812,0.0
32,4760,5.196331340345472,0.03268114905069133,0.00879337325977376,0.028961902924955193,0.006497898385320285,0.00041939591052653213,4.222268342688097e-05,0.020124118188221258,0.005742054351710367,0.025760427226779244,3.697810290628394,1.603460767835567,0.0
32,4764,5.200698005337359,0.03256922108890156,0.008763257294613034,0.028861982501642448,0.006475480218979945,0.00041650701697193426,4.193184406734452e-05,0.020054375014098187,0.005722154394220062,0.025670742379074095,3.697878528857129,1.603484858668261,0.0
32,4768,5.205064670329246,0.032457682096518135,0.008733245987742359,0.028762413078223654,0.006453140803046651,0.0004136382030495156,4.164302622478416e-05,0.019984878423267863,0.005702324794827237,0.02558137689726334,3.69794651168247,1.603508847514892,0.0
32,4772,5.209431335321133,0.0323465306926738,0.00870333896761785,0.02866319338806609,0.00643087985333843,0.0004107893276099617,4.13562156889926e-05,0.0199156275173788,0.00568256529720349,0.02549232960420371,3.6980142400988827,1.6035327348243775,0.0
32,4776,5.2137980003130195,0.03223576550156458,0.008673535864057974,0.028564322169302013,0.006408697086742379,0.0004079602505058233,4.107139835062536e-05,0.019846621401507638,0.005662875645998571,0.025403599327329617,3.698081715096738,1.6035565210435643,0.0
32,4780,5.218164665304907,0.032125385152428354,0.008643836308237783,0.028465798164807734,0.006386592221209976,0.0004051508325844111,4.078856020048539e-05,0.019777859184143817,0.005643255586836014,0.025315184898637887,3.698148937662336,1.6035802066172393,0.0
32,4784,5.2225313302967935,0.03201538827952726,0.00861423993268419,0.02836762012218632,0.00636456497575319,0.00040236093570200637,4.050768733095376e-05,0.019709339977176794,0.005623704866309485,0.02522708515466383,3.6982159087779234,1.6036037919881392,0.0
32,4788,5.226897995288681,0.0319057735221273,0.008584746371270472,0.02826978679374762,0.006342615070440008,0.00039959042269543943,4.0228765933128325e-05,0.019641062895881467,0.005604223231978627,0.025139298936464407,3.698282629421708,1.6036272775969598,0.0
32,4792,5.2312646602805675,0.031796539524479306,0.008555355259211157,0.028172296936489708,0.006320742226390267,0.0003968391573536678,3.9951782293962334e-05,0.01957302705890444,0.005584810432365133,0.025051825089599106,3.69834910056788,1.6036506638823669,0.0
32,4796,5.235631325272455,0.03168768493580001,0.00852606623305692,0.02807514931208019,0.0062989461657714605,0.0003941070044533035,3.967672279984116e-05,0.019505231588250366,0.0055654662169488615,0.02496466246411078,3.698415323186629,1.6036739512810054,0.0
32,4800,5.239997990264341,0.03157920841025219,0.008496878930689252,0.027978342686836948,0.00627722661179442,0.0003913938297586128,3.940357393658227e-05,0.019437675609267808,0.005546190336163789,0.02487780991450686,3.6984812982441606,1.6036971402275104,0.0
32,4804,5.244364655256228,0.03147110860692643,0.008467792991315544,0.027881875831710156,0.006255583288709278,0.0003886994999575677,3.91323222829972e-05,0.019370358250635957,0.005526982541394232,0.024791266299739767,3.698547026702715,1.6037202311545153,0.0
32,4808,5.248731320248115,0.03136338418982221,0.008438808055464002,0.02778574752226384,0.006234015921801334,0.00038602388269026733,3.8862954513752884e-05,0.019303278644351173,0.0055078425849709985,0.024705030483188246,3.698612509520584,1.6037432244926626,0.0
32,4812,5.253097985240002,0.03125603382782837,0.008409923764978393,0.027689956538656774,0.006212524237386762,0.000383366846563149,3.8595457400802366e-05,0.019236435925712933,0.005488770220167381,0.024619101332640447,3.698677747652129,1.6037661206706129,0.0
32,4816,5.257464650231889,0.03114905619470489,0.008381139763013138,0.027594501665624632,0.0061911079628086145,0.0003807282610992502,3.8329817808377386e-05,0.019169829233310696,0.005469765201195412,0.024533477720273315,3.698742742047797,1.6037889201150555,0.0
32,4820,5.261831315223776,0.03104244996906409,0.008352455694028257,0.02749938169246162,0.006169766826432693,0.0003781079967382084,3.806602269298842e-05,0.019103457709010493,0.005450827283202031,0.024448158522634586,3.6988074936541406,1.6038116232507171,0.0
32,4824,5.266197980215663,0.030936213834351852,0.008323871203784314,0.027404595413002168,0.006148500557643449,0.0003755059248859993,3.7804059108432036e-05,0.01903732049794143,0.005431956222265241,0.024363142620625694,3.698872003413831,1.6038342305003714,0.0
32,4828,5.27056464520755,0.030830346478828822,0.008295385939337362,0.027310141625602528,0.006127308886839848,0.00037292191782256623,3.754391419649147e-05,0.01897141674848223,0.00541315177539026,0.024278428899481355,3.6989362722656804,1.6038567422848489,0.0
32,4832,5.274931310199437,0.030724846595552732,0.008266999549034185,0.02721601913312346,0.0061061915454314886,0.00037035584873734706,3.728557519051334e-05,0.018905745612248486,0.0053944137005058936,0.024194016248753145,3.6990003011446526,1.6038791590230461,0.0
32,4836,5.279297975191324,0.03061971288235892,0.008238711682507055,0.027122226742911336,0.006085148265834361,0.00036780759175769617,3.7029029418269016e-05,0.018840306244078845,0.005375741756460584,0.024109903562290844,3.699064090981887,1.6039014811319354,0.0
32,4840,5.283664640183211,0.03051494404184284,0.00821052199066903,0.027028763266780945,0.006064178781466993,0.00036527702187783007,3.6774264294801204e-05,0.01877509780202237,0.00535713570301881,0.024026089738223004,3.6991276427047093,1.6039237090265737,0.0
32,4844,5.288031305175098,0.030410538781341607,0.00818243012570898,0.026935627520997547,0.006043282826746418,0.00036276401498014366,3.6521267324569976e-05,0.018710119447325396,0.005338595300857331,0.023942573678942692,3.699190957236652,1.6039458431201115,0.0
32,4848,5.292397970166985,0.030306495812915786,0.0081544357410867,0.02684281832625904,0.00602246013708418,0.00036026844784942114,3.627002610288343e-05,0.018645370344418436,0.005320120311561459,0.02385935429108434,3.6992540354974692,1.6039678838238034,0.0
32,4852,5.296764635158872,0.030202813853331345,0.008126538491528045,0.026750334507678424,0.006001710448882393,0.0003577901981515197,3.6020528313751705e-05,0.018580849660903304,0.005301710497621377,0.023776430485511427,3.6993168784031556,1.6039898315470162,0.0
32,4856,5.301131300150759,0.03009949162404099,0.008098738033019907,0.026658174894765616,0.005981033499529666,0.0003553291443623152,3.577276172273357e-05,0.018516556567539876,0.005283365622428362,0.023693801177293927,3.6993794868659595,1.6040116866972385,0.0
32,4860,5.305497965142646,0.02999652785116743,0.008071034022805719,0.026566338321411018,0.005960429027397416,0.0003528851659098109,3.55267141912432e-05,0.018452490238233945,0.0052650854502713255,0.023611465285694626,3.699441861794402,1.6040334496800888,0.0
32,4864,5.309864630134532,0.02989392126548453,0.008043426119380376,0.026474823625867238,0.005939896771835761,0.00035045814301781775,3.528237366081274e-05,0.018388649850023853,0.005246869746332994,0.023529421734148518,3.699504004093291,1.6040551208993263,0.0
32,4868,5.31423129512642,0.0297916706023998,0.008015913982485532,0.026383629650732023,0.0059194364731697,0.00034804795677700895,3.503972816024566e-05,0.01832503458306803,0.005228718276686353,0.02344766945024839,3.6995659146637427,1.604076700756859,0.0
32,4872,5.318597960118306,0.029689774601936843,0.007988497273104871,0.02629275524293114,0.005899047872695265,0.00034565448915202523,3.479876580633215e-05,0.01826164362063238,0.005210630808291054,0.023366207365724107,3.6996275944031893,1.6040981896527517,0.0
32,4876,5.322964625110194,0.029588232008717297,0.007961175653459251,0.026202199253700775,0.0058787307126755735,0.0003432776228748935,3.455947479311896e-05,0.018198476149077453,0.0051926071089897444,0.023285034416427496,3.6996890442054036,1.604119587985237,0.0
32,4880,5.32733129010208,0.0294870415719438,0.007933948787002116,0.026111960538570927,0.005858484736337107,0.0003409172415871353,3.4321843406216244e-05,0.018135531357846225,0.00517464694750459,0.02320414954231531,3.6997502649605094,1.6041408961507222,0.0
32,4884,5.331697955093968,0.029386202045382073,0.007906816338414682,0.02602203795734804,0.005838309687865808,0.0003385732297331856,3.4085860012067444e-05,0.01807280843945143,0.005156750093433657,0.02312355168743143,3.6998112575549995,1.6041621145437988,0.0
32,4888,5.336064620085854,0.029285712187343365,0.007879777973601211,0.025932430374097863,0.005818205312403239,0.00033624547256749793,3.385151305866465e-05,0.01801030658946296,0.0051389163172473155,0.023043239799888628,3.699872022871753,1.604183243557252,0.0
32,4892,5.340431285077742,0.029185570760667582,0.007852833359684466,0.025843136657129034,0.005798171356042897,0.0003339338561474392,3.361879107483323e-05,0.017948025006495883,0.005121145390284819,0.02296321283185428,3.699932561790047,1.6042042835820685,0.0
32,4896,5.344797950069628,0.029085776532705568,0.007825982165000956,0.025754155678975852,0.005778207565826351,0.00033163826737592217,3.338768267452389e-05,0.0178859628921978,0.0051034370847507044,0.02288346973953058,3.6999928751855777,1.6042252350074453,0.0
32,4900,5.3491646150615155,0.02898632827530195,0.0077992240590963055,0.0256654863163816,0.005758313689739497,0.00032935859393035116,3.3158176549659275e-05,0.017824119451236665,0.005085791173711309,0.022804009483141055,3.7000529639304722,1.6042460982207989,0.0
32,4904,5.353531280053402,0.028887224764778206,0.0077725587127207086,0.025577127450282063,0.00573848947670886,0.0003270947243123601,3.293026147514134e-05,0.0177624938912887,0.005068207431091326,0.02272483102690965,3.7001128288933054,1.604266873607773,0.0
32,4908,5.3578979450452895,0.02878846478191523,0.007745985797824234,0.025489077965788618,0.005718734676597806,0.00032484654777675814,3.270392630169797e-05,0.01770108542302603,0.005050685631670275,0.022645933339048626,3.7001724709391146,1.6042875615522476,0.0
32,4912,5.362264610037176,0.02869004711193667,0.007719504987552345,0.02540133675217197,0.005699049040202886,0.00032261395440968954,3.2479159963751696e-05,0.017639893260104764,0.005033225551079103,0.022567315391737886,3.700231890929417,1.6043081624363482,0.0
32,4916,5.366631275029063,0.028591970544491745,0.00769311595624127,0.025313902702845528,0.005679432319250107,0.0003203968350291575,3.2255951469404955e-05,0.017578916619152864,0.005015826965796719,0.022488976161111774,3.700291089722223,1.604328676640453,0.0
32,4920,5.37099794002095,0.02849423387363829,0.007666818379413447,0.025226774715348916,0.0056598842663912385,0.0003181950812702894,3.203428990902417e-05,0.01751815471975806,0.004998489653146551,0.02241091462724015,3.7003500681720523,1.6043491045432017,0.0
32,4924,5.3753646050128365,0.02839683589782645,0.007640611933773134,0.025139951691332107,0.0056404046352002465,0.0003160085855284933,3.1814164449517e-05,0.01745760678445624,0.00498121339129323,0.022333129774113333,3.7004088271299502,1.6043694465215042,0.0
32,4928,5.379731270004724,0.028299775419881424,0.0076144962972017624,0.0250534325365387,0.005620993180169544,0.00031383724094524723,3.159556433290172e-05,0.017397272038719224,0.004963997959239102,0.02225562058962665,3.7004673674435,1.6043897029505485,0.0
32,4932,5.3840979349966105,0.028203051246986945,0.007588471148753499,0.024967216160789885,0.005601649656706392,0.00031168094142230984,3.137847887773784e-05,0.01733714971094306,0.004946843136820888,0.022178386065562328,3.7005256899568404,1.6044098742038095,0.0
32,4936,5.388464599988498,0.02810666219066868,0.0075625361686507755,0.024881301477968305,0.0055823738211292825,0.00030953958162172057,3.116289747912616e-05,0.01727723903243618,0.004929748704706307,0.022101425197573844,3.700583795510681,1.6044299606530572,0.0
32,4940,5.3928312649803845,0.028010607066777524,0.007536691038279789,0.024795687406001923,0.005563165430664313,0.0003074130569800104,3.0948809610139396e-05,0.01721753923740765,0.004912714444390721,0.02202473698517129,3.700641684942315,1.6044499626683637,0.0
32,4944,5.397197929972272,0.027914884695473725,0.007510935440186241,0.02471037286684848,0.005544024243441708,0.00030530126361583143,3.073620481252281e-05,0.01715804956295576,0.004895740138193878,0.021948320431703465,3.7006993590856343,1.604469880618114,0.0
32,4948,5.401564594964158,0.027819493901209927,0.0074852690580707645,0.024625356786479195,0.00552495001849215,0.0003032040984436435,3.052507270813962e-05,0.017098769249056164,0.004878825569256534,0.021872174544343915,3.700756818771148,1.6044897148690105,0.0
32,4952,5.405931259956046,0.02772443351271481,0.007459691576784532,0.024540638094862864,0.005505942515743225,0.00030112145906713295,3.0315402988240912e-05,0.017039697538550214,0.004861970521537117,0.021796298334073826,3.7008140648259915,1.6045094657860843,0.0
32,4956,5.410297924947932,0.027629702362976995,0.007434202682324913,0.024456215725950206,0.005487001496015899,0.0002990532438289506,3.0107185418473024e-05,0.01698083367713354,0.004845174779808472,0.02172069081566606,3.7008710980739457,1.6045291337327021,0.0
32,4960,5.41466458993982,0.027535299289229244,0.007408802061831235,0.024372088617658584,0.005468126721021098,0.00029699935179650083,2.9900409837446862e-05,0.01692217691334488,0.004828438129654675,0.021645351007670722,3.7009279193354483,1.6045487190705734,0.0
32,4964,5.419031254931706,0.02744122313293137,0.007383489403580178,0.024288255711855507,0.005449317953356003,0.00029495968276904705,2.969506615745324e-05,0.016863726498554037,0.004811760357467595,0.0215702779323986,3.700984529427612,1.6045682221597595,0.0
32,4968,5.423397919923594,0.027347472739755626,0.007358264396981843,0.024204715954344324,0.00543057495650084,0.00029293413722086825,2.9491144358740157e-05,0.016805481686951403,0.004795141250443904,0.02149547061590643,3.7010409291642348,1.6045876433586808,0.0
32,4972,5.42776458491548,0.0272540469595685,0.007333126732574857,0.02412146829484684,0.005411897494814982,0.00029092261635810246,2.9288634495235528e-05,0.016747441735535308,0.004778580596581469,0.021420928087979137,3.701097119355818,1.6046069830241252,0.0
32,4976,5.432131249907367,0.027160944646417204,0.007308076102022735,0.02403851168698997,0.0053932853335339525,0.0002889250220690087,2.908752668953981e-05,0.01668960590410221,0.004762078184676555,0.02134664938211852,3.7011531008095773,1.6046262415112553,0.0
32,4980,5.436497914899254,0.027068164658512365,0.007283112198109225,0.023955845088289143,0.005374738238765701,0.0002869412569523888,2.8887811135787328e-05,0.01663197345523463,0.004745633804320376,0.021272633535524627,3.7012088743294598,1.6046454191736172,0.0
32,4984,5.440864579891141,0.02697570585821211,0.007258234714734025,0.02387346746013288,0.005356255977487148,0.00028497122428916555,2.8689478096784963e-05,0.016574543654289862,0.004729247245895879,0.02119887958908126,3.7012644407161575,1.604664516363147,0.0
32,4988,5.445231244883028,0.02688356711200728,0.007233443346908801,0.023791377767768438,0.005337838317540961,0.0002830148280565936,2.8492517905442796e-05,0.016517315769389522,0.004712918300574761,0.021125386587341692,3.7013198007671195,1.6046835334301794,0.0
32,4992,5.449597909874915,0.026791747290505066,0.007208737790752792,0.023709574980286037,0.005319485027632009,0.000281071972885627,2.8296920960482095e-05,0.016460289071407962,0.004696646760314163,0.021052153578512103,3.7013749552765685,1.6047024707234554,0.0
32,4996,5.453964574866802,0.02670024526841338,0.007184117743488596,0.02362805807060373,0.005301195877323984,0.0002791425640964462,2.8102677730011996e-05,0.01640346283396132,0.0046804324178535426,0.02097917961443821,3.701429905035514,1.6047213285901292,0.0
32,5000,5.458331239858689,0.026609059924525637,0.007159582903438081,0.02354682601545267,0.005282970637036077,0.00027722650770556356,2.7909778752244846e-05,0.01634683633339672,0.004664275066711597,0.020906463750589112,3.701484650831765,1.604740107375776,0.0
32,5004,5.462697904850576,0.026518190141705172,0.0071351329700181905,0.02346587779536206,0.005264809078039617,0.0002753237103618744,2.7718214629058163e-05,0.016290408848781267,0.0046481745011831225,0.020834005046043366,3.7015391934499458,1.6047588074244008,0.0
32,5008,5.467064569842463,0.026427634806869434,0.00711076764373669,0.023385212394643907,0.00524671097245464,0.00027343407938218434,2.752797602957131e-05,0.016234179661890977,0.004632130516335851,0.020761802563472775,3.701593533671508,1.6047774290784438,0.0
32,5012,5.47143123483435,0.026337392810975215,0.0070864866261881945,0.023304828801378703,0.00522867609324668,0.0002715575227369982,2.7339053688714834e-05,0.016178148057200283,0.00461614290800746,0.020689855369128166,3.701647672274745,1.6047959726787895,0.0
32,5016,5.475797899826237,0.026247463049002828,0.007062289620049908,0.023224726007400154,0.005210704214223346,0.0002696939490718364,2.715143840937648e-05,0.01612231332187093,0.004600211472802406,0.02061816253282624,3.7017016100348075,1.6048144385647742,0.0
32,5020,5.480164564818124,0.026157844419941255,0.007038176329077633,0.02314490300828088,0.005192795110031107,0.00026784326764328625,2.6965121055963143e-05,0.016066674745741513,0.004584336008088932,0.020546723127932966,3.701755347723713,1.604832827074192,0.0
32,5024,5.484531229810011,0.026068535826772744,0.007014146458101619,0.023065358803317504,0.0051749485561519495,0.0002660053883758451,2.678009256012356e-05,0.016011231621316638,0.004568516311995982,0.020475536231349168,3.7018088861103617,1.6048511385433033,0.0
32,5028,5.488897894801898,0.025979536176457832,0.006990199713022538,0.02298609239551615,0.00515716432890013,0.0002641802218121825,2.6596343915740966e-05,0.015955983243756303,0.004552752183410167,0.020404600923497333,3.7018622259605523,1.6048693733068422,0.0
32,5032,5.493264559793785,0.025890844379919953,0.00696633580080734,0.0229071027915777,0.005139442205418856,0.0002623676791628782,2.6413866183940443e-05,0.015900928910865187,0.00453704342197271,0.020333916288306664,3.70191536803699,1.6048875316980233,0.0
32,5036,5.497631224785671,0.025802459352030876,0.006942554429485339,0.02282838900188367,0.005121781963677124,0.00026056767222115695,2.6232650484504876e-05,0.01584606792308233,0.004521389828076504,0.02026348141319696,3.7019683130993046,1.604905614048549,0.0
32,5040,5.5019978897775585,0.025714380011595685,0.006918855308144165,0.02274995004048171,0.0051041833824664665,0.0002587801134268375,2.6052688002312972e-05,0.015791399583470568,0.00450579120286309,0.020193295389068017,3.7020210619040608,1.604923620688617,0.0
32,5044,5.506364554769445,0.025626605281337672,0.0068952381469257066,0.022671784925071072,0.005086646241397689,0.0002570049158521215,2.5873969985908615e-05,0.015736923197705956,0.004490247348219649,0.020123357310281045,3.702073615204774,1.6049415519469274,0.0
32,5048,5.5107312197613325,0.025539134087883664,0.006871702657022156,0.022593892676988466,0.0050691703208976995,0.0002552419931589611,2.5696487743208814e-05,0.015682638074067428,0.004474758066776044,0.02005366627464886,3.702125973751921,1.6049594081506897,0.0
32,5052,5.515097884753219,0.025451965361749186,0.006848248550672023,0.022516272321193718,0.005051755402206287,0.0002534912596345862,2.55202326450804e-05,0.015628543523426387,0.004459323161901851,0.019984221383418318,3.702178138292954,1.6049771896256302,0.0
32,5056,5.5194645497451065,0.02536509803732408,0.0068248755411562615,0.022438922886255944,0.005034401267373022,0.00025175263016308236,2.5345196122478665e-05,0.015574638859236585,0.004443942437703475,0.019915021741257498,3.702230109572314,1.6049948966959984,0.0
32,5060,5.523831214736993,0.025278531052857624,0.006801583342794268,0.022361843404339166,0.00501710769925403,0.0002500260202253912,2.5171369666447382e-05,0.015520923397523664,0.004428615699021164,0.01984606645624227,3.7022818883314432,1.6050125296845748,0.0
32,5064,5.52819787972888,0.025192263350443625,0.006778371670939868,0.022285032911188052,0.004999874481508789,0.00024831134592773196,2.4998744830980144e-05,0.015467396456874793,0.00441334275142605,0.0197773546398415,3.7023334753087984,1.6050300889126776,0.0
32,5068,5.532564544720767,0.025106293876006686,0.006755240241977624,0.022208490446114535,0.004982701398597132,0.0002466085239589688,2.4827313228728323e-05,0.015414057358428875,0.004398123401217356,0.019708885406904755,3.7023848712398637,1.60504757470017,0.0
32,5072,5.536931209712654,0.025020621579286823,0.006732188773318693,0.022132215051983154,0.004965588235775952,0.0002449174715692948,2.4657066528855075e-05,0.0153609054258659,0.004382957455419358,0.019640657875645093,3.7024360768571634,1.6050649873654668,0.0
32,5076,5.541297874704541,0.024935245413825805,0.006709216983397156,0.02205620577519781,0.004948534779096236,0.0002432381065986533,2.4487996459896683e-05,0.015307939985397302,0.004367844721778638,0.019572671167630975,3.702487092890274,1.6050823272255408,0.0
32,5080,5.545664539696428,0.024850164336952738,0.006686324591666132,0.021980461665687883,0.004931540815399949,0.00024157034752647633,2.432009481476993e-05,0.015255160365755827,0.004352785008761183,0.019504924407766678,3.7025379200658377,1.6050995945959305,0.0
32,5084,5.550031204688315,0.024765377309769247,0.0066635113185938,0.021904981776894043,0.004914606132316848,0.0002399141133366811,2.415335343718066e-05,0.015202565898185211,0.004337778125549451,0.019437416724281596,3.7025885591075736,1.6051167897907472,0.0
32,5088,5.554397869680202,0.024680883297135657,0.006640776885659672,0.021829765165754897,0.004897730518261489,0.0002382693236029354,2.398776423020785e-05,0.015150155916430489,0.004322823882039596,0.01937014724871721,3.702639010736294,1.6051339131226805,0.0
32,5092,5.558764534672089,0.024596681267656934,0.006618121015350815,0.021754810892693478,0.004880913762430193,0.00023663589849576283,2.3823319157018934e-05,0.015097929756728109,0.004307922088838655,0.019303115115912987,3.7026892756699104,1.605150964903006,0.0
32,5096,5.563131199663975,0.02451277019366821,0.006595543431157956,0.02168011802160333,0.004864155654797929,0.00023501375872569952,2.3660010235147118e-05,0.015045886757795841,0.004293072557261664,0.019236319463991958,3.7027393546234535,1.6051679454415921,0.0
32,5100,5.567497864655863,0.02442914905122087,0.006573043857571738,0.021605685619835144,0.004847455986115307,0.00023340282556461034,2.3497829538637372e-05,0.014994026260823043,0.004278275099328883,0.019169759434348354,3.702789248309079,1.6051848550469061,0.0
32,5104,5.571864529647749,0.024345816820068828,0.006550622020079029,0.021531512758183522,0.004830814547905618,0.0002318030208385835,2.3336769197331096e-05,0.014942347609461022,0.004263529527763044,0.019103434171634116,3.7028389574360845,1.6052016940260212,0.0
32,5108,5.576231194639637,0.02426277248365405,0.006528277645159018,0.021457598510873106,0.004814231132461715,0.000230214266935036,2.3176821397581476e-05,0.014890850149812939,0.004248835655986472,0.019037342823746993,3.702888482710919,1.6052184626846235,0.0
32,5112,5.580597859631523,0.024180015029093168,0.00650601046027963,0.02138394195554568,0.004797705532843123,0.00022863648678139725,2.301797838010744e-05,0.014839533230424442,0.004234193298118411,0.01897148454181406,3.7029378248371954,1.605235161327018,0.0
32,5116,5.584964524623411,0.024097543447163187,0.006483820193893663,0.021310542173246502,0.00478123754287297,0.0002270696038664255,2.2860232442139705e-05,0.014788396202273721,0.004219602268972188,0.01890585848018222,3.702986984515705,1.605251790256135,0.0
32,5120,5.589331189615297,0.024015356732288082,0.006461706575435192,0.021237398248411355,0.004764826957135085,0.0002255135421904697,2.2703575932413373e-05,0.014737438418762063,0.0042050623840525145,0.018840463796403136,3.7030359624444276,1.6052683497735374,0.0
32,5124,5.593697854607185,0.02393345388252509,0.006439669335315879,0.021164509268853385,0.00474847357097104,0.0002239682263081022,2.254800125545999e-05,0.014686659235704305,0.004190573459552769,0.018775299651219653,3.703084759318542,1.6052848401794269,0.0
32,5128,5.598064519599071,0.023851833899550548,0.0064177082049211584,0.021091874325749587,0.004732177180477123,0.0002224335812925915,2.2393500868030845e-05,0.014636058011319005,0.004176135312352185,0.01871036520855564,3.7031333758304417,1.60530126177265,0.0
32,5132,5.602431184590959,0.023770495788647195,0.006395822916606826,0.02101949251362853,0.00471593758250158,0.00022090953277853487,2.2240067283388988e-05,0.014585634106219502,0.004161747760013306,0.018645659635499957,3.7031818126697433,1.605317614850705,0.0
32,5136,5.606797849582845,0.023689438558689144,0.006374013203694991,0.020947362930355973,0.004699754574641391,0.00021939600687659322,2.2087693062725185e-05,0.014535386883403483,0.0041474106207790035,0.01858118210229556,3.703230070523302,1.6053338997097482,0.0
32,5140,5.611164514574733,0.023608661222130373,0.006352278800470982,0.020875484677123787,0.004683627955239783,0.00021789293025875622,2.193637082374197e-05,0.014485315708244885,0.0041331237135701715,0.0185169317823262,3.703278150075219,1.6053501166446,0.0
32,5144,5.615531179566619,0.023528162794989253,0.006330619442179185,0.02080385685843521,0.004667557523382922,0.0002164002301014989,2.1786093234930943e-05,0.014435419948483236,0.004118886857982683,0.01845290785210373,3.7033260520068576,1.605366265948752,0.0
32,5148,5.619897844558507,0.023447942296836572,0.006309034865019815,0.020732478582093202,0.0046515430788973,0.000214917834092887,2.1636853016288106e-05,0.014385698974215138,0.004104699874284956,0.018389109491255044,3.703373776996852,1.6053823479143723,0.0
32,5152,5.624264509550393,0.023367998750781504,0.006287524806145148,0.02066134895918715,0.004635584422346751,0.00021344567041126083,2.1488642937167842e-05,0.014336152157884634,0.0040905625834152136,0.01832553588251034,3.7034213257211195,1.6053983628323123,0.0
32,5156,5.62863117454228,0.02328833118345858,0.006266089003656013,0.020590467104080246,0.004619681355029625,0.00021198366778918398,2.1341455822720963e-05,0.01428677887427404,0.004076474806978859,0.018262186211689797,3.703468698852873,1.6054143109921133,0.0
32,5160,5.632997839534167,0.023208938625014164,0.006244727196598149,0.020519832134396638,0.0046038336789758945,0.00021053175542107283,2.1195284544595324e-05,0.01423757850049459,0.004062436367245811,0.01819905966769117,3.703515897062631,1.6054301926820118,0.0
32,5164,5.637364504526054,0.023129820109093868,0.006223439124958825,0.020449443171009274,0.004588041196944439,0.00020908986301293453,2.1050122025943166e-05,0.014188550415977602,0.004048447087147985,0.01813615544247874,3.703562921018232,1.6054460081889466,0.0
32,5168,5.641731169517941,0.023050974672828906,0.006202224529663167,0.020379299338026877,0.004572303712420114,0.00020765792076105072,2.090596123927512e-05,0.014139694002465042,0.0040345067902765935,0.018073472731068907,3.703609771384842,1.6054617577985641,0.0
32,5172,5.646097834509828,0.022972401356822925,0.006181083152570609,0.020309399762781323,0.0045566210296109225,0.0002062358593732938,2.0762795208606224e-05,0.014091008644000336,0.004020615300879535,0.018011010731518572,3.7036564488249684,1.6054774417952253,0.0
32,5176,5.650464499501715,0.02289409920513954,0.006160014736471547,0.02023974357581568,0.004540992953445333,0.00020482361001938898,2.0620617004448536e-05,0.014042493726919686,0.004006772443858904,0.017948768644913342,3.703702953998471,1.6054930604620112,0.0
32,5180,5.654831164493602,0.022816067265288696,0.006139019025083665,0.0201703299108712,0.0045254192895693565,0.00020342110435933591,2.0479419746672504e-05,0.013994148639842625,0.0039929780447683074,0.01788674567535582,3.703749287562573,1.6055086140807289,0.0
32,5184,5.659197829485489,0.022738304588214107,0.0061180957630485545,0.02010115790487522,0.004509899844343838,0.00020202827457183048,2.0339196607368308e-05,0.01394597277366323,0.003979231929810351,0.017824941029950893,3.703795450171872,1.6055241029319183,0.0
32,5188,5.6635644944773755,0.022660810228280696,0.006097244695928339,0.020032226697929204,0.004494434424841766,0.0002006450532405779,2.019994079940045e-05,0.013897965521541447,0.003965533925834162,0.017763353918797332,3.7038414424783523,1.6055395272948567,0.0
32,5192,5.667931159469263,0.022583583243260947,0.006076465570201998,0.019963535433295657,0.004479022838845346,0.0001992713735106122,2.0061645592145217e-05,0.01385012627889358,0.003951883860332683,0.017701983554972815,3.7038872651313928,1.605554887447567,0.0
32,5196,5.6722978244611495,0.022506622694322832,0.006055758133262121,0.01989508325738655,0.004463664894843393,0.00019790716891776583,1.9924304294322512e-05,0.013802454443383887,0.003938281561440269,0.017640829154523748,3.7039329187777836,1.605570183666821,0.0
32,5200,5.676664489453037,0.02242992764601676,0.006035122133411393,0.019826869319750886,0.004448360402028551,0.00019655237352367294,1.9787910267587332e-05,0.013754949414915583,0.00392472685793012,0.017579889936450897,3.703978404061731,1.6055854162281473,0.0
32,5204,5.6810311544449235,0.022353497166263225,0.006014557319859276,0.019758892773062833,0.004433109170294626,0.0001952069218162933,1.9652456916515007e-05,0.013707610595622175,0.003911219579211808,0.017519165122701477,3.704023721624872,1.6056005854058364,0.0
32,5208,5.68539781943681,0.02227733032633998,0.005994063442718553,0.01969115277310948,0.004417911010233837,0.00019387074878096655,1.9517937695754587e-05,0.013660437389858629,0.0038977595553287623,0.017458653938153088,3.7040688721062867,1.6056156914729465,0.0
32,5212,5.689764484428697,0.02220142620086911,0.005973640253001851,0.019623648478778517,0.004402765733134058,0.0001925437898151472,1.938434610144478e-05,0.013613429204192402,0.0038843466169557034,0.01739835561060456,3.704113856142503,1.605630734701309,0.0
32,5216,5.694131149420584,0.022125783867805057,0.005953287502618422,0.019556379052046716,0.004387673150976228,0.00019122598082077502,1.925167568051336e-05,0.013566585447395097,0.0038709805953962666,0.017338269370763933,3.704158674367515,1.605645715361536,0.0
32,5220,5.698497814412471,0.02205040240842241,0.005933004944370855,0.019489343657968283,0.00437263307643174,0.00018991725811190463,1.9119920021377744e-05,0.013519905530433987,0.003857661322580581,0.01727839445223568,3.704203327412787,1.605660633723023,0.0
32,5224,5.702864479404358,0.021975280907302327,0.00591279233195142,0.019422541464661953,0.004357645322859545,0.00018861755847865425,1.898907276038307e-05,0.013473388866462698,0.0038443886310626126,0.017218730091509992,3.7042478159072694,1.6056754900539576,0.0
32,5228,5.707231144396245,0.021900418452321047,0.0058926494199389836,0.01935597164329991,0.004342709704303668,0.00018732681913746774,1.88591275767948e-05,0.013427034870813134,0.003831162354017861,0.017159275527951105,3.7042921404774063,1.6056902846213243,0.0
32,5232,5.711597809388132,0.021825814134637748,0.005872575963795736,0.019289633368096266,0.004327826035490619,0.0001860449777524309,1.873007819494476e-05,0.013380842960987143,0.003817982325240978,0.017100030003786106,3.7043363017471482,1.6057050176909087,0.0
32,5236,5.715964474380019,0.021751467048681746,0.00585257171986375,0.019223525816294787,0.004312994131826645,0.00018477197241395515,1.860191838208509e-05,0.01333481255664759,0.003804848379143225,0.017040992764091444,3.70438030033796,1.6057196895273054,0.0
32,5240,5.720331139371906,0.021677376292140324,0.005832636445361706,0.0191576481681573,0.004298213809395123,0.00018350774167430473,1.8474641951964978e-05,0.013288943079609997,0.0037917603507500825,0.016982163056784665,3.704424136868833,1.605734300393922,0.0
32,5244,5.724697804363793,0.021603540965946768,0.005812769898381671,0.01909199960695228,0.004283484884954004,0.00018225222450496403,1.834824276053859e-05,0.013243233953834217,0.00377871807569888,0.016923540132610704,3.704467811956297,1.605748850552985,0.0
32,5248,5.72906446935568,0.021529960174268333,0.005792971837885862,0.019026579318943346,0.004268807175933228,0.00018100536030374315,1.8222714706680448e-05,0.013197684605416125,0.00376572139023642,0.016865123245132136,3.7045113262144276,1.6057633402655462,0.0
32,5252,5.733431134347567,0.02145663302449365,0.005773242023703258,0.01896138649337725,0.004254180500432034,0.00017976708888056692,1.8098051730754705e-05,0.013152294462578918,0.0037527701312165,0.016806911650715437,3.7045546802548572,1.605777769791487,0.0
32,5256,5.737797799339454,0.021383558627221164,0.005753580216526489,0.018896420322472837,0.004239604677216479,0.00017853735050721298,1.7974247819622565e-05,0.013107062955665083,0.003739864136097617,0.01674890460852307,3.7045978746867894,1.6057921393895251,0.0
32,5260,5.742164464331341,0.0213107360962473,0.005733986177908649,0.01883168000140974,0.004225079525716902,0.00017731608584625747,1.785129699948885e-05,0.013061989517128213,0.0037270032429406355,0.016691101380499496,3.7046409101170017,1.6058064493172193,0.0
32,5264,5.746531129323228,0.021238164548553776,0.005714459670259887,0.018767164728316358,0.0042106048660252296,0.00017610323597949673,1.77291933387634e-05,0.01301707358152432,0.0037141872904063065,0.016633501231362344,3.7046837871498632,1.6058206998309743,0.0
32,5268,5.750897794315114,0.021165843104296554,0.005695000456844433,0.018702873704259226,0.004196180518892588,0.00017489874240794734,1.7607930948061033e-05,0.012972314585504106,0.0037014161177530624,0.016576103428589024,3.7047265063873405,1.6058348911860476,0.0
32,5272,5.755264459307002,0.02109377088679353,0.0056756083017772815,0.018638806133231312,0.004181806305726678,0.00017370254704474064,1.7487503979486233e-05,0.012927711967804487,0.003688689564834601,0.016518907242407677,3.7047690684290098,1.6058490236365546,0.0
32,5276,5.759631124298888,0.021021947022512668,0.005656282970021005,0.018574961222140772,0.004167482048589255,0.00017251459220801735,1.736790662591779e-05,0.012883265169240462,0.003676007472097562,0.016461911945785328,3.704811473872064,1.605863097435472,0.0
32,5280,5.763997789290776,0.020950370641060537,0.005637024227382664,0.018511338180799884,0.004153207570193642,0.00017133482062803296,1.7249133121724168e-05,0.012838973632697074,0.0036633696805792354,0.0164051168144162,3.7048537233113272,1.6058771128346463,0.0
32,5284,5.768364454282662,0.020879040875170552,0.0056178318405106465,0.018447936221913996,0.004138982693902251,0.00017016317544005233,1.713117774204813e-05,0.012794836803121427,0.003650776031905284,0.01634852112671226,3.7048958173392617,1.6058910700847966,0.0
32,5288,5.77273111927455,0.02080795686069128,0.005598705576891523,0.01838475456107026,0.004124807243724059,0.00016899960014882254,1.7014034799230073e-05,0.012750854127514508,0.003638226368287407,0.01629212416379291,3.704937756545977,1.6059049694355212,0.0
32,5292,5.777097784266436,0.020737117736574735,0.0055796452048468915,0.01832179241672658,0.0041106810443121205,0.00016784403869252174,1.6897698649246065e-05,0.012707025054923198,0.0036257205325210644,0.01623592520947059,3.704979541519245,1.6059188111353018,0.0
32,5296,5.781464449258324,0.02066652264486463,0.005560650493530223,0.018259049010200385,0.004096603920961059,0.00016669643538591572,1.6782163685985135e-05,0.012663349036432145,0.0036132583679831555,0.01617992355024511,3.7050211728445026,1.60593259543151,0.0
32,5300,5.78583111425021,0.020596170730685707,0.005541721212923984,0.018196523565658432,0.004082575699604771,0.00016555673495588508,1.6667424344825966e-05,0.012619825525156347,0.003600839718629904,0.01612411847528884,3.7050626511048668,1.6059463225704118,0.0
32,5304,5.7901977792420976,0.020526061142230996,0.0055228571338362155,0.018134215310104736,0.004068596206813722,0.00016442488246326548,1.6553475094768172e-05,0.012576453976232459,0.0035884644289943765,0.01606850927643702,3.705103976881143,1.605959992797173,0.0
32,5308,5.794564444233984,0.020456193030751715,0.005504058027897809,0.018072123473370925,0.00405466526979278,0.00016330082342363994,1.6440310450593057e-05,0.012533233846811787,0.0035761323441844835,0.01601309524817977,3.7051451507518327,1.6059736063558636,0.0
32,5312,5.7989311092258715,0.02038656555054481,0.0054853236675591575,0.01801024728810439,0.004040782716378558,0.000162184503693652,1.6327924961418193e-05,0.012490164596051708,0.0035638433098805324,0.015957875687648268,3.7051861732931477,1.6059871634894645,0.0
32,5316,5.803297774217758,0.020317177858942038,0.005466653826087218,0.01794858598975792,0.004026948375037091,0.00016107586952784914,1.6216313216420128e-05,0.012447245685108193,0.003551597172333093,0.01590284989460487,3.705227045079015,1.6060006644398708,0.0
32,5320,5.8076644392096455,0.02024802911629928,0.005448048277562634,0.01788713881657949,0.004013162074861539,0.00015997486753605017,1.6105469840542356e-05,0.012404476577128362,0.0035393937783608745,0.015848017171435722,3.70526776668109,1.606014109447898,0.0
32,5324,5.812031104201532,0.020179118485983707,0.0054295067968762835,0.017825905009600074,0.003999423645569459,0.00015888144471887244,1.599538949807201e-05,0.012361856737241744,0.003527232975348229,0.015793376823134288,3.7053083386687624,1.6060274987532872,0.0
32,5328,5.8163977691934186,0.020110445134363816,0.0054110291597266,0.01776488381262421,0.003985732917500686,0.00015779554844641552,1.5886066890493846e-05,0.012319385632553389,0.003515114611243189,0.015738928157297678,3.7053487616091703,1.60604083259471,0.0
32,5332,5.820764434185306,0.02004200823079883,0.005392615142616718,0.017704074472219847,0.003972089721615051,0.00015671712647247205,1.5777496757920922e-05,0.012277062732136527,0.0035030385345553726,0.015684670484111377,3.7053890360672055,1.606054111209772,0.0
32,5336,5.8251310991771925,0.019973806947625735,0.005374264522850982,0.017643476237706072,0.003958493889489634,0.00015564612689189516,1.5669673874802563e-05,0.01223488750702372,0.003491004594353456,0.01563060311634164,3.705429162605525,1.6060673348350205,0.0
32,5340,5.82949776416908,0.019905840460149763,0.0053559770785323955,0.017583088361144077,0.003944945253316732,0.00015458249816902025,1.5562593052785718e-05,0.012192859430200313,0.003479012640263308,0.015576725369323977,3.7054691417845596,1.6060805037059471,0.0
32,5344,5.8338644291609665,0.019838107946632804,0.005337752588559492,0.01752291009732609,0.003931443645901381,0.00015352618915187577,1.545624914214563e-05,0.012150977976596419,0.0034670625224657017,0.01552303656095431,3.705508974162525,1.606093618056994,0.0
32,5348,5.838231094152854,0.019770608588282328,0.005319590832623361,0.01746294070376491,0.003917988900659,0.00015247714902244525,1.535063702677848e-05,0.012109242623079355,0.0034551540916941564,0.015469536011677337,3.705548660295428,1.6061066781215578,0.0
32,5352,5.84259775914474,0.019703341569240578,0.00530149159120474,0.0174031794406836,0.0039045808516130877,0.00015143532733219445,1.5245751627778066e-05,0.012067652848446206,0.0034432871992328157,0.015416223044476323,3.7055882007370786,1.6061196841319958,0.0
32,5356,5.846964424136628,0.019636306076573573,0.0052834546455710505,0.017343625571005068,0.0038912193333928793,0.00015040067398075507,1.5141587901289792e-05,0.01202620813341626,0.0034314616969142904,0.015363096984864738,3.705627596039097,1.6061326363196295,0.0
32,5360,5.851331089128514,0.019569501300260257,0.005265479777773486,0.017284278360341743,0.00387790418123103,0.0001493731392230302,1.503814083922601e-05,0.011984907960623575,0.003419677437117534,0.01531015716087501,3.7056668467509253,1.6061455349147509,0.0
32,5364,5.855697754120402,0.019502926433182157,0.005247566770644222,0.01722513707698577,0.0038646352309614183,0.00014835267366919425,1.4935405469266015e-05,0.01194375181460986,0.0034079342727658156,0.015257402903048393,3.705705953419834,1.6061583801466253,0.0
32,5368,5.860064419112288,0.019436580671111866,0.005229715407793324,0.017166200991898067,0.003851412319016689,0.0001473392282491659,1.4833376851279354e-05,0.011902739181816587,0.003396232057324468,0.015204833544426142,3.705744916590933,1.606171172243498,0.0
32,5372,5.864431084104176,0.019370463212702645,0.005211925473605941,0.01710746937869847,0.003838235282426041,0.00014633275428366233,1.4732050084479213e-05,0.011861869550577863,0.0033845706447988514,0.015152448420538223,3.7057837368071787,1.606183911432598,0.0
32,5376,5.868797749096062,0.0193045732594778,0.005194196753239456,0.017048941513655623,0.003825103958812963,0.0001453332033776178,1.4631420296692333e-05,0.011821142411113126,0.0033729498897322723,0.015100246869394176,3.7058224146093863,1.6061965979401434,0.0
32,5380,5.87316441408795,0.019238910015820006,0.005176529032620611,0.01699061667567689,0.0038120181863929635,0.00014434052751965964,1.4531482654373757e-05,0.011780557255519835,0.0033613696472038967,0.01504822823147399,3.705860950536234,1.6062092319913452,0.0
32,5384,5.877531079079836,0.019173472688960767,0.005158922098442667,0.016932494146298317,0.003798977803971326,0.00014335467901815946,1.4432232356168777e-05,0.011740113577766232,0.0033498297728266845,0.014996391849717069,3.705899345124277,1.6062218138104132,0.0
32,5388,5.881897744071723,0.01910826048896948,0.005141375738162466,0.0168745732096743,0.0037859826509407855,0.00014237561050123304,1.4333664632912936e-05,0.01169981087368389,0.003338330122745263,0.014944737069513311,3.705937598907953,1.6062343436205593,0.0
32,5392,5.88626440906361,0.019043272628743318,0.005123889739997705,0.016816853152567965,0.0037730325672793745,0.00014140327498068928,1.4235774754070082e-05,0.011659648640960736,0.003326870553633938,0.01489326323869296,3.705975712419592,1.6062468216440036,0.0
32,5396,5.890631074055497,0.018978508323996772,0.005106463892924128,0.016759333264341217,0.0037601273935481848,0.00014043762573834329,1.4138558016286935e-05,0.011619626379133871,0.003315450922694643,0.01484196970751765,3.7060136861894244,1.606259248101978,0.0
32,5400,5.894997739047384,0.018913966793250712,0.005089097986672578,0.016702012836944457,0.0037472669708890666,0.00013947861641128156,1.4042009751977163e-05,0.011579743589582149,0.003304071087654822,0.01479085582866981,3.706051520745592,1.6062716232147312,0.0
32,5404,5.899364404039271,0.01884964725782272,0.005071791811726393,0.016644891164907347,0.0037344511410225523,0.0001385262009492294,1.3946125325029346e-05,0.011539999775519507,0.0032927309067655283,0.014739920957244138,3.706089216614154,1.6062839472015327,0.0
32,5408,5.903731069031158,0.01878554894181581,0.005054545159318381,0.016587967545328177,0.003721679746245472,0.00013758033365718347,1.3850900135099005e-05,0.011500394441987284,0.0032814302387992296,0.014689164450738094,3.706126774319098,1.6062962202806788,0.0
32,5412,5.908097734023045,0.018721671072109394,0.005037357821428381,0.01653124127786521,0.0037089526294290126,0.00013664096910304124,1.375632960830921e-05,0.011460927095847938,0.0032701689430480185,0.014638585669040768,3.7061641943823465,1.6063084426694956,0.0
32,5416,5.912464399014932,0.018658012878347566,0.005020229590780111,0.016474711664725694,0.0036962696340162517,0.0001357080622241824,1.3662409207980642e-05,0.011421597245777189,0.003258946879321368,0.014588183974425817,3.706201477323766,1.606320614584344,0.0
32,5420,5.916831064006819,0.018594573592929924,0.0050031602608387,0.016418378010657105,0.0036836306040201917,0.00013478156826352006,1.3569134428193562e-05,0.011382404402257604,0.003247763907944304,0.014537958731540152,3.7062386236611786,1.6063327362406246,0.0
32,5424,5.921197728998706,0.018531352451000793,0.004986149625807793,0.016362239622936967,0.003671035384021479,0.00013386144275528977,1.3476500792357127e-05,0.011343348077571319,0.003236619889755325,0.014487909307396345,3.7062756339103657,1.6063448078527818,0.0
32,5428,5.925564393990593,0.0184683486904393,0.004969197480626872,0.01630629581136343,0.0036584838191662875,0.00013294764155347139,1.3384503856070738e-05,0.011304427785793205,0.003225514686104456,0.014438035071360628,3.70631250858508,1.606356829634308,0.0
32,5432,5.92993105898248,0.018405561551849418,0.004952303620968585,0.01625054588824586,0.003645975755164207,0.00013204012083889438,1.3293139207839393e-05,0.011265643042784063,0.0032144481588513036,0.014388335395147176,3.7063492481970517,1.6063688017977489,0.0
32,5436,5.934297723974367,0.01834299027854934,0.004935467843235878,0.016194989168394784,0.003633511038285989,0.0001311388370908162,1.3202402466212318e-05,0.011226993366183413,0.003203420170363,0.014338809652805989,3.706385853256,1.606380724554707,0.0
32,5440,5.938664388966254,0.018280634116562156,0.004918689944559496,0.016139624969113073,0.003621089515361568,0.00013024374707981679,1.3112289279067635e-05,0.011188478275403075,0.003192430583512372,0.014289457220715649,3.7064223242696372,1.6063925981158462,0.0
32,5444,5.943031053958141,0.018218492314605195,0.004901969722795111,0.01608445261018582,0.003608711033777791,0.00012935480789622034,1.3022795326473721e-05,0.011150097291619912,0.003181479261675869,0.01424027747757234,3.7064586617436808,1.6064044226908967,0.0
32,5448,5.947397718950027,0.01815656412408033,0.0048853069765207105,0.016029471413871205,0.0035963754414763648,0.00012847197691456813,1.2933916317112505e-05,0.011111849937769199,0.0031705660687316715,0.01419126980438127,3.7064948661818597,1.6064161984886587,0.0
32,5452,5.9517643839419145,0.018094848799064454,0.004868701505034041,0.015974680704891473,0.0035840825869518375,0.00012759521181493483,1.284564799042549e-05,0.011073735738538145,0.003159690869057843,0.01414243358444982,3.7065309380859235,1.6064279257170067,0.0
32,5456,5.956131048933801,0.018033345596299006,0.004852153108349785,0.01592007981042301,0.003571832319249367,0.00012672447059713932,1.2757986118044425e-05,0.011035754220358707,0.0031488535275302795,0.014093768203375183,3.70656687795565,1.6064396045828944,0.0
32,5460,5.9604977139256885,0.017972053775180217,0.004835661587196938,0.015865668060087153,0.003559624487962661,0.00012585971150969044,1.267092649663793e-05,0.01099790491140098,0.003138053909520823,0.014045273049037969,3.706602686288854,1.6064512352923588,0.0
32,5464,5.964864378917575,0.01791097259774934,0.004819226743016183,0.015811444785940956,0.0035474589432319048,0.00012500089312084128,1.2584464955064867e-05,0.01096018734156653,0.0031272918808953596,0.013996947511590942,3.7066383635813946,1.606462818050524,0.0
32,5468,5.9692310439094625,0.01785010132868328,0.004802848377957361,0.01575740932246828,0.0035353355357417644,0.00012414797429016744,1.2498597351512999e-05,0.010922601042481968,0.0031165673080119864,0.01394879098345245,3.706673910327185,1.6064743530616057,0.0
32,5472,5.973597708901349,0.017789439235284234,0.0047865262948766935,0.015703561006570062,0.0035232541167191985,0.00012330091415435618,1.2413319572068301e-05,0.010885145547491926,0.003105880057719006,0.013900802859295106,3.7067093270181988,1.6064858405289153,0.0
32,5476,5.977964373893236,0.017728985587470526,0.004770260297334309,0.015649899177555604,0.0035112145379315104,0.0001224596721485227,1.2328627532860986e-05,0.010847820391652786,0.003095229997353139,0.013852982536040049,3.7067446141444775,1.6064972806548643,0.0
32,5480,5.982331038885123,0.017668739657766674,0.004754050189591575,0.015596423177133207,0.0034992166516842407,0.00012162420797068307,1.2244517176488804e-05,0.010810625111725904,0.0030846169947375884,0.013805329412845214,3.7067797721941425,1.6065086736409686,0.0
32,5484,5.98669770387701,0.01760870072129378,0.004737895776608509,0.01554313234940112,0.0034872603108191402,0.00012079448161728124,1.2160984475593739e-05,0.010773559246171122,0.003074040918180191,0.013757842891097511,3.7068148016533975,1.6065200196878522,0.0
32,5488,5.991064368868897,0.017548868055759916,0.004721796864041194,0.015490026040838397,0.003475345368712118,0.0001199704533760837,1.207802543214667e-05,0.010736622335140134,0.0030635016364715215,0.013710522374404822,3.7068497030065415,1.6065313189952521,0.0
32,5492,5.995431033860784,0.01748924094145073,0.00470575325823925,0.0154371036002961,0.003463471679271267,0.00011915208379065234,1.1995636073870681e-05,0.010699813920470178,0.003052999018883095,0.013663367268587051,3.706884476735973,1.6065425717620212,0.0
32,5496,5.999797698852671,0.01742981866122002,0.004689764766243298,0.015384364378988331,0.0034516390969348515,0.00011833933368166072,1.1913812456387063e-05,0.010663133545677545,0.0030425329351655146,0.013616376981666452,3.7069191233222,1.6065537781861334,0.0
32,5500,6.004164363844558,0.017370600500480067,0.004673831195782357,0.015331807730483126,0.0034398474766692663,0.00011753216415399947,1.1832550663930673e-05,0.010626580755951038,0.003032103255546604,0.0135695509238603,3.706953643243846,1.6065649384646874,0.0
32,5504,6.008531028836445,0.017311585747191764,0.0046579523552711935,0.015279433010693197,0.0034280966739669567,0.00011673053657546006,1.1751846807203904e-05,0.010590155098145291,0.003021709850729501,0.013522888507571496,3.7069880369776618,1.6065760527939106,0.0
32,5508,6.012897693828331,0.017252773691856182,0.0046421280538080445,0.015227239577867866,0.003416386544844612,0.00011593441259094561,1.1671697024807361e-05,0.010553856120774946,0.0030113525918909986,0.013476389147381114,3.7070223049985263,1.6065871213691632,0.0
32,5512,6.017264358820219,0.01719416362750476,0.004626358101171984,0.015175226792583865,0.003404716945841098,0.00011514375412247091,1.1592097483239876e-05,0.010517683374008035,0.0030010313506796528,0.013430052260036957,3.707056447779461,1.6065981443849422,0.0
32,5516,6.021631023812105,0.01713575484968982,0.004610642307820371,0.0151233940177364,0.003393087734015455,0.000114358523312319,1.151304437117578e-05,0.010481636409659536,0.002990745999213948,0.01338387726444978,3.707090465791636,1.6066091220348857,0.0
32,5520,6.025997688803993,0.017077546656475137,0.004594980484886305,0.015071740618530225,0.0033814987669448936,0.00011357868265093884,1.1434533912341013e-05,0.010445714781184957,0.002980496410080462,0.013337863581680444,3.707124359504374,1.6066200545117766,0.0
32,5524,6.030364353795879,0.01701953834842729,0.0045793724441763085,0.015020265962471507,0.003369949902722969,0.0001128041947993097,1.1356562347629643e-05,0.010409918043674438,0.002970282456332187,0.013292010634934296,3.7071581293851623,1.6066309420075462,0.0
32,5528,6.034731018787767,0.016961729228605952,0.004563817998167708,0.014968969419358644,0.0033584409999575233,0.00011203502274526045,1.1279125950841338e-05,0.010374245753846191,0.002960104011486656,0.013246317849551562,3.7071917758996578,1.606641784713279,0.0
32,5532,6.039097683779653,0.016904118602554932,0.004548316960006225,0.014917850361273832,0.0033469719177687913,0.00011127112971109909,1.1202221019381942e-05,0.010338697470040374,0.0029499609495241942,0.013200784652999077,3.707225299511696,1.606652582819216,0.0
32,5536,6.043464348771541,0.016846705778292725,0.004532869143503436,0.014866908162574183,0.003335542515787408,0.00011051247916782359,1.1125843875694159e-05,0.010303272752212732,0.0029398531448861067,0.01315541047486261,3.7072587006832993,1.606663336514758,0.0
32,5540,6.047831013763427,0.016789490066304067,0.004517474363134496,0.014816142199883676,0.003324152654152604,0.00010975903484933269,1.104999086868824e-05,0.010267971161928766,0.002929780472473013,0.013110194746837714,3.7072919798746806,1.6066740459884714,0.0
32,5544,6.052197678755315,0.016732470779530124,0.004502132434035502,0.014765551852084021,0.0033128021935101538,0.000109010760752426,1.0974658373741968e-05,0.010232792262357184,0.002919742807642977,0.013065136902722518,3.7073251375442546,1.60668471142809,0.0
32,5548,6.056564343747201,0.016675647233359656,0.004486843172001114,0.014715136500306269,0.003301490995010495,0.00010826762112259303,1.0899842791269994e-05,0.010197735618263846,0.002909740026209785,0.013020236378408715,3.707358174148645,1.60669533302052,0.0
32,5552,6.060931008739089,0.01661901874562039,0.004471606393482234,0.014664895527922666,0.003290218920306901,0.00010752958043980243,1.0825540545293146e-05,0.010162800796005898,0.002899772004441264,0.012975492611874072,3.7073910901426887,1.6067059109518433,0.0
32,5556,6.065297673730975,0.016562584636569542,0.004456421915583456,0.01461482832053778,0.0032789858315534883,0.0001067966034327128,1.0751748084869119e-05,0.010127987363525387,0.002889838619057466,0.01293090504317326,3.707423885979448,1.606716445407322,0.0
32,5560,6.069664338722862,0.01650634422888531,0.0044412895560607775,0.014564934265980468,0.0032677915914034157,0.00010606865509998897,1.0678461886238482e-05,0.010093294890343482,0.0028799397472290176,0.012886473114430993,3.707456562110212,1.6067269365714008,0.0
32,5564,6.074031003714749,0.016450296847657725,0.004426209133319137,0.014515212754295214,0.00325663606300694,0.00010534570066056403,1.0605678447817314e-05,0.010058722947554227,0.0028700752665753353,0.012842196269833248,3.707489118984509,1.6067373846277124,0.0
32,5568,6.078397668706636,0.016394441820379614,0.0044111804664099825,0.014465663177733687,0.0032455191100095246,0.00010462770559627188,1.0533394294489232e-05,0.010024271107818476,0.0028602450551628977,0.012798073955619403,3.707521557050114,1.6067477897590805,0.0
32,5572,6.082764333698523,0.016338778476938036,0.0043962033750289675,0.014416284930746655,0.0032344405965500198,0.00010391463561632008,1.0461605974028696e-05,0.009989938945358073,0.0028504489915035834,0.012754105620074565,3.7075538767530496,1.6067581521475234,0.0
32,5576,6.08713099869041,0.016283306149605905,0.004381277679513697,0.014367077409976031,0.003223400387258884,0.00010320645666439532,1.039031005781635e-05,0.009955726035950109,0.002840686954553032,0.012710290713520636,3.7075860785376,1.6067684719742579,0.0
32,5580,6.091497663682297,0.016228024173031756,0.004366403200840975,0.014318040014245395,0.003212398347256055,0.00010250313492576879,1.0319503141554366e-05,0.00992163195692015,0.002830958823708714,0.012666628688310245,3.7076181628463156,1.6067787494197026,0.0
32,5584,6.095864328674184,0.016172931884233008,0.00435157976062499,0.014269172144553477,0.0032014343421494867,0.00010180463684861252,1.0249181847412445e-05,0.009887656287137475,0.00282126447880857,0.01262311899881625,3.7076501301200198,1.606788984663482,0.0
32,5588,6.100230993666071,0.016118028622585982,0.0043368071811146275,0.014220473204064873,0.0031905082380330667,0.00010111092908715591,1.0179342818305128e-05,0.009853798607008456,0.0028116038001291216,0.012579761101426211,3.707681980797816,1.6067991778844306,0.0
32,5592,6.104597658657958,0.016063313729816824,0.004322085285191035,0.01417194259810151,0.0031796199014847027,0.00010042197851589663,1.0109982719322451e-05,0.009820058498470409,0.002801976668383718,0.012536554454533621,3.707713715317095,1.6068093292605956,0.0
32,5596,6.108964323649845,0.016008786549994658,0.00430741389636577,0.014123579734136095,0.003168769199564852,9.973775226512771e-05,1.0041098241306662e-05,0.00978643554498684,0.0027923829647211805,0.012493498518529812,3.7077453341135436,1.6068194389692414,0.0
32,5600,6.1133309886417315,0.015954446429521166,0.0042927928387780055,0.014075384021782482,0.0031579559998143603,9.905821768541045e-05,9.972686097275502e-06,0.009752929331540575,0.0027828225707238387,0.012450592755797348,3.7077768376211484,1.6068295071868517,0.0
32,5604,6.117697653633619,0.015900292717123152,0.004278221937192521,0.014027354872788514,0.0031471801702528538,9.838334236889068e-05,9.904743024568244e-06,0.009719539444628559,0.0027732953684060507,0.012407836630700837,3.7078082262722063,1.6068395340891353,0.0
32,5608,6.1220643186255055,0.01584632476384319,0.004263701016997192,0.013979491701027363,0.0031364415793767994,9.771309412087703e-05,9.837265781984326e-06,0.009686265472255673,0.0027638012402124365,0.012365229609580388,3.707839500497328,1.6068495198510278,0.0
32,5612,6.126430983617393,0.015792541923031873,0.004249229904200903,0.013931793922490155,0.0031257400961578487,9.704744095984097e-05,9.770251149783353e-06,0.009653107003929398,0.002754340069016355,0.012322771160742669,3.7078706607254475,1.606859464646696,0.0
32,5616,6.1307976486092794,0.015738943550338926,0.0042348084254311535,0.013884260955277644,0.0031150755900409693,9.638635114583849e-05,9.703695932546449e-06,0.009620063630653833,0.002744911738118199,0.012280460754455253,3.7079017073838285,1.6068693686495417,0.0
32,5620,6.135164313601166,0.015685529003705085,0.0042204364079318785,0.013836892219592582,0.0031044479309427333,9.57297931520884e-05,9.63759695631491e-06,0.009587134944924225,0.0027355161312438334,0.012238297862937371,3.7079326408980697,1.6068792320322038,0.0
32,5624,6.139530978593053,0.01563229764335304,0.0042061136795610065,0.013789687137731226,0.0030938569892494123,9.50777356791832e-05,9.571951070020875e-06,0.009554320540720848,0.0027261531325428485,0.012196281960352408,3.7079634616921138,1.6068890549665638,0.0
32,5628,6.14389764358494,0.01557924883177969,0.004191840068788376,0.013742645134076017,0.0030833026358153353,9.443014764798363e-05,9.506755144771987e-06,0.009521620013503746,0.0027168226265870603,0.012154412522801564,3.707994170188253,1.606898837623748,0.0
32,5632,6.148264308576827,0.015526381933747897,0.004177615404693522,0.013695765635087882,0.0030727847419611595,9.378699817830238e-05,9.442006071705383e-06,0.009489032960207196,0.002707524498368931,0.012112689028315462,3.708024766807136,1.6069085801741307,0.0
32,5636,6.152630973568714,0.015473696316277513,0.004163439516963254,0.013649048069297749,0.0030623031794719683,9.314825660311499e-05,9.377700763418361e-06,0.009456558979233608,0.0026982586332998273,0.01207111095684622,3.708055251967774,1.6069182827873392,0.0
32,5640,6.156997638560601,0.015421191348637689,0.004149312235889593,0.013602491867299392,0.0030518578205956663,9.251389251119235e-05,9.313836158260424e-06,0.009424197670448392,0.0026890249172085573,0.012029677790261177,3.7080856260875508,1.6069279456322554,0.0
32,5644,6.161364303552488,0.01536886640233864,0.004135233392367553,0.01355609646174162,0.0030414485380412266,9.188387564051936e-05,9.250409209603192e-06,0.009391948635174322,0.002679823236339762,0.01198838901233596,3.708115889582224,1.6069375688770204,0.0
32,5648,6.165730968544375,0.015316720851122912,0.00412120281789279,0.01350986128732015,0.0030310752049768647,9.125817600619257e-05,9.187416898716497e-06,0.009359811476185722,0.0026706534773522548,0.01194724410874359,3.708146042865935,1.6069471526890378,0.0
32,5652,6.170097633536262,0.015264754070957738,0.004107220344559548,0.013463785780770376,0.003020737695028421,9.063676378673335e-05,9.124856223322973e-06,0.009327785797703256,0.002661515527317537,0.011906242567052023,3.7081760863512163,1.606956697234976,0.0
32,5656,6.174464298528149,0.015212965440026427,0.004093285805058342,0.013417869380859348,0.0030104358822775567,9.001960936672049e-05,9.062724201890077e-06,0.009295871205388176,0.0026524092737181554,0.011865383876712978,3.708206020448997,1.6069662026807734,0.0
32,5660,6.178830963520036,0.015161354338720906,0.004079399032673947,0.013372111528378689,0.0030001696412601682,8.940668336521185e-05,9.001017876491451e-06,0.009264067306337208,0.002643334604446244,0.011824667529057073,3.7082358455686077,1.6069756691916404,0.0
32,5664,6.183197628511923,0.015109920149632606,0.004065559861282951,0.013326511666136126,0.002989938846964485,8.87979566073227e-05,8.939734309945566e-06,0.009232373709076503,0.0026342914078017966,0.01178409301728446,3.7082655621177905,1.6069850969320627,0.0
32,5668,6.18756429350381,0.015058662257545959,0.004051768125352003,0.013281069238949313,0.0029797433748296825,8.819340007448773e-05,8.878870580808346e-06,0.009200790023557162,0.002625279572491391,0.0117436598364603,3.7082951705027027,1.6069944860658052,0.0
32,5672,6.191930958495697,0.015007580049428626,0.004038023659935183,0.013235783693636729,0.002969583100743844,8.759298499683155e-05,8.818423792672583e-06,0.00916931586114873,0.002616298987626333,0.011703367483505428,3.7083246711279236,1.6070038367559154,0.0
32,5676,6.196297623487584,0.014956672914424752,0.004024326300672189,0.013190654479011308,0.0029594579010425283,8.699668280343076e-05,8.758391069160551e-06,0.009137950834634598,0.0026073495427213437,0.011663215457188906,3.7083540643964623,1.6070131491647264,0.0
32,5680,6.20066428847947,0.014905940243846345,0.0040106758837860175,0.013145681045872366,0.0029493676525069587,8.640446508678679e-05,8.698769550347322e-06,0.009106694558206228,0.0025984311276929114,0.011623203258122486,3.708383350709764,1.6070224234538597,0.0
32,5684,6.205030953471358,0.014855381431166067,0.003997072246081018,0.013100862846998844,0.0029393122323625076,8.581630368098558e-05,8.639556400629492e-06,0.00907554664745827,0.0025895436328578986,0.011583330388753964,3.708412530467715,1.6070316597842293,0.0
32,5688,6.209397618463244,0.014804995872008496,0.003983515224940553,0.013056199337141106,0.0029292915182768577,8.523217057643251e-05,8.580748800141109e-06,0.009044506719382697,0.00258068694893187,0.01154359635335705,3.708441604068649,1.6070408583160445,0.0
32,5692,6.213764283455132,0.01475478296414237,0.003970004658324899,0.013011689973013687,0.002919305388358371,8.465203799090659e-05,8.52234395190707e-06,0.009013574392363595,0.0025718609670276034,0.01150400065802678,3.708470571909356,1.6070500192088133,0.0
32,5696,6.218130948447018,0.01470474210747354,0.003956540384769359,0.012967334213288672,0.0029093537211546086,8.40758783056117e-05,8.464339075405065e-06,0.008982749286172395,0.002563065578653731,0.011464542810672263,3.7084994343850863,1.6070591426213452,0.0
32,5700,6.222497613438906,0.014654872704036169,0.003943122243381893,0.012923131518587452,0.0028994363956504764,8.350366412912535e-05,8.406731413003626e-06,0.008952031021961975,0.002554300675713056,0.011425222321010415,3.7085281918895565,1.6070682287117553,0.0
32,5704,6.226864278430792,0.01460517415798567,0.003929750073841213,0.012879081351474097,0.0028895532912667408,8.293536824055536e-05,8.349518224239424e-06,0.008921419222261882,0.0025455661505011896,0.011386038700555363,3.708556844814958,1.6070772776374658,0.0
32,5708,6.23123094342268,0.01455564587559049,0.003916423716394577,0.012835183176447672,0.0028797042878583035,8.23709635966452e-05,8.2926967865326e-06,0.00889091351097283,0.0025368618957049794,0.011346991462616755,3.70858539355196,1.6070862895552112,0.0
32,5712,6.235597608414566,0.014506287265224682,0.0039031430118557898,0.012791436459935282,0.002869889265712642,8.181042336019573e-05,8.236264398048122e-06,0.008860513513361704,0.0025281878044010873,0.011308080122287952,3.7086138384897196,1.60709526462104,0.0
32,5716,6.2399642734064535,0.014457097737360428,0.0038899078016031907,0.01274784067028502,0.0028601081055482282,8.125372088585436e-05,8.180218376265108e-06,0.00883021885605649,0.002519543770054539,0.01126930419644342,3.7086421800158846,1.6071042029903184,0.0
32,5720,6.24433093839834,0.01440807670455939,0.0038767179275773257,0.01270439527775794,0.002850360688512724,8.070082969169334e-05,8.124556055115473e-06,0.008800029167040535,0.0025109296865170896,0.011230663203728855,3.7086704185166015,1.6071131048177338,0.0
32,5724,6.2486976033902275,0.014359223581466156,0.003863573232279184,0.012661099754521881,0.0028406468961816003,8.015172350894773e-05,8.0692747899913e-06,0.0087699440756481,0.002502345448025952,0.011192156664555829,3.7086985543765203,1.6071219702572968,0.0
32,5728,6.253064268382114,0.014310537784800171,0.003850473558768029,0.012617953574643891,0.002830966610556433,7.960637621806654e-05,8.014371951306785e-06,0.008739963212558918,0.002493790949202245,0.011153784101093836,3.7087265879788025,1.607130799462345,0.0
32,5732,6.2574309333740015,0.014262018733348205,0.0038374187506593684,0.012574956214083218,0.0028213197140633337,7.90647618984508e-05,7.959844929505618e-06,0.008710086209793182,0.0024852660850495653,0.011115545037264812,3.708754519705125,1.607139592585546,0.0
32,5736,6.261797598365888,0.014213665847957057,0.0038244086521229946,0.012532107150684441,0.002811706089551407,7.852685482845345e-05,7.90569113506097e-06,0.008680312700706598,0.002476770750952573,0.011077438998736215,3.708782349935688,1.607148349778901,0.0
32,5740,6.2661642633577745,0.014165478551525399,0.003811443107880786,0.01248940586416987,0.0028021256202910446,7.799262942853602e-05,7.851907992752802e-06,0.008650642319984957,0.0024683048426754426,0.011039465512913732,3.7088100790492198,1.6071570711937466,0.0
32,5744,6.270530928349662,0.01411745626899666,0.0037985219632047985,0.01244685183613289,0.0027925781899724345,7.746206032521741e-05,7.798492948105892e-06,0.008621074703639346,0.002459868256360501,0.011001624108934027,3.7088377074229824,1.6071657569807587,0.0
32,5748,6.2748975933415485,0.014069598427352116,0.0037856450639153984,0.012404444550031436,0.002783063682704094,7.693512230844135e-05,7.745443463097822e-06,0.008591609489001456,0.002451460888526883,0.010963914317660058,3.70886523543278,1.6071744072899554,0.0
32,5752,6.279264258333436,0.01402190445560255,0.0037728122563790256,0.012362183491180255,0.0027735819830111363,7.641179034578727e-05,7.692757017589636e-06,0.00856224631471805,0.0024430826360689567,0.010926335671672949,3.708892663452961,1.6071830222707,0.0
32,5756,6.2836309233253225,0.013974373784781259,0.0037600233875063073,0.012320068146744332,0.002764132975833794,7.589203957536483e-05,7.640431108610522e-06,0.008532984820746239,0.0024347333962549747,0.010888887705265535,3.708919991856428,1.607191602071704,0.0
32,5760,6.28799758831721,0.013927005847936767,0.0037472783047501,0.012278098005732084,0.0027547165465258926,7.537584532713026e-05,7.588463252503813e-06,0.008503824648348614,0.0024264130667256832,0.010851569954436124,3.708947221014641,1.60720014684103,0.0
32,5764,6.292364253309096,0.013879800080125243,0.0037345768561034475,0.01223627255898827,0.002745332580853259,7.486318308025375e-05,7.53685098063496e-06,0.008474765440088145,0.0024181215454928697,0.010814381956882078,3.7089743512976234,1.607208656726094,0.0
32,5768,6.296730918300984,0.013832755918403257,0.003721918890097634,0.012194591299187232,0.0027359809649922058,7.435402849154116e-05,7.485591842252886e-06,0.00844580683982335,0.0024098587309379824,0.010777323251992361,3.7090013830739696,1.6072171318736694,0.0
32,5772,6.30109758329287,0.01378587280182102,0.0037093042558003623,0.012153053720826507,0.0027266615855280995,7.38483573812232e-05,7.4346834030593094e-06,0.008416948492703689,0.0024016245218108166,0.010740393380843254,3.7090283167108486,1.6072255724298898,0.0
32,5776,6.305464248284758,0.013739150171414064,0.003696732802813518,0.01211165932021915,0.0027173743294536348,7.334614575427167e-05,7.384123247354759e-06,0.008388190045164095,0.0023934188172279537,0.010703591886188786,3.7090551525740105,1.6072339785402514,0.0
32,5780,6.309830913276644,0.013692587470196903,0.003684204381271462,0.012070407595487713,0.0027081190841674865,7.284736976487238e-05,7.333908974461883e-06,0.00835953114492063,0.0023852415166715226,0.010666918312456674,3.7090818910277954,1.6072423503496163,0.0
32,5784,6.314197578268532,0.013646184143155262,0.003671718841838941,0.01202929804655707,0.002698895737472698,7.235200575905765e-05,7.284038203017477e-06,0.008330971440965363,0.0023770925199877386,0.010630372205741442,3.709108532435132,1.6072506880022146,0.0
32,5788,6.318564243260418,0.013599939637239454,0.0036592760357093044,0.011988330175148155,0.0026897041775752776,7.186003020365206e-05,7.234508563819099e-06,0.008302510583561868,0.002368971727385616,0.010593953113797409,3.7091350771575504,1.6072589916416484,0.0
32,5792,6.322930908252306,0.013553853401356758,0.003646875814602453,0.011947503484770873,0.0026805442930826076,7.13714197715376e-05,7.185317708409137e-06,0.008274148224240132,0.002360879039435519,0.010557660586032478,3.7091615255551855,1.6072672614108943,0.0
32,5796,6.327297573244192,0.01350792488636429,0.0036345180307629237,0.011906817480717428,0.0026714159730019467,7.088615126349396e-05,7.136463301206076e-06,0.008245884015791802,0.002352814357067803,0.010521494173502493,3.70918787798678,1.607275497452306,0.0
32,5800,6.331664238236079,0.013462153545062236,0.003622202536958065,0.01186627167005603,0.0026623191067390193,7.040420168635819e-05,7.087943027373231e-06,0.008217717612265658,0.0023447775815715233,0.010485453428904086,3.709214134809694,1.6072836999076168,0.0
32,5804,6.336030903227966,0.013416538832186757,0.00360992918647613,0.011825865561624233,0.0026532535840965202,6.992554814644336e-05,7.039754582088663e-06,0.008189648668962844,0.0023367686145930764,0.010449537906568844,3.7092402963799067,1.6072918689179427,0.0
32,5808,6.340397568219853,0.013371080204402351,0.003597697833124221,0.011785598666021824,0.0026442192952725184,6.945016796322534e-05,6.9918956819905955e-06,0.008161676842431763,0.002328787358134739,0.010413747162457899,3.7092663630520275,1.6073000046237864,0.0
32,5812,6.34476423321174,0.013325777120295567,0.003585508331226599,0.011745470495604935,0.002635216130859137,6.89780385840777e-05,6.944364056593357e-06,0.00813380179046387,0.0023208337145534724,0.010378080754153089,3.7092923351792946,1.6073081071650381,0.0
32,5816,6.349130898203627,0.0132806290403677,0.0035733605356227157,0.01170548056447924,0.002626243981841027,6.850913763400968e-05,6.897157453294746e-06,0.008106023172088793,0.002312907586559528,0.010342538240853584,3.709318213113586,1.6073161766809796,0.0
32,5820,6.353497563195514,0.013235635427027916,0.003561254301665367,0.01166562838849352,0.002617302739593924,6.80434428588228e-05,6.850273631653323e-06,0.008078340647569729,0.0023050088772151324,0.01030711918336892,3.7093439972054227,1.6073242133102865,0.0
32,5824,6.357864228187401,0.013190795744586188,0.003549189485218789,0.01162591348523307,0.002608392295883167,6.75809321890597e-05,6.8037103698264615e-06,0.008050753878398702,0.0022971374899331378,0.010271823144111708,3.7093696878039744,1.6073322171910314,0.0
32,5828,6.362230893179288,0.0131461094592463,0.003537165942656779,0.011586335374013225,0.002599512542862247,6.712158370447696e-05,6.757465460993647e-06,0.008023262527291958,0.0022892933284757045,0.010236649687092723,3.709395285257065,1.6073401884606857,0.0
32,5832,6.366597558171175,0.013101576039099354,0.0035251835308609445,0.011546893575873194,0.002590663373071425,6.666537562693975e-05,6.71153671264115e-06,0.007995866258185524,0.002281476296953036,0.010201598377914648,3.7094207899111784,1.6073481272561236,0.0
32,5836,6.370964223163062,0.013057194954116193,0.0035132421072186686,0.011507587613569095,0.002581844679436167,6.621228635594889e-05,6.665921950138708e-06,0.007968564736230224,0.0022736862998219568,0.010166668783765096,3.7094462021114647,1.6073560337136241,0.0
32,5840,6.375330888154949,0.01301296567614156,0.0035013415296215353,0.011468417011568427,0.002573056355265905,6.57622943904812e-05,6.620619008870805e-06,0.007941357627787724,0.002265923241884782,0.010131860473411894,3.709471522201743,1.6073639079688737,0.0
32,5844,6.379697553146836,0.012968887678886543,0.0034894816564632974,0.011429381296043066,0.0025642982942524657,6.531537841425461e-05,6.575625742820737e-06,0.007914244600425516,0.0022581870282878886,0.010097173017195968,3.7094967505245084,1.6073717501569693,0.0
32,5848,6.384064218138723,0.012924960437921861,0.0034776623466380727,0.011390479994863003,0.002555570390468665,6.487151726730644e-05,6.530940021709254e-06,0.007887225322912432,0.0022504775645204337,0.010062605987026317,3.7095218874209386,1.6073795604124206,0.0
32,5852,6.388430883130609,0.012881183430671407,0.0034658834595386024,0.011351712637590312,0.0025468725383669543,6.44306899104663e-05,6.486559727417871e-06,0.007860299465214339,0.0022427947564131264,0.010028158956372475,3.7095469332308975,1.607387338869153,0.0
32,5856,6.392797548122497,0.012837556136405439,0.0034541448550544206,0.01131307875547277,0.002538204632777991,6.39928754679886e-05,6.442482758280894e-06,0.007833466698489534,0.002235138510136916,0.009993831500260841,3.70957188829294,1.6073950856605106,0.0
32,5860,6.397164213114383,0.012794078036233574,0.003442446393569972,0.011274577881437396,0.0025295665689091867,6.355805321334174e-05,6.398707027654748e-06,0.007806726695084173,0.0022275087322016834,0.009959623195266457,3.7095967529443192,1.6074028009192571,0.0
32,5864,6.4015308781062705,0.012750748613098339,0.003430787935962872,0.011236209550084373,0.0025209582423433444,6.312620254078638e-05,6.3552304610566165e-06,0.007780079128527874,0.0022199053294549905,0.009925533619508913,3.7096215275209907,1.6074104847775812,0.0
32,5868,6.405897543098157,0.012707567351769025,0.003419169343602257,0.011197973297681322,0.0025123795490373736,6.269730299379717e-05,6.312050999025805e-06,0.0077535236735296305,0.002212328209080913,0.009891562352645569,3.7096462123576157,1.6074181373670968,0.0
32,5872,6.4102642080900445,0.01266453373883371,0.0034075904783466347,0.011159868662155922,0.0025038303853206355,6.227133428637899e-05,6.2691665992697475e-06,0.007727060005972547,0.0022047772785985377,0.00985770897586515,3.709670807787573,1.6074257588188476,0.0
32,5876,6.414630873081931,0.012621647262694284,0.0033960512025425493,0.01112189518309122,0.00249531064789389,6.184827624622358e-05,6.2265752309413034e-06,0.007700687802910461,0.002197252445860998,0.009823973071883228,3.7096953141429543,1.607433349263307,0.0
32,5880,6.4189975380738185,0.012578907413558302,0.003384551379022386,0.01108405240171808,0.0024868202338276,6.142810882892036e-05,6.184274876069432e-06,0.007674406742562555,0.002189753619053939,0.00979035422493547,3.709719731754577,1.6074409088303836,0.0
32,5884,6.423364203065705,0.012536313683433685,0.0033730908711029463,0.011046339860910212,0.00247835904056082,6.101081216769444e-05,6.142263534566564e-06,0.007648216504309794,0.002182280706694499,0.009756852020772153,3.709744060951988,1.6074484376494218,0.0
32,5888,6.427730868057592,0.012493865566121577,0.003361669542583528,0.01100875710517752,0.0024699269658996995,6.0596366509457766e-05,6.100539217790553e-06,0.007622116768690155,0.0021748336176299478,0.009723466046653554,3.7097683020634658,1.6074559358492053,0.0
32,5892,6.432097533049479,0.012451562557210074,0.0033502872577442343,0.010971303680660273,0.002461523908016178,6.0184752236125405e-05,6.059099950690694e-06,0.007596107217394462,0.0021674122610365006,0.009690195891341376,3.709792455416028,1.6074634035579596,0.0
32,5896,6.436464198041366,0.012409404154067268,0.0033389438813441054,0.010933979135122639,0.0024531497654465325,5.977594987172097e-05,6.017943772523055e-06,0.007570187533261777,0.0021600165464180005,0.009657041145095321,3.709816521335437,1.6074708409033536,0.0
32,5900,6.440830863033253,0.01236738985583549,0.0033276392786195674,0.0108967830179473,0.002444804437090171,5.936994007527119e-05,5.977068736135148e-06,0.007544357400275524,0.0021526463836048157,0.009624001399666715,3.7098405001462025,1.6074782480125032,0.0
32,5904,6.44519752802514,0.012325519163424569,0.0033163733152826195,0.010859714880129163,0.00243648782220822,5.8966703647911345e-05,5.93647290868126e-06,0.007518616503559,0.0021453016827525538,0.009591076248294002,3.7098643921715886,1.6074856250119733,0.0
32,5908,6.449564193017027,0.012283791579505134,0.0033051458575190326,0.010822774274269194,0.002428199820422142,5.856622149735813e-05,5.896154368045764e-06,0.007492964529370968,0.0021379823543408094,0.009558265285694596,3.709888197733618,1.6074929720277802,0.0
32,5912,6.453930858008913,0.012242206608502634,0.0032939567719867382,0.010785960754568759,0.0024199403317124654,5.816847471606934e-05,5.856111210711843e-06,0.007467401165101602,0.002130688309172004,0.009525568108061285,3.7099119171530788,1.6075002891853944,0.0
32,5916,6.458297523000801,0.012200763756590882,0.0032828059258140927,0.010749273876823659,0.002411709256417447,5.7773444439135346e-05,5.816341537454711e-06,0.007441926099268222,0.002123419458370169,0.009492984313056273,3.709935550749525,1.6075075766097433,0.0
32,5920,6.462664187992687,0.01215946253168555,0.0032716931865981267,0.0107127131984181,0.002403506495231717,5.738111204323104e-05,5.7768434733711105e-06,0.007416539021510993,0.0021161757133797213,0.009460513499805312,3.7099590988412863,1.6075148344252124,0.0
32,5924,6.467030852984575,0.012118302443437815,0.0032606184224028356,0.010676278278318732,0.002395331949204945,5.699145894055846e-05,5.737615147134473e-06,0.0073912396225886395,0.0021089569859642373,0.009428155268891568,3.7099825617454716,1.6075220627556492,0.0
32,5928,6.471397517976461,0.01207728300322871,0.0032495815017576602,0.010639968677069416,0.002387185519740662,5.660446673516617e-05,5.698654706732383e-06,0.007366027594374727,0.002101763188205393,0.009395909222351033,3.7100059397779717,1.6075292617243653,0.0
32,5932,6.475764182968349,0.012036403724162094,0.0032385822936555936,0.010603783956784681,0.002379067108594796,5.6220117109262446e-05,5.6599603080211526e-06,0.0073409026298529665,0.0020945942325016256,0.009363774963667313,3.710029233253467,1.6075364314541378,0.0
32,5936,6.480130847960235,0.0119956641210586,0.0032276206675515545,0.01056772368114412,0.002370976617874412,5.5838391915585817e-05,5.621530124025228e-06,0.007315864423113225,0.0020874500315669923,0.00933175209776553,3.7100524424854298,1.6075435720672124,0.0
32,5940,6.484497512952123,0.011955063710449774,0.003216696493360808,0.010531787415386882,0.002362913950036478,5.5459273099245365e-05,5.583362337068459e-06,0.007290912669347559,0.002080330498430042,0.009299840231005775,3.710075567786132,1.6075506836853068,0.0
32,5944,6.488864177944009,0.011914602010571167,0.003205809641457111,0.010495974726305294,0.0023548790078864335,5.5082742740353297e-05,5.545455143066137e-06,0.007266047064845697,0.002073235546432523,0.009268038971180042,3.7100986094666495,1.6075577664296117,0.0
32,5948,6.493230842935897,0.011874278541357247,0.003194959982671338,0.010460285182240105,0.002346871694577121,5.470878306113036e-05,5.50780675224033e-06,0.007241267306991589,0.002066165089228401,0.009236347927504763,3.710121567836863,1.6075648204207933,0.0
32,5952,6.497597507927783,0.01183409282443417,0.003184147388289539,0.010424718353073771,0.002338891913607282,5.4337376383273295e-05,5.470415384827852e-06,0.007216573094258659,0.002059119040782503,0.009204766710615798,3.7101444432054675,1.607571845778996,0.0
32,5956,6.501964172919671,0.011794044383114209,0.003173371730051442,0.010389273810225284,0.0023309395688203946,5.396850516348195e-05,5.433279274656954e-06,0.007191964126206057,0.002052097315369449,0.009173294932564082,3.7101672358799758,1.6075788426238455,0.0
32,5960,6.506330837911557,0.011754132742389688,0.003162632880148817,0.010353951126644525,0.0023230145644034085,5.360215197924845e-05,5.39639666771665e-06,0.007167440103474673,0.002045099827572512,0.009141932206810586,3.710189946166721,1.6075858110744492,0.0
32,5964,6.510697502903445,0.011714357428926507,0.0031519307112237356,0.01031874987680625,0.002315116804885394,5.323829952175174e-05,5.359765821441376e-06,0.0071430007277828046,0.0020381264922823866,0.009110678148217666,3.7102125743708663,1.6075927512494006,0.0
32,5968,6.515064167895331,0.011674717971058636,0.0031412650963670912,0.010283669636704951,0.0023072461951363895,5.287693060296306e-05,5.323385005426329e-06,0.007118645701922494,0.0020311772246961396,0.00907953237304771,3.710235120796402,1.6075996632667802,0.0
32,5972,6.519430832887218,0.011635213898781438,0.0031306359091167997,0.0102487099838487,0.0022994026403660205,5.2518028169856734e-05,5.287252502858145e-06,0.007094374729755135,0.002024251940315958,0.009048494498956524,3.7102575857461586,1.6076065472441587,0.0
32,5976,6.523797497879105,0.011595844743746392,0.0031200430234563812,0.010213870497254189,0.0022915860461223876,5.2161575275988525e-05,5.251366607653545e-06,0.007070187516207926,0.002017350554948136,0.009017564144986744,3.7102799695218045,1.607613403298599,0.0
32,5980,6.528164162870992,0.01155661003925461,0.003109486313813216,0.01017915075744074,0.002283796318290721,5.1807555074390166e-05,5.215725623743993e-06,0.0070460837672695785,0.002010472984701854,0.008986740931564026,3.7103022724238555,1.6076202315466577,0.0
32,5984,6.532530827862879,0.01151750932025109,0.003098965655056996,0.010144550346424934,0.0022760333630921763,5.145595088151822e-05,5.180327871513748e-06,0.007022063189986495,0.0020036191459880835,0.008956024480491825,3.7103244947516756,1.6076270321043888,0.0
32,5988,6.536897492854766,0.011478542123318333,0.0030884809224980105,0.010110068847714768,0.002268297087082524,5.110674606356724e-05,5.145171676354441e-06,0.006998125492458599,0.0019967889555184,0.008925414414944847,3.7103466368034863,1.6076338050873449,0.0
32,5992,6.541264157846653,0.011439707986670782,0.003078031991885647,0.010075705846304376,0.002260587397150964,5.075992415726205e-05,5.11025538082584e-06,0.006974270383835545,0.0019899823303038996,0.008894910359465649,3.7103686988763664,1.6076405506105798,0.0
32,5996,6.54563082283854,0.011401006450149503,0.0030676187394069626,0.010041460928669147,0.002252904200519031,5.041546879880343e-05,5.075577337502451e-06,0.006950497574313241,0.001983199187654209,0.00886451193995834,3.710390681266258,1.6076472687886507,0.0
32,6000,6.549997487830427,0.011362437055214954,0.003057241041684736,0.010007333682759023,0.0022452474047390913,5.007336372386817e-05,5.041135908973531e-06,0.006926806775129068,0.0019764394451761216,0.008834218783683718,3.7104125842679743,1.607653959735621,0.0
32,6004,6.5543641528223135,0.011323999344942399,0.0030468987757762346,0.009973323697994202,0.0022376169176933774,4.973359280313616e-05,5.006929471419773e-06,0.0069031976985587966,0.001969703020772714,0.008804030519253903,3.710434408175198,1.6076606235650612,0.0
32,6008,6.558730817814201,0.011285692864015328,0.0030365918191714446,0.009939430565259083,0.0022300126475926305,4.9396139992552435e-05,4.972956409605936e-06,0.006879670057912281,0.001962989832642122,0.008773946776627831,3.7104561532804916,1.6076672603900521,0.0
32,6012,6.5630974828060875,0.01124751715872015,0.0030263200497916433,0.009905653876897253,0.002222434502974975,4.906098936885428e-05,4.939215120457544e-06,0.006856223567529853,0.001956299799276508,0.008743967187105978,3.7104778198752992,1.6076738703231874,0.0
32,6016,6.567464147797975,0.011209471776939645,0.003016083345987635,0.009871993226705518,0.002214882392704581,4.872812514378211e-05,4.905704014491558e-06,0.006832857942778094,0.0019496328394608576,0.008714091383324263,3.7104994082499507,1.6076804534765747,0.0
32,6020,6.5718308127898615,0.011171556268148182,0.0030058815865384664,0.00983844820992937,0.0022073562259706456,4.839753160723603e-05,4.872421510093664e-06,0.006809572900046562,0.0019429888722720438,0.008684318999251393,3.7105209186936676,1.6076870099618383,0.0
32,6024,6.576197477781749,0.011133770183405096,0.0029957146506496453,0.00980501842325693,0.0021998559122860333,4.8069193155697576e-05,4.839366036379636e-06,0.006786368156743507,0.0019363678170776046,0.008654649670180585,3.7105423514945652,1.6076935398901215,0.0
32,6028,6.580564142773635,0.011096113075349877,0.0029855824179518425,0.009771703464814372,0.002192381361486252,4.7743094306440526e-05,4.806536034626007e-06,0.006763243431292557,0.0019297695935347984,0.008625083032727411,3.7105637069396593,1.6077000433720885,0.0
32,6032,6.584930807765522,0.011058584498195313,0.0029754847684990513,0.009738502934159685,0.0021849324837280516,4.741921971174179e-05,4.773929959700751e-06,0.00674019844312831,0.0019231941215893456,0.008595618724823463,3.7105849853148714,1.6077065205179266,0.0
32,6036,6.589297472757409,0.011021184007723159,0.002965421582767419,0.009705416432278544,0.0021775091894884967,4.7097554073616266e-05,4.741546271479212e-06,0.006717232912693346,0.0019166413214745757,0.008566256385711946,3.7106061869050286,1.6077129714373488,0.0
32,6040,6.593664137749296,0.01098391116127682,0.00295539274165328,0.009672443561577619,0.002170111389563468,4.67780822361874e-05,4.7093834441435135e-06,0.006694346561433495,0.0019101111137100773,0.008536995655941711,3.7106273119938726,1.607719396239595,0.0
32,6044,6.598030802741183,0.01094676551775731,0.002945398126472066,0.00963958392588077,0.002162738995066807,4.64607891359492e-05,4.677439961175184e-06,0.006671539111795081,0.0019036034191009133,0.008507836177363488,3.7106483608640617,1.6077257950334347,0.0
32,6048,6.60239746773307,0.010909746637617073,0.0029354376189566476,0.0096068371304233,0.002155391917429027,4.614565983729335e-05,4.645714318931853e-06,0.006648810287220837,0.0018971181587364523,0.008478777593124707,3.7106693337971763,1.6077321679271692,0.0
32,6052,6.606764132724957,0.010872854082853977,0.0029255111012557134,0.009574202781846444,0.002148070068396075,4.58326794685604e-05,4.614205020209199e-06,0.0066261598121459715,0.0018906552539892489,0.008449819547664678,3.710690231073721,1.6077385150286336,0.0
32,6056,6.611130797716844,0.010836087417006016,0.002915618455932349,0.009541680488192433,0.002140773360028227,4.552183327888315e-05,4.582910579963664e-06,0.006603587411994647,0.0018842146265140374,0.008420961686708492,3.710711052973132,1.6077448364451985,0.0
32,6060,6.615497462708731,0.01079944620514584,0.002905759565962562,0.009509269858899407,0.0021335017046989462,4.5213106631081246e-05,4.551829524597108e-06,0.006581092813176352,0.0018777961982466974,0.008392203657263895,3.7107317997737796,1.6077511322837732,0.0
32,6064,6.619864127700618,0.010762930013875563,0.0028959343147338863,0.009476970504796598,0.0021262550150938,4.490648498745031e-05,4.520960390526141e-06,0.006558675743082452,0.0018713998914032695,0.008363545107616084,3.710752471752971,1.607757402650806,0.0
32,6068,6.624230792692505,0.01072653841132025,0.00288614258604363,0.009444782038098351,0.0021190332042091203,4.460195388844568e-05,4.490301722036098e-06,0.00653633593008194,0.0018650256284787421,0.008334985687322225,3.7107730691869594,1.6077636476522879,0.0
32,6072,6.628597457684392,0.010690270967123435,0.002876384264097668,0.009412704072399894,0.002111836185351055,4.4299498995314934e-05,4.459852075573075e-06,0.006514073103518407,0.001858673332246188,0.008306525047206434,3.710793592350941,1.6077698673937535,0.0
32,6076,6.632964122676279,0.010654127252441133,0.002866659233508833,0.009380736222671836,0.002104663872134332,4.39991060545708e-05,4.429610016167236e-06,0.0064918869937061145,0.0018523429257556437,0.008278162839357006,3.710814041519067,1.6077760619802839,0.0
32,6080,6.637330787668166,0.01061810683993655,0.00285696737929549,0.009348878105255252,0.002097516178481157,4.370076091930741e-05,4.3995741195788284e-06,0.0064697773319265,0.001846034332333111,0.008249898717119033,3.7108344169644405,1.6077822315165082,0.0
32,6084,6.641697452660053,0.010582209303774567,0.0028473085868800548,0.009317129337856573,0.0020903930186200684,4.340444954920031e-05,4.369742972298182e-06,0.006447743850424526,0.0018397474755795173,0.008221732335091382,3.7108547189591268,1.6077883761066059,0.0
32,6088,6.64606411765194,0.010546434219616348,0.0028376827420875388,0.009285489539542606,0.002083294307084818,4.311015800340101e-05,4.340115170830373e-06,0.006425786282405124,0.0018334822793696988,0.008193663349121711,3.710874947774154,1.6077944958543087,0.0
32,6092,6.650430782643826,0.010510781164614019,0.0028280897311441216,0.009253958330735574,0.0020762199587132588,4.2817872405009894e-05,4.310689318118526e-06,0.006403904362029665,0.001827238667851395,0.008165691416300693,3.7108951036795172,1.6078005908629016,0.0
32,6096,6.654797447635714,0.010475249717405422,0.0028185294406757383,0.009222535333208279,0.002069169888646261,4.252757899791959e-05,4.2814640292665285e-06,0.00638209782441249,0.0018210165654442584,0.008137816194959204,3.7109151869441837,1.6078066612352269,0.0
32,6100,6.6591641126276,0.010439839458108306,0.002809001757706515,0.009191220170078729,0.0020621440123265037,4.2239264118393294e-05,4.252437928677672e-06,0.006360366405617112,0.00181481589683877,0.008110037344662643,3.7109351978360974,1.6078127070736843,0.0
32,6104,6.663530777619488,0.010404549968315292,0.002799506569657416,0.009160012465805466,0.0020551422454974304,4.195291419506475e-05,4.2236096500546545e-06,0.006338709842652857,0.001808636586995282,0.008082354526206063,3.710955136622182,1.6078187284802345,0.0
32,6108,6.667897442611374,0.010369380831088779,0.0027900437643448715,0.009128911846182813,0.00204816450420218,4.166851575604369e-05,4.19497783711492e-06,0.006317127873471472,0.0018024785611430495,0.008054767401609533,3.710975003568344,1.6078247255564,0.0
32,6112,6.672264107603262,0.010334331630955408,0.0027806132299792903,0.009097917938335831,0.0020412107047824554,4.138605541470497e-05,4.166541142159978e-06,0.006295620236963553,0.0017963417447792107,0.008027275634114118,3.710994798939481,1.6078306984032669,0.0
32,6116,6.676630772595148,0.010299401953900634,0.0027712148551635955,0.009067030370715233,0.002034280763877384,4.110551988389943e-05,4.1382982275060804e-06,0.006274186672954907,0.00179022606366775,0.007999878888176834,3.7110145229994798,1.6078366471214875,0.0
32,6120,6.680997437587036,0.010264591387363742,0.0027618485288918877,0.00903624877309279,0.0020273745984224854,4.082689595463762e-05,4.1102477633382116e-06,0.006252826922203265,0.001784131443838559,0.007972576829466976,3.711034176011225,1.6078425718112825,0.0
32,6124,6.685364102578922,0.01022989952023271,0.0027525141405480608,0.00900557277655656,0.002020492125648602,4.0550170524511486e-05,4.082388430571437e-06,0.0062315407263949,0.0017780578115864725,0.007945369124860747,3.711053758236599,1.6078484725724418,0.0
32,6128,6.6897307675708095,0.010195325942838358,0.0027432115799042277,0.008975002013505505,0.0020136332630806904,4.027533057637811e-05,4.054718918704888e-06,0.006210327828140772,0.0017720050934701677,0.00791825544243594,3.711073269936492,1.6078543495043276,0.0
32,6132,6.694097432562696,0.01016087024695039,0.0027339407371196546,0.0089445361176458,0.002006797928536995,4.000236318546513e-05,4.0272379265371035e-06,0.006189187970973912,0.0017659732163114183,0.007891235451468828,3.7110927113707994,1.6078602027058755,0.0
32,6136,6.6984640975545835,0.010126532025770496,0.0027247015027389073,0.008914174723984467,0.001999986040127616,3.9731255519370734e-05,3.999944162166027e-06,0.006168120899344877,0.0017599621071937978,0.00786430882242949,3.7111120827984294,1.607866032275597,0.0
32,6140,6.70283076254647,0.010092310873928728,0.002715493767690874,0.008883917468826021,0.0019931975162537623,3.9461994809641965e-05,3.972836340127653e-06,0.006147126358619358,0.0017539716934619957,0.007837475226976786,3.7111313844773064,1.607871838311581,0.0
32,6144,6.7071974275383575,0.01005820638747796,0.0027063174232872743,0.008853763989767326,0.001986432275606593,3.91945684015127e-05,3.945913186403398e-06,0.006126204095074512,0.001748001902720773,0.007810734337954267,3.711150616664374,1.6078776209114956,0.0
32,6148,6.711564092530244,0.010024218163887948,0.002697172361221065,0.008823713925692141,0.0019796902371659953,3.892896373258736e-05,3.919173436274083e-06,0.006105353855895089,0.0017420526628338555,0.007784085829385583,3.7111697796156005,1.6078833801725905,0.0
32,6152,6.7159307575221305,0.009990345802041521,0.002688058473565409,0.008793766916767542,0.0019729713201997808,3.866516829731381e-05,3.8926158307432424e-06,0.0060845753891708544,0.001736123901923199,0.007757529376470212,3.7111888735859804,1.6078891161916984,0.0
32,6156,6.720297422514018,0.009956588902228598,0.00267897565277207,0.00876392260443844,0.001966275444262459,3.840316971803759e-05,3.866239123690509e-06,0.0060638684438927195,0.0017302155483678845,0.007731064655578627,3.7112078988295405,1.607894829065237,0.0
32,6160,6.7246640875059045,0.00992294706614126,0.0026699237916700865,0.00873418063142302,0.0019596025291942084,3.81429556597368e-05,3.840042073287551e-06,0.006043232769949463,0.001724327530803184,0.007704691344248406,3.7112268555993424,1.6079005188892108,0.0
32,6164,6.729030752497792,0.009889419896869275,0.002660902783464564,0.008704540641708563,0.0019529524951199446,3.788451390107639e-05,3.8140234491514563e-06,0.006022668118124765,0.0017184597781197137,0.00767840912118023,3.7112457441474875,1.6079061857592127,0.0
32,6168,6.7333974174896785,0.009856006998894041,0.00265191252173505,0.008675002280545888,0.0019463252624480688,3.7627832291775576e-05,3.7881820280527045e-06,0.006002174240093246,0.0017126122194623021,0.00765221766623197,3.7112645647251195,1.6079118297704267,0.0
32,6172,6.737764082481566,0.009822707978084894,0.0026429529004345373,0.008645565194445917,0.0019397207518697009,3.7372898773924135e-05,3.7625165960611795e-06,0.0059817508884180155,0.0017067847842292935,0.0076261166604163055,3.711283317582428,1.6079174510176286,0.0
32,6176,6.742130747473452,0.009789522441692976,0.0026340238138878153,0.008616229031174013,0.001933138884357406,3.711970136777154e-05,3.7370259471154927e-06,0.005961397816546647,0.0017009774020713977,0.007600105785895422,3.711302002968654,1.6079230495951886,0.0
32,6180,6.74649741246534,0.009756449998346671,0.0026251251567902425,0.008586993439745774,0.0019265795811642533,3.686822817172697e-05,3.7117088830229848e-06,0.005941114778808174,0.0016951900028908326,0.007574184725975946,3.711320621132094,1.6079286255970728,0.0
32,6184,6.750864077457226,0.009723490258046995,0.002616256824206504,0.008557858070422761,0.001920042763822856,3.6618467390781007e-05,3.686564216321079e-06,0.005920901530410055,0.0016894225168404599,0.007548353165106121,3.7113391723200997,1.607934179116845,0.0
32,6188,6.755230742449114,0.009690642832162286,0.0026074187115691858,0.008528822574707585,0.0019135283541442693,3.6370407272556804e-05,3.6615907638392325e-06,0.005900757827434659,0.00168367487432278,0.0075226107888710985,3.711357656779086,1.607939710247669,0.0
32,6192,6.759597407441,0.009657907333423126,0.0025986107146774057,0.008499886605339235,0.0019070362742169427,3.612403615704807e-05,3.6367873517063073e-06,0.0058806834268359635,0.001677947005988992,0.007496957283988426,3.7113760747545324,1.607945219082309,0.0
32,6196,6.763964072432888,0.009625283375918031,0.0025898327296956557,0.008471049816289078,0.0019005664464058225,3.587934250504077e-05,3.612152818211928e-06,0.005860678086436676,0.0016722388427381713,0.007471392338303137,3.7113944264909886,1.607950705713133,0.0
32,6200,6.768330737424774,0.009592770575088195,0.0025810846531523868,0.008442311862756015,0.0018941187933512646,3.5636314805742586e-05,3.587686004507074e-06,0.005840741564924806,0.0016665503157162914,0.007445915640785142,3.7114127122320766,1.6079561702321141,0.0
32,6204,6.772697402416661,0.009560368547722834,0.0025723663819387558,0.008413672401162165,0.001887693237968066,3.5394941647837186e-05,3.5633857617574693e-06,0.005820873621850577,0.0016608813563153432,0.007420526881524246,3.711430932220494,1.6079616127308316,0.0
32,6208,6.777064067408548,0.009528076911953702,0.002563677813307151,0.00838513108914784,0.0018812897034443383,3.515521169816793e-05,3.539250948997566e-06,0.005801074017622869,0.0016552318961723196,0.007395225751725593,3.711449086698019,1.6079670333004727,0.0
32,6212,6.781430732400435,0.009495895287251295,0.0025550188448701695,0.008356687585568004,0.001874908113240712,3.4917113715948744e-05,3.515280434561222e-06,0.005781342513506673,0.0016496018671684892,0.0073700119437054915,3.7114671759055144,1.6079724320318356,0.0
32,6216,6.785797397392322,0.009463823294419325,0.0025463893745991317,0.00832834155048717,0.0018685483910891928,3.468063648881525e-05,3.4914730896436506e-06,0.005761678871619478,0.0016439912014283662,0.007344885150887895,3.711485200082928,1.6079778090153294,0.0
32,6220,6.790164062384209,0.00943186055559027,0.0025377893008228826,0.00830009264517529,0.001862210460992239,3.444576896072249e-05,3.467827801177521e-06,0.005742082854928319,0.0016383998313188666,0.007319845067800759,3.711503159469302,1.6079831643409779,0.0
32,6224,6.794530727376096,0.009400006694220411,0.0025292185222264567,0.00827194053210321,0.0018558942472217412,3.421250008983634e-05,3.444343457526181e-06,0.0057225542272465735,0.0016328276894483954,0.007294891390069888,3.7115210543027692,1.6079884980984192,0.0
32,6228,6.798897392367983,0.00936826133508512,0.002520676937849812,0.00824388487493828,0.0018495996743180382,3.398081891958782e-05,3.4210189556370435e-06,0.005703092753230811,0.0016272747086659473,0.0072700238144165,3.711538884820563,1.6079938103769091,0.0
32,6232,6.80326405735987,0.009336624104274051,0.0025121644470865335,0.008215925338539943,0.0018433266670889272,3.375071459998935e-05,3.3978532031876062e-06,0.0056836981983776754,0.001621740822060217,0.007245242038652686,3.7115566512590186,1.6079991012653216,0.0
32,6236,6.807630722351757,0.009305094629186895,0.0025036809496826917,0.008188061588955799,0.00183707515060878,3.3522176295264217e-05,3.3748451092860446e-06,0.005664370329021059,0.0016162259629587926,0.007220545761678191,3.7115743538535737,1.608004370852151,0.0
32,6240,6.811997387343644,0.009273672538527941,0.002495226345735381,0.008160293293416589,0.0018308450502174188,3.32951933259551e-05,3.3519935987779893e-06,0.00564510891232855,0.001610730064927143,0.007195934683474077,3.7115919928387777,1.6080096192255138,0.0
32,6244,6.816364052335531,0.009242357462302293,0.002486800535691699,0.008132620120332702,0.0018246362915193314,3.30697550197101e-05,3.329297597224411e-06,0.005625913716298933,0.0016052530617679038,0.007171408505101318,3.7116095684482917,1.6080148464731507,0.0
32,6248,6.820730717327418,0.009211149031810239,0.002478403420347233,0.008105041739288986,0.0018184488003825077,3.2845850817864175e-05,3.306756041631701e-06,0.00560678450975851,0.0015997948875198268,0.007146966928695481,3.7116270809148904,1.6080200526824275,0.0
32,6252,6.825097382319305,0.009180046879643347,0.00247003490084501,0.008077557821041156,0.0018122825029376333,3.262347017596312e-05,3.28436787043693e-06,0.005587721062358535,0.0015943554764570507,0.007122609657462372,3.7116445304704695,1.6080252379403366,0.0
32,6256,6.829464047311192,0.00914905063967957,0.0024616948786741785,0.008050168037511254,0.0018061373255770716,3.240260272718842e-05,3.2621320399606408e-06,0.005568723144571989,0.0015889347630881777,0.007098336395675493,3.711661917346048,1.6080304023335,0.0
32,6260,6.833830712303079,0.009118159947078245,0.0024533832556686637,0.008022872061783086,0.0018000131949538391,3.218323806919443e-05,3.2400475029466818e-06,0.005549790527690337,0.0015835326821553503,0.007074146848669379,3.711679241771769,1.608035545948169,0.0
32,6264,6.838197377294965,0.0090873744382763,0.0024450999340061464,0.007995669568098662,0.0017939100379808076,3.196536593463861e-05,3.2181132257303395e-06,0.005530922983820981,0.0015781491686335239,0.007050040722839482,3.7116965039769068,1.6080406688702278,0.0
32,6268,6.8425640422868526,0.00905669375098332,0.002436844816206735,0.007968560231853654,0.0017878277818296842,3.1748976098811e-05,3.1963281789389353e-06,0.005512120285884031,0.0015727841577295454,0.007026017725634099,3.7117137041898673,1.6080457711851939,0.0
32,6272,6.846930707278739,0.009026117524176496,0.0024286178051316086,0.007941543729592786,0.0017817663539299784,3.15340584080559e-05,3.174691340353179e-06,0.005493382207609037,0.0015674375848812208,0.007002077565554159,3.711730842638195,1.6080508529782203,0.0
32,6276,6.8512973722706265,0.008995645398096832,0.002420418803981993,0.007914619739006304,0.0017757256819682084,3.1320602815299026e-05,3.1532016984838635e-06,0.005474708523532467,0.0015621093857565956,0.006978219952147335,3.711747919548572,1.6080559143340967,0.0
32,6280,6.855664037262513,0.008965277014244353,0.002412247716297875,0.00788778793892555,0.0017697056938869096,3.110859928767695e-05,3.13185824327246e-06,0.005456099008994567,0.001556799496253059,0.00695444459600285,3.711764935146825,1.6080609553372511,0.0
32,6284,6.8600307022544005,0.008935012015373589,0.0024041044459567843,0.00786104800931882,0.001763706317883704,3.089803790601309e-05,3.110659976105862e-06,0.005437553440136405,0.0015515078524965002,0.006930751208751464,3.7117818896579258,1.608065976071752,0.0
32,6288,6.864397367246287,0.00890485004548886,0.0023959888971725267,0.007834399631287015,0.0017577274824103252,3.068890880086883e-05,3.0896059033783353e-06,0.005419071593896788,0.0015462343908404287,0.006907139503057874,3.7117987833059973,1.6080709766213088,0.0
32,6292,6.868764032238174,0.008874790749840242,0.0023879009744940984,0.007807842487059899,0.0017517691161717795,3.048120216675443e-05,3.068695037922196e-06,0.005400653248009585,0.001540979047865211,0.006883609192618993,3.711815616314316,1.608075957069275,0.0
32,6296,6.873130697230061,0.008844833774918683,0.00237984058280437,0.0077813762599916415,0.0017458311481253438,3.0274908255023547e-05,3.047926398292471e-06,0.005382298181000583,0.0015357417603771727,0.006860159992158611,3.7118323889053135,1.6080809174986486,0.0
32,6300,6.877497362221948,0.008814978768451704,0.0023718076273189343,0.007755000634556819,0.0017399135074796712,3.007001743071669e-05,3.02729901448961e-06,0.0053640061721846165,0.0015305224654077801,0.006836791617425884,3.711849101300582,1.6080858579920736,0.0
32,6304,6.881864027213835,0.00878522537939936,0.0023638020135850132,0.007728715296346694,0.0017340161236939532,2.9866520073085212e-05,3.0068119179447404e-06,0.005345777001662925,0.001525321100212886,0.006813503785188711,3.7118657537208786,1.6080907786318428,0.0
32,6308,6.886230692205722,0.008755573257948982,0.0023558236474800496,0.007702519932064391,0.0017281389264768396,2.9664406660856457e-05,2.986464150103734e-06,0.005327610450319738,0.0015201376022717552,0.006790296213231604,3.7118823463861235,1.6080956794998984,0.0
32,6312,6.890597357197609,0.008726022055511595,0.0023478724352107372,0.007676414229521602,0.0017222818457856993,2.946366771539033e-05,2.966254756704496e-06,0.005309506299819932,0.0015149719092863961,0.006767168620351855,3.7118988795154095,1.608100560677833,0.0
32,6316,6.894964022189496,0.00869657142471709,0.0023399482833117266,0.007650397877634113,0.0017164448118256145,2.926429385041729e-05,2.946182792784338e-06,0.00529146433260583,0.0015098239591806476,0.006744120726355529,3.7119153533270013,1.6081054222468925,0.0
32,6320,6.899330687181383,0.008667221019410178,0.002332051098644535,0.007624470566418095,0.0017106277550485514,2.9066275729405788e-05,2.926247318387943e-06,0.00527348433189458,0.0015046936900994304,0.006721152252053596,3.7119317680383404,1.6081102642879763,0.0
32,6324,6.903697352173269,0.008637970494645684,0.0023241807883962787,0.007598631986985756,0.001704830606152382,2.8869604051351416e-05,2.9064473971366892e-06,0.005255566081675057,0.0014995810404078646,0.006698262919257837,3.7119481238660472,1.6081150868816405,0.0
32,6328,6.908064017165157,0.008608819506684743,0.0023163372600786504,0.007572881831541852,0.0016990532960801036,2.8674269621831172e-05,2.886782103382038e-06,0.005237709366705391,0.0014944859486905621,0.006675452450779307,3.711964421025925,1.6081198901080973,0.0
32,6332,6.912430682157043,0.008579767712989683,0.0023085204215265434,0.007547219793378983,0.0016932957560187823,2.848026331747633e-05,2.8672505186288397e-06,0.005219913972509614,0.001489408353750672,0.006652720570420222,3.7119806597329625,1.6081246740472182,0.0
32,6336,6.916797347148931,0.00855081477222049,0.0023007301808970985,0.007521645566874304,0.0016875579173988144,2.828757601491816e-05,2.847851724381945e-06,0.005202179685375326,0.0014843481946092134,0.006630067002975229,3.711996840201339,1.608129438778535,0.0
32,6340,6.921164012140817,0.008521960344230407,0.002292966446668522,0.007496158847485509,0.0016818397118930268,2.809619874000191e-05,2.8285848171683213e-06,0.005184506292350838,0.001479305410504261,0.006607491474224879,3.712012962644425,1.608134184381241,0.0
32,6344,6.925530677132705,0.008493204090061116,0.0022852291276387877,0.007470759331746375,0.0016761410714156767,2.7906122497256547e-05,2.8094488913689194e-06,0.005166893581242012,0.001474279940890042,0.006584993710932031,3.712029027274787,1.6081389109341926,0.0
32,6348,6.929897342124591,0.008464545671939227,0.0022775181329246926,0.00744544671726353,0.001670461928121726,2.7717338419108728e-05,2.7904430542407896e-06,0.005149341340609946,0.0014692717254362782,0.006562573440839418,3.7120450343041895,1.6081436185159113,0.0
32,6352,6.934264007116479,0.008435984753271385,0.002269833371960541,0.007420220702711993,0.0016648022144058407,2.7529837645090538e-05,2.7715664137563224e-06,0.00513184935976784,0.0014642807040272886,0.006540230392665162,3.7120609839435987,1.6081483072045843,0.0
32,6356,6.938630672108365,0.00840752099864067,0.002262174754497175,0.007395080987831777,0.0016591618629016305,2.7343611421315472e-05,2.7528180886179907e-06,0.005114417428778534,0.0014593068167612893,0.006517964296098944,3.712076876403187,1.608152977078067,0.0
32,6360,6.942997337100253,0.008379154073801907,0.002254542190600713,0.007370027273423656,0.0016535408064806956,2.715865101521331e-05,2.7341971996742845e-06,0.005097045338451544,0.0014543500039495467,0.006495774881799359,3.7120927118923333,1.6081576282138834,0.0
32,6364,6.947364002092139,0.008350883645677463,0.00224693559065142,0.007345059261345242,0.0016479389782517505,2.6974947793689807e-05,2.715702877788439e-06,0.005079732880340241,0.0014494102061155727,0.006473661881389316,3.712108490619629,1.608162260689229,0.0
32,6368,6.951730667084027,0.008322709382353853,0.0022393548653427907,0.0073201766545078996,0.0016423563115599287,2.6792493130756156e-05,2.697334254539027e-06,0.005062479846739685,0.0014444873639945072,0.006451625027452873,3.712124212792878,1.6081668745809699,0.0
32,6372,6.956097332075913,0.008294630953076539,0.0022317999256801545,0.007295379156871936,0.0016367927399857049,2.6611278535426663e-05,2.679090475096062e-06,0.005045286030683187,0.0014395814185321361,0.006429664053533317,3.7121398786191033,1.6081714699656466,0.0
32,6376,6.960463997067801,0.008266648028246257,0.002224270682979686,0.007270666473443225,0.0016312481973441374,2.6431295488293927e-05,2.660970681768201e-06,0.005028151225939917,0.0014346923108842099,0.006407778694125431,3.7121554883045467,1.6081760469194746,0.0
32,6380,6.964830662059687,0.008238760279415471,0.002216767048867447,0.007246038310269948,0.001625722617684137,2.6252535604953664e-05,2.6429740304555398e-06,0.005011075227012595,0.0014298199824157843,0.006385968684676565,3.712171042054674,1.6081806055183452,0.0
32,6384,6.969197327051574,0.008210967379282896,0.0022092889352779196,0.007221494374437584,0.0016202159352873425,2.607499051521245e-05,2.6250996784888527e-06,0.0049940578291339235,0.0014249643747002024,0.0063642337615799046,3.7121865400741787,1.608185145837828,0.0
32,6388,6.973563992043461,0.008183269001690653,0.002201836254453235,0.0071970343740662595,0.0016147280846675264,2.5898651898614844e-05,2.6073467882062855e-06,0.004977098828264719,0.001420125429518561,0.006342573662172808,3.7122019825669814,1.6081896679531715,0.0
32,6392,6.977930657035348,0.00815566482161967,0.0021944089189419387,0.007172658018306525,0.0016092590005696479,2.572351152707597e-05,2.589714531245391e-06,0.0049601980210908884,0.0014153030888588488,0.0063209881247324115,3.7122173697362366,1.608194171939305,0.0
32,6396,6.982297322027235,0.008128154515185542,0.002187006841597877,0.00714836501733555,0.0016038086179689982,2.5549561215143513e-05,2.5722020835357544e-06,0.004943355205020749,0.0014104972949151814,0.006299476888472838,3.7122327017843344,1.6081986578708396,0.0
32,6400,6.986663987019122,0.008100737759634801,0.0021796299355791903,0.007124155082353706,0.0015983768720704344,2.5376792827103145e-05,2.5548086260143333e-06,0.004926570178182583,0.0014057079900871032,0.006278039693540778,3.712247978912903,1.60820312582207,0.0
32,6404,6.991030652011009,0.008073414233340542,0.0021722781143471404,0.007100027925580532,0.0015929636983074739,2.5205198284083963e-05,2.537533345340797e-06,0.004909842739421792,0.0014009351169787755,0.006256676281012657,3.7122632013228114,1.6082075758669754,0.0
32,6408,6.995397317002896,0.008046183615798588,0.0021649512916650754,0.007075983260251209,0.001587569032341504,2.503476956405848e-05,2.520375433897525e-06,0.004893172688298367,0.0013961786183982552,0.006235386392891977,3.7122783692141748,1.6082120080792222,0.0
32,6412,6.999763981994783,0.008019045587623787,0.0021576493815974357,0.00705202080061316,0.0015821928100610192,2.486549868763177e-05,2.5033340883589317e-06,0.004876559825084503,0.0013914384373568136,0.006214169772103647,3.712293482786354,1.6082164225321627,0.0
32,6416,7.0041306469866695,0.00799199983054525,0.0021503722985084703,0.007028140261921691,0.0015768349675806426,2.46973777748849e-05,2.486408515414175e-06,0.004860003950761488,0.0013867145170680488,0.006193026162492716,3.7123085422379605,1.6082208192988394,0.0
32,6420,7.008497311978557,0.007965046027402958,0.0021431199570613258,0.0070043413604368495,0.0015714954412404205,2.453039895300435e-05,2.4695979224677523e-06,0.004843504867017468,0.0013820068009472483,0.006171955308819881,3.71232354776686,1.6082251984519846,0.0
32,6424,7.0128639769704435,0.007938183862143837,0.0021358922722169893,0.006980623813419808,0.0015661741676050132,2.436455442023089e-05,2.452901524077549e-06,0.004827062376244887,0.0013773152326106582,0.006150956956759401,3.7123384995701723,1.6082295600640226,0.0
32,6428,7.017230641962331,0.007911413019817338,0.0021286891592331,0.00695698733912884,0.0015608710834627898,2.4199836424543264e-05,2.436318539808825e-06,0.004810676281537632,0.0013726397558746686,0.006130030852893308,3.712353397844279,1.6082339042070706,0.0
32,6432,7.0215973069542175,0.00788473318657193,0.0021215105336630045,0.0069334316568160775,0.001555586125825102,2.403623727076365e-05,2.4198481949495483e-06,0.004794346386688725,0.0013679803147551555,0.006109176744710857,3.712368242784822,1.60823823095294,0.0
32,6436,7.025963971946105,0.007858144049651546,0.0021143563113548013,0.0069099564867242174,0.0015503192319255446,2.3873749327663063e-05,2.4034897212257396e-06,0.004778072496187981,0.0013633368534668121,0.006088394380602532,3.7123830345867073,1.6082425403731377,0.0
32,6440,7.030330636937991,0.00783164529739042,0.002107226408449951,0.006886561550081841,0.0015450703392189062,2.371236499243423e-05,2.3872423532247737e-06,0.004761854415218695,0.0013587093164222032,0.006067683509859153,3.7123977734441107,1.6082468325388688,0.0
32,6444,7.034697301929878,0.007805236619210184,0.0021001207413824975,0.006863246569100713,0.001539839385380562,2.3552076740429584e-05,2.371105333402755e-06,0.004745691949655728,0.0013540976482312203,0.006047043882666774,3.712412459550476,1.6082511075210355,0.0
32,6448,7.039063966921765,0.007778917705616198,0.002093039226878075,0.006840011266972376,0.0015346263083057107,2.3392877075423257e-05,2.355077907077141e-06,0.004729584906063067,0.0013495017937003835,0.006026475250104109,3.712427093098523,1.6082553653902403,0.0
32,6452,7.043430631913652,0.007752688248192978,0.002085981781952685,0.0068168553678640215,0.001529431046108448,2.3234758565138236e-05,2.339159326003442e-06,0.004713533091690919,0.0013449216978320148,0.006005977364139615,3.712441674280246,1.6082596062167869,0.0
32,6456,7.047797296905539,0.0077265479396004776,0.0020789483239116906,0.006793778596915039,0.0015242535371209915,2.3077713819930068e-05,2.3233488462291997e-06,0.004697536314473253,0.001340357305823534,0.005985549977626813,3.712456203286919,1.6082638300706809,0.0
32,6460,7.052163961897426,0.007700496473570613,0.002071938770348883,0.0067707806802338195,0.0015190937198929645,2.2921735521208575e-05,2.307645730955346e-06,0.004681594383025528,0.0013358085630668125,0.005965192844302692,3.7124706803090977,1.6082680370216318,0.0
32,6464,7.056530626889313,0.007674533544903292,0.002064953039145414,0.006747861344894119,0.0015139515331905802,2.276681637169986e-05,2.2920492455288286e-06,0.004665707106642112,0.001331275415147436,0.0059449057187833014,3.7124851055366217,1.6082722271390542,0.0
32,6468,7.0608972918812,0.007648658849462698,0.0020579910484687953,0.006725020318931652,0.001508826915995876,2.261294915228973e-05,2.2765586631653235e-06,0.004649874295293869,0.0013267578078440165,0.005924688356561395,3.7124994791586206,1.6082764004920682,0.0
32,6472,7.065263956873087,0.007622872084172929,0.0020510527167717243,0.006702257331340087,0.0015037198075058174,2.2460126679391124e-05,2.2611732606572015e-06,0.004634095759625322,0.0013222556871273817,0.0059045405140025035,3.71251380136351,1.6082805571495022,0.0
32,6476,7.069630621864974,0.007597172947015273,0.0020441379627913524,0.006679572112068513,0.0014986301471317269,2.2308341812049548e-05,2.245892319088867e-06,0.004618371310952832,0.0013177689991600568,0.0058844619483412654,3.712528072339003,1.6082846971798934,0.0
32,6480,7.073997286856861,0.007571561137023419,0.0020372467055479963,0.0066569643920171015,0.001493557874498313,2.2157587473259355e-05,2.2307151259827736e-06,0.00460270076126155,0.0013132976902953937,0.005864452417680147,3.7125422922721047,1.608288820651489,0.0
32,6484,7.078363951848748,0.007546036354280187,0.0020303788643442574,0.006634433903034073,0.0014885029294429883,2.2007856614436605e-05,2.215640971722731e-06,0.004587083923203251,0.001308841707076954,0.0058445116809837175,3.712556461349122,1.608292927632247,0.0
32,6488,7.082730616840635,0.007520598299913884,0.0020235343587640415,0.006611980377912342,0.0014834652520151171,2.185914227226249e-05,2.2006691552766155e-06,0.004571520610093944,0.001304400996237826,0.005824639498077617,3.7125705797556603,1.6082970181898393,0.0
32,6492,7.087097281832522,0.007495246676094243,0.0020167131086714666,0.006589603550385818,0.0014784447824751855,2.1711437490523622e-05,2.1857989763276433e-06,0.0045560106359112664,0.001299975504699882,0.005804835629644257,3.71258464767663,1.6083010923916503,0.0
32,6496,7.091463946824408,0.007469981186029097,0.0020099150342099683,0.006567303155126349,0.001473441461294116,2.156473537695547e-05,2.1710297409970793e-06,0.004540553815292308,0.001295565179573157,0.005785099837219583,3.7125986652962486,1.60830515030478,0.0
32,6500,7.095830611816296,0.007444801533960481,0.0020031400558012486,0.006545078927740131,0.0014684552291524613,2.141902909613691e-05,2.1563607611289007e-06,0.0045251499635310605,0.0012911699681551212,0.0057654318831908075,3.712612632798042,1.608309191996045,0.0
32,6504,7.100197276808182,0.0074197074251610914,0.0019963880941443273,0.006522930604764441,0.0014634860269396716,2.1274311848173966e-05,2.1417913521437783e-06,0.004509798896576089,0.0012867898179300154,0.005745831530792602,3.7126265503648486,1.6083132175319796,0.0
32,6508,7.10456394180007,0.007394698565930157,0.0019896590702144267,0.006500857923663915,0.0014585337957532596,2.1130576875805218e-05,2.127320833754417e-06,0.004494500431027924,0.0012824246765681072,0.005726298544104434,3.712640418178821,1.6083172269788368,0.0
32,6512,7.108930606791956,0.007369774663590492,0.0019829529052621826,0.006478860622827784,0.0014535984768981804,2.0987817485718097e-05,2.1129485321115716e-06,0.0044792543841370705,0.0012780744919251227,0.005706832688045841,3.7126542364214306,1.6083212204025894,0.0
32,6516,7.113297271783844,0.007344935426484174,0.0019762695208124775,0.006456938441565936,0.0014486800118859483,2.0846027027232594e-05,2.0986737776580302e-06,0.0044640605738012346,0.001273739212041455,0.00568743372837576,3.712668005273467,1.6083251978689321,0.0
32,6520,7.11766393677573,0.007320180563969566,0.0019696088386636436,0.0064350911201061884,0.0014437783424340234,2.070519886387956e-05,2.0844959022672587e-06,0.004448918818563373,0.0012694187851416078,0.005668101431687789,3.712681724915044,1.6083291594432818,0.0
32,6524,7.122030601767618,0.0072955097864172815,0.0019629707808863726,0.006413318399590561,0.001438893410464977,2.0565326451560395e-05,2.070414247112129e-06,0.004433828937609058,0.0012651131596334436,0.005648835565408906,3.7126953955255986,1.6083331051907792,0.0
32,6528,7.126397266759504,0.007270922805206559,0.0019563552698227448,0.006391620022071987,0.0014340251581057538,2.042640326038736e-05,2.056428154796191e-06,0.004418790750764149,0.0012608222841075196,0.005629635897793418,3.7127090172838986,1.6083370351762902,0.0
32,6532,7.130763931751392,0.007246419332721797,0.0019497622280852923,0.006369995730511123,0.0014291735276869542,2.0288422817316132e-05,2.0425369736457043e-06,0.004403804078492524,0.0012565461073364393,0.0056105021979223155,3.71272259036804,1.6083409494644063,0.0
32,6536,7.135130596743278,0.007221999082348992,0.0019431915785560444,0.006348445268773089,0.001424338461742105,2.015137867061867e-05,2.0287400541329473e-06,0.004388868741893777,0.0012522845782741976,0.005591434235699812,3.7127361149554536,1.608344848119447,0.0
32,6540,7.1394972617351655,0.007197661768472445,0.001936643244385639,0.006326968381624411,0.0014195199030069727,2.0015264460937487e-05,2.015036756029603e-06,0.00437398456270103,0.001248037646055554,0.005572431781849798,3.712749591222904,1.6083487312054596,0.0
32,6544,7.143863926727052,0.007173407106470617,0.0019301171489922088,0.006305564814729279,0.0014147177944187233,1.98800738289151e-05,2.001426439107354e-06,0.004359151363278297,0.001243805259995282,0.0055534946079129075,3.7127630193464958,1.6083525987862224,0.0
32,6548,7.1482305917189395,0.0071492348127131814,0.0019236132160605872,0.0062842343146468065,0.0014099320791153085,1.9745800472037445e-05,1.9879084688605955e-06,0.004344368966618543,0.0012395873695876154,0.00553462248624428,3.712776399501673,1.6083564509252433,0.0
32,6552,7.152597256710826,0.007125144604556981,0.0019171313695412206,0.006262976628827343,0.0014051627004346375,1.9612438130423016e-05,1.9744822150757547e-06,0.004329637196341056,0.0012353839245054972,0.0055158151900092664,3.712789731863224,1.608360287685763,0.0
32,6556,7.156963921702713,0.0071011362003429845,0.0019106715336493511,0.006241791505609686,0.0014004096019139527,1.9479980608139158e-05,1.9611470539773096e-06,0.004314955876689487,0.0012311948746000219,0.005497072493181968,3.7128030166052834,1.6083641091307552,0.0
32,6560,7.1613305866946,0.007077209319392358,0.001904233632863957,0.006220678694217475,0.0013956727272890187,1.934842172346407e-05,1.947902363220416e-06,0.004300324832529279,0.0012270201698997008,0.005478394170540645,3.7128162539013334,1.6083679153229282,0.0
32,6564,7.1656972516864865,0.007053363682003339,0.0018978175919269133,0.006199637944756327,0.0013909520204934817,1.9217755323097663e-05,1.9347475233215854e-06,0.004285743889345645,0.0012228597606098847,0.005459779997666829,3.7128294439242087,1.6083717063247258,0.0
32,6568,7.170063916678374,0.007029599009447838,0.001891423335842077,0.006178669008210706,0.0013862474256581654,1.908797536742668e-05,1.9216819262427508e-06,0.004271212873241339,0.0012187135971121303,0.005441229750939318,3.712842586846094,1.6083754821983287,0.0
32,6572,7.1744305816702605,0.00700591502396743,0.0018850507898742087,0.006157771636440305,0.0013815588871102609,1.8959075774205303e-05,1.9087049596538132e-06,0.004256731610934113,0.0012145816299634709,0.005422743207534835,3.7128556828385353,1.6083792430056554,0.0
32,6576,7.178797246662148,0.0069823114487706115,0.0018786998795482337,0.0061369455821774594,0.0013768863493727444,1.8831050546452843e-05,1.8958160198087393e-06,0.0042422999297548536,0.0012104638098958881,0.005404320145422048,3.7128687320724327,1.6083829888083632,0.0
32,6580,7.1831639116540345,0.00695878800802872,0.0018723705306481452,0.0061161905990234815,0.0013722297571635573,1.8703893729821175e-05,1.8830145072535299e-06,0.0042279176576450125,0.001206360087815577,0.005385960343360947,3.7128817347180494,1.6083867196678499,0.0
32,6584,7.187530576645922,0.006935344426872715,0.0018660626692161375,0.006095506441445658,0.0013675890553949302,1.857759940548931e-05,1.87029982611088e-06,0.004213584623154462,0.001202270414802334,0.005367663580897428,3.7128946909450122,1.6083904356452545,0.0
32,6588,7.191897241637808,0.006911980431390249,0.0018597762215518182,0.006074892864774598,0.001362964189172789,1.845216167595254e-05,1.857671382649501e-06,0.00419930065543962,0.0011981947421090228,0.005349429638364183,3.7129076009223128,1.6083941368014587,0.0
32,6592,7.196263906629696,0.006888695748621522,0.0018535111142110924,0.006054349625200427,0.001358355103795901,1.8327574700549576e-05,1.8451285888608166e-06,0.004185065584260753,0.0011941330211608044,0.0053312582968735355,3.7129204648183123,1.6083978231970875,0.0
32,6596,7.200630571621582,0.006865490106556824,0.0018472672740055022,0.00603387647977052,0.0013537617447553667,1.8203832695462552e-05,1.8326708624589604e-06,0.004170879239980367,0.0011900852035546781,0.005313149338318154,3.7129332828007415,1.6084014948925105,0.0
32,6600,7.20499723661347,0.006842363234132064,0.0018410446280010227,0.006013473186385455,0.0013491840577337106,1.8080929891084452e-05,1.8202976225887445e-06,0.004156741453560348,0.001186051241058665,0.005295102545365279,3.7129460550367064,1.608405151947843,0.0
32,6604,7.209363901605356,0.006819314861226092,0.0018348431035173423,0.0059931395037965095,0.0013446219886043209,1.7958860560440826e-05,1.8080082926870141e-06,0.004142652056560182,0.0011820310856113007,0.005277117701455633,3.712958781692686,1.6084087944229477,0.0
32,6608,7.213730566597244,0.006796344718657264,0.0018286626281269383,0.005972875191602551,0.0013400754834307508,1.7837619033400642e-05,1.7958023019133262e-06,0.004128610881134751,0.0011780246893210067,0.005259194590801279,3.712971462934541,1.608412422377435,0.0
32,6612,7.21809723158913,0.006773452538180023,0.0018225031296541566,0.005952680010246885,0.0013355444884660115,1.7717199661149152e-05,1.783679081573254e-06,0.004114617760032101,0.0011740320044654532,0.005241332998380071,3.712984098927509,1.6084160358706643,0.0
32,6616,7.222463896581017,0.006750638052481859,0.0018163645361743937,0.005932553721014495,0.0013310289501519545,1.759759683750417e-05,1.771638067264404e-06,0.004100672526591494,0.0011700529834910026,0.0052235327099350365,3.7129966898362134,1.6084196349617452,0.0
32,6620,7.226830561572904,0.006727900995179505,0.0018102467760130743,0.005912496086028526,0.0013265288151184803,1.7478804998916075e-05,1.7596786988764164e-06,0.0040867750147409,0.0011660875790119951,0.0052057935119723025,3.7130092358246607,1.608423219709539,0.0
32,6624,7.231197226564791,0.006705241100815848,0.0018041497777448183,0.005892506868247495,0.0013220440301829138,1.736081860315153e-05,1.7478004184449482e-06,0.004072925058995038,0.001162135743810189,0.005188115191755486,3.7130217370562475,1.6084267901726592,0.0
32,6628,7.235563891556678,0.006682658104856883,0.001798073470192623,0.0058725858314625096,0.0013175745423493804,1.7243632186136892e-05,1.7360026758743837e-06,0.004059122494453407,0.0011581974308341985,0.0051704975373043785,3.7130341936937574,1.6084303464094722,0.0
32,6632,7.239930556548565,0.006660151743688228,0.0017920177824269237,0.005852732740294016,0.0013131202988080758,1.7127240269587674e-05,1.7242849196384303e-06,0.0040453671567979585,0.001154272593198831,0.005152940337392962,3.71304660589937,1.6084338884780995,0.0
32,6636,7.244297221540452,0.006637721754611666,0.0017859826437646653,0.005832947360188703,0.001308681246934572,1.701163745337908e-05,1.7126466060795228e-06,0.004031658882290931,0.001150361184184468,0.005135443381546266,3.7130589738346567,1.6084374164364184,0.0
32,6640,7.248663886532339,0.006615367875842405,0.0017799679837685633,0.005813229457416973,0.001304257334289249,1.6896818372913458e-05,1.7010871951167903e-06,0.004017997507773047,0.0011464631572365505,0.005118006460036343,3.7130712976605875,1.608440930342062,0.0
32,6644,7.253030551524226,0.006593089846505516,0.0017739737322461457,0.005793578799069667,0.001299848508616561,1.678277766359315e-05,1.6896061466693624e-06,0.004004382870661189,0.001142578465964917,0.00510062936388098,3.713083577537532,1.608444430252422,0.0
32,6648,7.257397216516113,0.006570887406632421,0.0017679998192488098,0.005773995153054875,0.0012954547178443201,1.6669510017663924e-05,1.6782029263790795e-06,0.003990814808946153,0.0011387070641431618,0.005083311884841016,3.7130958136252605,1.608447916224648,0.0
32,6652,7.261763881508,0.006548760297158362,0.0017620461750711377,0.005754478288095612,0.0012910759100831755,1.6557010191320387e-05,1.6668770063258325e-06,0.003977293161190992,0.001134848905708162,0.005066053815415547,3.713108006082948,1.6084513883156504,0.0
32,6656,7.266130546499887,0.006526708259918896,0.0017561127302499573,0.005735027973726608,0.0012867120336258928,1.644527294075715e-05,1.655627858589512e-06,0.003963817766528748,0.0011310039447594315,0.005048854948842408,3.713120155069176,1.6084548465820994,0.0
32,6660,7.270497211491774,0.0065047310376462365,0.0017501994155633544,0.005715643980290973,0.0012823630369466054,1.633429305769596e-05,1.644454958826703e-06,0.003950388464660088,0.0011271721355584447,0.005031715079092464,3.713132260741935,1.6084582910804281,0.0
32,6664,7.274863876483661,0.00648282837396693,0.00174430616203005,0.005696326078938056,0.0012780288687003355,1.6224065412018263e-05,1.6333577905627188e-06,0.0039370050958517895,0.0011233534325282063,0.0050146340008695445,3.713144323258625,1.6084617218668318,0.0
32,6668,7.279230541475548,0.006461000013397851,0.0017384329009083215,0.005677074041619795,0.0012737094777221735,1.61145848451838e-05,1.622335834461517e-06,0.003923667500934154,0.0011195477902525123,0.004997611509605252,3.7131563427760614,1.6084651389972704,0.0
32,6672,7.283597206467435,0.006439245701343738,0.00173257956369534,0.005657887641088472,0.0012694048130267757,1.6005846291022863e-05,1.6113885804864606e-06,0.0039103755212994236,0.0011157551634754979,0.004980647401458576,3.713168319450473,1.608468542527468,0.0
32,6676,7.287963871459321,0.006417565184093525,0.0017267460821261827,0.005638766650893363,0.001265114823807612,1.5897844683365747e-05,1.6005155186009128e-06,0.0038971289988994164,0.0011119755071009637,0.00496374147331201,3.7131802534375082,1.6084719325129153,0.0
32,6680,7.2923305364512085,0.006395958208817633,0.0017209323881731053,0.005619710845378204,0.0012608394594363975,1.579057499867531e-05,1.5897161430602706e-06,0.0038839277762436923,0.0011082087761918515,0.004946893522768134,3.7131921448922336,1.6084753090088701,0.0
32,6684,7.296697201443095,0.0063744245235646665,0.0017151384140446525,0.005600719999678256,0.0012565786694624336,1.568403227025783e-05,1.5789899538426416e-06,0.0038707716963975263,0.001104454925969667,0.00493010334814955,3.713203993969139,1.6084786720703579,0.0
32,6688,7.3010638664349825,0.0063529638772582275,0.0017093640921848,0.005581793889717327,0.0012523324036119413,1.557821151720873e-05,1.5683364494954557e-06,0.0038576606029797735,0.001100713911813869,0.00491337074849393,3.7132158008221388,1.6084820217521731,0.0
32,6692,7.305430531426869,0.006331576019693902,0.001703609355272145,0.0055629322922050705,0.0012481006117874528,1.5473107850993983e-05,1.5577551378655488e-06,0.0038445943401609647,0.0010969856892613277,0.00489669552355099,3.7132275656045746,1.6084853581088807,0.0
32,6696,7.3097971964187565,0.0063102607015361155,0.0016978741362190597,0.005544134984634059,0.0012438832440671572,1.5368716375974145e-05,1.547245526084418e-06,0.0038315727526612247,0.00109327021400573,0.004880077473782943,3.713239288469214,1.6084886811948162,0.0
32,6700,7.314163861410643,0.006289017674315014,0.001692158368170851,0.005525401745276978,0.0012396802507042691,1.52650322320369e-05,1.5368071248602541e-06,0.0038185956857483,0.0010895674418970164,0.004863516400358697,3.7132509695682594,1.6084919910640876,0.0
32,6704,7.31853052640253,0.006267846690423438,0.0016864619845049485,0.005506732353183852,0.0012354915821264076,1.5162050608807931e-05,1.5264394499086215e-06,0.003805662985235595,0.0010858773289408221,0.004847012105153478,3.7132626090533445,1.6084952877705754,0.0
32,6708,7.322897191394417,0.006246747503114315,0.0016807849188302008,0.0054881265881796155,0.0012313171889350505,1.5059766724334622e-05,1.516142019806439e-06,0.003792774497480429,0.0010821998312979771,0.004830564390744277,3.713274207075539,1.6084985713679347,0.0
32,6712,7.327263856386304,0.0062257198664969066,0.0016751271049858664,0.005469584230860756,0.0012271570219047816,1.4958175839296928e-05,1.5059143574226592e-06,0.003779930069381696,0.001078534905283841,0.004814173060409499,3.7132857637853496,1.608501841909595,0.0
32,6716,7.331630521378191,0.006204763535533743,0.0016694884770407893,0.005451105062592471,0.0012230110319826522,1.4857273207269373e-05,1.4957559849108962e-06,0.003767129548377827,0.0010748825073677204,0.00479783791812407,3.7132972793327244,1.6085050994487629,0.0
32,6720,7.335997186370078,0.006183878266038678,0.001663868969292876,0.005432688865506897,0.0012188791702877847,1.4757054159986183e-05,1.4856664322934916e-06,0.0037543727824455486,0.0010712425941725144,0.004781558768558592,3.7133087538670506,1.6085083440384202,0.0
32,6724,7.340363851361965,0.006163063814672716,0.0016582685162679712,0.00541433542249931,0.0012147613881105196,1.4657514043392439e-05,1.4756452310234651e-06,0.0037416596200971924,0.001067615122473948,0.004765335417076829,3.713320187537163,1.6085115757313277,0.0
32,6728,7.344730516353852,0.006142319938941502,0.0016526870527191835,0.005396044517225805,0.001210657636911894,1.4558648217644077e-05,1.4656919139845136e-06,0.0037289899103790454,0.0010640000492001002,0.004749167669732268,3.713331580491339,1.6085147945800253,0.0
32,6732,7.349097181345739,0.006121646397192329,0.0016471245136260805,0.005377815934100594,0.001206567868323038,1.4460452121056733e-05,1.4558060219290626e-06,0.003716363502869448,0.0010603973314308622,0.00473305533326536,3.7133429328773078,1.6085180006368323,0.0
32,6736,7.353463846337625,0.00610104294861091,0.0016415808341938196,0.005359649458293049,0.0012024920341445076,1.4362921170629761e-05,1.4459870934635207e-06,0.0037037802476766984,0.0010568069263973386,0.0047169982151018105,3.713354244842247,1.6085211939538488,0.0
32,6740,7.357830511329513,0.00608050935321906,0.0016360559498525243,0.005341544875725579,0.0011984300863458121,1.4266050833100508e-05,1.4362346722016687e-06,0.0036912399954375555,0.0010532287914814217,0.0047009961233517045,3.7133655165327872,1.6085243745829563,0.0
32,6744,7.362197176321399,0.0060600453718707556,0.001630549796256224,0.005323501973070039,0.0011943819770646052,1.4169836632049737e-05,1.4265483074799983e-06,0.003678742597314687,0.0010496628842150612,0.004685048866802592,3.713376748095014,1.6085275425758196,0.0
32,6748,7.366563841313287,0.006039650766250046,0.0016250623092822923,0.005305520537745813,0.0011903476586062572,1.4074274098163642e-05,1.4169275493503411e-06,0.003666287904995323,0.0010461091622798822,0.004669156254920795,3.7133879396744702,1.608530697983887,0.0
32,6752,7.370930506305173,0.006019325298867701,0.0016195934250305456,0.00528760035791677,0.001186327083443171,1.3979358776339268e-05,1.4073719492952052e-06,0.003653875770689098,0.0010425675835065678,0.004653318097847639,3.713399091416156,1.6085338408583907,0.0
32,6756,7.375297171297061,0.005999068733058354,0.0016141430798224726,0.005269741222488647,0.0011823202042141952,1.3885086275422509e-05,1.39788106523515e-06,0.0036415060471262067,0.0010390381058743342,0.004637534206397962,3.713410203464534,1.6085369712503492,0.0
32,6760,7.379663836288947,0.005978880832977884,0.001608711210200531,0.005251942921106637,0.0011783269737240829,1.3791452232680967e-05,1.3884544579520896e-06,0.0036291785875556836,0.0010355206875104384,0.004621804392055716,3.71342127596353,1.6085400892105672,0.0
32,6764,7.384030501280835,0.005958761363599788,0.0016032977529271725,0.005234205244152131,0.0011743473449427604,1.369845227117139e-05,1.3790916867972608e-06,0.003616893245743115,0.001032015286689527,0.004606128466972078,3.7134323090565333,1.6085431947896367,0.0
32,6768,7.388397166272721,0.005938710090713188,0.0015979026449843038,0.005216527982740845,0.0011703812710049078,1.3606082099215655e-05,1.369792319705967e-06,0.003604649875969304,0.001028521861833254,0.004590506243965969,3.713443302886402,1.6085462880379378,0.0
32,6772,7.392763831264609,0.005918726780919205,0.001592525823572314,0.005198910928719555,0.0011664287052092258,1.3514337425135636e-05,1.360555924613512e-06,0.003592448333027969,0.0010250403715096243,0.00457493753651667,3.7134542575954628,1.6085493690056398,0.0
32,6776,7.397130496256495,0.00589881120162858,0.0015871672261094324,0.005181353874663887,0.00116248960101794,1.3423213992780347e-05,1.3513820730318935e-06,0.0035802884722241682,0.0010215707744325446,0.004559422158765724,3.7134651733255133,1.6085524377427023,0.0
32,6780,7.401497161248383,0.005878963121058879,0.0015818267902309778,0.005163856613875785,0.0011585639120562327,1.333270757442051e-05,1.342270339334465e-06,0.003568170149372518,0.0010181130294613153,0.004543959925512102,3.7134760502178255,1.6085554942988753,0.0
32,6784,7.405863826240269,0.00585918230823082,0.0015765044537883685,0.005146418940380168,0.0011546515921114931,1.3242813956537702e-05,1.3332202993252584e-06,0.003556093220794833,0.0010146670955999558,0.0045285506522100465,3.713486888413145,1.608558538723702,0.0
32,6788,7.410230491232156,0.005839468532966206,0.0015712001548485678,0.0051290406489230365,0.0011507525951328925,1.3153528996667774e-05,1.3242315359616936e-06,0.0035440575433187812,0.0010112329319968223,0.0045131941549674485,3.7134976880516963,1.608561571066517,0.0
32,6792,7.414597156224043,0.005819821565885051,0.0015659138316933105,0.005111721534968847,0.0011468668752307952,1.3064848531030293e-05,1.3153036300551746e-06,0.0035320629742760234,0.001007810497944076,0.004497890250544206,3.7135084492731827,1.6085645913764495,0.0
32,6796,7.41896382121593,0.005800241178402763,0.0015606454228183442,0.005094461394697926,0.0011429943866761783,1.2976768452688248e-05,1.3064361681398161e-06,0.003520109371500387,0.0010043997528771625,0.004482638756346654,3.7135191722167886,1.608567599702423,0.0
32,6800,7.423330486207817,0.005780727142726967,0.0015553948669325746,0.005077260025003628,0.0011391350838999934,1.2889284690231761e-05,1.297628740326428e-06,0.00350819659332587,0.0010010006563742418,0.004467439490429488,3.713529857021182,1.6085705960931558,0.0
32,6804,7.427697151199704,0.005761279231854883,0.0015501621029573608,0.005060117223489883,0.0011352889214926178,1.2802393165145531e-05,1.2888809360104803e-06,0.0034963244985848885,0.0009976131681556887,0.004452292271490325,3.713540503824515,1.6085735805971637,0.0
32,6808,7.432063816191591,0.0057418972195706795,0.0015449470700258027,0.005043032788468804,0.0011314558542033161,1.2716089855757673e-05,1.2801923503101551e-06,0.0034844929466065905,0.0009942372480836112,0.004437196918867552,3.7135511127644296,1.6085765532627594,0.0
32,6812,7.436430481183478,0.005722580880442507,0.001539749707481942,0.0050260065189580184,0.0011276358369396425,1.2630370761712584e-05,1.2715625804896507e-06,0.0034727017972149853,0.0009908728561613177,0.004422153252540631,3.7135616839780545,1.608579514138053,0.0
32,6816,7.440797146175365,0.005703329989819978,0.0015345699548800855,0.00500903821467829,0.0011238288247669077,1.2545231925287226e-05,1.262991228105199e-06,0.0034609509107272323,0.0009875199525328272,0.0044071610931238885,3.7135722176020107,1.6085824632709547,0.0
32,6820,7.445163811167252,0.005684144323830927,0.001529407751983933,0.004992127676050653,0.0011200347729075342,1.2460669374547706e-05,1.254477893282354e-06,0.0034492401479516424,0.0009841784974823008,0.0043922202618669835,3.7135827137724124,1.6085854007091736,0.0
32,6824,7.449530476159139,0.005665023659379443,0.0015242630387660473,0.004975274704194541,0.0011162536367406383,1.2376679201508978e-05,1.24602218258472e-06,0.003437569370186338,0.0009808484514336577,0.0043773305806522975,3.7135931726248685,1.6085883265002199,0.0
32,6828,7.4538971411510255,0.005645967774142383,0.0015191357554069165,0.0049584791009246705,0.0011124853718013296,1.2293257512396849e-05,1.2376237040065787e-06,0.00342593843921706,0.0009775297749499512,0.00436249187199207,3.7136035942944847,1.6085912406914054,0.0
32,6832,7.458263806142913,0.005626976446567026,0.001514025842294323,0.004941740668748865,0.0011087299337802236,1.2210400420542555e-05,1.2292820662575514e-06,0.0034143472173156298,0.0009742224287329275,0.0043477039590259165,3.713613978915867,1.6085941433298445,0.0
32,6836,7.4626304711347995,0.005608049455868239,0.0015089332400225809,0.004925059210865485,0.0011049872785228645,1.2128104117437033e-05,1.2209968859159866e-06,0.003402795567238121,0.000970926373622507,0.004332966665518144,3.713624326623121,1.6085970344624543,0.0
32,6840,7.466997136126687,0.005589186582025687,0.0015038578893917841,0.004908434531160876,0.0011012573620291536,1.2046364780360364e-05,1.2127677781295552e-06,0.003391283352223075,0.0009676415705962724,0.004318279815857313,3.713634637549855,1.6085999141359568,0.0
32,6844,7.4713638011185735,0.005570387605781602,0.0014987997314072085,0.004891866434207347,0.0010975401404528945,1.1965178615014338e-05,1.204594360907284e-06,0.0033798104359900535,0.0009643679807690576,0.0043036432350524465,3.7136449118291823,1.6086027823968783,0.0
32,6848,7.47573046611046,0.005551652308637355,0.0014937587072783873,0.004875354725260045,0.0010938355701010927,1.1884541862627884e-05,1.1964762558348942e-06,0.003368376682737442,0.0009611055653923198,0.0042890567487308285,3.713655149593723,1.6086056392915513,0.0
32,6852,7.480097131102347,0.0055329804728511435,0.00148873475841849,0.004858899210254834,0.0010901436074334794,1.1804450771535357e-05,1.1884130852134456e-06,0.003356981957140947,0.0009578542858537115,0.004274520183136847,3.713665350975606,1.608608484866115,0.0
32,6856,7.484463796094234,0.005514371881435744,0.001483727826443717,0.004842499695806264,0.0010864642090620562,1.1724901668230814e-05,1.180404479212726e-06,0.003345626124352159,0.0009546141036766699,0.0042600333651278115,3.71367551610647,1.608611319166516,0.0
32,6860,7.488830461086121,0.005495826318155057,0.0014787378531723704,0.00482615598920441,0.001082797331750385,1.1645890829470318e-05,1.1724500629951514e-06,0.003334309049996324,0.000951384980519781,0.004245596122174127,3.7136856451174656,1.6086141422385087,0.0
32,6864,7.493197126078008,0.005477343567521985,0.001473764780624284,0.0048098678984129515,0.0010791429324131588,1.1567414617275062e-05,1.1645494703072037e-06,0.0033230306001709826,0.0009481668781763922,0.004231208282355183,3.7136957381392577,1.6086169541276574,0.0
32,6868,7.497563791069895,0.005458923414795799,0.001468808551020112,0.004793635232066751,0.0010755009681156563,1.1489469379455386e-05,1.1567023334646882e-06,0.0033117906414442517,0.0009449597585741208,0.004216869674357138,3.7137057953020283,1.6086197548793364,0.0
32,6872,7.501930456061782,0.00544056564597902,0.0014638691067804927,0.004777457799469042,0.0010718713960731125,1.1412051520665045e-05,1.1489082905061201e-06,0.003300589040852859,0.0009417635837742941,0.004202580127473619,3.7137158167354745,1.60862254453873,0.0
32,6876,7.506297121053669,0.00542227004781528,0.001458946390525472,0.004761335410589467,0.0010682541736502784,1.1335157459768652e-05,1.1411669809006934e-06,0.0032894256659007394,0.0009385783159715482,0.004188339471598919,3.7137258025688165,1.608625323150835,0.0
32,6880,7.510663786045556,0.005404036407786765,0.0014540403450738146,0.004745267876061735,0.0010646492583608945,1.1258783615630819e-05,1.1334780441176019e-06,0.0032783003845573777,0.0009354039174933559,0.004174147537229306,3.7137357529307944,1.60862809076046,0.0
32,6884,7.515030451037443,0.005385864514111366,0.0014491509134422383,0.004729255007181044,0.0010610566078671129,1.1182926471065002e-05,1.1258411260640888e-06,0.003267213065255997,0.000932240350799509,0.004160004155459857,3.7137456679496696,1.6086308474122268,0.0
32,6888,7.51939711602933,0.005367754155739848,0.0014442780388446525,0.004713296615901499,0.0010574761799789193,1.1107582508884661e-05,1.1182558726473983e-06,0.0032561635768917387,0.0009290875784815995,0.004145909157981452,3.713755547753232,1.6086335931505718,0.0
32,6892,7.523763781021217,0.0053497051223536886,0.001439421664691576,0.004697392514834157,0.0010539079326536925,1.1032748219008681e-05,1.1107219304901127e-06,0.0032451517888202725,0.0009259455632626229,0.004131862377079605,3.713765392468797,1.6086363280197455,0.0
32,6896,7.528130446013104,0.005331717204362648,0.0014345817345894833,0.004681542517244779,0.0010503518239957006,1.0958420183726503e-05,1.1032389555142208e-06,0.003234177570856207,0.0009228142679965246,0.004117863645632627,3.7137752022232076,1.6086390520638145,0.0
32,6900,7.532497111004991,0.0053137901929016,0.001429758192339952,0.0046657464370509685,0.0010468078122554602,1.0884594914273293e-05,1.0958065964883216e-06,0.003223240793271074,0.0009196936556676248,0.004103912797107697,3.7137849771428395,1.6086417653266618,0.0
32,6904,7.536863775996878,0.005295923879828245,0.0014249509819390478,0.004650004088820099,0.0010432758558292692,1.0811269021360204e-05,1.0884245121957595e-06,0.003212341326791867,0.0009165836893902014,0.00409000966556101,3.7137947173535992,1.6086444678519873,0.0
32,6908,7.541230440988764,0.005278118057721114,0.0014201600475767869,0.004634315287767475,0.0010397559132587961,1.0738439101487529e-05,1.0810923599892e-06,0.003201479042599736,0.0009134843324081176,0.004076154085634523,3.7138044229809277,1.608647159683309,0.0
32,6912,7.545597105980652,0.005260372519876078,0.0014153853336361965,0.00461867984975316,0.0010362479432303678,1.0666101786682702e-05,1.0738098007980045e-06,0.003190653812327749,0.0009103955480941837,0.004062345892552218,3.7138140941498023,1.6086498408639638,0.0
32,6916,7.549963770972538,0.005242687060304401,0.0014106267846927924,0.004603097591280212,0.0010327519045745732,1.059425372318401e-05,1.066576496982211e-06,0.0031798655080596478,0.0009073172999498013,0.004048584922121666,3.7138237309847377,1.608652511437108,0.0
32,6920,7.554330435964426,0.0052250614737299255,0.0014058843455138205,0.00458756832949212,0.001029267756265689,1.0522891599862305e-05,1.0593921151938918e-06,0.003169114002328038,0.0009042495516044471,0.004034871010728335,3.713833333609788,1.6086551714457187,0.0
32,6924,7.558697100956312,0.005207495555587211,0.001401157961057756,0.004572091882171105,0.0010257954574212967,1.045201209848301e-05,1.0522563213697798e-06,0.0031583991681131884,0.0009011922668153305,0.004021203995336286,3.7138429021485484,1.6086578209325932,0.0
32,6928,7.5630637659482,0.005189989102018051,0.001396447576473366,0.004556668067734934,0.0010223349673015704,1.038161195054954e-05,1.0451687864539798e-06,0.003147720878840773,0.0008981454094667494,0.004007583713483777,3.7138524367241574,1.6086604599403518,0.0
32,6932,7.567430430940086,0.005172541909869812,0.0013917531370992644,0.004541296705235443,0.0010188862453089438,1.031168789467074e-05,1.0381291821059365e-06,0.0031370790083808447,0.0008951089435697973,0.003994010003283068,3.7138619374592983,1.6086630885114364,0.0
32,6936,7.571797095931974,0.005155153776692404,0.0013870745884630934,0.004525977614355772,0.0010154492509874891,1.0242236683666306e-05,1.0311371814157719e-06,0.0031264734310458737,0.0008920828332618031,0.003980482703416441,3.7138714044762002,1.6086657066881127,0.0
32,6940,7.57616376092386,0.005137824500736377,0.0013824118762810153,0.004510710615408598,0.0010120239440225228,1.0173255134304782e-05,1.0241924639116581e-06,0.0031159040215894937,0.0008890670428059738,0.003967001653136201,3.713880837896641,1.6086683145124707,0.0
32,6944,7.5805304259157475,0.005120553880949946,0.001377764946456909,0.004495495529333463,0.0010086102842400042,1.0104740034933002e-05,1.0172947062604114e-06,0.003105370655204625,0.0008860615365908595,0.0039535666922612305,3.713890237841948,1.6086709120264253,0.0
32,6948,7.584897090907634,0.005103341716976251,0.0013731337450816339,0.0044803321776943,0.0010052082316059812,1.0036688216530365e-05,1.010443589420882e-06,0.0030948732075217348,0.0008830662791298557,0.003940177661175078,3.713899604433,1.6086734992717167,0.0
32,6952,7.5892637558995215,0.0050861878091520455,0.0013685182184326773,0.004465220382678176,0.0010018177462263085,9.969096545603406e-06,1.003638797928614e-06,0.0030844115546079264,0.0008800812350609446,0.003926834400825021,3.7139089377902303,1.6086760762899115,0.0
32,6956,7.593630420891408,0.005069091958504193,0.0013639183129732107,0.004450159967092149,0.0009984387883459416,9.901961874447807e-06,9.968800148884743e-07,0.0030739855729647356,0.0008771063691460655,0.003913536752717456,3.7139182380336253,1.6086786431224045,0.0
32,6960,7.5979970858832955,0.005052053966747725,0.001359333975351569,0.004435150754361516,0.0009950713183485445,9.835281119308092e-06,9.901669298433798e-07,0.0030635951395269053,0.000874141646270766,0.0039002845589190096,3.71392750528273,1.6086811998104167,0.0
32,6964,7.602363750875182,0.005035073636283314,0.0013547651524005683,0.004420192568527461,0.0009917152967559623,9.769051182217936e-06,9.83499230905569e-07,0.0030532401316606984,0.0008711870314437199,0.0038870776620532448,3.713936739656646,1.608683746394999,0.0
32,6968,7.6067304158670686,0.005018150770194647,0.0013502117911368009,0.004405285234244716,0.0009883706842276944,9.703269014949001e-06,9.768766111946536e-07,0.003042920427162266,0.0008682424897962616,0.0038739159052970907,3.713945941274037,1.6086862829170312,0.0
32,6972,7.611097080858956,0.005001285172246508,0.0013456738387601199,0.004390428576779781,0.0009850374415604983,9.637931555062096e-06,9.702987623995666e-07,0.0030326359042563804,0.0008653079865820254,0.0038607991323812026,3.7139551102531274,1.6086888094172236,0.0
32,6976,7.6154637458508425,0.004984476646882026,0.0013411512426528957,0.004375622422008457,0.0009817155296878328,9.573035796961449e-06,9.63765381931953e-07,0.003022386441594707,0.0008623834871764514,0.0038477271875873346,3.713964246711704,1.6086913259361169,0.0
32,6980,7.61983041084273,0.0049677249992203555,0.0013366439503793956,0.004360866596413714,0.0009784049096793828,9.508578742156715e-06,9.572761679187963e-07,0.0030121719182542913,0.0008594689570763543,0.0038346999157453294,3.7139733507671204,1.608693832514083,0.0
32,6984,7.6241970758346165,0.0049510300350543305,0.0013321519096851503,0.004346160927083551,0.0009751055427405763,9.44455741347383e-06,9.508308206330966e-07,0.0030019922137360404,0.0008565643618994903,0.0038217171622317784,3.7139824225362963,1.608696329191327,0.0
32,6988,7.628563740826504,0.0049343915608480475,0.0013276750684963038,0.004331505241708818,0.0009718173902120978,9.380968840844162e-06,9.444290410631933e-07,0.0029918472079632024,0.0008536696673841228,0.0038087787729684597,3.71399146213572,1.6086988160078866,0.0
32,6992,7.63293040581839,0.004917809383734634,0.001323213374919014,0.004316899368581169,0.0009685404135694281,9.317810089726208e-06,9.380705337741199e-07,0.002981736781279909,0.0008507848393886068,0.0037958845944189145,3.7140004696814484,1.6087012930036328,0.0
32,6996,7.637297070810278,0.004901283311513517,0.0013187667772387164,0.0043023431365906036,0.0009652745744222932,9.255078239789327e-06,9.31755004761588e-07,0.00297166081444945,0.0008479098438908965,0.0037830344735898663,3.714009445289112,1.6087037602182719,0.0
32,7000,7.641663735802164,0.004884813152648755,0.0013143352239196767,0.004287836375223923,0.0009620198345143171,9.192770392019156e-06,9.254821621673258e-07,0.0029616191886531777,0.0008450446469882327,0.0037702282580245597,3.7140183890739142,1.6087062176913443,0.0
32,7004,7.646030400794052,0.004868398716266029,0.0013099186636041798,0.004273378914562013,0.0009587761557224132,9.13088368292847e-06,9.192517177097559e-07,0.002951611785488591,0.0008421892148965961,0.0037574657958045618,3.7140273011506326,1.608708665462227,0.0
32,7008,7.650397065785938,0.004852039812150644,0.0013055170451119933,0.00425897058527802,0.0009555435000563743,9.06941523481919e-06,9.130633816766233e-07,0.0029416384869680482,0.0008393435139503401,0.0037447469355459152,3.714036181633622,1.6087111035701331,0.0
32,7012,7.654763730777826,0.004835736250745253,0.001301130317439754,0.004244611218635275,0.0009523218296584077,9.00836220552037e-06,9.069168679323672e-07,0.002931699175517303,0.0008365075106017729,0.0037320715263976503,3.714045030636815,1.6087135320541135,0.0
32,7016,7.659130395769712,0.004819487843147588,0.0012967584297603582,0.0042303006464852605,0.0009491111068026776,8.947721795493635e-06,9.008118946334605e-07,0.002921793733974072,0.0008336811714207492,0.0037194394180406778,3.7140538482737235,1.6087159509530564,0.0
32,7020,7.6634970607616,0.004803294401107724,0.0012924013314222255,0.004216038701265081,0.0009459112938947392,8.887491176778894e-06,8.947481770750206e-07,0.0029119220455862435,0.0008308644630941585,0.0037068504606848677,3.7140626346574424,1.608718360305689,0.0
32,7024,7.667863725753486,0.004787155737026211,0.0012880589719487957,0.004201825215995798,0.000942722353471164,8.827667585364907e-06,8.887254369902146e-07,0.0029020839940107094,0.0008280573524255921,0.00369430450506674,3.714071389900647,1.6087207601505777,0.0
32,7028,7.672230390745373,0.004771071663951642,0.001283731301037874,0.004187660024280217,0.0009395442481990442,8.768248250135002e-06,8.827433953968708e-07,0.0028922794633118062,0.0008252598063348984,0.0036818014024489146,3.7140801141155997,1.608723150526129,0.0
32,7032,7.67659705573726,0.004755041995578459,0.001279418268561043,0.004173542960300876,0.0009363769408755401,8.709230435499649e-06,8.768017768895124e-07,0.0028825083379598842,0.0008224717918577746,0.003669341004617405,3.714088807414148,1.6087255314705902,0.0
32,7036,7.680963720729147,0.004739066546244574,0.0012751198245630195,0.004159473858817912,0.0009332203944274031,8.650611398763886e-06,8.709003053473233e-07,0.002872770502829817,0.0008196932761453412,0.0036569231638802877,3.714097469907726,1.6087279030220496,0.0
32,7040,7.685330385721034,0.0047231451309294225,0.0012708359192611328,0.004145452555167255,0.0009300745719105688,8.592388446970745e-06,8.650387096568598e-07,0.002863065843199715,0.0008169242264637749,0.00364454773306491,3.714106101707358,1.6087302652184379,0.0
32,7044,7.689697050712921,0.004707277565251247,0.0012665665030445932,0.004131478885258203,0.0009269394365096146,8.534558901374112e-06,8.59216720135356e-07,0.0028533942447492248,0.0008141646101938239,0.003632214565516841,3.71411470292366,1.6087326180975279,0.0
32,7048,7.694063715704808,0.004691463665464647,0.0012623115264738325,0.004117552685571158,0.0009238149515372503,8.477120061911592e-06,8.534340649540294e-07,0.0028437555935579275,0.0008114143948303503,0.0036199235150969813,3.7141232736668393,1.6087349616969369,0.0
32,7052,7.698430380696695,0.004675703248459434,0.0012580709402801964,0.004103673793156621,0.0009207010804340932,8.420069306680489e-06,8.476904801528253e-07,0.0028341497761046274,0.000808673547982127,0.0036076744361810222,3.714131814046697,1.6087372960541253,0.0
32,7056,7.702797045688582,0.004659996131757353,0.0012538446953650622,0.0040898420456321775,0.0009175977867679926,8.363403992461826e-06,8.419856996256725e-07,0.0028245766792652344,0.0008059420373712345,0.0035954671836571335,3.71414032417263,1.608739621206399,0.0
32,7060,7.707163710680469,0.00464434213351037,0.0012496327427993783,0.004076057281180969,0.0009145050342336849,8.307121490247482e-06,8.363194586971772e-07,0.002815036190311671,0.0008032198308327479,0.003583301612923764,3.714148804153632,1.6087419371909086,0.0
32,7064,7.711530375672356,0.00462874107249833,0.0012454350338230327,0.004062319338549559,0.0009114227866523167,8.25121920655647e-06,8.306914962686404e-07,0.0028055281969103863,0.0008005068963143134,0.003571177579887831,3.7141572540982954,1.608744244044651,0.0
32,7068,7.715897040664243,0.004613192768126465,0.0012412515198441847,0.00404862805704568,0.0009083510079709386,8.195694583434943e-06,8.251015548180577e-07,0.002796052587120756,0.0007978032018756919,0.003559094940962246,3.7141656741148124,1.6087465418044704,0.0
32,7072,7.72026370565613,0.004597697040423963,0.0012370821524388782,0.004034983276536896,0.0009052896622622047,8.140545027401913e-06,8.195493732467299e-07,0.002786609249394133,0.0007951087156884878,0.0035470535530672293,3.7141740643109777,1.6087488305070576,0.0
32,7076,7.724630370648017,0.004582253710040763,0.0012329268833501798,0.0040213848374477425,0.0009022387137237318,8.085768023136097e-06,8.14034698324686e-07,0.0027771980725718494,0.0007924234060355789,0.003535053273623346,3.7141824247941875,1.6087511101889518,0.0
32,7080,7.728997035639904,0.004566862598246355,0.001228785664487856,0.0040078325807586055,0.0008991981266778471,8.03136100557822e-06,8.085572718145825e-07,0.0027678189458844086,0.0007897472413108862,0.0035230939605545115,3.714190755671444,1.6087533808865409,0.0
32,7084,7.733363700631791,0.004551523526927015,0.0012246584479276294,0.003994326348003235,0.0008961678655710308,7.977321494934131e-06,8.031168440631427e-07,0.002758471758949743,0.0007870801900188768,0.003511175472283799,3.7141990570493544,1.6087556426360616,0.0
32,7088,7.737730365623677,0.004536236318583667,0.001220545185910603,0.003980865981266765,0.0008931478949734716,7.923646990093403e-06,7.977131632710733e-07,0.0027491564017718107,0.0007844222207741627,0.003499297667730978,3.7142073290341338,1.6087578954736013,0.0
32,7092,7.7420970306155645,0.004521000796329841,0.0012164458308427113,0.0039674513231839036,0.000890138179578661,7.870335011261886e-06,7.923459797850977e-07,0.002739872764739322,0.0007817733023011387,0.003487460406312765,3.714215571731607,1.6087601394350977,0.0
32,7096,7.746463695607451,0.00450581678388959,0.0012123603352941588,0.003954082216937018,0.0008871386842029632,7.817383099961717e-06,7.870150460979561e-07,0.002730620738624396,0.0007791334034335975,0.0034756635479398423,3.7142237852472086,1.6087623745563395,0.0
32,7100,7.7508303605993385,0.004490684105595634,0.0012082886519989224,0.003940758506254437,0.0008841493737852343,7.764788811925882e-06,7.817201161330661e-07,0.002721400214581342,0.0007765024931143837,0.0034639069530150862,3.7142319696859847,1.608764600872968,0.0
32,7104,7.755197025591225,0.004475602586386108,0.0012042307338538745,0.00392748003540755,0.0008811702133861721,7.712549724203654e-06,7.764609459598626e-07,0.0027122110841446487,0.000773880540394819,0.0034521904824323163,3.714240125152597,1.6087668184204762,0.0
32,7108,7.7595636905831125,0.004460572051803907,0.0012001865339186085,0.003914246649210154,0.0008782011681881688,7.660663420949732e-06,7.712372923631189e-07,0.0027030532392284946,0.0007712675144345625,0.00344051399757338,3.7142482517513193,1.6087690272342103,0.0
32,7112,7.763930355574999,0.004445592327993499,0.0011961560054145792,0.0039010581930155976,0.0008752422034946703,7.609127521845949e-06,7.66048915704303e-07,0.0026939265721247453,0.0007686633845010399,0.0034288773603081374,3.714256349586045,1.6087712273493713,0.0
32,7116,7.768297020566886,0.004430663241699322,0.0011921391017246739,0.003887914512715321,0.0008722932847298489,7.557939646574141e-06,7.608955763448828e-07,0.00268483097550193,0.0007660681199691506,0.003417280432991003,3.714264418760281,1.608773418801013,0.0
32,7120,7.772663685558773,0.004415784620263411,0.0011881357763925716,0.0038748154547366908,0.0008693543774381179,7.507097414816144e-06,7.557770346463266e-07,0.002675766342403705,0.0007634816903208301,0.0034057230784605343,3.7142724593771583,1.6087756016240453,0.0
32,7124,7.77703035055066,0.004400956291623596,0.0011841459831222606,0.0038617608660413707,0.000866425447283765,7.4565985030972115e-06,7.506930566928133e-07,0.0026667325662477087,0.0007609040651447229,0.0033942051600369828,3.714280471539426,1.6087777758532338,0.0
32,7128,7.781397015542547,0.0043861780843112465,0.0011801696757774288,0.003848750594123273,0.0008635064600504938,7.40644058083717e-06,7.456434078531835e-07,0.0026577295408241196,0.000758335214135771,0.003382726541520234,3.7142884553494557,1.6087799415231998,0.0
32,7132,7.785763680534434,0.004371449827448946,0.00117620680838084,0.0038357844870064712,0.0008605973816409547,7.356621317455847e-06,7.406278534962772e-07,0.0026487571602941897,0.0007557751070947957,0.003371287087189848,3.7142964109092427,1.6087820986684214,0.0
32,7136,7.790130345526321,0.004356771350748618,0.0011722573351138302,0.003822862393243465,0.0008576981780763558,7.307138446321915e-06,7.35646165428985e-07,0.002639815319189009,0.0007532237139281447,0.003359886661800212,3.7143043383204075,1.608784247323235,0.0
32,7140,7.794497010518207,0.004342142484510179,0.0011683212103159423,0.003809984161913979,0.0008548088154961939,7.257989665276909e-06,7.306981118815028e-07,0.002630903912408672,0.0007506810046474545,0.0033485251305815714,3.714312237684197,1.608786387521834,0.0
32,7144,7.798863675510095,0.0043275630596180305,0.001164398388483985,0.0037971496426217797,0.0008519292601575395,7.209172714794931e-06,7.257834653760598e-07,0.002622022835220026,0.0007481469493690081,0.003337202359238255,3.714320109101485,1.608788519298271,0.0
32,7148,7.803230340501981,0.004313032907540332,0.0011604888242718364,0.0037843586854940017,0.0008490594784348864,7.160685335350081e-06,7.209019984348856e-07,0.0026131719832561944,0.0007456215183135988,0.003325918213944657,3.714327952672777,1.6087906426864582,0.0
32,7152,7.807597005493869,0.004298551860325848,0.0011565924724895949,0.0037716111411783275,0.0008461994368195184,7.112525302943595e-06,7.160534871569036e-07,0.0026043512525146073,0.0007431046818059678,0.003314672561345468,3.7143357684982066,1.608792757720167,0.0
32,7156,7.811963670485755,0.004284119750602983,0.00115270928810332,0.0037589068608420515,0.0008433491019192998,7.064690407787566e-06,7.112377090717158e-07,0.002595560539356316,0.0007405964102746095,0.00330346526855365,3.7143435566775413,1.60879486443303,0.0
32,7160,7.816330335477643,0.004269736411577042,0.001148839226234296,0.0037462456961696445,0.0008405084404581284,7.01717842588323e-06,7.064544402782459e-07,0.0025867997405042936,0.0007380966742512861,0.00329229620314908,3.71435131731018,1.6087969628585406,0.0
32,7164,7.820697000469529,0.004255401677028467,0.0011449822421585563,0.003733627499361147,0.0008376774192755755,6.969987161653535e-06,7.017034597367733e-07,0.0025780687530423028,0.0007356054443707045,0.0032811652331756094,3.7143590504951596,1.608799053030053,0.0
32,7168,7.825063665461417,0.0042411153813106455,0.0011411382913062943,0.00372105212313016,0.0008348560053264349,6.92311446215399e-06,6.969845506996109e-07,0.0025693674744134715,0.0007331226913701099,0.0032700722271409776,3.7143667563311498,1.6088011349807851,0.0
32,7172,7.829430330453303,0.004226877359348223,0.0011373073292614089,0.0037085194207023267,0.0008320441656803822,6.876558160229251e-06,6.922974949883937e-07,0.0025606958024192265,0.0007306483860889819,0.003259017054013606,3.714374434916461,1.608803208743817,0.0
32,7176,7.833796995445191,0.004212687446634373,0.0011334893117607712,0.0036960292458128835,0.0008292418675214257,6.830316095829403e-06,6.876420751400957e-07,0.0025520536352175794,0.000728182499468545,0.0032479995832217514,3.7143820863490395,1.6088052743520918,0.0
32,7180,7.838163660437077,0.004198545479229928,0.001129684194693989,0.00368358145270583,0.0008264490781477195,6.784386172853374e-06,6.830180801297409e-07,0.0025434408713225247,0.0007257250025515969,0.0032370196846525285,3.7143897107264743,1.608807331838417,0.0
32,7184,7.842530325428965,0.004184451293760552,0.0011258919341026472,0.003671175896131385,0.0008236657649709935,6.738766238356675e-06,6.784252932096421e-07,0.002534857409602253,0.0007232758664819989,0.0032260772286493745,3.7143973081459962,1.6088093812354651,0.0
32,7188,7.846896990420851,0.004170404727415149,0.001122112486179879,0.0036588124313445395,0.0008208918955162284,6.6934542175545175e-06,6.738635055008402e-07,0.002526303149278134,0.0007208350625043856,0.0032151720860099796,3.714404878704477,1.608811422575773,0.0
32,7192,7.851263655412739,0.00415640561794363,0.001118345807269766,0.0036464909141030507,0.0008181274374212053,6.648448000134977e-06,6.693325045476813e-07,0.0025177779899233084,0.0007184025619637631,0.003204304127985676,3.7144124224984343,1.6088134558917435,0.0
32,7196,7.855630320404625,0.004142453803655145,0.001114591853866861,0.003634211200665824,0.0008153723584361432,6.603745525524118e-06,6.64832082901884e-07,0.0025092818314615423,0.000715978336305182,0.003193473226279785,3.7144199396240314,1.6088154812156459,0.0
32,7200,7.859996985396512,0.004128549123415947,0.001110850582615614,0.00362197314779096,0.0008126266264232608,6.559344754464291e-06,6.603620352611837e-07,0.0025008145741658443,0.0007135623570733431,0.0031826792530446424,3.7144274301770785,1.6088174985796162,0.0
32,7204,7.864363650388399,0.004114691416647435,0.0011071219503098462,0.0036097766127340283,0.0008098902093563887,6.5152436050652796e-06,6.559221520312821e-07,0.0024923761186572686,0.0007111545959122557,0.0031719220808814523,3.714434894253034,1.6088195080156582,0.0
32,7208,7.868730315380286,0.004100880523324661,0.0011034059138923477,0.0035976214532466547,0.0008071630753206531,6.471440066491141e-06,6.515122307712701e-07,0.0024839663659038946,0.0007087550245649465,0.0031612015828382817,3.7144423319470063,1.6088215095556435,0.0
32,7212,7.873096980372173,0.004087116283973666,0.0010997024304541603,0.003585507527574168,0.0008044451925119473,6.427932120800506e-06,6.471320683248998e-07,0.002475585217219198,0.0007063636148729949,0.0031505176324086036,3.7144497433537556,1.608823503231312,0.0
32,7216,7.87746364536406,0.004073398539670346,0.0010960114572342737,0.003573434694454518,0.0008017365292366894,6.384717771368287e-06,6.427814636819398e-07,0.002467232574261263,0.0007039803387763077,0.0031398701035291886,3.714457128567693,1.6088254890742733,0.0
32,7220,7.881830310355947,0.00405972713203772,0.0010923329516188886,0.0035614028131158476,0.0007990370539112766,6.341795000253114e-06,6.384602136861419e-07,0.0024589083390310924,0.000701605168312638,0.0031292588705777663,3.7144644876828834,1.6088274671160057,0.0
32,7224,7.886196975347834,0.004046101903244642,0.001088666871141072,0.003549411743275281,0.0007963467350618152,6.29916186767332e-06,6.341681230499863e-07,0.002450612413871736,0.0006992380756173353,0.0031186838083741746,3.7144718207930487,1.6088294373878589,0.0
32,7228,7.890563640339721,0.004032522696003491,0.0010850131734801347,0.003537461345136883,0.0007936655413236606,6.2568163983200975e-06,6.299049929092581e-07,0.002442344701466877,0.0006968790329229431,0.0031081447921757197,3.714479127991565,1.6088313999210524,0.0
32,7232,7.894930305331608,0.004018989353568674,0.0010813718164612276,0.00352555147939025,0.0007909934414411027,6.21475662399007e-06,6.256706251150817e-07,0.0024341051048398146,0.0006945280125589077,0.003097641697677499,3.714486409371467,1.6088333547466773,0.0
32,7236,7.899296970323495,0.004005501719734212,0.0010777427580546943,0.003513682007208356,0.0007883304042668818,6.1729806191124226e-06,6.214648258106149e-07,0.0024258935273519613,0.0006921849869511505,0.0030871744010105362,3.714493665025447,1.6088353018956971,0.0
32,7240,7.9036636353153815,0.003992059638832589,0.0010741259563757598,0.003501852790246488,0.0007856763987619502,6.131486486538051e-06,6.172874040003708e-07,0.002417709872702086,0.0006898499286218512,0.0030767427787395172,3.7145008950458593,1.6088372413989471,0.0
32,7244,7.908030300307269,0.003978662955731754,0.0010705213696837244,0.003490063690639566,0.0007830313939948708,6.090272293590715e-06,6.131381651121683e-07,0.0024095540449244417,0.0006875228101889137,0.0030663467078610725,3.7145080995247195,1.608839173287136,0.0
32,7248,7.9123969652991555,0.003965311515834581,0.0010669289563818183,0.003478314571001622,0.0007803953591416999,6.0493361360158815e-06,6.090169174351818e-07,0.0024014259483883817,0.0006852036043658568,0.0030559860658042554,3.7145152785537032,1.6088410975908454,0.0
32,7252,7.916763630291043,0.003952005165075809,0.0010633486750163785,0.00346660529442304,0.0007777682634853687,6.0086761379807285e-06,6.049234721199413e-07,0.002393325487796427,0.0006828922839612631,0.0030456607304267256,3.714522432224154,1.6088430143405312,0.0
32,7256,7.9211302952829294,0.003938743749921238,0.0010597804842766316,0.003454935724469817,0.0007751500764155166,5.968290444968716e-06,6.008576424629934e-07,0.0023852525681837353,0.0006805888218786266,0.003035370580013951,3.7145295606270774,1.608844923566524,0.0
32,7260,7.925496960274816,0.003925527117364563,0.0010562243429938433,0.003443305725180721,0.0007725407674278541,5.928177166936166e-06,5.968192381841906e-07,0.0023772070949161124,0.0006782931911157858,0.0030251154932777044,3.714536663853148,1.60884682529903,0.0
32,7264,7.929863625266703,0.003912355114926927,0.001052680210141197,0.0034317151610668496,0.0007699403061240638,5.888334484893676e-06,5.928080761567737e-07,0.002369188973689692,0.0006760053647648327,0.003014895349355201,3.7145437419927063,1.6088487195681302,0.0
32,7268,7.93423029025859,0.0038992275906542468,0.0010491480448330752,0.0034201638971092536,0.0007673486622112671,5.848760551430132e-06,5.888239703926285e-07,0.002361198110529271,0.000673725316011637,0.0030047100278058764,3.714550795135763,1.608850606403782,0.0
32,7272,7.938596955250477,0.0038861443931153877,0.001045627806324567,0.003408651798757261,0.0007647658055016478,5.809453554661559e-06,5.848667384803352e-07,0.002353234411787127,0.0006714530181355092,0.002994559408612328,3.7145578233719982,1.6088524858358195,0.0
32,7276,7.942963620242364,0.003873105371400962,0.0010421194540111462,0.0033971787319273705,0.0007621917059122047,5.77041168270398e-06,5.809361980084739e-07,0.0023452977841422326,0.0006691884445089766,0.0029844433721765967,3.7145648267907645,1.6088543578939538,0.0
32,7280,7.947330285234251,0.0038601103751207608,0.00103862294742798,0.0033857445630009588,0.0007596263334642366,5.731633130778846e-06,5.770321672809634e-07,0.0023373881345986488,0.0006669315685973243,0.002974361799319644,3.7145718054810857,1.6088562226077743,0.0
32,7284,7.951696950226138,0.0038471592544024533,0.0010351382462495781,0.0033743491588230762,0.0007570696582830718,5.693116136740173e-06,5.731544688937564e-07,0.002329505370484671,0.0006646823639583522,0.00296431457128006,3.7145787595316615,1.6088580800067482,0.0
32,7288,7.956063615218025,0.003834251859889247,0.0010316653102891646,0.003362992386700365,0.000754521650597602,5.654858910020266e-06,5.693029225814496e-07,0.0023216493994513776,0.00066244080424196,0.002954301569711474,3.7145856890308657,1.6088599301202215,0.0
32,7292,7.960430280209912,0.003821388042738637,0.0010282040994983403,0.003351674114399883,0.0007519822807400176,5.616859695578569e-06,5.654773516553343e-07,0.0023138201294717825,0.0006602068631899062,0.002944322676682828,3.714592594066749,1.6088617729774195,0.0
32,7296,7.964796945201799,0.0038085676546204075,0.0010247545739665452,0.0033403942101473314,0.0007494515191454103,5.579116752585378e-06,5.616775808573796e-07,0.0023060174688396048,0.0006579805146354567,0.002934377774674943,3.7145994747270388,1.6088636086074473,0.0
32,7300,7.969163610193686,0.003795790547714562,0.001021316693920502,0.0033291525426251602,0.000746929336351348,5.541628333105564e-06,5.579034342142159e-07,0.0022982413261679233,0.0006557617325030012,0.0029244667465802635,3.7146063310991426,1.6088654370392905,0.0
32,7304,7.973530275185573,0.003783056574710063,0.001017890419723877,0.00331794898097144,0.0007444157029976219,5.50439273183656e-06,5.541547400445067e-07,0.0022904916103883926,0.0006535504908078288,0.0029145894757015125,3.714613163270148,1.6088672583018153,0.0
32,7308,7.97789694017746,0.00377036558880274,0.0010144757118767164,0.003306783394777963,0.0007419105898258202,5.46740822215952e-06,5.50431324520899e-07,0.0022827682307499,0.0006513467636557454,0.002904745845749081,3.7146199713268224,1.6088690724237689,0.0
32,7312,7.982263605169347,0.0037577174436935826,0.001011072531014988,0.0032956556540886858,0.0007394139676789787,5.430673105877304e-06,5.467330166773952e-07,0.002275071096817466,0.00064915052524276,0.002894935740841327,3.714626755355617,1.608870879433781,0.0
32,7316,7.986630270161234,0.0037451119935868605,0.001007680837910075,0.0032845656293980538,0.000736925807501205,5.3941856990036285e-06,5.430596469786758e-07,0.002267400118471075,0.0006469617498547506,0.0028851590455013006,3.714633515442667,1.608872679360363,0.0
32,7320,7.99099693515312,0.0037325490931884803,0.0010043005934683338,0.0032735131916495157,0.0007344460803373453,5.35794431755221e-06,5.39411045889421e-07,0.0022597552059046323,0.0006447804118671671,0.0028754156446564785,3.7146402516737904,1.608874472231909,0.0
32,7324,7.995363600145008,0.003720028597704191,0.001000931758730611,0.0032624982122338485,0.0007319747573326083,5.321947305958474e-06,5.35787046735667e-07,0.0022521362696247614,0.0006426064857446877,0.0028657054236361293,3.714646964134494,1.6088762580766973,0.0
32,7328,7.999730265136894,0.0037075503628379632,0.0009975742948718075,0.003251520562987768,0.0007295118097322539,5.286192994446992e-06,5.321874814127717e-07,0.0022445432204498614,0.0006404399460409502,0.0028560282681714916,3.71465365290997,1.6088780369228892,0.0
32,7332,8.004096930128782,0.00369511424479013,0.0009942281632003786,0.0032405801161921872,0.0007270572088812016,5.2506797558748985e-06,5.286121861081268e-07,0.0022369759695088517,0.0006382807673981941,0.0028463840643941215,3.7146603180850986,1.6088798087985305,0.0
32,7336,8.008463595120668,0.003682720100255588,0.0009908933251578495,0.003229676744570622,0.000724610926223674,5.215405948888474e-06,5.250609955784459e-07,0.002229434428240071,0.0006361289245469455,0.0028367726988319814,3.7146669597444513,1.6088815737315518,0.0
32,7340,8.012830260112555,0.003670367786422163,0.0009875697423183754,0.003218810321287689,0.0007221729333028589,5.180369946344854e-06,5.215337460111207e-07,0.002221918508390204,0.0006339843923057119,0.0028271940584111907,3.7146735779722895,1.6088833317497686,0.0
32,7344,8.017196925104443,0.0036580571609687845,0.000984257376388251,0.0032079807199474827,0.0007197432017605452,5.14557015662831e-06,5.180302771702372e-07,0.002214428122013155,0.0006318471455806603,0.002817648030453346,3.7146801728525665,1.608885082880883,0.0
32,7348,8.02156359009633,0.0036457880820644824,0.00098095618920564,0.0031971878145926266,0.0007173217033369108,5.111004966806831e-06,5.145504266738648e-07,0.002206963181469362,0.0006297171593654216,0.002808134502673909,3.714686744468928,1.6088868271524823,0.0
32,7352,8.025930255088216,0.0036335604083652,0.0009776661427397175,0.0031864314797014487,0.0007149084098698877,5.076672799475546e-06,5.110940357167673e-07,0.0021995235994238327,0.0006275944087405301,0.0027986533631809,3.714693292904715,1.6088885645920412,0.0
32,7356,8.030296920080103,0.0036213739990133835,0.0009743871990905604,0.0031757115901875606,0.0007125032932950689,5.042572070124152e-06,5.076609447783696e-07,0.0021921092888458307,0.000625478868873334,0.0027892045004731386,3.7146998182429636,1.6088902952269213,0.0
32,7360,8.034663585071991,0.003609228713635811,0.0009711193204885622,0.0031650280213979184,0.000710106325645272,5.008701194242349e-06,5.042509943380969e-07,0.0021847201630075205,0.0006233705150176089,0.0027797878034397715,3.714706320566406,1.6088920190843723,0.0
32,7364,8.039030250063878,0.0035971244123420227,0.0009678624692940112,0.0031543806491113736,0.0007077174790502153,4.975058651268682e-06,5.00864031313424e-07,0.0021773561354829296,0.0006212693225132615,0.00277040316135866,3.7147127999574727,1.6088937361915316,0.0
32,7368,8.043396915055764,0.00358506095572236,0.0009646166079965628,0.003143769349536957,0.0007053367257361318,4.941642878009134e-06,4.974998983297929e-07,0.0021700171201467773,0.0006191752667859954,0.002761050463893589,3.7147192564982916,1.6088954465754253,0.0
32,7372,8.04776358004765,0.0035730382048467526,0.0009613816992149129,0.003133193999312728,0.0007029640380255116,4.908452325480539e-06,4.941584394433227e-07,0.002162703031173629,0.0006170883233470703,0.002751729601095382,3.7147256902706918,1.6088971502629685,0.0
32,7376,8.052130245039537,0.003561056021262639,0.0009581577056962391,0.0031226544755039256,0.0007005993883366871,4.875485494437726e-06,4.908395037175054e-07,0.0021554137830366205,0.000615008467792937,0.0027424404633980977,3.714732101356203,1.608898847280966,0.0
32,7380,8.056496910031425,0.0035491142669932464,0.0009549445903157367,0.0031121506556014036,0.0006982427491834814,4.842740864319239e-06,4.875429380698161e-07,0.0021481492905063466,0.0006129356758049214,0.0027331829416194957,3.7147384898360585,1.6089005376561125,0.0
32,7384,8.060863575023312,0.003537212804536463,0.0009517423160763166,0.0031016824175205977,0.000695894093174977,4.810216921669053e-06,4.842685901330686e-07,0.0021409094686501307,0.0006108699231490149,0.002723956926957952,3.7147448557911913,1.6089022214149935,0.0
32,7388,8.065230240015199,0.003525351496862748,0.0009485508461080417,0.0030912496395996618,0.0006935533930150975,4.777912174347421e-06,4.810163096860937e-07,0.0021336942328307232,0.0006088111856755044,0.002714762310992941,3.7147511993022424,1.608903898584085,0.0
32,7392,8.069596905007085,0.0035135302074134154,0.0009453701436676663,0.003080852200597905,0.0006912206215022572,4.74582515153088e-06,4.777859486537389e-07,0.0021265034987052,0.0006067594393186569,0.0027055989856819254,3.714757520449557,1.6089055691897542,0.0
32,7396,8.073963569998973,0.0035017488000991764,0.0009422001721382429,0.0030704899796944584,0.0006888957515290616,4.713954375290541e-06,4.745773582455125e-07,0.0021193371822240178,0.0006047146600964502,0.0026964668433604854,3.7147638193131858,1.6089072332582617,0.0
32,7400,8.07833023499086,0.0034900071392989537,0.000939040895028804,0.003060162856487237,0.0006865787560820743,4.682298360592085e-06,4.713903889555842e-07,0.0021121951996302957,0.0006026768241103683,0.00268736577674049,3.714770095972889,1.6089088908157583,0.0
32,7404,8.082696899982746,0.0034783050898572385,0.0009358922759736502,0.0030498707109905105,0.0006842696082412729,4.650855679244614e-06,4.682248970008347e-07,0.002105077467458095,0.0006006459075449103,0.002678295678908099,3.714776350508134,1.6089105418882887,0.0
32,7408,8.087063564974633,0.003466642517083012,0.0009327542787320606,0.0030396134236339765,0.0006819682811798401,4.619624888846374e-06,4.650807371674671e-07,0.00209798390253178,0.0005986218866674078,0.0026692564433221998,3.7147825829981005,1.6089121865017912,0.0
32,7412,8.091430229966521,0.0034550192867484515,0.0009296268671879443,0.0030293908752615497,0.0006796747481638926,4.588604546995612e-06,4.619577642416843e-07,0.002090914421965155,0.000596604737827779,0.0026602479638157114,3.714788793521676,1.608913824682097,0.0
32,7416,8.095796894958408,0.0034434352650868022,0.0009265100053492682,0.003019202947129461,0.0006773889825520545,4.557793232606855e-06,4.588558351557061e-07,0.0020838689431601355,0.0005945944374581498,0.0026512701345905686,3.714794982157462,1.6089154564549315,0.0
32,7420,8.100163559950294,0.003431890318790804,0.0009234036573476331,0.0030090495209048438,0.0006751109577951398,4.527189517489205e-06,4.557748061264132e-07,0.002076847383805758,0.0005925909620725703,0.0026423228502185894,3.7148011489837724,1.6089170818459149,0.0
32,7424,8.104530224942181,0.00342038431501147,0.0009203077874379453,0.0029989304786645797,0.0006728406474358938,4.496792016084328e-06,4.527145376627198e-07,0.002069849661877346,0.0005905942882667775,0.0026334060056411915,3.7148072940786365,1.6089187008805625,0.0
32,7428,8.10889688993407,0.0034089171213563373,0.0009172223599979467,0.0029888457028937783,0.0006705780251086523,4.466599321517606e-06,4.496748881275235e-07,0.0020628756956354655,0.0005886043927178979,0.0026245194961643384,3.7148134175197978,1.6089203135842851,0.0
32,7432,8.113263554925956,0.003397488605887282,0.0009141473395276252,0.0029787950764837983,0.0006683230645388965,4.436610062441559e-06,4.4665571946041623e-07,0.0020559254036245345,0.0005866212521840491,0.0026156632174604384,3.714819519384716,1.608921919982389,0.0
32,7436,8.117630219917842,0.003386098637120023,0.0009110826906490831,0.0029687784827317483,0.0006660757395431425,4.406822846192426e-06,4.4365689145497336e-07,0.0020489987046724482,0.0005846448435042345,0.002606837065567005,3.714825599750569,1.608923520100077,0.0
32,7440,8.121996884909729,0.0033747470840217652,0.0009080283781059011,0.002958795805338412,0.0006638360240284744,4.377236322739009e-06,4.406782681968035e-07,0.0020420955178891455,0.0005826751435979334,0.0025980409368834907,3.7148316586942522,1.608925113962449,0.0
32,7444,8.126363549901615,0.0033634338160098563,0.000904984366762779,0.0029488469284069956,0.0006616038919922642,4.347849113628399e-06,4.3771971091015986e-07,0.002035215762665707,0.0005807121294648436,0.0025892747281710394,3.7148376962923817,1.6089267015945015,0.0
32,7448,8.130730214893504,0.00335215870294992,0.0009019506216050311,0.002938931736441476,0.0006593793175218009,4.318659875934827e-06,4.3478108439599e-07,0.0020283593586732152,0.0005787557781845566,0.002580538336551641,3.7148437126212936,1.6089282830211291,0.0
32,7452,8.13509687988539,0.00334092161515479,0.0008989271077383013,0.00292905011434562,0.0006571622747940705,4.289667295154231e-06,4.318622563165972e-07,0.002021526225862054,0.0005768060669163577,0.0025718316595054985,3.7148497077570446,1.6089298582671245,0.0
32,7456,8.139463544877277,0.003329722423382824,0.0008959137903881085,0.002919201947421464,0.0006549527380754145,4.260870014149987e-06,4.2896309004225115e-07,0.0020147162844608366,0.0005748629728989194,0.002563154594871621,3.7148556817754157,1.6089314273571786,0.0
32,7460,8.143830209869163,0.003318560998836103,0.0008929106348993624,0.002909387121367673,0.0006527506817211625,4.232266718418032e-06,4.260834532352552e-07,0.0020079294549752553,0.0005729264734499743,0.0025545070408446373,3.7148616347519114,1.6089329903158816,0.0
32,7464,8.148196874861052,0.00330743721315883,0.0008899176067359318,0.0028996055222781313,0.0006505560801753153,4.203856100559733e-06,4.232232142732514e-07,0.002001165658187099,0.0005709965459660336,0.0025458888959750503,3.71486756676176,1.6089345471677228,0.0
32,7468,8.152563539852938,0.0032963509384364782,0.0008869346714804173,0.0028898570366411246,0.0006483689079703617,4.1756368531764565e-06,4.2038224153388194e-07,0.0019944248151536593,0.0005690731679222188,0.002537300059166102,3.7148734778799164,1.6089360979370915,0.0
32,7472,8.156930204844825,0.003285302047193404,0.0008839617948335069,0.0028801415513372433,0.0006461891397268084,4.1476076901858505e-06,4.175604055408056e-07,0.001987706847206283,0.0005671563168718479,0.002528740429676012,3.714879368181061,1.6089376426482767,0.0
32,7476,8.161296869836711,0.0032742904123918533,0.0008809989426137102,0.0028704589536384336,0.0006440167501529662,4.119767304189281e-06,4.1475757467166444e-07,0.0019810116759496833,0.0005652459704462387,0.002520209907112573,3.7148852377396033,1.608939181325468,0.0
32,7480,8.1656635348286,0.0032633159074301494,0.0008780460807568698,0.0028608091312063823,0.0006418517140445887,4.092114451736961e-06,4.119736237421508e-07,0.0019743392232608116,0.0005633421063543877,0.0025117083914342336,3.714891086629682,1.608940713992757,0.0
32,7484,8.170030199820486,0.0032523784061412645,0.0008751031753157776,0.00285119197209123,0.0006396940062845827,4.064647839641111e-06,4.0920842256058455e-07,0.0019676894112879563,0.0005614447023827127,0.0025032357829479026,3.7148969149251636,1.6089422406741358,0.0
32,7488,8.174396864812373,0.003241477782791436,0.0008721701924598025,0.0028416073647303153,0.000637543601842727,4.037366210241089e-06,4.064618445119802e-07,0.001961062162449858,0.0005595537363947997,0.0024947919823099843,3.714902722699648,1.608943761393499,0.0
32,7492,8.17876352980426,0.0032306139120784607,0.0008692470984744306,0.0028320551979466387,0.0006354004757753276,4.010268334297962e-06,4.0373376584270765e-07,0.0019544573994346275,0.0005576691863310945,0.002486376890520915,3.7149085100264654,1.608945276174643,0.0
32,7496,8.183130194796146,0.003219786669130591,0.0008663338597609694,0.002822535360947865,0.0006332646032249939,3.983352939940232e-06,4.010240585071037e-07,0.0019478750451990493,0.0005557910302087049,0.0024779904089284885,3.714914276978678,1.608946785041267,0.0
32,7500,8.187496859788034,0.0032089959295043737,0.0008634304428359653,0.002813047743324377,0.0006311359594202016,3.956618805034395e-06,3.983325994668771e-07,0.0019413150229672113,0.0005539192461210082,0.0024696324392229673,3.7149200236290842,1.6089482880169736,0.0
32,7504,8.19186352477992,0.0031982415691832315,0.0008605368143308224,0.0028035922350480025,0.0006290145196750081,3.930064714552373e-06,3.9565926639907584e-07,0.0019347772562296188,0.0005520538122373991,0.002461302883438151,3.7149257500502157,1.6089497851252683,0.0
32,7508,8.196230189771807,0.003187523464577069,0.0008576529409916964,0.0027941687264716134,0.0006269002593889615,3.903689439255231e-06,3.930039355500699e-07,0.0019282616687428874,0.0005501947068032026,0.002453001643948886,3.714931456314341,1.6089512763895615,0.0
32,7512,8.200596854763694,0.0031768414925195097,0.0008547787896787516,0.002784777108326695,0.0006247931540465557,3.877491785431175e-06,3.9036648674292384e-07,0.0019217681845280674,0.0005483419081391949,0.002444728623471681,3.7149371424934636,1.608952761833167,0.0
32,7516,8.204963519755582,0.003166195530266926,0.0008519143273658988,0.002775417271722427,0.0006226931792170245,3.851470530946699e-06,3.877467969393466e-07,0.0019152967278699765,0.0005464953946414135,0.0024364837250601644,3.714942808659327,1.6089542414793034,0.0
32,7520,8.209330184747468,0.003155585455496709,0.000849059521140331,0.002766089108144162,0.0006206003105539993,3.8256244820900065e-06,3.851447459624027e-07,0.0019088472233161457,0.0005446551447808569,0.0024282668521073292,3.714948454883412,1.6089557153510952,0.0
32,7524,8.213696849739355,0.0031450111463066535,0.0008462143382023568,0.002756792509452808,0.0006185145237953721,3.7999524806764384e-06,3.825602172118513e-07,0.001902419595676365,0.0005428211371033539,0.0024200779083428056,3.7149540812369395,1.608957183471571,0.0
32,7528,8.218063514731242,0.0031344724812122243,0.0008433787458646662,0.00274752736788243,0.0006164357947627556,3.7744533258887714e-06,3.799930897954179e-07,0.0018960137700210211,0.00054099335022909,0.0024119167978312104,3.714959687790872,1.608958645863667,0.0
32,7532,8.22243017972313,0.0031239693391461633,0.0008405527115522236,0.0027382935760398514,0.0006143640993613953,3.7491258666477734e-06,3.7744324782820054e-07,0.0018896296716808033,0.0005391717628525236,0.002403783424971989,3.714965274615913,1.6089601025502247,0.0
32,7536,8.226796844715016,0.0031135015994561855,0.0008377362028016485,0.0027290910269025977,0.000612299413579707,3.723968923452503e-06,3.7491057256394154e-07,0.001883267226245265,0.0005373563537419751,0.00239567769449704,3.7149708417825082,1.6089615535539923,0.0
32,7540,8.231163509706903,0.0031030691419043394,0.0008349291872610431,0.0027199196138183077,0.0006102417134891456,3.6989813665400106e-06,3.723949502637556e-07,0.0018769263595624088,0.0005355471017395087,0.0023875995114706282,3.7149763893608476,1.6089629988976255,0.0
32,7544,8.23553017469879,0.0030926718466653545,0.0008321316326895484,0.002710779230503243,0.0006081909752438699,3.6741620306202094e-06,3.698962636120628e-07,0.0018706069977376337,0.0005337439857606321,0.002379548781288287,3.7149819174208663,1.608964438603687,0.0
32,7548,8.239896839690678,0.003082309594324471,0.0008293435069567591,0.002701669771040328,0.0006061471750803035,3.6495097859301495e-06,3.674143988699779e-07,0.0018643090671323637,0.0005319469847939052,0.0023715254096744087,3.7149874260322435,1.608965872694648,0.0
32,7552,8.244263504682564,0.0030719822658771003,0.0008265647780426334,0.002692591129878868,0.0006041102893170713,3.6250235098123085e-06,3.6494924301395434e-07,0.001858032494363858,0.0005301560779008857,0.002363529302681902,3.7149929152644052,1.6089673011928876,0.0
32,7556,8.24863016967445,0.0030616897427265485,0.0008237954140368794,0.0026835432018324583,0.0006020802943545304,3.600702065398309e-06,3.6250068158976803e-07,0.001851777206303724,0.000528371244215705,0.0023555603666916354,3.7149983851865267,1.6089687241206934,0.0
32,7560,8.252996834666337,0.0030514319066833042,0.0008210353831387645,0.0026745258820783683,0.0006000571666746316,3.576544351346911e-06,3.600686037198891e-07,0.0018455431300774987,0.0005265924629449489,0.002347618508409815,3.715003835867529,1.608970141500262,0.0
32,7564,8.257363499658224,0.003041208639962966,0.0008182846536565569,0.002665539066155655,0.0005980408828404968,3.552549259211446e-06,3.5765289781144894e-07,0.0018393301930633142,0.0005248197133672763,0.0023397036348678586,3.7150092673760837,1.6089715533537001,0.0
32,7568,8.261730164650112,0.0030310198251851054,0.0008155431940072203,0.0026565826499641626,0.0005960314194961939,3.5287156947561016e-06,3.552534537022568e-07,0.0018331383228912096,0.0005230529748332238,0.00233181565342092,3.715014679780614,1.6089729597030233,0.0
32,7572,8.266096829641999,0.0030208653453721707,0.0008128109727161183,0.00264765652976352,0.0005940287533665124,3.505042556639637e-06,3.5287016051478285e-07,0.0018269674474424155,0.0005212922267650004,0.002323954471746936,3.7150200731492915,1.6089743605701579,0.0
32,7576,8.270463494633885,0.0030107450839474232,0.0008100879584164602,0.002638760602171264,0.000592032861256542,3.481528764837094e-06,3.5050290951751414e-07,0.0018208174948480336,0.0005195374486561114,0.0023161199978455746,3.7150254475500417,1.6089757559769404,0.0
32,7580,8.274830159625772,0.003000658924734028,0.0008073741198490548,0.0026298947641620377,0.0005900437200514929,3.4581732393235143e-06,3.481515919789376e-07,0.001814688393488481,0.0005177886200712003,0.002308312140036172,3.7150308030505426,1.6089771459451188,0.0
32,7584,8.27919682461766,0.002990606751953576,0.0008046694258619141,0.0026210589130662644,0.0005880613067163979,3.4349749213902214e-06,3.4581610131355683e-07,0.0018085800719925568,0.0005160457206457811,0.0023005308069570054,3.7150361397182268,1.6089785304963518,0.0
32,7588,8.283563489609547,0.0029805884502248385,0.0008019738454099176,0.0026122529465690087,0.0005860855982958577,3.411932731012257e-06,3.4349632878985896e-07,0.0018024924592366434,0.0005143087300860119,0.0022927759075662595,3.715041457620281,1.60897990965221,0.0
32,7592,8.287930154601433,0.0029706039045619788,0.0007992873475543313,0.0026034767627083643,0.0005841165719136784,3.3890456379026546e-06,3.4119217068370317e-07,0.0017964254843435702,0.0005125776281683697,0.0022850473511368775,3.715046756823648,1.608981283434176,0.0
32,7596,8.29229681959332,0.0029606530003736527,0.0007966099014625653,0.0025947302598746504,0.0005821542047726913,3.36631257624731e-06,3.3890351969425425e-07,0.0017903790766820504,0.00051085239473949,0.0022773450472591836,3.7150520373950267,1.6089826518636448,0.0
32,7600,8.296663484585208,0.002950735623461228,0.000793941476407695,0.0025860133368088016,0.0005801984741543923,3.3437324944429747e-06,3.366302699513548e-07,0.0017843531658655518,0.0005091330097158448,0.0022696689058372085,3.7150572994008746,1.6089840149619243,0.0
32,7604,8.301030149577095,0.002940851660017678,0.0007912820417681637,0.002577325892601389,0.0005782493574187213,3.321304390624391e-06,3.3437232059221965e-07,0.001778347681751617,0.0005074194530835482,0.0022620188370892852,3.7150625429074076,1.6089853727502352,0.0
32,7608,8.305396814568981,0.002931000996626006,0.0007886315670273582,0.002568667826691174,0.0005763068320037388,3.299027206082883e-06,3.3212956503135256e-07,0.0017723625544408324,0.0005057117048980627,0.002254394751545999,3.7150677679805995,1.608986725249712,0.0
32,7612,8.309763479560868,0.0029211835202581043,0.0007859900217733016,0.0025600390388640917,0.0005743708754253968,3.27689994605862e-06,3.299019031213072e-07,0.001766397714276131,0.0005040097452839998,0.002246796560048903,3.715072974686187,1.6089880724814034,0.0
32,7616,8.314130144552754,0.0029113991182736073,0.0007833573756983456,0.0025514394292522106,0.0005724414652773061,3.254921587370063e-06,3.276892318532819e-07,0.0017604530918420415,0.0005023135544349062,0.0022392241737501047,3.7150781630896654,1.6089894144662715,0.0
32,7620,8.318496809544643,0.002901647678417737,0.0007807335985985901,0.0025428688983318076,0.000570518579230304,3.2330911281519548e-06,3.2549145036449146e-07,0.0017545286179633621,0.0005006231126128851,0.002231677504111386,3.7150833332562936,1.6089907512251935,0.0
32,7624,8.322863474536529,0.0028919290888207642,0.0007781186603737382,0.0025343273469228614,0.0005686021950323411,3.2114075665390374e-06,3.233084577921508e-07,0.001748624223704783,0.0004989384001484884,0.0022241564629015185,3.715088485251093,1.6089920827789614,0.0
32,7628,8.327230139528416,0.0028822432379963614,0.0007755125310266533,0.002525814676187595,0.0005666922905081536,3.1898699006660536e-06,3.211401532734747e-07,0.0017427398403698805,0.0004972593974404302,0.002216660962197568,3.71509361913885,1.6089934091482827,0.0
32,7632,8.331596804520302,0.0028725900148402713,0.0007729151806630009,0.002517330787629242,0.0005647888435589872,3.1684771570894554e-06,3.1898643880703385e-07,0.0017368753995002347,0.0004955860849553341,0.00220919091438053,3.7150987349841125,1.6089947303537804,0.0
32,7636,8.33596346951219,0.0028629693086290628,0.0007703265794909136,0.002508875583090947,0.0005628918321623499,3.1472283552602676e-06,3.1684721567605966e-07,0.0017310308328746687,0.0004939184432275175,0.0022017462321380996,3.715103832851198,1.6089960464159931,0.0
32,7640,8.340330134504077,0.002853381009018791,0.0007677466978206305,0.0025004489647545533,0.0005610012343717406,3.126122521734942e-06,3.147223858791227e-07,0.001725206072508393,0.0004922564528587459,0.00219432682846106,3.715108912804187,1.6089973573553764,0.0
32,7644,8.344696799495964,0.002843825006043752,0.0007651755060641631,0.00249205083513948,0.0005591170283163964,3.1051586972807854e-06,3.126118528454713e-07,0.001719401050652217,0.0004906000945180093,0.0021869326166424285,3.715113974906931,1.6089986631923021,0.0
32,7648,8.34906346448785,0.002834301190114552,0.0007626129747347739,0.002483681097100995,0.0005572391922009053,3.0843359013488225e-06,3.10515517858337e-07,0.0017136156997913455,0.000488949348941178,0.002179563510277097,3.715119019223046,1.6089999639470598,0.0
32,7652,8.353430129479738,0.002824809452017902,0.0007600590744469229,0.002475339653830009,0.0005553677043051607,3.063653210233497e-06,3.084332879236626e-07,0.0017078499526452205,0.00048730419693095736,0.0021722194232609688,3.7151240458159185,1.6090012596398555,0.0
32,7656,8.357796794471625,0.002815349682914081,0.0007575137759155846,0.002467026408850802,0.0005535025429838508,3.0431096575966876e-06,3.0636506575535757e-07,0.0017021037421659348,0.00048566461935643595,0.002164900269787447,3.715129054748706,1.6090025502908138,0.0
32,7660,8.362163459463511,0.0028059217743372678,0.0007549770499563366,0.0024587412660213104,0.0005516436866665226,3.022704312627411e-06,3.043107576440257e-07,0.0016963770015384243,0.00048403059715313964,0.0021576059643514324,3.7151340460843367,1.609003835919977,0.0
32,7664,8.366530124455398,0.002796525618192095,0.0007524488674844332,0.002450484129530066,0.0005497911138568956,3.0024362445146835e-06,3.02270269880271e-07,0.0016906696641783413,0.00048240211132242507,0.002150336421742573,3.7151390198855085,1.6090051165473054,0.0
32,7668,8.370896789447285,0.002787161106754418,0.0007499291995150118,0.0024422549038968116,0.0005479448031330003,2.9823045153420935e-06,3.002435080393584e-07,0.0016849816637324532,0.00048077914293159345,0.002143091557047536,3.715143976214693,1.609006392192679,0.0
32,7672,8.375263454439173,0.0027778281326685493,0.0007474180171623489,0.0024340534939700856,0.0005461047331466354,2.9623082156149394e-06,2.982303805579085e-07,0.0016793129340769769,0.0004791616731134153,0.0021358712856482595,3.7151489151341353,1.6090076628758962,0.0
32,7676,8.37963011943106,0.002768526588946835,0.0007449152916397466,0.0024258798049267938,0.0005442708826232724,2.9424464216276647e-06,2.962307944418642e-07,0.001673663409317262,0.00047754968306604005,0.0021286755232203768,3.7151538367058543,1.6090089286166755,0.0
32,7680,8.383996784422946,0.0027592563689680057,0.0007424209942590878,0.002417733742270741,0.000542443230361726,2.922718230990995e-06,2.942446588431849e-07,0.0016680330237867674,0.0004759431540527039,0.0021215041857340733,3.715158740991645,1.6090101894346547,0.0
32,7684,8.388363449414832,0.00275001736647601,0.0007399350964305236,0.0024096152118315913,0.0005406217552339205,2.903122748421083e-06,2.9227188362916904e-07,0.001662421712046331,0.0004743420674015216,0.0021143571894501633,3.715163628053076,1.6090114453493916,0.0
32,7688,8.39273011440672,0.0027408094755789246,0.000737457569662179,0.002401524119763858,0.0005388064361846635,2.8836590644232274e-06,2.9031237723643723e-07,0.0016568294088834547,0.00047274640450528237,0.00210723445092048,3.7151684979514954,1.6090126963803646,0.0
32,7692,8.397096779398607,0.0027316325907473043,0.0007349883855597098,0.002393460372545445,0.0005369972522313188,2.864326290819008e-06,2.8836605024762685e-07,0.0016512560493112914,0.0004711561468211609,0.002100135886988062,3.7151733507480253,1.609013942546973,0.0
32,7696,8.401463444390494,0.0027224866068130183,0.0007325275158259889,0.0023854238769765927,0.0005351941824635694,2.845123546535433e-06,2.8643281396071397e-07,0.0016457015685678988,0.00046957127587050445,0.002093061414783696,3.7151781865035702,1.609015183868537,0.0
32,7700,8.40583010938238,0.0027133714189683487,0.0007300749322608636,0.002377414540179027,0.0005333972060432271,2.8260499504995096e-06,2.8451257967367493e-07,0.0016401659021156307,0.0004679917732386591,0.0020860109517271664,3.71518300527881,1.6090164203642987,0.0
32,7704,8.410196774374269,0.002704286922764511,0.0007276306067607584,0.0023694322695946997,0.0005316063022039494,2.807104650059955e-06,2.826052615458415e-07,0.0016346489856402812,0.00046641762057472545,0.002078984415524474,3.715187807134207,1.6090176520534216,0.0
32,7708,8.414563439366155,0.002695233014109953,0.0007251945113182164,0.002361476972984213,0.0005298214502508865,2.7882867570383496e-06,2.80710770159851e-07,0.00162915075504996,0.00046484879959123813,0.002071981724167153,3.7151925921300037,1.6090188789549915,0.0
32,7712,8.418930104358042,0.00268620958927011,0.0007227666180218338,0.0023535485584265906,0.0005280426295606295,2.7695954187834104e-06,2.788290196750353e-07,0.00162367114647493,0.0004632852920641189,0.002065002795933196,3.7151973603262247,1.6090201010880165,0.0
32,7716,8.423296769349928,0.0026772165448651552,0.0007203468990556546,0.0023456469343172744,0.0005262698195807613,2.751029775538427e-06,2.769599235353872e-07,0.0016182100962662102,0.0004617270798322785,0.002058047549382775,3.7152021117826752,1.6090213184714273,0.0
32,7720,8.427663434341817,0.002668253777869469,0.0007179353266990278,0.002337772009367643,0.0005245029998297484,2.732588995968399e-06,2.7510339804625526e-07,0.0016127675409952375,0.00046017414479751983,0.0020511159033601576,3.7152068465589454,1.609022531124078,0.0
32,7724,8.432030099333703,0.002659321185610039,0.0007155318733261767,0.0023299236926035685,0.0005227421498966171,2.7142722132111885e-06,2.732593559362936e-07,0.0016073434174528505,0.00045862646892424813,0.0020442077769909956,3.7152115647144086,1.609023739064746,0.0
32,7728,8.43639676432559,0.0026504186657656625,0.0007131365114059847,0.0023221018933646887,0.0005209872494407903,2.6960786101426493e-06,2.714277149415284e-07,0.0016019376626487765,0.0004570840342393246,0.0020373230896816347,3.715216266308224,1.6090249423121323,0.0
32,7732,8.440763429317476,0.0026415461163649,0.0007107492135014444,0.0023143065213025835,0.0005192382781916781,2.678007341216926e-06,2.696083899366305e-07,0.0015965502138103591,0.0004555468228317034,0.0020304617611188163,3.7152209513993357,1.609026140884862,0.0
32,7736,8.445130094309363,0.0026327034357859643,0.0007083699522696276,0.0023065374863806597,0.0005174952159486524,2.660057589309872e-06,2.678012986576261e-07,0.0015911810083824732,0.0004540148168524072,0.0020236237112684235,3.715225620046474,1.6090273348014845,0.0
32,7740,8.449496759301251,0.0026238905227543258,0.0007059987004610415,0.002298794698872012,0.0005157580425805666,2.6422285444027693e-06,2.660063595558806e-07,0.0015858299840260284,0.00045248799851410024,0.002016808860373349,3.715230272308156,1.6090285240804738,0.0
32,7744,8.453863424293138,0.0026151072763425896,0.0007036354309195952,0.002291078069359294,0.0005140267380257267,2.6245193751606166e-06,2.642234889367424e-07,0.0015804970786178717,0.0004509663500910608,0.0020100171289534167,3.7152349082426888,1.609029708740229,0.0
32,7748,8.458230089285024,0.0026063535959687666,0.0007012801165821346,0.0022833875087331693,0.0005123012822915441,2.606929264459268e-06,2.624526045362378e-07,0.001575182230249704,0.00044944985391887174,0.002003248437805862,3.7152395279081656,1.6090308887990743,0.0
32,7752,8.46259675427691,0.0025976293813948616,0.0006989327304780625,0.002275722928191044,0.000510581655454251,2.589457437807141e-06,2.6069362838242666e-07,0.0015698853772271935,0.0004479384923941676,0.001996502708001693,3.7152441313624713,1.6090320642752602,0.0
32,7756,8.466963419268799,0.0025889345327262444,0.0006965932457291692,0.0022680842392365044,0.0005088678376587738,2.572103056763808e-06,2.589464760653185e-07,0.0015646064580695817,0.00044643224797452223,0.0019897798608861598,3.7152487186632803,1.609033235186962,0.0
32,7760,8.471330084260686,0.002580268950409781,0.0006942616355491304,0.0022604713536776293,0.0005071598091183557,2.5548653752593964e-06,2.5721107247432875e-07,0.0015593454115084976,0.00044493110317811045,0.001983079818077442,3.715253289868059,1.6090344015522824,0.0
32,7764,8.475696749252572,0.0025716325352333827,0.0006919378732433849,0.002252884183626581,0.0005054575501144636,2.537743583275187e-06,2.554873360608225e-07,0.0015541021764876675,0.0004434350405836252,0.0019764025014660795,3.7152578450340643,1.6090355633892497,0.0
32,7768,8.480063414244459,0.0025630251883241896,0.0006896219322086466,0.0022453226414979833,0.0005037610409964246,2.520736899214171e-06,2.537751881375207e-07,0.0015488766921617862,0.00044194404282995556,0.001969747833213454,3.715262384218346,1.6090367207158194,0.0
32,7772,8.484430079236347,0.0025544468111480907,0.000687313785932775,0.0022377866400084697,0.0005020702621813251,2.503844527268484e-06,2.520745485864664e-07,0.001543668897896188,0.0004404580926160926,0.0019631157357512226,3.7152669074777482,1.609037873549874,0.0
32,7776,8.488796744228233,0.0025458973055075404,0.0006850134079941874,0.002230276092174754,0.0005003851941535775,2.487065728473681e-06,2.5038534301241375e-07,0.001538478733265512,0.00043897717270074895,0.0019565061317808256,3.7152714148689094,1.6090390219092237,0.0
32,7780,8.49316340922012,0.0025373765735413217,0.0006827207720617963,0.002222790911313374,0.0004987058174648626,2.470399721232752e-06,2.487074927280836e-07,0.0015333061380534993,0.00043750126590230064,0.0019499189442703155,3.7152759064482623,1.6090401658116065,0.0
32,7784,8.497530074212007,0.002528884517723274,0.0006804358518946656,0.0022153310110395678,0.000497032112733878,2.4538457523703983e-06,2.470409219075524e-07,0.001528151052252221,0.00043603035509856683,0.001943354096457497,3.715280382272034,1.609041305274688,0.0
32,7788,8.501896739203893,0.002520421040860592,0.0006781586213415543,0.0022078963052657575,0.0004953640606459972,2.4374030616058917e-06,2.453855540095578e-07,0.0015230134160610115,0.0004345644232265057,0.0019368115118442446,3.715284842396252,1.6090424403160621,0.0
32,7792,8.506263404195781,0.0025119860460928504,0.0006758890543406528,0.0022004867082006416,0.0004937016419530665,2.4210708886585053e-06,2.4374131249283715e-07,0.0015178931698858272,0.0004331034532820311,0.0019302911141990254,3.715289286876737,1.6090435709532522,0.0
32,7796,8.510630069187668,0.0025035794368911575,0.0006736271249193563,0.002193102134348459,0.0004920448374732397,2.404848494563794e-06,2.4210812296214484e-07,0.0015127902543387365,0.0004316474283198674,0.0019237928275544533,3.71529371576911,1.6090446972037102,0.0
32,7800,8.514996734179554,0.00249520111705723,0.0006713728071940151,0.002185742498508151,0.00049039362809079,2.388735140357312e-06,2.404859110222351e-07,0.0015077046102373317,0.0004301963314533814,0.0019173165762073304,3.71529812912879,1.6090458190848167,0.0
32,7804,8.519363399171441,0.0024868509907211246,0.0006691260753693246,0.0021784077157713214,0.0004887479947556525,2.3727300941800422e-06,2.3887460299320096e-07,0.0015026361786032987,0.0004287501458541744,0.00191086228471602,3.7153025270109956,1.609046936613882,0.0
32,7808,8.52373006416333,0.002478528962341008,0.0006668869037382633,0.002171097701522017,0.00048710791848337505,2.356832631278394e-06,2.3727412591047454e-07,0.001497584900662257,0.00042730885475203634,0.0019044298779010767,3.715306909470746,1.6090480498081472,0.0
32,7812,8.528096729155216,0.0024702349367024695,0.0006646552666819077,0.0021638123714361164,0.0004854733803549806,2.341041998477067e-06,2.3568440394813233e-07,0.0014925507178433336,0.0004258724414348246,0.0018980192808442718,3.71531127656286,1.6090491586847822,0.0
32,7816,8.532463394147102,0.0024619688189159404,0.0006624311386687384,0.0021565516414790297,0.0004838443615164515,2.325357506549608e-06,2.341053677183008e-07,0.00148753357177756,0.0004244408892480061,0.0018916304188860468,3.71531562834196,1.609050263260888,0.0
32,7820,8.536830059138989,0.002453730514416784,0.0006602144942546637,0.002149315427905751,0.00048222084317874156,2.3097784165315716e-06,2.3253694282573424e-07,0.0014825334042978977,0.00042301418159466507,0.0018852632176271638,3.7153199648624695,1.6090513635534964,0.0
32,7824,8.541196724130877,0.0024455199289636197,0.0006580053080825694,0.002142103647259357,0.00048060280661743854,2.2943040249856494e-06,2.3097905845188138e-07,0.001477550157438184,0.0004215923019352018,0.0018789176029257344,3.715324286178616,1.6090524595795699,0.0
32,7828,8.545563389122764,0.002437336968637571,0.0006558035548821157,0.0021349162163703467,0.0004789902331726163,2.2789336355799605e-06,2.294316444935299e-07,0.0014725837734326811,0.00042017523378720445,0.0018725935008963395,3.715328592344431,1.6090535513560023,0.0
32,7832,8.54993005411465,0.00242918153984059,0.0006536092094692867,0.0021277530523551172,0.0004773831042484931,2.263666537771769e-06,2.2789462941678962e-07,0.0014676341947149978,0.000418762960725141,0.0018662908379108384,3.715332883413749,1.6090546388996192,0.0
32,7836,8.554296719106537,0.0024210535492951942,0.0006514222467463201,0.002120614072615739,0.0004757814013133808,2.2485020281237666e-06,2.263679424031093e-07,0.0014627013639179338,0.0004173554663803149,0.0018600095405955314,3.715337159440211,1.6090557222271775,0.0
32,7840,8.558663384098425,0.0024129529040422433,0.0006492426417011081,0.0021134991948379513,0.0004741851058992351,2.2334394316203543e-06,2.248515154952933e-07,0.0014577852238720778,0.0004159527344404654,0.0018537495358322217,3.715341420477266,1.609056801355367,0.0
32,7844,8.563030049090312,0.0024048795114408037,0.0006470703694071616,0.0021064083369910463,0.00047259419960162994,2.218478051929651e-06,2.2334527859012928e-07,0.001452885717605724,0.00041455474864974314,0.0018475107507544806,3.7153456665781657,1.6090578763008092,0.0
32,7848,8.567396714082198,0.002396833279166535,0.0006449054050231757,0.002099341417326414,0.00047100866407943074,2.2036172069306303e-06,2.2184916301508266e-07,0.0014480027883438532,0.00041316149280841983,0.0018412931127503912,3.7153498977959725,1.6090589470800585,0.0
32,7852,8.571763379074085,0.0023888141152110273,0.0006427477237928514,0.0020922983543769304,0.000469428481054657,2.188856214502266e-06,2.2036310009761895e-07,0.0014431363795076944,0.0004117729507727632,0.0018350965494580848,3.715354114183556,1.6090600137096025,0.0
32,7856,8.576130044065971,0.00238082192788025,0.000640597301044479,0.0020852790669555984,0.0004678536323121777,2.1741944067343866e-06,2.1888702259588137e-07,0.0014382864347137895,0.00041038910645476985,0.00182892098876788,3.715358315793594,1.6090610762058621,0.0
32,7860,8.58049670905786,0.002372856625793261,0.0006384541121905893,0.002078283474154378,0.0004662840996994487,2.15963111571682e-06,2.174208632680132e-07,0.0014334528977731679,0.0004090099438219299,0.0018227663588185558,3.7153625026785755,1.6090621345851912,0.0
32,7864,8.584863374049746,0.0023649181178821655,0.0006363181327279438,0.0020713114953441105,0.0004647198651264957,2.145165666433968e-06,2.1596455415681877e-07,0.0014286357126912792,0.0004076354468972079,0.0018166325879993789,3.715366674890799,1.609063188863878,0.0
32,7868,8.589230039041633,0.0023570063133900314,0.0006341893382369735,0.002064363050172696,0.00046316091056550527,2.130797405186513e-06,2.1451802945111915e-07,0.0014238348236667324,0.00040626559975868266,0.0018105196049470942,3.7153708324823733,1.6090642390581444,0.0
32,7872,8.59359670403352,0.002349121121870155,0.0006320677043815811,0.0020574380585644016,0.00046160721805066986,2.116525692485993e-06,2.1308122477041322e-07,0.0014190501750908028,0.00040490038653940723,0.00180442733854534,3.7153749755052203,1.6090652851841472,0.0
32,7876,8.597963369025408,0.0023412624531847738,0.0006299532069087944,0.002050536440718744,0.00046005876967793695,2.102349860422237e-06,2.1165407287284423e-07,0.0014142817115466626,0.00040353979142718866,0.0017983557179253433,3.7153791040110726,1.6090663272579768,0.0
32,7880,8.602330034017294,0.002333430217504713,0.0006278458216486719,0.002043658117110093,0.00045851554760492006,2.0882692624013544e-06,2.1023650866257214e-07,0.0014095293778090725,0.0004021837986645005,0.0017923046724620504,3.7153832180514788,1.6090673652956597,0.0
32,7884,8.60669669900918,0.0023256243253073497,0.0006257455245137546,0.0020368030084859366,0.00045697753405050956,2.0742832518294563e-06,2.0882846704375692e-07,0.0014047931188431995,0.00040083239254814525,0.0017862741317779117,3.715387317677798,1.609068399313157,0.0
32,7888,8.611063364001067,0.002317844687376439,0.0006236522914990194,0.00202997103586666,0.0004554447112948233,2.06039121763979e-06,2.0742988649725303e-07,0.0014000728798044444,0.00039948555742920516,0.0017802640257362072,3.715391402941205,1.6090694293263645,0.0
32,7892,8.615430028992956,0.0023100912147999805,0.0006215660986813045,0.0020231621205436556,0.00045391706167878195,2.0465924919221834e-06,2.0604069978120375e-07,0.001395368606037119,0.000398143277712665,0.0017742742844444478,3.715395473892692,1.6090704553511157,0.0
32,7896,8.619796693984842,0.002302363818970598,0.0006194869222194125,0.0020163761840796576,0.00045239456760418496,2.0328864636098842e-06,2.046608453764635e-07,0.0013906802430746843,0.0003968055378574795,0.0017683048382528216,3.715399530583064,1.609071477403178,0.0
32,7900,8.624163358976729,0.0022946624115829264,0.0006174147383534068,0.002009613148306393,0.0004508772115331827,2.019272507425285e-06,2.03290260333209e-07,0.0013860077366381013,0.0003954723223761035,0.0017623556177517902,3.715403573062943,1.6090724954982563,0.0
32,7904,8.628530023968615,0.002286986904634219,0.0006153495234047743,0.002002872935325131,0.0004493649759884001,2.005750005196205e-06,2.019288824169558e-07,0.001381351032636217,0.00039414361583460164,0.0017564265537733039,3.7154076013827697,1.609073509651991,0.0
32,7908,8.632896688960502,0.0022793372104215888,0.0006132912537756847,0.0019961554675042,0.00044785784355238,1.9923183316450377e-06,2.0057664867788058e-07,0.001376710077164025,0.00039281940285215195,0.001750517577387605,3.715411615592802,1.60907451987996,0.0
32,7912,8.63726335395239,0.0022717132415419495,0.0006112399059489732,0.0019894606674789503,0.0004463557968675736,1.978976882810457e-06,1.992334983121767e-07,0.001372084816502644,0.0003914996681010401,0.001744628619904495,3.7154156157431166,1.6090755261976784,0.0
32,7916,8.641630018944277,0.002264114910891359,0.0006091954564879649,0.001982788458151124,0.0004448588186362004,1.965725040520283e-06,1.978993690853597e-07,0.0013674751971188587,0.0003901843963065282,0.001738759612870757,3.715419601883608,1.609076528620598,0.0
32,7920,8.645996683936163,0.002256542131662836,0.0006071578820358862,0.001976138762686951,0.00044336689161982024,1.952562215024045e-06,1.965742016243008e-07,0.0013628811656638128,0.0003888735722464816,0.0017329104880716467,3.7154235740639936,1.6090775271641082,0.0
32,7924,8.65036334892805,0.0022489948173465874,0.0006051271593159271,0.001969511504517308,0.000441879998639369,1.939487788149563e-06,1.9525793369451554e-07,0.0013583026689730983,0.0003875671807513951,0.0017270811775278948,3.7154275323338073,1.6090785218435364,0.0
32,7928,8.654730013919938,0.0022414728817278973,0.0006031032651306726,0.0019629066073358447,0.00044039812257473876,1.926501184357221e-06,1.9395050735355293e-07,0.0013537396540654538,0.00038626520670402066,0.0017212716134949826,3.7154314767424075,1.6090795126741477,0.0
32,7932,8.659096678911824,0.00223397623888671,0.0006010861763619906,0.001956323995098594,0.0004389212463646896,1.913601792580266e-06,1.926518610822674e-07,0.0013491920681424838,0.00038496763503928803,0.0017154817284635339,3.715435407338973,1.6090804996711463,0.0
32,7936,8.663463343903711,0.002226504803196353,0.0005990758699706885,0.001949763592022842,0.00043744935300659647,1.9007890372790825e-06,1.9136193693820797e-07,0.001344659858587876,0.0003836744507440809,0.0017097114551583507,3.715439324172507,1.6090814828496747,0.0
32,7940,8.667830008895598,0.0022190584893228065,0.000597072322996316,0.0019432253225864663,0.00043598242555630077,1.8880623358086268e-06,1.9008067626358467e-07,0.0013401429729669324,0.00038238563885710356,0.0017039607265358606,3.7154432272918325,1.6090824622248134,0.0
32,7944,8.672196673887486,0.002211637212223307,0.0005950755125567904,0.0019367091115266672,0.0004345204471278257,1.8754210984184283e-06,1.888080196852687e-07,0.0013356413590256777,0.00038110118446862604,0.0016982294757857943,3.7154471167455996,1.6090834378115835,0.0
32,7948,8.676563338879372,0.002204240887145632,0.0005930854158482035,0.0019302148838393428,0.0004330634008932357,1.8628647566742984e-06,1.8754390997614797e-07,0.0013311549646904254,0.00037982107272036057,0.0016925176363282357,3.715450992582282,1.609084409624944,0.0
32,7952,8.680930003871259,0.0021968694296270936,0.0005911020101445506,0.0019237425647782014,0.0004316112700824377,1.8503927350366212e-06,1.862882891937714e-07,0.0013266837380671653,0.0003785452888052869,0.0016868251418141421,3.715454854850177,1.609085377679794,0.0
32,7956,8.685296668863145,0.0021895227554932584,0.0005891252727973865,0.001917292079853566,0.0004301640379829127,1.8380044721766353e-06,1.850411008263658e-07,0.0013222276274407066,0.00037727381796740764,0.0016811519261238003,3.7154587035974096,1.6090863419909724,0.0
32,7960,8.689663333855032,0.0021822007808573484,0.0005871551812356643,0.0019108633548318736,0.0004287216879396036,1.825699392554725e-06,1.8380228693148015e-07,0.001317786581274341,0.000376006645501652,0.0016754979233670553,3.7154625388719307,1.6090873025732584,0.0
32,7964,8.69402999884692,0.0021749034221192633,0.0005851917129654721,0.0019044563157347711,0.00042728420335471214,1.813476941947556e-06,1.825717917126801e-07,0.0013133605482091991,0.00037474375675369245,0.0016698630678811423,3.7154663607215173,1.6090882594413713,0.0
32,7968,8.698396663838807,0.002167630595963816,0.0005832348455695583,0.0018980708888375636,0.0004258515676873509,1.8013365590263675e-06,1.8134955865819251e-07,0.0013089494770631798,0.00037348513711963916,0.001664247294230325,3.715470169193776,1.6090892126099712,0.0
32,7972,8.702763328830693,0.00216038221936088,0.0005812845567073717,0.0018917070006693167,0.00042442376445356615,1.7892776966732526e-06,1.801355326869219e-07,0.0013045533168310035,0.000372230772046055,0.0016586505372059033,3.7154739643361405,1.609090162093659,0.0
32,7976,8.70712999382258,0.002153158209563293,0.0005793408241144964,0.0018853645780110017,0.0004230007772259219,1.777299807770305e-06,1.7892965871777284e-07,0.001300172016682931,0.00037098064702959025,0.0016530727318241054,3.7154777461958726,1.6090911079069763,0.0
32,7980,8.711496658814468,0.0021459584841066522,0.0005774036256025977,0.0018790435478952784,0.00042158258963345094,1.7654023380941908e-06,1.7773188095431105e-07,0.0012958055259645921,0.00036973474761693346,0.0016475138133263496,3.7154815148200657,1.6090920500644066,0.0
32,7984,8.715863323806355,0.002138782960808146,0.0005754729390591074,0.0018727438376054792,0.0004201691853614271,1.7535847476324307e-06,1.7654214503078003e-07,0.001291453794196292,0.0003684930594046137,0.0016419737171780712,3.715485270255643,1.6090929885803744,0.0
32,7988,8.720229988798241,0.0021316315577656767,0.0005735487424469879,0.0018664653746748034,0.0004187605481511843,1.7418465034779729e-06,1.753603972967621e-07,0.0012871167710724364,0.00036725556803883654,0.0016364523790675736,3.7154890125493574,1.609093923469246,0.0
32,7992,8.724596653790128,0.002124504193356448,0.0005716310138043517,0.0018602080868850507,0.00041735666179983257,1.7301870727237656e-06,1.7418658410183972e-07,0.0012827944064606452,0.00036602225921523096,0.0016309497349067804,3.7154927417477936,1.6090948547453303,0.0
32,7996,8.728963318782016,0.002117400786236363,0.0005697197312442998,0.0018539719022660865,0.000415957510160138,1.7186059153573296e-06,1.7302065108025632e-07,0.0012784866504013826,0.0003647931186787441,0.0016254657208274385,3.7154964578973693,1.6090957824228782,0.0
32,8000,8.733329983773903,0.002110321255339138,0.0005678148729546834,0.0018477567490950433,0.0004145630771403435,1.7071025055770406e-06,1.7186254529693322e-07,0.0012741934531073943,0.0003635681322234804,0.0016200002731832238,3.7155001610443352,1.609096706516083,0.0
32,8004,8.73769664876579,0.0021032655198752336,0.0005659164171978158,0.0018415625558953531,0.0004131733467039519,1.6956763317921286e-06,1.7071221524746953e-07,0.0012699147649630287,0.0003623472856925081,0.0016145533285484863,3.7155038512347733,1.609097627039081,0.0
32,8008,8.742063313757676,0.0020962334993306626,0.0005640243423101519,0.0018353892514357095,0.0004117883028694929,1.6843268539901146e-06,1.6956960656610868e-07,0.0012656505365235197,0.0003611305649776546,0.0016091248237160712,3.715507528514602,1.609098544005951,0.0
32,8012,8.746429978749564,0.002089225113466511,0.0005621386267021598,0.0018292367647295864,0.00041040792971041526,1.6730535818965109e-06,1.684346698944665e-07,0.0012614007185146328,0.0003599179560194052,0.0016037146956976406,3.715511192929572,1.6090994574307154,0.0
32,8016,8.75079664374145,0.0020822402823174073,0.0005602592488579078,0.0018231050250339103,0.0004090322113547886,1.6618559754988382e-06,1.6730735086678647e-07,0.00125716526183175,0.0003587094448066425,0.0015983228817224786,3.715514844525271,1.60910036732734,0.0
32,8020,8.755163308733337,0.0020752789261912026,0.0005583861873349797,0.0018169939618487526,0.0004076611319852348,1.6507335374171817e-06,1.6618759940934551e-07,0.00125294411753965,0.0003575050173765831,0.0015929493192367238,3.7155184833471213,1.6091012737097348,0.0
32,8024,8.759529973725224,0.002068340965667516,0.0005565194207640821,0.0018109035049160356,0.0004062946758386373,1.6396857560607714e-06,1.6507536401774265e-07,0.001248737236871604,0.00035630465981452013,0.001587593945903479,3.7155221094403825,1.6091021765917524,0.0
32,8028,8.76389663871711,0.002061426321597193,0.0005546589278488998,0.0018048335842190224,0.0004049328272060269,1.6287121482605471e-06,1.6397059604893264e-07,0.0012445445712290077,0.000355108358253718,0.00158225669960142,3.715525722850151,1.609103075987191,0.0
32,8032,8.768263303708999,0.002054534915100958,0.0005528046873657322,0.0017987841299811427,0.0004035755704323183,1.617812181109457e-06,1.6287324185249785e-07,0.0012403660721805785,0.0003539160988751831,0.0015769375184231979,3.7155293236213596,1.609103971909792,0.0
32,8036,8.772629968700885,0.0020476666675686484,0.0005509566781632882,0.0017927550726652677,0.0004022228899161471,1.6069853856492955e-06,1.617832542160708e-07,0.0012362016914618257,0.00035272786790751327,0.001571636340675038,3.7155329117987814,1.6091048643732426,0.0
32,8040,8.776996633692772,0.0020408215006586707,0.0005491148791625395,0.0017867463429732536,0.0004008747701097679,1.5962312573947202e-06,1.6070058235058945e-07,0.0012320513809747477,0.0003515436516268106,0.001566353104877774,3.715536487427026,1.6091057533911741,0.0
32,8044,8.781363298684658,0.0020339993362965144,0.00054727926935632,0.0017807578718445967,0.0003995311955187521,1.5855493060712433e-06,1.5962517689766961e-07,0.0012279150927868858,0.00035036343635641223,0.0015610877497640489,3.7155400505505445,1.609106638977163,0.0
32,8048,8.785729963676546,0.0020272000966742197,0.000545449827809184,0.0017747895904559523,0.00039819215070188013,1.574939055615232e-06,1.5855698992960486e-07,0.001223792779130984,0.0003491872084667927,0.00155584021427858,3.7155436012136267,1.6091075211447312,0.0
32,8052,8.790096628668433,0.0020204237042489486,0.0005436265336570204,0.0017688414302198636,0.0003968576202708564,1.5644000157521987e-06,1.5749597208801104e-07,0.001219684392404105,0.00034801495437531197,0.0015506104375765622,3.7155471394604023,1.6091083999073459,0.0
32,8056,8.79446329366032,0.0020136700817428676,0.000541809366107022,0.001762913322784631,0.0003955275888902798,1.5539317033130828e-06,1.5644207472984284e-07,0.001215589885167527,0.0003468466605461859,0.001545398359023102,3.7155506653348445,1.6091092752784206,0.0
32,8060,8.798829958652206,0.002006939152141378,0.0005399983044372088,0.0017570052000327708,0.000394202041277298,1.5435336422342516e-06,1.5539524992739382e-07,0.0012115092101456844,0.0003456823134901841,0.001540203918194528,3.715554178880766,1.6091101472713139,0.0
32,8064,8.803196623644094,0.002000230838692885,0.0005381933279963664,0.0017511169940807659,0.00039288096220155126,1.533205377768354e-06,1.543554518989743e-07,0.001207442320225977,0.00034452189976457543,0.0015350270548745897,3.7155576801418224,1.6091110158993314,0.0
32,8068,8.807563288635981,0.001993545064907404,0.0005363944162036703,0.0017452486372778369,0.0003915643364848972,1.5229464125354752e-06,1.5332263057086117e-07,0.001203389168457915,0.000343365405972884,0.001529867709054698,3.715561169161513,1.6091118811757248,0.0
32,8072,8.811929953627867,0.0019868817545560676,0.0005346015485485541,0.001739400062205477,0.00039025214900130587,1.5127562988936916e-06,1.5229674087670368e-07,0.001199349708052789,0.000342212818764795,0.0015247258209348349,3.7155646459831795,1.6091127431136925,0.0
32,8076,8.816296618619754,0.001980240831669915,0.0005328147045903832,0.0017335712016764001,0.0003889443846766244,1.5026345678847974e-06,1.5127773560413426e-07,0.0011953238923829424,0.0003410641248359471,0.001519601330920868,3.7155681106500085,1.6091136017263796,0.0
32,8080,8.82066328361164,0.0019736222205391334,0.0005310338639582504,0.0017277619887338333,0.0003876410284884175,1.4925807576560146e-06,1.502655682561244e-07,0.0011913116749812682,0.0003399193109277891,0.0015144941796247794,3.715571563205031,1.6091144570268787,0.0
32,8084,8.825029948603529,0.0019670258457121195,0.0005292590063507245,0.0017219723566506899,0.0003863420654657827,1.4825944063545649e-06,1.492601923356454e-07,0.0011873130095406358,0.000338778363827416,0.0015094043078627696,3.715575003691122,1.6091153090282293,0.0
32,8088,8.829396613595415,0.0019604516319945034,0.0005274901115355864,0.0017162022389287013,0.00038504748068915495,1.4726750663385246e-06,1.4826156277634652e-07,0.001183327849913286,0.00033764127036739656,0.0015043316566572982,3.715578432151004,1.6091161577434185,0.0
32,8092,8.833763278587302,0.0019538995044487348,0.0005257271593497186,0.0017104515692980171,0.00038375725929021726,1.4628222970713978e-06,1.4726963522721587e-07,0.0011793561501105383,0.00033650801742568986,0.0014992761672331704,3.715581848627246,1.6091170031853812,0.0
32,8096,8.838129943579188,0.0019473693883924803,0.0005239701296986735,0.0017047202817157996,0.00038247138645158526,1.4530356295949787e-06,1.4628436247588596e-07,0.0011753978643018216,0.00033537859192536864,0.0014942377810181304,3.715585253162261,1.6091178453670003,0.0
32,8100,8.842496608571077,0.0019408612093980203,0.0005222190025565115,0.0016990083103656517,0.0003811898474066787,1.4433146233727712e-06,1.4530570017134485e-07,0.0011714529468142602,0.0003342529808345011,0.0014892164396429698,3.715588645798312,1.609118684301107,0.0
32,8104,8.846863273562963,0.001934374893291538,0.0005204737579656096,0.0016933155896570176,0.0003799126274395874,1.4336588520791338e-06,1.443336053932585e-07,0.0011675213521322699,0.0003331311711660359,0.0014842120849397104,3.715592026577511,1.6091195200004804,0.0
32,8108,8.85122993855485,0.0019279103661525442,0.000518734376036506,0.0016876420542246311,0.000378639711884947,1.4240678538612883e-06,1.433680316445983e-07,0.0011636030348971575,0.0003320131499776875,0.001479224658940785,3.715595395541815,1.6091203524778483,0.0
32,8112,8.855596603546736,0.0019214675543119317,0.0005170008369473779,0.0016819876389267937,0.00037737108612755283,1.4145412237098753e-06,1.424089381510468e-07,0.0011596979499059249,0.0003308989043715953,0.001474254103879237,3.7155987527330328,1.609121181745888,0.0
32,8116,8.859963268538625,0.0019150463843521297,0.0005152731209440818,0.0016763522788455095,0.0003761067356023902,1.405078485561262e-06,1.414562769848977e-07,0.0011558060521113618,0.00032978842149434986,0.0014693003621875588,3.7156020981928224,1.6091220078172248,0.0
32,8120,8.864329933530511,0.0019086467831058791,0.0005135512083398246,0.001670735909285378,0.0003748466457943861,1.395679241511516e-06,1.4051000808717246e-07,0.0011519272966212673,0.00032868168853677094,0.001464363376497069,3.715605431962692,1.6091228307044338,0.0
32,8124,8.868696598522398,0.0019022686776555449,0.0005118350795149785,0.0016651384657729782,0.00037359080223827075,1.3863430652349962e-06,1.39570088537537e-07,0.0011480616386980184,0.0003275786927337843,0.0014594430896370974,3.7156087540839993,1.60912365042004,0.0
32,8128,8.873063263514284,0.0018959119953319019,0.000510124714916754,0.0016595598840557929,0.00037233919051833636,1.3770695090897789e-06,1.3863647326964052e-07,0.001144209033757824,0.0003264794213642089,0.0014545394446340372,3.715612064597956,1.6091244669765172,0.0
32,8132,8.877429928506173,0.001889576663713257,0.0005084200950589643,0.0016540001001014283,0.0003710917962682622,1.3678581680665047e-06,1.3770912150916563e-07,0.0011403694373701807,0.0003253838617506014,0.0014496523847112588,3.715615363545623,1.6091252803862892,0.0
32,8136,8.88179659349806,0.0018832626106250715,0.0005067212005219233,0.0016484590500972403,0.0003698486051710305,1.358708630050387e-06,1.3678799176645607e-07,0.0011365428052575945,0.0003242920012591772,0.0014447818532877614,3.7156186509679148,1.6091260906617302,0.0
32,8140,8.886163258489946,0.0018769697641387063,0.000505028011952108,0.0016429366704492482,0.00036860960295868303,1.3496204545049295e-06,1.358730396904999e-07,0.0011327290932948409,0.0003232038272995989,0.0014399277939783745,3.715621926905599,1.6091268978151643,0.0
32,8144,8.890529923481832,0.0018706980525708614,0.0005033405100620073,0.0016374328977815911,0.0003673747754121987,1.340593257737055e-06,1.3496422665299648e-07,0.0011289282575085641,0.00032211932732486204,0.0014350901505919985,3.715625191399297,1.6091277018588668,0.0
32,8148,8.894896588473719,0.0018644474044825037,0.0005016586756298346,0.0016319476689356264,0.00036614410836129183,1.3316266134211219e-06,1.340615097336117e-07,0.0011251402540766726,0.0003210384888311228,0.001430268867131784,3.715628444489483,1.6091285028050626,0.0
32,8152,8.899263253465607,0.0018582177486781088,0.0004999824894993227,0.0016264809209691976,0.00036491758768424743,1.3227200952314888e-06,1.331648460120115e-07,0.0011213650393278032,0.00031996129935754505,0.0014254638877945773,3.7156316862164864,1.6091293006659282,0.0
32,8156,8.903629918457494,0.0018520090142048764,0.0004983119325795133,0.0016210325911559498,0.0003636951993077678,1.3138733407913605e-06,1.3227419900591183e-07,0.0011176025697408522,0.00031888774648616635,0.0014206751569688842,3.7156349166204916,1.6091300954535908,0.0
32,8160,8.90799658344938,0.0018458211303516929,0.0004966469858444773,0.0016156026169843911,0.00036247692920676213,1.3050859166696682e-06,1.313895250796398e-07,0.0011138528019443129,0.00031781781784170904,0.0014159026192350605,3.715638135741539,1.6091308871801295,0.0
32,8164,8.912363248441267,0.0018396540266482863,0.0004949876303330885,0.0016101909361571714,0.00036126276340418427,1.2963574320679072e-06,1.3051078488955573e-07,0.0011101156927157871,0.00031675150109144106,0.0014111462193656338,3.715641343619526,1.6091316758575738,0.0
32,8168,8.916729913433155,0.0018335076328648465,0.0004933338471489199,0.0016047974865906868,0.0003600526879709444,1.2876874961875728e-06,1.296379390920201e-07,0.0011063911989816855,0.00031568878394509005,0.001406405902322679,3.7156445402942038,1.609132461497906,0.0
32,8172,8.921096578425042,0.0018273818790107226,0.0004916856174598946,0.0015994222064139613,0.00035884668902565783,1.2790757040193057e-06,1.2877094691271548e-07,0.0011026792778164646,0.0003146296541546261,0.0014016816132591536,3.715647725805184,1.6091332441130597,0.0
32,8176,8.925463243416928,0.0018212766953340073,0.0004900429224981732,0.0015940650339682475,0.00035764475273455547,1.2705216718700285e-06,1.2790976972334125e-07,0.0010989798864423374,0.0003135740995141788,0.0013969732975162832,3.715650900191934,1.6091340237149205,0.0
32,8180,8.929829908408815,0.0018151920123202297,0.0004884057435598024,0.001588725907805847,0.00035644686531121944,1.262025016046664e-06,1.2705436889559666e-07,0.0010952929822284434,0.0003125221078598006,0.0013922809006244033,3.71565406349378,1.6091348003153267,0.0
32,8184,8.934196573400703,0.001809127760691838,0.00048677406200457534,0.0015834047666896864,0.0003552530130164875,1.25358533864528e-06,1.2620470437050327e-07,0.0010916185226905691,0.0003114736670693871,0.00138760436830183,3.7156572157499075,1.6091355739260687,0.0
32,8188,8.93856323839259,0.0018030838714074482,0.0004851478592558301,0.0015781015495925986,0.00035406318215829214,1.2452022559727993e-06,1.2536073751976039e-07,0.0010879564654906273,0.00031042876506252816,0.0013829436464533043,3.715660356999361,1.6091363445588898,0.0
32,8192,8.942929903384476,0.0017970602756607324,0.0004835271168001502,0.0015728161956963696,0.00035287735909144666,1.2368753985469993e-06,1.2452243114574513e-07,0.0010843067684360057,0.0003093873898003226,0.0013782986811714454,3.7156634872810437,1.6091371122254858,0.0
32,8196,8.947296568376363,0.0017910569048798584,0.0004819118161872139,0.0015675486443911943,0.00035169553021752284,1.2286043826748028e-06,1.236897466201568e-07,0.0010806693894791714,0.00030834952928526484,0.0013736694187334937,3.7156666066337207,1.6091378769375064,0.0
32,8200,8.951663233368249,0.0017850736907264403,0.0004803019390295118,0.0015622988352747762,0.0003505176819846493,1.220388838873987e-06,1.2286264674537258e-07,0.0010770442867170545,0.0003073151715610693,0.0013690558056023165,3.715669715096017,1.6091386387065536,0.0
32,8204,8.956029898360137,0.001779110565095419,0.0004786974670023147,0.001557066708152182,0.0003493438008874787,1.2122283763460473e-06,1.2204109217775282e-07,0.0010734314183909344,0.0003062843047126378,0.0013644577884265648,3.7156728127064196,1.6091393975441828,0.0
32,8208,8.960396563352024,0.0017731674601132125,0.00047709838184317586,0.0015518522030342316,0.00034817387346682644,1.2041226398196159e-06,1.2122504715035246e-07,0.0010698307428853285,0.0003052569168657426,0.0013598753140369427,3.7156758995032773,1.6091401534619039,0.0
32,8212,8.96476322834391,0.0017672443081377678,0.00047550466535194527,0.0015466552601374945,0.00034700788630966995,1.1960712527070427e-06,1.2041447375020973e-07,0.0010662422187279737,0.00030423299618702104,0.001355308329449351,3.7156789755248005,1.6091409064711797,0.0
32,8216,8.969129893335797,0.00176134104175718,0.0004739162993903977,0.0015414758198830794,0.00034584582604887726,1.18807385973696e-06,1.1960933621037956e-07,0.0010626658045889865,0.00030321253088373587,0.0013507567818603395,3.7156820408090625,1.6091416565834278,0.0
32,8220,8.973496558327685,0.0017554575937894258,0.0004723332658821611,0.0015363138228963982,0.0003446876793631537,1.180130091427145e-06,1.1880959733323906e-07,0.0010591014592807022,0.0003021955092037295,0.0013462206186505958,3.7156850953940013,1.6091424038100197,0.0
32,8224,8.977863223319572,0.0017495938972811975,0.0004707555468124029,0.0015311692100061184,0.0003435334329768072,1.1722395854008028e-06,1.1801522063650426e-07,0.001055549141756939,0.00030118191943521376,0.0013416997873808626,3.7156881393174173,1.609143148162281,0.0
32,8228,8.982229888311458,0.0017437498855073826,0.00046918312422769033,0.001526041922243682,0.0003423830736596402,1.1644019792811378e-06,1.1722616963789119e-07,0.0010520088111126552,0.0003001717499066725,0.0013371942357933576,3.715691172616976,1.6091438896514925,0.0
32,8232,8.986596553303345,0.001737925491969479,0.00046761598023556324,0.0015209319008419148,0.0003412365882266377,1.156616932007637e-06,1.1644241000113256e-07,0.0010484804265829912,0.000299164988986588,0.0013327039118100135,3.715694195330208,1.6091446282888893,0.0
32,8236,8.990963218295233,0.0017321206503964506,0.00046605409700476504,0.0015158390872357754,0.00034009396353813505,1.1488840740980777e-06,1.1566390452860551e-07,0.001044963947543781,0.00029816162508358653,0.0013282287635320534,3.7156972074945083,1.6091453640856612,0.0
32,8240,8.99532988328712,0.001726335294742495,0.0004644974567646417,0.0015107634230603433,0.000338955186499367,1.1412030715973742e-06,1.1489061959938165e-07,0.0010414593335101457,0.00029716164664603793,0.001323768739240414,3.7157002091471383,1.6091460970529534,0.0
32,8244,8.999696548279006,0.001720569359186329,0.00046294604180494963,0.0015057048501502083,0.0003378202440603304,1.133573555023304e-06,1.1412251801583812e-07,0.001037966544136074,0.00029616504216193517,0.0013193237873938275,3.715703200325226,1.6091468272018667,0.0
32,8248,9.004063213270893,0.0017148227781313083,0.0004613998344758878,0.0015006633105395632,0.00033668912321580495,1.1259951975262084e-06,1.1335956687238544e-07,0.0010344855392144835,0.000295171800158912,0.0013148938566282123,3.7157061810657668,1.6091475545434573,0.0
32,8252,9.00842987826278,0.0017090954862041799,0.00045985881718776207,0.0014956387464610784,0.000335561811005101,1.1184676367292923e-06,1.1260172968673964e-07,0.0010310162786764292,0.00029418190920401727,0.0013104788957569939,3.7157091514056204,1.6091482790887368,0.0
32,8256,9.012796543254668,0.0017033874182541616,0.0004583229724107376,0.0014906311003450839,0.0003344382945118757,1.1109905528883246e-06,1.1184897426865014e-07,0.0010275587225905345,0.0002931953579035526,0.0013060788537708843,3.715712111381519,1.609149000848673,0.0
32,8260,9.017163208246554,0.0016976985093522191,0.00045679228267464424,0.001485640314818941,0.00033331856086399233,1.10356358362651e-06,1.1110126413583297e-07,0.0010241128311625606,0.0002922121349029493,0.0013016936798341582,3.715715061030059,1.6091497198341893,0.0
32,8264,9.02152987323844,0.0016920286947903556,0.0004552667305687855,0.0014806663327063716,0.0003322025972333696,1.0961864020941903e-06,1.1035856638269866e-07,0.001020678564734919,0.00029123222888662937,0.0012973233232881308,3.715718000387708,1.609150436056166,0.0
32,8268,9.025896538230327,0.001686377910081181,0.0004537462987418224,0.0014757090970271083,0.00033109039083590317,1.0888586814417067e-06,1.0962084810365775e-07,0.001017255883786449,0.0002902556285779419,0.001292967733647915,3.7157209294908013,1.609151149525439,0.0
32,8272,9.030263203222216,0.001680746090956693,0.00045223096990144597,0.0014707685509957706,0.0003299819289312136,1.0815800663976916e-06,1.0888807353176516e-07,0.0010138447489316108,0.00028928232273893337,0.0012886268606031412,3.7157238483755455,1.6091518602528014,0.0
32,8276,9.034629868214102,0.0016751331733676172,0.00045072072681419904,0.0014658446380213025,0.0003288771988225202,1.074350265639623e-06,1.081602133381259e-07,0.0010104451209201086,0.0002883123001702392,0.0012843006540152442,3.7157267570780155,1.6091525682490029,0.0
32,8280,9.038996533205989,0.0016695390934827312,0.00044921555230529496,0.0014609373017063542,0.0003277761878565021,1.0671689096852788e-06,1.0743723032511714e-07,0.001007056960636452,0.00028734554971095947,0.0012799890639206323,3.7157296556341586,1.6091532735247498,0.0
32,8284,9.043363198197875,0.0016639637876880403,0.00044771542925839554,0.0014560464858465346,0.0003266788834231309,1.0600356858958548e-06,1.0671909301782718e-07,0.0010036802290994283,0.00028638206023850777,0.0012756920405257687,3.715732544079793,1.6091539760907063,0.0
32,8288,9.047729863189764,0.001658407192586351,0.0004462203406154963,0.0014511721344300464,0.00032558527295558834,1.052950288737975e-06,1.0600577065668327e-07,0.0010003148874618546,0.00028542182066854083,0.001271409534210011,3.715735422450607,1.6091546759574933,0.0
32,8292,9.05209652818165,0.0016528692449964022,0.0004447302693766929,0.0014463141916368984,0.00032449534393009,1.0459123700456985e-06,1.0529722819007924e-07,0.000996960897010024,0.0002844648199548002,0.0012671414955227843,3.715738290782163,1.609155373135689,0.0
32,8296,9.056463193173537,0.001647349881951564,0.0004432451985998306,0.0014414726018377542,0.00032340908386562666,1.0389216384965039e-06,1.0459343628912011e-07,0.0009936182191629059,0.00028351104708888424,0.0012628878751845985,3.7157411491098937,1.6091560676358292,0.0
32,8300,9.060829858165423,0.0016418490406995855,0.0004417651114004368,0.0014366473095936932,0.00032232648032391097,1.0319777601353053e-06,1.0389436133287752e-07,0.0009902868154719716,0.0002825604911001985,0.0012586486240852323,3.715743997469108,1.6091567594684084,0.0
32,8304,9.065196523157312,0.0016363666587019985,0.00044028999095156057,0.0014318382596556793,0.00032124752090925804,1.0250804081124443e-06,1.0319997041576199e-07,0.0009869666476208256,0.0002816131410558502,0.0012544236932832448,3.7157468358949854,1.6091574486438784,0.0
32,8308,9.069563188149198,0.001630902673633091,0.00043881982048349626,0.0014270453969636393,0.0003201721932683787,1.0182292911053992e-06,1.0251023420887857e-07,0.0009836576774245613,0.00028066898606046465,0.001250213034006843,3.7157496644225803,1.6091581351726494,0.0
32,8312,9.073929853141085,0.0016254570233792884,0.0004373545832836171,0.0014222686666459225,0.00031910048509025833,1.0114240893699389e-06,1.0182512052197671e-07,0.0009803598668293844,0.0002797280152560775,0.0012460165976506826,3.7157524830868223,1.6091588190650898,0.0
32,8316,9.078296518132971,0.001620029646038225,0.0004358942626961254,0.0014175080140184568,0.0003180323841059675,1.004664497372687e-06,1.0114459859548361e-07,0.0009770731779120234,0.00027879021782196696,0.0012418343357775777,3.7157552919225147,1.6091595003315262,0.0
32,8320,9.082663183124858,0.001614620479918566,0.00043443884212200466,0.0014127633845845986,0.0003169678780886282,9.979501953694125e-07,1.0046863623914872e-07,0.0009737975728796223,0.00027785558297462287,0.0012376662001177359,3.715758090964336,1.6091601789822447,0.0
32,8324,9.087029848116746,0.0016092294635385632,0.0004329883050186308,0.0014080347240338277,0.0003159069548531213,9.91280899143021e-07,9.979720483941598e-08,0.000970533014068829,0.00027692409996748655,0.0012335121425662804,3.715760880246843,1.6091608550274894,0.0
32,8328,9.091396513108633,0.0016038565356260638,0.00043154263489977477,0.0014033219782417696,0.00031484960225609105,9.84656296054709e-07,9.913027292137372e-08,0.0009672794639458121,0.00027599575809095597,0.0012293721151850332,3.7157636598044648,1.6091615284774636,0.0
32,8332,9.095763178100519,0.00159850163511709,0.00043010181533522024,0.0013986250932689216,0.00031379580819565977,9.78076087676527e-07,9.846781044078806e-08,0.0009640368851053721,0.00027507054667213164,0.0012252460702004795,3.7157664296715103,1.6091621993423304,0.0
32,8336,9.100129843092406,0.0015931647011552194,0.00042866582995059686,0.0013939440153600958,0.00031274556061130273,9.715399684750992e-07,9.780978663808627e-08,0.0009608052402705497,0.0002741484550747053,0.001221133960002655,3.7157691898821636,1.6091628676322116,0.0
32,8340,9.104496508084294,0.001587845673091885,0.000427234662427461,0.0013892786909446737,0.0003116988474839051,9.650476542333308e-07,9.715617289971227e-08,0.0009575844922927977,0.00027322947269900857,0.0012170357371478807,3.7157719404704883,1.6091635333571885,0.0
32,8344,9.10886317307618,0.0015825444904839264,0.000425808296502637,0.001384629066634456,0.0003106556568352797,9.585988323124184e-07,9.650693775075439e-08,0.0009543746041504972,0.00027231358898158995,0.0012129513543522763,3.7157746814704242,1.6091641965273025,0.0
32,8348,9.113229838068067,0.0015772610930944388,0.00042438671596844535,0.0013799950892243761,0.0003096159767283271,9.521932256006949e-07,9.586205329299548e-08,0.0009511755389494335,0.00027140079339535027,0.0012088807644980168,3.7157774129157906,1.6091648571525543,0.0
32,8352,9.117596503059954,0.0015719954208913743,0.00042296990467232656,0.0013753767056912621,0.0003085797952667577,9.45830549881066e-07,9.522149091287948e-08,0.0009479872599219397,0.0002704910754492987,0.0012048239206271297,3.715780134840286,1.6091655152429052,0.0
32,8356,9.121963168051842,0.0015667474140466356,0.0004215578465165972,0.001370773863193056,0.0003075471005949167,9.395104996201553e-07,9.458521985083362e-08,0.000944809730426362,0.0002695844246883998,0.0012007807759453154,3.7157828472774868,1.6091661708082763,0.0
32,8360,9.126329833043728,0.0015615170129360705,0.0004201505254584485,0.0013661865090687606,0.00030651788089777217,9.33232797706296e-07,9.395321220864075e-08,0.0009416429139470023,0.00026868083069355743,0.0011967512838173483,3.7157855502608506,1.6091668238585493,0.0
32,8364,9.130696498035615,0.001556304158138017,0.0004187479255095548,0.001361614590837183,0.00030549212440063306,9.269971528169663e-07,9.332543865740589e-08,0.0009384867740932591,0.0002677802830813694,0.0011927353977695824,3.715788243823715,1.609167474403566,0.0
32,8368,9.135063163027501,0.0015511087904328934,0.00041735003073596334,0.0013570580561965409,0.00030446981936906096,9.208032949459266e-07,9.27018720142508e-08,0.0009353412745993418,0.0002668827715040461,0.0011887330714876673,3.7157909279992976,1.6091681224531293,0.0
32,8372,9.139429828019388,0.0015459308508029054,0.0004159568252580153,0.0013525168530242008,0.0003034509541088113,9.146509185598006e-07,9.208248151960271e-08,0.0009322063793240866,0.000265988285649358,0.0011847442588177948,3.715793602820698,1.6091687680170026,0.0
32,8376,9.143796493011276,0.0015407702804307731,0.0004145682932500035,0.00134799092937556,0.0003024355169655826,9.085397749686308e-07,9.146724213660008e-08,0.0009290820522501838,0.00026509681524041504,0.001180768913763392,3.7157962683208967,1.6091694111049102,0.0
32,8380,9.148163158003163,0.0015356270206993378,0.0004131844189400665,0.0013434802334836673,0.000301423496324931,9.024695728498955e-07,9.085612453634791e-08,0.0009259682574839023,0.00026420835003558807,0.001176806990486797,3.715798924532756,1.6091700517265382,0.0
32,8384,9.15252982299505,0.001530501013190696,0.00041180518660995547,0.0013389847137584756,0.00030041488061210335,8.964400350919277e-07,9.024910082062907e-08,0.0009228649592545786,0.00026332287982836313,0.0011728584433087722,3.7158015714890222,1.609170689891533,0.0
32,8388,9.156896487986936,0.0015253921996856905,0.0004104305805948975,0.0013345043187863673,0.00029940965829193,8.904508987939153e-07,8.964614452190421e-08,0.000919772121914275,0.00026244039444724387,0.001168923226705805,3.715804209222322,1.6091713256095033,0.0
32,8392,9.161263152978824,0.001520300522163247,0.0004090605852834169,0.0013300389973295666,0.0002984078178686931,8.845018797387638e-07,8.904722702661726e-08,0.0009166897099373742,0.00026156088375563566,0.0011650012953124307,3.715806837765168,1.6091719588900193,0.0
32,8396,9.16562981797071,0.001515225922799483,0.0004076951851170955,0.0013255886983253584,0.0002974093478859518,8.785927150256612e-07,8.845232186722886e-08,0.0009136176879200373,0.0002606843376516914,0.0011610926039178635,3.7158094571499536,1.6091725897426123,0.0
32,8400,9.169996482962597,0.001510168343967288,0.0004063343645904598,0.0013211533708856798,0.00029641423692644987,8.72723120437513e-07,8.786140043018296e-08,0.0009105560205799068,0.0002598107460682263,0.0011571971074680334,3.7158120674089585,1.6091732181767764,0.0
32,8404,9.174363147954484,0.0015051277282350064,0.00040497810825062646,0.001316732964295974,0.0002954224736118591,8.668928543897891e-07,8.72744383939569e-08,0.000907504672755317,0.0002589400989724931,0.0011533147610629426,3.715814668574347,1.6091738442019674,0.0
32,8408,9.178729812946372,0.001500104018367269,0.0004036264006975259,0.0013123274280159116,0.0002944340466029411,8.6110164687625e-07,8.669140857567242e-08,0.0009044636094057908,0.00025807238636632314,0.0011494455199576627,3.7158172606781665,1.609174467827603,0.0
32,8412,9.183096477938259,0.001495097157322483,0.0004022792265832274,0.0013079367116771684,0.0002934489445990484,8.55349227890656e-07,8.611228379245127e-08,0.0009014327956104941,0.000257207598285686,0.0011455893395607636,3.7158198437523517,1.6091750890630638,0.0
32,8416,9.187463142930145,0.001490107088253376,0.0004009365706120849,0.001303560765083893,0.0002924671563382297,8.496353487430497e-07,8.55370390074319e-08,0.0008984121965685566,0.0002563457248007806,0.0011417461754340743,3.7158224178287225,1.6091757079176927,0.0
32,8420,9.191829807922032,0.0014851337545057275,0.000399598417540396,0.0012991995382115782,0.00029148867059697645,8.439597252163367e-07,8.496564560705823e-08,0.000895401777598284,0.0002554867560158108,0.0011379159832925984,3.715824982938984,1.6091763244007957,0.0
32,8424,9.19619647291392,0.0014801770996183048,0.000398264752176385,0.0012948529812070104,0.00029051347619021156,8.383221370422689e-07,8.439808141582434e-08,0.0008924015041371269,0.0002546306820689761,0.0011340987190035377,3.715827539114729,1.6091769385216408,0.0
32,8428,9.200563137905807,0.0014752370673213073,0.00039693555937978355,0.001290521044386869,0.0002895415619709752,8.327222857928973e-07,8.383431638949636e-08,0.0008894113417406967,0.0002537774931321912,0.001130294338585333,3.715830086387437,1.6091775502894599,0.0
32,8432,9.204929802897693,0.001470313601536695,0.0003956108240619198,0.0012862036782380296,0.0002885729168304929,8.271599583054012e-07,8.327432906790724e-08,0.000886431256082983,0.00025292717941114774,0.0011265027982080822,3.7158326247884763,1.6091781597134474,0.0
32,8436,9.20929646788958,0.0014654066463769685,0.0003942905311853896,0.0012819008334164638,0.00028760752969792826,8.216348845735411e-07,8.271809226817872e-08,0.0008834612129555783,0.00025207973114509336,0.0011227240541929757,3.7158351543491,1.6091787668027613,0.0
32,8440,9.213663132881466,0.0014605161461445416,0.0003929746657638882,0.0012776124607466837,0.00028664538954025913,8.161468088019319e-07,8.216558023811034e-08,0.0008805011782672963,0.0002512351386067226,0.0011189580630106403,3.7158376751004525,1.6091793715665235,0.0
32,8444,9.218029797873355,0.0014556420453309103,0.000391663212861986,0.001273338511221004,0.0002856864853621112,8.10695496511471e-07,8.161676937151837e-08,0.000877551118043655,0.0002503933921020294,0.0011152047812811052,3.7158401870735656,1.6091799740138186,0.0
32,8448,9.222396462865241,0.0014507842886167794,0.0003903561575951633,0.0012690789359996488,0.0002847308062057825,8.052806848013461e-07,8.107163320086343e-08,0.0008746109984269487,0.00024955448197032794,0.0011114641657749686,3.7158426902993598,1.6091805741536953,0.0
32,8452,9.226763127857128,0.0014459428208707362,0.0003890534851294528,0.00126483368640956,0.00028377834115097595,7.99902132087027e-07,8.053014740462289e-08,0.0008716807856754162,0.00024871839858401474,0.0011077361734100444,3.7158451848086456,1.6091811719951667,0.0
32,8456,9.231129792849014,0.0014411175871482979,0.00038775518068118403,0.0012606027139435638,0.0002828290793146122,7.945596109948383e-07,7.99922890919519e-08,0.0008687604461626628,0.00024788513234840436,0.0011040207612526395,3.7158476706321237,1.6091817675472095,0.0
32,8460,9.235496457840902,0.0014363085326922064,0.00038646122951706193,0.001256385970260619,0.00028188300985088554,7.892528657293951e-07,7.945803251064998e-08,0.0008658499463778286,0.000247054673701777,0.0011003178865164579,3.7158501478003845,1.6091823608187648,0.0
32,8464,9.239863122832789,0.001431515602931336,0.00038517161695387326,0.0012521834071848484,0.00028094012195104635,7.839816547061673e-07,7.892735333919452e-08,0.0008629492529249146,0.00024622701311518636,0.0010966275065627824,3.7158526163439096,1.6091829518187373,0.0
32,8468,9.244229787824676,0.0014267387434797965,0.00038388632835824555,0.001247994976704736,0.0002800004048432213,7.787457363406247e-07,7.840022725606283e-08,0.0008600583325222234,0.00024540214109230004,0.0010929495788987986,3.715855076293071,1.609183540555997,0.0
32,8472,9.248596452816562,0.0014219779001365153,0.000382605349146534,0.0012438206309727544,0.00027906384779232947,7.735448903645192e-07,7.787663208574899e-08,0.0008571771520020963,0.0002445800481693246,0.0010892840611786256,3.7158575276781334,1.6091841270393785,0.0
32,8476,9.25296311780845,0.0014172330188849266,0.0003813286647847386,0.0012396603223050677,0.0002781304401000158,7.683788680878934e-07,7.735654279139142e-08,0.0008543056783107001,0.00024376072491494446,0.0010856309112003133,3.7158599705292517,1.609184711277681,0.0
32,8480,9.257329782800337,0.0014125040458917038,0.0003800562607881626,0.0012355140031804403,0.00027720017110440627,7.632474350316443e-07,7.68399357668064e-08,0.0008514438785072808,0.0002429441619301094,0.001081990086908555,3.7158624048764737,1.6091852932796682,0.0
32,8484,9.261696447792223,0.0014077909275064865,0.00037878812272133897,0.0012313816262399537,0.00027627303018004434,7.581503709275239e-07,7.632678883648797e-08,0.0008485917197639496,0.0002421303498479731,0.0010783615463918516,3.7158648307497413,1.6091858730540698,0.0
32,8488,9.26606311278411,0.0014030936102613454,0.00037752423619788684,0.001227263144286557,0.0002753490067377902,7.530874199801474e-07,7.581707624823568e-08,0.0008457491693653829,0.00024131927933380767,0.0010747452478819801,3.715867248178887,1.6091864506095799,0.0
32,8492,9.270429777775997,0.0013984120408700575,0.0003762645868803163,0.001223158510284386,0.00027442809022466786,7.480583761321213e-07,7.531077725722138e-08,0.0008429161947083295,0.00024051094108486318,0.0010711411497560854,3.7158696571936396,1.6091870259548582,0.0
32,8496,9.274796442767885,0.0013937461662274701,0.00037500916047985693,0.001219067677358243,0.0002735102701237485,7.430630120097703e-07,7.480786897260022e-08,0.0008400927633012698,0.0002397053258302702,0.0010675492105327131,3.7158720578236184,1.6091875990985298,0.0
32,8500,9.279163107759771,0.0013890959334085194,0.00037375794275619435,0.0012149905987926684,0.00027259553595394213,7.381010860285642e-07,7.430832707284956e-08,0.0008372788427637458,0.0002389024243308488,0.0010639693888730539,3.71587445009834,1.609188170049186,0.0
32,8504,9.283529772751658,0.0013844612896683752,0.00037251091951750873,0.0012109272280321044,0.00027168387727003444,7.331723850256822e-07,7.381213009780235e-08,0.0008344744008264879,0.00023810222737914453,0.0010604016435812518,3.7158768340472133,1.609188738815383,0.0
32,8508,9.287896437743544,0.0013798421824411371,0.000371268076620124,0.0012068775186797299,0.0002707752836624253,7.282766887328762e-07,7.331925587195264e-08,0.0008316794053306037,0.00023730472579919722,0.001056845933601866,3.7158792096995445,1.6091893054056432,0.0
32,8512,9.292263102735433,0.001375238559339696,0.0003700293999684708,0.0012028414244973063,0.00026986974475709416,7.234137555656162e-07,7.282968007377776e-08,0.0008288938242274554,0.00023650991044650582,0.001053302218020935,3.715881577084533,1.6091898698284557,0.0
32,8516,9.29662976772732,0.0013706503681549169,0.0003687948755148665,0.0011988188994044792,0.0002689672502154434,7.18583386571936e-07,7.234338267378852e-08,0.0008261176255781862,0.00023571777220789323,0.0010497704560655113,3.715883936231274,1.6091904320922752,0.0
32,8520,9.300996432719206,0.0013660775568546933,0.00036756448925926057,0.0011948098974779297,0.0002680677897341079,7.137853614835876e-07,7.186034149647891e-08,0.000823350777553127,0.00023492830200133724,0.0010462506071013636,3.7158862871687615,1.6091909922055225,0.0
32,8524,9.305363097711092,0.0013615200735840824,0.00036633822724927144,0.0011908143729514751,0.0002671713530449777,7.090194387160409e-07,7.138053222032634e-08,0.0008205932484318571,0.00023414149077598758,0.001042742630635283,3.7158886299258826,1.609191550176585,0.0
32,8528,9.30972976270298,0.0013569778666641483,0.0003651160755798746,0.0011868322802150557,0.00026627792991497064,7.042854406336119e-07,7.090393696185822e-08,0.0008178450066025046,0.00023335732951196644,0.0010392464863124486,3.715890964531423,1.609192106013817,0.0
32,8532,9.314096427694867,0.001352450884591428,0.0003638980203932596,0.0011828635738142539,0.0002653875101459243,6.995831256517704e-07,7.043053139955192e-08,0.000815106020561411,0.00023257580922027285,0.0010357621339168932,3.715893291014066,1.6091926597255395,0.0
32,8536,9.318463092686754,0.0013479390760374687,0.0003626840478787049,0.0011789082084498674,0.0002645000835745006,6.949122948185504e-07,6.996029550391821e-08,0.000812376258912825,0.00023179692094269506,0.0010322895333698334,3.7158956094023914,1.6091932113200402,0.0
32,8540,9.32282975767864,0.0013434423898481087,0.0003614741442723849,0.001174966138977293,0.00026361564007204726,6.902727207602766e-07,6.949320638411223e-08,0.0008096556903684854,0.00023102065575169182,0.0010288286447311884,3.715897919724878,1.6091937608055735,0.0
32,8544,9.327196422670527,0.0013389607750427942,0.00036026829585718593,0.0011710373204058978,0.00026273416954445674,6.856642116304101e-07,6.902924472598364e-08,0.000806944283747173,0.00023024700475026428,0.0010253794281977933,3.7159002220099033,1.609194308190362,0.0
32,8548,9.331563087662415,0.0013344941808142972,0.00035906648896263016,0.0011671217078987703,0.0002618556619321106,6.810865542661304e-07,6.856838906936538e-08,0.0008042420079745391,0.0002294759590719073,0.0010219418441021234,3.715902516285741,1.6091948534825942,0.0
32,8552,9.335929752654302,0.0013300425565282044,0.00035786870996473843,0.0011632192567722465,0.0002609801072097729,6.765395212937619e-07,6.811061652341263e-08,0.0008015488320827649,0.0002287075098805119,0.0010185158529145725,3.715904802580567,1.6091953966904269,0.0
32,8556,9.340296417646188,0.0013256058517213914,0.0003566749452856194,0.0011593299224945928,0.00026010749538629495,6.720229421830481e-07,6.765590991999174e-08,0.000798864725209664,0.00022794164837010961,0.0010151014152401515,3.7159070809224555,1.6091959378219842,0.0
32,8560,9.344663082638075,0.0013211840161024616,0.00035548518139358787,0.0011554536606863603,0.0002592378165046946,6.675365895603136e-07,6.720424636825786e-08,0.0007961896565989131,0.00022717836576493808,0.0010116984918182715,3.7159093513393806,1.6091964768853582,0.0
32,8564,9.349029747629963,0.0013167769995511714,0.00035429940480301005,0.0011515904271198823,0.00025837106064204366,6.630802573681649e-07,6.675560512338284e-08,0.0007935235955997038,0.00022641765331934155,0.001008307043525505,3.7159116138592156,1.6091970138886076,0.0
32,8568,9.35339641262185,0.0013123847521168076,0.0003531176020738668,0.001147740177717823,0.00025750721790914215,6.586537679709181e-07,6.630996830189417e-08,0.0007908665116657306,0.0002256595023174825,0.0010049270313704226,3.7159138685097353,1.609197548839761,0.0
32,8572,9.357763077613736,0.0013080072240187024,0.00035193975981189245,0.00114390286855364,0.0002566462784506222,6.542568939948978e-07,6.586731301294697e-08,0.0007882183743555146,0.0002249039040734336,0.0010015584164966243,3.7159161153186164,1.6091980817468132,0.0
32,8576,9.362129742605623,0.0013036443656451737,0.0003507658646682896,0.0011400784558506473,0.00025578823244473757,6.498894506989927e-07,6.542762065772981e-08,0.0007855791533317519,0.0002241508499309921,0.000998201160180611,3.7159183543134344,1.6091986126177282,0.0
32,8580,9.366496407597511,0.0012992961275525479,0.00034959590333946607,0.0011362668959811232,0.000254933070103164,6.455512462366642e-07,6.499087192209236e-08,0.0007829488183606848,0.00022340033126350026,0.0009948552238317893,3.7159205855216695,1.6091991414604383,0.0
32,8584,9.370863072589398,0.001294962460465758,0.0003484298625671961,0.0011324681454668592,0.0002540807816711217,6.41242060339664e-07,6.455704463052865e-08,0.0007803273393124877,0.0002226523394739555,0.0009915205689927323,3.715922808970701,1.6091996682828438,0.0
32,8588,9.375229737581284,0.0012906433152765722,0.0003472677291381432,0.0011286821609775674,0.0002532313574270186,6.369617224777357e-07,6.412612161490508e-08,0.0007777146861601546,0.000221906865994693,0.000988197157337582,3.7159250246878126,1.609200193092814,0.0
32,8592,9.37959640257317,0.0012863386430435407,0.0003461094898838466,0.001124908899330856,0.00025238478768244463,6.32710026593486e-07,6.369808213039347e-08,0.0007751108289794902,0.0002211639022873829,0.000984884950670127,3.71592723270019,1.6092007158981865,0.0
32,8596,9.383963067565059,0.0012820483949914584,0.00034495513168057593,0.0011211483174917135,0.00025154106278205574,6.28486780840376e-07,6.327290686284351e-08,0.0007725157379487325,0.0002204234398429232,0.00098158391092897,3.7159294330349213,1.609201236706768,0.0
32,8600,9.388329732556945,0.0012777725225104734,0.00034380464144909183,0.0011174003725717531,0.000250700173103405,6.24291807582722e-07,6.285057792878264e-08,0.0007699293833480459,0.00021968547018129446,0.0009782940001800224,3.715931625718999,1.6092017555263345,0.0
32,8604,9.392696397548832,0.0012735109771560944,0.0003426580061546478,0.0011136650218291808,0.0002498621090569348,6.201249007631304e-07,6.243107458338272e-08,0.0007673517355594807,0.00021894998485154867,0.0009750151806205966,3.71593381077932,1.6092022723646306,0.0
32,8608,9.397063062540719,0.0012692637106481647,0.00034151521280671406,0.001109942222667913,0.0002490268610857792,6.159858756404901e-07,6.201437822783231e-08,0.0007647827650663714,0.00021821697543163737,0.0009717474145786762,3.715935988242683,1.6092027872293702,0.0
32,8612,9.401429727532605,0.0012650306748704303,0.0003403762484588614,0.0011062319326371674,0.0002481944196656722,6.118745545791171e-07,6.160047097865888e-08,0.0007622224424530409,0.00021748643352832747,0.0009684906645093952,3.7159381581357933,1.6092033001282364,0.0
32,8616,9.405796392524493,0.0012608118218697137,0.000339241100208539,0.0011025341094307432,0.00024736477530478595,6.077907386270454e-07,6.11893328063732e-08,0.0007596707384043069,0.0002167583507770601,0.0009652448929983482,3.7159403204852595,1.609203811068882,0.0
32,8620,9.41016305751638,0.0012566071038557732,0.0003381097551970364,0.001098848710886879,0.0002465379185436992,6.037342572540183e-07,6.07809465428416e-08,0.0007571276237053748,0.00021603271884192027,0.0009620100627583983,3.715942475317597,1.6092043200589294,0.0
32,8624,9.414529722508266,0.001252416473200645,0.00033698220060930645,0.001095175694987674,0.0002457138399552673,5.997049044026426e-07,6.037529144323596e-08,0.000754593069241437,0.0002153095294155225,0.00095878613663157,3.7159446226592254,1.6092048271059707,0.0
32,8628,9.418896387500153,0.0012482398824379172,0.00033585842367377024,0.001091515019858441,0.00024489253014447685,5.957025308589436e-07,5.997235248543936e-08,0.0007520670459972222,0.00021458877421888213,0.0009555730775855291,3.715946762536471,1.609205332217568,0.0
32,8632,9.423263052492041,0.0012440772842624592,0.0003347384116622439,0.0010878666437674652,0.000244073979748392,5.917269305655282e-07,5.9572108924623614e-08,0.0007495495250568273,0.0002138704450013675,0.0009523708487168868,3.7159488949755652,1.6092058354012526,0.0
32,8636,9.427629717483928,0.0012399286315294491,0.0003336221518896774,0.0010842305251251374,0.00024325817943595963,5.877779187812848e-07,5.917454216197732e-08,0.0007470404776031128,0.00021315453354052736,0.0009491794132476028,3.715951020002647,1.6092063366645268,0.0
32,8640,9.431996382475814,0.0012357938772540895,0.00033250963171407746,0.0010806066224837013,0.00024244511990795272,5.838553462922391e-07,5.877963717538353e-08,0.0007445398749175266,0.00021244103164204053,0.0009459987345266393,3.715953137643762,1.6092068360148624,0.0
32,8644,9.436363047467701,0.0012316729746110866,0.000331400838536368,0.0010769948945367623,0.0002416347918968603,5.79959014146425e-07,5.838737393535301e-08,0.0007420476883797497,0.00021172993113961498,0.0009428287760272088,3.7159552479248625,1.6092073334597023,0.0
32,8648,9.44072971245959,0.0012275658769341877,0.00033029575980026533,0.0010733953001189186,0.00024082718616680448,5.76088751813586e-07,5.799773527375212e-08,0.0007395638894674595,0.00021102122389492003,0.0009396695013494374,3.71595735087181,1.6092078290064595,0.0
32,8652,9.445096377451476,0.0012234725377153666,0.000329194382992059,0.0010698077982050198,0.0002400222935133742,5.722443745526107e-07,5.761070259176942e-08,0.0007370884497558029,0.00021031490179743633,0.0009365208742169351,3.7159594465103702,1.6092083226625167,0.0
32,8656,9.449463042443362,0.0012193929106043746,0.0003280966956404912,0.0010662323479097367,0.00023922010476352883,5.684257260440972e-07,5.722626015194908e-08,0.0007346213409170862,0.0002096109567643671,0.0009333828584788928,3.715961534866221,1.6092088144352286,0.0
32,8660,9.453829707435249,0.0012153269494081147,0.0003270026853165882,0.0010626689084870468,0.0002384206107754825,5.646326073360797e-07,5.684438792480185e-08,0.0007321625347204339,0.00020890938074054097,0.0009302554181071001,3.7159636159649474,1.60920930433192,0.0
32,8664,9.458196372427135,0.0012112746080906638,0.0003259123396336663,0.0010591174393302257,0.0002376238024387023,5.608648834254382e-07,5.6465072318888614e-08,0.00072971200303177,0.00020821016569840648,0.0009271385171984133,3.715965689832043,1.6092097923598865,0.0
32,8668,9.462563037419024,0.001207235840772046,0.0003248256462470018,0.0010555778999707603,0.00023682967067366453,5.571223624656341e-07,5.608829402005902e-08,0.0007272697178130638,0.000207513303637817,0.0009240321199719957,3.715967756492909,1.6092102785263953,0.0
32,8672,9.46692970241091,0.0012032106017277656,0.00032374259285370555,0.0010520502500779311,0.00023603820643176078,5.534048739264108e-07,5.5714035860179434e-08,0.0007248356511220371,0.0002068187865859472,0.0009209361907690742,3.7159698159728602,1.6092107628386842,0.0
32,8676,9.471296367402797,0.0011991988453884982,0.00032266316719263945,0.0010485344494585468,0.00023524940069523853,5.497122614883665e-07,5.534228210179403e-08,0.0007224097751119845,0.00020612660659724165,0.0009178506940544078,3.7159718682971175,1.6092112453039629,0.0
32,8680,9.475663032394683,0.0011952005263398274,0.000321587357044346,0.0010450304580566906,0.0002344632444771442,5.460443404103899e-07,5.497301414609136e-08,0.0007199920620315873,0.0002054367557533618,0.0009147755944131125,3.7159739134908145,1.6092117259294119,0.0
32,8684,9.480029697386572,0.0011912155993211173,0.0003205151502307445,0.0010415382359527307,0.00023367972882110116,5.42400954373079e-07,5.460621625561559e-08,0.0007175824842242305,0.0002047492261629912,0.0009117108565525562,3.7159759515789936,1.6092122047221833,0.0
32,8688,9.484396362378458,0.001187244019225407,0.00031944653461510325,0.0010380577433632202,0.00023289884480128724,5.387819541624594e-07,5.42418734082498e-08,0.0007151810141279308,0.00020406400996181466,0.000908656445302074,3.715977982586609,1.609212681689401,0.0
32,8692,9.488763027370345,0.0011832857410985526,0.0003183814981018081,0.0010345889406401336,0.00023212058352226343,5.351871479319925e-07,5.387996628984365e-08,0.000712787624274804,0.0002033810993123667,0.0009056123256089824,3.7159800065385253,1.6092131568381605,0.0
32,8696,9.493129692362231,0.0011793407201393766,0.0003173200286364029,0.001031131788270989,0.00023134493611900135,5.316163935731311e-07,5.352048059361909e-08,0.0007104022872911455,0.00020270048640405407,0.000902578462542992,3.715982023459519,1.6092136301755295,0.0
32,8700,9.49749635735412,0.0011754089116981319,0.0003162621142051763,0.0010276862468775111,0.00023057189375658312,5.280695205556185e-07,5.31633991514425e-08,0.0007080249758965122,0.00020202216345289418,0.0008995548212926182,3.715984033374279,1.6092141017085473,0.0
32,8704,9.501863022346006,0.001171490271276856,0.0003152077428352569,0.0010242522772158883,0.00022980144763025932,5.24546372560053e-07,5.280870622585804e-08,0.0007056556629038766,0.0002013461227015588,0.000896541367166122,3.7159860363074055,1.6092145714442252,0.0
32,8708,9.506229687337893,0.0011675847545285125,0.0003141569025943825,0.001020829840176066,0.0002290335889652902,5.210467861616053e-07,5.2456385364070984e-08,0.0007032943212191589,0.00020067235641924068,0.0008935380655899311,3.7159880322834113,1.6092150393895468,0.0
32,8712,9.51059635232978,0.0011636923172559687,0.0003131095815906245,0.0010174188967808126,0.00022826830901673617,5.175706121463008e-07,5.210642154396439e-08,0.0007009409238405653,0.0002000008569014647,0.0008905448821094454,3.7159900213267223,1.6092155055514683,0.0
32,8716,9.514963017321667,0.001159812915412638,0.0003120657679725614,0.0010140194081862852,0.00022750559906958484,5.141176870893105e-07,5.1758798312743525e-08,0.0006985954438589816,0.00019933161647020024,0.0008875617823880506,3.715992003461677,1.6092159699369182,0.0
32,8720,9.519329682313554,0.0011559465051011921,0.0003110254499289318,0.0010106313356808758,0.00022674545043849202,5.106878546712323e-07,5.1413499932952564e-08,0.0006962578544571624,0.00019866462747362973,0.000884588732206987,3.715993978712528,1.6092164325527973,0.0
32,8724,9.52369634730544,0.0011520930425728318,0.0003099886156884385,0.0010072546406846084,0.00022598785446764652,5.072809656780919e-07,5.1070511382474565e-08,0.0006939281289093353,0.00019799988228603582,0.0008816256974641522,3.71599594710344,1.6092168934059787,0.0
32,8728,9.528063012297327,0.001148252484227534,0.0003089552535198146,0.0010038892847492747,0.00022523280253080054,5.038968637904873e-07,5.07298169238537e-08,0.0006916062405812551,0.00019733737330781675,0.000878672644174843,3.715997908658494,1.609217352503309,0.0
32,8732,9.532429677289214,0.00114442478661285,0.0003079253517315006,0.001000535229557448,0.00022448028603104848,5.005353855835892e-07,5.039140010429524e-08,0.0006892921629295558,0.0001966770929653015,0.0008757295384703422,3.715999863401684,1.6092178098516077,0.0
32,8736,9.536796342281102,0.00114060990642389,0.0003068988986716401,0.000997192436922409,0.00022373029640081034,4.971963818434233e-07,5.0055245901682245e-08,0.0006869858695016712,0.0001960190337107272,0.0008727963465986234,3.7160018113569184,1.6092182654576666,0.0
32,8740,9.541163007272988,0.0011368078005022893,0.0003058758827278012,0.0009938608687872692,0.00022298282510163487,4.93879724672297e-07,4.972134143991449e-08,0.0006846873339352431,0.00019536318802207018,0.000869873034922431,3.716003752548022,1.6092187193282508,0.0
32,8744,9.545529672264875,0.0011330184258364748,0.000304856292327049,0.0009905404872251695,0.00022223786362424438,4.905852364345265e-07,4.9389668835519434e-08,0.0006823965299582437,0.00019470954840308086,0.0008669595699206102,3.716005686998732,1.6092191714700992,0.0
32,8748,9.549896337256762,0.0011292417395603613,0.0003038401159355941,0.0009872312544381427,0.0002214954034882793,4.873127892324192e-07,4.9060215212396856e-08,0.0006801134313881924,0.00019405810738306044,0.0008640559181860494,3.7160076147327046,1.609219621889923,0.0
32,8752,9.55426300224865,0.0011254776989532737,0.0003028273420587721,0.0009839331327570367,0.00022075543624228098,4.840622196411459e-07,4.873296411775202e-08,0.0006778380121320983,0.0001934088575168443,0.0008611620464260227,3.7160095357735092,1.6092200705944075,0.0
32,8756,9.558629667240536,0.0011217262614395685,0.0003018179592409415,0.00098064608464118,0.00022001795346361693,4.808333855521596e-07,4.840790124480689e-08,0.0006755702461862306,0.00019276179138473658,0.0008582779214630223,3.7160114501446335,1.6092205175902112,0.0
32,8760,9.562996332232423,0.0011179873845879123,0.0003008119560652899,0.0009773700726777238,0.00021928294675833273,4.77626144856913e-07,4.8085012286783446e-08,0.0006733101076356496,0.0001921169015923765,0.0008554035102322716,3.7160133578694796,1.6092209628839669,0.0
32,8764,9.56736299722431,0.0011142610261105422,0.00029980932115363445,0.0009741050595810113,0.00021855040776101094,4.744403412360043e-07,4.776428150622585e-08,0.0006710575706537835,0.00019147418077061732,0.0008525387797817921,3.7160152589713684,1.6092214064822798,0.0
32,8768,9.571729662216198,0.0011105471438631039,0.00029881004316637894,0.0009708510081924111,0.0002178203281347335,4.712758538971684e-07,4.744569674237278e-08,0.000668812609502299,0.00019083362157548957,0.00084968369727301,3.716017153473536,1.6092218483917302,0.0
32,8772,9.576096327208084,0.001106845695844583,0.00029781411080249487,0.0009676078814802568,0.00021709269957106828,4.6813251231014874e-07,4.7129240827090584e-08,0.0006665751985310615,0.0001901952166881898,0.0008468382299799961,3.716019041399137,1.6092222886188716,0.0
32,8776,9.58046299219997,0.0011031566401959862,0.0002968215127991666,0.0009643756425386707,0.0002163675137898051,4.6501020278810756e-07,4.6814902314956854e-08,0.0006643453121773135,0.00018955895881484592,0.0008440023452886104,3.7160209227712437,1.6092227271702317,0.0
32,8780,9.584829657191857,0.0010994799352000988,0.0002958322379317265,0.000961154254587368,0.00021564476253891187,4.6190876190621566e-07,4.6502664753176854e-08,0.0006621229249655485,0.00018892484068648143,0.0008411760106966081,3.7160227976128457,1.609223164052313,0.0
32,8784,9.589196322183744,0.0010958155392814812,0.00029484627501365354,0.0009579436809716256,0.0002149244375945275,4.5882805466135324e-07,4.619251455031145e-08,0.000659908011507474,0.00018829285505900473,0.0008383591938127746,3.7160246659468514,1.609223599271591,0.0
32,8788,9.593562987175632,0.0010921634110054427,0.0002938636128962975,0.0009547438851613923,0.0002142065307607623,4.5576795315582785e-07,4.5884438830260414e-08,0.0006577005465014053,0.00018766299471303618,0.0008355518623563399,3.7160265277960876,1.6092240328345169,0.0
32,8792,9.597929652167519,0.0010885235090776037,0.000292884240468761,0.00095155483075088,0.00021349103386960634,4.52728308175665e-07,4.5578422570906826e-08,0.0006555005047319696,0.0001870352524538237,0.000832753984157998,3.7160283831833,1.6092244647475153,0.0
32,8796,9.602296317159405,0.0010848957923438138,0.0002919081466578775,0.0009483764814584966,0.00021277793878091424,4.497089847177449e-07,4.527445218081154e-08,0.000653307861070063,0.00018640962111123052,0.0008299655271584308,3.7160302321311534,1.609224895016986,0.0
32,8800,9.606662982151292,0.0010812802197891782,0.0002909353204279493,0.0009452088011259834,0.00021206723738221187,4.4670984777894773e-07,4.497251406853544e-08,0.0006511225904722517,0.0001857860935395642,0.0008271864594075589,3.7160320746622317,1.6092253236493033,0.0
32,8804,9.61102964714318,0.0010776767505379804,0.00028996575078072697,0.0009420517537183429,0.00021135892158867986,4.4373075525072636e-07,4.467259392730049e-08,0.0006489446679807188,0.00018516466261756168,0.0008244167490648629,3.71603391079904,1.609225750650816,0.0
32,8808,9.615396312135067,0.0010740853438530016,0.00028899942675522585,0.0009389053033232297,0.00021065298334301715,4.407716005516704e-07,4.437468102702317e-08,0.0006467740687228396,0.0001845453212482678,0.0008216563643985603,3.716035740564002,1.6092261760278483,0.0
32,8812,9.619762977126953,0.0010705059591348872,0.000288036337427556,0.0009357694141503983,0.00020994941461531703,4.3783220604609596e-07,4.407875748423094e-08,0.0006446107679108015,0.00018392806235892714,0.0008189052737865686,3.716037563979461,1.6092265997866988,0.0
32,8816,9.62412964211884,0.0010669385559221925,0.00028707647191093404,0.0009326440505317089,0.0002092482074030685,4.3491247225802e-07,4.3784813284179184e-08,0.0006424547408415925,0.0001833128789009805,0.0008161634457134315,3.7160393810676826,1.6092270219336415,0.0
32,8820,9.628496307110728,0.0010633830938903885,0.0002861198193554161,0.0009295291769202913,0.00020854935373096855,4.3201225707889535e-07,4.349283412008987e-08,0.000640305962896441,0.0001826997638499052,0.0008134308487731009,3.716041191850854,1.609227442474926,0.0
32,8824,9.632862972102615,0.0010598395328514265,0.0002851663689477804,0.0009264247578901174,0.0002078528456508264,4.291314184001749e-07,4.320280568518496e-08,0.0006381644095404996,0.00018208871020512483,0.0008107074516659451,3.71604299635108,1.6092278614167763,0.0
32,8828,9.637229637094501,0.0010563078327541291,0.00028421610991163253,0.0009233307581363638,0.00020715867524164467,4.262698567458756e-07,4.291471796471985e-08,0.0006360300563231037,0.00018147971099008307,0.0008079932231996798,3.716044794590391,1.6092282787653922,0.0
32,8832,9.641596302086388,0.0010527879536820837,0.0002832690315068386,0.0009202471424735494,0.0002064668346092018,4.2342740869116824e-07,4.2628554505899786e-08,0.000633902878876481,0.00018087275925187526,0.0008052881322889255,3.716046586590736,1.6092286945269494,0.0
32,8836,9.645962967078274,0.0010492798558549069,0.00028232512302986553,0.0009171738758366304,0.00020577731588629748,4.206039676546425e-07,4.234430457864125e-08,0.0006317828529164994,0.0001802678480614621,0.0008025921479551131,3.7160483723739883,1.6092291087075985,0.0
32,8840,9.650329632070163,0.0010457834996266304,0.00028138437381334684,0.0009141109232795912,0.00020509011123243654,4.1779940573860586e-07,4.206195530684403e-08,0.0006296699542416978,0.00017966497051339305,0.0007999052393245848,3.7160501519619418,1.609229521313466,0.0
32,8844,9.65469629706205,0.0010422988454855896,0.0002804467732260523,0.0009110582499753374,0.0002044052128338051,4.150135666236565e-07,4.1781490953052275e-08,0.0006275641587332091,0.00017906411972578402,0.0007972273756298256,3.716051925376314,1.609229932350654,0.0
32,8848,9.659062962053936,0.0010388258540543862,0.0002795123106728783,0.0009080158212156398,0.00020372261290325786,4.122463721500935e-07,4.150290364853807e-08,0.0006254654423547097,0.00017846528884030342,0.0007945585262098477,3.7160536926387446,1.609230341825241,0.0
32,8852,9.663429627045822,0.001035364486088361,0.00027858097559443684,0.0009049836024098096,0.00020304230368002084,4.09497665998515e-07,4.1226177655845595e-08,0.0006233737811515126,0.0001778684710219132,0.0007918986605060073,3.7160554537707973,1.6092307497432812,0.0
32,8856,9.66779629203771,0.0010319147024765148,0.000277652757467303,0.0009019615590854989,0.00020236427742987114,4.0676733448208324e-07,4.095130152955241e-08,0.0006212891512511161,0.00017727365945902526,0.0007892477480665196,3.7160572087939583,1.6092311561108046,0.0
32,8860,9.672162957029597,0.0010284764642398735,0.0002767276458035755,0.0008989496568872462,0.00020168852644481054,4.0405525680853316e-07,4.0678263108897206e-08,0.0006192115288621917,0.00017668084736321296,0.000786605758542887,3.716058957729638,1.6092315609338175,0.0
32,8864,9.676529622021484,0.0010250497325317233,0.0002758056301509395,0.000895947861576679,0.0002010150430431108,4.013612908693176e-07,4.040704808710194e-08,0.0006171408902747213,0.00017609002796925,0.0007839726616899077,3.7160607005991713,1.6092319642183026,0.0
32,8868,9.68089628701337,0.0010216344686368242,0.0002748867000924555,0.0008929561390318294,0.00020034381956916033,3.986853442938809e-07,4.01376471647609e-08,0.0006150772118595266,0.00017550119453497632,0.0007813484273666513,3.7160624374238163,1.609232365970219,0.0
32,8872,9.685262952005258,0.0010182306339710494,0.00027397084524646186,0.0008899744552468067,0.00019967484839339064,3.9602727497367596e-07,3.987004603509605e-08,0.0006130204700680402,0.00017491434034123273,0.0007787330255350867,3.7160641682247557,1.6092327661955024,0.0
32,8876,9.689629616997145,0.0010148381900813744,0.0002730580552665722,0.0008870027763317835,0.00019900812191227322,3.93386969221865e-07,3.960423325268497e-08,0.0006109706414322928,0.00017432945869185726,0.0007761264262597695,3.716065893023098,1.6092331649000646,0.0
32,8880,9.693996281989032,0.0010114570986446262,0.0002721483198413387,0.0008840410685118784,0.00019834363254806885,3.907643204570377e-07,3.934019808744413e-08,0.0006089277025641324,0.00017374654291346233,0.0007735285997079535,3.7160676118398763,1.6092335620897942,0.0
32,8884,9.698362946980918,0.0010080873214674624,0.0002712416286942463,0.0008810892981271576,0.000197681372748828,3.8815918657064685e-07,3.907792623259551e-08,0.000606891630155236,0.00017316558635543813,0.0007709395161482203,3.7160693246960483,1.6092339577705563,0.0
32,8888,9.702729611972806,0.0010047288204860512,0.000270337971583627,0.0008781474316323165,0.0001970213349883194,3.8557146098128214e-07,3.881740695805558e-08,0.0006048624009768708,0.00017258658238988455,0.0007683591459518147,3.7160710316124983,1.6092343519481935,0.0
32,8892,9.707096276964693,0.0010013815577653029,0.00026943733830245287,0.0008752154355960284,0.00019636351176588376,3.8300104421296055e-07,3.855863024907972e-08,0.0006028399918794567,0.00017200952441148615,0.0007657874595908105,3.7160727326100362,1.609234744628525,0.0
32,8896,9.71146294195658,0.0009980454954990519,0.00026853971867838485,0.0008722932767010887,0.0001957078956064664,3.8044778705170756e-07,3.8301581083551e-08,0.0006008243797926582,0.0001714344058375386,0.0007632244276376374,3.7160744277093976,1.6092351358173462,0.0
32,8900,9.715829606948466,0.0009947205960085367,0.00026764510257336414,0.0008693809217430611,0.00019505447906031324,3.779116042323949e-07,3.804625087740261e-08,0.0005988155417244403,0.00017086122010767922,0.0007606700207666969,3.7160761169312457,1.6092355255204311,0.0
32,8904,9.720196271940353,0.0009914068217429797,0.0002667534798837678,0.0008664783376307997,0.00019440325470308813,3.753923678573301e-07,3.779262675453431e-08,0.0005968134547614359,0.00017028996068399176,0.0007581242097516248,3.716077800296168,1.6092359137435301,0.0
32,8908,9.72456293693224,0.0009881041352786354,0.0002658648405401531,0.0008635854913855964,0.0001937542151356815,3.728899571342481e-07,3.754069655418478e-08,0.0005948180960683485,0.00016972062105083597,0.000755586965466445,3.7160794778246817,1.6092363004923709,0.0
32,8912,9.728929601924127,0.000984812499318811,0.0002649791745072626,0.000860702350141206,0.00019310735298421586,3.7040427969259326e-07,3.7290450976948296e-08,0.0005928294428879728,0.00016915319471485357,0.0007530582588846989,3.71608114953723,1.6092366857726585,0.0
32,8916,9.733296266916014,0.0009815318766926142,0.00026409647178368754,0.000857828881142732,0.0001924626608997961,3.6793520763467313e-07,3.7041877146724634e-08,0.0005908474725404189,0.00016858767520474687,0.000750538061078371,3.716082815454183,1.6092370695900757,0.0
32,8920,9.7376629319079,0.000978262230355469,0.0002632167224020065,0.000854965051747076,0.00019182013155861005,3.6548262727365e-07,3.6794963618091374e-08,0.0005888721624234218,0.0001680240560713669,0.0007480263432201893,3.716084475595839,1.6092374519502823,0.0
32,8924,9.742029596899789,0.000975003523387943,0.00026233991642847005,0.0008521108294218943,0.0001911797576616945,3.6304643913354084e-07,3.654970037630389e-08,0.0005869034900116121,0.00016746233088750566,0.0007455230765799788,3.7160861299824255,1.6092378328589163,0.0
32,8928,9.746396261891675,0.0009717557189958501,0.00026146604396302806,0.0008492661817457043,0.0001905415319349591,3.6062652952750796e-07,3.630607597593976e-08,0.0005849414328565996,0.00016690249324791964,0.0007430282325260399,3.716087778634096,1.6092382123215934,0.0
32,8932,9.750762926883562,0.0009685187805094284,0.0002605950951391087,0.0008464310764071381,0.0001899054471290188,3.5822279187414097e-07,3.6064079686915464e-08,0.0005829859685864455,0.0001663445367691794,0.0007405417825249161,3.7160894215709335,1.6092385903439068,0.0
32,8936,9.755129591875448,0.0009652926713828961,0.00025972706012349897,0.0008436054812045474,0.00018927149601910526,3.5583511248660216e-07,3.582370006380857e-08,0.0005810370749053863,0.00016578845508959073,0.0007380636981398868,3.7160910588129505,1.6092389669314282,0.0
32,8940,9.759496256867337,0.0009620773551945174,0.00025886192911636234,0.0008407893640460696,0.00018863967140508178,3.534633918889085e-07,3.558492709187446e-08,0.0005790947295938849,0.00016523424186920928,0.0007355939510322759,3.7160926903800884,1.6092393420897069,0.0
32,8944,9.763862921859223,0.000958872795645955,0.0002579996923510646,0.0008379826929490491,0.00018800996611131323,3.511075021833676e-07,3.534774789501291e-08,0.0005771589105082252,0.00016468189078972485,0.0007331325129597779,3.7160943162922164,1.60923971582427,0.0
32,8948,9.76822958685111,0.0009556789565614279,0.0002571403400939472,0.0008351854360392836,0.0001873823729864972,3.487673652102785e-07,3.5112154604496e-08,0.000575229595579986,0.00016413139555431126,0.0007306793557772824,3.716095936569135,1.6092400881406232,0.0
32,8952,9.772596251842996,0.0009524958018878633,0.0002562838626443682,0.0008323975615511546,0.0001867568849036931,3.4644286017737613e-07,3.487813505956241e-08,0.0005733067628161284,0.00016358274988765136,0.0007282344514355768,3.7160975512305727,1.6092404590442508,0.0
32,8956,9.776962916834883,0.0009493232956941425,0.0002554302503344993,0.0008296190378269844,0.00018613349476017792,3.441338805032501e-07,3.464567853012861e-08,0.0005713903902985618,0.00016303594753581304,0.0007257977719802632,3.71609916029619,1.6092408285406148,0.0
32,8960,9.781329581826771,0.0009461614021707103,0.0002545794935292207,0.0008268498333166505,0.00018551219547735992,3.418403338173448e-07,3.4414775716788885e-08,0.0005694804561838574,0.0001624909822661677,0.0007233692895540865,3.716100763785577,1.609241196635156,0.0
32,8964,9.785696246818658,0.0009430100856294024,0.0002537315826260747,0.0008240899165774509,0.00018489298000074804,3.395621064328225e-07,3.418541517412081e-08,0.0005675769387031635,0.00016194784786736593,0.0007209489763936906,3.7161023617182534,1.609241563333294,0.0
32,8968,9.790062911810544,0.000939869310502803,0.000252886508055093,0.0008213392562735369,0.00018427584129982494,3.3729909887370013e-07,3.395758688737976e-08,0.0005656798161618118,0.00016140653814922522,0.0007185368048317713,3.7161039541136702,1.6092419286404263,0.0
32,8972,9.79442957680243,0.0009367390413436975,0.0002520442602786492,0.0008185978211754121,0.00018366077236793454,3.350512045585674e-07,3.373128012648222e-08,0.000563789066938962,0.00016086704694262855,0.0007161327472942926,3.7161055409912107,1.6092422925619299,0.0
32,8976,9.798796241794319,0.0009336192428252232,0.0002512048297914995,0.0008158655801600736,0.0001830477662223136,3.32818338222296e-07,3.350648630736137e-08,0.0005619046694877043,0.00016032936809955362,0.0007137367763030077,3.716107122370188,1.60924265510316,0.0
32,8980,9.803162906786206,0.0009305098797399035,0.0002503682071205228,0.000813142502210167,0.0001824368159039023,3.306003719671935e-07,3.3283192553916973e-08,0.0005600266023344757,0.00015979349549290631,0.0007113488644715644,3.7161086982698466,1.6092430162694507,0.0
32,8984,9.807529571778092,0.0009274109169993919,0.00024953438282465174,0.0008104285564137246,0.00018182791447728526,3.2839722763355894e-07,3.3061390997421125e-08,0.0005581548440788641,0.00015925942301646485,0.0007089689845091113,3.7161102687093632,1.6092433760661158,0.0
32,8988,9.811896236769979,0.0009243223196341539,0.00024870334749478725,0.0008077237119639095,0.0001812210550306343,3.262088128508367e-07,3.2841072338468105e-08,0.0005562893733934407,0.00015872714458483182,0.0007065971092166535,3.7161118337078483,1.6092437344984474,0.0
32,8992,9.816262901761867,0.0009212440527928363,0.0002478750917536288,0.0008050279381584517,0.00018061623067558202,3.240349997213343e-07,3.2622223700957676e-08,0.0005544301690233663,0.00015819665413332212,0.0007042332114891378,3.716113393284342,1.609244091571717,0.0
32,8996,9.820629566753754,0.0009181760817424376,0.0002470496062557202,0.0008023412043997911,0.00018001343454725362,3.2187571719077823e-07,3.2404837931500835e-08,0.0005525772097864883,0.00015766794561799022,0.000701877264313117,3.7161149474578172,1.6092444472911756,0.0
32,9000,9.82499623174564,0.0009151183718671465,0.00024622688168713703,0.0007996634801940485,0.0001794126598040362,3.197308515723307e-07,3.218890358467515e-08,0.000550730474572624,0.00015714101301542616,0.000699529240768237,3.716116496247182,1.6092448016620529,0.0
32,9004,9.829362896737527,0.000912070888668401,0.00024540690876550283,0.0007969947351510762,0.00017881389962759009,3.1760031049543613e-07,3.19744113610749e-08,0.0005488899423435961,0.00015661585032276525,0.0006971891140260991,3.716118039671275,1.6092451546895583,0.0
32,9008,9.833729561729415,0.0009090335977643409,0.00024458967823984143,0.0007943349389839722,0.00017821714722273985,3.154840086949662e-07,3.176135267663327e-08,0.0005470555921328947,0.00015609245155759184,0.0006948568573492362,3.716119577748869,1.6092455063788809,0.0
32,9012,9.838096226721301,0.0009060064648895999,0.00024377518089052113,0.0007916840615088959,0.00017762239581743292,3.1338183248408313e-07,3.154971608592784e-08,0.0005452274030455492,0.00015557081075790277,0.0006925324440916478,3.7161211104986704,1.609245856735189,0.0
32,9016,9.842462891713188,0.0009029894558944508,0.0002429634075290248,0.0007890420726443053,0.00017702963866256843,3.1129370370308607e-07,3.1339493720230694e-08,0.0005434053542575962,0.0001550509219819554,0.0006902158476989884,3.716122637939319,1.6092462057636308,0.0
32,9020,9.846829556705075,0.0008999825367449827,0.0002421543489979976,0.0007864089424111186,0.0001764388690320336,3.092195157705646e-07,3.11306748494583e-08,0.0005415894250161925,0.0001545327793083001,0.0006879070417071792,3.716124160089388,1.6092465534693339,0.0
32,9024,9.851196221696961,0.0008969856735226932,0.00024134799617113692,0.0007837846409323412,0.00017585008022261983,3.0715919052681784e-07,3.092325160488275e-08,0.0005397795946393528,0.00015401637683570517,0.0006856059997426591,3.716125676967388,1.609246899857406,0.0
32,9028,9.85556288668885,0.0008939988324233059,0.00024054433995287459,0.0007811691384320351,0.0001752632655537917,3.051126213904354e-07,3.071721325642051e-08,0.0005379758425152401,0.0001535017086829545,0.000683312695521787,3.716127188591758,1.6092472449329347,0.0
32,9032,9.859929551680736,0.0008910219797572355,0.0002397433712785019,0.0007785624052357012,0.00017467841836777258,3.0307972309628894e-07,3.051255122000478e-08,0.0005361781481024178,0.00015298876898891942,0.0006810271028504852,3.7161286949808776,1.6092475887009874,0.0
32,9036,9.864296216672622,0.0008880550819487324,0.00023894508111393925,0.0007759644117695488,0.00017409553202938082,3.010604032738229e-07,3.0309256196229826e-08,0.0005343864909293551,0.0001524775519124177,0.0006787491956245429,3.7161301961530584,1.6092479311666115,0.0
32,9040,9.868662881664509,0.0008850981055359,0.0002381494604557411,0.0007733751285604951,0.00017351459992602966,2.990545482361995e-07,3.010731673967322e-08,0.000532600850594419,0.0001519680516322111,0.0006764789478292679,3.716131692126547,1.6092482723348345,0.0
32,9044,9.873029546656397,0.000882151017169918,0.00023735650033088686,0.00077079452623547,0.0001729356154675711,2.970621153508546e-07,2.9906728558301574e-08,0.0005308212067653894,0.00015146026234686717,0.0006742163335376392,3.716133182919527,1.6092486122106646,0.0
32,9048,9.877396211648284,0.0008792137836144075,0.00023656619179661,0.0007682225755208694,0.00017235857208617344,2.9508297672009576e-07,2.9707478776014644e-08,0.0005290475391790841,0.0001509541782746521,0.0006719613269116069,3.7161346685501164,1.6092489507990897,0.0
32,9052,9.88176287664017,0.0008762863717460725,0.00023577852594057065,0.0007656592472431058,0.00017178346323644473,2.931170470787947e-07,2.9509558808745614e-08,0.0005272798276417359,0.00015044979365363853,0.0006697139022021088,3.7161361490363696,1.6092492881050784,0.0
32,9056,9.886129541632057,0.0008733687485533026,0.00023499349388047985,0.0007631045123273754,0.0001712102823951561,2.9116425537267787e-07,2.9312961503105473e-08,0.0005255180520281368,0.00014994710274146106,0.0006674740337468287,3.7161376243962763,1.6092496241335796,0.0
32,9060,9.890496206623945,0.0008704608811360952,0.00023421108676407836,0.0007605583417975929,0.00017063902306122715,2.892245092311896e-07,2.91176775596885e-08,0.0005237621922815944,0.00014944609981530413,0.0006652416959718904,3.716139094647763,1.6092499588895228,0.0
32,9064,9.894862871615832,0.0008675627367059696,0.00023343129576911364,0.0007580207067763133,0.0001700696787557086,2.872977020729195e-07,2.892369624841117e-08,0.0005220122284138772,0.00014894677917188617,0.0006630168633907605,3.7161405598086925,1.6092502923778176,0.0
32,9068,9.899229536607718,0.0008646742825853049,0.00023265411210316177,0.0007554915784841373,0.00016950224302164852,2.8538376994902137e-07,2.873101113122337e-08,0.0005202681405047978,0.00014844913512734084,0.000660799510603218,3.716142019896865,1.6092506246033549,0.0
32,9072,9.903596201599605,0.0008617954862069439,0.00023187952700352073,0.000752970928239338,0.00016893670942400894,2.834826204889396e-07,2.8539612908719384e-08,0.0005185299087019439,0.00014795316201714014,0.0006585896122961616,3.7161434749300173,1.6092509555710064,0.0
32,9076,9.907962866591491,0.0008589263151138101,0.00023110753173710753,0.0007504587274575812,0.00016837307154960284,2.815941542166911e-07,2.8349491566154588e-08,0.0005167975132205096,0.00014745885419604638,0.0006563871432430232,3.7161449249258234,1.6092512852856242,0.0
32,9080,9.91232953158338,0.0008560667369590049,0.00023033811760048416,0.0007479549476519518,0.00016781132300710018,2.797183071834297e-07,2.8160640665478867e-08,0.0005150709343432877,0.0001469662060381099,0.0006541920783033701,3.7161463699018946,1.6092516137520416,0.0
32,9084,9.916696196575266,0.0008532167195043574,0.00022957127591946756,0.0007454595604316818,0.00016725145742674255,2.778549870185998e-07,2.7973050907286505e-08,0.0005133501524197924,0.0001464752119364188,0.0006520043924217424,3.7161478098757796,1.6092519409750732,0.0
32,9088,9.921062861567153,0.0008503762306214699,0.00022880699804941088,0.0007429725375031051,0.0001666934684605573,2.7600410135164566e-07,2.778671299217178e-08,0.0005116351478669341,0.00014598586630329153,0.0006498240606294492,3.7161492448649662,1.6092522669595137,0.0
32,9092,9.92542952655904,0.0008475452382897901,0.0002280452753746847,0.0007404938506679172,0.00016613734978196718,2.7416557912829376e-07,2.7601619766745678e-08,0.0005099259011677965,0.00014549816356992782,0.0006476510580423413,3.716150674886879,1.6092525917101397,0.0
32,9096,9.929796191550928,0.0008447237105978948,0.0002272860993090225,0.0007380234718243112,0.00016558309508604504,2.7233932797798843e-07,2.741776193160248e-08,0.0005082223928724256,0.00014501209818663395,0.0006454853598613042,3.7161520999588813,1.6092529152317085,0.0
32,9100,9.934162856542814,0.0008419116157418027,0.00022652946129506673,0.0007355613729654936,0.00016503069808918112,2.7052526974102875e-07,2.7235131618014268e-08,0.0005065246035968029,0.00014452766462252965,0.0006433269413714213,3.7161535200982754,1.6092532375289597,0.0
32,9104,9.9385295215347,0.0008391089220250986,0.00022577535280440212,0.0007331075261797876,0.00016448015252910593,2.687233262577138e-07,2.7053720957253125e-08,0.0005048325140229142,0.00014404485736556777,0.000641175777942703,3.7161549353223022,1.609253558606613,0.0
32,9108,9.942896186526587,0.0008363155978586769,0.00022502376533748675,0.0007306619036504168,0.00016393145216484195,2.6693342647376994e-07,2.6873522795930036e-08,0.0005031461048986043,0.00014356367092249297,0.0006390318450294247,3.716156345648141,1.6092538784693704,0.0
32,9112,9.947262851518476,0.0008335316117601581,0.00022427469042349507,0.0007282244776549602,0.00016338459077658114,2.6515544959693216e-07,2.669452497328368e-08,0.0005014653570371857,0.00014308409981872975,0.0006368951181685116,3.7161577510929114,1.6092541971219152,0.0
32,9116,9.951629516510362,0.0008307569323538499,0.00022352811962030725,0.0007257952205653545,0.00016283956216568574,2.63389367205491e-07,2.6516724627958443e-08,0.000499790251317457,0.00014260613859838804,0.0006347655729820332,3.716159151673671,1.6092545145689119,0.0
32,9120,9.955996181502249,0.0008279915283699091,0.0002227840445142839,0.0007233741048471139,0.00016229636015451285,2.61635051401754e-07,2.6340108883854106e-08,0.0004981207686831433,0.0001421297818241033,0.0006326431851730628,3.716160547407419,1.6092548308150072,0.0
32,9124,9.960362846494135,0.0008252353686442383,0.00022204245672023827,0.0007209611030592628,0.00016175497858639972,2.5989246665858445e-07,2.6164674164276152e-08,0.0004964568901428616,0.00014165502407702675,0.0006305279305300107,3.716161938311092,1.6092551458648292,0.0
32,9128,9.964729511486023,0.0008224884221180916,0.00022130334788132995,0.0007185561878539686,0.00016121541132558108,2.581615063945719e-07,2.5990409739141068e-08,0.0004947985967698556,0.00014118185995674968,0.0006284197849221145,3.7161633244015686,1.609255459722988,0.0
32,9132,9.96909617647791,0.0008197506578380304,0.00022056670966905313,0.0007161593319764966,0.00016067765225717917,2.5644209955544284e-07,2.5817308455059833e-08,0.0004931458697019643,0.00014071028408129443,0.000626318724300773,3.7161647056956677,1.6092557723940755,0.0
32,9136,9.973462841469797,0.00081702204495482,0.00021983253378293966,0.0007137705082642693,0.0001601416952869926,2.54734182192351e-07,2.5645363873982338e-08,0.0004914986901409829,0.00014024029108693223,0.0006242247247013207,3.7161660822101474,1.6092560838826657,0.0
32,9140,9.977829506461683,0.000814302552723912,0.00021910081195068902,0.0007113896896472469,0.00015960753434158176,2.530376548293134e-07,2.5474565981163955e-08,0.0004898570393529069,0.0001397718756282525,0.0006221377622386508,3.716167453961708,1.6092563941933142,0.0
32,9144,9.98219617145357,0.0008115921505043906,0.00021837153592788445,0.0007090168491470259,0.00015907516336806666,2.5135246062291117e-07,2.530490905389348e-08,0.000488220898667321,0.00013930503237798885,0.0006200578131107246,3.7161688209669888,1.609256703330559,0.0
32,9148,9.986562836445458,0.000808890807759291,0.000217644697498079,0.0007066519598770844,0.00015854457633418176,2.4967850720258866e-07,2.5136383792765188e-08,0.0004865902494775514,0.00013883975602706236,0.0006179848535961497,3.716170183242573,1.6092570112989206,0.0
32,9152,9.990929501437344,0.0008061984940544385,0.00021692028847248288,0.0007042949950417992,0.00015801576722805567,2.4801573061949966e-07,2.4968983759728965e-08,0.00048496507324000484,0.0001383760412843929,0.0006159188600540462,3.7161715408049827,1.609257318102901,0.0
32,9156,9.995296166429231,0.0008035151790590632,0.0002161983006901291,0.0007019459279369437,0.0001574887300583227,2.463640598193706e-07,2.48027018013958e-08,0.00048334535147449284,0.00013791388287699187,0.0006138598089248247,3.716172893670682,1.6092576237469853,0.0
32,9160,9.999662831421118,0.0008008408325444145,0.0002154787260175004,0.0006996047319484978,0.00015696345885385593,2.447234024316458e-07,2.4637528618359972e-08,0.00048173106576342205,0.00013745327554973104,0.0006118076767286093,3.716174241856079,1.6092579282356403,0.0
32,9161,10.0,0.0008001736437082304,0.00021529920844722705,0.0006990206597031517,0.0001568324162870129,2.443149469399941e-07,2.4596407361606827e-08,0.0004813283415668538,0.00013733836546006573,0.0006112957220186327,3.7161745781730473,1.6092580041777902,0.0
