width,step,time,D_euc,e_euc,D_H,e_H,U_gap,e_U,D_pred,e_pred,grad_norm,theta_norm,max_abs_theta,nan_or_inf
128,0,0.0,4.976063897943425,1.0,10.749616101313247,1.0,57.777123162806475,1.0,4.595469124555598,1.0,26.270066709502522,0.0,0.0,0.0
128,4,0.004337616184223642,4.876589898274536,0.980009501142057,10.475005983894395,0.9744539605107103,54.862875181311665,0.9495605211550091,4.476313783488541,0.9740711257463665,25.473580907709344,0.11264331307478978,0.024713596915601915,0.0
128,8,0.008675232368447285,4.780196182111338,0.9606380223708465,10.210011725539916,0.9498024514840665,52.122169717831184,0.9021246968451413,4.3613460323204025,0.9490534946727911,24.70639831840895,0.221876956850487,0.04869212530011725,0.0
128,12,0.013012848552670927,4.686760951012352,0.9418610868219276,9.954254513736165,0.9260102332882459,49.54359146211837,0.8574949521545515,4.250401278405603,0.9249112904912912,23.967375133641248,0.3278233868450541,0.07196006054722887,0.0
128,16,0.01735046473689457,4.596167508738453,0.923655242979902,9.707370553224472,0.9030434632952662,47.116521528804725,0.8154874966003081,4.143321441052538,0.901610113951797,23.25541281174722,0.43060028547985774,0.09454100400848381,0.0
128,20,0.02168808092111821,4.508304058062247,0.9059980238448103,9.469010482409475,0.8808696415914495,44.83107975799021,0.7759313254774484,4.0399546976884135,0.8791169276061874,22.569456243206215,0.5303207549380491,0.11645771563663936,0.0
128,24,0.026025697105341854,4.423063504839702,0.8888679075579646,9.238838813337484,0.8594575588805263,42.67807130941554,0.738667295516873,3.9401552403505695,0.8574000028194292,21.908491994100057,0.6270935021130162,0.13773214537088835,0.0
128,28,0.030363313289565496,4.3403432690906865,0.8722442794363074,9.016533394161115,0.8387772464785597,40.64893722401126,0.7035472692101545,3.843783042031769,0.8364288689249935,21.27154662385854,0.7210230159743843,0.15838546331363776,0.0
128,32,0.03470092947378914,4.260045102849075,0.8561073953671945,8.801784893057691,0.8187999283046401,38.73570865182924,0.6704333225916831,3.7507036324286793,0.8161742644264612,20.657685074080543,0.8122097376652407,0.17843808874651443,0.0
128,36,0.03903854565801278,4.182074914555663,0.8404383465180356,8.594296302618421,0.7994979747759069,36.93096446860031,0.6391970116707766,3.6607878826638114,0.7966080901518026,20.0660091253584,0.9007502236310646,0.19790971803135327,0.0
128,40,0.04337616184223642,4.106342599778787,0.8252190253175631,8.393782463773382,0.7808448585199187,35.22779202457474,0.6097186930769916,3.5739117985715834,0.7777033642712584,19.495655919160924,0.9867373020682237,0.21681935144008416,0.0
128,44,0.04771377802646007,4.032761878057931,0.8104320926675892,8.19996960836369,0.7628151118217072,33.61975078904402,0.581886894823563,3.4899563221588816,0.7594341790940388,18.945796541952756,1.070260222967826,0.2351853189556687,0.0
128,48,0.05205139421068371,3.961250135675176,0.7960609463460336,8.012594919516983,0.745384285727014,32.10083867213464,0.5555977334087704,3.40880714086955,0.7417756595632,18.41563466884468,1.151404802019164,0.25302530508454557,0.0
128,52,0.056389010394907346,3.8917282741678667,0.7820896905637189,7.831406109025558,0.728528910727223,30.665460822241357,0.5307543737653934,3.3303545043006366,0.7247039233720662,17.904405264181957,1.2302535586259433,0.2703563727194206,0.0
128,56,0.06072662657913099,3.824120564403642,0.7685031066389895,7.656161010967961,0.7122264589553697,29.30840071293295,0.5072665288361048,3.2544930480359544,0.7081960426294188,17.41137333658503,1.3068858482779158,0.2871949860896791,0.0
128,60,0.06506424276335464,3.758354506045927,0.7552866247556086,7.486627190854823,0.6964553078263144,28.024793347423326,0.4850499957994455,3.1811216242796165,0.692230007004398,16.935832746060566,1.3813779895104146,0.30355703283520663,0.0
128,64,0.06940185894757828,3.694360692244306,0.7424262967706586,7.32258156961795,0.6811947050577344,26.8101004218542,0.4640262261986933,3.1101431389885836,0.676784688285627,16.477105060899618,1.453803385674619,0.31945784523796944,0.0
128,68,0.07373947513180192,3.632072679389819,0.7299087700402985,7.163810061798361,0.6664247350119955,25.66008730076166,0.4441219274358077,3.041464395219061,0.6618398062925042,16.03453846217511,1.5242326417320964,0.33491222064433274,0.0
128,72,0.07807709131602555,3.5714268617804037,0.7177212622322738,7.010107227323901,0.6521262863022148,24.570801669289324,0.4252686932863173,2.9749959424166392,0.6473758960798881,15.607506693742534,1.5927336762783102,0.34993444110977634,0.0
128,76,0.0824147075002492,3.5123623510462925,0.7058515370949977,6.861275936300441,0.6382810206089332,23.538553737027684,0.4074026612695806,2.9106519313945314,0.6333742763805434,15.19540805573569,1.659371828991288,0.3645382922964022,0.0
128,80,0.08675232368447285,3.454820860189436,0.6942878811538756,6.717127046272363,0.6248713426567627,22.55989787788181,0.39046419487366496,2.84834997475799,0.6198170192327074,14.797664439634373,1.724209963693509,0.3787370816524154,0.0
128,84,0.09108993986869648,3.3987465920948483,0.6830190813063168,6.57747909143805,0.6118803713031669,21.631615599152298,0.37439758878610047,2.788011012546127,0.6066869207429915,14.413720403062566,1.7873085672072981,0.3925436559015954,0.0
128,88,0.09542755605292014,3.3440861323753333,0.6720344032875909,6.442157983334595,0.5992919116941838,20.750699741120798,0.35915079542206907,2.7295591828747816,0.5939674729375408,14.043042282554525,1.848725844176543,0.4059704178696589,0.0
128,92,0.09976517223714378,3.2907883464143266,0.6613235709803461,6.310996722532754,0.5870904284443943,19.91433981590953,0.34467517117102175,2.672921697375885,0.5816428366569362,13.6851173426022,1.9085178080204286,0.4190293426733415,0.0
128,96,0.10410278842136741,3.2388042804746435,0.6508767465412211,6.183835120908431,0.5752610198007881,19.119908401290246,0.3309252409022421,2.6180287212399285,0.5696978154527593,13.339452959370748,1.9667383681780337,0.43173199329700196,0.0
128,100,0.10844040460559105,3.188087066743826,0.6406845113185627,6.060519534080741,0.5637893927523929,18.364948511487057,0.317858479380111,2.5648132576786473,0.5581178304460213,13.005575837539594,2.023439413796088,0.4440895355805601,0.0
128,104,0.11277802078981469,3.1385918321894986,0.630737847535812,5.9409026036288815,0.5526618390495918,17.64716187290219,0.3054351083416766,2.5132110366349574,0.5468888961098168,12.683031258794923,2.078670894005914,0.4561127526416395,0.0
128,108,0.11711563697403835,3.090275611100789,0.6210281207156484,5.824843008720882,0.5418652120989957,16.964398038122255,0.2936179080830895,2.4631604075764524,0.5359975969405846,12.371382360565292,2.132480894929566,0.46781205875387344,0.0
128,112,0.12145325315826198,3.043097261194404,0.6115470628204948,5.712205226806622,0.5313869047015344,16.31464427657835,0.2823720424882761,2.4146022362174957,0.5254310649842518,12.070209443655743,2.184915713549415,0.47919751270246314,0.0
128,116,0.12579086934248562,2.9970173831664195,0.602286756085481,5.602859303045542,0.5212148276031047,15.696016184861946,0.27166489651333353,2.367479805023072,0.5151769581853121,11.77910930749719,2.236019928569909,0.4902788306372404,0.0
128,120,0.13012848552670928,2.951998243573304,0.5932396175204554,5.496680628156223,0.5113373888286774,15.106748963973928,0.26146592521412987,2.3217387173551636,0.5052234395285347,11.49769461178707,2.285836468394959,0.5010653984426854,0.0
128,124,0.1344661017109329,2.908003700928066,0.5843983840581157,5.39354972439051,0.5017434737722026,14.545189314736405,0.2517465134729959,2.277326805129479,0.49555915694454944,11.225593263354348,2.334406676339302,0.5115662836435784,0.0
128,128,0.13880371789515655,2.8649991348998403,0.5757560983258124,5.293352039349175,0.49242242601598607,14.009787906241002,0.24247984564346883,2.23419403985693,0.48617322395196955,10.962447827137064,2.3817703731873685,0.5217902468642278,0.0
128,132,0.1431413340793802,2.8229513785076015,0.5673060950190589,5.195977747369385,0.4833640288544452,13.49909237557884,0.23364078439039976,2.19229244695035,0.47705520101005017,10.707914960213474,2.4279659172084953,0.5317457528585061,0.0
128,136,0.14747895026360383,2.7818286532010776,0.5590419878552583,5.1013215582264655,0.4745584874982887,13.011740820212992,0.2252057580566626,2.1515760231825802,0.46819507755710293,10.461664867878966,2.473030261732872,0.5414409811272436,0.0
128,140,0.15181656644782748,2.741600506724362,0.5509576570866479,5.009282532903693,0.4659964119362109,12.546455747226958,0.21715265593742178,2.1120006571872803,0.4595832547110236,10.223380780809808,2.5169990103883215,0.5508838361388798,0.0
128,144,0.1561541826320511,2.7022377536601043,0.5430472375519377,4.919763906194229,0.4576688004321565,12.10203844634566,0.20946073088900768,2.0735240528986294,0.45121052860933936,9.992758452401931,2.559906470093914,0.5600819571686435,0.0
128,148,0.16049179881627476,2.6637124185546166,0.5353051072466154,4.832672915908878,0.4495670236371032,11.677363756079558,0.20211050874192296,2.0361056558305592,0.44306807436715384,9.769505675417973,2.6017857019024713,0.5690427277709293,0.0
128,152,0.1648294150004984,2.625997681526657,0.527725876392376,4.747920638472135,0.4416828092951242,11.271375194614734,0.1950837040268316,1.9997065821002458,0.43514743063225914,9.553341817119108,2.6426685697802546,0.577773284898964,0.0
128,156,0.16916703118472204,2.589067826265117,0.5203043769866302,4.6654218306971105,0.4340082275242509,10.883080429172566,0.18836314155874162,1.9642895501044086,0.42744048471751267,9.343997372099432,2.682585787408495,0.5862805276853,0.0
128,160,0.1735046473689457,2.552898190323316,0.5130356528135445,4.585094777537384,0.42653567665334924,10.51154705950026,0.18193268345812996,1.929818814760461,0.419939458291341,9.141213532080172,2.721566963087962,0.5945711258961414,0.0
128,164,0.17784226355316934,2.5174651176200644,0.5059149498985567,4.506861145620812,0.4192578695968708,10.15589869295323,0.17577716121890613,1.8962601042277965,0.41263689360793454,8.944741771958626,2.759640642824443,0.604600219048076,0.0
128,168,0.18217987973739297,2.4827459130601697,0.4989377073888204,4.430645842376681,0.4121678207499338,9.815311290284825,0.16988231246174865,1.86358055902751,0.4055256402593558,8.75434345144254,2.796834351669795,0.6147369889618051,0.0
128,172,0.18651749592161662,2.4487187991895363,0.49209954884252505,4.3563768805735625,0.4052588333867437,9.489009762797878,0.1642347220379838,1.8317486734816197,0.39859884243238336,8.56978943163467,2.8331746333901933,0.6247091359195998,0.0
128,176,0.19085511210584027,2.4153628748024922,0.4853962739105392,4.283985248090827,0.3985244875458823,9.176264802929865,0.15882176717370736,1.800734239395466,0.39184992665348495,8.390859705964644,2.8686870885302294,0.6345196847885807,0.0
128,180,0.1951927282900639,2.382658075421475,0.4788238503943271,4.213404782751929,0.391958628386477,8.876389931658338,0.15363156636660713,1.7705082919093658,0.38527259000583136,8.217343044895767,2.9033964109387442,0.6441715997724707,0.0
128,184,0.19953034447428755,2.350585135571663,0.4723784066645817,4.144572052052486,0.38555535499971544,8.588738747327255,0.1486529317689563,1.7410430574478581,0.378860788802759,8.049036653863448,2.9373264228195164,0.6536677856368645,0.0
128,188,0.20386796065851118,2.319125552775613,0.46605622442551276,4.077426237620802,0.3793090096606032,8.312702361619216,0.1438753248097068,1.71231190369701,0.3726087277025494,7.885745843929194,2.9705001083673896,0.6630110889135841,0.0
128,192,0.20820557684273483,2.288261553195391,0.45985373181021943,4.0119090242528515,0.3732141675052683,8.047707009440728,0.13928881482665045,1.6842892915422427,0.36651084924982946,7.727283714659937,3.002939646047911,0.67220429908421,0.0
128,196,0.21254319302695848,2.2579760588521123,0.4537674967930615,3.9479644933679148,0.36726562661950357,7.793211820446828,0.13488404049621566,1.656950728901032,0.36056182382930624,7.573470848766722,3.0346664395761582,0.6812501497428912,0.0
128,200,0.2168808092111821,2.228252656355174,0.44779422090542215,3.885539020735081,0.36145839852461303,7.548706740827413,0.13065217386397715,1.6302727263866463,0.35475654001794665,7.424135018059543,3.0657011476481695,0.6901513197385559,0.0
128,204,0.22121842539540576,2.199075567075855,0.44193073324173315,3.8245811783246544,0.3557876990469843,7.313710594797527,0.12658488679314628,1.6042327547407962,0.34909009532208146,7.27911090029659,3.0960637124761834,0.6989104342966608,0.0
128,208,0.22555604157962938,2.170429618702238,0.43617398474309427,3.7650416401422615,0.3502489395581576,7.087769276002518,0.12267431966161321,1.5788092039747244,0.3435577872862767,7.138239806526168,3.125773387176779,0.7075300661206309,0.0
128,212,0.22989365776385304,2.1423002181147335,0.4305210427462823,3.7068730919070374,0.3448377185724968,6.870454059752177,0.1189130521502838,1.5539813441598636,0.33815510496115897,7.001369418538396,3.1548487620590135,0.7160127364731564,0.0
128,216,0.2342312739480767,2.114673325523697,0.4249690857863939,3.650030144438833,0.3395498136898973,6.661360027656059,0.11529407597684359,1.5297292878107176,0.33287772071771865,6.868353536061333,3.1833077898576914,0.7243609162375227,0.0
128,220,0.23856889013230032,2.087535429812854,0.4195153986418098,3.5944692506228093,0.3343811738712868,6.460104596836402,0.11181076943953898,1.5060339538041239,0.32772148239593796,6.739051833352646,3.211167809955061,0.7325770269591633,0.0
128,224,0.24290650631652397,2.060873525034374,0.41415736761059674,3.5401486258231833,0.32932791203498835,6.2663261464588516,0.10845687364532447,1.4828770327805159,0.32268240577591006,6.613329624853223,3.23844557163244,0.7406634418676337,0.0
128,228,0.24724412250074762,2.0346750880035667,0.4088924760078914,3.487028171621229,0.32438629796232715,6.07968273484002,0.10522647030570334,1.4602409539742247,0.31775666735992625,6.49105763958356,3.265157256391564,0.7486224868792155,0.0
128,232,0.25158173868497125,2.0089280569432026,0.40371829987421975,3.435069402755901,0.3195527515011675,5.8998509008748385,0.10211396099196605,1.4381088534212614,0.31294059745430947,6.372111803977,3.2913184993838143,0.7564564415803656,0.0
128,236,0.25591935486919487,1.983620811129477,0.3986325038851078,3.384235377148714,0.314823836056366,5.726524543972403,0.09911404774924487,1.4164645434943932,0.3082306735400755,6.256373032856519,3.3169444099839156,0.764167540192234,0.0
128,240,0.26025697105341855,1.9587421514935721,0.393632837452732,3.3344906288976994,0.3101962523564293,5.559413877103253,0.09622171497597301,1.3952924837166811,0.303623513921794,6.143727028273318,3.3420495915431654,0.771757972516482,0.0
128,244,0.2645945872376422,1.9342812821346769,0.38871713101073774,3.2858011041284505,0.3056668324859559,5.398244447945814,0.09343221248199646,1.374577752805979,0.2991158716443137,6.034064085936437,3.3666481603558296,0.7792298848626359,0.0
128,248,0.2689322034218658,1.910227792702151,0.38388329247372316,3.23813409959339,0.3012325341737364,5.242756223474686,0.09074103964473026,1.3543060219042116,0.29470462866730257,5.927278908972762,3.390753763870946,0.7865853809572161,0.0
128,252,0.2732698196060895,1.8865716416063096,0.37912930386324367,3.1914582039135206,0.2968904353266746,5.092702733663401,0.08814393058846143,1.3344635289465472,0.290386790287835,5.823270428766339,3.414379598180438,0.7938265228348906,0.0
128,256,0.2776074357903131,1.863303140019031,0.3744532180925414,3.145743241359985,0.2926377287999782,4.947850270280981,0.08563684031720908,1.3150370541268706,0.28615947980154044,5.721941632634882,3.4375384248131726,0.8009553317118998,0.0
128,260,0.28194505197453673,1.8404129366270539,0.36985315590253665,3.1009602180758193,0.2884717173943528,4.8079771370443325,0.08321593173644593,1.2960138964172243,0.2820199333931015,5.6231993981097395,3.4602425868633775,0.8079737888420061,0.0
128,264,0.2862826681587604,1.8178920031024541,0.36532730294194515,3.057081270641295,0.2843898090712115,4.672872947652877,0.0808775635035598,1.27738185110015,0.2779654952471644,5.526954333593469,3.482504024480637,0.8148838363552264,0.0
128,268,0.29062028434298404,1.7957316202563471,0.36087390698469757,3.0140796168892248,0.28038951237719123,4.542337968473504,0.07861827865111835,1.2591291882740943,0.27399361287099444,5.433120625176678,3.5043342897475935,0.8216873780796018,0.0
128,272,0.29495790052720766,1.7739233648433625,0.35649127527813973,2.9719295088795588,0.27646843206954036,4.416182502874506,0.07643479393098937,1.241244632293273,0.27010183262047416,5.34161588940281,3.5257445609703595,0.8283862803462676,0.0
128,276,0.29929551671143134,1.7524590969858953,0.35217777201578443,2.9306061879454965,0.27262426493421227,4.294226314412157,0.07432398983091855,1.2237173421046008,0.2662877954213085,5.252361031776209,3.5467456564056574,0.8349823727780834,0.0
128,280,0.30363313289565497,1.731330948188526,0.3479318159286648,2.8900858417262127,0.2688547957887668,4.176298086273107,0.0722829012186187,1.2065368924454705,0.2625492326775556,5.165280110815199,3.567348047447675,0.8414774490620865,0.0
128,284,0.3079707490798786,1.710531309914358,0.3437518779896113,2.850345563104124,0.26515789366244497,4.062234914553642,0.07030870857150379,1.1896932558673614,0.25888396235986244,5.080300207457958,3.58756187129668,0.8478732677060296,0.0
128,288,0.3123083652641022,1.6900528226962968,0.3396364792250326,2.811363310967392,0.2615315081460385,3.95188183312672,0.0683987297531406,1.173176785551403,0.2552898852660346,4.997351299634694,3.607396943130548,0.8541715527792683,0.0
128,292,0.3166459814483259,1.669888365757551,0.33558418862902967,2.7731178727210968,0.25797366590443294,3.8450913680025565,0.06655041230017145,1.1569781988831551,0.2517649814468158,4.916366141825287,3.626862767799445,0.8603739946382596,0.0
128,296,0.3209835976325495,1.6500310471168216,0.3315936211749147,2.7355888284732037,0.2544824673449506,3.741723119233683,0.06476132618597363,1.1410885617549935,0.24830730678999866,4.837280149426766,3.6459685510631026,0.8664822506369343,0.0
128,300,0.32532121381677315,1.630474194154787,0.3276634359194325,2.6987565168240604,0.2510560834348644,3.641643368550149,0.06302915702965331,1.1254992735655873,0.24491498975622603,4.760031287760262,3.6647232103892953,0.8724979458222059,0.0
128,304,0.3296588300009968,1.6112113446195946,0.32379233419520553,2.662602002190756,0.247692752661695,3.544724711035059,0.06135169972112673,1.110202052887024,0.24158622826007678,4.684559965551951,3.6831353853313686,0.8784226736148754,0.0
128,308,0.33399644618522045,1.5922362380501136,0.3199790578871333,2.6271070436001938,0.24439077813013696,3.450845709266815,0.05972685243505283,1.0951889237712025,0.23831928669025973,4.61080893272733,3.70121344750193,0.8842579964761932,0.0
128,312,0.3383340623694441,1.5735428075967148,0.31622238778867967,2.5922540648871757,0.24114852478968882,3.359890568461992,0.05815261100824232,1.0804522026681447,0.23511249306296428,4.538723182362904,3.7189655101590975,0.8900054465603354,0.0
128,316,0.34267167855366776,1.555125172220305,0.31252114203417447,2.5580261262362303,0.2379644167872864,3.2717488312534897,0.056627063656912044,1.0659844859298828,0.23196423630263605,4.4682498566438404,3.736399437421028,0.8956665263530504,0.0
128,320,0.3470092947378914,1.5369776292512634,0.3088741746034423,2.5244068970082476,0.23483693493945784,3.186315090831357,0.05514838601175837,1.0517786378745713,0.22887296364466006,4.399338156680597,3.753522853123799,0.9012427092967327,0.0
128,324,0.351346910922115,1.5190946472908105,0.30528037389524726,2.4913806297952665,0.23176461431872925,3.1034887212595095,0.05371483645030899,1.0378277793864301,0.22583717815464435,4.331939256041868,3.770343149337079,0.9067354404021735,0.0
128,328,0.3556845271063387,1.501470859438183,0.30173866136621175,2.4589321356490075,0.2287460419492197,3.0231736238636415,0.05232475170743329,1.0241252770280638,0.22285543635919894,4.266006217865443,3.7868674945514456,0.9121461368472417,0.0
128,332,0.3600221432905623,1.4841010568277868,0.2982479902320298,2.4270467604308723,0.22577985460656289,2.9452779886589155,0.05097654274615931,1.0106647326426184,0.21992634598330676,4.201493915412613,3.803102841550617,0.9174761885627409,0.0
128,336,0.36435975947478594,1.4669801824612765,0.2948073442279489,2.3957103622332756,0.22286473671749069,2.86971406985586,0.049668690872154975,0.9974399734241192,0.21704856378957305,4.138358955935962,3.8190559349813253,0.92272695880569,0.0
128,340,0.3686973756590096,1.4501033253202336,0.29141573642564195,2.364909289824169,0.2199994183546011,2.796397974548313,0.048399744076362564,0.9844450424351975,0.21422079351482914,4.076559607734172,3.8347333186330292,0.9278997847202685,0.0
128,344,0.37303499184323324,1.4334657147458236,0.28807220810373146,2.334630362068638,0.2171826733220197,2.7252494637463087,0.0471683135912981,0.9716741895522562,0.21144178389974957,4.016055730271556,3.850141342439156,0.9329959778866694,0.0
128,348,0.37737260802745687,1.417062715072473,0.2847758276693625,2.3048608482833135,0.21441331732783794,2.6561917649745794,0.04597307064752715,0.9591218628189262,0.20871032680731533,3.95680870724364,3.865286169211088,0.938016824858095,0.0
128,352,0.38171022421168055,1.400889820503244,0.2815256896283472,2.2755884494812553,0.21169020623938875,2.5891513957062102,0.04481274341767425,0.9467827001894632,0.20602525542613045,3.89878138247406,3.880173781115636,0.9429635876861319,0.0
128,356,0.3860478403959042,1.3849426502151942,0.2783209136015279,2.246801280466695,0.20901223441758168,2.5240579969533314,0.04368611413622913,0.9346515216444867,0.20338544255476237,3.841937998531546,3.894809985906299,0.9478375044347355,0.0
128,360,0.3903854565801278,1.369216943683579,0.2751606433851196,2.2184878527407963,0.20637833312668447,2.460844176379169,0.04259201638414763,0.9227233216622076,0.20078979896343857,3.786244137959465,3.9092004229181936,0.9526397896830547,0.0
128,364,0.3947230727643514,1.3537085562143123,0.2720440460529036,2.1906370581812395,0.20378746901609038,2.399445360338433,0.04152933252798324,0.9109932620289939,0.19823727182958517,3.731666667013885,3.9233505688361148,0.9573716350173209,0.0
128,368,0.3990606889485751,1.3384134546746185,0.268970311098251,2.1632381534600564,0.20123864267076294,2.3397996542925625,0.04049699130396974,0.8994566649738229,0.19572684324384493,3.678173681809567,3.937265743244804,0.9620342095120232,0.0
128,372,0.40339830513279873,1.3233277134123091,0.2659386496140517,2.1362807451656916,0.19873088722719212,2.2818477110827757,0.039493965538105844,0.8881090066118194,0.19325752878335425,3.625734456776738,3.950951113970139,0.9666286602005919,0.0
128,376,0.40773592131702235,1.3084475103545927,0.26294829350872395,2.1097547755967563,0.19626326705183583,2.225532606576621,0.03851926999385959,0.8769459106827286,0.1908283761491996,3.5743193953347023,3.96441170221957,0.971156112535803,0.0
128,380,0.41207353750124603,1.2937691232777742,0.2599984947565646,2.083650509196388,0.19383487647915493,2.1707997222371205,0.03757195933968817,0.865963142570786,0.1884384638651072,3.5238999826917463,3.977652387529821,0.9756176708401196,0.0
128,384,0.41641115368546966,1.279288926239636,0.25708852468079396,2.057958519597503,0.19144483860647718,2.1175966341919263,0.036651126229059305,0.8551566035930362,0.18608690003454947,3.474448740683805,3.990677912529513,0.9800144187461763,0.0
128,388,0.4207487698696933,1.2650033861666952,0.25421767326772327,2.0326696772505723,0.1890923041430519,2.065873008406953,0.03575589948612812,0.8445223255437324,0.18377282115357513,3.4259391845675715,4.003492887524069,0.9843474196276165,0.0
128,392,0.42508638605391696,1.2509090595889167,0.25138524851055655,2.0077751376068074,0.18677645031077192,2.0155805015959345,0.034885442390690836,0.8340564654829875,0.18149539097679052,3.3783457816867184,4.016101794909949,0.9886177170204828,0.0
128,396,0.4294240022381406,1.2370025895148453,0.24859057578141036,1.9832663298309,0.18449647979415845,1.9666726675204416,0.03403895105643595,0.8237553007583858,0.17925379943403416,3.331643911932846,4.028508993424988,0.9928263350353612,0.0
128,400,0.4337616184223642,1.223280702440451,0.24583299723020538,1.9591349460186014,0.1822516197373095,1.9191048683555891,0.033215652896871756,0.8136152242487629,0.17704726159539652,3.2858098299256566,4.040718722241298,0.9969742787604752,0.0
128,404,0.4380992346065879,1.2097402054853328,0.24311187120915198,1.9353729308955903,0.1800411207856206,1.8728341908216635,0.03241480517374192,0.8036327398198551,0.17487501668234356,3.2408206288396877,4.052735104906976,1.0010625346559225,0.0
128,408,0.4424368507908115,1.1963779836502284,0.24042657172161386,1.9119724719751303,0.17786425617018553,1.8278193667952962,0.03163569362297255,0.7938044579819827,0.17273632712280426,3.196654205807619,4.064562153142565,1.0050920709392446,0.0
128,412,0.44677446697503514,1.1831909971900918,0.23777648789419623,1.8889259901530793,0.1757203208328821,1.7840206981378515,0.030877631153610283,0.784127091740381,0.17063047764817904,3.1532892288328846,4.076203770497994,1.0090638379625134,0.0
128,416,0.45111208315925877,1.1701762790972743,0.23516102347096074,1.866226130719788,0.17360863059024007,1.7413999854906308,0.030139956615417674,0.7745974526292229,0.16855677443032102,3.1107051051468524,4.0876637558754725,1.0129787685811211,0.0
128,420,0.45544969934348245,1.1573309326896257,0.2325795963287254,1.8438657547693869,0.17152852133427607,1.6999204608056004,0.029422033631122526,0.7652124469207894,0.1665145442566299,3.0688819509483785,4.098945806923611,1.0168377785144505,0.0
128,424,0.4597873155277061,1.1446521292985818,0.23003163801245782,1.8218379309878636,0.16947934826856703,1.6595467233930208,0.028723249489537403,0.7559690720016323,0.1645031337414845,3.0278005624659707,4.110053523307796,1.0206417666986027,0.0
128,428,0.4641249317119297,1.1321371060525585,0.22751659328982157,1.800135927802206,0.1674604851779115,1.6202446792821092,0.028043014096020755,0.7468644129079639,0.16252190857232424,2.9874423882851495,4.120990409861675,1.0243916156313555,0.0
128,432,0.4684625478961534,1.1197831637511977,0.22503391972398037,1.7787532058737177,0.16547132373000864,1.581981483702947,0.02738075897696017,0.737895639012853,0.16057025278876413,2.947789502885904,4.1317598796243775,1.0280881917095224,0.0
128,436,0.472800164080377,1.1075876648262357,0.22258308726380996,1.7576834109194033,0.16351127280765612,1.5447254865106004,0.02673593633517918,0.7290600008581656,0.1586475680932072,2.908824581337344,4.142365256767938,1.0317323455588787,0.0
128,440,0.47713778026460063,1.0955480313849708,0.2201635778507092,1.7369203668460904,0.16157975787004117,1.5084461803823501,0.026108018153340653,0.7203548271245112,0.15675327319148785,2.8705308750987966,4.152809779419174,1.0353249123568182,0.0
128,444,0.4814753964488243,1.083661743332509,0.217774885041243,1.716458069182663,0.15967622034176351,1.4731141516311084,0.02549649534263092,0.7117775217327748,0.1548868031621487,2.832892188878679,4.163096602380129,1.0388667121479018,0.0
128,448,0.48581301263304794,1.0719263365691571,0.21541651364488654,1.6962906787964953,0.1578001170282969,1.4387010334858985,0.024900876934143546,0.7033255610711137,0.1530476088530196,2.795892858504497,4.173228799751013,1.0423585501524522,0.0
128,452,0.49015062881727156,1.0603394012595047,0.2130879793761764,1.6764125158808194,0.15595091955665444,1.4051794617008966,0.02432068931056555,0.6949964913415887,0.15123515630382955,2.7595177297592306,4.183209367459394,1.0458012170683535,0.0
128,456,0.49448824500149524,1.0488985801699149,0.2107888085206096,1.6568180542003925,0.15412811384008254,1.3725230323621531,0.023755475475900865,0.6867879260208742,0.14944892619364286,2.7237521381412515,4.193041225699282,1.0491954893662023,0.0
128,460,0.49882586118571887,1.0376015670713044,0.20851853761366254,1.6375019155834447,0.152331199565666,1.3407062617696681,0.023204794361113782,0.6786975434297511,0.14768841331196716,2.688581889506737,4.20272722128355,1.0525421295779616,0.0
128,464,0.5031634773699425,1.0264461052042364,0.20627671313233334,1.6184588646484421,0.1505596897037765,1.3097045482795693,0.022668220163697596,0.6707230844063404,0.14595312605243588,2.653993241555274,4.212270129913048,1.05584188657926,0.0
128,468,0.5075010935541662,1.0154299858035154,0.20406289119864116,1.5996838037547654,0.14881311003835168,1.2794941359976235,0.022145341719285998,0.662862350078277,0.1442425859280207,2.6199728861210176,4.221672658365594,1.0590954958654804,0.0
128,472,0.5118387097383897,1.0045510466795906,0.20187663729454217,1.5811717681669117,0.14709099871703743,1.250052080224009,0.021635761903575,0.655113199729241,0.14255632710677676,2.586507932233387,4.230937446607909,1.0623036798217766,0.0
128,476,0.5161763259226134,0.9938071708542191,0.1997175259877497,1.5629179214223354,0.14539290582027378,1.2213562145515198,0.02113909706286237,0.6474735487554947,0.14089389596717358,2.553585889912845,4.240067069833439,1.065467147987154,0.0
128,480,0.5205139421068371,0.9831962852479595,0.19758514066797014,1.5449175508935094,0.1437183929484488,1.1933851195293528,0.020654976471683937,0.6399413667082711,0.13925485067210763,2.5211946546688044,4.2490640404289,1.0685865973127477,0.0
128,484,0.5248515582910607,0.9727163594171886,0.19547907329309133,1.5271660635352433,0.14206703282628616,1.1661180928068404,0.02018304181606465,0.6325146754180611,0.13763876076073692,2.489322492668121,4.257930809872244,1.0716627124144296,0.0
128,488,0.5291891744752844,0.9623654043384384,0.1933989241448804,1.509658981808725,0.1404384089236726,1.1395351206778344,0.019722946701011938,0.6251915471970355,0.13604520675731757,2.457958026544025,4.266669770564658,1.074696165819872,0.0
128,492,0.533526790659508,0.9521414712379684,0.1913443015937722,1.4923919397741614,0.13883211509216972,1.113616850951388,0.01927435618096453,0.617970103116016,0.1344737797962632,2.427090221816708,4.275283257599091,1.077687618210192,0.0
128,496,0.5378644068437316,0.9420426504645784,0.18931482187234744,1.4753606793442813,0.1372477552164901,1.08834456707757,0.018836946311964912,0.610848511352581,0.13292408126268343,2.3967083738979635,4.283773550467717,1.080637718656303,0.0
128,500,0.5422020230279553,0.932067070403771,0.18731010885712063,1.458561046691338,0.13568494288025318,1.0637001634626415,0.018410403724417164,0.6038249856070561,0.1313957224476943,2.3668020956536364,4.29214287471061,1.0835471048500867,0.0
128,504,0.546539639212179,0.9222128964314608,0.18532979385827528,1.4419889888006001,0.1341433010453682,1.03966612191104,0.017994425215347446,0.5968977835832915,0.12988832421782706,2.3373613054986486,4.30039340350789,1.0864164033305113,0.0
128,508,0.5508772553964025,0.9124783299055127,0.1833735154170014,1.4256405501636606,0.13262246174442402,1.0162254891354223,0.017588717359150356,0.5900652055312801,0.12840151669789357,2.308376216000665,4.308527259217405,1.089246229704803,0.0
128,512,0.5552148715806262,0.9028616071934773,0.1814409191101071,1.4095118696052007,0.13112206578549396,0.9933618552789198,0.017192996135854476,0.5833255928488073,0.1269349389666974,2.279837322969377,4.316546514860039,1.0920371888647882,0.0
128,516,0.5595524877648499,0.8933609987349682,0.17953165736159227,1.3935991772371712,0.1296417624687936,0.9710593333980455,0.016806986576014857,0.5766773267394608,0.12548823876500922,2.2517353950095607,4.324453195554574,1.0947898751985161,0.0
128,520,0.5638901039490735,0.8839748081371969,0.17764538926088508,1.3778987915346217,0.12818120931465526,0.9493025398562622,0.01643042242136707,0.5701188269244521,0.12406107221525182,2.224061463516944,4.332249279903995,1.0975048727972654,0.0
128,524,0.5682277201332971,0.8747013713022558,0.17578178038745929,1.3624071165276987,0.1267400718023091,0.9280765755825939,0.01606304580045334,0.5636485504058276,0.12265310355236798,2.1968068130969165,4.339936701335039,1.1001827556580452,0.0
128,528,0.5725653363175208,0.8655390555848073,0.17394050264156152,1.3471206391045918,0.12531802311898546,0.9073670081507146,0.015704606918449417,0.5572649902787589,0.12126400486536808,2.1699629723870473,4.347517349392738,1.1028240878816904,0.0
128,532,0.5769029525017444,0.8564862589788932,0.1721212340807909,1.3320359264204513,0.12391474391887546,0.8871598546373889,0.015354863760480383,0.5509666745907136,0.11989345584907926,2.1435217052651576,4.354993070991596,1.1054294238666513,0.0
128,536,0.5812405686859681,0.8475414093326484,0.17032365876228633,1.3171496234075502,0.12252992209150967,0.8674415652212986,0.015013581807750972,0.5447521652454136,0.11854114356564054,2.117475002425634,4.3623656716250325,1.1079993084985778,0.0
128,540,0.5855781848701918,0.8387029635897517,0.1685474665902868,1.3024584503821743,0.12116325253913551,0.8481990074859311,0.01468053376586171,0.5386200569495831,0.11720676221530921,2.0918150733073655,4.369636916534592,1.1105342773357945,0.0
128,544,0.5899158010544153,0.82996940705651,0.16679235316884314,1.287959200743953,0.11981443696269369,0.8294194513904074,0.014355499304685682,0.5325689762005896,0.11589001291616584,2.0665343383575165,4.376808531840439,1.1130348567907595,0.0
128,548,0.594253417238639,0.8213392526935125,0.16505801965946754,1.2736487387635373,0.1184831836560135,0.8110905548769551,0.014038264809264294,0.526597580313166,0.11459060349232358,2.0416254216160334,4.383882205634517,1.1155015643075974,0.0
128,552,0.5985910334228627,0.8128110404308533,0.16334417264351905,1.2595239974547314,0.11716920730786463,0.7932003500821168,0.01372862314115239,0.5207045564834901,0.11330824827026653,2.0170811436064877,4.390859589037773,1.1179349085358001,0.0
128,556,0.6029286496070863,0.8043833365059551,0.16165052398913154,1.2455819765273701,0.11587222881152019,0.7757372301248608,0.013426373409748359,0.5148886208889802,0.11204266788296009,1.992894514519523,4.397742297222723,1.1203353895001806,0.0
128,560,0.6072662657913099,0.7960547328230827,0.15997679072249996,1.2318197404174014,0.1145919750815021,0.7586899364409874,0.013131320753079437,0.5091485178222394,0.11079358908139247,1.9690587276758078,4.404531910402646,1.1227034987671665,0.0
128,564,0.6116038819755336,0.7878238463336663,0.15832269490334897,1.2182344163908139,0.113328178877196,0.7420475466394691,0.012843276127620627,0.5034830188576597,0.1095607445532231,1.9455671532559957,4.411229974788605,1.125039719607516,0.0
128,568,0.6159414981597572,0.7796893184366047,0.15668796350441666,1.204823192718195,0.11208057863303653,0.7257994628557753,0.012562056106715304,0.49789092204926483,0.10834387274822851,1.9224133322857455,4.417838003515452,1.12734452715554,0.0
128,572,0.6202791143439809,0.7716498143977479,0.15507232829479256,1.191583316916869,0.11084891829497957,0.7099354005772511,0.012287482687166154,0.4923710511584368,0.10714271771025145,1.8995909708644958,4.424357477537957,1.1296183885649096,0.0
128,576,0.6246167305282044,0.7637040227878014,0.15347552572695766,1.1785120940576936,0.10963294716298924,0.6944453779201183,0.012019383103642681,0.4869222549102361,0.10595702891537186,1.877093934627065,4.430789846498111,1.131861763161126,0.0
128,580,0.6289543467124281,0.7558506549379241,0.15189729682738043,1.1656068851337464,0.1084324197392824,0.67931970533553,0.011757589650514759,0.48154340627708647,0.1047865611160327,1.8549162434277973,4.437136529564648,1.1340751025907325,0.0
128,584,0.6332919628966518,0.7480884444123306,0.15033738709052966,1.1528651054882495,0.10724709558208387,0.6645489757261771,0.01150193951079196,0.47623340178865065,0.10363107419086501,1.8330520662373742,4.443398916245798,1.1362588509673388,0.0
128,588,0.6376295790808754,0.740416146497229,0.14879554637617057,1.1402842232992105,0.10607673916465775,0.6501240549525278,0.011252274591806598,0.47099116086678017,0.1024903329999692,1.8114957162428438,4.449578367176183,1.1384134450145362,0.0
128,592,0.641967195265099,0.7328325377054711,0.14727152880981814,1.127861758118379,0.10492111973939158,0.6360360727128977,0.011008441367367014,0.4658156251844733,0.1013641072454207,1.7902416461419668,4.4556762148788245,1.1405393142057678,0.0
128,596,0.6463048114493227,0.7253364152963002,0.14576509268622476,1.115595279462215,0.10378001120671893,0.6222764137791614,0.010770290726066238,0.46070575804782415,0.10025217133677868,1.7692844436232469,4.461693764503113,1.1426368809012328,0.0
128,600,0.6506424276335463,0.7179265968096306,0.14427600037578797,1.103482405452698,0.10265319198867845,0.6088367095718183,0.010537677825464175,0.45566054379999643,0.09915430426138719,1.7486188270235343,4.4676322945396,1.144706560481881,0.0
128,604,0.65498004381777,0.710601919614296,0.14280401823376568,1.091520801505873,0.10154044490691397,0.5957088300599764,0.010310461951893425,0.4506789872462938,0.09807028945926742,1.728239641155393,4.473493057512434,1.146748761480576,0.0
128,608,0.6593176600019937,0.7033612404697488,0.1413489165121942,1.079708179066161,0.10044155706493149,0.582884875971132,0.010088506385627022,0.44576011309944946,0.0969999147024095,1.7081418532968091,4.479277280650227,1.1487638857104843,0.0
128,612,0.6636552761862172,0.696203435100698,0.1399104692744067,1.0680422943845236,0.0993563197344363,0.5703571712970188,0.009871678271170506,0.44090296544429036,0.09594297197828036,1.6883205493361781,4.484986166536093,1.1507523283907546,0.0
128,616,0.6679928923704409,0.6891273977842105,0.13848845431205623,1.05652094733868,0.09828452824558155,0.5581182560826221,0.009659848492454985,0.4361066072209766,0.09489925737737386,1.6687709300657685,4.490620893737613,1.1527144782695524,0.0
128,620,0.6723305085546646,0.6821320409488073,0.13708265306454928,1.0451419802936421,0.09722598188096786,0.546160879486024,0.009452891552717708,0.43137011972604794,0.0938685709846355,1.6494883076172826,4.496182617417406,1.154650717744509,0.0
128,624,0.6766681247388882,0.6752162947851196,0.13569285054080235,1.0339032770009242,0.09618048377324057,0.5344779930965728,0.009250685458853694,0.4266926021305487,0.09285071677460388,1.6304681020333105,4.501672469924989,1.1565614229806396,0.0
128,628,0.6810057409231118,0.6683791068676783,0.13431883524323612,1.0228027615348505,0.09514784080613799,0.5230627445016012,0.009053111610069196,0.4220731710145327,0.0918455025101162,1.6117058379688518,4.507091561370571,1.158446964025797,0.0
128,632,0.6853433571073355,0.6616194417874337,0.13296039909392576,1.0118383972644607,0.09412786351885138,0.511908471089356,0.008860054690623514,0.4175109599172821,0.09085273964443341,1.5931971415172854,4.51244098018141,1.1603077049237083,0.0
128,636,0.6896809732915591,0.654936280794619,0.13161733736283004,1.0010081858595752,0.09312036601356258,0.5010086940789336,0.008671402566499772,0.41300511890260655,0.08987224322664684,1.5749377371554802,4.517721793641329,1.1621440038246542,0.0
128,640,0.6940185894757828,0.6483286214515857,0.13028944859802455,0.9903101663296576,0.0921251658660326,0.490357112767839,0.008487046185842326,0.4085548141386122,0.08890383181023358,1.5569234448029248,4.522935048413979,1.1639562130938457,0.0
128,644,0.6983562056600064,0.6417954772952579,0.12897653455786767,0.9797424140941593,0.09114208403911905,0.4799475989874509,0.008306879482992552,0.4041592274913656,0.0879473273646354,1.5391501769900253,4.528081771050388,1.1657446794175457,0.0
128,648,0.70269382184423,0.6353358775088627,0.12767840014503087,0.9693030400831011,0.0901709447991063,0.469774191757125,0.008130799285962685,0.3998175561318941,0.0870025551897399,1.5216139361309722,4.533162968481355,1.1675097439069932,0.0
128,652,0.7070314380284537,0.6289488666026131,0.12639485334232817,0.9589901898666965,0.08921157563473728,0.4598310921302584,0.00795870522723206,0.39552901215599784,0.08606934383314939,1.5043108118966795,4.538179628495185,1.169251742200174,0.0
128,656,0.7113690542126774,0.6226335041030309,0.1251257051502818,0.9488020428128803,0.0882638071788413,0.4501126582228778,0.0077904996577024795,0.391292822216366,0.08514752501012739,1.487236978683662,4.543132720201278,1.170971004561489,0.0
128,660,0.715706670396901,0.6163888642506097,0.12387076952636383,0.9387368112716464,0.08732747313245576,0.44061340041818653,0.007626087563699046,0.3871082271665151,0.08423693352611746,1.4703886931747367,4.548023194480037,1.1726678559793706,0.0
128,664,0.7200442865811246,0.6102140357055302,0.12262986332585635,0.9287927397851584,0.08640241019134541,0.4313279767387712,0.007465376486872833,0.382974481716087,0.08333740720173423,1.4537622919877708,4.552851984419572,1.1743426162618895,0.0
128,668,0.7243819027653483,0.604108121261156,0.1214028062442747,0.9189681043226362,0.08548845797482654,0.42225118838109665,0.007308276446912421,0.37889085409706735,0.0824487868001306,1.437354189408761,4.557620005739624,1.1759956001303984,0.0
128,672,0.7287195189495719,0.5980702375650409,0.12018942076130079,0.9092612115390658,0.08458545895680723,0.4133779754046998,0.0071546998669329434,0.37485662574050155,0.08157091595664932,1.4211608752057598,4.56232815720316,1.1776271173112591,0.0
128,676,0.7330571351337956,0.5920995148471992,0.1189895320861756,0.8996703980568227,0.08369325839895926,0.4047034125698019,0.0070045615014339485,0.3708710909633044,0.08070364111067099,1.405178912520298,4.5669773210160285,1.1792374726256938,0.0
128,680,0.7373947513180192,0.5861950966553937,0.1178029681045021,0.8901940297693378,0.08281170428594055,0.3962227053184506,0.006857778366741451,0.3669335566647796,0.07984681143957499,1.389404935833095,4.5715683632150945,1.1808269660778041,0.0
128,684,0.7417323675022428,0.5803561395972077,0.1166295593264116,0.8808305011659746,0.08194064726259073,0.38793118589211417,0.0067142696738116845,0.36304334203247873,0.07900027879473276,1.3738356490010377,4.576102134045217,1.182395892940799,0.0
128,688,0.7460699836864665,0.5745818130886787,0.11546913883604863,0.871578234677319,0.08107994057302577,0.3798243095815508,0.006573956763324266,0.35919977825704746,0.07816389763945669,1.3584678233624685,4.5805794683254515,1.1839445438414706,0.0
128,692,0.7504075998706902,0.5688712991092781,0.11432154224233111,0.8624356800401203,0.08022944000156054,0.37189765110309736,0.0064367630429634,0.3554022082557215,0.07733752498883134,1.343298295908039,4.585001185804822,1.1854732048429604,0.0
128,696,0.7547452160549137,0.5632237919630295,0.11318660763094425,0.8534013136811527,0.07938900381539163,0.3641469010963192,0.006302613926799589,0.35164998640414835,0.07652102035135627,1.3283239675144547,4.589368091508023,1.1869821575258497,0.0
128,700,0.7590828322391374,0.5576384980455691,0.11206417551752851,0.8444736381193023,0.0785584927089755,0.35656786273915486,0.006171436776704942,0.3479424782762273,0.0757142456723338,1.3135418012385522,4.5936809760713535,1.1884716790676164,0.0
128,704,0.7634204484233611,0.5521146356169557,0.11095408880202304,0.835651181385204,0.07773776975003927,0.3491564484751848,0.006043160845709107,0.34427906039166933,0.07491706527893659,1.298948820669321,4.597940616069235,1.1899420423204914,0.0
128,708,0.7677580646075847,0.5466514345800485,0.109856192724128,0.8269324964577949,0.07692670032716527,0.34190867684887394,0.005917717223223996,0.3406591199709951,0.07412934582689384,1.2845421083355053,4.602147774331586,1.1913935158877522,0.0
128,712,0.7720956807918083,0.5412481362642763,0.1087703348198504,0.8183161607171672,0.0761251520988918,0.33482066944543476,0.005795038782079283,0.33708205469769886,0.07335095624873687,1.2703188041666134,4.606303200252377,1.192826364198487,0.0
128,716,0.7764332969760319,0.5359039932146268,0.107696364879099,0.8098007754131322,0.0753329949442754,0.3278886479298251,0.0056750601272737055,0.33354727248731864,0.07258176770354736,1.2562761040051684,4.61040763008964,1.1942408475808657,0.0
128,720,0.7807709131602556,0.530618268985698,0.10663413490429635,0.8013849651489358,0.07455010091486272,0.32110893118334616,0.005557717546415625,0.3300541912631627,0.0718216535281543,1.2424112581682205,4.614461787257198,1.1956372223339482,0.0
128,724,0.7851085293444793,0.525390237940649,0.10558349906997563,0.7930673773795819,0.07377634418802131,0.31447793253184386,0.005442948961749039,0.32660223873845456,0.07107048918972737,1.2287215700561533,4.618466382608397,1.1970157407980655,0.0
128,728,0.7894461455287028,0.5202191850549033,0.10454431368333242,0.7848466819242496,0.07301160102158134,0.3079921570636941,0.005330693883733578,0.323190852204667,0.0703281522397174,1.2152043948069364,4.622422114712094,1.1983766514238026,0.0
128,732,0.7937837617129265,0.51510440572446,0.10351643714570251,0.776721570492307,0.07225574970974241,0.30164819903393436,0.005220893366115497,0.3198194783258264,0.06959452226909572,1.2018571379940686,4.626329670121127,1.1997201988396142,0.0
128,736,0.7981213778971502,0.5100452055786697,0.102499729914937,0.7686907562224454,0.07150867054020067,0.29544273935084675,0.005113489962425742,0.3164875729385762,0.06886948086484683,1.188677254366495,4.630189723633538,1.2010466239181083,0.0
128,740,0.8024589940813738,0.5050409002973446,0.10149405446864834,0.7607529732344821,0.07077024575245466,0.28937254314249117,0.005008427683861772,0.31319460085779954,0.06815291156767087,1.1756622466289077,4.634002938546747,1.2023561638410185,0.0
128,744,0.8067966102655975,0.5000908154320706,0.10049927526830088,0.7529069761933858,0.07004035949724804,0.28343445740028983,0.004905651958502986,0.3099400356876051,0.06744469983085298,1.162809664260836,4.637769966904927,1.203649052162902,0.0
128,748,0.8111342264498211,0.4951942862315982,0.09951525872412105,0.7451515398851154,0.06931889779711134,0.2776254086965366,0.00480510959180563,0.30672335963749314,0.06674473298026012,1.150117102373085,4.641491449739773,1.2049255188735872,0.0
128,752,0.8154718426340447,0.4903506574711917,0.09854187316080294,0.7374854588038626,0.06860574850796451,0.2719424009735292,0.0047067487283373385,0.30354406334352296,0.06605290017542594,1.1375822006000873,4.645168017304873,1.2061857904593984,0.0
128,756,0.8198094588182684,0.4855592832858198,0.09757898878398613,0.7299075467503131,0.06790080128174461,0.26638251340150987,0.004610518814702621,0.30040164569430944,0.06536909237168677,1.1252026420267944,4.648800289303902,1.2074300899631867,0.0
128,760,0.8241470750024921,0.4808195270070777,0.09662647764748304,0.7224166364405564,0.06720394753002398,0.260942898303,0.004516370563617466,0.29729561366168744,0.0646932022833332,1.112976152148821,4.6523888751128,1.20865863704319,0.0
128,764,0.8284846911867156,0.4761307610037329,0.09568421362123478,0.7150115791252885,0.06651508038858595,0.2556207791415943,0.00442425591909962,0.29422548213588473,0.06402512434774275,1.1009004978646129,4.655934373996147,1.2098716480307505,0.0
128,768,0.8328223073709393,0.4714923665257888,0.09475207235997382,0.7076912442189618,0.06583409468292596,0.2504134485720897,0.004334128022720439,0.29119077376505215,0.06336475469046081,1.0889734864983984,4.659437375317892,1.2110693359869142,0.0
128,772,0.837159923555163,0.4669037335519684,0.09382993127257402,0.7004545189385588,0.06516088689464794,0.24531826655064037,0.004245941180895657,0.2881910187990072,0.06271199109119822,1.077192964852827,4.66289845874663,1.2122519107579346,0.0
128,776,0.8414975397393866,0.4623642606405215,0.09291766949206855,0.6933003079516695,0.06449535512872606,0.24033265850289354,0.00415965083317969,0.28522575493705116,0.06206673295071561,1.0655568182901927,4.666318194455577,1.2134195790297058,0.0
128,780,0.8458351559236102,0.4578733547832594,0.09201516784631633,0.6862275330335698,0.06383739908160399,0.23545411354660928,0.004075213521502933,0.28229452717972453,0.061428881258564355,1.0540629698411597,4.669697143317417,1.2145725443811508,0.0
128,784,0.8501727721078339,0.45343043126273186,0.09112230882930014,0.6792351327330117,0.06318692001010452,0.23068018276939029,0.0039925868603629035,0.27939688768437426,0.060798338561657325,1.0427093793400242,4.6730358570941615,1.2157110073365829,0.0
128,788,0.8545103882920575,0.44903491351245456,0.09023897657303753,0.6723220620464438,0.0625438207011233,0.22600847755714426,0.0039117295078934505,0.27653239562440723,0.06017500893364159,1.0314940425855386,4.676334878622196,1.2168351654170635,0.0
128,792,0.8588480044762812,0.44468623298010646,0.08936505682008875,0.6654872921003884,0.06190800544208159,0.22143666797350647,0.003832601137815986,0.2737006170521111,0.059558797945047474,1.0204149905263709,4.679594741992632,1.2179452131907826,0.0
128,796,0.8631856206605049,0.44038382899361495,0.0885004368966449,0.6587298098417224,0.06127937999211408,0.21696248118701078,0.0037551624122171335,0.2709011247649297,0.05894961263418934,1.0094702884703042,4.682815972727129,1.2190413423224777,0.0
128,800,0.8675232368447284,0.43612714863005136,0.08764500568618097,0.6520486177356096,0.0606578515539686,0.21258369994544069,0.0036793749551429656,0.2681334981750817,0.058347361478793824,0.9986580353163609,4.685999087949302,1.2201237416219117,0.0
128,804,0.8718608530289521,0.4319156465872599,0.08679865360365807,0.6454427334708431,0.06004332874659509,0.2082981610950867,0.003605201326970479,0.26539732318241627,0.0577519543683326,0.9879763628089944,4.689144596551863,1.2211925970914357,0.0
128,808,0.8761984692131758,0.4277487850581477,0.0859612725702605,0.6389111896723685,0.05943572157840266,0.2041037541442563,0.0035326049995449815,0.2626921920504054,0.05716330257703752,0.9774234348136044,4.692252999359609,1.2222480919726488,0.0
128,812,0.8805360853973994,0.423626033607566,0.08513275598865358,0.6324530336207665,0.05883494142116403,0.19999841986796696,0.003461550332030277,0.26001770328517376,0.056581318737576894,0.9669974466126144,4.695324789288395,1.2232904067921797,0.0
128,816,0.884873701581623,0.4195468690517135,0.08431299871874827,0.6260673269784777,0.05824090098454707,0.19598014895493066,0.003392002547490824,0.2573734615174724,0.05600591681537226,0.9566966242213798,4.698360451500187,1.2243197194066073,0.0
128,820,0.8892113177658467,0.4155107753399954,0.08350189705395931,0.6197531455225679,0.057653514291254974,0.19204698069253823,0.003323927710131591,0.25475907738750514,0.055437012083535964,0.9465192237232641,4.701360463554341,1.2253362050465355,0.0
128,824,0.8935489339500703,0.41151724343927576,0.0826993486979444,0.6135095788838315,0.057072696652755904,0.1881970016910941,0.0032572927032172537,0.25217416743252036,0.05487452109841053,0.9364635306231915,4.704325295555188,1.226340036359847,0.0
128,828,0.897886550134294,0.4075657712204595,0.08190525274181142,0.607335730292044,0.056498364645584664,0.18442834464460134,0.0031920652076240013,0.24961835397708423,0.05431836167569147,0.9265278592190802,4.707255410296053,1.2273313834541446,0.0
128,832,0.9022241663185175,0.40365586334734577,0.08111950964178215,0.6012307163271787,0.0559304360881993,0.18073918712761383,0.003128213681015588,0.24709126502595358,0.0537684528671158,0.9167105519904895,4.7101512633997995,1.2283104139384065,0.0
128,836,0.9065617825027412,0.3997870311676948,0.08034202119730098,0.5951936666764116,0.055368830018376065,0.1771277504258535,0.0030657073376037865,0.24459253415947155,0.05322471493769958,0.9070099790039601,4.7130133034560115,1.2292772929638645,0.0
128,840,0.9108993986869649,0.3959587926064506,0.07957269052957656,0.5892237238967393,0.054813466671126576,0.17359229840130297,0.0030045161285055383,0.24212180043140924,0.052687069343507656,0.8974245373344332,4.715841972154898,1.2302321832641245,0.0
128,844,0.9152370148711885,0.39217067206106754,0.07881142206054652,0.5833200431830513,0.05426426745712239,0.17013113638947175,0.0029446107226569597,0.23967870826918194,0.052155438709940175,0.887952650502238,4.718637704418017,1.231175245194547,0.0
128,848,0.9195746310554122,0.388422200298886,0.07805812149225383,0.5774817921414912,0.053721154941611546,0.16674261012741454,0.0028859624882596035,0.23726290737636915,0.05162974681052035,0.8785927679251152,4.7214009285259175,1.2321066367709,0.0
128,852,0.9239122472396358,0.3847129143565086,0.07731269578662524,0.5717081505679577,0.05318405282381329,0.16342510471292826,0.0028285434747663545,0.2348740526374717,0.05110991854616911,0.8693433643847788,4.724132066242774,1.2330265137073013,0.0
128,856,0.9282498634238594,0.3810423574411256,0.07657505314564146,0.5659983102315961,0.05265288591677705,0.160177043592455,0.0027723263953641705,0.2325118040248403,0.050595879924952215,0.860202939507551,4.726831532938114,1.233935029453464,0.0
128,860,0.9325874796080831,0.3774100788337422,0.0758451029918895,0.560351474663137,0.05212758012769224,0.15699688757854346,0.0027172846099684116,0.2301758265077129,0.05008755804228625,0.8511700172585758,4.729499737705705,1.2348323352312605,0.0
128,864,0.9369250957923068,0.37381563379426375,0.07512275594948838,0.5547668589479451,0.05160806243863639,0.15388313389348696,0.002663392108670234,0.22786578996330062,0.049584881061590466,0.8422431454492115,4.732137083479687,1.235718580070619,0.0
128,868,0.9412627119765303,0.370258583468389,0.07440792382537822,0.5492436895236439,0.05109426088774877,0.15083431524075763,0.0026106234956650787,0.2255813690898629,0.049087778195371426,0.8334208952571402,4.734743967148038,1.236593910844766,0.0
128,872,0.945600328160754,0.3667384947962738,0.07370051959096514,0.5437812039821912,0.05058610455081825,0.1478489989021341,0.002558953973625856,0.22332224332171718,0.04859617968672859,0.8247018607588039,4.737320779663425,1.2374584723048285,0.0
128,876,0.9499379443449777,0.363254940422918,0.07300045736411241,0.5383786508762761,0.05008352352327299,0.14492578585966953,0.002508359328506066,0.2210880967461265,0.04811001679126865,0.8160846584737598,4.739867906151533,1.2383124071138085,0.0
128,880,0.9542755605292013,0.359807498610238,0.0723076523914703,0.5330352895299227,0.0495864489025616,0.14206330994207406,0.0024588159147654843,0.21887861802201442,0.04762922175941742,0.8075679269205945,4.742385726016927,1.2391558558799447,0.0
128,884,0.9586131767134249,0.35639575315078337,0.07162202103113656,0.5277503898531821,0.049094812770914535,0.13926023699508505,0.002410300641011019,0.21669350030045476,0.04715372781911791,0.7991503261840036,4.744874613046533,1.2399889571894709,0.0
128,888,0.9629507928976486,0.3530192932830597,0.07094348073563932,0.5225232321608014,0.04860854817847555,0.13651526407386427,0.002362790956018814,0.2145324411468888,0.04668346915890443,0.7908305374927125,4.747334935510773,1.2408118476387855,0.0
128,892,0.9672884090818722,0.3496777136084198,0.07027195003523555,0.5173531069947623,0.04812758912679299,0.13382711865850183,0.0023162648351562768,0.21239514246502067,0.046218380911341714,0.7826072628078874,4.749767056262456,1.2416246618660451,0.0
128,896,0.9716260252660959,0.34637061400948754,0.06960734852151723,0.5122393149505834,0.04765187055266138,0.13119455789046697,0.002270700767166655,0.2102813104223471,0.04575839913681984,0.7744792244217018,4.752171332833453,1.242427532582191,0.0
128,900,0.9759636414503196,0.3430975995700787,0.06894959683131856,0.5071811665072876,0.04718132831230381,0.1286163678298351,0.002226077741313205,0.20819065537727557,0.04530346080769469,0.7664451645657678,4.7545481175292315,1.2432205906014213,0.0
128,904,0.9803012576345431,0.3398582804965845,0.068298616630917,0.5021779818609344,0.04671589916588602,0.12609136273295007,0.002182375234877051,0.20612289180778923,0.04485350379276505,0.7585038450291026,4.756897757521311,1.2440039648711225,0.0
128,908,0.9846388738187668,0.33665227204078485,0.06765433060052163,0.49722909076162575,0.046255520762353626,0.12361838434975425,0.002139573200995451,0.2040777382416165,0.04440846684207713,0.7506540467853644,4.759220594937684,1.244777782501266,0.0
128,912,0.9889764900029905,0.33347919442405843,0.06701666241904233,0.49233383235388883,0.0458001316245835,0.12119630124010428,0.002097652056828668,0.20205491718786556,0.043968289572047806,0.7428945696290561,4.761516966951258,1.2455421687932868,0.0
128,916,0.993314106187214,0.3303386727629587,0.06638553674913329,0.4874915550203544,0.04534967113484165,0.1188240081080778,0.0020565926720382253,0.20005415507008528,0.04353291245089834,0.7352242318204376,4.763787205866384,1.2462972472684495,0.0
128,920,0.9976517223714377,0.3272303369961254,0.06576087922250508,0.4827016162286397,0.0449040795205393,0.1165004251548396,0.0020163763575863835,0.1980751821607147,0.0431022767843902,0.7276418697388812,4.766031639203506,1.2470431396957133,0.0
128,924,1.0019893385556613,0.32415382181250113,0.06514261642549883,0.4779633823813547,0.04446329784027947,0.11422449744867436,0.001976984854832741,0.19611773251688494,0.042676324701855194,0.7201463375444306,4.7682505897819905,1.24777996611911,0.0
128,928,1.006326954739885,0.32110876658082543,0.06453067588491732,0.4732762286691535,0.04402726797018684,0.11199519431161775,0.0019384003249181103,0.19418154391753883,0.04225499914251236,0.712736506847295,4.770444375801177,1.2485078448846374,0.0
128,932,1.0106645709241087,0.3180948152803765,0.06392498605410654,0.4686395389267498,0.0435959325905134,0.10981150872271428,0.0019006053384361735,0.19226635780183368,0.04183824384206404,0.7054112663850688,4.772613310919711,1.2492268926666839,0.0
128,936,1.0150021871083323,0.31511161643293517,0.0633254762992832,0.4640527054918241,0.04316923517251302,0.10767245673707748,0.00186358286537864,0.19037191920879495,0.04142600331956419,0.6981695217074475,4.774757704333178,1.2499372244939917,0.0
128,940,1.019339803292556,0.3121588230359435,0.06273207688610202,0.4595151290667485,0.04274711996557821,0.10557707692055374,0.0018273162653504712,0.18849797671818808,0.04101822286455176,0.6910101948682018,4.776877860850109,1.2506389537751665,0.0
128,944,1.0236774194767795,0.3092360924968321,0.062144718966458075,0.4550262185830592,0.04232953198463246,0.10352442979893794,0.0017917892780369672,0.18664428239257924,0.04061484852444277,0.6839322241242385,4.7789740809663845,1.2513321923237446,0.0
128,948,1.0280150356610032,0.30634308656849174,0.06156333456551901,0.4505853910686076,0.041916416997771766,0.10151359732216747,0.0017569860139300944,0.1848105917205531,0.04021582709217421,0.6769345636414891,4.781046660938081,1.2520170503828236,0.0
128,952,1.0323526518452268,0.3034794712858646,0.0609878565689823,0.4461920715173245,0.0415077215141492,0.09954368234241429,0.0017228909452953634,0.18299666356106023,0.039821106094093665,0.6700161832074992,4.7830958928528,1.2526936366492696,0.0
128,956,1.0366902680294505,0.30064491690363043,0.060418218710552536,0.44184569276153246,0.041103392772096625,0.09761380810590481,0.0016894888973763037,0.1812022600888652,0.03943063377808859,0.6631760679504688,4.7851220646995225,1.2533620582975036,0.0
128,960,1.0410278842136742,0.2978390978349659,0.05985435555963437,0.43754569534674465,0.04070337872747763,0.09572311775821163,0.0016567650398321072,0.17942714674106894,0.03904435910194921,0.6564132180645877,4.7871254604370135,1.2540224210028805,0.0
128,964,1.0453655003978979,0.2950616925913542,0.05929620250923651,0.4332915274088903,0.04030762804226622,0.09387077386213605,0.0016247048783931933,0.17767109216467827,0.038662231721959366,0.6497266485415042,4.789106360060836,1.2546748289646659,0.0
128,968,1.0497031165821213,0.29231238372342105,0.0587436957640821,0.4290826445539057,0.039916090073345595,0.09205595792866461,0.0015932942467430577,0.17593386816519702,0.03828420198170966,0.6431153889077146,4.79106503966898,1.255319384928618,0.0
128,972,1.054040732766345,0.28959085776277965,0.05819677232892159,0.42491850973963824,0.0395287148615221,0.09027786995963538,0.00156251929860279,0.17421524965621527,0.037910220901127833,0.636578482967759,4.793001771526169,1.255956190209184,0.0
128,976,1.0583783489505687,0.2868968051648592,0.057655369997043605,0.4207985931600028,0.03914545312074867,0.08853572800265397,0.001532366500027611,0.17251501460997024,0.03754024016572045,0.6301149885530214,4.794916824126853,1.2565853447113189,0.0
128,980,1.0627159651347924,0.2842299202527004,0.057119427338979865,0.416722372131343,0.038766256227553406,0.08682876771734982,0.0015028226218996845,0.17083294400885832,0.03717421211602169,0.6237239772760038,4.796810462256944,1.2572069469519311,0.0
128,984,1.067053581319016,0.28158990116169524,0.05658888369140005,0.41268933098094013,0.038391076210667945,0.08515624195268856,0.0014738747326122868,0.16916882179787288,0.03681208973724358,0.6174045342899239,4.798682947054302,1.2578210940809653,0.0
128,988,1.0713911975032397,0.2789764497852551,0.056063679146193084,0.4086989609376235,0.03801986574085134,0.08351742033568144,0.0014455101909512354,0.16752243483794851,0.03645382664912337,0.6111557580534853,4.800534536068019,1.2584278819021266,0.0
128,992,1.0757288136874632,0.27638927172138383,0.05554375453973043,0.40475076002442917,0.03765257812090443,0.08191158887015604,0.0014177166391504572,0.16589357286018758,0.03609937709596302,0.6049767601006797,4.802365483316522,1.2590274048932564,0.0
128,996,1.0800664298716869,0.2738280762201427,0.05502905144230846,0.40084423295326427,0.037289167275870845,0.08033804954592938,0.0013904819961276006,0.16428202842095135,0.03574869593685675,0.5988666648154987,4.80417603934453,1.2596197562263622,0.0
128,1000,1.0844040460559106,0.27129257613198465,0.054519512147765646,0.39697889102152595,0.03692958774341981,0.07879611995832647,0.0013637944508987044,0.1626875968577927,0.035401738636101764,0.5928246092114113,4.80596645127888,1.2602050277873136,0.0
128,1004,1.0887416622401342,0.2687824878569435,0.05401507966327151,0.3931542520106339,0.03657379466440699,0.0772851329369928,0.0013376424561537261,0.16111007624621335,0.0350584612537884,0.5868497427154961,4.8077369628832685,1.2607833101952033,0.0
128,1008,1.093079278424358,0.26629753129466033,0.05351569769928384,0.3893698400864306,0.03622174377360904,0.075804436184427,0.0013120147220003063,0.1595492673572249,0.034718820436565115,0.5809412269570827,4.80948781461192,1.2613546928213881,0.0
128,1012,1.0974168946085816,0.2638374297952293,0.0530213106596705,0.3856251857014081,0.035873391390628125,0.07435339192358015,0.0012869002098644556,0.1580049736156961,0.03438277340857466,0.575098235560819,4.811219243662206,1.261919263808209,0.0
128,1016,1.101754510792805,0.26140191011084846,0.052531863631993185,0.38191982549871883,0.03552869441096235,0.07293137655446458,0.0012622881265471784,0.1564770010594682,0.03405027796255735,0.5693199539440004,4.812931484026259,1.2624771100873997,0.0
128,1020,1.1060921269770287,0.25899070234825866,0.052047302377949335,0.3782533022179332,0.03518761029723872,0.07153778031934621,0.0012381679184296603,0.15496515829922125,0.03372129245111772,0.563605579118118,4.814624766541579,1.2630283173981889,0.0
128,1024,1.1104297431612524,0.2566035399219554,0.051567573323969565,0.3746251646025007,0.03485009707060459,0.07017200697669068,0.0012145292658299626,0.15346925647907367,0.03339577577815079,0.5579543194944452,4.8162993189406755,1.2635729703051026,0.0
128,1028,1.114767359345476,0.2542401595081587,0.05109262355196735,0.3710349673088817,0.03451611330227444,0.06883347348286861,0.0011913620774940134,0.15198910923789977,0.03307368739042454,0.5523653946936129,4.817955365899764,1.2641111522154704,0.0
128,1032,1.1191049755296998,0.25190030099952637,0.05062240079023807,0.36748227081730817,0.034185618105228334,0.0675216096825011,0.0011686564852361418,0.15052453267134797,0.03275498726931483,0.5468380353590601,4.81959312908653,1.264642945396644,0.0
128,1036,1.1234425917139232,0.2495837074605964,0.05015685340450466,0.3639666413441428,0.033858571126058924,0.06623585800565479,0.001146402838698164,0.14907534529454583,0.03243963592268984,0.5413714829742242,4.821212827206992,1.2651684309929287,0.0
128,1040,1.127780207898147,0.2472901250839439,0.0496959303891068,0.3604876507557965,0.03353493253696351,0.06497567317364883,0.0011245917002575226,0.14764136800547467,0.03212759437694018,0.5359649896834549,4.822814676051482,1.2656876890422404,0.0
128,1044,1.1321178240823706,0.24501930314703904,0.049239581358331015,0.35704487648417293,0.033214663027878163,0.06374052191176816,0.0011032138400549607,0.14622242404900027,0.031818824169151744,0.5306178181164647,4.824398888539763,1.266200798492486,0.0
128,1048,1.1364554402665943,0.24277099396979443,0.048787756537879284,0.3536379014436092,0.032897723798750944,0.06252988266871284,0.0010822602311387826,0.1448183389815464,0.031513287339418466,0.5253292412163211,4.825965674765301,1.2667078372176752,0.0
128,1052,1.140793056450818,0.24054495287278613,0.04834040675647308,0.35026631394927593,0.032584076551951,0.061343245343749686,0.0010617220447424228,0.1434289406363946,0.0312109464232914,0.5200985420708117,4.827515242038712,1.2672088820337724,0.0
128,1056,1.1451306726350416,0.23834093813613683,0.04789748343759042,0.34692970763700837,0.03227368348481068,0.06018011102051446,0.0010415906456771266,0.14205405908959887,0.03091176444436151,0.5149250137471648,4.82904779493041,1.2677040087142846,0.0
128,1060,1.149468288819265,0.2361587109590498,0.04745893859133374,0.3436276813845387,0.031966507282298086,0.05903999170678276,0.0010218575878279319,0.14069352662650106,0.030615704906973285,0.509807959129997,4.83056353531246,1.2681932920056003,0.0
128,1064,1.1538059050034888,0.23399803541997954,0.0470247248064257,0.3403598392340977,0.03166251110981693,0.0579224100816873,0.0010025146097785353,0.13934717770883465,0.030322731789066283,0.5047466907624368,4.8320626623996725,1.268676805642076,0.0
128,1068,1.1581435211877125,0.23185867843742838,0.0465947952423308,0.3371257903163582,0.0313616586061313,0.056826899248193286,0.0009835536305271618,0.13801484894240368,0.030032809535141924,0.49974053069033736,4.833545372789928,1.2691546223608803,0.0
128,1072,1.1624811373719361,0.22974040973135795,0.046169103621500555,0.333925148775693,0.03106391387641261,0.0557530024923949,0.0009649667453204976,0.1366963790453256,0.02974590304935293,0.49478881030950794,4.835011860503789,1.2696268139165945,0.0
128,1076,1.1668187535561598,0.2276430017852022,0.045747604221739506,0.33075753369671773,0.030769241485406173,0.05470027304855307,0.000946746221586988,0.13539160881682522,0.02946197768871272,0.48989087021588706,4.836462317023374,1.2700934510955817,0.0
128,1080,1.1711563697403835,0.22556622980847277,0.04533025186869039,0.3276225690320929,0.03047760645071486,0.0536682738695049,0.00092888449496311,0.13410038110656858,0.029180999256422306,0.4850460600585929,4.83789693133054,1.270554603730122,0.0
128,1084,1.175493985924607,0.22350987169994535,0.04491700192843595,0.3245198835315611,0.030188974236197652,0.052656577403638494,0.0009113741654332785,0.132822540784526,0.028902933995312286,0.48025373839578583,4.839315889944376,1.2710103407123197,0.0
128,1088,1.1798316021088306,0.22147370801141625,0.044507810300215375,0.3214491106721908,0.029903310745480517,0.05166476537593212,0.0008942079935400949,0.13155793471135263,0.02862774858139752,0.47551327255325837,4.840719376958013,1.2714607300077876,0.0
128,1092,1.1841692182930543,0.21945752191201776,0.044102633409253064,0.31840988858980307,0.029620582315577196,0.050692428575814574,0.0008773788967126593,0.1303064117092755,0.02835541011754196,0.4708240384857217,4.842107574074798,1.2719058386691153,0.0
128,1096,1.188506834477278,0.21746109915308542,0.04370142819969829,0.3154018600115602,0.029340755710618217,0.049739166649345634,0.000860879945669652,0.12906782253347843,0.02808588612723186,0.46618542064070034,4.843480660643801,1.2723457328491166,0.0
128,1100,1.1928444506615017,0.2154842280335622,0.043304152127672725,0.3124246721896855,0.02906379811568504,0.0488045878963419,0.0008447043609080113,0.12784201984397153,0.02781914454845443,0.46159681182496753,4.844838813694713,1.2727804778138703,0.0
128,1104,1.1971820668457254,0.21352669936593566,0.042910763154425095,0.30947797683630157,0.02878967713074829,0.04788830907330066,0.0008288455092919605,0.12662885817793937,0.027555153727680616,0.4570576130735087,4.846182207972112,1.2732101379555507,0.0
128,1108,1.2015196830299488,0.21158830644269366,0.0425212197395901,0.30656143005935443,0.02851836076470701,0.04698995519996174,0.0008132969007050029,0.1254281939225543,0.02729388241394914,0.4525672335208974,4.847511015969139,1.2736347768050555,0.0
128,1112,1.2058572992141725,0.20966884500329197,0.04213548083455012,0.3036746922996085,0.028249817429527504,0.04610915937155369,0.0007980521848002994,0.124239885288248,0.027035299753050246,0.4481250902750638,4.8488254079605735,1.274054457044433,0.0
128,1116,1.2101949153983962,0.2077681132016243,0.04175350587589792,0.3008174282686887,0.027984015934479627,0.045245562575047416,0.0007831051478204068,0.12306379228243113,0.02677937528180693,0.4437306082934022,4.850125552035345,1.2744692405191118,0.0
128,1120,1.2145325315826199,0.20588591157398556,0.04137525477899849,0.29798930688814945,0.027720925480468554,0.044398813509786805,0.0007684497094927731,0.12189977668365229,0.0265260789224518,0.4393832202611451,4.85141161412846,1.2748791882499386,0.0
128,1124,1.2188701477668435,0.2040220430075189,0.04100068793164812,0.29519000122954897,0.02746051565446012,0.04356856841292256,0.000754079920008365,0.12074770201618726,0.026275380977097543,0.43508236647197057,4.852683758052401,1.2752843604450264,0.0
128,1128,1.2232077639510672,0.20217631270914016,0.04062976618782936,0.29241918845551207,0.027202756423998074,0.04275449088848404,0.0007399899570632633,0.11960743352505077,0.026027252122299335,0.4308274947107866,4.853942145527966,1.2756848165114139,0.0
128,1132,1.2275453801352907,0.20034852817492896,0.040262450861559815,0.28967654976175883,0.02694761813181123,0.04195625174091333,0.0007261741229774885,0.11847883815142127,0.025781663403707165,0.42661806013865144,4.855186936214577,1.2760806150665438,0.0
128,1136,1.2318829963195144,0.1985384991599793,0.03989870372083324,0.28696177032008197,0.026695071490508832,0.041173528812549876,0.0007126268418822033,0.11736178450847178,0.02553858623080645,0.4224535251797554,4.856418287740085,1.2764718139495617,0.0
128,1140,1.236220612503738,0.19674603764870258,0.03953848698165159,0.28427453922225554,0.026445087577362563,0.0404060068249521,0.0006993426569733246,0.116256142857598,0.025297992371745175,0.4183333594104691,4.857636355730052,1.2768584702324348,0.0
128,1144,1.2405582286879617,0.19497095782557342,0.039181763302146025,0.2816145494248547,0.026197637829173333,0.039653377223800135,0.0006863162278271178,0.11516178508503665,0.02505985394824588,0.4142570394503644,4.8588412938365435,1.2772406402309013,0.0
128,1148,1.2448958448721854,0.19321307604631144,0.03882849577678557,0.2789814976949699,0.025952694037221252,0.038915338028033375,0.0006735423277890857,0.11407858467886534,0.02482414343060073,0.41022404885518915,4.86003325376643,1.2776183795152454,0.0
128,1152,1.2492334610564089,0.19147221080949228,0.03847864793067197,0.2763750845567998,0.025710228342297352,0.03819159368183023,0.0006610158414120511,0.11300641670637822,0.024590833632748305,0.40623387801175587,4.861212385309209,1.277991742920907,0.0
128,1156,1.2535710772406325,0.18974818272857868,0.03813218371391902,0.2737950142391036,0.025470213229815238,0.03748185491105005,0.0006487317619714696,0.11194515779182863,0.024359897707430297,0.4022860240346813,4.862378836364368,1.2783607845589247,0.0
128,1160,1.2579086934248562,0.1880408145043665,0.03778906749611526,0.2712409946234991,0.025232621525001477,0.03678583858214779,0.00063668518902354,0.11089468609453279,0.024131309141426728,0.3983799906649734,4.863532752968278,1.2787255578262198,0.0
128,1164,1.26224630960908,0.1863499308978367,0.03744926406086825,0.2687127371935882,0.024997426388162866,0.03610326756498239,0.0006248713260307076,0.109854881287327,0.02390504175086813,0.3945152881703947,4.864674279320648,1.279086115415717,0.0
128,1168,1.2665839257933036,0.18467535870340768,0.03711273860042931,0.26620995698489586,0.024764601310029465,0.03543387059892211,0.0006132854780442298,0.10882562453537199,0.023681069676623253,0.3906914332475697,4.865803557810532,1.2794425093263115,0.0
128,1172,1.2709215419775273,0.18301692672258071,0.03677945671039723,0.2637323725356065,0.024534120107171747,0.034777382161593096,0.0006019230494324912,0.10780679847529764,0.023459367379760825,0.38690794892581654,4.866920729041905,1.279794790872682,0.0
128,1176,1.2752591581617507,0.18137446573797156,0.036449384384499656,0.26127970583808313,0.024305956917490608,0.03413354234135113,0.000590779541673759,0.10679828719468186,0.023239909637084052,0.3831643644726492,4.86802593185883,1.2801430106949518,0.0
128,1180,1.2795967743459744,0.17974780848772196,0.03612248800945071,0.25885168229115385,0.024080086195778727,0.0335020967124251,0.0005798505511951794,0.10579997621185677,0.023022671536736327,0.37946021530093094,4.869119303370191,1.2804872187682028,0.0
128,1184,1.283934390530198,0.17813678964028518,0.03579873435988391,0.2564480306531538,0.023856482709352228,0.032882796212902576,0.0005691317672609666,0.1048117524560372,0.022807628473877073,0.3757950428776134,4.870200978974029,1.2808274644118411,0.0
128,1188,1.2882720067144218,0.17654124576957853,0.03547809059335871,0.25406848299570584,0.02363512153375106,0.03227539702578497,0.000558618969913718,0.10383350424776429,0.022594756146426167,0.37216839463408297,4.8712710923814875,1.2811637962988212,0.0
128,1192,1.2926096228986454,0.17496101533049643,0.03516052424543959,0.25171277465822717,0.023415978048506886,0.03167966046299853,0.0005483080279668897,0.10286512127965874,0.02238403055087575,0.3685798238780141,4.872329775640358,1.2814962624647297,0.0
128,1196,1.2969472390828691,0.17339593863477992,0.03484600322484672,0.24938064420315034,0.023199027932977467,0.031095352851536973,0.0005381948970341662,0.10190649459747878,0.022175427978168294,0.36502888970677033,4.873377159158245,1.281824910316727,0.0
128,1200,1.3012848552670926,0.17184585782723377,0.03453449580867652,0.2470718333718431,0.022984247162246018,0.030522245422815786,0.0005282756176144162,0.10095751658147557,0.02196892500963949,0.3615151569222483,4.874413371725359,1.2821497866423568,0.0
128,1204,1.3056224714513163,0.17031061686228854,0.03422597063769153,0.2447860870412157,0.022771612003084554,0.02996011420438549,0.0005185463132174787,0.10001808092804247,0.021764498513024966,0.3580381959471979,4.875438540536937,1.2824709376182184,0.0
128,1208,1.30996008763554,0.1687900614808993,0.03392039671167791,0.24252315318100337,0.02256109900998,0.02940873991440185,0.0005090031885376645,0.09908808263165118,0.021562125638529543,0.35459758274295045,4.8764527912153115,1.2827884088185095,0.0
128,1212,1.3142977038197636,0.1672840391877772,0.033617743384869836,0.24028278281171084,0.02235268502122194,0.028867907857801356,0.0004996425276567738,0.09816741796707082,0.021361783814957964,0.3511928987285457,4.877456247831613,1.283102245223437,0.0
128,1216,1.3186353200039873,0.16579239922894695,0.033317980361439466,0.23806472996320704,0.022146347155050813,0.02833740782619998,0.0004904606923115539,0.09725598447186332,0.021163450745905813,0.34782373070121386,4.878449032927137,1.283412491227504,0.0
128,1220,1.322972936188211,0.16431499256962678,0.03302107769105157,0.2358687516339602,0.021942062805865678,0.027817033998644547,0.00048145412017591634,0.09635368092915209,0.02096710440600989,0.34448967075820175,4.879431267534367,1.2837191906476673,0.0
128,1224,1.3273105523724344,0.1628516718724236,0.03272700576448167,0.23369460775089862,0.02173980964049022,0.027306584845888437,0.00047261932320415037,0.09546040735065708,0.02077272303725651,0.34119031621991186,4.880403071197659,1.284022386731375,0.0
128,1228,1.3316481685566581,0.1614022914758397,0.032435735309296616,0.23154206112988948,0.021539565594496227,0.02680586303611676,0.0004639528859992255,0.09457606495999281,0.020580285145347096,0.3379252695543059,4.881364561993604,1.2843221221644816,0.0
128,1232,1.3359857847408818,0.15996670737308472,0.03214723738559666,0.22941087743682118,0.0213413088685832,0.026314675343115823,0.00045545146422339817,0.09370055617622376,0.020389769496119727,0.33469413830259587,4.882315856551072,1.2846184390790454,0.0
128,1236,1.3403234009251055,0.1585447771911893,0.03186148338181807,0.22730082514928174,0.021145017925013443,0.025832832556716312,0.0004471117830481732,0.09283378459767322,0.020201155112025835,0.33149653500615034,4.883257070070932,1.2849113790610063,0.0
128,1240,1.3446610171093292,0.15713636017041446,0.0315784450105952,0.22521167551882096,0.020950671484101423,0.0253601493949418,0.0004389306356337793,0.09197565498598075,0.02001442126866105,0.32833207713460905,4.884188316345465,1.2852009831577502,0.0
128,1244,1.3489986332935529,0.15574131714395212,0.03129809430468105,0.22314320253378578,0.020758248520756483,0.024896444418459396,0.0004309048816484907,0.09112607325040367,0.019829547491349093,0.325200387015198,4.885109707777487,1.285487291885561,0.0
128,1248,1.3533362494777763,0.15435951051791258,0.031020403612925542,0.22109518288272026,0.020567728261078062,0.024441539946991497,0.0004230314458218911,0.09028494643235868,0.019646513551777944,0.3221010917631925,4.8860213553991505,1.2857703452369589,0.0
128,1252,1.357673865662,0.15299080425159395,0.03074534559631038,0.21906739591831906,0.02037909017900242,0.02399526197717705,0.0004153073165232255,0.08945218269019915,0.01946529946468731,0.3190338232135345,4.886923368890472,1.28605018268793,0.0
128,1256,1.3620114818462237,0.1516350638380288,0.030472893224039704,0.21705962362192507,0.020192313992999953,0.02355744010338867,0.00040772954439091165,0.08862769128422365,0.019285885484606392,0.3159982178535587,4.887815856597568,1.28632684320505,0.0
128,1260,1.3663490980304474,0.15029215628480458,0.030203019769685705,0.2150716505685627,0.020007379662822383,0.023127907439089768,0.00040029524097139817,0.08781138256191273,0.01910825210264131,0.3129939167568194,4.8886989255506,1.2866003652524984,0.0
128,1264,1.370686714214671,0.1489619500951518,0.029935698807388066,0.2131032638924951,0.019824267386298652,0.022706500540806474,0.000393001577403279,0.08700316794338815,0.01893238004331097,0.3100205655179942,4.889572681481464,1.2868707867989724,0.0
128,1268,1.3750243303988947,0.14764431524929758,0.029670904208106735,0.21115425325329937,0.019642957596179022,0.022293059333463816,0.00038584578312502035,0.08620295990709258,0.018758250261430878,0.3070778141888481,4.890437228841184,1.2871381453244946,0.0
128,1272,1.3793619465831182,0.14633912318607895,0.029408610135926903,0.20922441080244897,0.019463430957026333,0.021887427037739826,0.00037882514461761346,0.08541067197568492,0.01858584393904387,0.30416531721522405,4.8912926708170525,1.2874024778271225,0.0
128,1276,1.3836995627673419,0.1450462467848126,0.0291487910444155,0.20731353115039441,0.019285668362153657,0.021489450098982843,0.0003719370041742835,0.0846262187021475,0.01841514248239699,0.30128273337505435,4.892139109349512,1.287663820829557,0.0
128,1280,1.3880371789515655,0.1437655603474165,0.028891421673028328,0.205421411334135,0.019109650930607586,0.021098978117208844,0.0003651787586888911,0.08384951565610187,0.01824612751896369,0.29842972571737814,4.892976645148768,1.2879222103856551,0.0
128,1284,1.3923747951357892,0.14249693958078002,0.028636477043567123,0.20354785078527235,0.018935360004196385,0.020715863779628307,0.00035854785848811466,0.08308047941032952,0.01807878089451069,0.2956059615023127,4.893805377711162,1.2881776820868447,0.0
128,1288,1.396712411320013,0.14124026157937808,0.028383932456685645,0.20169265129853758,0.01876277714456216,0.020339962793883615,0.00035204180617593106,0.08231902752749387,0.01791308467020861,0.2928111121420245,4.894625405335288,1.2884302710684452,0.0
128,1292,1.4010500275042364,0.13999540480812558,0.028133763488444104,0.19985561700078408,0.018591884130296367,0.019971133823361242,0.00034565815551400607,0.0815650785470599,0.017749021119785588,0.29004485314259615,4.895436825137864,1.2886800120158965,0.0
128,1296,1.40538764368846,0.13876224908546933,0.027885945986911232,0.19803655432043912,0.01842266295409802,0.019609238423470288,0.0003393945103188102,0.08081855197240899,0.01758657272672341,0.28730686404686134,4.8962397330693745,1.2889269391708953,0.0
128,1300,1.4097252598726837,0.13754067556671168,0.02764045606881301,0.19623527195740398,0.018255095819973564,0.019254140980024204,0.0003332485233951366,0.08007936825814407,0.01742572218149504,0.2845968283781153,4.897034223929473,1.2891710863374413,0.0
128,1304,1.4140628760569074,0.13633056672756488,0.027397270116227692,0.19445158085339834,0.01808916514047816,0.018905708648162545,0.0003272178954789658,0.07934744879758365,0.017266452378843236,0.28191443358473706,4.897820391382146,1.2894124868877959,0.0
128,1308,1.418400492241131,0.13513180634793034,0.027156364773326048,0.19268529416273883,0.01792485353399728,0.018563811293262233,0.00032130037421476405,0.07862271591044001,0.01710874641509928,0.27925937098567066,4.898598327970663,1.2896511737683531,0.0
128,1312,1.4227381084253548,0.1339442794959005,0.026917716943156374,0.19093622722354545,0.017762143822068154,0.018228321433156225,0.0003154937531554106,0.0779050928306793,0.01695258758554124,0.27663133571678455,4.8993681251322965,1.289887179505424,0.0
128,1316,1.4270757246095782,0.1327678725119798,0.026681303784473486,0.1892041975293695,0.017601019026740407,0.01789911418131851,0.00030979587077885026,0.07719450369456046,0.01679795938179119,0.27403002667805454,4.9001298732128244,1.2901205362109385,0.0
128,1320,1.431413340793802,0.13160247299352104,0.026447102708611014,0.18748902470123496,0.01744146236797517,0.017576067191669154,0.0003042046095327847,0.07649087352884969,0.016644845489250607,0.27145514648158103,4.900883661480816,1.2903512755880622,0.0
128,1324,1.4357509569780256,0.13044796977937406,0.026215091376396382,0.18579053046008637,0.017283457261081995,0.017259060604288834,0.00029871789489510625,0.07579412823920752,0.016493229784573328,0.2689064014004322,4.901629578141713,1.2905794289367327,0.0
128,1328,1.4400885731622493,0.12930425293474254,0.025985247695107603,0.1841085385996367,0.01712698731419299,0.01694797699258288,0.00029333369445941874,0.07510419459874557,0.016343096333175443,0.2663835013182625,4.902367710351689,1.290805027159116,0.0
128,1332,1.444426189346473,0.1281712137362484,0.025757549815471768,0.18244287495961053,0.016972036325773723,0.016642701311752717,0.00028805001704318694,0.07442100023675113,0.016194429386781697,0.26388615967973206,4.903098144231327,1.2910281007649813,0.0
128,1336,1.4487638055306966,0.1270487446571968,0.025531976128703896,0.18079336739937207,0.01681858828216992,0.01634312084775047,0.0002828649118042487,0.07374447362757496,0.0160472133810074,0.26141409344169425,4.903820964879072,1.291248679877001,0.0
128,1340,1.45310142171492,0.1259367393530419,0.02530850526358609,0.17915984577193503,0.0166666273551897,0.016049125168450473,0.00027777646739569683,0.0730745440796812,0.015901432932975655,0.2589670230251256,4.904536256384503,1.2914667942359728,0.0
128,1344,1.4574390378991438,0.12483509264704895,0.025087116083586162,0.17754214189834752,0.016516137899720694,0.015760606074906036,0.00027278281112223655,0.0724111417248563,0.015757072838969138,0.25654467226781724,4.905244101841406,1.2916824732059642,0.0
128,1348,1.4617766540833674,0.12374370051614954,0.02486778768401507,0.17594008954244433,0.016367104451381318,0.015477457554027296,0.00026788210812113915,0.0717541975075737,0.01561411807211579,0.25414676837778544,4.905944583360655,1.2918957457793867,0.0
128,1352,1.4661142702675911,0.12266246007698774,0.02465049938922274,0.17435352438596236,0.016219511724205864,0.01519957573285069,0.0002630725605707431,0.07110364317451276,0.015472553780108094,0.2517730418873976,4.906637782082908,1.2921066405819939,0.0
128,1356,1.4704518864518148,0.12159126957215384,0.024435230749831553,0.17278228400401197,0.016073344608362683,0.014926858832779999,0.00025835240689846316,0.07045941126422843,0.015332365282955123,0.249423226608206,4.9073237781911185,1.2923151858778088,0.0
128,1360,1.4747895026360385,0.12053002835660302,0.02422196154000701,0.17122620784089979,0.015928588167905048,0.014659207125731655,0.00025371992102175817,0.0698214350969699,0.015193538070767027,0.24709705958647174,4.908002650922868,1.2925214095739803,0.0
128,1364,1.479127118820262,0.11947863688425611,0.024010671754765015,0.16968513718629616,0.01578522763855411,0.01439652289096216,0.000249173411600905,0.06918964876464567,0.015056057801571371,0.24479428105936962,4.908674478582514,1.2927253392255689,0.0
128,1368,1.4834647350044856,0.11843699669477957,0.023801341607315132,0.16815891515174203,0.015643248425513408,0.014138710372435526,0.0002447112213011187,0.06856398712093206,0.014919910299160698,0.24251463441185703,4.909339338553167,1.2929270020402654,0.0
128,1372,1.4878023511887093,0.11740501040054223,0.02359395152643939,0.1666473866474899,0.015502636101314457,0.013885675738151804,0.00024033172608861543,0.06794438577152379,0.014785081550970991,0.24025786613419886,4.909997307308502,1.2931264248830412,0.0
128,1376,1.492139967372933,0.11638258167374632,0.02338848215390612,0.16515039835967438,0.01536337640369301,0.013637327039134561,0.00023603333452077227,0.06733078106452384,0.014651557705990467,0.23802372578014538,4.9106484604243885,1.2933236342807313,0.0
128,1380,1.4964775835571567,0.11536961523372956,0.02318491434191813,0.1636677987278047,0.015225455233495262,0.013393574170152078,0.000231814487066294,0.06672311008097012,0.014519325072698108,0.23581196592573292,4.911292872590361,1.293518656426553,0.0
128,1384,1.5008151997413803,0.11436601683443623,0.022983229150594902,0.16219943792257666,0.015088858652613767,0.013154328831120665,0.0002276736554371861,0.06612131062549716,0.014388370117031604,0.23362234212870905,4.911930617620929,1.2937115171845603,0.0
128,1388,1.5051528159256038,0.1133716932520547,0.022783407845488175,0.16074516782399725,0.014953572881952456,0.012919504489332212,0.00022360934193499325,0.06552532121713052,0.014258679460384166,0.23145461288857333,4.912561768466719,1.2939022420940332,0.0
128,1392,1.5094904321098275,0.11238655227281884,0.0225854318951305,0.15930484199981765,0.014819584299420319,0.01268901634225017,0.00021962007880687654,0.06493508108021166,0.014130239877629722,0.22930853960721803,4.913186397225456,1.2940908563738058,0.0
128,1396,1.5138280482940512,0.11141050268097094,0.022389282968616253,0.15787831568426994,0.014686879437953364,0.012462781281584512,0.00021570442762382672,0.06435053013545167,0.014003038295176152,0.22718388655015762,4.913804575152805,1.294277384926533,0.0
128,1400,1.5181656644782748,0.11044345424688337,0.02219494293321453,0.1564654457571013,0.014555444983564241,0.012240717857963546,0.00021186097866920798,0.06377160899111073,0.013877061789045905,0.22508042080834148,4.914416372673042,1.2944618523428957,0.0
128,1404,1.5225032806624985,0.10948531771533745,0.022002393852013642,0.15506609072290323,0.014425267773419303,0.012022746245975213,0.00020808835033369664,0.06319825893430274,0.013752297582983823,0.22299791226053625,4.915021859389581,1.294644282905747,0.0
128,1408,1.5268408968467222,0.10853600479395643,0.02181161798159659,0.1536801106907292,0.01429633479394251,0.01180878821091369,0.00020438518853973497,0.062630421922422,0.013628733046591547,0.2209361335362684,4.915621104095357,1.2948247005941993,0.0
128,1412,1.5311785130309457,0.107595428141791,0.021622597769747186,0.15230736735399772,0.014168633178945879,0.01159876707512808,0.00020075016615909817,0.06206804057469068,0.013506355693488188,0.21889485997932148,4.916214174783053,1.2950031290876536,0.0
128,1416,1.5355161292151693,0.10666350135805411,0.021435315853186178,0.15094772397067455,0.014042150207785906,0.011392607685934308,0.00019718198245751705,0.061511058163824614,0.013385153179496772,0.21687386961177257,4.916801138655195,1.2951795917697728,0.0
128,1420,1.539853745399393,0.10574013897100412,0.021249755055337178,0.14960104534373178,0.01391687330354574,0.011190236383953334,0.00019367936254667924,0.060959418607816084,0.013265113300856116,0.21487294309856772,4.917382062134096,1.2953541117323963,0.0
128,1424,1.5441913615836167,0.10482525642697316,0.021065898384121786,0.14826719780187764,0.013792790031242539,0.010991580971960957,0.00019024105684508524,0.060413066461831436,0.01314622399245771,0.21289186371260585,4.9179570108716675,1.2955267117794027,0.0
128,1428,1.5485289777678404,0.10391877007953912,0.020883729029783575,0.14694604918055418,0.01366988809605975,0.010796570684846074,0.00018686584055808915,0.05987194691022193,0.013028473326107223,0.21093041730036383,4.918526049759093,1.2956974144305156,0.0
128,1432,1.5528665939520638,0.10302059717883888,0.02070323036274044,0.14563746880319764,0.013548155341603833,0.010605136159682615,0.00018355251315990722,0.05933600575864572,0.012911849508810217,0.20898839224800805,4.919089242936362,1.2958662419250568,0.0
128,1436,1.5572042101362875,0.10213065586102074,0.020524385931464963,0.1443413274627579,0.01342757974818507,0.010417209406796246,0.0001802998978928434,0.058805189426299594,0.012796340881081713,0.20706557944801016,4.9196466538016805,1.2960332162256472,0.0
128,1440,1.5615418263205112,0.10124886513783464,0.020347179460392408,0.14305749740347357,0.013308149431122166,0.010232723781626873,0.00017710684128028896,0.0582794449382587,0.012681935915279286,0.2051617722662559,4.920198345020743,1.2961983590218542,0.0
128,1444,1.5658794425047349,0.10037514488635699,0.020171594847855828,0.1417858523028973,0.013189852639070132,0.010051613956591154,0.00017397221263972163,0.0577587199179224,0.012568623213959232,0.20327676650962795,4.920744378535879,1.29636169173379,0.0
128,1448,1.5702170586889586,0.0995094158388492,0.019997616164048014,0.14052626725416895,0.013072677752371203,0.009873815894167137,0.00017089490361685785,0.057242962579564606,0.012456391508255482,0.2014103603940819,4.9212848155750795,1.2965232355156568,0.0
128,1452,1.5745546748731822,0.09865159957274744,0.01982522764900979,0.1392786187485315,0.012956613281428372,0.009699266820234698,0.00016787382772423182,0.05673212172098712,0.012345229656280926,0.19956235451315743,4.921819716660884,1.296683011259246,0.0
128,1456,1.5788922910574057,0.09780161850078248,0.01965441371064452,0.13804278465808797,0.012841647865101315,0.009527905198069675,0.00016490791989108903,0.05622614671627474,0.012235126641550888,0.19773255180697955,4.922349141619163,1.2968410395973848,0.0
128,1460,1.5832299072416294,0.09695939586122632,0.019485158922758004,0.13681864421879292,0.012727770269124142,0.00935967070287802,0.00016199613602262613,0.055724987508649564,0.012126071571428174,0.19592075753169327,4.92287314958777,1.2969973409073363,0.0
128,1464,1.587567523425853,0.09612485570826519,0.01931744802312385,0.13560607801367705,0.012614969384544856,0.009194504197068909,0.0001591374525720206,0.05522859460342387,0.012018053675589587,0.19412677922934565,4.923391799025073,1.2971519353141534,0.0
128,1468,1.5919051396100767,0.09529792290249633,0.01915126591157367,0.13440496795630028,0.012503234226186034,0.00903234770561312,0.00015633086611393653,0.05473691906104976,0.011911062304513482,0.19235042669820193,4.92390514771838,1.2973048426939835,0.0
128,1472,1.5962427557943004,0.09447852310154735,0.018986597648111937,0.13321519727443118,0.012392553931126591,0.008873144392367749,0.00015357539293475516,0.05424991249026412,0.01180508692798808,0.19059151196349822,4.924413252792234,1.2974560826773285,0.0
128,1476,1.600580371978524,0.09366658275081574,0.018823428451054964,0.1320366504939472,0.012282917757204062,0.008716838536798832,0.0001508700686296929,0.05376752704132739,0.011700117133640178,0.18884984924860865,4.924916170716612,1.29760567465226,0.0
128,1480,1.6049179881627476,0.09286202907432703,0.018661743695193765,0.13086921342295374,0.01217431508153727,0.008563375510902915,0.0001482139477033622,0.05328971539935443,0.011596142625483917,0.1871252549466321,4.925413957315,1.297753637767588,0.0
128,1484,1.6092556043469712,0.09206479006571071,0.018501528909980535,0.1297127731361193,0.012066735399069061,0.008412701757265495,0.00014560610319000963,0.05281643077773697,0.011493153222489455,0.18541754759238835,4.925906667772365,1.2978999909359883,0.0
128,1488,1.613593220531195,0.09127479447929057,0.018342769777738153,0.12856721795922135,0.011960168321128667,0.00826476476680682,0.00014304562626834267,0.05234762691165494,0.011391138857171015,0.18372654783481437,4.926394356643013,1.298044752837083,0.0
128,1492,1.6179308367154186,0.0904919718212898,0.018185452131892748,0.12743243745390218,0.0118546035740136,0.008119513057664562,0.00014053162589603335,0.051883258051676616,0.011290089574194223,0.18205207840975363,4.926877077858349,1.298187941920483,0.0
128,1496,1.6222684528996423,0.08971625234114793,0.018029561955228722,0.12630832240263015,0.011750030997590645,0.007976896154019641,0.0001380632284432379,0.051423278957445674,0.01118999552900239,0.18039396411314176,4.927354884734528,1.2983295764087819,0.0
128,1500,1.626606069083866,0.08894756702294765,0.017875085378165883,0.1251947647938628,0.011646440543915624,0.007836864565831547,0.00013563957734185806,0.05096764489145314,0.011090846986461242,0.17875203177456772,4.9278278299799965,1.298469674300516,0.0
128,1504,1.6309436852680894,0.08818584757695201,0.01772200867705872,0.12409165780741066,0.011543822275871859,0.007699369768658926,0.00013325983273627804,0.05051631161289461,0.010992634319522222,0.17712611023122365,4.928295965702945,1.2986082533730778,0.0
128,1508,1.635281301452313,0.08743102643124756,0.017570318272517007,0.12299889579999633,0.01144216636582677,0.007564364183934913,0.00013092317114197211,0.05006923537160956,0.010895348007903647,0.1755160303022053,4.928759343418654,1.2987453311855917,0.0
128,1512,1.6396189176365368,0.08668303672349498,0.017420000727747992,0.12191637429100867,0.011341463094306645,0.007431801160066698,0.00012862878511837807,0.04962637290210328,0.010798978636789854,0.17392162476319986,4.929218014056737,1.298880925081749,0.0
128,1516,1.6439565338207605,0.08594181229278298,0.017271042746919343,0.12084398994844649,0.01124170284868902,0.00730163495327929,0.0001263758829373432,0.049187681417648794,0.010703516895547733,0.17234272832152114,4.929672027968299,1.299015052192606,0.0
128,1520,1.6482941500049841,0.085207287671586,0.01712343117354293,0.11978164057505096,0.011142876121912634,0.007173820709397205,0.00012416368826780372,0.04875311860446838,0.0106089535764606,0.17077917759149353,4.930121434932982,1.2991477294393399,0.0
128,1524,1.6526317661892078,0.08447939807782298,0.016977152988878974,0.1187292250946224,0.011044973511204518,0.007048314445711412,0.00012199143986194009,0.048322642615993124,0.010515279573479048,0.16923081107019888,4.930566284165936,1.2992789735359707,0.0
128,1528,1.6569693823734313,0.08375807940701654,0.016832195310360305,0.11768664353852014,0.010947985716824132,0.006925073033613671,0.00011985839125461385,0.04789621206719952,0.010422485880988546,0.1676974691135544,4.93100662432468,1.2994088009920428,0.0
128,1532,1.661306998557655,0.08304326822455106,0.01668854539003655,0.11665379703234181,0.010851903540824177,0.006804054180975072,0.00011776381045837747,0.04747378602902208,0.010330563592593607,0.1661789939127242,4.931442503515886,1.2995372281152715,0.0
128,1536,1.6656446147418786,0.08233490175802745,0.01654619061303773,0.11563058778277904,0.01075671788582783,0.00668521641543407,0.00011570697967422546,0.04705532402284023,0.010239503899918092,0.16467522947088242,4.931873969302059,1.2996642710141533,0.0
128,1540,1.6699822309261023,0.08163291788971498,0.01640511849605736,0.11461691906464869,0.010662419753822306,0.0065685190678834715,0.00011368719500578906,0.04664078601503937,0.010149298091421675,0.16318602158027623,4.93230106870814,1.2997899456005388,0.0
128,1544,1.674319847110326,0.08093725514909686,0.016265316685854396,0.11361269520809494,0.010569000244968305,0.006453922256213218,0.00011170376617795804,0.046230132411644045,0.010059937551231987,0.16171121779962977,4.932723848228021,1.2999142675921724,0.0
128,1548,1.6786574632945495,0.08024785270550987,0.016126772957774073,0.11261782158596134,0.010476450556425283,0.006341386869337384,0.00010975601626042187,0.04582332405302274,0.009971413757992346,0.16025066743185915,4.93314235383096,1.3000372525151955,0.0
128,1552,1.6829950794787731,0.07956465036087566,0.01598947521428718,0.11163220460132932,0.0103847619811922,0.006230874552045407,0.00010784328140547639,0.04542032220866312,0.009883718283724833,0.15880422150209425,4.933556630967932,1.3001589157066167,0.0
128,1556,1.6873326956629968,0.07888758854252276,0.015853411483547564,0.11065575167522063,0.01029392590696352,0.006122347689341723,0.0001059649105769761,0.04502108857201626,0.009796842792708349,0.15737173273600982,4.933966724577882,1.3002792723167487,0.0
128,1560,1.6916703118472205,0.07821660829609875,0.015718569917967724,0.10968837123446308,0.010203933815000408,0.00601576939197912,0.00010412026529994694,0.04462558525540981,0.009710779040371703,0.15595305553846292,4.9343726790939,1.300398337311611,0.0
128,1564,1.6960079280314442,0.07755165127857017,0.015584938792812078,0.10872997269971471,0.010114777279016643,0.005911103481594182,0.00010230871940331228,0.04423377478502804,0.009625518872201243,0.15454804597242458,4.934774538449314,1.3005161254752988,0.0
128,1568,1.7003455442156679,0.07689265975130963,0.015452506504807718,0.10778046647364535,0.010026447964079215,0.005808314476610121,0.00010052965877590066,0.04384562009595827,0.009541054222662921,0.1531565617381965,4.9351723460837045,1.300632651412323,0.0
128,1572,1.7046831603998913,0.07623957657326909,0.015321261570772515,0.10683976392927384,0.009938937625523349,0.005707367578196454,9.87824811234375e-05,0.04346108452730289,0.00945737711413865,0.15177846215293167,4.935566144948844,1.300747929549915,0.0
128,1576,1.709020776584115,0.07559234519423771,0.015191192626260192,0.1059077773984576,0.009852238107881748,0.005608228656740266,9.70665957343912e-05,0.04308013181735572,0.009374479655876646,0.150413608130422,4.935955977514549,1.3008619741403022,0.0
128,1580,1.7133583927683387,0.07495090964818306,0.015062288424222161,0.1049844201605323,0.009766341343827775,0.005510864238118529,9.538142324237597e-05,0.042702726098841584,0.009292354042955543,0.1490618621611779,4.936341885774464,1.3009747992629523,0.0
128,1584,1.7176960089525624,0.07431521454667497,0.014934537833685972,0.10406960643110047,0.009681239353132491,0.005415241491334655,9.372639541216669e-05,0.04232883189421878,0.00921099255526217,0.147723088292769,4.936723911251768,1.301086418826787,0.0
128,1588,1.722033625136786,0.07368520507239079,0.014807929838450105,0.10316325135096628,0.009596924241635304,0.00532132821462028,9.210095489915011e-05,0.04195841411104311,0.00913038755648275,0.14639715211046173,4.937102095004807,1.3011968465723642,0.0
128,1592,1.7263712413210097,0.07306082697270068,0.014682453535794877,0.1022652709752142,0.009513388200227985,0.005229092823782366,9.050455504763777e-05,0.04159143803739257,0.009050531493107276,0.14508392071808246,4.937476477632647,1.3013060960740337,0.0
128,1596,1.7307088575052332,0.07244202655333196,0.014558098135209191,0.10137558226242988,0.009430623503851931,0.005138504339470273,8.8936659670486e-05,0.041227869337352036,0.008971416893446967,0.14378326271918765,4.937847099280572,1.3014141807420614,0.0
128,1600,1.7350464736894569,0.07182875067211131,0.014434852957132979,0.1004941030640602,0.009348622510508366,0.005049532375295485,8.739674284347334e-05,0.04086767404655661,0.008893036366664457,0.14249504819845663,4.938213999645487,1.3015211138247262,0.0
128,1604,1.7393840898736805,0.07122094673278433,0.01431270743171515,0.09962075211391257,0.009267377660281488,0.004962147125809224,8.588428869721855e-05,0.04051081856779363,0.008815382601816784,0.14121914870336053,4.938577217981273,1.301626908410387,0.0
128,1608,1.7437217060579042,0.070618562678911,0.014191651097586829,0.0987554490177897,0.009186881474374239,0.004876319355304304,8.43987912233642e-05,0.04015726966666175,0.008738448366910774,0.1399554372260774,4.938936793104055,1.3017315774295237,0.0
128,1612,1.748059322242128,0.07002154698783532,0.014071673600649454,0.09789811424325748,0.009107126554156438,0.004792020386162221,8.293975407288958e-05,0.03980699446728621,0.008662226507970655,0.13870378818564388,4.9392927633974235,1.3018351336567493,0.0
128,1616,1.7523969384263516,0.06942984866472986,0.01395276469287799,0.09704866910954664,0.009028105580225373,0.004709222087910803,8.150669036672154e-05,0.03945996044809042,0.008586709948117945,0.13746407741037012,4.93964516681756,1.3019375897127954,0.0
128,1620,1.756734554610575,0.06884341723671238,0.013834914231138574,0.09620703577758336,0.008949811311478373,0.00462789686653764,8.00991225107727e-05,0.039116135437621796,0.00851189168666311,0.13623618212046473,4.939994040898324,1.3020389580664709,0.0
128,1624,1.7610721707947987,0.0682622027470348,0.013718112176020715,0.09537313724014905,0.008872236584197422,0.004548017653490888,7.87165820055685e-05,0.0387754876104322,0.00843776479820914,0.1350199809109341,4.940339422756258,1.3021392510365943,0.0
128,1628,1.7654097869790224,0.0676861557493427,0.013602348590683681,0.09454689731216578,0.008795374311145427,0.0044695578956179816,7.735860927210757e-05,0.038437985483011146,0.008364322431766586,0.13381535373467324,4.940681349095534,1.3022384807939014,0.0
128,1632,1.769747403163246,0.06711522730200511,0.013487613639717006,0.0937282406211074,0.008719217480674208,0.004392491544905397,7.602475347427865e-05,0.03810359790977203,0.008291557809880142,0.13262218188582198,4.941019856212837,1.3023366593629242,0.0
128,1636,1.7740850193474698,0.06654936896251328,0.013373897588014836,0.09291709259753324,0.008643759155843886,0.0043167930483321015,7.471457234324536e-05,0.03777229407908998,0.008219464227766458,0.13144034798331578,4.941354980002185,1.3024337986238486,0.0
128,1640,1.7784226355316934,0.06598853278194745,0.013261190799663983,0.0921133794657431,0.008568992473553534,0.004242437338291438,7.342763201166911e-05,0.03744404350939081,0.008148035052463073,0.130269735954683,4.941686755959684,1.3025299103143435,0.0
128,1644,1.782760251715917,0.06543267129951089,0.013149483736845458,0.09131702823455164,0.00849491064368296,0.004169399822728792,7.216350684301304e-05,0.037118816045290194,0.008077263721988285,0.12911023102004884,4.9420152191882325,1.3026250060313687,0.0
128,1648,1.7870978679001406,0.06488173753713017,0.013038766958749337,0.09052796668818086,0.008421506948245467,0.004097656376274017,7.092177927806292e-05,0.03679658185378261,0.008007143744511828,0.12796171967635034,4.942340404402152,1.3027190972329559,0.0
128,1652,1.7914354840843643,0.06433568499412091,0.01292903112050278,0.08974612337726864,0.0083487747405514,0.004027183330549633,6.970203966718263e-05,0.036477311420479185,0.007937668697536227,0.12682408968177236,4.942662345931774,1.3028121952399674,0.0
128,1656,1.795773100268588,0.06379446764191794,0.012820266972110986,0.0889714276099916,0.00827670744438234,0.003957957465445361,6.850388611929474e-05,0.0361609755458936,0.007868832227088573,0.125697230040398,4.942981077727951,1.3029043112378313,0.0
128,1660,1.8001107164528116,0.06325803991886934,0.012712465357411001,0.08820380944330149,0.008205298553175857,0.003889956000108441,6.732692434594194e-05,0.03584754534177586,0.0078006280469227335,0.12458103098704347,4.943296633366528,1.3029954562782529,0.0
128,1664,1.804448332637035,0.06272635672509332,0.012605617213038142,0.08744319967427258,0.008134541629220593,0.003823156584616072,6.617076751715454e-05,0.035536992227492695,0.007733049937731717,0.12347538397232002,4.943609046052746,1.3030856412809027,0.0
128,1668,1.8087859488212588,0.06219937341739664,0.0124997135674048,0.08668952983155848,0.008064430302861502,0.0037575372911931026,6.503503610944729e-05,0.035229287926454154,0.007666091746370068,0.12238018164788417,4.9439183486255915,1.3031748770350855,0.0
128,1672,1.8131235650054824,0.06167704580425467,0.0123947455396916,0.08594273216695768,0.00799495827171524,0.003693076606083423,6.391935776513029e-05,0.034924404462585844,0.007599747385086214,0.12129531785187556,4.9442245735620975,1.3032631742013816,0.0
128,1676,1.8174611811897061,0.06115933014085188,0.01229070433885076,0.08520273964708608,0.007926119299895475,0.0036297534216487293,6.28233671555553e-05,0.034622314156846246,0.0075340108307646115,0.1202206875945726,4.944527752981577,1.303350543313271,0.0
128,1680,1.8217987973739298,0.06064618312418141,0.012187581262621261,0.08446948594515413,0.00785790721724795,0.0035675470278704324,6.174670583403173e-05,0.03432298962378805,0.00746887612417747,0.11915618704422129,4.944827918649822,1.3034369947787332,0.0
128,1684,1.8261364135581535,0.06013756188820404,0.012085367696556007,0.08374290543284836,0.007790315918595247,0.0035064371051021226,6.068902211038713e-05,0.03402640376816341,0.007404337369246042,0.1181017135130516,4.945125101983229,1.3035225388818275,0.0
128,1688,1.830474029742377,0.05963342399906453,0.011984055113060473,0.0830229331723147,0.007723339362991023,0.003446403716225177,5.964997091519728e-05,0.03373252978157201,0.007340388732311218,0.11705716544349667,4.945419334052888,1.3036071857842508,0.0
128,1692,1.8348116459266006,0.05913372745036539,0.01188363507044292,0.08230950490824271,0.007656971572983636,0.0033874272990885856,5.862921366893554e-05,0.03344134113915166,0.007277024441413385,0.1160224423945673,4.945710645588613,1.3036909455268768,0.0
128,1696,1.8391492621108243,0.058638430658497796,0.011784099211976092,0.0816025570600506,0.007591206633889136,0.00332948865934668,5.7626418158009114e-05,0.03315281159631116,0.007214238785581478,0.11499744502843812,4.945999066982925,1.303773828031272,0.0
128,1700,1.843486878295048,0.058147492458027424,0.01168543926496993,0.08090202671416688,0.007526038693073265,0.0032725689632115973,5.6641258409319444e-05,0.032866915185503894,0.007152026114130898,0.11398207509718988,4.946284628294978,1.303855843101194,0.0
128,1704,1.8478244944792717,0.05766087209713532,0.011587647039855374,0.08020785161640909,0.007461461959242465,0.0032166497304331187,5.567341456875806e-05,0.03258362621304231,0.0070903808359703184,0.11297623542972714,4.946567359254452,1.3039370004240691,0.0
128,1708,1.8521621106634953,0.057178529233113534,0.011490714429279143,0.07951997016445853,0.007397470701743834,0.003161712827420615,5.4722572782162e-05,0.03230291925595264,0.007029297418917263,0.11197982991888059,4.946847289265377,1.3040173095724505,0.0
128,1712,1.8564997268477188,0.05670042392791421,0.011394633407209285,0.07883832140042897,0.00733405924987382,0.0031077404606207892,5.378842508069648e-05,0.03202476915886926,0.006968770389022294,0.11099276350867636,4.947124447409924,1.3040967800054566,0.0
128,1716,1.8608373430319425,0.05622651664375156,0.01129939602805133,0.07816284500352827,0.00727122199219555,0.0030547151694975128,5.287066925935072e-05,0.03174915103096805,0.006908794329901701,0.11001494218175806,4.9473988624521406,1.3041754210701912,0.0
128,1720,1.8651749592161662,0.055756768238755604,0.011204994425774861,0.07749348128281087,0.0072089533758646265,0.0030026198206201116,5.196900877461864e-05,0.03147604024293799,0.006849363882078494,0.10904627294699178,4.947670562841646,1.304253242003145,0.0
128,1724,1.8695125754003898,0.05529113996267803,0.01111142081305055,0.07683017117002151,0.007147247905963396,0.0029514376009842636,5.10831526288977e-05,0.03120541242399115,0.006790473742331768,0.10808666382723103,4.947939576717276,1.3043302519315776,0.0
128,1728,1.8738501915846135,0.05482959345264866,0.011018667480397383,0.07617285621252776,0.007086100144843494,0.0029011520117592227,5.021281526226654e-05,0.030937243458909865,0.006732118663054151,0.10713602384722884,4.948205931910684,1.3044064598748821,0.0
128,1732,1.8781878077688372,0.054372090728981796,0.010926726795339872,0.07552147856633973,0.007025504711476487,0.0028517468623476816,4.935771644967379e-05,0.030671509485130817,0.006674293451617279,0.10619426302172319,4.948469655949898,1.3044818747459324,0.0
128,1736,1.8825254239530607,0.053918594191032725,0.01083559120157539,0.07487598098921763,0.006965456280812695,0.0028032062645308997,4.8517581199602534e-05,0.030408186889865768,0.006616992969745253,0.10526129234367165,4.948730776062829,1.3045565053524109,0.0
128,1740,1.8868630401372843,0.05346906661310266,0.010745253218151214,0.07423630683386404,0.006905949583147887,0.00275551462610224,4.7692139643880345e-05,0.03014725230725808,0.006560212132895888,0.10433702377263564,4.948989319180746,1.3046303603981202,0.0
128,1744,1.891200656321508,0.053023471140391944,0.010655705438651259,0.07360240004120028,0.006846979403497815,0.0027086566458933703,4.688112695159327e-05,0.029888682615574546,0.00650394590964963,0.10342137022332597,4.949245311941692,1.3047034484842779,0.0
128,1748,1.8955382725057317,0.052581771285001064,0.01056694053039246,0.07297420513372668,0.006788540580980529,0.002662617307379378,4.6084283218403904e-05,0.029632454934432395,0.006448189321106141,0.10251424555428867,4.9494987806938795,1.3047757781107931,0.0
128,1752,1.8998758886899554,0.052143930921978755,0.010478951233630561,0.07235166720896447,0.00673062800820631,0.0026173818739039234,4.5301353383908885e-05,0.02937854662206069,0.006392937440288367,0.10161556455674087,4.949749751499018,1.3048473576775264,0.0
128,1756,1.904213504874179,0.05170991428541588,0.01039173036077516,0.07173473193297801,0.0066732366306750624,0.0025729358827106807,4.45320871283357e-05,0.029126935272595442,0.006338185391553935,0.10072524294355004,4.94999825013563,1.304918195485535,0.0
128,1760,1.9085511210584025,0.051279685964586354,0.010305270795614163,0.07112334553397841,0.006616361446181273,0.002529265139941117,4.377623878596485e-05,0.02887759871340894,0.006283928350014,0.0998431973383643,4.950244302102294,1.3049882997382984,0.0
128,1764,1.9128887372426262,0.050853210900131916,0.010219565492547074,0.07051745479600403,0.006559997504226141,0.0024863557154048976,4.3033567254616576e-05,0.028630515002471324,0.006230161540959111,0.09896934526486774,4.950487932620877,1.3050576785429333,0.0
128,1768,1.9172263534268499,0.05043045438029264,0.010134607475827473,0.06991700705268031,0.006504139905437066,0.002444193937549244,4.2303835908581074e-05,0.028385662425745535,0.006176880239292338,0.09810360513618938,4.950729166639707,1.3051263399113848,0.0
128,1772,1.9215639696110736,0.05001138203718052,0.010050389838814148,0.06932195018105444,0.0064487838009941205,0.00240276638842829,4.1586812511548695e-05,0.028143019494613734,0.006124079768969242,0.09724589624444288,4.950968028836717,1.3051942917616102,0.0
128,1776,1.9259015857952972,0.0495959598430979,0.009966905743231228,0.06873223259550802,0.006393924392063752,0.002362059898729285,4.088226913052398e-05,0.02790256494333634,0.006071755502444952,0.09639613875039885,4.951204543622545,1.3052615419187417,0.0
128,1780,1.930239201979521,0.049184154106897374,0.009884148418436682,0.0681478032417418,0.006339556929239212,0.0023220615432819613,4.018998205810234e-05,0.027664277726541498,0.006019902860127856,0.09555425367329354,4.9514387351436,1.305328098116237,0.0
128,1784,1.9345768181637444,0.0487759314703851,0.0098021111606995,0.06756861159083552,0.006285676711987963,0.0022827586361415797,3.950973172736793e-05,0.02742813701674598,0.005968517309840135,0.09472016288077191,4.951670627285088,1.3053939679970128,0.0
128,1788,1.938914434347968,0.04837125890476545,0.009720787332485215,0.0669946076333798,0.006232279088105787,0.002244138725927769,3.884130263121882e-05,0.027194122201906402,0.005917594366284898,0.09389378907894509,4.951900243674002,1.305459159114566,0.0
128,1792,1.9432520505321917,0.0479701037071275,0.009640170361749823,0.06642574187368012,0.006179359453177598,0.0022061895916749563,3.8184483250546674e-05,0.026962212883000613,0.005867129590519875,0.09307505580260064,4.9521276076820735,1.3055236789340765,0.0
128,1796,1.9475896667164154,0.04757243349697181,0.009560253741241784,0.06586196532403078,0.006126913250044774,0.002168899238142785,3.753906597307004e-05,0.02673238887163866,0.005817118589437547,0.09226388740550891,4.952352742428691,1.3055875348335004,0.0
128,1800,1.951927282900639,0.047178216212777645,0.009481031027812182,0.06530322949905895,0.006074935968279003,0.0021322558914675938,3.6904847018070555e-05,0.0265046301877029,0.0057675570152516285,0.09146020905087988,4.952575670783783,1.3056507341046453,0.0
128,1804,1.9562648990848626,0.04678742010861024,0.009402495841732895,0.06474948641013763,0.006023423143662533,0.002096247995154954,3.628162636703233e-05,0.02627891705701729,0.005718440564989886,0.09066394670192064,4.952796415370661,1.3057132839542334,0.0
128,1808,1.9606025152690862,0.04640001375076682,0.009324641866022589,0.06420068855986595,0.0059723703576747035,0.00206086420573115,3.566920768837818e-05,0.02605522990904481,0.005669764979993085,0.0898750271125312,4.953014998568832,1.3057751915049494,0.0
128,1812,1.96494013145331,0.04601596601446205,0.009247462845780607,0.06365678893661732,0.005921773236984767,0.002026093388820982,3.50673982695847e-05,0.025833549374613386,0.00562152604542014,0.0890933778181044,4.953231442516778,1.305836463796477,0.0
128,1816,1.9692777476375336,0.04563524608055094,0.009170952587528406,0.0631177410091524,0.005871627452950763,0.0019919246149981973,3.447600894536199e-05,0.025613856283669016,0.005573719589759182,0.08831892712645088,4.9534457691146985,1.3058971077865202,0.0
128,1820,1.9736153638217573,0.0452578234322903,0.009095104958558725,0.0625834987212984,0.00582192872112454,0.001958347156033824,3.389485403272022e-05,0.025396131663056765,0.005526341484344687,0.08755160410884028,4.953658000027222,1.3059571303518118,0.0
128,1824,1.977952980005981,0.04488366785213718,0.009019913886292197,0.06205401648669222,0.005772672800762743,0.0019253504810308186,3.3323751264068586e-05,0.0251803567343285,0.005479387642880431,0.0867913385911468,4.95386815668608,1.3060165382891078,0.0
128,1828,1.9822905961902044,0.0445127494185842,0.008945373357641374,0.06152924918358705,0.0057238554943436736,0.0018929242525018708,3.276252171933033e-05,0.02496651291157727,0.005432854020968238,0.08603806114512304,4.954076260292759,1.3060753383161725,0.0
128,1832,1.986628212374428,0.04414503850303124,0.008871477418382045,0.06100915214972171,0.005675472647090012,0.0018610583229587974,3.221098976691241e-05,0.02475458179929802,0.005386736615642456,0.08529170307976648,4.954282331821105,1.3061335370727463,0.0
128,1836,1.9909658285586518,0.04378050576669307,0.0087982201725318,0.06049368117725167,0.0056275201464972635,0.0018297427311608772,3.166898299877205e-05,0.024544545190274155,0.005341031464910064,0.08455219643280948,4.954486392019914,1.3061911411215037,0.0
128,1840,1.9953034447428755,0.043419122157542435,0.008725595781735696,0.05998279250774111,0.005579993921867889,0.0017989676985052938,3.113633216794297e-05,0.02433638506348974,0.005295734647296357,0.08381947396230642,4.954688461415476,1.3062481569489988,0.0
128,1844,1.9996410609270991,0.04306085890728819,0.008653598464658976,0.0594764428272151,0.0055328899438510225,0.0017687236256449523,3.061287112999688e-05,0.024130083582066884,0.005250842281396106,0.08309346913833761,4.954888560314097,1.3063045909665982,0.0
128,1848,2.0039786771113226,0.042705687528388284,0.008582222496386805,0.05897458926127173,0.005486204223987774,0.0017390010892199825,3.0098436786472773e-05,0.0239256230912283,0.0052063505254301996,0.08237411613480776,4.955086708804589,1.3063604495114,0.0
128,1852,2.0083162932955463,0.042353579811096276,0.008511462207830719,0.05847718937025165,0.005439932814261867,0.0017097908382766036,2.9592869022894976e-05,0.023722986116283904,0.0051622555768075186,0.08166134982134952,4.955282926760727,1.3064157388471458,0.0
128,1856,2.01265390947977,0.04200450782054226,0.008441311985142001,0.05798420114446682,0.005394071806655781,0.0016810837911123144,2.9096010654170086e-05,0.023522155360642297,0.0051185536716922215,0.08095510575533495,4.955477233843683,1.3064704651651147,0.0
128,1860,2.0169915256639936,0.041658443893846764,0.008371766269131699,0.057495582999485366,0.005348617332712124,0.0016528710321495055,2.8607707370475775e-05,0.023323113703845703,0.005075241084576136,0.08025532017398772,4.955669649504423,1.3065246345850117,0.0
128,1864,2.0213291418482173,0.04131536063726747,0.008302819554697206,0.05701129377147319,0.005303565563100276,0.001625143808695384,2.812780768118196e-05,0.023125844199628764,0.005032314127856345,0.07956192998657731,4.955860192986076,1.3065782531558408,0.0
128,1868,2.025666758032441,0.04097523092337878,0.008234466390255473,0.05653129271259123,0.005258912707188211,0.001597893527815586,2.7656162860739594e-05,0.022930330074000645,0.004989769151417834,0.0788748727667343,4.956048883326287,1.3066313268567675,0.0
128,1872,2.0300043742166647,0.04063802788828303,0.008166701377182568,0.05605553948644731,0.005214655012619397,0.0015711117535204266,2.7192626899980654e-05,0.02273655472335,0.004947602542221132,0.07819408674484743,4.956235739359521,1.3066838615979723,0.0
128,1876,2.0343419904008884,0.040303724928853604,0.008099519169259637,0.05558399416360221,0.005170788764894747,0.001544790203553248,2.6737056450531154e-05,0.02254450171257273,0.004905810723894894,0.07751951080056078,4.956420779719356,1.3067358632214905,0.0
128,1880,2.038679606585112,0.039972295700009576,0.00803291447212522,0.05511661721712971,0.005127310286959576,0.0015189207466619337,2.6289310777586894e-05,0.022354154773222258,0.004864390156333387,0.07685108445535836,4.9566040228407475,1.306787337502043,0.0
128,1884,2.0430172227693357,0.039643714112020674,0.007966882042733648,0.05465336951822839,0.005084215938795392,0.0014934953998135825,2.5849251711705288e-05,0.022165497801681627,0.004823337335298739,0.07618874786525152,4.956785486962249,1.3068382901478557,0.0
128,1888,2.047354838953559,0.039317954327843366,0.007901416688819695,0.05419421233188656,0.005041502117016609,0.0014685063250681196,2.5416743594694203e-05,0.021978514857357773,0.004782648792027993,0.07553244181354972,4.956965190128233,1.3068887268014695,0.0
128,1892,2.0516924551377826,0.03899499076048677,0.007836513268369231,0.05373910731259794,0.004999165254472,0.001443945827332982,2.4991653240750306e-05,0.021793190160897053,0.004742321092844803,0.07488210770372414,4.957143150191059,1.3069386530405376,0.0
128,1896,2.0560300713220063,0.03867479807040841,0.007772166689095864,0.053288016500128224,0.004957201819850868,0.0014198063512367298,2.457384988234786e-05,0.021609508092422205,0.004702350838775777,0.0742376875523559,4.957319384813236,1.3069880743786149,0.0
128,1900,2.06036768750623,0.038357351162939445,0.007708371907923507,0.05284090231533184,0.004915608317293901,0.001396080478713202,2.4163205128425583e-05,0.02142745318979019,0.004662734665171386,0.07359912398218046,4.957493911469546,1.307036996265937,0.0
128,1904,2.0647053036904537,0.03804262518573844,0.007645123930474689,0.05239772755601744,0.004874381286008546,0.0013727609264435614,2.375959292011383e-05,0.02124701014687059,0.004623469241331323,0.07296636021520637,4.957666747449151,1.3070854240901881,0.0
128,1908,2.0690429198746774,0.03773059552627498,0.00758241781056485,0.05195845539286375,0.004833517299889077,0.0013498405433267635,2.3362889486953752e-05,0.021068163811845,0.004584551270134446,0.07233934006592746,4.957837909857665,1.3071333631772595,0.0
128,1912,2.073380536058901,0.03742123780934036,0.00752024864970209,0.051523049365381844,0.0047930129671409786,0.001327312307921602,2.297297330262452e-05,0.02089089918552592,0.004545977487672961,0.07171800793462482,4.958007415619214,1.3071808187919993,0.0
128,1916,2.0777181522431247,0.03711452789458685,0.007458611596592649,0.051091473377925835,0.0047528649299098365,0.001305169325917177,2.258972504116246e-05,0.020715201419695906,0.004507744662891007,0.07110230880072768,4.9581752814784625,1.3072277961389516,0.0
128,1920,2.0820557684273484,0.036810441874094796,0.0073975018466519915,0.05066369169575055,0.004713069863914594,0.0012834048280865318,2.221302754154282e-05,0.020541055815466433,0.004469849597227539,0.07049218821628843,4.958341524002616,1.307274300363086,0.0
128,1924,2.086393384611572,0.036508956069966486,0.007336914641521263,0.050239668941115034,0.0046736244780850745,0.0012620121675865903,2.18427657609474e-05,0.020368447821655897,0.004432289124263372,0.06988759229951202,4.958506159583409,1.3073203365505197,0.0
128,1928,2.0907310007957958,0.03621004703194756,0.007276845268589282,0.04981937008943246,0.004634525514203822,0.0012409848180254812,2.1478826741314016e-05,0.02019736303318708,0.004395060109372458,0.06928846772837464,4.958669204439052,1.3073659097292278,0.0
128,1932,2.095068616980019,0.03591369153507455,0.0072172890605197906,0.04940276046546446,0.004595769746552073,0.0012203163707340536,2.1121099562112186e-05,0.020027787189503234,0.004358159449377218,0.06869476173432913,4.958830674616179,1.307411024869747,0.0
128,1936,2.0994062331642427,0.035619866577349175,0.007158241394784065,0.048989805739560556,0.00455735398155992,0.0012000005331458397,2.0769475312303704e-05,0.019859706173003023,0.00432158407220798,0.06810642209607119,4.958990585991747,1.3074556868858682,0.0
128,1940,2.1037438493484664,0.035328549377438116,0.00709969769319867,0.04858047192394106,0.00451927505746053,0.0011800311261538354,2.0423847044594117e-05,0.019693106007493667,0.004285330936566367,0.06752339713338938,4.9591489542749345,1.3074999006353223,0.0
128,1944,2.10808146553269,0.035039717372399075,0.007041653421468475,0.048174725369024105,0.00448152984394845,0.0011604020821209815,2.0084109740998325e-05,0.01952797285666255,0.004249397031592719,0.0669456357010995,4.959305795009004,1.3075436709204555,0.0
128,1948,2.1124190817169137,0.034753348215431926,0.006984104088734724,0.04777253275979512,0.004444115241841883,0.0011411074431180168,1.9750160282341557e-05,0.01936429302256667,0.00421377937653738,0.06637308718303779,4.9594611235731465,1.3075870024888976,0.0
128,1952,2.1167566979011374,0.03446941977365474,0.006927045247128102,0.04737386111221865,0.004407028182748882,0.0011221413583086814,1.9421897403002755e-05,0.019202052944139653,0.004178475020435824,0.06580570148613808,4.959614955184308,1.3076299000342202,0.0
128,1956,2.121094314085361,0.03418791012590477,0.006870472491326811,0.046978677769691855,0.0043702656287374405,0.0011034980824717877,1.909922166533475e-05,0.01904123919571643,0.004143481041787611,0.06524342903457533,4.959767304898985,1.3076723681965883,0.0
128,1960,2.1254319302695848,0.03390879756056381,0.0068143814581195575,0.046586950399539424,0.004333824572009417,0.0010851719737274834,1.8782035420310674e-05,0.018881838485575054,0.004108794548239079,0.06468622076398461,4.959918187615014,1.3077144115634027,0.0
128,1964,2.1297695464538084,0.033632060573407944,0.006758767825973427,0.04619864698954959,0.0042977020345783,0.0010671574917466842,1.8470242776533006e-05,0.01872383765449581,0.004074412676269799,0.06413402811574996,4.960067618073322,1.307756034669934,0.0
128,1968,2.134107162638032,0.033357677865480787,0.0067036273146064895,0.045813735844549563,0.004261895067950626,0.0010494491959889274,1.816374956973457e-05,0.018567223674336816,0.004040332590882622,0.06358680303135943,4.960215610859671,1.307797241999949,0.0
128,1972,2.138444778822256,0.03308562834099061,0.006648955684565201,0.045432185583021416,0.004226400752811173,0.0010320417433717921,1.786246332244109e-05,0.01841198364662653,0.0040065514852973905,0.06304449794683271,4.960362180406377,1.3078380379863292,0.0
128,1976,2.1427823950064795,0.03281589110523059,0.006594748736806451,0.04505396513375674,0.004191216198711751,0.001014929887105609,1.7566293223802485e-05,0.018258104801172497,0.003973066580648202,0.06250706578721377,4.960507340994001,1.307878427011682,0.0
128,1980,2.1471200111907027,0.032548445462522134,0.006541002312284252,0.04467904373255019,0.004156338543763613,0.0009981084743628799,1.7275150089255457e-05,0.01810557449468634,0.003939875125684198,0.06197445996112995,4.960651106753039,1.307918413408943,0.0
128,1984,2.1514576273749264,0.032283270914181095,0.006487712291541023,0.04430739091893136,0.004121764954333435,0.0009815724449708796,1.6988946337895177e-05,0.017954380209424817,0.003906974396473849,0.061446634355419395,4.960793491665569,1.3079580014619712,0.0
128,1988,2.15579524355915,0.03202034715650592,0.006434874594303284,0.04393897653293378,0.004087492624742747,0.0009653168293652925,1.6707595957057047e-05,0.017804509551846377,0.003874361696112614,0.060923543329825705,4.960934509566903,1.3079971954061373,0.0
128,1992,2.1601328597433738,0.03175965407878863,0.006382485179081941,0.04357377071190212,0.004053518776970914,0.0009493367469985969,1.6431014474769215e-05,0.01765595025128372,0.003842034354434081,0.060405141711742744,4.961074174147194,1.3080359994289044,0.0
128,1996,2.1644704759275974,0.03150117176134756,0.006330540042776941,0.04321174388733569,0.004019840660361503,0.0009336274048621362,1.6159118934172734e-05,0.017508690158631525,0.0038099897277244117,0.05989138479104562,4.9612124989530475,1.3080744176703998,0.0
128,2000,2.168808092111821,0.031244880473581416,0.006279035220286203,0.04285286678176807,0.0039864555513320025,0.0009181840956955512,1.5891827862530618e-05,0.017362717245049297,0.0037782251984400713,0.05938222831496353,4.961349497389099,1.3081124542239824,0.0
128,2004,2.173145708296045,0.030990760672045276,0.006227966784118981,0.0424971104056833,0.003953360753086946,0.0009030021963383206,1.5629061242696494e-05,0.01721801960067948,0.003746738174928884,0.05887762848302473,4.96148518271958,1.3081501131368005,0.0
128,2008,2.1774833244802685,0.030738792998547034,0.006177330844013312,0.04214444605446642,0.0039205535953342335,0.0008880771665644716,1.5370740492945892e-05,0.017074585433379978,0.003715526091154222,0.05837754194206165,4.961619568069864,1.3081873984103443,0.0
128,2012,2.181820940664492,0.030488958278265546,0.006127123546557839,0.041794845305390155,0.0038880314340048114,0.0008734045470646379,1.5116788432049946e-05,0.016932403067471725,0.0036845864064224696,0.05788192578126872,4.961752666427995,1.30822431400099,0.0
128,2016,2.186158556848716,0.03024123751788893,0.006077341074817676,0.04144828001463559,0.0038557916509755156,0.0008589799580249746,1.4867129254679395e-05,0.01679146094250054,0.003653916605113596,0.05739073752733109,4.961884490646197,1.3082608638205384,0.0
128,2020,2.1904961730329395,0.029995611903773298,0.006027979647964385,0.04110472231434683,0.0038238316537950777,0.0008447990982176634,1.462168851566316e-05,0.01665174761201313,0.003623514196414806,0.05690393513960365,4.962015053442365,1.3082970517367458,0.0
128,2024,2.194833789217163,0.029752062800121763,0.00597903552091003,0.04076414460971961,0.0037921488754132887,0.0008308577428124408,1.4380393092110518e-05,0.01651325174234729,0.003593376714057282,0.056421477005352536,4.962144367401544,1.3083328815738486,0.0
128,2028,2.1991714054013864,0.02951057174718333,0.005930504983945213,0.040426519576123095,0.003760740773913248,0.0008171517424671038,1.4143171167669666e-05,0.016375962111436052,0.0035635017160559595,0.05594332193504008,4.962272444977386,1.3083683571130817,0.0
128,2032,2.20350902158561,0.029271120459471705,0.005882384362381132,0.04009182015625491,0.0037296048322467087,0.0008036770217074718,1.3909952204488298e-05,0.016239867607625576,0.003533886784452293,0.05546942915769192,4.9623992984935885,1.3084034820931898,0.0
128,2036,2.207846637769834,0.029033690824002756,0.005834670016195369,0.039760019557327476,0.0036987385579723277,0.0007904295775063019,1.3680666918617612e-05,0.016104957228506304,0.0035045295250599085,0.054999758316295916,4.962524940145325,1.308438260210932,0.0
128,2040,2.2121842539540575,0.02879826489855234,0.005787358339681786,0.03943109124828793,0.0036681394829970494,0.0007774054785159024,1.3455247266730483e-05,0.01597122007975799,0.003475427567213277,0.05453426946326273,4.962649382000646,1.3084726951215813,0.0
128,2044,2.216521870138281,0.02856482490993212,0.005740445761104027,0.039105008957068484,0.0036378051633203113,0.0007646008627375522,1.3233626405784036e-05,0.015838645374007556,0.0034465785635191754,0.05407292305594655,4.962772636001876,1.3085067904394176,0.0
128,2048,2.220859486322505,0.02833335325228483,0.005693928742352931,0.03878174666786879,0.0036077331787812347,0.0007520119372657064,1.3015738688592365e-05,0.01570722242970026,0.003417980189611048,0.053615679952213266,4.962894713966988,1.308540549738213,0.0
128,2052,2.2251971025067285,0.028103832485397797,0.005647803778607611,0.038461278618468854,0.003577921132808655,0.0007396349764690058,1.2801519632343678e-05,0.01557694066998367,0.003389630143906152,0.05316250140606343,4.9630156275909645,1.308573976551713,0.0
128,2056,2.229534718690952,0.02787624533303458,0.0056020673980001845,0.03814357929757222,0.0035483666521739636,0.0007274663207681442,1.2590905897447735e-05,0.015447789621604245,0.003361526147365447,0.052713349063301204,4.963135388447137,1.3086070743741105,0.0
128,2060,2.233872334875176,0.027650574681285137,0.0055567161612842106,0.03782862344217971,0.0035190673867467976,0.0007155023756979517,1.2383835271302504e-05,0.015319758913816723,0.0033336659432562743,0.05226818495726759,4.963254007988522,1.308639846660514,0.0
128,2064,2.2382099510593996,0.02742680357693392,0.005511746661506746,0.03751638603499313,0.0034900210092535184,0.0007037396105715743,1.2180246645173927e-05,0.01519283827730598,0.0033060472969177425,0.0518269715046135,4.963371497549127,1.308672296827411,0.0
128,2068,2.2425475672436233,0.027204915225844884,0.0054671555236837895,0.037206842301847044,0.0034612252150382932,0.0006921745570309668,1.198007998910801e-05,0.015067017543120656,0.0032786679955286832,0.05138967150111964,4.963487868345254,1.3087044282531242,0.0
128,2072,2.2468851834278465,0.02698489299136491,0.00542293940447943,0.03689996770917105,0.0034326777218270234,0.0006808038083647716,1.1783276340124757e-05,0.014942286641619501,0.0032515258478783677,0.05095624811758202,4.9636031314767814,1.308736244278263,0.0
128,2076,2.25122279961207,0.026766720392744112,0.005379094991888393,0.03659573796148012,0.0034043762694938784,0.0006696240184282942,1.1589777783525208e-05,0.014818635601429438,0.003224618684139775,0.05052666489572888,4.963717297928433,1.3087677482061697,0.0
128,2080,2.255560415796294,0.026550381103573186,0.005335619004922,0.036294128998893185,0.0033763186198304557,0.000658631899852935,1.1399527421900501e-05,0.014696054548415412,0.003197944355645428,0.05010088574419733,4.963830378571028,1.3087989433033578,0.0
128,2084,2.2598980319805175,0.02633585895023761,0.005292508193297528,0.035995116994679714,0.0033485025563175508,0.000647824223705129,1.1212469369228828e-05,0.014574533704661967,0.003171500734665775,0.04967887493454709,4.963942384162726,1.3088298327999477,0.0
128,2088,2.264235648164741,0.026123137910388543,0.005249759337130913,0.03569867835283379,0.003320925883899481,0.0006371978180652604,1.1028548726279453e-05,0.014454063387466258,0.003145285714190067,0.049260597097331486,4.964053325350251,1.3088604198900962,0.0
128,2092,2.268573264348965,0.025912202111430405,0.005207369246632816,0.035404789705675954,0.003293586428760992,0.0006267495669476375,1.0847711561919756e-05,0.014334634008342704,0.003119297207709762,0.048846017218209824,4.9641632126700985,1.30889070773242,0.0
128,2096,2.2729108805331886,0.025703035829024546,0.005165334761807911,0.03511342791148158,0.0032664820381066335,0.0006164764098457454,1.0669904905244516e-05,0.014216236072038662,0.003093533149004332,0.0484351006341032,4.964272056549739,1.308920699450413,0.0
128,2100,2.2772484967174123,0.025495623485608895,0.0051236527521573965,0.03482457005213575,0.003239610579942603,0.0006063753396006177,1.0495076708681935e-05,0.014098860175561202,0.0030679914919294823,0.04802781302940177,4.9643798673088,1.308950398132863,0.0
128,2104,2.281586112901636,0.025289949648933642,0.005082320116384722,0.034538193430814615,0.003212969942861047,0.000596443402685054,1.0323175852912824e-05,0.013982497007214939,0.0030426702102077786,0.04762412043220616,4.964486655160231,1.3089798068342562,0.0
128,2108,2.2859237290858596,0.025085999030612965,0.005041333782104535,0.03425427556969304,0.003186558035826815,0.0005866776973846299,1.015415211538775e-05,0.013867137345650819,0.003017567297221659,0.04722398921062599,4.964592430211468,1.3090089285751825,0.0
128,2112,2.2902613452700833,0.024883756484691634,0.005000690705554631,0.033972794207677244,0.0031603727879665295,0.000577075373058733,9.987956157537111e-06,0.013752772058925342,0.0029926807658087126,0.04682738606911227,4.964697202465572,1.3090377663427335,0.0
128,2116,2.294598961454307,0.024683207006227517,0.004960387871311083,0.03369372729816322,0.003134412148360067,0.0005676336296005502,9.82453951542467e-06,0.013639392103570545,0.002968008648059306,0.046434278044830524,4.9648009818223615,1.3090663230908959,0.0
128,2120,2.29893657763853,0.024484335729889065,0.0049204222920063954,0.033417053006820255,0.003108674085834358,0.0005583497158170303,9.663854571708117e-06,0.013526988523674469,0.002943548995116486,0.04604463250409208,4.9649037780795275,1.3090946017409397,0.0
128,2124,2.303274193822754,0.02428712792856792,0.004880791008050687,0.033142749709399004,0.0030831565887594866,0.0005492209290878236,9.505854549736042e-06,0.013415552449971842,0.002919299876978106,0.04565841713880403,4.965005600933745,1.3091226051818015,0.0
128,2128,2.3076118100069776,0.02409156901200632,0.004841491087355853,0.0328707959895642,0.0030578576648470713,0.0005402446144557871,9.350493497806497e-06,0.01330507509894509,0.0028952593823012027,0.04527559996297958,4.9651064599817545,1.309150336270464,0.0
128,2132,2.3119494261912013,0.02389764452543856,0.004802519625062552,0.03260117063675049,0.0030327753409508,0.0005314181633764292,9.197726267522525e-06,0.01319554777193494,0.002871425618208458,0.04489614930927854,4.965206364721455,1.3091777978323305,0.0
128,2136,2.316287042375425,0.02370534014824817,0.004763873743270345,0.03233385264404398,0.003007907662869361,0.0005227390133768495,9.047508507889125e-06,0.013086961854261803,0.0028477967100970065,0.044520033825593885,4.965305324552958,1.309204992661594,0.0
128,2140,2.3206246585596486,0.023514641692638488,0.004725550590770536,0.032068821206085917,0.0029832526951514265,0.0005142046467483397,8.899796642684946e-06,0.012979308814356353,0.0028243708014492447,0.04414722247167448,4.965403348779654,1.3092319235216021,0.0
128,2144,2.3249622747438723,0.02332553510231754,0.004687547342781879,0.03180605571699991,0.0029588085209028316,0.0005058125900632149,8.754547862099638e-06,0.012872580202899945,0.0028011460536457805,0.043777684515784336,4.96550044660925,1.3092585931452183,0.0
128,2148,2.329299890928096,0.023138006451197186,0.004649861200689158,0.0315455357683425,0.002934573241595919,0.0004975604134074274,8.611720109452033e-06,0.012766767651974735,0.002778120645780497,0.0434113895314074,4.9655966271548015,1.309285004235178,0.0
128,2152,2.3336375071123197,0.022952041942105754,0.004612489391784475,0.03128724114707598,0.0029105449768809617,0.0004894457292721199,8.471272062005268e-06,0.01266186287422316,0.0027552927744776477,0.04304830739399038,4.965691899435734,1.3093111594644395,0.0
128,2156,2.3379751232965433,0.022767627905514697,0.004575429169011356,0.031031151833564124,0.0028867218643997103,0.00048146619198519147,8.333163121128384e-06,0.012557857662016893,0.0027326606537110163,0.0426884082777105,4.965786272378852,1.3093370614765327,0.0
128,2160,2.342312739480767,0.022584750798278496,0.004538677810711519,0.030777247999589755,0.0028631020596009745,0.0004736194971144414,8.19735340196602e-06,0.012454743886634917,0.0027102225146250643,0.04233166265229868,4.9658797548193325,1.3093627128859011,0.0
128,2164,2.3466503556649907,0.02240339720238826,0.004502232620374396,0.030525510006394616,0.0028396837355582783,0.0004659033805296531,8.063803717205054e-06,0.012352513497450953,0.0026879766053581077,0.041978041279886615,4.965972355501713,1.3093881162782417,0.0
128,2168,2.350987971849214,0.02222355382373788,0.004466090926389174,0.030275918402740017,0.00281646508278945,0.0004583156174930991,7.932475561333172e-06,0.01225115852112949,0.00266592119086737,0.04162751521189626,4.966064083080868,1.3094132742108393,0.0
128,2172,2.3553255880334376,0.02204520749090398,0.004430250081799617,0.030028453922989938,0.0027934443090782985,0.0004508540224890112,7.803331107687351e-06,0.012150671060831206,0.0026440545527560756,0.0412800557859621,4.966154946122964,1.3094381892128975,0.0
128,2176,2.3596632042176613,0.021868345153938495,0.004394707464061412,0.029783097485214714,0.0027706196392982075,0.00044351644785933786,7.676333184841708e-06,0.012051043295426974,0.0026223749891024152,0.040935634622887,4.9662449531064246,1.3094628637858652,0.0
128,2180,2.364000820401885,0.02169295388317366,0.004359460474802025,0.029539830189315337,0.0027479893152376434,0.0004363007837469013,7.55144527562366e-06,0.011952267478720436,0.0026008808142903737,0.04059422362364334,4.966334112422861,1.3094873004037593,0.0
128,2184,2.3683384365861087,0.021519020868040594,0.004324506539583277,0.029298633315169544,0.0027255515954276934,0.0004292049570153722,7.428631498420974e-06,0.011854335938679687,0.0025795703588425375,0.040255794966392464,4.9664224323780095,1.3095115015134835,0.0
128,2188,2.3726760527703323,0.021346533415898875,0.004289843107666133,0.029059488320796363,0.00270330475497132,0.00042222693070925743,7.30785659783529e-06,0.011757241076676646,0.00255844196925458,0.03992032110355447,4.9665099211926504,1.3095354695351429,0.0
128,2192,2.377013668954556,0.021175478950879775,0.004255467651778238,0.02882237684054252,0.002681247085374647,0.0004153647033433572,7.1890859323841275e-06,0.01166097536673552,0.0025374940078317218,0.03958777475889737,4.966596587003516,1.3095592068623554,0.0
128,2196,2.3813512851387797,0.02100584501274119,0.0042213776678838005,0.02858728068328828,0.002659376894380057,0.00040861630839117424,7.072285465646331e-06,0.011565531354789386,0.0025167248525269597,0.03925812892467193,4.966682437864196,1.3095827158625584,0.0
128,2200,2.3856889013230034,0.02083761925573438,0.004187570674955849,0.028354181830672318,0.002637692505801056,0.000401979813602793,6.957421754455993e-06,0.011470901657944716,0.002496132896781023,0.03893135685877125,4.966767481746022,1.3096059988773125,0.0
128,2204,2.390026517507227,0.020670789447483053,0.004154044214750971,0.028123062435336892,0.002616192259359028,0.00039545332032275837,6.844461937096377e-06,0.01137707896375431,0.0024757165493641572,0.038607432081922764,4.966851726538949,1.3096290582226013,0.0
128,2208,2.3943641336914507,0.020505343467873968,0.00412079585158637,0.02789390481919165,0.0025948745105217235,0.00038903496300690676,6.733373724937289e-06,0.01128405602949805,0.002455474234219617,0.038286328374920166,4.966935180052426,1.3096518961891273,0.0
128,2212,2.398701749875674,0.02034126930795935,0.004087823172119286,0.027666691471696838,0.002573737630343551,0.0003827229084549799,6.624125389153236e-06,0.011191825681471724,0.002435404390308905,0.037968019775876355,4.967017850016258,1.3096745150426035,0.0
128,2216,2.4030393660598977,0.02017855506887028,0.004055123785128632,0.0274414050481643,0.0025527800053075263,0.0003765153554695644,6.516685754820394e-06,0.011100380814283222,0.0024155054714586244,0.037652480577515,4.96709974408145,1.3096969170240447,0.0
128,2220,2.4073769822441213,0.020017188960742525,0.004022695321299129,0.027218028368078642,0.002532000037169095,0.0003704105340887054,6.411024187634769e-06,0.011009714390157195,0.002395775946209166,0.03733968532448934,4.967180869821057,1.3097191043500498,0.0
128,2224,2.411714598428345,0.019857159301652636,0.003990535433007496,0.026996544413435204,0.00251139614280152,0.00036440670510273776,6.307110585549567e-06,0.010919819438246653,0.0023762142976649085,0.03702960881073585,4.967261234731008,1.3097410792130866,0.0
128,2228,2.4160522146125687,0.019698454516565538,0.00395864179411096,0.026776936327096754,0.002490966754043012,0.00035850215948585173,6.204915368936791e-06,0.01083068905395243,0.0023568190233461323,0.036722226076849364,4.967340846230932,1.3097628437817679,0.0
128,2232,2.4203898307967924,0.019541063136293287,0.003927012099738004,0.026559187411168226,0.002470710317545533,0.0003526952179413456,6.104409472716532e-06,0.010742316398250084,0.0023375886350425457,0.0364175124074992,4.967419711664969,1.3097844002011283,0.0
128,2236,2.424727446981016,0.019384973796464568,0.0038956440660812756,0.026343281125388904,0.002450625294625231,0.00034698423019108304,6.0055643340589714e-06,0.01065469469702413,0.002318521658668414,0.036115443328865744,4.967497838302577,1.3098057505928948,0.0
128,2240,2.4290650631652397,0.019230175236504457,0.003864535430192559,0.02612920108554147,0.0024307101611144373,0.00034136757466285417,5.908351886973261e-06,0.01056781724040928,0.002299616634119206,0.035815994606107036,4.967575233339324,1.3098268970557563,0.0
128,2244,2.4334026793494634,0.01907665629862612,0.003833683949780142,0.025916931061880033,0.00241096340721543,0.00033584365777983294,5.812744550009534e-06,0.01048167738213954,0.0022808721151299574,0.03551914224086172,4.967651903897674,1.3098478416656276,0.0
128,2248,2.437740295533687,0.018924405926831346,0.0038030874030079635,0.025706454977572925,0.002391383537355576,0.0003304109137332034,5.718715222323541e-06,0.01039626853890354,0.0022622866691349827,0.03522486246877155,4.967727857027766,1.309868586475912,0.0
128,2252,2.4420779117179108,0.018773413165922695,0.0037727435882970923,0.02549775690716408,0.002371969070044194,0.0003250678036010868,5.626237268427141e-06,0.010311584189707521,0.002243858877129263,0.03493313175703078,4.96780309970818,1.3098891335177612,0.0
128,2256,2.4464155279021345,0.018623667160525808,0.0037426503241292475,0.025290821075050783,0.00235271853773095,0.0003198128152632762,5.535284516712541e-06,0.01022761787524519,0.002225587333531317,0.03464392680197587,4.967877638846704,1.3099094848003288,0.0
128,2260,2.4507531440863577,0.018475157154121163,0.0037128054488522193,0.025085631853977015,0.002333630486665694,0.0003146444626906941,5.445831247154302e-06,0.010144363197274032,0.0022074706460474885,0.03435722452668917,4.967951481281072,1.3099296423110245,0.0
128,2264,2.4550907602705814,0.018327872488086386,0.003683206820487409,0.024882173763543698,0.002314703476759874,0.0003095612855474883,5.357852184422462e-06,0.0100618138179987,0.0021895074355377637,0.03407300207862951,4.968024633779722,1.3099496080157629,0.0
128,2268,2.459428376454805,0.018181802600748975,0.003653852316539463,0.024680431468735678,0.0022959360814495083,0.0003045618486510193,5.271322488536058e-06,0.00997996345946132,0.002171696335883102,0.03379123682730425,4.9680971030425205,1.3099693838592101,0.0
128,2272,2.4637659926390287,0.01803693702644778,0.0036247398338076667,0.02448038977846315,0.002277326887559497,0.0002996447418297521,5.1862177524035295e-06,0.009898805902937848,0.002154035993854078,0.033511906361946946,4.968168895701496,1.3099889717650277,0.0
128,2276,2.4681036088232524,0.01789326539460492,0.003595867288199432,0.02428203364411972,0.002258874495169484,0.000294808578928496,5.1025139846055275e-06,0.009818334988341332,0.0021365250689810277,0.033234988489239496,4.96824001832155,1.310008373636113,0.0
128,2280,2.472441225007476,0.01775077742880717,0.003567232614545695,0.024085348158155925,0.0022405775174811587,0.00029005199789367,5.0201876108706715e-06,0.009738544613631616,0.0021191622334255974,0.03296046123105109,4.968310477401178,1.3100275913548363,0.0
128,2284,2.4767788411916998,0.017609462945896943,0.0035388337664182365,0.023890318552668037,0.0022224345806869726,0.00028537366023329014,4.939215464729074e-06,0.009659428734231399,0.002101946171853675,0.032688302822195515,4.968380279373159,1.3100466267832764,0.0
128,2288,2.4811164573759235,0.017469311855072393,0.0035106687159488334,0.02369693019800184,0.0022044443238402587,0.00028077225036327036,4.859574776198187e-06,0.00958098136244852,0.0020848755813096757,0.03241849170822975,4.968449430605263,1.3100654817634527,0.0
128,2292,2.485454073560147,0.017330314156997016,0.003482735453650328,0.023505168601371553,0.0021866053987267507,0.00027624647543689207,4.7812431688312815e-06,0.009503196566904555,0.0020679491710922015,0.032151006543267024,4.968517937400932,1.3100841581175537,0.0
128,2296,2.489791689744371,0.017192459942918403,0.003455031988239527,0.02331501940549358,0.002168916469737487,0.0002717950648616352,4.704198651354814e-06,0.009426068471969586,0.0020511656626310435,0.031885826187810155,4.9685858059999575,1.3101026576481638,0.0
128,2300,2.4941293059285945,0.01705573939379586,0.0034275563464618865,0.02312646838723456,0.0021513762137430445,0.0002674167699865393,4.628419612257305e-06,0.009349591257202894,0.002034523789365474,0.0316229297066209,4.9686530425791595,1.310120982138487,0.0
128,2304,2.4984669221128177,0.016920142779437847,0.0034003065729181717,0.022939501456275137,0.0021339833199692303,0.0002631103635053478,4.553884809459028e-06,0.009273759156800225,0.0020180222966239684,0.03136229636660947,4.968719653253044,1.3101391333525676,0.0
128,2308,2.5028045382970414,0.016785660457646862,0.0033732807298926097,0.022754104653785856,0.002116736489873909,0.00025887463925755583,4.48057336686857e-06,0.00919856645904608,0.002001659941505019,0.03110390563473537,4.968785644074463,1.3101571130355094,0.0
128,2312,2.507142154481265,0.01665228287337452,0.0033464768971830927,0.022570264151119363,0.0020996344370253395,0.00025470841185892823,4.40846476798787e-06,0.009124007505772795,0.001985435492759431,0.03084773717595021,4.968851021035267,1.3101749229136908,0.0
128,2316,2.5114797706654888,0.016520000557884475,0.0033198931719329574,0.022387966248515283,0.0020826758869816955,0.00025061051636043885,4.337538850009188e-06,0.009050076691824872,0.0019693477306737543,0.03059377085115145,4.968915790066943,1.3101925646949777,0.0
128,2320,2.5158173868497125,0.016388804127924105,0.003293527668464525,0.022207197373819182,0.002065859577171895,0.0002465798075945713,4.267775792500948e-06,0.008976768464529217,0.001953395446955007,0.030341986715159686,4.968979957041257,1.3102100400689352,0.0
128,2324,2.520155003033936,0.016258684284905258,0.003267378518114461,0.02202794408121595,0.0020491842567777713,0.00024261516014689732,4.199156116915816e-06,0.00890407732317131,0.001937577444616685,0.030092365014724835,4.969043527770871,1.3102273507070343,0.0
128,2328,2.52449261921816,0.01612963181409225,0.0032414438690705964,0.021850193049975125,0.0020326486866173534,0.00023871546812870292,4.131660682655344e-06,0.0088319978184764,0.0019218925378658687,0.029844886186546203,4.969106508009978,1.310244498262858,0.0
128,2332,2.5288302354023835,0.016001637583799376,0.003215721886210655,0.02167393108321115,0.002016251639029538,0.00023487964423907215,4.065270670836617e-06,0.00876052455209688,0.0019063395519916722,0.02959953085532421,4.969168903454908,1.3102614843723053,0.0
128,2336,2.533167851586607,0.015874692544595906,0.0031902107509424894,0.021499145106655935,0.0019999918977599072,0.00023110662013436922,3.99996759068721e-06,0.008689652176104765,0.0018909173232548031,0.02935627983182115,4.969230719744741,1.3102783106537903,0.0
128,2340,2.537505467770831,0.01574878772851959,0.0031649086610460245,0.021325822167444827,0.0019838682578477867,0.00022739534551874385,3.935733263803755e-06,0.008619375392489777,0.0018756246987783446,0.02911511411095583,4.969291962461903,1.3102949787084417,0.0
128,2344,2.5418430839550545,0.015623914248297673,0.003139813830516713,0.021153949432914872,0.0019678795255144562,0.00022374478828623978,3.87254982661154e-06,0.008549688952662528,0.0018604605364396438,0.02887601486990997,4.969352637132768,1.3103114901202988,0.0
128,2348,2.546180700139278,0.01550006329657672,0.0031149244894107557,0.02098351418941692,0.0019520245180526428,0.00022015393383867377,3.810399718558434e-06,0.008480587656963438,0.0018454237047634495,0.028638963466258757,4.969412749228239,1.3103278464565031,0.0
128,2352,2.5505183163235015,0.015377226145159451,0.0030902388836917386,0.02081450384113919,0.00193630206371708,0.00021662178502879215,3.7492656811310493e-06,0.008412066354176451,0.0018305130828160953,0.0284039414361302,4.9694723041643325,1.3103440492674927,0.0
128,2356,2.554855932507725,0.015255394144249953,0.0030657552750789447,0.020646905908944062,0.001920711001616299,0.00021314736176236693,3.6891307509678625e-06,0.00834411994104822,0.0018157275601008707,0.02817093049236736,4.969531307302758,1.3103601000871885,0.0
128,2360,2.559193548691949,0.015134558721706045,0.0030414719408971133,0.020480708029216522,0.0019052501816055048,0.00020972970068555696,3.629978254448097e-06,0.008276743361812151,0.0018010660364544497,0.0279399125227233,4.969589763951481,1.3103760004331824,0.0
128,2364,2.5635311648761725,0.015014711382300054,0.0030173871739278785,0.02031589795272584,0.0018899184641806798,0.00020636785478700403,3.571791800804848e-06,0.008209931607717935,0.001786527421944516,0.02771086958807625,4.969647679365287,1.3103917518069215,0.0
128,2368,2.567868781060396,0.014895843706986132,0.0029934992822625303,0.02015246354349784,0.001874714720373677,0.00020306089339783284,3.5145552821250805e-06,0.008143679716565504,0.001772110636768348,0.02748378392065972,4.96970505874634,1.3104073556938904,0.0
128,2372,2.57220639724462,0.014777947352175852,0.002969806589156438,0.019990392777700376,0.0018596378316485377,0.00019980790168006024,3.458252864495075e-06,0.008077982772244438,0.0017578146111525911,0.027258637922312322,4.969761907244733,1.310422813563791,0.0
128,2376,2.5765440134288435,0.014661014049020671,0.0029463074328848495,0.019829673742539803,0.001844686689798836,0.00019660798031395643,3.4028689825893083e-06,0.008012835904277983,0.0017436382852540346,0.027035414162745887,4.9698182299590306,1.3104381268707208,0.0
128,2380,2.580881629613067,0.01454503560270187,0.0029230001666001996,0.019670294635169304,0.0018298601968461223,0.00019346024546962326,3.3483883391785352e-06,0.007948234287371961,0.0017295806090614502,0.02681409537784227,4.969874031936809,1.3104532970533493,0.0
128,2384,2.585219245797291,0.01443000389172756,0.0028998831581908318,0.019512243761608573,0.0018151572649394263,0.00019036382832382515,3.294795896767152e-06,0.007884173140968415,0.0017156405422984642,0.026594664467954242,4.969929318175186,1.3104683255350904,0.0
128,2388,2.5895568619815146,0.014315910867237144,0.0028769547901412234,0.019355509535675323,0.0018005768162558588,0.00018731787463366345,3.2420768702143984e-06,0.007820647728804168,0.0017018170543274967,0.02637710449623358,4.969984093621354,1.3104832137242752,0.0
128,2392,2.5938944781657383,0.01420274855231261,0.002854213459393581,0.019200080477927723,0.0017861177829022292,0.0001843215451060587,3.1902167331293174e-06,0.0077576533584739005,0.0016881091240546848,0.026161398686977543,4.970038363173093,1.3104979630143214,0.0
128,2396,2.598232094349962,0.014090509041296334,0.0028316575772107445,0.019045945214617305,0.0017717791068176398,0.00018137401451667756,3.1392012026212397e-06,0.007695185380997621,0.0016745157398357624,0.025947530423990055,4.970092131679292,1.3105125747839006,0.0
128,2400,2.602569710534185,0.013979184499116823,0.0028092855690406886,0.01889309247665431,0.0017575597396772336,0.00017847447156782437,3.0890162368401855e-06,0.0076332391903932454,0.00166103589938305,0.02573548324896327,4.970145403940454,1.3105270503971052,0.0
128,2404,2.606907326718409,0.013868767160620259,0.002787095874382186,0.01874151109858241,0.0017434586427968173,0.0001756221190589713,3.039648037928384e-06,0.007571810223253126,0.0016476686096733057,0.025525240859873972,4.970198184709204,1.3105413912036104,0.0
128,2408,2.6112449429026325,0.01375924932990927,0.0027650869466519265,0.018591190017565026,0.001729474787038562,0.00017281617306252883,2.9910830377545994e-06,0.007510893958325359,0.0016344128868566155,0.025316787109402335,4.970250478690788,1.3105555985388369,0.0
128,2412,2.615582559086856,0.013650623379688566,0.0027432572530530163,0.018442118272382273,0.0017156071527176916,0.00017005586312279775,2.9433079013575695e-06,0.007450485916099519,0.0016212677561662462,0.02511010600336495,4.97030229054356,1.310569673724111,0.0
128,2416,2.61992017527108,0.013542881750616671,0.002721605274444698,0.018294285002437866,0.0017018547295100995,0.00016734043182964342,2.896309519567208e-06,0.007390581658396529,0.0016082322518293996,0.024905181699161005,4.970353624879478,1.310583618066822,0.0
128,2420,2.6242577914553036,0.013436016950664618,0.0027001295052134756,0.018147679446777018,0.0016882165163609863,0.0001646691346195439,2.8500750055611673e-06,0.0073311767879630976,0.0015953054169789583,0.024701998504242775,4.970404486264581,1.310597432860578,0.0
128,2424,2.6285954076395273,0.013330021554480764,0.002678828453145462,0.018002290943113966,0.001674691521394395,0.00016204123954821625,2.80459169092948e-06,0.007272266948070149,0.001582486303566104,0.024500540874595078,4.970454879219466,1.3106111193853618,0.0
128,2428,2.632933023823751,0.013224888202762216,0.002657700639300065,0.017858108926870214,0.0016612787618237403,0.00015945602717692964,2.7598471237068805e-06,0.007213847822115693,0.0015697739722738977,0.024300793413242212,4.970504808219766,1.310624678907681,0.0
128,2432,2.6372706400079746,0.013120609601632607,0.0026367445978849407,0.01771512293022257,0.0016479772638632526,0.00015691279017460147,2.715829061485926e-06,0.007155915133231801,0.0015571674924317568,0.024102740868759086,4.970554277696608,1.3106381126807203,0.0
128,2436,2.6416082561921983,0.013017178522026036,0.002615958876132188,0.017573322581161142,0.0016347860626403452,0.00015441083323253224,2.6725254699412393e-06,0.007098464643895649,0.0015446659419308146,0.023906368133804604,4.970603292037084,1.31065142194449,0.0
128,2440,2.645945872376422,0.012914587799076848,0.002595342034175719,0.017432697602556703,0.0016217042021088553,0.00015194947280861015,2.62992451840223e-06,0.007041492155544527,0.0015322684071401459,0.023711660243665583,4.9706518555847,1.310664607925973,0.0
128,2444,2.650283488560645,0.012812830331516601,0.0025748926449300743,0.01729323781123907,0.001608730734963308,0.00014952803695678085,2.588014576901576e-06,0.006984993508195342,0.001519973982823967,0.023518602374830982,4.970699972639833,1.3106776718392692,0.0
128,2448,2.654621104744869,0.01271189908107546,0.0025546092939701206,0.017154933117082948,0.0015958647225538765,0.00014714586509967376,2.546784212239865e-06,0.006928964580067297,0.0015077817720595302,0.023327179843564305,4.970747647460176,1.3106906148857416,0.0
128,2452,2.6589587209290926,0.012611787071891204,0.002534490579412289,0.017017773522105522,0.001583105234802433,0.00014480230780122838,2.506222184050237e-06,0.006873401287209382,0.0014956908861560611,0.023137378104492484,4.9707948842611795,1.3107034382541551,0.0
128,2456,2.6632963371133163,0.012512487389923046,0.0025145351117967707,0.016881749119571816,0.0015704513501193242,0.00014249672659616408,2.4663174418468644e-06,0.006818299583131116,0.00148370044457441,0.022949182749229167,4.970841687216491,1.3107161431208199,0.0
128,2460,2.66763395329754,0.012413993182371926,0.002494741513971022,0.016746850093110166,0.0015579021553210868,0.00014022849396155834,2.4270591245330336e-06,0.006763655458437501,0.0014718095748476115,0.02276257950499116,4.9708880604583845,1.3107287306497277,0.0
128,2464,2.6719715694817636,0.012316297657106179,0.0024751084209743415,0.016613066715836358,0.0015454567455489682,0.00013799699283367772,2.388436552038508e-06,0.006709464940467528,0.0014600174125022245,0.022577554233238505,4.970934008078192,1.3107412019926898,0.0
128,2468,2.6763091856659873,0.012219394082093257,0.0024556344799236706,0.016480389349487232,0.0015331142241883293,0.0001358016164658693,2.3504392228599296e-06,0.0066557240929366645,0.001448323100980534,0.02239409292833054,4.970979534126723,1.3107535582894725,0.0
128,2472,2.680646801850211,0.012123275784837073,0.0024363183499005194,0.01634880844356318,0.001520873702788874,0.00013364176868435607,2.3130568184880966e-06,0.006602429015582981,0.0014367257915635467,0.022212181716193147,4.971024642614685,1.3107658006679308,0.0
128,2476,2.6849844180344347,0.01202793615182055,0.002417158701838941,0.016218314534478945,0.0015087343009856514,0.00013151686309242905,2.2762791896342095e-06,0.006549575843816767,0.001425224643294745,0.02203180685300211,4.9710693375131,1.310777930244141,0.0
128,2480,2.6893220342186583,0.011933368627954539,0.002398154218414784,0.01608889824472432,0.0014966951464209768,0.0001294263233262427,2.24009636065715e-06,0.006497160748374212,0.0014138188229047268,0.021852954723881948,4.97111362275371,1.31078994812253,0.0
128,2484,2.693659650402882,0.0118395667160314,0.002379303593935885,0.015960550282032384,0.0014847553746670575,0.0001273695826000676,2.204498521692763e-06,0.006445179934974247,0.001402507504736532,0.021675611841616798,4.971157502229383,1.3108018553960066,0.0
128,2488,2.6979972665871057,0.01174652397618456,0.0023606055342334574,0.01583326143855703,0.0014729141291494798,0.00012534608384839885,2.169476031113458e-06,0.006393629643979217,0.0013912898706718018,0.021499764845368995,4.971200979794517,1.310813653146087,0.0
128,2492,2.702334882771329,0.011654234025353018,0.0023420587565544802,0.015707022590058437,0.0014611705610714377,0.00012335527924278722,2.1350194071655705e-06,0.006342506150058872,0.0013801651100576635,0.021325400499427775,4.971244059265435,1.310825342443023,0.0
128,2496,2.7066724989555526,0.011562690536751841,0.0023236619894552854,0.015581824695097756,0.0014495238293388145,0.00012139663041921267,2.10111933190472e-06,0.006291805761858149,0.0013691324196344358,0.021152505691954215,4.971286744420775,1.310836924345925,0.0
128,2500,2.7110101151397763,0.011471887239346928,0.0023054139726960067,0.015457658794238839,0.0014379731004859257,0.00011946960768227655,2.06776663742206e-06,0.0062415248216678995,0.0013581910034639786,0.020981067433751034,4.971329039001879,1.310848399902886,0.0
128,2504,2.715347731324,0.011381817917335996,0.002287313457136277,0.015334516009259488,0.001426517548602142,0.00011757369054521405,2.0349523151907484e-06,0.0061916597050995625,0.0013473400728588995,0.02081107285703342,4.971370946713182,1.3108597701511036,0.0
128,2508,2.7196853475082237,0.011292476409634078,0.0022693592046318344,0.01521238754236996,0.0014151563552591902,0.0001157083673319903,2.002667509179075e-06,0.00614220682076283,0.0013365788463124116,0.020642509214231455,4.971412471222583,1.3108710361169993,0.0
128,2512,2.7240229636924473,0.011203856609364307,0.0022515499879321864,0.015091264675439737,0.001403888709439222,0.0001138731346941313,1.9709035074878242e-06,0.006093162609946758,0.0013259065494289428,0.020475363876784513,4.971453616161828,1.3108821988163395,0.0
128,2516,2.728360579876671,0.011115952463353968,0.002233884590579337,0.014971138769232542,0.0013927138074636511,0.0001120674979802061,1.93965174874523e-06,0.0060445235463042896,0.0013153224148554847,0.020309624333968053,4.971494385126876,1.3108932592543503,0.0
128,2520,2.7326981960608947,0.011028757971635007,0.0022163618068074087,0.014852001262648505,0.001381630852922653,0.0001102909706958144,1.908903812760502e-06,0.005996286135539732,0.0013048256822135865,0.020145278191711354,4.971534781678273,1.310904218425836,0.0
128,2524,2.7370358122451184,0.010942267186950043,0.0021989804414433685,0.014733843671974839,0.0013706390566054587,0.00010854307467411672,1.8786514234753451e-06,0.005948446915099784,0.0012944155980321214,0.01998231317145346,4.971574809341511,1.3109150773152929,0.0
128,2528,2.741373428429342,0.010856474214262798,0.002181739309808644,0.014616657590143505,0.0013597376364312985,0.0001068233395074003,1.8488864391255623e-06,0.0059010024538674434,0.0012840914156806778,0.019820717108984323,4.971614471607385,1.310925836897023,0.0
128,2532,2.7457110446135657,0.010771373210273537,0.0021646372376217427,0.014500434685996821,0.001348925817381083,0.00010513130297340467,1.819600859619851e-06,0.005853949351859211,0.0012738523953036705,0.019660477953325105,4.971653771932359,1.3109364981352463,0.0
128,2536,2.7500486607977894,0.010686958382939635,0.0021476730609019078,0.014385166703560907,0.001338202831429814,0.00010346651046688748,1.7907868167014097e-06,0.00580728423992554,0.0012636978037551562,0.019501583765592287,4.971692713738906,1.3109470619842116,0.0
128,2540,2.7543862769820127,0.010603223991000303,0.002130845625873604,0.014270845461325943,0.0013275679174796315,0.00010182851505646795,1.7624365749317747e-06,0.0057610037794541295,0.0012536269145342683,0.019344022717896717,4.9717313004158665,1.310957529388306,0.0
128,2544,2.7587238931662363,0.0105201643435064,0.0021141537888720273,0.014157462851534158,0.0013170203212935748,0.00010021687714356631,1.7345425257877854e-06,0.005715104662076386,0.0012436390077213415,0.01918778309225136,4.971769535318787,1.3109679012821633,0.0
128,2548,2.76306150935046,0.01043777379935464,0.0020975964162494986,0.014045010839474847,0.0013065592954300026,9.86311646897775e-05,1.707097191596941e-06,0.005669583609376831,0.0012337333699146775,0.019032853279468857,4.971807421770263,1.3109781785907713,0.0
128,2552,2.7673991255346837,0.010356046766826561,0.002081172384282816,0.013933481462786845,0.001296184099177703,9.707095279054556e-05,1.6800932181586041e-06,0.005624437372605574,0.001223909294167977,0.018879221778102716,4.971844963060275,1.3109883622295768,0.0
128,2556,2.7717367417189074,0.010274977703131878,0.0020648805790814823,0.013822866830767768,0.0012858939984916366,9.553582367516356e-05,1.6535233747440011e-06,0.005579662732393619,0.0012141660799283895,0.018726877193376856,4.971882162446525,1.3109984531045917,0.0
128,2560,2.776074357903131,0.010194561113956413,0.0020487198964968594,0.013713159123690574,0.0012756882659293554,9.402536653624338e-05,1.6273805511447028e-06,0.005535256498471165,0.001204503032975213,0.01857580823613209,4.971919023154762,1.3110084521124947,0.0
128,2564,2.7804119740873547,0.010114791553014556,0.0020326892420322283,0.01360435059212706,0.0012655661805880732,9.253917747287232e-05,1.6016577566887861e-06,0.005491215509388816,0.0011949194653592282,0.018426003721788615,4.971955548379115,1.3110183601407346,0.0
128,2568,2.7847495902715784,0.010035663621605862,0.002016787530753682,0.013496433556277969,0.0012555270280423458,9.10768593200828e-05,1.576348117289314e-06,0.005447536632241502,0.0011854146953426225,0.01827745256931898,4.971991741282407,1.311028178067631,0.0
128,2572,2.789087206455802,0.009957171968176071,0.0020010136872019076,0.013389400405309938,0.0012455701002823901,8.963802153516554e-05,1.5514448734766573e-06,0.00540421676239527,0.001175988047339537,0.01813014380021494,4.9720276049964856,1.311037906762474,0.0
128,2576,2.793424822640026,0.009879311287882902,0.001985366645304928,0.013283243596699905,0.001235694695653097,8.822228016924782e-05,1.5269413799065745e-06,0.005361252823217116,0.0011666388518572785,0.01798406653749975,4.972063142622528,1.311047547085623,0.0
128,2580,2.7977624388242495,0.009802076322165298,0.0019698453482915345,0.013177955655584935,0.001225900118793547,8.682925758307647e-05,1.5028311004410143e-06,0.0053186417658071024,0.0011573664454380243,0.017839210004712995,4.972098357231365,1.3110570998886044,0.0
128,2584,2.8021000550084727,0.009725461858317387,0.0019544487486056715,0.013073529174119438,0.0012161856805772149,8.545858250386118e-05,1.479107609131955e-06,0.0052763805687335175,0.0011481701706011933,0.017695563524933306,4.97213325186378,1.3110665660142076,0.0
128,2588,2.8064376711926964,0.009649462729066758,0.0019391758078216837,0.012969956810839066,0.0012065506980527953,8.41098897979009e-05,1.4557645862860462e-06,0.005234466237770813,0.0011390493757864183,0.017553116519794704,4.9721678295308225,1.3110759462965806,0.0
128,2592,2.81077528737692,0.009574073812156279,0.0019240254965602794,0.012867231290030173,0.0011969944943855458,8.278282049900554e-05,1.4327958189565288e-06,0.005192895805639832,0.00113000341529702,0.017411858508523104,4.972202093214108,1.3110852415613248,0.0
128,2596,2.8151129035611437,0.00949929002993063,0.0019089967944054384,0.01276534540110663,0.001187516398799314,8.147702155270053e-05,1.4101951965159572e-06,0.00515166633175109,0.0011210316492441409,0.017271779106983347,4.972236045866119,1.311094452625586,0.0
128,2600,2.8194505197453674,0.00942510634892628,0.0018940886898220126,0.01266429199799205,0.001178115746519068,8.019214590149204e-05,1.3879567121319575e-06,0.005110774901950305,0.0011121334434913734,0.017132868026725197,4.9722696904104975,1.3111035802981494,0.0
128,2604,2.823788135929591,0.009351517779466212,0.0018793001800742819,0.012564063998509345,0.0011687918787141088,7.892785203011954e-05,1.3660744548965128e-06,0.005070218628266947,0.0011033081696000425,0.016995115074048574,4.972303029742347,1.3111126253795282,0.0
128,2608,2.828125752113815,0.009278519375257737,0.001864630271145129,0.012464654383775078,0.0011595441424417296,7.76838044203032e-05,1.3445426176966784e-06,0.0050299946486647845,0.001094555204774922,0.0168585101490844,4.972336066728514,1.3111215886620549,0.0
128,2612,2.8324633682980385,0.009206106232994758,0.0018500779776561111,0.012366056197600912,0.0011503718905915338,7.6459672953888e-05,1.3233554868842666e-06,0.00499010012679536,0.0010858739318105905,0.016723043244866218,4.972368804207879,1.3111304709299696,0.0
128,2616,2.836800984482262,0.009134273491963973,0.0018356423227883203,0.012268262545900993,0.0011412744818303062,7.525513288442198e-05,1.3025074417839277e-06,0.00495053225175394,0.0010772637390383246,0.01658870444642736,4.972401244991642,1.3111392729595082,0.0
128,2620,2.841138600666486,0.009063016333654576,0.001821322338203949,0.012171266596104882,0.0011322512805474008,7.40698652350602e-05,1.2819929615800263e-06,0.004911288237837744,0.0010687240202734878,0.01645548392990734,4.972433391863598,1.3111479955189884,0.0
128,2624,2.8454762168507095,0.008992329981372064,0.001807117063968679,0.012075061576576916,0.0011233016568007246,7.29035560311786e-05,1.2618066120348067e-06,0.004872365324306839,0.0010602541747635,0.016323371961655293,4.972465247580424,1.3111566393688971,0.0
128,2628,2.849813833034933,0.008922209699855351,0.0017930255484747376,0.011979640776040561,0.0011144249862631882,7.17558964993259e-05,1.241943048931833e-06,0.004833760775147106,0.0010518536071362574,0.016192358897351697,4.972496814871946,1.311165205261974,0.0
128,2632,2.8541514492191564,0.008852650794898234,0.0017790468483648244,0.011884997543009684,0.0011056206501697983,7.062658323775395e-05,1.222397021027506e-06,0.004795471878836068,0.001043521727349177,0.016062435181145293,4.972528096441415,1.3111736939432963,0.0
128,2636,2.85848906540338,0.008783648612973888,0.0017651800284566508,0.011791125285224571,0.001096888035265193,6.951531764798347e-05,1.2031633602126688e-06,0.004757495948110688,0.0010352579506386647,0.015933591344784146,4.972559094965778,1.3111821061503612,0.0
128,2640,2.862826681587604,0.008715198540863554,0.0017514241616683195,0.011698017469094175,0.0010882265337517555,6.842180630428629e-05,1.184236987907564e-06,0.0047198303197377245,0.0010270616974701473,0.015805818006764172,4.972589813095938,1.311190442613168,0.0
128,2644,2.8671642977718275,0.008647296005288517,0.0017377783289443665,0.01160566761914378,0.0010796355432382326,6.734576044209462e-05,1.1656129062072767e-06,0.004682472354286358,0.0010189323934885915,0.01567910587148772,4.972620253457026,1.311198704054299,0.0
128,2648,2.871501913956051,0.008579936472545638,0.001724241619182517,0.011514069317468083,0.0010711144666888564,6.628689610010952e-05,1.1472862003413339e-06,0.004645419435903035,0.0010108694694695108,0.01555344572842836,4.972650418648657,1.3112068911890002,0.0
128,2652,2.875839530140275,0.00851311544814672,0.00171081312916121,0.01142321620319014,0.0010626627123730122,6.524493414872268e-05,1.129252039165625e-06,0.004608668972088758,0.0010028723612705017,0.015428828451304243,4.972680311245188,1.31121500472526,0.0
128,2656,2.8801771463244985,0.008446828476460689,0.0016974919634676934,0.011333101971924825,0.0010542796938153257,6.421960014790784e-05,1.1115056727028018e-06,0.004572218393478225,0.000994940509783183,0.01530524499726171,4.9727099337959775,1.3112230453638876,0.0
128,2660,2.884514762508722,0.008381071140360023,0.0016842772344269664,0.011243720375248767,0.0010459648297463531,6.321062386405174e-05,1.0940424237796429e-06,0.00453606515362166,0.000987073360885722,0.01518268640606371,4.9727392888256325,1.3112310137985907,0.0
128,2664,2.888852378692946,0.008315839060870219,0.0016711680620313378,0.011155065220175025,0.0010377175440537123,6.221774000891855e-05,1.0768577008169678e-06,0.004500206728768613,0.0009792703653957859,0.015061143799287266,4.972768378834264,1.311238910716052,0.0
128,2668,2.8931899948771695,0.008251127896822696,0.001658163573870672,0.011067130368633087,0.0010295372657337083,6.124068721646836e-05,1.059946980120525e-06,0.004464640617653931,0.000971530979023971,0.01494060837954106,4.972797206297729,1.3112467367960043,0.0
128,2672,2.8975276110613932,0.008186933344510743,0.0016452629050632468,0.010979909736953657,0.0010214234288434055,6.027920886708671e-05,1.0433058201466654e-06,0.00442936434128575,0.0009638546623276659,0.014821071429669819,4.972825773667881,1.311254492711306,0.0
128,2676,2.901865227245617,0.008123251137349503,0.0016324651981874246,0.010893397295359535,0.0010133754724532648,5.933305226335506e-05,1.0269298472366689e-06,0.004394375442735974,0.0009562408806654595,0.014702524311982476,4.972854083372809,1.3112621791280143,0.0
128,2680,2.90620284342984,0.008060077045538629,0.0016197696032138587,0.01080758706746075,0.0010053928406001792,5.840196908479811e-05,1.0108147634874607e-06,0.0043596714869325315,0.0009486891041519358,0.014584958467483712,4.972882137817076,1.3112697967054598,0.0
128,2684,2.910540459614064,0.007997406875728074,0.0016071752774383284,0.010722473129754571,0.0009974749822409602,5.748571496155819e-05,9.949563393728147e-07,0.00432525006045365,0.0009411988076129051,0.014468365415115318,4.972909939381962,1.3112773460963167,0.0
128,2688,2.9148780757982875,0.007935236470687872,0.001594681385415379,0.010638049611131583,0.0009896213512063901,5.658404970176889e-05,9.793504176787117e-07,0.004291108771324625,0.0009337694705411809,0.014352736751003419,4.97293749042569,1.311284827946676,0.0
128,2692,2.919215691982511,0.007873561708980351,0.0015822870988924484,0.010554310692385598,0.0009818314061556311,5.5696737035759725e-05,9.639929090760617e-07,0.004257245248816195,0.0009264005770527048,0.01423806414770779,4.972964793283666,1.3112922428961151,0.0
128,2696,2.923553308166735,0.007812378504635588,0.0015699915967446465,0.010471250605728542,0.0009741046105310962,5.482354458763439e-05,9.488797916287838e-07,0.004223657143244954,0.0009190916158431158,0.0141243393534931,4.972991850268704,1.3112995915777683,0.0
128,2700,2.9278909243509585,0.007751682806830501,0.001557794064910264,0.010388863634310994,0.0009664404325138476,5.396424373316222e-05,9.340071083342073e-07,0.004190342125776117,0.0009118420801448297,0.014011554191598032,4.973018663671256,1.3113068746183953,0.0
128,2704,2.9322285405351822,0.007691470599570403,0.001545693696326777,0.010307144111746503,0.0009588383449793441,5.3118609827151886e-05,9.193709710584298e-07,0.00415729788822784,0.0009046514676844594,0.013899700559506054,4.973045235759637,1.3113140926384501,0.0
128,2708,2.936566156719406,0.007631737901374131,0.0015336896908675708,0.010226086421641368,0.0009512978254536996,5.2286421720282306e-05,9.049675521736817e-07,0.004124522142877794,0.0008975192806407231,0.013788770428240013,4.973071568780243,1.3113212462521473,0.0
128,2712,2.9409037729036296,0.007572480764961627,0.0015217812552791544,0.010145684997128368,0.0009438183560703066,5.146746195805463e-05,8.907930880017641e-07,0.004092012622271397,0.0008904450256027152,0.013678755841648765,4.973097664957779,1.3113283360675305,0.0
128,2716,2.9452413890878533,0.007513695276945021,0.0015099676031190801,0.010065934320405713,0.0009363994235269471,5.0661516809213936e-05,8.768438793059682e-07,0.004059767079032162,0.000883428213528637,0.013569648915710372,4.9731235264954705,1.3113353626865372,0.0
128,2720,2.949579005272077,0.007455377557522579,0.00149824795469444,0.009986828922280502,0.0009290405190433211,4.9868375924688735e-05,8.631162853880387e-07,0.004027783285673954,0.0008764683597049426,0.013461441837837968,4.973149155575284,1.3113423267050635,0.0
128,2724,2.9539166214563,0.007397523760175154,0.0014866215370008618,0.009908363381716039,0.0009217411383189363,4.908783236601266e-05,8.496067245800935e-07,0.003996059034414811,0.0008695649837058251,0.013354126866192643,4.973174554358133,1.3113492287130306,0.0
128,2728,2.958254237640524,0.007340130071366048,0.0014750875836621945,0.009830532325384394,0.0009145007814914831,4.831968283269816e-05,8.363116781799815e-07,0.003964592136992938,0.0008627176093531759,0.01324769632900831,4.9731997249841005,1.3113560692944461,0.0
128,2732,2.9625918538247475,0.007283192710243719,0.001463645334870763,0.009753330427223325,0.0009073189530956172,4.756372715064572e-05,8.232276815967268e-07,0.003933380424484518,0.0008559257646769399,0.013142142623916999,4.973224669572639,1.3113628490274691,0.0
128,2736,2.9669294700089712,0.007226707928346885,0.001452294037328105,0.00967675240799691,0.0009001951620220867,4.681976852793923e-05,8.103513287778069e-07,0.0039024217471230424,0.0008491889818758,0.013037458217283032,4.973249390222779,1.311369568484471,0.0
128,2740,2.971267086193195,0.007170672009312922,0.0014410329441863707,0.009600793034861268,0.0008931289214773325,4.608761338431577e-05,7.976792692576337e-07,0.0038717139741207447,0.0008425067972783205,0.012933635643551095,4.973273889013334,1.3113762282320982,0.0
128,2744,2.9756047023774186,0.007115081268588704,0.0014298613149902116,0.009525447120934019,0.0008861197489434367,4.536707137958729e-05,7.852082086494737e-07,0.0038412549934916007,0.0008358787513044311,0.012830667504584317,4.973298168003107,1.3113828288313323,0.0
128,2748,2.9799423185616423,0.007059932053144386,0.0014187784156192628,0.00945070952486827,0.0008791671661384918,4.465795521468863e-05,7.729349052020091e-07,0.0038110427118761576,0.0008293043884273081,0.012728546469029467,4.973322229231087,1.3113893708375506,0.0
128,2752,2.984279934745866,0.007005220741190153,0.0014077835182312198,0.009376575150431112,0.0008722706989773899,4.39600807737861e-05,7.608561722589371e-07,0.0037810750543682712,0.0008227832571356722,0.012627265271672801,4.973346074716644,1.3113958548005862,0.0
128,2756,2.9886175509300896,0.006950943741894732,0.0013968759012052702,0.009303038946084974,0.0008654298775328777,4.327326678321697e-05,7.48968872355932e-07,0.0037513499643429967,0.0008163149098963359,0.012526816712812567,4.973369706459733,1.3114022812647856,0.0
128,2760,2.9929551671143133,0.006897097495107856,0.0013860548490863193,0.009230095904574862,0.000858644235997158,4.259733515254993e-05,7.372699231236836e-07,0.003721865403286922,0.0008098989031172835,0.012427193657624387,4.973393126441083,1.3114086507690685,0.0
128,2764,2.997292783298537,0.006843678471084554,0.001375319652529583,0.009157741062518503,0.0008519133126437631,4.1932110633524644e-05,7.257562913848587e-07,0.0036926193506296935,0.0008035347971110101,0.012328389035557632,4.97341633662239,1.311414963846984,0.0
128,2768,3.0016303994827607,0.006790683170212098,0.0013646696082457146,0.009085969500000653,0.0008452366497898142,4.127742084847341e-05,7.144249936460214e-07,0.0036636098035772724,0.0007972221560582369,0.01223039583970812,4.973439338946508,1.3114212210267686,0.0
128,2772,3.005968015666984,0.006738108122739976,0.0013541040189465397,0.009014776340171862,0.0008386137937586957,4.063309620505606e-05,7.032730946218739e-07,0.0036348347769470254,0.0007909605479720266,0.012133207126219934,4.973462135337637,1.3114274228314013,0.0
128,2776,3.0103056318512076,0.006685949888512009,0.0013436221932912212,0.008944156748850553,0.0008320442948430384,3.999896995310337e-05,6.922977082190959e-07,0.0036062923030041787,0.0007847495446621943,0.012036816013682642,4.973484727701508,1.3114335697786605,0.0
128,2780,3.0146432480354313,0.00663420505670093,0.001333223445832921,0.008874105934129168,0.0008255277072680806,3.937487801408679e-05,6.814959945848261e-07,0.0035779804312999763,0.0007785887217000903,0.0119412156825358,4.97350711792557,1.3114396623811784,0.0
128,2784,3.018980864219655,0.006582870245546137,0.0013229070969660967,0.008804619145984736,0.00081906358915544,3.8760659094805305e-05,6.708651620743406e-07,0.0035498972285116274,0.0007724776583837712,0.011846399374481764,4.9735293078791685,1.3114457011464955,0.0
128,2788,3.0233184804038786,0.006531942102093215,0.0013126724728741573,0.008735691675892488,0.0008126515024871703,3.815615448843346e-05,6.604024638076157e-07,0.003522040778283547,0.0007664159377034534,0.011752360391907505,4.973551299413729,1.311451686577114,0.0
128,2792,3.0276560965881023,0.0064814173019363056,0.0013025189054776875,0.008667318856443704,0.0008062910130702105,3.756120804609964e-05,6.501051971774071e-07,0.0034944091810703284,0.0007604031463073431,0.011659092097300558,4.973573094362935,1.3114576191705523,0.0
128,2796,3.031993712772326,0.00643129254896272,0.0012924457323831254,0.008599496060966967,0.0007999816905011513,3.697566620530779e-05,6.3997070434117e-07,0.003467000553981113,0.0007544388744677699,0.01156658791268173,4.973594694542904,1.311463499419396,0.0
128,2800,3.0363313289565497,0.006381564575100217,0.0012824522968319751,0.008532218703153615,0.0007937231081313927,3.639937796151571e-05,6.299963717291396e-07,0.003439813030625724,0.0007485227160477047,0.01147484131904241,4.973616101752364,1.3114693278113507,0.0
128,2804,3.0406689451407733,0.006332230140066459,0.0012725379476504568,0.008465482236686394,0.0007875148430325984,3.583219469760479e-05,6.201796270928121e-07,0.0034128447609620893,0.0007426542684675584,0.011383845855783125,4.973637317772821,1.3114751048292932,0.0
128,2808,3.045006561324997,0.006283286031120809,0.0012627020391996271,0.00839928215487177,0.0007813564759624909,3.527397029756685e-05,6.105179414726236e-07,0.0033860939111451894,0.0007368331326723122,0.01129359512016266,4.973658344368741,1.311480830951323,0.0
128,2812,3.0493441775092207,0.006234729062818684,0.0012529439313260138,0.00833361399027612,0.0007752475913310084,3.472456103281729e-05,6.010088272302718e-07,0.003359558663377618,0.0007310589130989976,0.01120408276674463,4.973679183287709,1.3114865066508121,0.0
128,2816,3.0536817936934444,0.00618655607676783,0.001243262989312636,0.008268473314364942,0.0007691877771667407,3.418382542008658e-05,5.916498355891164e-07,0.003333237215761366,0.0007253312176444455,0.011115302506861024,4.973699836260602,1.3114921323964541,0.0
128,2820,3.0580194098776676,0.0061387639413875515,0.001233658583830618,0.008203855737146422,0.0007631766250837722,3.365162442037217e-05,5.824385600776176e-07,0.0033071277821514226,0.0007196496576334274,0.011027248108070906,4.973720305001754,1.311497708652315,0.0
128,2824,3.0623570260618913,0.006091349551669802,0.0012241300908911795,0.008139756906817952,0.0007572137302487987,3.312782118314317e-05,5.733726321020587e-07,0.003281228592010586,0.0007140138477870624,0.010939913393633345,4.973740591209119,1.3115032358778798,0.0
128,2828,3.066694642246115,0.006044309828941871,0.001214676891797942,0.008076172509415145,0.0007512986913484756,3.2612281131605414e-05,5.644497224223045e-07,0.0032555378902653113,0.0007084234061914485,0.010853292241975662,4.973760696564439,1.3115087145281028,0.0
128,2832,3.0710322584303387,0.005997641720632967,0.0012052983731000225,0.008013098268466627,0.0007454311105573056,3.210487187743638e-05,5.556675396760428e-07,0.0032300539371639325,0.0007028779542668112,0.01076737858617713,4.973780622733395,1.3115141450534533,0.0
128,2836,3.0753698746145623,0.005951342200041344,0.0011959939265452349,0.0079505299446498,0.0007396105935056145,3.160546313552004e-05,5.470238289030248e-07,0.0032047750081352997,0.0006973771167367413,0.010682166413452755,4.973800371365777,1.3115195278999632,0.0
128,2840,3.079707490798786,0.005905408266104483,0.001186762949033904,0.007888463335451207,0.0007338367492479566,3.111392689447712e-05,5.385163744965835e-07,0.0031796993936492996,0.0006919205215978445,0.010597649764637567,4.9738199440956326,1.3115248635092738,0.0
128,2844,3.0840451069830097,0.0058598369431713026,0.0011776048425730897,0.00782689427482999,0.0007281091902318076,3.063013693349603e-05,5.301429918409977e-07,0.003154825399078665,0.0006865078000896699,0.010513822733689854,4.973839342541431,1.3115301523186818,0.0
128,2848,3.0883827231672334,0.005814625280776146,0.0011685190142311662,0.007765818632884145,0.0007224275322665169,3.0153969447610507e-05,5.219015381337273e-07,0.0031301513445619435,0.0006811385866648909,0.010430679467183436,4.973858568306211,1.3115353947611845,0.0
128,2852,3.092720339351457,0.005769770353415562,0.0011595048760929638,0.007705232315520867,0.0007167913944926407,2.9685302450843665e-05,5.137899020550979e-07,0.003105675564868129,0.0006758125189598485,0.010348214163816235,4.973877622977735,1.311540591265525,0.0
128,2856,3.0970579555356808,0.005725269260326648,0.0011505618452152242,0.007645131264129412,0.0007112003993515108,2.922401594673829e-05,5.058060067198188e-07,0.00308139640926236,0.000670529237765327,0.010266421073915283,4.973896508128645,1.311545742256236,0.0
128,2860,3.1013955717199044,0.005681119125267439,0.0011416893435824665,0.007585511455257039,0.000705654172555087,2.876999195677854e-05,4.979478101689039e-07,0.003057312241372874,0.0006652883869976015,0.01018529449895999,4.973915225316605,1.3115508481536848,0.0
128,2864,3.1057331879041277,0.00563731709629988,0.0011328867980633741,0.007526368900288837,0.0007001523430561733,2.8323114406703098e-05,4.902133034019918e-07,0.0030334214390595644,0.0006600896136698361,0.01010482879109262,4.973933776084457,1.3115559093741163,0.0
128,2868,3.1100708040883513,0.005593860345574342,0.0011241536403674896,0.007467699645129979,0.0006946945430188594,2.7883268955974927e-05,4.826005074258274e-07,0.003009722394283549,0.0006549325678637003,0.010025018352646733,4.973952161960359,1.3115609263296957,0.0
128,2872,3.114408420272575,0.005550746069116123,0.0011154893070023095,0.00740949976989097,0.0006892804077892396,2.7450343338841776e-05,4.7510747915729903e-07,0.0029862135129779606,0.0006498169027012537,0.009945857635676385,4.973970384457936,1.3115658994285517,0.0
128,2876,3.1187460364567987,0.0055079714866143395,0.0011068932392308605,0.00735176538857649,0.0006839095758664673,2.70242271085408e-05,4.6773230699616095e-07,0.002962893214920235,0.0006447422743171535,0.009867341141486583,4.973988445076423,1.311570829074818,0.0
128,2880,3.1230836526410224,0.005465533841212507,0.0010983648830296122,0.0072944926487768635,0.0006785816888740537,2.6604811438346587e-05,4.604731073815943e-07,0.002939759933605468,0.0006397083418310976,0.009789463420174822,4.974006345300806,1.311575715668675,0.0
128,2884,3.127421268825246,0.005423430399301188,0.00108990368904681,0.00723767773136262,0.0006732963915314534,2.6191989405788263e-05,4.533280297114054e-07,0.0029168121161210585,0.0006347147673205457,0.009712219070171712,4.974024086601961,1.311580559606391,0.0
128,2888,3.1317588850094698,0.005381658450312478,0.0010815091125611716,0.007181316850181875,0.0006680533316259132,2.5785655793697515e-05,4.462952528985868e-07,0.002894048223022507,0.000629761215793692,0.00963560273778967,4.974041670436796,1.3115853612803632,0.0
128,2892,3.1360965011936934,0.005340215306516508,0.001073180613440994,0.007125406251760775,0.0006628521599846051,2.5385707090208598e-05,4.3937298537131783e-07,0.002871466728210488,0.0006248473551627161,0.00955960911677574,4.974059098248388,1.3115901210791574,0.0
128,2896,3.140434117377917,0.005299098302819739,0.0010649176561036168,0.007069942215006698,0.0006576925304470161,2.4992041403493204e-05,4.325594635972048e-07,0.0028490661188090476,0.0006199728562172778,0.00948423294786502,4.974076371466119,1.3115948393875483,0.0
128,2900,3.144771733562141,0.005258304796565308,0.0010567197094753006,0.007014921050914437,0.0006525740998376162,2.460455860386901e-05,4.258529545428801e-07,0.0028268448950450374,0.0006151373925982813,0.009409469018342251,4.974093491505811,1.3115995165865584,0.0
128,2904,3.1491093497463645,0.0052178321673350325,0.0010485862469514365,0.006960339102275075,0.0006474965279387746,2.422316015326942e-05,4.192517527224836e-07,0.0028048015701286613,0.0006103406407718815,0.00933531216161016,4.974110459769858,1.3116041530534972,0.0
128,2908,3.153446965930588,0.005177677816753407,0.0010405167463571575,0.0069061927433877405,0.000642459477463947,2.3847749048400146e-05,4.12754179213823e-07,0.0027829346701351986,0.0006055822800037461,0.009261757256753692,4.974127277647363,1.3116087491619997,0.0
128,2912,3.1577845821148114,0.0051378391682931806,0.0010325106899082659,0.006852478379773909,0.0006374626140310967,2.3478229877582635e-05,4.063585826422134e-07,0.0027612427338877987,0.0006008619923335515,0.009188799228116301,4.974143946514263,1.3116133052820642,0.0
128,2916,3.162122198299035,0.00509831366708337,0.0010245675641726525,0.0067991924478951905,0.0006325056061364418,2.3114508906019182e-05,4.0006334065623654e-07,0.002739724312841684,0.0005961794625497841,0.009116433044882454,4.97416046773346,1.3116178217800902,0.0
128,2920,3.1664598144832588,0.005059098779718249,0.0010166868600319102,0.006746331414872779,0.000627588125128357,2.275649373473243e-05,3.938668540247038e-07,0.002718377970969062,0.0005915343781646973,0.009044653720648107,4.9741768426549555,1.3116222990189157,0.0
128,2924,3.1707974306674824,0.0050201919940683366,0.0010088680726433495,0.00669389177820987,0.0006227098451815501,2.240409352793904e-05,3.87767550572014e-07,0.0026972022846452545,0.0005869264293895317,0.008973456313018054,4.974193072615967,1.3116267373578538,0.0
128,2928,3.175135046851706,0.00498159081909377,0.001001110701402494,0.006641870065517647,0.0006178704432715723,2.205721892778456e-05,3.8176388370239424e-07,0.0026761958425362887,0.0005823553091100548,0.00890283592318994,4.97420915894106,1.3116311371527294,0.0
128,2932,3.17947266303593,0.004943292784658668,0.0009934142499057736,0.0065902628342428245,0.0006130695991494722,2.1715782082765145e-05,3.7585433289181993e-07,0.0026553572454871455,0.0005778207128622435,0.008832787695556094,4.974225102942272,1.3116354987559145,0.0
128,2936,3.1838102792201535,0.0049052954413473845,0.0009857782259136004,0.006539066671398009,0.0006083069953167119,2.1379696420353866e-05,3.700373997526561e-07,0.0026346851064111567,0.0005733223388082151,0.008763306817286652,4.974240905919236,1.311639822516365,0.0
128,2940,3.188147895404377,0.004867596360282621,0.0009782021413138136,0.006488278193294951,0.000603582317000353,2.104887693121782e-05,3.6431161295285556e-07,0.0026141780501806027,0.0005688598877124226,0.008694388517949918,4.974256569159295,1.311644108779655,0.0
128,2944,3.192485511588601,0.00483019313294529,0.0009706855120854813,0.006437894045280324,0.0005988952521284762,2.0723239856579312e-05,3.5867552280484117e-07,0.0025938347135183453,0.0005644330629180716,0.008626028069106905,4.974272093937636,1.3116483578880123,0.0
128,2948,3.1968231277728245,0.004793083370995662,0.000963227858262956,0.006387910901473522,0.0005942454913057901,2.0402702773480996e-05,3.5312770274126523e-07,0.0025736537448902952,0.0005600415703237216,0.008558220783923695,4.974287481517395,1.3116525701803516,0.0
128,2952,3.201160743957048,0.004756264706096627,0.0009558287039003579,0.006338325464507672,0.0005896327277895383,2.0087184793737833e-05,3.476667527584479e-07,0.0025536338043992066,0.0005556851183601748,0.008490962016790346,4.974302733149786,1.3116567459923107,0.0
128,2956,3.2054983601412714,0.004719734789738249,0.0009484875770363168,0.0062891344652725376,0.0005850566574655828,1.9776606137611452e-05,3.422912920375806e-07,0.002533773563679251,0.0005513634179675351,0.00842424716293132,4.974317850074212,1.3116608856562828,0.0
128,2960,3.209835976325495,0.0046834912930641785,0.0009412040096590872,0.006240334662660253,0.00058051697882475,1.9470888332762115e-05,3.3699996238816426e-07,0.002514071705791748,0.000547076182572518,0.008358071658030944,4.97433283351838,1.3116649895014492,0.0
128,2964,3.214173592509719,0.004647531906699488,0.0009339775376719504,0.006191922843313218,0.0005760133929393785,1.916995418582701e-05,3.3179142775608985e-07,0.0024945269251218033,0.0005428231280659589,0.008292430977859184,4.974347684698422,1.311669057853814,0.0
128,2968,3.2185112086939425,0.004611854340580079,0.0009268077008589316,0.006143895821374402,0.0005715456034400914,1.8873727924528794e-05,3.2666437668323703e-07,0.002475137927275928,0.000538603972780534,0.008227320637897786,4.974362404819002,1.3116730910362362,0.0
128,2972,3.222848824878166,0.004576456323783948,0.0009196940428508901,0.006096250438240326,0.0005671133164928156,1.858213462924141e-05,3.216175124690787e-07,0.0024559034289807578,0.0005344184374687218,0.008162736192977261,4.974376995073428,1.3116770893684613,0.0
128,2976,3.22718644106239,0.004541335604363751,0.0009126361110918723,0.006048983562316154,0.0005627162407760002,1.8295101028797944e-05,3.1664956694443483e-07,0.002436822157982656,0.0005302662452809553,0.008098673236907664,4.974391456643768,1.3116810531671534,0.0
128,2980,3.2315240572466135,0.004506489949180799,0.00090563345680575,0.006002092088772867,0.0005583540874580266,1.801255464783935e-05,3.1175928571387887e-07,0.002417892852948163,0.0005261471217439599,0.008035127402116845,4.974405790700956,1.3116849827459278,0.0
128,2984,3.235861673430837,0.004471917143741068,0.0008986856349632653,0.005955572939307447,0.0005540265701748989,1.7734424488935474e-05,3.0694543996181275e-07,0.002399114263365687,0.00052206079473936,0.007972094359310343,4.974419998404904,1.3116888784153804,0.0
128,2988,3.240199289615061,0.004437614992032188,0.0008917922042492712,0.005909423061904609,0.0005497334050080795,1.7460640435729147e-05,3.022068161221513e-07,0.002380485149447834,0.0005180069944824267,0.00790956981708913,4.974434080904603,1.3116927404831202,0.0
128,2992,3.2445369057992846,0.004403581316362176,0.0008849527270303236,0.0058636394306010855,0.0005454743104625609,1.719113365084013e-05,2.9754222276519947e-07,0.002362004282034795,0.0005139854535010527,0.007847549521628574,4.974448039338238,1.3116965692537996,0.0
128,2996,3.2488745219835082,0.004369813957199638,0.0008781667693225671,0.005818219045252202,0.0005412490074451503,1.692583640533485e-05,2.929504876461331e-07,0.002343670442498663,0.0005099959066149326,0.007786029256314582,4.974461874833288,1.3117003650291437,0.0
128,3000,3.253212138167732,0.004336310773015541,0.0008714339007599379,0.005773158931300739,0.0005370572192429691,1.6664681965039563e-05,2.8843045573732043e-07,0.0023254824226487092,0.0005060380909149495,0.007725004841405263,4.974475588506634,1.3117041281079813,0.0
128,3004,3.257549754351955,0.004303069640126141,0.0008647536945625983,0.0057284561395475955,0.000532898671502117,1.6407604817914034e-05,2.8398099316367983e-07,0.002307439024637384,0.0005021117457427207,0.007664472133690595,4.974489181464659,1.311707858786274,0.0
128,3008,3.261887370536179,0.004270088452537736,0.000858125727505737,0.005684107745925167,0.0005287730922065912,1.6154540389834438e-05,2.7960098228348245e-07,0.0022895390608674545,0.0004982166126703903,0.0076044270261595775,4.9745026548033495,1.3117115573571447,0.0
128,3012,3.2662249867204025,0.004237365121792396,0.0008515495798885685,0.005640110851272207,0.0005246802116573421,1.5905425186701905e-05,2.752893241479507e-07,0.0022717813538997334,0.0004943524354805505,0.007544865447661791,4.974516009608403,1.311715224110908,0.0
128,3016,3.270562602904626,0.004204897576815723,0.0008450248355037361,0.005596462581111688,0.0005206197624516084,1.566019665233398e-05,2.7104493604165976e-07,0.0022541647363620563,0.0004905189601464342,0.007485783362586303,4.974529246955323,1.3117188593350981,0.0
128,3020,3.27490021908885,0.00417268376376513,0.0008385510816068245,0.005553160085429556,0.0005165914794623358,1.5418793395838293e-05,2.6686675541789534e-07,0.0022366880508586265,0.00048671593481218825,0.007427176770519374,4.974542367909519,1.311722463314497,0.0
128,3024,3.2792378352730736,0.004140721645880594,0.0008321279088863644,0.005510200538457088,0.0005125950998179297,1.5181154964238885e-05,2.62753735963296e-07,0.0022193501498808353,0.0004829431097734676,0.007369041705937932,4.974555373526406,1.3117260363311622,0.0
128,3028,3.2835754514572972,0.004109009203335692,0.0008257549114338983,0.005467581138453751,0.0005086303628820562,1.4947221700367663e-05,2.5870484513825373e-07,0.0022021498957182973,0.00047920023745807555,0.0073113742378785075,4.9745682648515,1.3117295786644558,0.0
128,3032,3.287913067641521,0.004077544433091008,0.0008194316867145196,0.0054252991074935026,0.0005046970102337618,1.4716935112346619e-05,2.547190705718716e-07,0.0021850861603712945,0.0004754870724069116,0.007254170469626416,4.974581042920517,1.3117330905910702,0.0
128,3036,3.2922506838257446,0.004046325348747827,0.0008131578355374711,0.005383351691251778,0.0005007947856476578,1.4490237674635864e-05,2.5079541661852473e-07,0.0021681578254635144,0.0004718033712549825,0.007197426538395757,4.974593708759464,1.3117365723850558,0.0
128,3040,3.2965883000099683,0.004015349980404162,0.0008069329620272119,0.00534173615879567,0.0004969234350744011,1.4267072572238249e-05,2.469328999305828e-07,0.0021513637821560933,0.00046814889271269765,0.00714113861502407,4.974606263384739,1.3117400243178483,0.0
128,3044,3.300925916194192,0.0039846163745115145,0.0008007566735946318,0.005300449802375389,0.000493082706621295,1.4047383956494741e-05,2.431305538856878e-07,0.002134702931062187,0.00046452339754727916,0.007085302903659017,4.97461870780322,1.3117434466582953,0.0
128,3048,3.3052635323784156,0.003954122593732938,0.0007946285809085271,0.005259489937217673,0.0004892723505330705,1.3831117172458107e-05,2.393874325221123e-07,0.002118174182162349,0.00046092664856434775,0.007029915641457773,4.974631043012358,1.3117468396726812,0.0
128,3052,3.309601148562639,0.00392386671680304,0.0007885482978674668,0.005218853901322041,0.0004854921191729321,1.3618217963085044e-05,2.357025967650057e-07,0.0021017764547210777,0.0004573584105897629,0.006974973098282133,4.974643270000269,1.3117502036247546,0.0
128,3056,3.3139387647468626,0.0038938468383879913,0.0007825154415716592,0.005178539055257085,0.0004817417670036085,1.3408633321887464e-05,2.3207512918398742e-07,0.0020855086772033735,0.00045381845045146534,0.006920471576401326,4.974655389745827,1.3117535387757535,0.0
128,3060,3.3182763809310862,0.0038640610689481005,0.0007765296322953352,0.005138542781960637,0.00047802105056876193,1.3202310896076597e-05,2.2850412366283183e-07,0.0020693697871929048,0.0004503065369616691,0.006866407410192645,4.97466740321875,1.3117568453844308,0.0
128,3064,3.32261399711531,0.0038345075346012825,0.0007705904934593101,0.005098862486541203,0.0004743297284745165,1.2999199270780082e-05,2.2498869031866586e-07,0.0020533587313106773,0.0004468224408991641,0.006812776965853362,4.974679311379691,1.311760123707079,0.0
128,3068,3.3269516132995336,0.003805184376986987,0.0007646976516036389,0.005059495596080155,0.0004706675613710569,1.2799247770090005e-05,2.2152795205853051e-07,0.0020374744651340273,0.0004433659349916881,0.0067595766411037116,4.974691115180323,1.3117633739975556,0.0
128,3072,3.3312892294837573,0.003776089753132566,0.0007588507363607608,0.005020439559437562,0.0004670343119345658,1.2602406656014864e-05,2.1812104802281943e-07,0.0020217159531171146,0.0004399367938986258,0.00670680286490565,4.974702815563431,1.3117665965073075,0.0
128,3076,3.335626845667981,0.0037472218353201453,0.0007530493804287456,0.00498169184705875,0.00046342974484922793,1.2408626787419053e-05,2.1476712768224151e-07,0.0020060821685117056,0.0004365347941937707,0.006654452097168889,4.974714413462993,1.3117697914853947,0.0
128,3080,3.3399644618522046,0.0037185788109546166,0.0007472932195447653,0.004943249950782518,0.00045985362678938984,1.2217859989505087e-05,2.1146535723277804e-07,0.001990572093288642,0.0004331597143482362,0.006602520828480201,4.974725909804269,1.3117729591785157,0.0
128,3084,3.3443020780364283,0.0036901588824331923,0.0007415818924588792,0.0049051113836518214,0.00045630572640194836,1.2030058798018217e-05,2.0821491516840465e-07,0.0019751847180603348,0.00042981133471359,0.006551005579817641,4.974737305503881,1.3117760998310302,0.0
128,3088,3.348639694220652,0.003661960267016055,0.0007359150409080396,0.004867273679725864,0.00045278581428886977,1.1845176487668141e-05,2.050149927730111e-07,0.0019599190420038154,0.00042648943750510956,0.006499902902268937,4.974748601469904,1.311779213684983,0.0
128,3092,3.3529773104048757,0.003633981196698241,0.0007302923095903454,0.004829734393894247,0.0004492936629899009,1.1663167100550709e-05,2.0186479461232108e-07,0.0019447740727846546,0.00042319380678522623,0.006449209376769009,4.974759798601941,1.311782300980128,0.0
128,3096,3.357314926589099,0.0036062199180822803,0.0007247133461394472,0.004792491101692145,0.0004458290469653759,1.1483985389304507e-05,1.9876353755005275e-07,0.0019297488264812944,0.0004199242284470597,0.0063989216138140795,4.974770897791206,1.31178536195395,0.0
128,3100,3.3616525427733226,0.0035786746922525435,0.0007191778010992958,0.004755541399118074,0.0004423917425792633,1.1307586987641116e-05,1.957104536994372e-07,0.0019148423275104488,0.00041668049019818456,0.00634903625321175,4.974781899920611,1.3117883968416877,0.0
128,3104,3.3659901589575463,0.003551343794650315,0.0007136853278990373,0.004718882902452707,0.0004389815280823113,1.1133927898754337e-05,1.9270478156866256e-07,0.0019000536085529319,0.00041346238154449036,0.006299549963792536,4.97479280586484,1.3117914058763573,0.0
128,3108,3.37032777514177,0.0035242255149502267,0.0007082355828281799,0.004682513248079732,0.0004355981835953829,1.09629651205978e-05,1.8974577688310924e-07,0.0018853817104803317,0.00041026969377422513,0.006250459443165438,4.97480361649043,1.3117943892887745,0.0
128,3112,3.3746653913259936,0.003497318156937745,0.0007028282250119746,0.00464643009230832,0.0004322414910929405,1.0794656219559329e-05,1.86832705206553e-07,0.0018708256822823402,0.0004071022199421821,0.00620176141744037,4.9748143326558525,1.3117973473075755,0.0
128,3116,3.3790030075102173,0.0034706200383878413,0.0006974629163870315,0.004610631111197264,0.00042891123438668636,1.0628959586256315e-05,1.839648463684432e-07,0.0018563845809947746,0.0004039597548540368,0.006153452640988998,4.974824955211587,1.3118002801592397,0.0
128,3120,3.383340623694441,0.0034441294909444515,0.0006921393216770966,0.004575114000380394,0.0004256071991093214,1.0465834009210084e-05,1.8114148708510594e-07,0.0018420574716281246,0.00040084209505079844,0.00610552989616235,4.9748354850002,1.311803188068112,0.0
128,3124,3.3876782398786647,0.003417844860001527,0.000686857108369147,0.00453987647489438,0.00042232917269852615,1.0305239129593247e-05,1.783619288304606e-07,0.0018278434270970765,0.00039774903879347394,0.006057989993066336,4.974845922856423,1.3118060712564223,0.0
128,3128,3.3920158560628884,0.003391764504584703,0.0006816159466896108,0.004504916269007298,0.0004190769443810134,1.0147135213856018e-05,1.7562548390066172e-07,0.001813741528150357,0.00039468038604780175,0.00601082976928555,4.974856269607224,1.311808929944309,0.0
128,3132,3.396353472247112,0.00336588679723414,0.0006764155095808234,0.0044702311360491605,0.00041585030515676243,9.991483153726222e-06,1.7293147541409872e-07,0.0017997508633013823,0.00039163593846916033,0.005964046089648783,4.974866526071887,1.311811764349838,0.0
128,3136,3.4006910884313357,0.003340210123888913,0.0006712554726777926,0.004435818848244527,0.0004126490477834475,9.838244380944161e-06,1.7027923583563685e-07,0.0017858705287597581,0.00038861549938766255,0.005917635845979546,4.9748766930620825,1.3118145746890242,0.0
128,3140,3.4050287046155594,0.0033147328837715433,0.0006661355142849955,0.004401677196545558,0.00040947296676090774,9.687381066214584e-06,1.6766811042005554e-07,0.0017720996283629733,0.00038561887379329153,0.005871595956845817,4.974886771381943,1.3118173611758523,0.0
128,3144,3.4093663207997826,0.0032894534892744694,0.0006610553153535627,0.004367803990467737,0.0004063218583158645,9.53885580656788e-06,1.6509745180093072e-07,0.0017584372735091765,0.0003826458683212729,0.0058259233673308075,4.9748967618281315,1.3118201240222966,0.0
128,3148,3.4137039369840063,0.0032643703658466598,0.0006560145594584914,0.004334197057925999,0.0004031955203866772,9.392632023264014e-06,1.6256662687751197e-07,0.001744882583090133,0.00037969629123748503,0.005780615048776957,4.974906665189921,1.3118228634383409,0.0
128,3152,3.41804155316823,0.0032394819518821506,0.0006510129327762466,0.0043008542450735845,0.00040009375260835245,9.248673592310297e-06,1.600750104197651e-07,0.0017314346834252947,0.00037676995242411337,0.005735667998560947,4.974916482249255,1.3118255796319989,0.0
128,3156,3.4223791693524537,0.0032147866986089774,0.0006460501240624397,0.004267773416141519,0.00039701635629761124,9.106944929726524e-06,1.5762198654413172e-07,0.0017180927081961257,0.0003738666633653583,0.005691079239857704,4.97492621378083,1.311828272809333,0.0
128,3160,3.4267167855366774,0.0031902830699793126,0.0006411258246297512,0.004234952453279904,0.000393963134438125,8.967411133653513e-06,1.552069511731281e-07,0.0017048557983811784,0.00037098623713330796,0.0056468458214028175,4.974935860552154,1.311830943174475,0.0
128,3164,3.431054401720901,0.0031659695425605497,0.0006362397283260419,0.004202389256400606,0.0003909338916658813,8.830037700136018e-06,1.5282930711614728e-07,0.0016917231021917397,0.0003681284883739343,0.005602964817261654,4.974945423323624,1.3118335909296446,0.0
128,3168,3.4353920179051247,0.003141844605427332,0.0006313915315126552,0.004170081743021358,0.00038792843425468115,8.694790864183233e-06,1.5048846997249647e-07,0.001678693775008063,0.0003652932332932168,0.005559433326606494,4.974954902848588,1.3118362162751682,0.0
128,3172,3.4397296340893484,0.00311790676005481,0.0006265809330429661,0.0041380278481116415,0.0003849465701018022,8.561637230286578e-06,1.4818386173643998e-07,0.0016657669793163233,0.00036248028964342354,0.005516248473489511,4.974964299873418,1.3118388194094976,0.0
128,3176,3.444067250273572,0.0030941545202123485,0.0006218076342410198,0.004106225523939328,0.00038198810871373196,8.430543971371662e-06,1.4591491424063759e-07,0.0016529418846458976,0.0003596894767094631,0.0054734074066114255,4.9749736151375705,1.3118414005292294,0.0
128,3180,3.4484048664577958,0.003070586411858611,0.0006170713388804482,0.004074672739919265,0.0003790528611920825,8.301478942485119e-06,1.436810711238237e-07,0.0016402176675074276,0.0003569206152954066,0.0054309072991084615,4.974982849373662,1.3118439598291232,0.0
128,3184,3.4527424826420194,0.0030472009730375406,0.0006123717531635655,0.004043367482463241,0.0003761406402196331,8.174410282890676e-06,1.4148178094393046e-07,0.0016275935113314664,0.00035417352771113694,0.00538874534832844,4.974992003307524,1.3118464975021193,0.0
128,3188,3.457080098826243,0.0030239967537750317,0.0006077085857006036,0.004012307754831015,0.00037325126004647216,8.049306728707961e-06,1.393165025892053e-07,0.0016150686064075506,0.00035144803775909053,0.005346918775611164,4.975001077658278,1.3118490137393575,0.0
128,3192,3.4614177150104664,0.0030009723159769366,0.0006030815474892151,0.003981491576983182,0.00037038453647630963,7.92613755606908e-06,1.3718470429437135e-07,0.0016026421498240289,0.0003487439707211636,0.005305424826079259,4.975010073138391,1.3118515087301934,0.0
128,3196,3.46575533119469,0.002978126233327474,0.0005984903518940571,0.003950916985434853,0.00036754028685286554,7.804872495853488e-06,1.3508586216486816e-07,0.0015903133454082327,0.00034606115334569307,0.005264260768419653,4.975018990453743,1.3118539826622184,0.0
128,3200,3.4700929473789137,0.0029554570911887856,0.0005939347146266061,0.003920582033110873,0.00036471833004640117,7.685481676844574e-06,1.3301945919301219e-07,0.00157808140366727,0.0003433994138345728,0.005223423894671041,4.975027830303696,1.3118564357212754,0.0
128,3204,3.4744305635631374,0.002932963486501789,0.0005894143537252333,0.003890484789202977,0.000361918486440431,7.567935881525045e-06,1.3098498968527458e-07,0.0015659455417296204,0.00034075858183054466,0.005182911520017767,4.9750365933811445,1.3118588680914771,0.0
128,3208,3.478768179747361,0.0029106440276870787,0.000584928989535289,0.003860623339027087,0.0003591405779184474,7.452206233438119e-06,1.2898195385116393e-07,0.0015539049832867836,0.0003381384884045006,0.005142720982577867,4.975045280372586,1.311861279955222,0.0
128,3212,3.4831057959315848,0.002888497334547584,0.0005804783446895408,0.0038309957838831353,0.0003563844278508806,7.338264310874365e-06,1.2700985977090514e-07,0.0015419589585359717,0.00033553896604301216,0.005102849643206062,4.97505389195818,1.3118636714932121,0.0
128,3216,3.4874434121158084,0.002866522038171314,0.0005760621440886297,0.003801600240915124,0.00035364986108208036,7.2260821752934135e-06,1.250682238873593e-07,0.001530106704122896,0.0003329598486358809,0.005063294885278297,4.975062428811808,1.31186604288447,0.0
128,3220,3.491781028300032,0.002844716780835613,0.0005716801148818278,0.0037724348429732614,0.000350936703917491,7.115632257637117e-06,1.2315656903834465e-07,0.0015183474630854053,0.00033040097146387333,0.0050240541145015576,4.975070891601132,1.3118683943063543,0.0
128,3224,3.496118644484256,0.002823080215911927,0.0005673319864479007,0.003743497738477025,0.0003482447841109129,7.006887585703225e-06,1.212744283919946e-07,0.0015066804847975067,0.00032786217118654,0.004985124758704336,4.975079280987659,1.3118707259345774,0.0
128,3228,3.5004562606684795,0.002801611007771513,0.0005630174903761586,0.003714787091279455,0.0003455739308518777,6.899821528350003e-06,1.194213410194799e-07,0.0014951050249138883,0.00032534328583014283,0.0049465042676450745,4.9750875976267945,1.3118730379432209,0.0
128,3232,3.504793876852703,0.0027803078316918583,0.0005587363604476505,0.0036863010805326785,0.0003429239747531388,6.794407795496227e-06,1.1759685189500865e-07,0.001483620345314958,0.0003228441547756956,0.004908190112813962,4.975095842167901,1.3118753305047515,0.0
128,3236,3.5091314930369264,0.0027591693737641703,0.0005544883326165721,0.003658037900554833,0.00034029474783829177,6.690620608651443e-06,1.1580051484734484e-07,0.001472225714052441,0.00032036461874712554,0.004870179787238187,4.975104015254362,1.3118776037900373,0.0
128,3240,3.51346910922115,0.002738194330801586,0.0005502731449918205,0.0036299957606981876,0.000337686083529506,6.5884345872291306e-06,1.1403189059212935e-07,0.0014609204052954828,0.00031790451979954497,0.00483247080528995,4.97511211752363,1.3118798579683635,0.0
128,3244,3.5178067254053738,0.0027173814102480795,0.0005460905378186874,0.003602172885218249,0.0003350978166353478,6.4878247201249906e-06,1.1229054623996011e-07,0.0014497036992771504,0.0003154637013076098,0.004795060702497578,4.975120149607289,1.311882093207448,0.0
128,3248,3.5221443415895974,0.002696729330088376,0.0005419402534607557,0.0035745675131443255,0.00033252978333874004,6.388766422560366e-06,1.1057605628023167e-07,0.0014385748822415322,0.0003130420079540081,0.004757947035354662,4.975128112131109,1.3118843096734563,0.0
128,3252,3.526481957773821,0.0026762368187584914,0.0005378220363819208,0.003547177898151079,0.0003299818211850125,6.291235507660531e-06,1.0888800208921546e-07,0.0014275332463912465,0.0003106392857180376,0.004721127381132047,4.9751360057150995,1.3118865075310173,0.0
128,3256,3.530819573958045,0.002655902615057163,0.0005337356331285919,0.0035200023084313403,0.00032745376907007055,6.195208072767855e-06,1.0722596996238065e-07,0.0014165780898354663,0.0003082553818642956,0.00468459933769621,4.97514383097357,1.311888686943238,0.0
128,3260,3.5351571901422685,0.002635725468058178,0.0005296807923120734,0.003493039026570234,0.0003249454672286855,6.100660812080605e-06,1.0558955652551169e-07,0.0014057087165384805,0.0003058901449314859,0.004648360523321382,4.9751515885151765,1.3118908480717193,0.0
128,3264,3.539494806326492,0.0026157041370231835,0.0005256572645910429,0.003466286349420139,0.0003224567572228625,6.007570505062176e-06,1.0397835988015232e-07,0.0013949244362686047,0.00030354342472130086,0.004612408576514109,4.975159278942982,1.311892991076569,0.0
128,3268,3.543832422510716,0.002595837391315429,0.0005216648026542167,0.00343974258797685,0.00031998748193032,5.915914471188444e-06,1.0239198747432207e-07,0.0013842245645475783,0.00030121507228741067,0.004576741155825302,4.975166902854504,1.3118951161164187,0.0
128,3272,3.5481700386949395,0.00257612401031435,0.0005177031612031842,0.0034134060672571217,0.00031753748553309887,5.825670456260923e-06,1.0083005413483703e-07,0.0013736084226005322,0.0002989049399245754,0.004541355939677569,4.975174460841772,1.3118972233484363,0.0
128,3276,3.552507654879163,0.0025565627833310078,0.0005137720969354149,0.003387275126177315,0.0003151066135062723,5.736816319767968e-06,9.929217665619243e-08,0.0013630753373064042,0.0002966128811578556,0.004506250626185991,4.975181953491378,1.311899312928341,0.0
128,3280,3.556845271063387,0.002537152509523931,0.0005098713685273453,0.0033613481174328817,0.0003126947126067354,5.64933051805383e-06,9.777798216319877e-08,0.0013526246411487105,0.00029433875073189944,0.004471422932985042,4.975189381384526,1.3119013850104178,0.0
128,3284,3.56118288724761,0.002517891997815843,0.000506000736617645,0.003335623407378893,0.000310301630862091,5.563191734836437e-06,9.628710171602475e-08,0.0013422556721667306,0.00029208240460032084,0.004436870597053953,4.975196745097088,1.311903439747531,0.0
128,3288,3.565520503431834,0.002498780066811193,0.0005021599637906423,0.003310099375911953,0.0003079272175596641,5.4783789096291e-06,9.481917080211704e-08,0.0013319677739072756,0.00028984369991520345,0.004402591374542834,4.97520404519965,1.3119054772911387,0.0
128,3292,3.5698581196160575,0.002479815544714724,0.0004983488145599608,0.003284774416353477,0.00030557132323564434,5.394871465114193e-06,9.33738332715585e-08,0.0013217602953770006,0.0002876224950167238,0.004368583040607229,4.975211282257564,1.3119074977913057,0.0
128,3296,3.574195735800281,0.0024609972692498697,0.0004945670553521195,0.0032596469353328643,0.00030323379966421714,5.3126490229260526e-06,9.19507364178704e-08,0.0013116325909946892,0.00028541864942276807,0.004334843389235184,4.975218456830997,1.311909501396718,0.0
128,3300,3.578533351984505,0.0024423240875788353,0.0004908144544904723,0.003234715352673047,0.0003009144998469175,5.231691659446369e-06,9.05495354052904e-08,0.0013015840205445031,0.00028323202381875905,0.004301370233081565,4.975225569474983,1.3119114882546952,0.0
128,3304,3.5828709681687285,0.0024237948562228456,0.00048709078217918066,0.003209978101276322,0.00029861327800200876,5.151979650008798e-06,8.916988884149462e-08,0.0012916139491293507,0.0002810624800475088,0.004268161403305719,4.975232620739467,1.3119134585112044,0.0
128,3308,3.587208584352952,0.0024054084409833817,0.00048339581048738566,0.00318543362701164,0.00029632998955399773,5.073493667850926e-06,8.781146222103601e-08,0.0012817217471248563,0.0002789098810992021,0.00423521474939979,4.975239611169356,1.3119154123108738,0.0
128,3312,3.591546200537176,0.0023871637168636894,0.00047972931333343377,0.003161080388602327,0.0002940644911231898,4.996214585162306e-06,8.647392448190595e-08,0.0012719067901335046,0.00027677409110141794,0.004202528139039666,4.975246541304571,1.3119173497970056,0.0
128,3316,3.5958838167213996,0.002369059567991413,0.00047609106646932933,0.003136916857515373,0.0002918166405153897,4.920123615193006e-06,8.515695046513311e-08,0.0012621684589394272,0.00027465497530929106,0.004170099457907051,4.975253411680084,1.3119192711115872,0.0
128,3320,3.6002214329056232,0.0023510948875420166,0.0004724808474653448,0.0031129415178519065,0.0002895862967117131,4.845202397518733e-06,8.386022239054281e-08,0.001252506139463673,0.0002725524000957782,0.004137926609543757,4.9752602228259715,1.311921176395306,0.0
128,3324,3.604559049089847,0.002333268577662164,0.00046889843569462375,0.0030891528662377005,0.0002873733198584002,4.771432685402033e-06,8.258342444563943e-08,0.0012429192227195007,0.0002704662329419298,0.004106007515188393,4.975266975267463,1.3119230657875616,0.0
128,3328,3.60889666527407,0.0023155795493944413,0.0004653436123180523,0.0030655494117155626,0.00028517757125680554,4.698796544744255e-06,8.132624622904494e-08,0.0012334071047684389,0.00026839634242732826,0.004074340113620788,4.97527366952498,1.3119249394264778,0.0
128,3332,3.613234281458294,0.00229802672260256,0.000461816160269228,0.0030421296756384195,0.00028299891335345197,4.6272764393506804e-06,8.008838422625808e-08,0.0012239691866766265,0.00026634259822058747,0.0040429223610072024,4.975280306114189,1.311926797448915,0.0
128,3336,3.6175718976425175,0.0022806090258971168,0.00045831586423954033,0.0030188921915632666,0.00028083720973016497,4.556855003556848e-06,7.886953787429631e-08,0.0012146048744715173,0.0002643048710699313,0.004011752230744406,4.97528688554604,1.311928639990483,0.0
128,3340,3.621909513826741,0.0022633253965621985,0.0004548425106634214,0.002995835505146326,0.00027869232509431977,4.48751509907197e-06,7.766941054553525e-08,0.0012053135790990688,0.0002622830327938778,0.003980827713310277,4.975293408326815,1.311930467185553,0.0
128,3344,3.626247130010965,0.0022461747804823416,0.0004513958877036669,0.0029729581740387933,0.00027656412526914296,4.419240127617741e-06,7.648771495882627e-08,0.001196094716381191,0.0002602769562719799,0.003950146816114835,4.9752998749581705,1.3119322791672685,0.0
128,3348,3.6305847461951886,0.0022291561320705497,0.00044797578523697124,0.002950258767784,0.0002744524771841458,4.352013405650723e-06,7.53241623572614e-08,0.0011869477069737504,0.0002582865154356865,0.003919707563346788,4.97530628593718,1.3119340760675584,0.0
128,3352,3.6349223623794122,0.0022122684141963654,0.0004445819948394717,0.002927735867714796,0.000272357248865578,4.285818619109705e-06,7.417847037888975e-08,0.001177871976324687,0.00025631158525922905,0.003889507995828897,4.975312641756385,1.3119358580171492,0.0
128,3356,3.639259978563636,0.0021955105981152937,0.0004412143097725662,0.00290538806685285,0.0002702783094270602,4.220639880259114e-06,7.305036404055704e-08,0.0011688669546329072,0.00025435204175067584,0.003859546170866787,4.975318942903824,1.311937625145574,0.0
128,3360,3.6435975947478596,0.00217888166339801,0.00043787252496868605,0.0028832139698076313,0.00026821552906018643,4.156461329785088e-06,7.193956885102881e-08,0.0011599320768070473,0.00025240776194295893,0.0038298201621135074,4.975325189863087,1.3119393775811878,0.0
128,3364,3.6479352109320833,0.002162380597861106,0.00043455643701737905,0.0028612121926776266,0.0002661687790253348,4.093267534699407e-06,7.084581769786719e-08,0.0011510667824251516,0.00025047862388510004,0.0038003280594110897,4.975331383113351,1.311941115451176,0.0
128,3368,3.652272827116307,0.002146006397497802,0.0004312658441513848,0.002839381362951591,0.00026413793164248094,4.031043204122398e-06,6.976884592823318e-08,0.0011422705156943712,0.00024856450663344055,0.003771067968665247,4.9753375231294275,1.3119428388815657,0.0
128,3372,3.6566104433005306,0.0021297580664092,0.0004280005462328197,0.002817720119410499,0.0002621228602820771,3.969773274548061e-06,6.8708392824646e-08,0.001133542725410944,0.000246665290242933,0.0037420380116887663,4.9753436103817945,1.3119445479972394,0.0
128,3376,3.660948059484754,0.0021136346167367104,0.00042476034473959667,0.0027962271120312455,0.00026012343935609373,3.909443023530912e-06,6.766420357266217e-08,0.0011248828649208916,0.00024478085575858866,0.0037132363260705048,4.975349645336648,1.3119462429219428,0.0
128,3380,3.6652856756689776,0.002097635068594523,0.0004215450427518549,0.0027749010018904433,0.00025813954430907,3.8500377570471755e-06,6.663602384975796e-08,0.0011162903920807618,0.00024291108520693453,0.0036846610650348535,4.975355628455933,1.3119479237782985,0.0
128,3384,3.6696232918532012,0.0020817584500029984,0.00041835444493857395,0.00275374046106953,0.0002561710516092862,3.791543178977008e-06,6.562360622028653e-08,0.0011077647692189034,0.0002410558615875869,0.003656310397304565,4.97536156019739,1.311949590687815,0.0
128,3388,3.673960908037425,0.0020660037968226307,0.0004151883575443026,0.0027327441725606963,0.0002542178387400128,3.7339453342610796e-06,6.462670915163832e-08,0.0010993054630970755,0.00023921506886489703,0.0036281825069649216,4.975367441014593,1.311951243770898,0.0
128,3392,3.6782985242216486,0.002050370152688192,0.0004120465883759243,0.002711910830173152,0.00025227978419079043,3.6772300973098027e-06,6.364508815968511e-08,0.001090911944872204,0.00023738859195962937,0.003600275593327369,4.975373271356984,1.3119528831468608,0.0
128,3396,3.6826361404058723,0.002034856568943965,0.00040892894678964194,0.0026912391384409113,0.00025035676744885157,3.6213839962329075e-06,6.267851007445352e-08,0.0010825836900587513,0.00023557631674077275,0.003572587870793728,4.97537905166992,1.3119545089339357,0.0
128,3400,3.686973756590096,0.0020194621045792997,0.0004058352436780264,0.0026707278125310467,0.0002484486689905858,3.5663935022967053e-06,6.172674074213062e-08,0.001074320178491281,0.00023377813001739453,0.003545117568735472,4.975384782394705,1.3119561212492834,0.0
128,3404,3.6913113727743196,0.0020041858261647897,0.00040276529145719103,0.0026503755781529283,0.00024655537027309655,3.5122453141411825e-06,6.078954994426167e-08,0.0010661208942874321,0.00023199391953058343,0.0035178629313484086,4.975390463968629,1.3119577202090034,0.0
128,3408,3.6956489889585433,0.0019890268077887127,0.00039971890405401836,0.002630181171467801,0.00024467675372578934,3.4589264430451294e-06,5.986671287350948e-08,0.001057985325811026,0.00023022357394542124,0.0034908222175305727,4.975396096825011,1.3119593059281447,0.0
128,3412,3.699986605142767,0.0019739841309947045,0.000396695896893635,0.002610143339000109,0.00024281270274212265,3.4064240992393024e-06,5.895800816597526e-08,0.0010499129656358875,0.00022846698284311042,0.0034639937007535132,4.97540168139323,1.3119608785207146,0.0
128,3416,3.7043242213269907,0.00195905688471926,0.0003936960868868515,0.002590260837548657,0.0002409631016713437,3.3547255497978767e-06,5.806321544159977e-08,0.0010419033105096064,0.00022672403671308812,0.003437375668928801,4.975407218098763,1.3119624380996906,0.0
128,3420,3.7086618375112144,0.0019442441652300978,0.00039071929241777645,0.002570532434099036,0.00023912783581034138,3.3038184596989595e-06,5.718212120720064e-08,0.0010339558613178144,0.00022499462694525283,0.0034109664242935405,4.975412707363225,1.3119639847770288,0.0
128,3424,3.7129994536954376,0.0019295450760652786,0.000387765333331581,0.002550956905737006,0.00023730679139558885,3.2536905223423673e-06,5.631451246151526e-08,0.0010260701230488467,0.0002232786458222744,0.00338476428327293,4.975418149604404,1.3119655186636738,0.0
128,3428,3.7173370698796613,0.001914958727972198,0.00038483403092223913,0.0025315330395618957,0.00023549985559508736,3.2043296585015923e-06,5.546018013863923e-08,0.0010182456047584238,0.00022157598651190863,0.0033587675763607117,4.975423545236293,1.311967039869569,0.0
128,3432,3.721674686063885,0.001900484238848014,0.0003819252079205558,0.0025122596326019385,0.00023370691650049006,3.1557241868540586e-06,5.4618922059544996e-08,0.001010481819535116,0.00021988654305948229,0.0033329746479997496,4.97542889466913,1.311968548503666,0.0
128,3436,3.7260123022481086,0.0018861207336796487,0.0003790386884821094,0.0024931354917290902,0.00023192786311917795,3.1078622555469337e-06,5.3790533093686346e-08,0.0010027782844656023,0.0002182102103803331,0.0033073838564561197,4.975434198309434,1.3119700446739337,0.0
128,3440,3.7303499184323323,0.0018718673444850734,0.00037617429817545227,0.00247415943357565,0.0002301625853665034,3.060732410631317e-06,5.297481499739394e-08,0.000995134520600664,0.0002165468842524098,0.003281993573702025,4.975439456560035,1.3119715284873674,0.0
128,3444,3.734687534616556,0.0018577232102547868,0.00037333186397035047,0.002455330284451161,0.0002284109740580597,3.014323368688565e-06,5.2171572478517064e-08,0.000987550052921292,0.0002148964613088968,0.0032568021852906635,4.975444669820112,1.3119730000499996,0.0
128,3448,3.7390251508007797,0.0018436874768935714,0.00037051121422607846,0.002436646880259817,0.00022667292090199756,2.9686239884085808e-06,5.1380612704503895e-08,0.0009800244103050088,0.00021325883903088597,0.0032318080902440562,4.975449838485228,1.3119744594669072,0.0
128,3452,3.7433627669850034,0.0018297592971633497,0.0003677121786799356,0.0024181080664193184,0.0002249483184914767,2.923623299011524e-06,5.060174579432126e-08,0.0009725571254927751,0.00021163391574017496,0.0032070097009325167,4.975454962947362,1.3119759068422217,0.0
128,3456,3.747700383169227,0.0018159378306259368,0.0003649345884357418,0.0023997126977797134,0.0002232370602971159,2.879310471826102e-06,4.9834784326534854e-08,0.0009651477350558969,0.00021002159059206623,0.0031824054429580527,4.975460043594939,1.3119773422791383,0.0
128,3460,3.7520379993534507,0.0018022222435866264,0.00036217827595249995,0.0023814596385433318,0.0002215390406595447,2.835674962398116e-06,4.9079545798908126e-08,0.0009577957793633734,0.00020842176356826168,0.0031579937550424795,4.975465080812874,1.3119787658799242,0.0
128,3464,3.7563756155376744,0.0017886117090380592,0.0003594430750331162,0.0023633477621852815,0.0002198541547820074,2.792706283116786e-06,4.833584869304407e-08,0.0009505008025494874,0.00020683433546981017,0.0031337730889089304,4.975470074982592,1.3119801777459283,0.0
128,3468,3.7607132317218976,0.0017751054066050004,0.0003567288208133018,0.002345375951375113,0.00021818229872307588,2.7503941453232983e-06,4.7603514933984126e-08,0.000943262352481861,0.0002052592079101562,0.003109741909171151,4.97547502648207,1.3119815779775887,0.0
128,3472,3.7650508479061213,0.0017617025224889186,0.000354035349750436,0.0023275430978982672,0.00021652336938934204,2.7087284024673863e-06,4.6882368906368585e-08,0.0009360799807294276,0.00020369628330817055,0.0030858986932216156,4.975479935685865,1.3119829666744425,0.0
128,3476,3.769388464090345,0.0017484022494137319,0.00035136249961266274,0.0023098481025792357,0.00021487726452826988,2.6676990501073305e-06,4.6172237454436615e-08,0.0009289532425311092,0.00020214546488133418,0.003062241931119393,4.975484802965146,1.3119843439351335,0.0
128,3480,3.7737260802745687,0.0017352037865716189,0.00034871010946800087,0.002292289875204769,0.00021324388272105153,2.627296396440215e-06,4.547295283354493e-08,0.0009218816967645057,0.0002006066566389249,0.0030387701254848743,4.975489628687728,1.3119857098574215,0.0
128,3484,3.7780636964587924,0.0017221063395690408,0.0003460780196734966,0.0022748673344474626,0.0002116231233754989,2.5875106359762867e-06,4.478434533137113e-08,0.000914864905914749,0.00019907976337523982,0.003015481791379242,4.975494413218099,1.3119870645381901,0.0
128,3488,3.782401312643016,0.0017091091203742179,0.00034346607186466825,0.0022575794077913575,0.00021001488671912257,2.5483323611297237e-06,4.4106252122469654e-08,0.0009079024360441694,0.0001975646906629946,0.002992375456207409,4.97549915691746,1.311988408073455,0.0
128,3492,3.7867389288272397,0.0016962113472640337,0.00034087410894483624,0.002240425031456807,0.00020841907379214234,2.509752107471286e-06,4.343850939755542e-08,0.0009009938567616742,0.00019606134484666008,0.0029694496596136934,4.97550386014374,1.311989740558372,0.0
128,3496,3.7910765450114634,0.0016834122447718248,0.0003383019750746304,0.0022234031503265456,0.00020683558644060966,2.4717607232105365e-06,4.278095875846084e-08,0.0008941387411926084,0.0001945696330359037,0.0029467029533590495,4.975508523251645,1.3119910620872464,0.0
128,3500,3.795414161195687,0.001670711043635658,0.00033574951566159593,0.0022065127178725495,0.0002052643273096038,2.434349170243877e-06,4.213344377469746e-08,0.0008873366659489478,0.00019308946309910352,0.0029241339012324482,4.975513146592673,1.311992372753539,0.0
128,3504,3.7997517773799108,0.0016581069807468133,0.0003332165773498403,0.0021897526960831235,0.0002037051998364489,2.3975083820459986e-06,4.149580752385702e-08,0.0008805872110995775,0.00019162074365688055,0.0029017410789430975,4.975517730515156,1.311993672649876,0.0
128,3508,3.8040893935641344,0.0016455992990991074,0.00033070300800984947,0.002173122055391239,0.00020215810824404746,2.361229661573816e-06,4.086789947848835e-08,0.0008738899601410872,0.00019016338407574354,0.0028795230740076465,4.975522275364275,1.311994961868056,0.0
128,3512,3.808427009748358,0.0016331872477382621,0.00032820865672831244,0.002156619774602955,0.00020062295753422185,2.325504425471081e-06,4.0249571078819386e-08,0.0008672444999686009,0.00018871729446174164,0.0028574784856633113,4.975526781482107,1.3119962404990575,0.0
128,3516,3.8127646259325814,0.0016208700817120568,0.0003257333737981041,0.00214024484082691,0.00019909965348115485,2.2903239482729987e-06,3.964067130547917e-08,0.0008606504208470395,0.00018728238565421067,0.0028356059247547616,4.975531249207638,1.3119975086330475,0.0
128,3520,3.817102242116805,0.0016086470620204952,0.00032327701070827055,0.0021239962494039237,0.00019758810262484087,2.2556800161055435e-06,3.904105799365272e-08,0.0008541073163824349,0.00018585856921953116,0.00281390401363605,4.975535678876801,1.3119987663593882,0.0
128,3524,3.8214398583010287,0.0015965174555667102,0.00032083942013416277,0.002107873003837646,0.0001960882122646346,2.221564272986143e-06,3.845058651892616e-08,0.0008476147834936738,0.00018444575744497942,0.0027923713860765324,4.975540070822504,1.3120000137666454,0.0
128,3528,3.8257774744852524,0.0015844805351085233,0.000318420455927702,0.0020918741157260287,0.00019459989045287588,2.1879685903059e-06,3.786911619224381e-08,0.0008411724223845642,0.00018304386333264924,0.002771006687155692,4.975544425374652,1.3120012509425958,0.0
128,3532,3.830115090669476,0.001572535579209356,0.00031601997310751466,0.002075998604692135,0.00019312304598845316,2.1548850668295927e-06,3.7296510259908224e-08,0.0008347798365156561,0.00018165280059331983,0.0027498085731708067,4.975548742860182,1.312002477974234,0.0
128,3536,3.8344527068536998,0.0015606818721913165,0.00031363782784950495,0.002060245498317752,0.00019165758841062784,2.1223057160568715e-06,3.673263049246258e-08,0.00082843663257718,0.00018027248364056703,0.0027287757115353538,4.975553023603086,1.3120036949477802,0.0
128,3540,3.8387903230379234,0.001548918704086877,0.0003112738774771431,0.0020446138320752614,0.00019020342799269614,2.0902227788610617e-06,3.617734259580831e-08,0.0008221424204612967,0.00017890282758472486,0.002707906780684771,4.975557267924442,1.3120049019486875,0.0
128,3544,3.843127939222147,0.0015372453705921807,0.00030892798045208266,0.00202910264926167,0.00018876047573585265,2.0586287234891643e-06,3.5630516211205006e-08,0.0008158968132352174,0.00017754374822703616,0.0026872004699858005,4.975561476142437,1.312006099061649,0.0
128,3548,3.847465555406371,0.0015256611730201629,0.00030659999636473893,0.002013711000932543,0.00018732864336304386,2.0275159897664707e-06,3.5092020487992496e-08,0.000809699427114292,0.0001761951620537965,0.0026666554796324652,4.975565648572396,1.312007286370605,0.0
128,3552,3.8518031715905945,0.00151416541825448,0.00030428978592503096,0.0019984379458368885,0.000185907843312911,1.9968770743616915e-06,3.4561725559350175e-08,0.000803549881435476,0.00017485698623058047,0.0026462705205650442,4.975569785526811,1.3120084639587501,0.0
128,3556,3.856140787774818,0.001502757418703517,0.00030199721095313845,0.0019832825503523998,0.0001844979887337659,1.9667047865823406e-06,3.403950696957494e-08,0.0007974477986309597,0.0001735291385965032,0.0026260443143684507,4.9755738873153605,1.3120096319085401,0.0
128,3560,3.860478403959042,0.0014914364922547776,0.0002997221343703361,0.0019682438884210374,0.00018309899347759807,1.9369919641576416e-06,3.352524075488347e-08,0.0007913928042019193,0.00017221153765850845,0.0026059755931824957,4.975577954244944,1.312010790301699,0.0
128,3564,3.864816020143265,0.0014802019622300253,0.00029746442018997846,0.0019533210414858565,0.00018171077209419836,1.9077315300819464e-06,3.301880442725179e-08,0.0007853845266927905,0.0001709041025857704,0.002586063099614812,4.9755819866197015,1.3120119392192253,0.0
128,3568,3.8691536363274888,0.0014690531573400205,0.0002952239335084042,0.001938513098427155,0.0001803332398252188,1.878916492614735e-06,3.2520076974415215e-08,0.0007794225976652581,0.0001696067532040337,0.002566305586644064,4.975585984741042,1.3120130787414004,0.0
128,3572,3.8734912525117124,0.0014579894116411084,0.00029300054049621145,0.0019238191555013256,0.0001789663125984842,1.8505400305457442e-06,3.202894033562774e-08,0.0007735066516733531,0.0001683194099901943,0.002546701817538108,4.975589948907668,1.312014208947793,0.0
128,3576,3.877828868695936,0.0014470100644903958,0.0002907941083892503,0.001909238316277664,0.00017760990702211387,1.8225954363515484e-06,3.1545278417822445e-08,0.0007676363262377116,0.00016704199406669833,0.0025272505657612074,4.9755938794156,1.3120153299172683,0.0
128,3580,3.88216648488016,0.0014361144605026155,0.0002886045054799542,0.0018947696915776412,0.00017626394037887204,1.795076002508722e-06,3.106897512793241e-08,0.0007618112618208484,0.00016577442719616114,0.0025079506148880685,4.975597776558202,1.3120164417279916,0.0
128,3584,3.8865041010643835,0.001425301949506812,0.0002864316011086353,0.001880412399413885,0.0001749283306204917,1.7679753625543526e-06,3.059992027592803e-08,0.000756031101802303,0.0001645166317759592,0.0024888007585151845,4.975601640626209,1.3120175444574378,0.0
128,3588,3.890841717248607,0.001414571886503516,0.0002842752656548782,0.0018661655649298637,0.00017360299636206357,1.7412869226518524e-06,3.013799973642147e-08,0.0007502954924540777,0.0001632685308328852,0.0024697998001762243,4.975605471907743,1.3120186381823962,0.0
128,3592,3.895179333432831,0.0014039236316222862,0.00028213537052900763,0.0018520283203401298,0.00017228785687647703,1.7150044016034371e-06,2.9683104795142457e-08,0.0007446040829163045,0.000162030048017853,0.0024509465532586965,4.975609270688348,1.3120197229789772,0.0
128,3596,3.8995169496170545,0.001393356550079506,0.0002800117881636068,0.001837999804870939,0.00017098283208889632,1.6891216034764511e-06,2.9235128213580017e-08,0.0007389565251730673,0.00016080110760063643,0.0024322398409146787,4.975613037251005,1.3120207989226187,0.0
128,3600,3.903854565801278,0.0013828700121368302,0.00027790439200516725,0.0018240791647017437,0.00016968784257131767,1.6636323323382385e-06,2.879396275322319e-08,0.0007333524740285747,0.0001595816344646844,0.0024136784959803014,4.975616771876161,1.3120218660880922,0.0
128,3604,3.908192181985502,0.0013724633930595404,0.0002758130565057194,0.0018102655529066355,0.00016840280953712208,1.6385306196298188e-06,2.8359505110919208e-08,0.0007277915870833222,0.00015837155410193356,0.0023952613608960015,4.97562047484175,1.3120229245495094,0.0
128,3608,3.912529798169725,0.0013621360730757242,0.0002737376571146295,0.0017965581293968946,0.0001671276548357308,1.6138104967922118e-06,2.793165198351531e-08,0.000722273524710696,0.00015717079260771727,0.0023769872876146696,4.975624146423216,1.312023974380328,0.0
128,3612,3.916867414353949,0.001351887437335495,0.00027167807027040416,0.001782956060863682,0.00016586230094727417,1.589466137374984e-06,2.75103025274576e-08,0.0007167979500336461,0.00015597927667568946,0.0023588551375316818,4.975627786893539,1.3120250156533575,0.0
128,3616,3.9212050305381725,0.00134171687587077,0.0002696341733926071,0.0017694585207214423,0.00016460667097732663,1.5654917149277026e-06,2.7095355899192197e-08,0.0007113645289016391,0.00015479693359280944,0.002340863781394418,4.975631396523253,1.3120260484407658,0.0
128,3620,3.925542646722396,0.001331623783554934,0.0002676058448737536,0.0017560646890512578,0.00016336068865163705,1.5418815735301905e-06,2.668671420668386e-08,0.0007059729298676037,0.00015362369123432515,0.0023230120992288822,4.975634975580475,1.3120270728140855,0.0
128,3624,3.92988026290662,0.0013216075600635088,0.00026559296407140603,0.001742773752545552,0.00016212427831098475,1.5186301425273996e-06,2.6284281033656668e-08,0.0007006228241654158,0.0001524594780588737,0.002305298980258187,4.975638524330919,1.3120280888442188,0.0
128,3628,3.9342178790908435,0.0013116676098349925,0.0002635954113003043,0.0017295849044530436,0.0001608973649060589,1.4957319081077003e-06,2.5887960947674266e-08,0.0006953138856874918,0.00015130422310360569,0.002287723322819232,4.975642043037926,1.3120290966014434,0.0
128,3632,3.938555495275067,0.0013018033420313592,0.00026161306782442766,0.0017164973445232957,0.00015967987399229973,1.4731815269897197e-06,2.549766146781894e-08,0.0006900457909622173,0.00015015785597927343,0.00227028403429567,4.9756455319624795,1.3120300961554199,0.0
128,3636,3.942893111459291,0.0012920141704998033,0.000259645815849307,0.0017035102789529487,0.00015847173172489723,1.450973599048666e-06,2.5113289129333422e-08,0.0006848182191320615,0.00014902030686546856,0.0022529800310327652,4.975648991363235,1.312031087575195,0.0
128,3640,3.9472307276435146,0.0012822995137342762,0.00025769353851429487,0.0016906229203317617,0.00015727286485377125,1.4291028946900042e-06,2.4734753418979104e-08,0.000679630851931616,0.00014789150650584325,0.0022358102382574263,4.975652421496532,1.312032070929209,0.0
128,3644,3.9515683438277382,0.0012726587948375656,0.00025575611988494507,0.0016778344875893482,0.0001560832007186166,1.4075642127409083e-06,2.4361964315437146e-08,0.0006744833736659162,0.00014677138620339258,0.002218773590015273,4.975655822616423,1.3120330462853014,0.0
128,3648,3.955905960011962,0.0012630914414833974,0.00025383344494539647,0.0016651442059419893,0.00015490266724395524,1.3863526078239374e-06,2.3994836224666686e-08,0.0006693754711887927,0.00014565987781574403,0.002201869029079946,4.97565919497469,1.3120340137107156,0.0
128,3652,3.9602435761961856,0.0012535968858794308,0.0002519253995909366,0.0016525513068406676,0.00015373119293430213,1.365462878766266e-06,2.3633279125348886e-08,0.000664306833881721,0.00014455691375055474,0.002185095506893245,4.9756625388208695,1.3120349732721046,0.0
128,3656,3.964581192380409,0.00124417456472998,0.00025003187062050977,0.0016400550279188466,0.0001525687068693073,1.3448901938772906e-06,2.3277209391121987e-08,0.0006592771536325756,0.00014346242696088848,0.002168451983476134,4.975665854402268,1.3120359250355373,0.0
128,3660,3.9689188085646325,0.0012348239191994313,0.00024815274572936576,0.001627654612941097,0.00015141513869897655,1.3246297498881177e-06,2.2926543887544e-08,0.0006542861248147192,0.00014237635094066517,0.002151937427373135,4.975669141963989,1.3120368690665027,0.0
128,3664,3.973256424748856,0.001225544394875739,0.0002462879135017234,0.001615349311751902,0.00015027041863890933,1.3046766582647251e-06,2.2581198004413613e-08,0.0006493334442661695,0.00014129861972012766,0.002135550815565401,4.975672401748945,1.312037805429916,0.0
128,3668,3.97759404093308,0.0012163354417342803,0.0002444372634035073,0.0016031383802250132,0.00014913447746558715,1.2850262578467664e-06,2.2241091066887717e-08,0.0006444188112689946,0.00014022916786135794,0.0021192911334041607,4.975675633997884,1.312038734190124,0.0
128,3672,3.9819316571173036,0.001207196514102325,0.00024260068577520706,0.0015910210802136365,0.00014800724651173975,1.265674029582442e-06,2.190614485972207e-08,0.000639541927529043,0.00013916793045386623,0.0021031573745406837,4.9756788389494115,1.3120396554109097,0.0
128,3676,3.9862692733015272,0.0011981270706232434,0.00024077807182468485,0.0015789966795002254,0.0001468886576616745,1.2466152270462771e-06,2.157627723231424e-08,0.0006347024971555123,0.0001381148431101451,0.0020871485408517076,4.97568201684,1.312040569155498,0.0
128,3680,3.990606889485751,0.0011891265742214009,0.00023896931362012033,0.0015670644517473654,0.00014577864334670723,1.22784544487331e-06,2.1251411937099094e-08,0.0006299002266409709,0.00013706984196132206,0.002071263642378768,4.97568516790402,1.3120414754865604,0.0
128,3684,3.9949445056699746,0.0011801944920673544,0.00023717430408301651,0.0015552236764489627,0.00014467713654062176,1.2093603061202884e-06,2.0931473218431264e-08,0.0006251348248414961,0.00013603286365283747,0.0020555016972430757,4.975688292373753,1.3120423744662209,0.0
128,3688,3.9992821218541983,0.0011713302955432157,0.0002353929369812391,0.0015434736388817243,0.0001435840707551559,1.1911553770005412e-06,2.0616384336825845e-08,0.0006204060029569321,0.0001350038453401486,0.0020398617315939486,4.975691390479408,1.3120432661560604,0.0
128,3692,4.003619738038422,0.0011625334602082748,0.0002336251069221081,0.0015318136300570791,0.0001424993800355291,1.1732264511010726e-06,2.0306072488156125e-08,0.000615713474511338,0.000133982724684475,0.002024342779526961,4.975694462449152,1.3120441506171219,0.0
128,3696,4.007957354222645,0.001153803465765173,0.00023187070934559993,0.0015202429466737394,0.00014142299895602932,1.1555692367437587e-06,2.0000463392536067e-08,0.0006110569553336803,0.000132969439848597,0.00200894388302868,4.975697508509114,1.312045027909915,0.0
128,3700,4.012294970406869,0.0011451397960259774,0.00023012964051752956,0.001508760891070273,0.00014035486261560097,1.1381796412024414e-06,1.9699486213518066e-08,0.0006064361635385471,0.00013196392949265916,0.001993664091897332,4.975700528883416,1.3120458980944214,0.0
128,3704,4.016632586591093,0.0011365419388787977,0.0002284017975228419,0.0014973667711783581,0.00013929490663349637,1.1210535717509629e-06,1.9403070114654503e-08,0.0006018508195071303,0.0001309661327700318,0.001978502463686331,4.975703523794184,1.3120467612301,0.0
128,3708,4.020970202775317,0.0011280093862547538,0.00022668707825897346,0.0014860599004765868,0.00013824306714497827,1.1041869640848745e-06,1.9111144751417553e-08,0.0005973006458684359,0.00012997598932322225,0.0019634580636325905,4.975706493461569,1.3120476173758906,0.0
128,3712,4.02530781895954,0.0011195416340948477,0.00022498538142919487,0.001474839597944084,0.00013719928079700515,1.0875758960082749e-06,1.882364223887825e-08,0.0005927853674804181,0.0001289934392797695,0.0019485299645942075,4.975709438103766,1.31204846659022,0.0
128,3716,4.029645435143764,0.0011111381823176534,0.00022329660653611774,0.0014637051880153449,0.00013616348474402993,1.0712164169035532e-06,1.854049420018786e-08,0.0005883047114116104,0.00012801842324824714,0.0019337172469880192,4.975712357937028,1.3120493089310046,0.0
128,3720,4.033983051327987,0.0011027985347868874,0.0002216206538751777,0.0014526560005348734,0.00013513561664378013,1.0551046898399363e-06,1.8261634226176753e-08,0.0005838584069226766,0.00012705088231424865,0.0019190189987197566,4.9757152531756885,1.312050144455658,0.0
128,3724,4.0383206675122105,0.001094522199279201,0.00021995742452816166,0.0014416913707121723,0.00013411561465307076,1.039236991573489e-06,1.798699787535439e-08,0.0005794461854481062,0.0001260907580364042,0.0019044343151247288,4.975718124032178,1.3120509732210939,0.0
128,3728,4.042658283696435,0.0010863086874524865,0.0002183068203568388,0.001430810639077448,0.00013310341742368367,1.0236094567517284e-06,1.7716518246631362e-08,0.0005750677805782022,0.00012513799244246118,0.0018899622989040899,4.975720970717038,1.3120517952837298,0.0
128,3732,4.046995899880658,0.0010781575148146407,0.00021666874399668305,0.001420013151437914,0.00013209896409830258,1.0082186463478138e-06,1.7450135817714888e-08,0.0005707229280413055,0.0001241925280254161,0.0018756020600623237,4.975723793438942,1.3120526106994936,0.0
128,3736,4.051333516064882,0.001070068200692088,0.00021504309885054734,0.0014092982588338294,0.00013110219430642362,9.930607234309718e-07,1.7187784179435333e-08,0.0005664113656859226,0.0001232543077396254,0.0018613527158466469,4.975726592404714,1.3120534195238267,0.0
128,3740,4.055671132249105,0.001062040268198457,0.00021342978908236914,0.0013986653174947962,0.0001301130481602897,9.78132277396071e-07,1.6929404301419687e-08,0.0005621328334629554,0.00012232327499693866,0.0018472133906859156,4.975729367819336,1.3120542218116888,0.0
128,3744,4.060008748433329,0.001054073244204403,0.0002118287196111056,0.00138811368879753,0.00012913146625096207,9.63429727107723e-07,1.6674934201776295e-08,0.0005578870734085256,0.00012139937366296107,0.0018331832161266712,4.97573211988598,1.3120550176175627,0.0
128,3748,4.064346364617553,0.0010461666593069776,0.00021023979610457804,0.0013776427392231494,0.00012815738964434711,9.489497188042151e-07,1.6424315833971692e-08,0.000553673829626613,0.00012048254805327535,0.0018192613307735394,4.975734848806009,1.3120558069954575,0.0
128,3752,4.068683980801777,0.0010383200477993384,0.00020866292497338494,0.0013672518403148406,0.0001271907598772581,9.346887566152873e-07,1.617748869187355e-08,0.0005494928482718378,0.00011957274292969515,0.0018054468802378093,4.9757375547790055,1.3120565899989152,0.0
128,3756,4.073021596986,0.0010305329476408076,0.00020709801336488468,0.0013569403686361258,0.00012623151895353293,9.206435720443551e-07,1.593439620470774e-08,0.0005453438775324994,0.00011866990349657424,0.001791739017067596,4.975740238002781,1.3120573666810118,0.0
128,3760,4.077359213170224,0.0010228049004272386,0.00020554496915724038,0.0013467077057294353,0.00012527960934018026,9.068107829079963e-07,1.5694979834021018e-08,0.0005412266676137267,0.00011777397539713982,0.0017781369006932193,4.975742898673396,1.3120581370943638,0.0
128,3764,4.081696829354447,0.0010151354513614754,0.0002040037009534834,0.0013365532380749407,0.00012433497396355003,8.931872343964642e-07,1.545918497671836e-08,0.0005371409707207467,0.0001168849047098517,0.001764639697370768,4.975745536985169,1.3120589012911321,0.0
128,3768,4.0860344455386715,0.0010075241492242693,0.0002024741180756687,0.0013264763570499754,0.00012339755620555825,8.797697148565931e-07,1.5226956045865177e-08,0.0005330865410423871,0.0001160026379448124,0.0017512465801259277,4.975748153130706,1.3120596593230258,0.0
128,3772,4.090372061722895,0.0009999705463451785,0.00020095613055902674,0.0013164764588884316,0.00012246729989991007,8.665550979003456e-07,1.4998238930286217e-08,0.0005290631347345687,0.00011512712204017504,0.0017379567286909324,4.975750747300901,1.3120604112413063,0.0
128,3776,4.094709677907118,0.0009924741985739653,0.00019944964914621544,0.0013065529446409205,0.0001215441493283935,8.535402571396844e-07,1.4772979518806219e-08,0.0005250705099041146,0.00011425830435862,0.0017247693294537303,4.9757533196849595,1.3120611570967908,0.0
128,3780,4.099047294091342,0.0009850346652520413,0.00019795458528158163,0.001296705220134906,0.00012062804921717078,8.407221798734099e-07,1.4551125667929024e-08,0.0005211084265925402,0.00011339613268382771,0.0017116835753974982,4.975755870470414,1.3120618969398576,0.0
128,3784,4.103384910275565,0.0009776515091842642,0.00019647085110549348,0.0012869326959354171,0.00011971894473312369,8.280978534003225e-07,1.433262523415848e-08,0.0005171766467600872,0.00011254055521700418,0.0016986986660537707,4.97575839984314,1.3120626308204497,0.0
128,3788,4.107722526459789,0.0009703242966109892,0.0001949983594487237,0.0012772347873061072,0.00011881678148023085,8.156642650192225e-07,1.4117426073998426e-08,0.0005132749342698945,0.00011169152057343665,0.0016858138074324104,4.975760907987364,1.3120633587880786,0.0
128,3792,4.112060142644013,0.0009630525971802404,0.00019353702382685715,0.001267610914170459,0.00011792150549595895,8.034186578242952e-07,1.390548047123068e-08,0.000509403054872231,0.00011084897777906242,0.0016730282119827343,4.975763395085687,1.3120640808918265,0.0
128,3796,4.116397758828237,0.0009558359839202629,0.00019208675843477487,0.0012580605010735868,0.00011703306324770924,7.913580475360504e-07,1.3696736774278861e-08,0.0005055607761889729,0.00011001287626709117,0.0016603410985302882,4.975765861319096,1.3120647971803538,0.0
128,3800,4.12073537501246,0.0009486740332119475,0.00019064747814111235,0.0012485829771437774,0.00011615140162923976,7.794796772486734e-07,1.3491147266924787e-08,0.0005017478676979698,0.00010918316587460283,0.0016477516922269193,4.975768306866977,1.3120655077019003,0.0
128,3804,4.125072991196684,0.0009415663247622567,0.00018921909848291938,0.0012391777760555208,0.00011527646795722633,7.677807616346399e-07,1.3288663741030502e-08,0.000497964100718023,0.0001083597968392788,0.0016352592244924522,4.975770731907132,1.3120662125042892,0.0
128,3808,4.129410607380907,0.0009345124415768684,0.0001878015356601623,0.0012298443359914043,0.00011440820996771764,7.562584869447164e-07,1.3089237496538273e-08,0.0004942092483933992,0.000107542719796032,0.0016228629329711976,4.975773136615794,1.312066911634932,0.0
128,3812,4.1337482235651315,0.0009275119699337814,0.00018639470653041977,0.00122058209960541,0.00011354657581272092,7.449102668033447e-07,1.2892823768748567e-08,0.0004904830856789182,0.000106731885773762,0.0016105620614704787,4.975775521167637,1.3120676051408309,0.0
128,3816,4.138085839749355,0.0009205644993570797,0.00018499852860361037,0.0012113905139863523,0.00011269151405680064,7.337334579915478e-07,1.2699376809122306e-08,0.00048678538932509223,0.00010592724619212114,0.0015983558599144793,4.975777885735795,1.3120682930685834,0.0
128,3820,4.142423455933578,0.0009136696225902891,0.00018361292003663836,0.0012022690306208298,0.00011184297367363215,7.227253888686391e-07,1.2508850377200631e-08,0.00048311593786307393,0.0001051287528582391,0.001586243584292216,4.975780230491874,1.3120689754643864,0.0
128,3824,4.146761072117802,0.0009068269355710835,0.00018223779962831048,0.001193217105358034,0.00011100090404272785,7.118835014807701e-07,1.2321200200203788e-08,0.0004794745115903568,0.0001043363579636114,0.0015742244966044391,4.975782555605966,1.3120696523740378,0.0
128,3828,4.151098688302025,0.0009000360374048654,0.00018087308681402674,0.0011842341983730209,0.0001101652549460205,7.012052662958013e-07,1.2136382497271794e-08,0.00047586089255585387,0.00010355001408085223,0.0015622978648170776,4.9757848612466615,1.3120703238429428,0.0
128,3832,4.1554363044862495,0.0008932965303397073,0.00017951870166074452,0.001175319774131816,0.0001093359765646171,6.906882390467217e-07,1.1954354963303993e-08,0.00047227486454571644,0.00010276967416060868,0.0015504629628060658,4.975787147581067,1.3120709899161151,0.0
128,3836,4.159773920670473,0.000886608019740737,0.00017817456486183113,0.0011664733013558592,0.0001085130194754913,6.80329947044811e-07,1.1775074801279956e-08,0.00046871621306889374,0.00010199529152841835,0.001538719070310991,4.975789414774812,1.312071650638182,0.0
128,3840,4.164111536854697,0.0008799701140652927,0.00017684059773207065,0.0011576942529874196,0.00010769633464826596,6.701279744447675e-07,1.15985001980188e-08,0.0004651847253430776,0.00010122681988165092,0.0015270654728885725,4.975791662992069,1.312072306053387,0.0
128,3844,4.16844915303892,0.000873382424837799,0.00017551672220261525,0.0011489821061547202,0.00010688587344196902,6.600799054012896e-07,1.1424589340339644e-08,0.0004616801902805391,0.00010046421328642603,0.0015155014618591367,4.975793892395564,1.3120729562055937,0.0
128,3848,4.172786769223144,0.0008668445666253715,0.00017420286081608252,0.0011403363421379775,0.00010608158760187409,6.501834377559135e-07,1.1253302382740708e-08,0.0004582023984743269,9.970742617460998e-05,0.0015040263342598133,4.975796103146589,1.312073601138289,0.0
128,3852,4.177124385407367,0.0008603561570131046,0.00017289893672158915,0.0011317564463351312,0.00010528342925631252,6.404362977718847e-07,1.1084599971639987e-08,0.0004547511421843515,9.895641334078768e-05,0.0014926393928006354,4.975798295405014,1.3120742408945867,0.0
128,3856,4.1814620015915915,0.000853916816579556,0.0001716048736698245,0.0011232419082277735,0.00010449135091350383,6.3083615486903e-07,1.0918441769615925e-08,0.0004513262153235436,9.821112993925049e-05,0.0014813399458095788,4.975800469329305,1.312074875517231,0.0
128,3860,4.185799617775815,0.0008475261688732906,0.00017032059600833655,0.0011147922213485392,0.00010370530545852223,6.213807921540138e-07,1.0754789406926066e-08,0.00044792741344460677,9.747153148111365e-05,0.0014701273071925328,4.97580262507653,1.312075505048599,0.0
128,3864,4.190137233960038,0.0008411838403885812,0.00016904602867664882,0.0011064068832474126,0.00010292524615016218,6.120680495769193e-07,1.0593605497667507e-08,0.0004445545337263343,9.673757383133863e-05,0.0014590007963857293,4.975804762802376,1.3120761295307048,0.0
128,3868,4.194474850144262,0.0008348894605419074,0.0001677810972015375,0.001098085395459071,0.00010215112661790047,6.028957386661205e-07,1.0434852164017564e-08,0.0004412073749603444,9.600921320584676e-05,0.0014479597383053125,4.975806882661162,1.3120767490052023,0.0
128,3872,4.198812466328485,0.0008286426616481772,0.00016652572769225286,0.0010898272634698976,0.00010138290085882758,5.938616709499911e-07,1.027849152815356e-08,0.000437885737537683,9.528640616860383e-05,0.0014370034633037823,4.975808984805847,1.3120773635133895,0.0
128,3876,4.2031500825127095,0.0008224430788978432,0.00016527984683592056,0.0010816319966862203,0.00010062052323469306,5.849638569088711e-07,1.0124489155691236e-08,0.00043458942343592454,9.456910962881318e-05,0.0014261313071283995,4.975811069388048,1.31207797309621,0.0
128,3880,4.207487698696933,0.0008162903503336048,0.0001640433818928596,0.0010734991084019642,9.986394846889631e-05,5.762001364928437e-07,9.97280766072769e-09,0.0004313182362060334,9.385728083805671e-05,0.0014153426108704284,4.975813136558046,1.3120785777942572,0.0
128,3884,4.211825314881157,0.0008101841168275844,0.00016281626069199559,0.0010654281157670199,9.911313164354398e-05,5.675684917605395e-07,9.823412116958894e-09,0.0004280719809595208,9.315087738750006e-05,0.001404636720923208,4.975815186464805,1.3120791776477776,0.0
128,3888,4.21616293106538,0.0008041240220585561,0.00016159841162628465,0.0010574185397556513,9.83680281965111e-05,5.590669616140076e-07,9.676268581920363e-09,0.00042485046435561386,9.244985720510063e-05,0.0013940129889410662,4.975817219255977,1.312079772696673,0.0
128,3892,4.220500547249604,0.0007981097124893037,0.00016038976364816322,0.0010494699051350979,9.762859391852025e-05,5.506934996901691e-07,9.531341637388296e-09,0.0004216534945885068,9.175417855283327e-05,0.001383470771790372,4.975819235077919,1.3120803629805051,0.0
128,3896,4.2248381634338275,0.0007921408373445343,0.00015919024626510943,0.0010415817404349464,9.689478495029228e-05,5.424462301562016e-07,9.388598816657537e-09,0.0004184808813749231,9.106380002398385e-05,0.001373009431504164,4.9758212340757035,1.3120809485384968,0.0
128,3900,4.229175779618052,0.0007862170485888777,0.000157999789535222,0.0010337535779166229,9.616655777970829e-05,5.343231919141544e-07,9.248006177263606e-09,0.0004153324359417269,9.037868054045328e-05,0.0013626283352510548,4.975823216393127,1.3120815294095363,0.0
128,3904,4.233513395802275,0.0007803380009042385,0.0001568183240626687,0.001025984953542043,9.544386923889325e-05,5.26322565974624e-07,9.109532236340898e-09,0.000412207971013197,8.96987793499884e-05,0.0013523268552771907,4.975825182172726,1.3120821056321799,0.0
128,3908,4.237851011986499,0.0007745033516687372,0.00015564578099345436,0.001018275406944396,9.472667650149819e-05,5.184423912396596e-07,8.973143051424935e-09,0.00040910730079916246,8.902405602360018e-05,0.0013421043688784488,4.9758271315557865,1.312082677244655,0.0
128,3912,4.242188628170722,0.0007687127609348562,0.00015448209201102906,0.0010106244813978685,9.401493707988359e-05,5.106809055632766e-07,8.838808123489662e-09,0.0004060302409827096,8.835447045288863e-05,0.001331960258344423,4.975829064682354,1.312083244284863,0.0
128,3916,4.246526244354945,0.0007629658914078919,0.00015332718933195789,0.0010030317237878206,9.330860882234514e-05,5.030362899560714e-07,8.706495969669474e-09,0.00040297660870807666,8.768998284740869e-05,0.0013218939109295464,4.975830981691246,1.3120838067903815,0.0
128,3920,4.2508638605391695,0.0007572624084247903,0.0001521810057016675,0.0009954966845814475,9.260764991038431e-05,4.955067538503499e-07,8.576175599018542e-09,0.00039994622256873973,8.703055373207763e-05,0.0013119047188021725,4.975832882720064,1.312084364798469,0.0
128,3924,4.255201476723393,0.0007516019799331323,0.00015104347439022327,0.000988018917798704,9.191201885600368e-05,4.880906772086746e-07,8.447818972109687e-09,0.0003969389025956121,8.637614394460713e-05,0.0013019920790120812,4.975834767905202,1.3120849183460657,0.0
128,3928,4.259539092907617,0.0007459842764702507,0.00014991452918813224,0.0009805979809833745,9.122167449901564e-05,4.807861557765136e-07,8.32139313031798e-09,0.0003939544702452982,8.572671463294735e-05,0.0012921553934401074,4.975836637381861,1.3120854674697973,0.0
128,3932,4.26387670909184,0.000740408971142446,0.00014879410440216657,0.0009732334351743095,9.053657600436657e-05,4.735915979381389e-07,8.196870526136016e-09,0.0003909927483884178,8.508222725274614e-05,0.001282394068771218,4.975838491284056,1.312086012205978,0.0
128,3936,4.268214325276064,0.0007348757396044412,0.00014768213485123464,0.0009659248448769994,8.985668285949257e-05,4.665053836561128e-07,8.074223120136615e-09,0.0003880535612980686,8.444264356483845e-05,0.0012727075164383885,4.975840329744626,1.3120865525906138,0.0
128,3940,4.2725519414602875,0.00072938426003909,0.0001465785558623031,0.0009586717780355051,8.918195487170812e-05,4.595257507844508e-07,7.953420413293726e-09,0.0003851367346384323,8.380792563276696e-05,0.0012630951525976965,4.975842152895252,1.3120870886594027,0.0
128,3944,4.276889557644512,0.0007239342131369249,0.00014548330326628686,0.0009514738060041315,8.851235216557109e-05,4.5265116455084353e-07,7.834435841939492e-09,0.00038224209545327504,8.317803582027972e-05,0.0012535563980851936,4.97584396086646,1.3120876204477407,0.0
128,3948,4.281227173828735,0.0007185252820765007,0.000144396313394099,0.0009443305035202632,8.784783518035563e-05,4.458799764961441e-07,7.717240874726962e-09,0.00037936947215492367,8.255293678893128e-05,0.0012440906783687895,4.975845753787632,1.3120881479907225,0.0
128,3952,4.285564790012959,0.0007131571525042724,0.00014331752307260678,0.0009372414486765413,8.718836466746393e-05,4.392107655348809e-07,7.60181091566738e-09,0.00037651869451297393,8.193259149562558e-05,0.001234697423525277,4.97584753178702,1.3120886713231446,0.0
128,3956,4.289902406197182,0.0007078295125147708,0.0001422468696206478,0.0009302062228934392,8.653390168787505e-05,4.3264174109935993e-07,7.488114973814919e-09,0.000373689593643159,8.131696319019365e-05,0.0012253760681885714,4.975849294991753,1.312089190479508,0.0
128,3960,4.2942400223814055,0.0007025420526313983,0.00014118429084517068,0.000923224410892699,8.588440760967376e-05,4.2617162421265675e-07,7.376130912779698e-09,0.00037088200199656817,8.070601541304753e-05,0.0012161260515230982,4.97585104352785,1.3120897054940208,0.0
128,3964,4.29857763856563,0.0006972944657866151,0.0001401297250372533,0.0009162956006700147,8.523984410550938e-05,4.19798737993915e-07,7.2658297092949895e-09,0.00036809575334856596,8.009971199276906e-05,0.0012069468171763144,4.975852777520227,1.3120902164006008,0.0
128,3968,4.302915254749853,0.0006920864473031049,0.0001390831109683177,0.0009094193834689021,8.460017315016498e-05,4.1352177504450083e-07,7.1571887350511405e-09,0.00036533068278818057,7.949801704380065e-05,0.001197837813247435,4.975854497092708,1.312090723232879,0.0
128,3972,4.307252870934077,0.0006869176948744582,0.00013804438788624817,0.000902595353754101,8.396535701808307e-05,4.073391437486862e-07,7.0501804425407465e-09,0.00036258662670731807,7.890089496409831e-05,0.0011887984922515533,4.975856202368036,1.3120912260241993,0.0
128,3976,4.3115904871183,0.0006817879085463284,0.00013701349551160444,0.0008958231091854795,8.333535828093801e-05,4.012495082861278e-07,6.9447817115343796e-09,0.0003598634227901679,7.830831043282622e-05,0.0011798283110784704,4.975857893467881,1.3120917248076251,0.0
128,3980,4.315928103302524,0.0006766967906976657,0.00013599037403385034,0.0008891022505921284,8.271013980522612e-05,3.952513338845165e-07,6.840965978364187e-09,0.0003571609100026927,7.772022840806959e-05,0.001170926730960806,4.975859570512851,1.3120922196159392,0.0
128,3984,4.3202657194867475,0.0006716440460222759,0.00013497496410764783,0.0008824323819469351,8.208966474990033e-05,3.8934342683205614e-07,6.7387125823996134e-09,0.0003544789285823138,7.713661412459025e-05,0.0011620932174371452,4.9758612336225,1.3120927104816462,0.0
128,3988,4.324603335670972,0.0006666293815100024,0.00013396720684907522,0.00087581311034054,8.14738965639475e-05,3.835242523564375e-07,6.637994959972807e-09,0.00035181732002734093,7.655743309152647e-05,0.0011533272403103853,4.97586288291534,1.3120931974369754,0.0
128,3992,4.328940951855195,0.0006616525064287145,0.0001329670438320077,0.0008692440459565257,8.086279898408027e-05,3.777925883241551e-07,6.538791958533439e-09,0.00034917592708690856,7.598265109020298e-05,0.0011446282736261191,4.975864518508847,1.312093680513884,0.0
128,3996,4.333278568039419,0.000656713132306133,0.00013197441708446474,0.0008627248020462947,8.02563360324001e-05,3.721469568063185e-07,6.441077998253206e-09,0.00034655459375078156,7.541223417191273e-05,0.001135995795624986,4.975866140519472,1.3120941597440592,0.0
128,4000,4.337616184223642,0.0006518109729118118,0.00013098926908498926,0.000856254994904207,7.965447201408439e-05,3.665863061996788e-07,6.344834878100431e-09,0.0003439531652392685,7.48461486557219e-05,0.0011274292887112963,4.975867749062654,1.3120946351589189,0.0
128,4004,4.3419538004078655,0.0006469457442391537,0.00013001154275903333,0.0008498342438427893,7.905717151508021e-05,3.611091017319268e-07,6.250036034407259e-09,0.0003413714879931655,7.428436112628167e-05,0.0011189282394229874,4.9758693442528195,1.312095106789617,0.0
128,4008,4.34629141659209,0.0006421171644879476,0.00012904118147544897,0.0008434621711686216,7.846439939986122e-05,3.557142065346852e-07,6.1566617903826885e-09,0.00033880940966397335,7.372683843169933e-05,0.001110492138390967,4.975870926203402,1.312095574667043,0.0
128,4012,4.350629032776313,0.0006373249540465267,0.00012807812904290253,0.000837138402157751,7.787612080914037e-05,3.5040028478761087e-07,6.06468902579729e-09,0.0003362667791039248,7.317354768136827e-05,0.001102120480312876,4.975872495026844,1.3120960388218266,0.0
128,4016,4.354966648960537,0.000632568835474744,0.00012712232970645343,0.0008308625650321744,7.729230115768232e-05,3.451662564657454e-07,5.974099047699613e-09,0.0003337434463564422,7.262445624389145e-05,0.0010938127639125734,4.97587405083461,1.3120964992843378,0.0
128,4020,4.35930426514476,0.0006278485334862765,0.00012617372814399794,0.0008246342909354894,7.671290613203818e-05,3.40010814170455e-07,5.884869227780001e-09,0.00033123926264626427,7.20795317449329e-05,0.0010855684919121016,4.975875593737191,1.312096956084691,0.0
128,4024,4.363641881328984,0.0006231637749317583,0.00012523226946287966,0.0008184532139096079,7.613790168837936e-05,3.34932792611653e-07,5.7969793973276795e-09,0.00032875408036999815,7.153874206516186e-05,0.0010773871709953118,4.975877123844119,1.3120974092527462,0.0
128,4028,4.367979497513208,0.0006185142887816918,0.00012429789919645522,0.0008123189708711977,7.556725405030597e-05,3.2993099807754334e-07,5.710408895712093e-09,0.0003262877530865638,7.100205533817338e-05,0.0010692683117758813,4.975878641263968,1.312097858818112,0.0
128,4032,4.372317113697432,0.0006138998061094968,0.0001233705633006878,0.0008062312015883663,7.500092970667775e-05,3.250043505431677e-07,5.625139029981791e-09,0.00032384013550774,7.046943994843111e-05,0.0010612114287692547,4.975880146104371,1.3120983048101476,0.0
128,4036,4.376654729881655,0.000609320060075174,0.00012245020815086438,0.0008001895486580996,7.443889540951541e-05,3.201516278750205e-07,5.541148647586444e-09,0.0003214110834890109,6.99408645292754e-05,0.0010532160403522652,4.975881638472023,1.312098747257964,0.0
128,4040,4.380992346065879,0.0006047747859083549,0.0001215367805381889,0.0007941936574829337,7.388111817183029e-05,3.15371721626434e-07,5.458418563654825e-09,0.0003190004540201053,6.941629796086467e-05,0.0010452816687416152,4.97588311847269,1.3120991861904272,0.0
128,4044,4.385329962250102,0.0006002637208921022,0.00012063022766652721,0.0007882431762486377,7.332756526554846e-05,3.106636086158687e-07,5.37693106907503e-09,0.0003166081052159467,6.889570936820603e-05,0.0010374078399502796,4.975884586211216,1.312099621636161,0.0
128,4048,4.389667578434326,0.0005957866043463694,0.00011973049714908287,0.0007823377559014499,7.277820421939292e-05,3.0602618039665686e-07,5.296666978975834e-09,0.00031423389630742197,6.837906811914654e-05,0.0010295940837684394,4.975886041791539,1.3121000536235468,0.0
128,4052,4.39400519461855,0.0005913431776119467,0.00011883753700517088,0.0007764770501259553,7.223300281682575e-05,3.014582432570023e-07,5.217605632726682e-09,0.0003118776876324096,6.786634382242086e-05,0.001021839933724396,4.975887485316688,1.3121004821807283,0.0
128,4056,4.398342810802773,0.0005869331840345531,0.00011795129565702096,0.0007706607153231708,7.169192909400937e-05,2.969589161239128e-07,5.139731780814548e-09,0.0003095393406268909,6.7357506325717e-05,0.0010141449270577418,4.975888916888799,1.3121009073356125,0.0
128,4060,4.402680426986997,0.000582556368948713,0.0001170717219265371,0.0007648884105883949,7.1154951337746e-05,2.9252706212901103e-07,5.0630257464484284e-09,0.00030721871781597213,6.685252571372276e-05,0.001006508604684924,4.97589033660912,1.3121013291158714,0.0
128,4064,4.40701804317122,0.000578212479662186,0.00011619876503216879,0.000759159797689738,7.062203808348037e-05,2.8816174335588585e-07,4.987471296275746e-09,0.000304915682805175,6.635137230623035e-05,0.0009989305111760506,4.975891744578019,1.3121017475489443,0.0
128,4068,4.411355659355444,0.000573901265440088,0.00011533237458571978,0.000753474541046299,7.009315811326968e-05,2.838619082012883e-07,4.913050229264824e-09,0.00030263010027159015,6.585401665621152e-05,0.0009914101947176765,4.975893140894993,1.3121021626620404,0.0
128,4072,4.415693275539668,0.0005696224774896229,0.00011447250058927985,0.0007478323077071499,6.956828045382845e-05,2.7962653348367894e-07,4.839744836303759e-09,0.00030036183595535574,6.536042954796307e-05,0.000983947207084291,4.975894525658674,1.3121025744821402,0.0
128,4076,4.420030891723892,0.0005653758689445254,0.00011361909343209832,0.0007422327673299114,6.904737437453558e-05,2.754546812866465e-07,4.767538884039974e-09,0.00029811075665096826,6.487058199521617e-05,0.0009765411036139686,4.975895898966838,1.3121029830359976,0.0
128,4080,4.424368507908115,0.0005611611948498595,0.0001127721038875292,0.0007366755921599141,6.85304093854958e-05,2.713454705371987e-07,4.696417122960442e-09,0.0002958767301988397,6.43844452392991e-05,0.0009691914431762275,4.9758972609164145,1.3121033883501416,0.0
128,4084,4.428706124092339,0.0005569782121467568,0.00011193148310996414,0.0007311604570091289,6.801735523557956e-05,2.672977643669583e-07,4.6263598762741606e-09,0.0002936596254767487,6.390199074727694e-05,0.0009618977881406777,4.975898611603488,1.3121037904508799,0.0
128,4088,4.433043740276562,0.00055282667965774,0.00011109718263188293,0.0007256870392360404,6.750818191055078e-05,2.6331079538977065e-07,4.557353862147202e-09,0.0002914593123916853,6.3423190210177e-05,0.0009546597043507948,4.975899951123313,1.312104189364298,0.0
128,4092,4.4373813564607865,0.0005487063580712934,0.00011026915436075291,0.0007202550187244384,6.700285963109391e-05,2.5938362568922457e-07,4.48938284722699e-09,0.0002892756618712526,6.294801554111776e-05,0.0009474767610962597,4.975901279570317,1.3121045851162638,0.0
128,4096,4.44171897264501,0.000544617009927447,0.00010944735057613179,0.0007148640778635736,6.65013588509678e-05,2.5551528892719944e-07,4.422430106241171e-09,0.0002871085458556203,6.247643887355786e-05,0.0009403485310823286,4.975902597038107,1.3121049777324283,0.0
128,4100,4.446056588829233,0.0005405583996031756,0.00010863172392673351,0.0007095139015281236,6.600365025514209e-05,2.5170496087412175e-07,4.356481373516268e-09,0.0002849578372894058,6.200843255952948e-05,0.0009332745904029471,4.975903903619479,1.312105367238227,0.0
128,4104,4.450394205013457,0.0005365302932976354,0.00010782222742746128,0.000704204177057875,6.550970475790709e-05,2.479517036135803e-07,4.291520415699705e-09,0.0002828234101134352,6.15439691678454e-05,0.0009262545185165225,4.975905199406429,1.3121057536588832,0.0
128,4108,4.45473182119768,0.000532532459018,0.00010701881445656118,0.0006989345942383014,6.501949350106695e-05,2.442547497594205e-07,4.227533950957555e-09,0.00028070513925687395,6.10830214823866e-05,0.0009192878982095855,4.975906484490151,1.3121061370194085,0.0
128,4112,4.459069437381904,0.0005285646665649559,0.00010622143875270738,0.0006937048452806165,6.45329878520842e-05,2.4061316139523115e-07,4.1645057459372396e-09,0.0002786029006291395,6.0625562500342464e-05,0.0009123743155818039,4.975907758961051,1.3121065173446054,0.0
128,4116,4.463407053566128,0.0005246266875185359,0.00010543005441215508,0.0006885146248023354,6.405015940227127e-05,2.3702617113485758e-07,4.102422518804833e-09,0.0002765165711120234,6.017156543049644e-05,0.0009055133600071684,4.975909022908752,1.3121068946590688,0.0
128,4120,4.467744669750352,0.0005207182952239569,0.00010464461588589455,0.0006833636298078215,6.357097996498099e-05,2.3349289790530747e-07,4.041269020047307e-09,0.00027444602855180656,5.972100369151031e-05,0.0008987046241141409,4.975910276422099,1.3121072689871882,0.0
128,4124,4.472082285934575,0.0005168392647781745,0.00010386507797694896,0.0006782515596698147,6.30954215738881e-05,2.3001254589871678e-07,3.98103147591096e-09,0.000272391151751772,5.927385091029491e-05,0.0008919477037574489,4.9759115195891725,1.3121076403531489,0.0
128,4128,4.476419902118799,0.0005129893730155109,0.00010309139583748634,0.0006731781161097186,6.26234564811555e-05,2.2658434772893088e-07,3.921696604561866e-09,0.00027035182046421583,5.883008092027166e-05,0.0008852421979920578,4.975912752497287,1.312108008780934,0.0
128,4132,4.480757518303022,0.0005091683984940312,0.00010232352496608157,0.0006681430031789268,6.21550571556971e-05,2.2320750758808572e-07,3.863250632246322e-09,0.0002683279153828822,5.838966775972641e-05,0.0008785877090451556,4.975913975233002,1.312108374294327,0.0
128,4136,4.4850951344872465,0.0005053761214821507,0.00010156142120502499,0.0006631459272403904,6.169019628146312e-05,2.1988122966831725e-07,3.805679785210626e-09,0.0002663193181354881,5.7952585670182765e-05,0.0008719838422940197,4.97591518788213,1.312108736916912,0.0
128,4140,4.48943275067147,0.0005016123239447694,0.00010080504073753603,0.000658186596949639,6.122884675567441e-05,2.1660477500518027e-07,3.748971273540627e-09,0.00026432591127603666,5.7518809094729394e-05,0.0008654302062353116,4.975916390529741,1.3121090966720765,0.0
128,4144,4.493770366855693,0.0004978767895303608,0.00010005434008516851,0.0006532647232370466,6.077098168717293e-05,2.1337737621252018e-07,3.6931118154023983e-09,0.0002623475782776281,5.708831267645569e-05,0.0008589264124640641,4.975917583260168,1.3121094535830131,0.0
128,4148,4.498107983039917,0.000494169303557343,9.930927610507172e-05,0.0006483800192891494,6.031657439468363e-05,2.101982374824729e-07,3.638087637042237e-09,0.0002603842035248905,5.666107125680467e-05,0.0008524720756486563,4.975918766157016,1.3121098076727207,0.0
128,4152,4.50244559922414,0.0004904896530008015,9.856980598732217e-05,0.0006435322005304512,5.986559840512192e-05,2.0706679038084985e-07,3.583888900064642e-09,0.00025843567230660806,5.6237059873968776e-05,0.0008460668135000269,4.975919939303169,1.3121101589640063,0.0
128,4156,4.5067832154083645,0.00048683762647994003,9.783588725240181e-05,0.0006387209846061814,5.941802745198974e-05,2.0398215383465867e-07,3.5305003549565864e-09,0.0002565018708087323,5.581625376136917e-05,0.0008397102467522677,4.975921102780793,1.3121105074794868,0.0
128,4160,4.511120831592588,0.000483213014244508,9.710747774847039e-05,0.0006339460913637217,5.897383547364771e-05,2.0094375940971076e-07,3.4779121633225688e-09,0.00025458268610685817,5.539862834601841e-05,0.000833401999138152,4.975922256671345,1.3121108532415906,0.0
128,4164,4.515458447776812,0.00047961560816222617,9.638453564883847e-05,0.00062920724283537,5.853299661171172e-05,1.9795086814156093e-07,3.4261115352484373e-09,0.0002526780061592415,5.498415924700105e-05,0.0008271416973606069,4.975923401055578,1.31211119627256,0.0
128,4168,4.519796063961035,0.0004760452017062168,9.56670194494414e-05,0.0006245041632210752,5.8095485209446825e-05,1.9500268422234512e-07,3.37508469698049e-09,0.00025078771979980026,5.457282227395065e-05,0.000820928971071564,4.97592453601355,1.312111536594451,0.0
128,4172,4.524133680145259,0.0004725015899419695,9.495488796621992e-05,0.0006198365788706307,5.766127581011076e-05,1.920986960612936e-07,3.324822793962775e-09,0.0002489117167309043,5.416459342548083e-05,0.0008147634528509026,4.9759256616246255,1.3121118742291364,0.0
128,4176,4.528471296329482,0.00046898456951513355,9.424810033266691e-05,0.000615204218266913,5.723034315539467e-05,1.8923807942883286e-07,3.2753115605218164e-09,0.0002470498875165825,5.3759448887707046e-05,0.0008086447781746987,4.975926777967485,1.3121122091983073,0.0
128,4180,4.5328089125137065,0.0004654939386387907,9.354661599726971e-05,0.0006106068120084524,5.680266218380175e-05,1.8642026589077432e-07,3.2265411582621123e-09,0.00024520212357546147,5.335736503271004e-05,0.0008025725853967019,4.975927885120131,1.3121125415234738,0.0
128,4184,4.53714652869793,0.00046202949708126816,9.285039472106094e-05,0.0006060440927927608,5.637820802909625e-05,1.8364465859121992e-07,3.178501256868386e-09,0.00024336831717401358,5.295831841706658e-05,0.0007965465157272839,4.975928983159894,1.3121128712259678,0.0
128,4188,4.541484144882154,0.00045859104615391657,9.21593965751624e-05,0.000601515795399578,5.5956956018744954e-05,1.8091060383085278e-07,3.1311805421858114e-09,0.00024154836141976823,5.25622857803722e-05,0.0007905662132046975,4.975930072163433,1.3121131983269434,0.0
128,4192,4.545821761066377,0.00045517838869899913,9.14735819383512e-05,0.0005970216566742942,5.553888167237507e-05,1.7821739106693713e-07,3.0845667162200113e-09,0.0002397421502545975,5.21692440437801e-05,0.0007846313246766584,4.975931152206753,1.3121135228473788,0.0
128,4196,4.5501593772506,0.000451791329077337,9.079291149457695e-05,0.0005925614155110402,5.512396070020108e-05,1.7556448028699378e-07,3.03865043249526e-09,0.00023794957844786604,5.177917030851051e-05,0.0007787414997730681,4.9759322233652,1.3121138448080785,0.0
128,4200,4.5544969934348245,0.0004484296731567989,9.011734623064868e-05,0.0005881348128369235,5.4712169001558374e-05,1.7295127463512472e-07,2.99342136069628e-09,0.00023617054159004536,5.139204185446117e-05,0.0007728963908881107,4.97593328571347,1.3121141642296732,0.0
128,4204,4.558834609619048,0.0004450932283001006,8.944684743378289e-05,0.0005837415915953427,5.4303482663351003e-05,1.7037706356859417e-07,2.9488672028286954e-09,0.00023440493608595657,5.1007836138736877e-05,0.0007670956531556829,4.975934339325619,1.3121144811326233,0.0
128,4208,4.563172225803272,0.00044178180335324165,8.87813766892799e-05,0.0005793814967301524,5.389787795857855e-05,1.6784142076176067e-07,2.9049805800958803e-09,0.00023265265914835484,5.0626530794253426e-05,0.0007613389444284166,4.97593538427506,1.3121147955372194,0.0
128,4212,4.567509841987495,0.0004384952086337982,8.812089587817098e-05,0.0005750542751696773,5.3495331344849116e-05,1.6534369251530734e-07,2.8617501783430075e-09,0.00023091360879145783,5.0248103628329385e-05,0.0007556259252490786,4.97593642063458,1.3121151074635828,0.0
128,4216,4.571847458171719,0.00043523325591934776,8.746536717489236e-05,0.000570759675810819,5.3095819462900734e-05,1.628832535516267e-07,2.819165175335026e-09,0.00022918768382450372,4.987253262128427e-05,0.0007499562588405409,4.975937448476335,1.3121154169316684,0.0
128,4220,4.5761850743559425,0.00043199575843585217,8.681475304495049e-05,0.0005664974495032416,5.269931913513027e-05,1.6045962070165842e-07,2.7772172084357587e-09,0.00022747478384535237,4.94997959250461e-05,0.0007443296110759503,4.975938467871862,1.3121157239612664,0.0
128,4224,4.580522690540167,0.0004287825308466518,8.616901624271039e-05,0.0005622673490342471,5.23058073641864e-05,1.5807225395292335e-07,2.7358969311694806e-09,0.00022577480923435412,4.912987186181727e-05,0.0007387456504545229,4.975939478892082,1.312116028572002,0.0
128,4228,4.58486030672439,0.00042559338924066535,8.552811980902422e-05,0.0005580691291127102,5.1915261331475144e-05,1.55720528027814e-07,2.695193521301139e-09,0.0002240876611478492,4.876273892265993e-05,0.0007332040480899277,4.975940481607305,1.3121163307833381,0.0
128,4232,4.589197922908614,0.00042242815112168193,8.489202706907939e-05,0.0005539025463543757,5.152765839579212e-05,1.5340395975727006e-07,2.6550986161945586e-09,0.00022241324151220875,4.839837576619929e-05,0.0007277044776821427,4.975941476087238,1.3121166306145762,0.0
128,4236,4.593535539092837,0.000419286635396993,8.4260701630114e-05,0.0005497673592663675,5.114297609188147e-05,1.5112200912881235e-07,2.6156028693740126e-09,0.0002207514530175654,4.8036761217259405e-05,0.0007222466154978984,4.975942462400988,1.3121169280848588,0.0
128,4240,4.59787315527706,0.000416168662366351,8.3634107379198e-05,0.0005456633282320832,5.076119212903065e-05,1.4887416455167113e-07,2.57669742628355e-09,0.00021910219911169538,4.7677874265531814e-05,0.0007168301403523526,4.975943440617066,1.3121172232131688,0.0
128,4244,4.6022107714612845,0.00041307405371117086,8.301220848106304e-05,0.0005415902154964377,5.0382284389697724e-05,1.4665991443507664e-07,2.5383734323672192e-09,0.000217465383994043,4.732169406427528e-05,0.0007114547335835561,4.9759444108033986,1.3121175160183325,0.0
128,4248,4.606548387645508,0.00041000263248352846,8.239496937589163e-05,0.0005375477851508257,5.0006230928112416e-05,1.4447874718825915e-07,2.5006220330690693e-09,0.00021584091260963125,4.696819992899071e-05,0.0007061200790353379,4.975945373027325,1.3121178065190209,0.0
128,4252,4.610886003829732,0.00040695422309562136,8.178235477719908e-05,0.0005335358031187392,4.9633009968938216e-05,1.4233017964215833e-07,2.463434865752924e-09,0.0002142286906432394,4.661737133615412e-05,0.0007008258630377129,4.975946327355606,1.3121180947337499,0.0
128,4256,4.615223620013955,0.00040392865130886715,8.117432966964275e-05,0.0005295540371408467,4.926259990588434e-05,1.4021372862771386e-07,2.426803567782607e-09,0.00021262862451335948,4.626918792190157e-05,0.0006955717743855559,4.975947273854432,1.3121183806808827,0.0
128,4260,4.619561236198179,0.0004009257442234694,8.057085930692519e-05,0.000525602256760795,4.889497930038486e-05,1.3812879728902772e-07,2.390717808842842e-09,0.00021104062136645133,4.592362948077904e-05,0.0006903575043178119,4.975948212589422,1.312118664378631,0.0
128,4264,4.6238988523824025,0.00039794533026801695,7.997190920970391e-05,0.0005216802333109554,4.8530126880272806e-05,1.3607510140900558e-07,2.3551726697358783e-09,0.00020946458907116787,4.558067596448578e-05,0.0006851827465004247,4.975949143625634,1.312118945845055,0.0
128,4268,4.628236468566627,0.00039498723918883797,7.93774451634521e-05,0.0005177877398979252,4.8168021538431375e-05,1.3405204413174943e-07,2.3201578201464393e-09,0.00020790043621248818,4.524030748059765e-05,0.0006800471970033238,4.975950067027566,1.3121192250980673,0.0
128,4272,4.63257408475085,0.00039205130203978194,7.878743321640508e-05,0.0005139245513885585,4.7808642331494424e-05,1.3205917070990836e-07,2.2856653893581244e-09,0.00020634807208605977,4.490250429133598e-05,0.0006749505542858989,4.975950982859161,1.3121195021554313,0.0
128,4276,4.636911700935074,0.0003891373511719915,7.820183967750483e-05,0.0005100904443960143,4.745196847854856e-05,1.3009608323955035e-07,2.251688490494082e-09,0.00020480740669255192,4.456724681233881e-05,0.0006698925191683432,4.975951891183819,1.3121197770347643,0.0
128,4280,4.641249317119297,0.00038624522022371926,7.762063111435364e-05,0.000506285197265868,4.70979793598412e-05,1.2816232697332453e-07,2.2182192528379107e-09,0.00020327835073203338,4.423451561143745e-05,0.0006648727948273562,4.975952792064393,1.3121200497535384,0.0
128,4284,4.6455869333035205,0.00038337474411027494,7.704377435119376e-05,0.0005025085900623834,4.6746654515503444e-05,1.2625739032046113e-07,2.1852488218336603e-09,0.00020176081559841418,4.3904291407446966e-05,0.0006598910867609254,4.975953685563195,1.312120320329081,0.0
128,4288,4.649924549487745,0.00038052575901393915,7.647123646688058e-05,0.0004987604045547551,4.6397973644270246e-05,1.24380932220447e-07,2.152771294444029e-09,0.00020025471337387703,4.3576555068954475e-05,0.0006549471027816349,4.975954571742005,1.3121205887785772,0.0
128,4292,4.654262165671968,0.0003776981023741267,7.590298479290566e-05,0.0004950404242036914,4.605191660223232e-05,1.2253244108251238e-07,2.1207778161130663e-09,0.00019875995682344614,4.325128761313723e-05,0.0006500405529917375,4.975955450662074,1.31212085511907,0.0
128,4296,4.658599781856192,0.00037489161287764086,7.53389869114384e-05,0.0004913484341481245,4.5708463401599804e-05,1.2071160426785355e-07,2.089262975723246e-09,0.00019727645938960798,4.2928470204592106e-05,0.000645171149767713,4.975956322384127,1.3121211193674622,0.0
128,4300,4.662937398040415,0.0003721061304486383,7.47792106533092e-05,0.00048768422119152614,4.5367594209429234e-05,1.1891793860741018e-07,2.058218410638392e-09,0.0001958041351867723,4.2608084154130275e-05,0.0006403386077403869,4.975957186968372,1.3121213815405177,0.0
128,4304,4.667275014224639,0.0003693414962392827,7.422362409613131e-05,0.000484047573789148,4.502928934643661e-05,1.1715096093212196e-07,2.0276357582223285e-09,0.00019434289899610625,4.2290110917653056e-05,0.0006355426437801726,4.975958044474495,1.3121216416548616,0.0
128,4308,4.6716126304088625,0.00036659755261980796,7.367219556230384e-05,0.00048043828203450244,4.469352928573968e-05,1.1541041544660402e-07,1.9975105911970792e-09,0.0001928926662600651,4.197453209496183e-05,0.0006307829769701137,4.975958894961677,1.3121218997269826,0.0
128,4312,4.675950246593087,0.00036387414316931314,7.312489361716194e-05,0.00047685613764681176,4.4360294651690466e-05,1.1369581898179604e-07,1.967834546926468e-09,0.0001914533530773118,4.166132942865244e-05,0.000626059328598847,4.975959738488589,1.3121221557732334,0.0
128,4316,4.68028786277731,0.00036117111266603777,7.258168706702247e-05,0.00047330093395773543,4.402956621864047e-05,1.1200688732060371e-07,1.938602706212745e-09,0.00019002487619734405,4.135048480294605e-05,0.0006213714221374503,4.975960575113402,1.3121224098098325,0.0
128,4320,4.684625478961534,0.00035848830707813697,7.20425449573302e-05,0.0004697724658987877,4.3701324909770225e-05,1.1034299518541957e-07,1.909804246820858e-09,0.0001886071530154008,4.104198024258077e-05,0.0006167189832204491,4.975961404893787,1.312122661852865,0.0
128,4324,4.688963095145757,0.00035582557355434024,7.15074365707805e-05,0.00046627052998868333,4.337555179591209e-05,1.0870402888940589e-07,1.8814372010717068e-09,0.00018720010156734752,4.073579791169864e-05,0.0006121017396333483,4.9759622278869236,1.3121229119182831,0.0
128,4328,4.693300711329981,0.00035318276041481196,7.097633142548271e-05,0.0004627949243207817,4.305222809438222e-05,1.0708953368521179e-07,1.8534936982488902e-09,0.00018580364052458577,4.0431920112737954e-05,0.0006075194212897514,4.975963044149501,1.3121231600219085,0.0
128,4332,4.697638327514205,0.00035055971714186793,7.044919927309454e-05,0.0004593454485505308,4.273133516781255e-05,1.0549911166890524e-07,1.8259668514755575e-09,0.00018441768918897995,4.013032928532926e-05,0.0006029717602191641,4.975963853737725,1.3121234061794325,0.0
128,4336,4.701975943698428,0.00034795629437098355,6.992601009701496e-05,0.0004559219038831727,4.241285452300703e-05,1.0393236493655422e-07,1.7988497738748575e-09,0.00018304216748787794,3.9831008005211855e-05,0.0005984584905487508,4.97596465670732,1.3121236504064178,0.0
128,4340,4.706313559882652,0.0003453723438816419,6.940673411054509e-05,0.0004525240930612906,4.209676780978319e-05,1.02388980849355e-07,1.7721370543292647e-09,0.00018167699596907273,3.953393898313737e-05,0.0005939793484805481,4.975965453113534,1.3121238927182992,0.0
128,4344,4.710651176066875,0.0003428077185887558,6.889134175516436e-05,0.00044915182035313943,4.1783056819886615e-05,1.0086864676850382e-07,1.745823281721253e-09,0.00018032209579608134,3.923910506384248e-05,0.0005895340722839596,4.9759662430111415,1.3121241331303848,0.0
128,4348,4.714988792251099,0.0003402622725334149,6.837980369867097e-05,0.00044580489154005164,4.147170348581928e-05,9.937096479006868e-08,1.7199015691739716e-09,0.00017897738874304899,3.894648922493998e-05,0.0005851224022776294,4.975967026454454,1.3121243716578566,0.0
128,4352,4.719326408435323,0.0003377358608742319,6.787209083344286e-05,0.00044248311390463884,4.1162689879742034e-05,9.789565069695527e-08,1.6943669974896699e-09,0.00017764279718997372,3.865607457587968e-05,0.0005807440808016012,4.975967803497315,1.3121246083157725,0.0
128,4356,4.723664024619547,0.0003352283398787226,6.736817427470541e-05,0.00043918629621907194,4.085599821238434e-05,9.64422497418127e-08,1.6692116959519468e-09,0.00017631824411796533,3.8367844356916674e-05,0.0005763988522188257,4.975968574193107,1.3121248431190666,0.0
128,4360,4.72800164080377,0.0003327395669145899,6.686802535877985e-05,0.00043591424873322887,4.0551610831941673e-05,9.501056297267496e-08,1.6444322211223766e-09,0.00017500365310445058,3.808178193806801e-05,0.0005720864628853809,4.975969338594761,1.3121250760825514,0.0
128,4364,4.732339256987994,0.00033026940044110704,6.637161564135164e-05,0.0004326667831629522,4.024951022298319e-05,9.360019248561002e-08,1.6200216861241084e-09,0.00017369894831842107,3.779787081807856e-05,0.0005678066611414659,4.975970096754753,1.3121253072209162,0.0
128,4368,4.736676873172217,0.00032781770000059367,6.587891689575742e-05,0.00042944371267846605,3.994967900537418e-05,9.221088248523301e-08,1.5959756636791666e-09,0.0001724040545157479,3.7516094623401506e-05,0.0005635591972906091,4.9759708487251135,1.3121255365487319,0.0
128,4372,4.741014489356441,0.0003253843262100814,6.538990111131021e-05,0.0004262448518930482,3.965209993322228e-05,9.084226348932134e-08,1.5722877588304753e-09,0.0001711188970345996,3.7236437107201224e-05,0.0005593438235870567,4.975971594557426,1.3121257640804482,0.0
128,4376,4.745352105540665,0.0003229691407528855,6.490454049160553e-05,0.0004230700168515397,3.935675589380857e-05,8.949407970249013e-08,1.548953544300059e-09,0.00016984340179079126,3.6958882148341246e-05,0.0005551602942208566,4.9759723343028375,1.3121259898303979,0.0
128,4380,4.749689721724888,0.0003205720063701045,6.442280745281322e-05,0.0004199190250188249,3.9063629906515886e-05,8.816596164251678e-08,1.5259666251308416e-09,0.00016857749527312763,3.668341375037087e-05,0.000551008365301328,4.975973068012057,1.3121262138127954,0.0
128,4384,4.754027337909112,0.0003181927868527359,6.394467462209295e-05,0.0004167916952690589,3.8772705121826705e-05,8.685768193572585e-08,1.5033230659646227e-09,0.00016732110453904084,3.641001604057595e-05,0.0005468877948380848,4.97597379573536,1.3121264360417393,0.0
128,4388,4.758364954093335,0.0003158313470332876,6.347011483590848e-05,0.00041368784787431854,3.848396482026736e-05,8.556881425647589e-08,1.4810154880047761e-09,0.00016607415721000394,3.613867326898079e-05,0.0005427983427335585,4.975974517522596,1.3121266565312126,0.0
128,4392,4.762702570277559,0.0003134875527777173,6.299910113840775e-05,0.00041060730449360243,3.819739241138479e-05,8.429913123109145e-08,1.4590399558931014e-09,0.00016483658146707788,3.5869369807379196e-05,0.0005387397707590049,4.975975233423189,1.3121268752950843,0.0
128,4396,4.767040186461783,0.00031116127097732214,6.253160677979297e-05,0.00040754988816183124,3.791297143272327e-05,8.304846232931595e-08,1.437393518110948e-09,0.00016360830604646406,3.5602090148366666e-05,0.0005347118425490617,4.975975943486141,1.3121270923471091,0.0
128,4400,4.771377802646007,0.0003088523695406055,6.206760521468628e-05,0.0004045154232788065,3.763068554879724e-05,8.181635280379851e-08,1.4160683039419153e-09,0.00016238926023503898,3.533681890436871e-05,0.000530714323576836,4.975976647760036,1.3121273077009301,0.0
128,4404,4.77571541883023,0.0003065607173858726,6.160707010064162e-05,0.00040150373559912214,3.735051855015284e-05,8.060254685915424e-08,1.395059886108027e-09,0.00016117937386627158,3.5073540806752416e-05,0.000526746981146498,4.975977346293047,1.3121275213700785,0.0
128,4408,4.780053035014454,0.0003042861844329777,6.114997529648628e-05,0.00039851465222095903,3.7072454352325545e-05,7.940695923025487e-08,1.374366788849958e-09,0.0001599785773156916,3.481224070484038e-05,0.0005228095843783396,4.975978039132933,1.3121277333679746,0.0
128,4412,4.784390651198677,0.0003020286415954117,6.069629486073082e-05,0.0003955480015753502,3.679647699484146e-05,7.822910674804007e-08,1.3539806495315326e-09,0.00015878680149654872,3.4552903564966084e-05,0.0005189019041856352,4.9759787263270505,1.31212794370793,0.0
128,4416,4.7887282673829015,0.00029978796077297017,6.0246003050095596e-05,0.0003926036134162108,3.65225706402899e-05,7.706873361712496e-08,1.3338970408747747e-09,0.00015760397785577937,3.429551446959626e-05,0.000515023713272029,4.975979407922351,1.3121281524031465,0.0
128,4420,4.793065883567125,0.00029756401484379123,5.9799074317910686e-05,0.00038968131880953504,3.6250719573318425e-05,7.592572615067184e-08,1.3141139952005843e-09,0.00015643003836963827,3.404005861638026e-05,0.0005111747861152473,4.975980083965385,1.3121283594667186,0.0
128,4424,4.797403499751348,0.00029535667765678787,5.9355483312595095e-05,0.00038678095012312393,3.5980908199677204e-05,7.479971486645809e-08,1.2946251175518852e-09,0.00015526491553954458,3.3786521317246226e-05,0.0005073548989397274,4.9759807545023085,1.312128564911634,0.0
128,4428,4.801741115935572,0.00029316582402426404,5.8915204876172824e-05,0.00038390234101653357,3.571312104528397e-05,7.369047239080828e-08,1.2754264725704772e-09,0.0001541085423880144,3.353488799751589e-05,0.0005035638297210875,4.975981419578886,1.3121287687507746,0.0
128,4432,4.806078732119795,0.00029099132971428603,5.8478214042739856e-05,0.00038104532643074484,3.544734275526302e-05,7.259771450662811e-08,1.2565131410586096e-09,0.00015296085245448528,3.3285144194996035e-05,0.0004998013581596452,4.9759820792404925,1.3121289709969162,0.0
128,4436,4.810416348304019,0.0002888330714431337,5.8044486036947094e-05,0.0003782097425779189,3.5183558092992195e-05,7.152124226195156e-08,1.2378816795778566e-09,0.00015182177979117375,3.3037275559077024e-05,0.0004960672656750298,4.975982733532115,1.3121291716627317,0.0
128,4440,4.814753964488243,0.00028669092686813686,5.76139962725608e-05,0.00037539542693165804,3.4921751939196896e-05,7.046079986139375e-08,1.2195276608502426e-09,0.0001506912589591352,3.2791267849875436e-05,0.0004923613353837903,4.97598338249836,1.31212937076079,0.0
128,4444,4.819091580672467,0.00028456477458057254,5.7186720351035147e-05,0.0003726022182173813,3.466190929105474e-05,6.941613150956982e-08,1.2014466575977923e-09,0.00014956922502437354,3.254710693738749e-05,0.0004886833520895084,4.975984026183456,1.312129568303557,0.0
128,4448,4.82342919685669,0.000282454494097881,5.676263405994799e-05,0.0003698299564017585,3.4404015261212675e-05,6.838703825451375e-08,1.1836352263820798e-09,0.00014845561355356806,3.2304778800559207e-05,0.00048503310227379046,4.975984664631253,1.3121297643033982,0.0
128,4452,4.827766813040914,0.00028035996585666856,5.634171337159467e-05,0.00036707848268321844,3.414805507690397e-05,6.737323587913124e-08,1.1660884480053548e-09,0.0001473503606102355,3.206426952645121e-05,0.0004814103740793001,4.975985297885229,1.3121299587725777,0.0
128,4456,4.832104429225137,0.0002782810712056777,5.592393444157529e-05,0.00036434763948243185,3.3894014079062844e-05,6.637452543145628e-08,1.1488028790291917e-09,0.0001462534027508836,3.1825565309401776e-05,0.0004778149572921964,4.975985925988496,1.3121301517232595,0.0
128,4460,4.8364420454093615,0.00027621769239901593,5.550927360743396e-05,0.0003616372704330701,3.364187772146486e-05,6.539073638123227e-08,1.13177556793494e-09,0.00014516467702126957,3.15886524502126e-05,0.00047424664333806744,4.975986548983797,1.312130343167509,0.0
128,4464,4.840779661593585,0.00027416971258829815,5.509770738707972e-05,0.00035894722037123583,3.3391631569743626e-05,6.442149924623664e-08,1.1150001197655238e-09,0.0001440841209521338,3.1353517355220475e-05,0.00047070522526057996,4.975987166913511,1.3121305331172937,0.0
128,4468,4.845117277777809,0.00027213701581640525,5.468921247753223e-05,0.0003562773353269208,3.314326130059617e-05,6.346670033963164e-08,1.0984745668418427e-09,0.00014301167255573988,3.112014653554434e-05,0.0004671904977122635,4.975987779819663,1.3121307215844826,0.0
128,4472,4.849454893962032,0.0002701194870103564,5.428376575348942e-05,0.0003536274625143996,3.289675270088929e-05,6.252616913116071e-08,1.0821959576452466e-09,0.0001419472703219951,3.08885266062411e-05,0.0004637022569441216,4.975988387743914,1.3121309085808488,0.0
128,4476,4.853792510146255,0.0002681170119743971,5.388134426593841e-05,0.0003509974503228159,3.265209166678386e-05,6.159953613860125e-08,1.0661578972186595e-09,0.0001408908532146413,3.065864428547674e-05,0.00046024030078654026,4.975988990727577,1.3121310941180697,0.0
128,4480,4.8581301263304795,0.00026612947738309544,5.3481925240768114e-05,0.0003483871483068684,3.2409264202868324e-05,6.068677294024383e-08,1.050359893642306e-09,0.00013984236066749247,3.0430486393707593e-05,0.00045680442864522045,4.975989588811612,1.3121312782077277,0.0
128,4484,4.862467742514703,0.00026415677077488753,5.3085486077472154e-05,0.00034579640717803857,3.2168256421342683e-05,5.97875668972847e-08,1.0347965357986608e-09,0.00013880173258088688,3.0204039852908294e-05,0.000453394441479783,4.975990182036634,1.3121314608613106,0.0
128,4488,4.866805358698927,0.00026219878054504293,5.269200434773516e-05,0.0003432250787950561,3.1929054541131504e-05,5.890169063604844e-08,1.019463888329523e-09,0.0001377689093178321,2.9979291685732946e-05,0.0004500101417959727,4.9759907704429125,1.312131642090214,0.0
128,4492,4.87114297488315,0.0002602553959394948,5.230145779419285e-05,0.000340673016155542,3.169164488710653e-05,5.802900204798789e-08,1.0043594916360175e-09,0.00013674383170062692,2.9756229014779997e-05,0.000446651333634958,4.975991354070373,1.3121318219057396,0.0
128,4496,4.875480591067374,0.00025832650704756444,5.191382432896995e-05,0.00033814007338617345,3.145601388917172e-05,5.716933060284646e-08,9.894803941994939e-10,0.00013572644100688758,2.9534839061727547e-05,0.0004433178225585986,4.975991932958607,1.3121320003190982,0.0
128,4500,4.879818207251597,0.00025641200479607296,5.1529082032496885e-05,0.00033562610573468094,3.1222148081518795e-05,5.632242050523928e-08,9.748221687419763e-10,0.0001347166789663102,2.931510914662883e-05,0.00044000941563483606,4.975992507146868,1.3121321773414085,0.0
128,4504,4.8841558234358216,0.00025451178094252133,5.114720915213918e-05,0.0003331309695606178,3.099003410176855e-05,5.548807280320034e-08,9.603813718250394e-10,0.0001337144877569405,2.9097026687100473e-05,0.0004367259214326413,4.975993076674079,1.3121323529837003,0.0
128,4508,4.888493439620045,0.0002526257280686792,5.076818410090911e-05,0.0003306545223267019,3.0759658690165395e-05,5.4666145388182485e-08,9.461555438498077e-10,0.00013271981000167584,2.8880579197561343e-05,0.0004334671500041896,4.975993641578832,1.3121325272569129,0.0
128,4512,4.892831055804269,0.0002507537395743404,5.039198545621074e-05,0.00032819662259032554,3.0531008688787574e-05,5.3856439308219706e-08,9.32141241377856e-10,0.00013173258876483047,2.8665754288485093e-05,0.0004302329128741485,4.97599420189939,1.312132700171897,0.0
128,4516,4.897168671988492,0.00024889570967080883,5.001859195853088e-05,0.0003257571299947607,3.0304071040728977e-05,5.305884087647428e-08,9.183364967300838e-10,0.0001307527675485832,2.8452539665627183e-05,0.0004270230230313586,4.975994757673696,1.3121328717394154,0.0
128,4520,4.901506288172715,0.00024705153337468196,4.964798251018978e-05,0.0003233359052607302,3.0078832789315077e-05,5.227298061072361e-08,9.047349149494152e-10,0.00012978029028956907,2.8240923129283214e-05,0.00042383729491287883,4.975995308939373,1.312133041970144,0.0
128,4524,4.9058439043569395,0.00024522110650178553,4.928013617412225e-05,0.0003209328101782172,2.9855281077340972e-05,5.1498886932677124e-08,8.913369879556255e-10,0.00012881510135557094,2.8030892573568954e-05,0.000420675544396874,4.975995855733719,1.3121332108746717,0.0
128,4528,4.910181520541163,0.00024340432566065872,4.891503217256839e-05,0.00031854770759763063,2.9633403146249533e-05,5.0736275625240523e-08,8.781377965509637e-10,0.00012785714554194727,2.7822435985643057e-05,0.0004175375887846148,4.975996398093723,1.3121333784635016,0.0
128,4532,4.914519136725387,0.00024160108824681278,4.855264988591986e-05,0.0003161804614220378,2.9413186335408852e-05,4.9985004579866654e-08,8.651348811365546e-10,0.00012690636806849304,2.7615541445023947e-05,0.00041442324679551537,4.975996936056058,1.3121335447470512,0.0
128,4536,4.91885675290961,0.00023981129243614947,4.819296885139717e-05,0.00031383093659827026,2.9194618081284828e-05,4.9244874844589503e-08,8.523247982739727e-10,0.00012596271457584635,2.741019712280789e-05,0.0004113323385539893,4.975997469657089,1.312133709735655,0.0
128,4540,4.923194369093834,0.00023803483717948514,4.783596876194925e-05,0.0003114989991095062,2.897768591675114e-05,4.851577273257135e-08,8.397055802841177e-10,0.00012502613112248977,2.7206391281016458e-05,0.0004082646855763354,4.97599799893287,1.3121338734395622,0.0
128,4544,4.9275319852780575,0.00023627162219621453,4.7481629464980155e-05,0.00030918451596669705,2.87623774702917e-05,4.779747087013675e-08,8.272732918087891e-10,0.00012409656418128548,2.7004112271842574e-05,0.0004052201107644466,4.975998523919155,1.3121340358689402,0.0
128,4548,4.931869601462282,0.00023452154796831096,4.712993096114324e-05,0.0003068873552004857,2.8548680465248823e-05,4.708988399215741e-08,8.150264570886616e-10,0.0001231739606362123,2.680334853694045e-05,0.000402198438387446,4.975999044651392,1.3121341970338736,0.0
128,4552,4.936207217646505,0.00023278451573463657,4.6780853403197837e-05,0.0003046073858534533,2.8336582719101973e-05,4.639278472495789e-08,8.029611407655348e-10,0.0001222582677792275,2.6604088606742716e-05,0.0003991994940782643,4.9759995611647305,1.312134356944365,0.0
128,4556,4.940544833830729,0.000231060427485161,4.643437709484735e-05,0.00030234447797235025,2.8126072142745057e-05,4.570603095999104e-08,7.910748832405333e-10,0.00012134943330713162,2.6406321099778173e-05,0.0003962231048183932,4.976000073494024,1.3121345156103368,0.0
128,4560,4.944882450014952,0.00022934918595473986,4.609048248948901e-05,0.0003000985025996696,2.79171367397025e-05,4.502950901041913e-08,7.793657168345566e-10,0.00012044740531816204,2.6210034721930556e-05,0.00039326909892944105,4.976000581673832,1.3121346730416308,0.0
128,4564,4.949220066199175,0.00022765069461781282,4.574915018914837e-05,0.00029786933176647007,2.7709764605461612e-05,4.436301992427616e-08,7.678301981091795e-10,0.0001195521323090923,2.60152182658073e-05,0.0003903373060574313,4.97600108573842,1.312134829248009,0.0
128,4568,4.9535576823833996,0.0002259648576824437,4.54103609432816e-05,0.0002956568384843341,2.7503943926724474e-05,4.3706421593014966e-08,7.564658674655265e-10,0.00011866356317198383,2.5821860610032737e-05,0.0003874275571732446,4.976001585721768,1.312134984239155,0.0
128,4572,4.957895298567623,0.0002242915800846909,4.5074095647644145e-05,0.0002934608967377663,2.729966298070078e-05,4.305960032979783e-08,7.452707572244974e-10,0.00011778164719111503,2.5629950718579798e-05,0.00038453968455223216,4.9760020816575645,1.3121351380246737,0.0
128,4576,4.962232914751847,0.0002226307674832112,4.474033534320632e-05,0.00029128138147686524,2.709691013442613e-05,4.242235718265874e-08,7.342414239476667e-10,0.00011690633404001757,2.5439477640125133e-05,0.00038167352176531006,4.976002573579217,1.3121352906140926,0.0
128,4580,4.96657053093607,0.0002209823262531457,4.440906121492456e-05,0.00028911816860910817,2.6895673843997788e-05,4.179460688646941e-08,7.233763918757092e-10,0.00011603757377816082,2.525043050732762e-05,0.0003788289036708585,4.976003061519851,1.3121354420168623,0.0
128,4584,4.970908147120294,0.00021934616348120016,4.408025459075284e-05,0.0002869711349926703,2.669594265395319e-05,4.117617891097325e-08,7.126727094899743e-10,0.00011517531684824978,2.506279853624035e-05,0.0003760056664081274,4.976003545512311,1.3121355922423563,0.0
128,4588,4.9752457633045175,0.00021772218695980216,4.375389694046841e-05,0.0002848401584285545,2.649770519653781e-05,4.056687430420425e-08,7.021269333520368e-10,0.00011431951407304756,2.487657102561923e-05,0.0003732036473750402,4.976004025589167,1.3121357412998735,0.0
128,4592,4.979583379488742,0.00021611030518162947,4.3429969874572236e-05,0.0002827251176531815,2.6300950191015834e-05,3.9966693066162406e-08,6.917390634618966e-10,0.00011347011665238004,2.4691737356271128e-05,0.00037042268523645387,4.976004501782711,1.312135889198637,0.0
128,4596,4.983920995672965,0.00021451042733447624,4.3108455143257306e-05,0.00028062589233146805,2.6105666443026265e-05,3.937540782317228e-08,6.815051644613531e-10,0.0001126270761603404,2.45082869904456e-05,0.00036766261989453766,4.976004974124965,1.312136035947796,0.0
128,4600,4.988258611857189,0.00021292246329558258,4.278933463526906e-05,0.00027854236304916663,2.5911842843870302e-05,3.879287646668672e-08,6.71422776751531e-10,0.00011179034454219439,2.4326209471161446e-05,0.00036492329249543013,4.976005442647682,1.3121361815564254,0.0
128,4604,4.992596228041412,0.00021134632362651996,4.2472590376877596e-05,0.00027647441130596354,2.5719468369869275e-05,3.8219013731577434e-08,6.61490424573105e-10,0.00011095987411159237,2.414549442160003e-05,0.00036220454540767007,4.976005907382345,1.312136326033527,0.0
128,4608,4.9969338442256355,0.0002097819195678256,4.215820453079935e-05,0.00027442191950823735,2.5528532081691e-05,3.765364908758784e-08,6.517051564074247e-10,0.00011013561754764432,2.3966131544468793e-05,0.00035950622222017216,4.976006368360174,1.3121364693880304,0.0
128,4612,5.00127146040986,0.00020822916303388442,4.184615939516857e-05,0.000272384770962127,2.5339023123704912e-05,3.709666884788021e-08,6.4206500457539e-10,0.00010931752789211758,2.378811062139147e-05,0.0003568281677285668,4.976006825612126,1.3121366116287925,0.0
128,4616,5.005609076594083,0.00020668796660755633,4.1536437402457614e-05,0.0002703628498663164,2.5150930723310855e-05,3.654801616903569e-08,6.325689852374505e-10,0.00010850555854652539,2.3611421512274515e-05,0.000354170227928085,4.976007279168895,1.3121367527645993,0.0
128,4620,5.009946692778307,0.00020515824353506293,4.1229021118449364e-05,0.00026835604130509886,2.4964244190293888e-05,3.6007406833959976e-08,6.232121791958557e-10,0.00010769966326932247,2.343605415469688e-05,0.00035153224999996446,4.976007729060918,1.3121368928041657,0.0
128,4624,5.01428430896253,0.0002036399077209736,4.092389324122961e-05,0.0002663642312416376,2.4778952916197324e-05,3.547492610778136e-08,6.139960622099308e-10,0.00010689979617318491,2.326199856331808e-05,0.000348914082306564,4.976008175318379,1.312137031756137,0.0
128,4628,5.018621925146754,0.00020213287372321595,4.0621036600184366e-05,0.00026438730651121044,2.4595046373694318e-05,3.495028977340553e-08,6.04915715081925e-10,0.00010610591172227979,2.3089244829284035e-05,0.00034631557438144235,4.976008617971201,1.3121371696290878,0.0
128,4632,5.0229595413309776,0.00020063705674763243,4.032043415490593e-05,0.00026242515481390664,2.4412514115908472e-05,3.443344098741363e-08,5.959701539722882e-10,0.0001053179647293186,2.2917783119585927e-05,0.0003437365769195047,4.97600905704906,1.3121373064315247,0.0
128,4636,5.027297157515202,0.00019915237264344994,4.002206899428247e-05,0.0002604776647084553,2.423134577583971e-05,3.3924266062967945e-08,5.871574112019201e-10,0.00010453591035305969,2.274760367651665e-05,0.00034117694176350854,4.976009492581383,1.3121374421718854,0.0
128,4640,5.031634773699425,0.00019767873789820284,3.972592433547772e-05,0.0002585447256054151,2.4051531065730756e-05,3.3422622891521314e-08,5.784750271719454e-10,0.00010375970409556078,2.257869681707301e-05,0.0003386365219043717,4.976009924597348,1.3121375768585395,0.0
128,4644,5.035972389883649,0.000196216069632535,3.943198352288639e-05,0.00025662622776016677,2.387305977641523e-05,3.292845462965488e-08,5.69922018042814e-10,0.000102989301799349,2.2411052932339856e-05,0.00033611517146214386,4.976010353125888,1.3121377104997896,0.0
128,4648,5.040310006067872,0.00019476428559573136,3.914023002723622e-05,0.0002547220622668848,2.3695921776756865e-05,3.244161916882149e-08,5.614959242156505e-10,0.00010222465964498595,2.2244662486960244e-05,0.0003336127456847955,4.9760107781956915,1.3121378431038708,0.0
128,4652,5.044647622252096,0.00019332330416054665,3.885064744454867e-05,0.00025283212105153184,2.3520107012997806e-05,3.196200282218342e-08,5.531947780113546e-10,0.00010146573414823571,2.2079516018519194e-05,0.0003311291009341444,4.976011199835207,1.3121379746789528,0.0
128,4656,5.04898523843632,0.00019189304431876643,3.856321949524695e-05,0.0002509562968659301,2.3345605508207082e-05,3.1489491902902955e-08,5.45016611750826e-10,0.0001007124821576754,2.1915604137023712e-05,0.0003286640946815808,4.976011618072644,1.3121381052331391,0.0
128,4660,5.053322854620543,0.00019047342567604872,3.827793002311931e-05,0.00024909448328075005,2.317240736162838e-05,3.10240011458518e-08,5.369599496747396e-10,9.996486085185866e-05,2.1752917524285554e-05,0.00032621758549368116,4.9760120329359765,1.3121382347744686,0.0
128,4664,5.057660470804767,0.00018906436844730513,3.799476299439085e-05,0.0002472465746793358,2.3000502748105625e-05,3.05653884424828e-08,5.2902233218422e-10,9.922282773682661e-05,2.15914469333796e-05,0.0003237894330277149,4.976012444452939,1.312138363310915,0.0
128,4668,5.06199808698899,0.00018766579345233826,3.7713702496846816e-05,0.0002454124662517981,2.2829881917533486e-05,3.01135969493771e-08,5.21202775439717e-10,9.848634064372009e-05,2.143118318812427e-05,0.0003213794980274947,4.976012852651039,1.3121384908503877,0.0
128,4672,5.066335703173214,0.00018627762211085547,3.743473273883054e-05,0.00024359205398828544,2.2660535194231407e-05,2.966851297969697e-08,5.134993117621304e-10,9.775535772606157e-05,2.1272117182490032e-05,0.00031898764230167405,4.976013257557549,1.3121386174007332,0.0
128,4676,5.070673319357438,0.0001848997764377294,3.7157838048291e-05,0.00024178523467261695,2.2492452976351294e-05,2.9229994424895267e-08,5.059094815525848e-10,9.702983745718594e-05,2.1114239880040353e-05,0.00031661372872621147,4.976013659199514,1.312138742969735,0.0
128,4680,5.075010935541662,0.000183532179038937,3.688300287196667e-05,0.00023999190587682947,2.232562573537025e-05,2.8798041284971987e-08,4.984332848110804e-10,9.63097386280398e-05,2.0957542313452788e-05,0.0003142576212352095,4.9760140576037495,1.3121388675651138,0.0
128,4684,5.079348551725885,0.0001821747531065577,3.661021177438042e-05,0.0002382119659543719,2.2160044015457472e-05,2.8372454607961117e-08,4.910672780991913e-10,9.559502034442806e-05,2.0802015583919848e-05,0.00031191918480889873,4.976014452796852,1.3121389911945283,0.0
128,4688,5.083686167910109,0.0001808274224144605,3.6339449436972724e-05,0.00023644531403436346,2.19956984329401e-05,2.7953120707024937e-08,4.838094937378176e-10,9.488564202470114e-05,2.06476508606457e-05,0.0003095982854627473,4.976014844805187,1.3121391138655756,0.0
128,4692,5.088023784094332,0.00017949011131372243,3.6070700657180975e-05,0.00023469185001540242,2.183257967572729e-05,2.7540096425582306e-08,4.766609155665093e-10,9.41815633972534e-05,2.0494439380301823e-05,0.00030729479025138864,4.9760152336549055,1.3121392355857917,0.0
128,4696,5.092361400278556,0.0001781627447283053,3.580395034757066e-05,0.00023295147455972004,2.1670678502766352e-05,2.713318281166721e-08,4.696181001468409e-10,9.348274449816063e-05,2.0342372446512914e-05,0.0003050085672464359,4.976015619371936,1.312139356362653,0.0
128,4700,5.09669901646278,0.0001768452481508031,3.5539183534980745e-05,0.00023122408908749916,2.1509985743514247e-05,2.6732266178441932e-08,4.626790797997121e-10,9.278914566889009e-05,2.0191441429358575e-05,0.00030273948553741247,4.976016001981991,1.3121394762035752,0.0
128,4704,5.101036632647003,0.00017553754763760534,3.527638535955173e-05,0.00022950959577031698,2.1350492297327575e-05,2.6337289682487608e-08,4.5584287068557284e-10,9.210072755364917e-05,2.0041637764796364e-05,0.00030048741521929617,4.976016381510566,1.3121395951159145,0.0
128,4708,5.105374248831227,0.00017423956980483336,3.5015541073908926e-05,0.00022780789752569952,2.1192189132956007e-05,2.5948168058675947e-08,4.491079970450979e-10,9.141745109718907e-05,1.9892952954183875e-05,0.0002982522273878378,4.976016757982943,1.3121397131069685,0.0
128,4712,5.10971186501545,0.00017295124182433418,3.475663604235745e-05,0.0002261188980117195,2.103506728803973e-05,2.5564787620169227e-08,4.424724911991869e-10,9.073927754262292e-05,1.974537856380393e-05,0.000296033794128987,4.976017131424192,1.312139830183976,0.0
128,4716,5.114049481199674,0.0001716724914189647,3.4499655739934496e-05,0.0002244425016206566,2.087911786851971e-05,2.518717678867688e-08,4.3593684506761504e-10,9.006616842886705e-05,1.9598906224307802e-05,0.00029383198851096345,4.976017501859177,1.3121399463541177,0.0
128,4720,5.118387097383898,0.00017040324685840198,3.4244585751567326e-05,0.00022277861347337917,2.0724332048115e-05,2.481507976881403e-08,4.2949663137240663e-10,8.939808558837451e-05,1.9453527630222016e-05,0.00029164668458158343,4.976017869312547,1.3121400616245174,0.0
128,4724,5.122724713568122,0.00016914343695534023,3.399141177130907e-05,0.00022112713941414963,2.057070106783955e-05,2.444855340399954e-08,4.2315283395311184e-10,8.873499114503159e-05,1.93092345394906e-05,0.0002894777573547294,4.976018233808749,1.312140176002241,0.0
128,4728,5.127062329752345,0.00016789299106088424,3.374011960141294e-05,0.0002194879860045174,2.041821623543405e-05,2.4087455585686257e-08,4.1690299321085526e-10,8.807684751170001e-05,1.9166018772940277e-05,0.00028732508280456665,4.976018595372025,1.3121402894942986,0.0
128,4732,5.131399945936569,0.0001666518390605677,3.349069515153208e-05,0.00021786106051791606,2.026686892486334e-05,2.373164420532703e-08,4.1074464954676164e-10,8.742361738803218e-05,1.9023872213805034e-05,0.0002851885378584241,4.976018954026413,1.3121404021076433,0.0
128,4736,5.135737562120792,0.00016541991137044006,3.324312443793317e-05,0.00021624627093439053,2.0116650575825903e-05,2.3381176106340718e-08,4.04678786800381e-10,8.677526375834185e-05,1.888278680726277e-05,0.00028306800038876615,4.97601930979575,1.312140513849173,0.0
128,4740,5.1400751783050165,0.00016419713893269314,3.299739358261753e-05,0.00021464352593475412,1.9967552693210297e-05,2.303588075847074e-08,3.98702453453063e-10,8.613174988924902e-05,1.8742754559922833e-05,0.0002809633492075825,4.976019662703674,1.312140624725731,0.0
128,4744,5.14441279448924,0.0001629834532117365,3.275348881253243e-05,0.00021305273489526902,1.981956684660032e-05,2.2695701318298234e-08,3.9281466566525754e-10,8.549303932752899e-05,1.860376753935792e-05,0.00027887446405736613,4.976020012773626,1.3121407347441048,0.0
128,4748,5.148750410673463,0.0001617787861904142,3.2511396458810816e-05,0.00021147380788258337,1.9672684669804e-05,2.236052409898548e-08,3.870134557578643e-10,8.485909589807105e-05,1.8465817873659918e-05,0.0002768012256034729,4.976020360028848,1.3121408439110278,0.0
128,4752,5.153088026857687,0.00016058307036562492,3.227110295589107e-05,0.00020990665564782612,1.9526897860304283e-05,2.2030377522241906e-08,3.8129931565065827e-10,8.422988370149353e-05,1.8328897750920896e-05,0.0002747435154279719,4.976020704492391,1.3121409522331802,0.0
128,4756,5.15742564304191,0.00015939623874468983,3.203259484078716e-05,0.00020835118962173475,1.9382198178805765e-05,2.1705062636101502e-08,3.7566880190521407e-10,8.360536711217814e-05,1.8192999418805396e-05,0.0002727012160215893,4.97602104618711,1.3121410597171883,0.0
128,4760,5.161763259226134,0.0001582182248413121,3.179585875227661e-05,0.0002068073219092178,1.923857744872887e-05,2.1384607862273697e-08,3.7012240644130677e-10,8.298551077607479e-05,1.8058115184072714e-05,0.00027067421077990475,4.976021385135674,1.3121411663696252,0.0
128,4764,5.166100875410358,0.00015704896267170986,3.156088143012335e-05,0.0002052749652841574,1.909602755572635e-05,2.1068842670501908e-08,3.646571777402859e-10,8.237027960860404e-05,1.7924237412120487e-05,0.0002686623839870717,4.976021721360558,1.3121412721970123,0.0
128,4768,5.170438491594582,0.00015588838675085502,3.1327649714321935e-05,0.00020375403318435484,1.8954540447213073e-05,2.0757823904204997e-08,3.5927409964170155e-10,8.175963879261702e-05,1.7791358526540754e-05,0.0002666656208220349,4.976022054884049,1.3121413772058181,0.0
128,4772,5.174776107778805,0.00015473643208864762,3.109615054432866e-05,0.00020224443970638935,1.881410813188778e-05,2.045138103312638e-08,3.5397022062690345e-10,8.115355377632063e-05,1.7659471008668464e-05,0.0002646838073409243,4.9760223857282515,1.3121414814024592,0.0
128,4776,5.179113723963029,0.00015359303418583368,3.086637095824125e-05,0.00020074609960013667,1.8674722679223133e-05,2.014942879213777e-08,3.487440649365663e-10,8.055199027106557e-05,1.752856739710014e-05,0.00026271683047555575,4.976022713915082,1.3121415847933018,0.0
128,4780,5.183451340147252,0.0001524581290306312,3.063829809212079e-05,0.00019925892826421485,1.8536376219042092e-05,1.985202402465802e-08,3.435966164102402e-10,7.99549142495067e-05,1.7398640287293558e-05,0.000260764578023992,4.976023039466275,1.3121416873846607,0.0
128,4784,5.1877889563314765,0.00015133165309462742,3.0411919179167253e-05,0.00019778284174050138,1.8399060941007826e-05,1.9558996200430556e-08,3.3852492352927484e-10,7.936229194339265e-05,1.726968233108678e-05,0.00025882693864558685,4.976023362403386,1.3121417891828007,0.0
128,4788,5.1921265725157,0.00015021354332962105,3.0187221549084875e-05,0.000196317756709864,1.826276909422658e-05,1.9270288476036512e-08,3.3352800245412e-10,7.877408984184092e-05,1.7141686236322762e-05,0.00025690380185089114,4.976023682747787,1.3121418901939361,0.0
128,4792,5.196464188699924,0.00014910373716331182,2.9964192627215946e-05,0.00019486359048639576,1.8127492986711394e-05,1.898592927318532e-08,3.286063451045508e-10,7.819027468901328e-05,1.701464476634355e-05,0.0002549950580036276,4.976024000520672,1.3121419904242315,0.0
128,4796,5.200801804884147,0.0001480021724961016,2.9742819933897942e-05,0.00019342026101308788,1.7993224984979542e-05,1.8705662796492106e-08,3.237555242025916e-10,7.761081348236717e-05,1.6888550739609738e-05,0.000253100598301017,4.976024315743061,1.312142089879803,0.0
128,4800,5.20513942106837,0.0001469087876972744,2.9523091083695858e-05,0.0001919876868567359,1.785995751357868e-05,1.8429631154504023e-08,3.189779993471177e-10,7.70356734706031e-05,1.6763397029253846e-05,0.0002512203147786273,4.976024628435795,1.3121421885667175,0.0
128,4804,5.2094770372525945,0.00014582352160142248,2.9304993784683993e-05,0.00019056578720310944,1.7727683054637515e-05,1.8157606973545626e-08,3.142698351799286e-10,7.646482215171297e-05,1.66391765626556e-05,0.00024935410029743005,4.976024938619544,1.3121422864909935,0.0
128,4808,5.213814653436818,0.0001447463135049946,2.9088515837752267e-05,0.00018915448185232957,1.7596394147435754e-05,1.7889675518745207e-08,3.096325074603495e-10,7.589822727111573e-05,1.6515882321036247e-05,0.0002475018485402715,4.976025246314804,1.3121423836586015,0.0
128,4812,5.218152269621042,0.00014367710316269005,2.8873645135881565e-05,0.0001877536912140349,1.746608338795444e-05,1.7625666259846184e-08,3.0506306466973e-10,7.53358568197075e-05,1.6393507339034252e-05,0.0002456634540033832,4.976025551541901,1.3121424800754642,0.0
128,4816,5.222489885805265,0.00014261583078388235,2.866036966342505e-05,0.0001863633363025551,1.733674342842696e-05,1.7365636040267418e-08,3.0056249064762015e-10,7.477767903191195e-05,1.627204470428104e-05,0.00024383881199312014,4.976025854320991,1.3121425757474576,0.0
128,4820,5.226827501989489,0.00014156243702925068,2.8448677495431178e-05,0.00018498333873242533,1.720836697692176e-05,1.7109357486333465e-08,2.9612685003581947e-10,7.422366238387325e-05,1.6151487557007796e-05,0.0002420278186164232,4.976026154672063,1.3121426706804105,0.0
128,4824,5.231165118173712,0.00014051686300741952,2.823855679696843e-05,0.00018361362071383464,1.7080946796918928e-05,1.6856944284882047e-08,2.9175811051342826e-10,7.367377559161645e-05,1.6031829089645126e-05,0.00024023037077635986,4.976026452614938,1.3121427648801054,0.0
128,4828,5.235502734357937,0.00013947905027119655,2.802999582236923e-05,0.00018225410504763101,1.6954475706845532e-05,1.6608254327366012e-08,2.8745381248157114e-10,7.312798760903618e-05,1.5913062546385397e-05,0.00023844636616274752,4.9760267481692715,1.3121428583522785,0.0
128,4832,5.23984035054216,0.00013844894081430363,2.782298291457304e-05,0.00018090471512087686,1.6828946579662163e-05,1.636320234865707e-08,2.832124801809229e-10,7.258626762609899e-05,1.5795181222791568e-05,0.00023667570325197387,4.976027041354559,1.3121429511026206,0.0
128,4836,5.244177966726384,0.00013742647706847,2.7617506504542166e-05,0.00017956537490298636,1.67043523425036e-05,1.6121816770464648e-08,2.7903460553125856e-10,7.204858506728782e-05,1.5678178465458677e-05,0.0002349182812974683,4.976027332190129,1.312143043136777,0.0
128,4840,5.248515582910607,0.00013641160189946226,2.741355511046397e-05,0.00017823600894037076,1.6580685976180695e-05,1.5884012327660457e-08,2.7491871277325304e-10,7.151490958943937e-05,1.5562047671543255e-05,0.00023317400032134793,4.976027620695151,1.3121431344603485,0.0
128,4844,5.25285319909483,0.00013540425860391158,2.721111733711323e-05,0.00017691654235221365,1.6457940514787343e-05,1.5649675333406776e-08,2.708628342278059e-10,7.098521108004222e-05,1.5446782288392984e-05,0.00023144276111340534,4.9760279068886355,1.3121432250788905,0.0
128,4848,5.2571908152790545,0.0001344043909063457,2.7010181875255694e-05,0.00017560690082646353,1.633610904532769e-05,1.5418891052831896e-08,2.668684456542425e-10,7.045945965561795e-05,1.5332375813194412e-05,0.00022972446521992278,4.976028190789434,1.3121433149979147,0.0
128,4852,5.261528431463278,0.00013341194295549895,2.6810737500906535e-05,0.00017430701061491363,1.6215184707258436e-05,1.5191403690550942e-08,2.6293111977458715e-10,6.99376256597386e-05,1.5218821792541554e-05,0.00022801901494155747,4.976028472416242,1.3121434042228888,0.0
128,4856,5.265866047647502,0.00013242685932131573,2.6612773074728177e-05,0.00017301679852913356,1.6095160692110355e-05,1.4967326933401637e-08,2.590528242679401e-10,6.941967966138115e-05,1.5106113822077813e-05,0.00022632631332777418,4.976028751787598,1.3121434927592375,0.0
128,4860,5.270203663831725,0.00013144908499175946,2.641627754138899e-05,0.000171736191936243,1.597603024309515e-05,1.474663235967455e-08,2.552330672145263e-10,6.890559245322724e-05,1.4994245546125981e-05,0.00022464626416719246,4.976029028921887,1.3121435806123416,0.0
128,4864,5.274541280015949,0.0001304785653695185,2.622123992890132e-05,0.00017046511875445694,1.585778665469102e-05,1.4529121017403668e-08,2.5146840517592026e-10,6.839533504986264e-05,1.4883210657296443e-05,0.0002229787719839415,4.9760293038373415,1.3121436677875395,0.0
128,4868,5.2788788962001725,0.00012951524626888606,2.602764934799448e-05,0.0001692035074489333,1.5740423272256415e-05,1.4314821328298422e-08,2.4775933007189714e-10,6.788887868610494e-05,1.4773002896123275e-05,0.00022132374203626988,4.976029576552042,1.312143754290127,0.0
128,4872,5.283216512384397,0.00012855907391236116,2.5835494991431638e-05,0.00016795128702719588,1.5623933491604206e-05,1.4103761714068241e-08,2.4410633382223187e-10,6.738619481515546e-05,1.4663616050662074e-05,0.00021968108030059598,4.976029847083918,1.312143840125358,0.0
128,4876,5.28755412856862,0.00012760999492803359,2.564476613348433e-05,0.00016670838703562225,1.5508310758675e-05,1.3895828487875406e-08,2.405074487478242e-10,6.688725510718199e-05,1.4555043956181574e-05,0.00021805069347618556,4.976030115450753,1.3121439252984446,0.0
128,4880,5.291891744752844,0.0001266679563461306,2.5455452129238463e-05,0.0001654747375548344,1.539354856910833e-05,1.3690851119463332e-08,2.369597233300238e-10,6.639203144746103e-05,1.4447280494759375e-05,0.00021643248897605514,4.976030381670177,1.312144009814557,0.0
128,4884,5.296229360937067,0.00012573290559602225,2.5267542413992482e-05,0.00016425026919566943,1.527964046786782e-05,1.3489000139088603e-08,2.3346610908748104e-10,6.59004959347513e-05,1.4340319594928008e-05,0.00021482637491254436,4.976030645759679,1.312144093678825,0.0
128,4888,5.30056697712129,0.00012480479050317028,2.5081026502644246e-05,0.00016303491309511,1.516658004886263e-05,1.3290190281622927e-08,2.3002513026087066e-10,6.541262087965375e-05,1.4234155231318073e-05,0.00021323226011464217,4.976030907736601,1.3121441768963376,0.0
128,4892,5.304904593305515,0.00012388355928618576,2.4895893989099703e-05,0.0001618286009123167,1.505436095457833e-05,1.309419417339086e-08,2.2663285149199216e-10,6.492837880300917e-05,1.4128781424309541e-05,0.00021165005409469882,4.976031167618141,1.3121442594721429,0.0
128,4896,5.309242209489738,0.0001229691605537597,2.4712134545656063e-05,0.00016063126482452356,1.4942976875695099e-05,1.2901182344648987e-08,2.2329222429949597e-10,6.444774243424336e-05,1.4024192239671664e-05,0.0002100796670643557,4.9760314254213505,1.3121443414112492,0.0
128,4900,5.313579825673962,0.00012206154330160462,2.452973792238718e-05,0.00015944283752297194,1.4832421550709453e-05,1.2710984265140723e-08,2.2000029716473162e-10,6.397068470972964e-05,1.3920381788206636e-05,0.00020852100991351148,4.976031681163146,1.3121444227186256,0.0
128,4904,5.317917441858185,0.0001211606569097278,2.4348693946595562e-05,0.00015826325220920064,1.4722688765589136e-05,1.252357151315664e-08,2.1675657816792409e-10,6.34971787712879e-05,1.3817344225422982e-05,0.00020697399422097367,4.976031934860299,1.3121445033992007,0.0
128,4908,5.322255058042409,0.00012026645113921491,2.4168992522166013e-05,0.00015709244259077645,1.4613772353375946e-05,1.2338944088696735e-08,2.1356106730907336e-10,6.30271979644658e-05,1.3715073751161543e-05,0.00020543853223478728,4.9760321865294435,1.3121445834578644,0.0
128,4912,5.3265926742266325,0.00011937887612963036,2.39906236290432e-05,0.000155930342877804,1.4505666193861052e-05,1.215710199176101e-08,2.1041376458817942e-10,6.256071583713047e-05,1.3613564609289016e-05,0.00020391453687233234,4.976032436187074,1.3121446628994682,0.0
128,4916,5.330930290410857,0.00011849788239595773,2.3813577322616803e-05,0.00015477688777882425,1.439836421320345e-05,1.1977931535511743e-08,2.0731270232614201e-10,6.209770613781398e-05,1.3512811087337922e-05,0.00020240192172110664,4.97603268384955,1.3121447417288248,0.0
128,4920,5.33526790659508,0.00011762342082566969,2.3637843733132664e-05,0.00015363201249690372,1.4291860383566161e-05,1.1801375876530074e-08,2.0425689668341098e-10,6.163814281413723e-05,1.3412807516163632e-05,0.00020090060102598812,4.976032929533096,1.3121448199507086,0.0
128,4924,5.339605522779304,0.00011675544267598117,2.346341306514079e-05,0.00015249565272593653,1.4186148722772212e-05,1.1627435014816001e-08,2.0124634765998634e-10,6.1182000011317e-05,1.3313548269619493e-05,0.00019941048968095593,4.976033173253798,1.3121448975698564,0.0
128,4928,5.343943138963527,0.00011589389957118911,2.3290275596960745e-05,0.00015136774464708872,1.4081223293973875e-05,1.1456080528660095e-08,1.98280563336093e-10,6.0729252070732316e-05,1.3215027764244874e-05,0.00019793150323724394,4.9760334150276115,1.3121449745909672,0.0
128,4932,5.348280755147751,0.00011503874349952156,2.3118421680048424e-05,0.00015024822492458884,1.3977078205261069e-05,1.1287227152934065e-08,1.9535806795240577e-10,6.0279873528227864e-05,1.3117240458895954e-05,0.00019646355788413003,4.976033654870361,1.3121450510187032,0.0
128,4936,5.352618371331975,0.00011418992681068881,2.2947841738503954e-05,0.0001491370307024466,1.3873707609356115e-05,1.1120903309347341e-08,1.9247935342869972e-10,5.9833839112790246e-05,1.302018085445769e-05,0.00019500657045635306,4.9760338927977354,1.312145126857689,0.0
128,4940,5.356955987516198,0.00011334740221288329,2.2778526268468746e-05,0.00014803409960043444,1.3771105703239912e-05,1.0956995311062201e-08,1.8964245208587458e-10,5.939112374492736e-05,1.2923843493491154e-05,0.00019356045841551045,4.976034128825299,1.3121452021125128,0.0
128,4944,5.361293603700422,0.00011251112277022988,2.2610465837613135e-05,0.00014693936971067235,1.3669266727834236e-05,1.0795531579788076e-08,1.868478558437054e-10,5.8951702535291055e-05,1.282822295993381e-05,0.00019212513985854572,4.976034362968483,1.312145276787727,0.0
128,4948,5.365631219884645,0.00011168104189998335,2.244365108457317e-05,0.0001458527795938858,1.3568184967653628e-05,1.0636455272106105e-08,1.8409458086264204e-10,5.8515550783168705e-05,1.273331387877128e-05,0.00019070053350405368,4.976034595242593,1.3121453508878476,0.0
128,4952,5.369968836068869,0.00011085711336999187,2.2278072718440853e-05,0.00014477426827599513,1.3467854750488114e-05,1.0479766388016287e-08,1.813826271426845e-10,5.8082643975106656e-05,1.2639110915737792e-05,0.00018928655869166055,4.976034825662806,1.312145424417354,0.0
128,4956,5.374306452253093,0.0001100392912958466,2.211372151819134e-05,0.00014370377524431388,1.336827044704955e-05,1.0325379662390333e-08,1.7871051892450759e-10,5.765295778337828e-05,1.2545608776982822e-05,0.00018788313537566152,4.976035054244175,1.3121454973806916,0.0
128,4960,5.378644068437317,0.00010922753013812311,2.195058833212856e-05,0.00014264124044387512,1.3269426470629874e-05,1.017320983009995e-08,1.760767804487861e-10,5.722646806450403e-05,1.2452802208749053e-05,0.00018649018412013975,4.976035281001628,1.3121455697822697,0.0
128,4964,5.38298168462154,0.00010842178470008388,2.1788664077423502e-05,0.00014158660427431862,1.3171317276811535e-05,1.002334215627343e-08,1.7348288747484523e-10,5.680315085799307e-05,1.236068599709854e-05,0.00018510762609452405,4.976035505949969,1.3121456416264627,0.0
128,4968,5.387319300805764,0.00010762201012498961,2.16279397395739e-05,0.00014053980758631736,1.3073937363135047e-05,9.87566295407305e-09,1.7092687232358468e-10,5.638298238490429e-05,1.2269254967599585e-05,0.00018373538306667422,4.976035729103878,1.3121457129176108,0.0
128,4972,5.391656916989987,0.00010682816189319433,2.146840637182045e-05,0.0001395007916776971,1.2977281268738026e-05,9.730172223498812e-09,1.684087349950045e-10,5.596593904628212e-05,1.2178503984986358e-05,0.0001823733774054952,4.976035950477918,1.3121457836600194,0.0
128,4976,5.395994533174211,0.00010604019581995923,2.1310055094707474e-05,0.00013846949829050402,1.2881343574082393e-05,9.586869964550715e-09,1.6592847548910465e-10,5.555199742197358e-05,1.2088427952901478e-05,0.0001810215320693398,4.976036170086528,1.3121458538579602,0.0
128,4980,5.400332149358435,0.00010525806805276976,2.1152877095543774e-05,0.0001374458696074143,1.2786118900620363e-05,9.445614068681607e-09,1.634836342070098e-10,5.514113426918035e-05,1.1999021813580944e-05,0.00017967977059953075,4.976036387944026,1.312145923515671,0.0
128,4984,5.404669765542658,0.00010448173506873963,2.0996863627880913e-05,0.0001364298482482678,1.2691601910472002e-05,9.30651822272921e-09,1.6107617882782023e-10,5.4733326521061666e-05,1.1910280547550107e-05,0.00017834801712414606,4.976036604064616,1.3121459926373562,0.0
128,4988,5.409007381726882,0.00010371115367216226,2.084200601102116e-05,0.00013542137726679565,1.2597787306120786e-05,9.169440318146371e-09,1.5870364975266057e-10,5.432855128541512e-05,1.1822199173336611e-05,0.00017702619634749154,4.976036818462381,1.3121460612271867,0.0
128,4992,5.413344997911105,0.00010294628099220144,2.0688295629553405e-05,0.00013442040014751403,1.250466983012466e-05,9.034351933223661e-09,1.5636555506175578e-10,5.392678584342278e-05,1.1734772747197541e-05,0.00017571423354835586,4.976037031151291,1.3121461292893004,0.0
128,4996,5.417682614095329,0.00010218707448008257,2.053572393278869e-05,0.00013342686080200416,1.241224426476996e-05,8.90130991137994e-09,1.5406287859465598e-10,5.352800764815427e-05,1.1647996362793681e-05,0.00017441205457211057,4.976037242145197,1.312146196827803,0.0
128,5000,5.422020230279553,0.00010143349190672376,2.0384282434284165e-05,0.0001324407035657171,1.2320505431774186e-05,8.770200565777486e-09,1.517936526722609e-10,5.3132194323276294e-05,1.1561865150908702e-05,0.00017311958582951192,4.976037451457837,1.312146263846767,0.0
128,5004,5.426357846463777,0.00010068549136062424,2.0233962711418736e-05,0.00013146187319516326,1.2229448192024548e-05,8.64108073983516e-09,1.4955886113412067e-10,5.273932366192056e-05,1.1476374279202818e-05,0.0001718367542923779,4.976037659102836,1.3121463303502334,0.0
128,5008,5.430695462648,9.994303124504503e-05,2.008475640482648e-05,0.00013049031486414244,1.2139067445227261e-05,8.513808325005812e-09,1.4735604438135995e-10,5.234937362516382e-05,1.139151895188203e-05,0.00017056348748955462,4.976037865093706,1.3121463963422109,0.0
128,5012,5.435033078832224,9.920607027574572e-05,1.9936655217941823e-05,0.0001295259741607074,1.2049358129625076e-05,8.38846858641773e-09,1.4518667817330395e-10,5.196232234080275e-05,1.1307294409431537e-05,0.0001692997134966707,4.976038069443845,1.312146461826677,0.0
128,5016,5.439370695016447,9.847456747890044e-05,1.978965091658074e-05,0.0001285687970843969,1.1960315221739877e-05,8.264890993814333e-09,1.4304781099130227e-10,5.1578148102240114e-05,1.122369592837335e-05,0.0001680453609398612,4.976038272166547,1.312146526807577,0.0
128,5020,5.4437083112006714,9.774848218813785e-05,1.9643735328345897e-05,0.00012761873004229056,1.1871933736005677e-05,8.143217655742774e-09,1.4094190243423023e-10,5.119682936689512e-05,1.1140718820920394e-05,0.00016680035898924248,4.976038473274988,1.3121465912888257,0.0
128,5024,5.448045927384895,9.702777404274608e-05,1.9498900342265906e-05,0.0001266757198465712,1.1784208724541858e-05,8.02333488536533e-09,1.3886698482298755e-10,5.081834475521752e-05,1.1058358434761952e-05,0.00016556463734831913,4.976038672782242,1.3121466552743069,0.0
128,5028,5.452383543569118,9.631240298519893e-05,1.935513790829821e-05,0.00012573971371124875,1.16971352768484e-05,7.90521426097257e-09,1.368225662377992e-10,5.0442673049369454e-05,1.0976610152776836e-05,0.00016433812626244726,4.976038870701271,1.3121467187678735,0.0
128,5032,5.456721159753342,9.560232925883914e-05,1.9212440036863465e-05,0.0001248106592490564,1.1610708519517146e-05,7.788798939145636e-09,1.3480766283911497e-10,5.006979319197352e-05,1.089546939276096e-05,0.00016312075650565198,4.9760390670449315,1.3121467817733483,0.0
128,5036,5.461058775937565,9.489751340537036e-05,1.9070798798341575e-05,0.00012388850446811412,1.1524923615921414e-05,7.674145763303386e-09,1.3282325846648506e-10,4.9699684284768876e-05,1.0814931607134897e-05,0.00016191245937296312,4.976039261825973,1.3121468442945239,0.0
128,5040,5.465396392121789,9.419791626293145e-05,1.893020632268465e-05,0.00012297319776933044,1.1439775765974302e-05,7.56116946831753e-09,1.3086787736058425e-10,4.9332325587562e-05,1.0734992282715565e-05,0.00016071316668631093,4.97603945505704,1.3121469063351625,0.0
128,5044,5.469734008306013,9.350349896370556e-05,1.8790654798936553e-05,0.00012206468794323516,1.135526020583404e-05,7.449841632478638e-09,1.2894102760163746e-10,4.89676965169519e-05,1.0655646940438815e-05,0.00015952281078493035,4.976039646750676,1.3121469678989974,0.0
128,5048,5.474071624490237,9.28142229317508e-05,1.865213647479694e-05,0.00012116292416706856,1.1271372207633207e-05,7.3401622557867086e-09,1.2704270918964471e-10,4.860577664515595e-05,1.0576891135103934e-05,0.0001583413245238375,4.976039836919316,1.3121470289897315,0.0
128,5052,5.47840924067446,9.213004988058644e-05,1.8514643656136164e-05,0.00012026785600157112,1.1188107079180099e-05,7.232131338241743e-09,1.2517292212460598e-10,4.8246545698716797e-05,1.0498720455092264e-05,0.00015716864126641666,4.976040025575296,1.3121470896110394,0.0
128,5056,5.482746856858684,9.14509418111254e-05,1.837816870657981e-05,0.00011937943338820275,1.1105460163700035e-05,7.12572045813431e-09,1.2333117448674618e-10,4.788998355738004e-05,1.0421130522122963e-05,0.00015600469488228724,4.976040212730848,1.3121471497665669,0.0
128,5060,5.487084473042907,9.077686100955438e-05,1.824270404708265e-05,0.00011849760664632675,1.1023426839573394e-05,7.020815928626689e-09,1.215154985969651e-10,4.7536070252960276e-05,1.034411699100627e-05,0.00015484941974424715,4.976040398398105,1.3121472094599298,0.0
128,5064,5.4914220892271315,9.010777004509679e-05,1.81082421554791e-05,0.00011762232647021843,1.0942002520057333e-05,6.91744617142831e-09,1.1972638637503772e-10,4.7184785968135086e-05,1.0267675549381057e-05,0.00015370275072344193,4.976040582589099,1.3121472686947164,0.0
128,5068,5.495759705411355,8.944363176787414e-05,1.7974775566053444e-05,0.00011675354392622208,1.0861182653021317e-05,6.815639608248603e-09,1.179643297407392e-10,4.683611103530017e-05,1.0191801917465701e-05,0.00015256462318784345,4.976040765315763,1.3121473274744866,0.0
128,5072,5.500097321595579,8.878440930678503e-05,1.7842296869113567e-05,0.00011589121044990653,1.0780962720682504e-05,6.715339395668707e-09,1.1622834485451932e-10,4.649002593542181e-05,1.0116491847808376e-05,0.00015143497299164495,4.976040946589932,1.312147385802772,0.0
128,5076,5.504434937779802,8.813006606733147e-05,1.7710798710554148e-05,0.00011503527784316364,1.0701338239335833e-05,6.6165455336886225e-09,1.1451843171637813e-10,4.6146511296867416e-05,1.004174112503258e-05,0.00015031373648067786,4.976041126423344,1.3121474436830767,0.0
128,5080,5.508772553964025,8.74805657296935e-05,1.758027379146973e-05,0.00011418569827163693,1.0622304759114813e-05,6.519172757180058e-09,1.1283311456699041e-10,4.580554789436917e-05,9.9675455656116e-06,0.000149200850480617,4.97604130482764,1.312147501118877,0.0
128,5084,5.5131101701482494,8.683587224651282e-05,1.74507148677093e-05,0.00011334242426178978,1.0543857863718788e-05,6.4232210661430145e-09,1.1117239340635617e-10,4.5467116647844524e-05,9.893901017611861e-06,0.0001480962523004545,4.976041481814363,1.3121475581136217,0.0
128,5088,5.517447786332473,8.619594984078408e-05,1.7322114749452536e-05,0.00011250540869805947,1.046599317014819e-05,6.328690460577491e-09,1.0953626823447538e-10,4.513119862124661e-05,9.820803360442769e-06,0.00014699987972223184,4.976041657394965,1.3121476146707327,0.0
128,5092,5.521785402516697,8.556076300372697e-05,1.7194466300782165e-05,0.00011167460482003546,1.0388706328442047e-05,6.235580940483487e-09,1.0792473905134807e-10,4.4797775021428576e-05,9.748248504609574e-06,0.0001459116710000249,4.976041831580801,1.3121476707936048,0.0
128,5096,5.52612301870092,8.493027649315883e-05,1.706776243935693e-05,0.0001108499662202785,1.0311993021475094e-05,6.143807240732713e-09,1.0633633009764903e-10,4.4466827197263816e-05,9.676232391521932e-06,0.00014483156486004117,4.976042004383132,1.3121477264856067,0.0
128,5100,5.530460634885144,8.430445533100463e-05,1.694199613591118e-05,0.00011003144684101183,1.0235848964649968e-05,6.053426204744028e-09,1.0477202521292838e-10,4.4138336638313765e-05,9.604750993204015e-06,0.0001437595004899179,4.976042175813129,1.3121477817500793,0.0
128,5104,5.534798251069367,8.368326480157211e-05,1.6817160413908243e-05,0.00010921900097181338,1.0160269905682534e-05,5.964380989098572e-09,1.0323084055763599e-10,4.381228497389718e-05,9.533800312091971e-06,0.0001426954175407525,4.976042345881869,1.3121478365903385,0.0
128,5108,5.5391358672535915,8.306667044944601e-05,1.6693248349117246e-05,0.00010841258324680272,1.0085251624340175e-05,5.876586328668054e-09,1.0171130037244664e-10,4.3488653971956335e-05,9.463376380787211e-06,0.00014163925611889298,4.976042514600339,1.3121478910096733,0.0
128,5112,5.543473483437815,8.245463807760783e-05,1.6570253069235265e-05,0.00010761214864214251,1.0010789932209382e-05,5.790127488580765e-09,1.0021488041668557e-10,4.3167425538050816e-05,9.39347526183745e-06,0.0001405909567885895,4.976042681979435,1.3121479450113473,0.0
128,5116,5.547811099622039,8.184713374537254e-05,1.6448167753472665e-05,0.0001068176524732763,9.936880672438779e-06,5.704976047127275e-09,9.87410887705777e-11,4.28485817142437e-05,9.324093047494327e-06,0.00013955046056232987,4.976042848029963,1.3121479985985982,0.0
128,5120,5.552148715806262,8.124412376647546e-05,1.6326985632168655e-05,0.00010602905039239262,9.863519719503228e-06,5.621046739179292e-09,9.72884496747978e-11,4.253210467808089e-05,9.255225859491315e-06,0.00013851770890136505,4.976043012762642,1.3121480517746382,0.0
128,5124,5.556486331990485,8.064557470728352e-05,1.6206699986431808e-05,0.00010524629838602168,9.79070297898025e-06,5.538311143027386e-09,9.585647120957081e-11,4.221797674162126e-05,9.186869848832662e-06,0.00013749264371115246,4.976043176188101,1.3121481045426544,0.0
128,5128,5.5608239481747095,8.005145338461784e-05,1.608730414770248e-05,0.00010446935277214799,9.71842638728143e-06,5.456911367218709e-09,9.444761297377209e-11,4.190618035027446e-05,9.119021195540503e-06,0.00013647520733557747,4.976043338316884,1.312148156905809,0.0
128,5132,5.565161564358933,7.946172686405646e-05,1.5968791497411734e-05,0.00010369817019794574,9.646685911441735e-06,5.376591616368387e-09,9.3057447689426e-11,4.1596698081888315e-05,9.05167610845626e-06,0.00013546534255735957,4.976043499159443,1.3121482088672392,0.0
128,5136,5.569499180543157,7.887636245803488e-05,1.5851155466599607e-05,0.00010293270763723057,9.575477548882477e-06,5.2974939990235725e-09,9.16884349554079e-11,4.128951264572074e-05,8.984830825016938e-06,0.00013446299259318434,4.976043658726152,1.312148260430057,0.0
128,5140,5.57383679672738,7.829532772393673e-05,1.573438953553142e-05,0.00010217292238793553,9.504797327176492e-06,5.2196185151842656e-09,9.034057477171778e-11,4.098460688142443e-05,8.918481611034177e-06,0.00013346810108935648,4.976043817027294,1.312148311597351,0.0
128,5144,5.578174412911604,7.77185904622075e-05,1.5618487233318706e-05,0.00010141877206958735,9.434641303813383e-06,5.142823056303314e-09,8.90114075394803e-11,4.0681963758029334e-05,8.852624760472839e-06,0.00013248061212023685,4.976043974073068,1.3121483623721844,0.0
128,5148,5.582512029095827,7.714611871446062e-05,1.550344213753859e-05,0.0001006702146207903,9.365005565965441e-06,5.067192887509009e-09,8.770240901802065e-11,4.038156637292944e-05,8.787256595230528e-06,0.00013150047018068293,4.976044129873592,1.3121484127575973,0.0
128,5152,5.586849645280052,7.657788076200179e-05,1.5389247873937255e-05,9.992720829724113e-05,9.29588623030299e-06,4.9926711653824896e-09,8.641259536778873e-11,4.008339795108153e-05,8.722373464963225e-06,0.00013052762019167806,4.9760442844389,1.3121484627566056,0.0
128,5156,5.591187261464275,7.601384512350946e-05,1.52758981159638e-05,9.91897116686514e-05,9.22727944270807e-06,4.9192863116331864e-09,8.514245850855957e-11,3.978744184376625e-05,8.6579717468157e-06,0.00012956200748718625,4.976044437778943,1.3121485123722012,0.0
128,5160,5.595524877648499,7.545398055352787e-05,1.5163386584467395e-05,9.845768361674956e-05,9.15918137808859e-06,4.846953061132808e-09,8.389052268100799e-11,3.949368152778402e-05,8.594047845246534e-06,0.00012860357781806057,4.976044589903588,1.3121485616073532,0.0
128,5164,5.599862493832722,7.489825604060624e-05,1.5051707047323327e-05,9.773108333277754e-05,9.091588240145436e-06,4.7756429921719246e-09,8.265629596535889e-11,3.920210060444447e-05,8.530598191808214e-06,0.0001276522773428097,4.976044740822626,1.3121486104650069,0.0
128,5168,5.604200110016945,7.434664080569644e-05,1.4940853319110999e-05,9.700987031537754e-05,9.02449626117589e-06,4.705412948169396e-09,8.144076220116243e-11,3.8912682798716855e-05,8.46761924496226e-06,0.000126708052630611,4.976044890545766,1.3121486589480842,0.0
128,5172,5.6085377262011695,7.379910430024292e-05,1.4830819260730074e-05,9.62940043680295e-05,8.957901701835246e-06,4.6362060857063625e-09,8.024293754886848e-11,3.862541195819613e-05,8.405107489854232e-06,0.00012577085065524604,4.976045039082634,1.3121487070594846,0.0
128,5176,5.612875342385393,7.325561620423358e-05,1.4721598779008776e-05,9.558344559648015e-05,8.891800850897644e-06,4.568022404782823e-09,7.906282200847702e-11,3.8340272052069446e-05,8.343059438088841e-06,0.00012484061879010222,4.976045186442782,1.312148754802085,0.0
128,5180,5.617212958569617,7.271614642492549e-05,1.4613185826447807e-05,9.487815440702014e-05,8.826190025095795e-06,4.500890327108209e-09,7.790090749976314e-11,3.805724717041983e-05,8.281471627578421e-06,0.00012391730480858476,4.97604533263568,1.312148802178739,0.0
128,5184,5.62155057475384,7.218066509476862e-05,1.4505574400803096e-05,9.41780915037271e-05,8.761065568864516e-06,4.4347245875542285e-09,7.67557182634016e-11,3.7776321523116324e-05,8.22034062230142e-06,0.0001230008568802041,4.976045477670722,1.3121488491922788,0.0
128,5188,5.625888190938064,7.16491425699168e-05,1.4398758544786557e-05,9.348321788649659e-05,8.696423854157548e-06,4.369525186120882e-09,7.562725429939242e-11,3.749747943902185e-05,8.159663012130023e-06,0.0001220912235632538,4.976045621557224,1.3121488958455134,0.0
128,5192,5.6302258071222875,7.112154942829762e-05,1.4292732345678215e-05,9.27934948484498e-05,8.632261280206417e-06,4.305263701098738e-09,7.451502368796054e-11,3.7220705364947196e-05,8.099435412602539e-06,0.00012118835380885555,4.976045764304429,1.3121489421412305,0.0
128,5196,5.634563423306512,7.059785646821486e-05,1.4187489935045346e-05,9.210888397408804e-05,8.568574273348737e-06,4.2419685541972285e-09,7.341951834888102e-11,3.694598386490873e-05,8.039654464761868e-06,0.00012029219695436735,4.976045905921499,1.3121489880821953,0.0
128,5200,5.638901039490735,7.007803470645211e-05,1.4083025488361375e-05,9.142934713676571e-05,8.505359286793141e-06,4.1796397454163525e-09,7.234073828215386e-11,3.667329961911044e-05,7.980316834933997e-06,0.00011940270271820897,4.976046046417524,1.312149033671152,0.0
128,5204,5.643238655674959,6.956205537693085e-05,1.39793332247362e-05,9.07548464968875e-05,8.442612800451567e-06,4.118163587918389e-09,7.127671580867877e-11,3.640263742321624e-05,7.921419214569641e-06,0.00011851982120183458,4.97604618580152,1.3121490789108228,0.0
128,5208,5.647576271859182,6.904988992859885e-05,1.387640740649185e-05,9.008534449912598e-05,8.380331320680423e-06,4.057625346831628e-09,7.022892668778098e-11,3.6133982187231626e-05,7.862958320000885e-06,0.00011764350288131321,4.976046324082428,1.3121491238039087,0.0
128,5212,5.651913888043406,6.854151002408203e-05,1.3774242338891546e-05,8.942080387060967e-05,8.318511380112022e-06,3.99796817873721e-09,6.919638707991033e-11,3.586731893477236e-05,7.804930892282055e-06,0.00011677369861032188,4.976046461269116,1.3121491683530897,0.0
128,5216,5.65625150422763,6.803688753820879e-05,1.3672832369843158e-05,8.876118761895607e-05,8.257149537471612e-06,3.9392489270539954e-09,6.818008082461698e-11,3.5602632802271936e-05,7.747333697017247e-06,0.00011591035961449852,4.97604659737038,1.3121492125610248,0.0
128,5220,5.660589120411853,6.753599455603715e-05,1.3572171889502731e-05,8.81064590296552e-05,8.196242377333968e-06,3.881325483234832e-09,6.717754832302557e-11,3.53399090379285e-05,7.690163524131177e-06,0.00011505343748431764,4.976046732394943,1.3121492564303519,0.0
128,5224,5.664926736596077,6.703880337168079e-05,1.3472255330038565e-05,8.745658166451232e-05,8.13578650997853e-06,3.824283112408011e-09,6.619026533446131e-11,3.5079133001077925e-05,7.63341718773276e-06,0.00011420288418008268,4.976046866351459,1.3121492999636881,0.0
128,5228,5.6692643527803,6.654528648646044e-05,1.337307716525971e-05,8.681151935916859e-05,8.075778571158751e-06,3.768064971154672e-09,6.521724801937407e-11,3.482029016119369e-05,7.577091525897471e-06,0.0001133586520234165,4.976046999248506,1.312149343163631,0.0
128,5232,5.673601968964524,6.605541660734242e-05,1.3274631910302175e-05,8.617123622103466e-05,8.016215221909868e-06,3.7127279028936755e-09,6.425948021731397e-11,3.456336609705541e-05,7.521183400486416e-06,0.00011252069369887246,4.976047131094599,1.312149386032757,0.0
128,5236,5.6779395851487475,6.556916664561825e-05,1.3176914121363586e-05,8.55356966275325e-05,7.957093148385352e-06,3.6581582207873e-09,6.331499424918075e-11,3.4308346496040685e-05,7.465689696992242e-06,0.0001116889622470973,4.976047261898176,1.3121494285736222,0.0
128,5240,5.682277201332972,6.508650971502058e-05,1.3079918395324546e-05,8.490486522359203e-05,7.89840906162402e-06,3.604355924835545e-09,6.23837901149744e-11,3.4055217153117e-05,7.410607324319753e-06,0.00011086341106141588,4.976047391667612,1.3121494707887633,0.0
128,5244,5.686614817517195,6.460741913033935e-05,1.2983639369470551e-05,8.427870691982064e-05,7.840159697379757e-06,3.5514347018761327e-09,6.14678354937952e-11,3.3803963970105516e-05,7.3559332146257225e-06,0.00011004399389298764,4.97604752041121,1.3121495126806966,0.0
128,5248,5.690952433701419,6.413186840610737e-05,1.2888071721227828e-05,8.365718689071684e-05,7.782341815955334e-06,3.4992240216524806e-09,6.056417886699274e-11,3.355457295495829e-05,7.301664323161601e-06,0.00010923066483613266,4.9760476481372065,1.3121495542519188,0.0
128,5252,5.695290049885642,6.365983125470191e-05,1.2793210167781828e-05,8.304027057219268e-05,7.72495220197193e-06,3.4478091492928797e-09,5.967429599389221e-11,3.3307030220764515e-05,7.247797628057277e-06,0.00010842337833757477,4.976047774853771,1.3121495955049078,0.0
128,5256,5.699627666069866,6.319128158514513e-05,1.2699049465836175e-05,8.242792365995098e-05,7.667987664218168e-06,3.3971332413784694e-09,5.87972030349435e-11,3.306132198509468e-05,7.1943301301783535e-06,0.00010762208918467993,4.976047900569005,1.3121496364421212,0.0
128,5260,5.70396528225409,6.272619350166088e-05,1.2605584411322614e-05,8.182011210755444e-05,7.611445035470498e-06,3.3472531413281104e-09,5.793388382969673e-11,3.281743456922194e-05,7.141258852956721e-06,0.00010682675250881013,4.976048025290944,1.3121496770659977,0.0
128,5264,5.708302898438313,6.226454130196464e-05,1.2512809839057364e-05,8.12168021241836e-05,7.555321172284618e-06,3.298055162304081e-09,5.708237069905162e-11,3.257535439722191e-05,7.088580842194666e-06,0.00010603732377784403,4.976048149027559,1.3121497173789574,0.0
128,5268,5.712640514622537,6.180629947588183e-05,1.2420720622463465e-05,8.061796017279506e-05,7.4996129548241465e-06,3.249596147725242e-09,5.6243647482558315e-11,3.233506799523054e-05,7.036293165903379e-06,0.00010525375879887965,4.976048271786755,1.3121497573834002,0.0
128,5272,5.71697813080676,6.135144270402863e-05,1.2329311673305638e-05,8.002355296833378e-05,7.444317286694317e-06,3.201819254172733e-09,5.541673034066668e-11,3.2096561990721394e-05,6.9843929141456845e-06,0.00010447601370856966,4.976048393576374,1.3121497970817086,0.0
128,5276,5.721315746990984,6.0899945856171504e-05,1.2238577941360651e-05,7.943354747558571e-05,7.389431094742217e-06,3.1548381684842752e-09,5.460358695247698e-11,3.185982311164366e-05,6.932877198848473e-06,0.00010370404498158246,4.976048514404189,1.312149836476246,0.0
128,5280,5.725653363175208,6.045178399000815e-05,1.2148514414172308e-05,7.884791090754774e-05,7.334951328905144e-06,3.1084255169844255e-09,5.3800281959788675e-11,3.162483818576502e-05,6.881743153659699e-06,0.00010293780941340226,4.976048634277917,1.312149875569357,0.0
128,5284,5.729990979359432,6.0006932349545395e-05,1.2059116116725484e-05,7.826661072326428e-05,7.2808749620093585e-06,3.062808673348627e-09,5.301075072080231e-11,3.139159413979979e-05,6.830987933758665e-06,0.00010217726413125171,4.976048753205206,1.3121499143633684,0.0
128,5288,5.734328595543655,5.956536636389548e-05,1.1970378111204211e-05,7.768961462623178e-05,7.227198989621656e-06,3.017788685610867e-09,5.22315497970924e-11,3.116007799876685e-05,6.7806087157163005e-06,0.00010142236658504129,4.976048871193645,1.3121499528605884,0.0
128,5292,5.738666211727879,5.912706164569664e-05,1.1882295496674283e-05,7.71168905623087e-05,7.173920429854939e-06,2.9734792406088673e-09,5.1464646867759227e-11,3.0930276885148825e-05,6.7306026973121955e-06,0.00010067307454380254,4.976048988250758,1.3121499910633077,0.0
128,5296,5.743003827912102,5.8691993989770813e-05,1.1794863408813506e-05,7.654840671792949e-05,7.121036323202073e-06,2.9298234949237667e-09,5.070905809325265e-11,3.070217801817264e-05,6.680967097378046e-06,9.992934609747762e-05,4.976049104384011,1.3121500289737982,0.0
128,5300,5.747341444096326,5.8260139371967534e-05,1.1708077019679363e-05,7.598413151853289e-05,7.068543732389675e-06,2.8867361834272742e-09,4.996330771424746e-11,3.0475768713173806e-05,6.6316991556593135e-06,9.919113965078615e-05,4.9760492196008075,1.3121500665943149,0.0
128,5304,5.75167906028055,5.783147394768281e-05,1.1621931537411362e-05,7.542403362664302e-05,7.016439742199602e-06,2.8443309929571114e-09,4.9229363409843936e-11,3.025103638082776e-05,6.582796132647973e-06,9.845841392508783e-05,4.976049333908491,1.3121501039270944,0.0
128,5308,5.756016676464773,5.740597405008474e-05,1.1536422205874457e-05,7.486808193948676e-05,6.964721459247309e-06,2.8025510800944176e-09,4.850624134049193e-11,3.0027968526188485e-05,6.534255309373299e-06,9.773112795141059e-05,4.976049447314343,1.3121501409743566,0.0
128,5312,5.760354292648997,5.698361618928179e-05,1.14515443044919e-05,7.43162455879069e-05,6.913386011880733e-06,2.761424866548623e-09,4.7794433425966535e-11,2.980655274825238e-05,6.486073987306966e-06,9.700924106665182e-05,4.976049559825588,1.312150177738304,0.0
128,5316,5.76469190883322,5.65643770509867e-05,1.1367293147976735e-05,7.376849393454988e-05,6.862430550011718e-06,2.7208670871914364e-09,4.709246390694252e-11,2.9586776739225423e-05,6.438249488203577e-06,9.629271292098273e-05,4.976049671449392,1.3121502142211217,0.0
128,5320,5.769029525017444,5.61482334949157e-05,1.1283664086010109e-05,7.322479657177194e-05,6.81185224492122e-06,2.6809061637322884e-09,4.6400824703194957e-11,2.9368628283682896e-05,6.390779153917821e-06,9.55815034638746e-05,4.976049782192861,1.3121502504249776,0.0
128,5324,5.773367141201668,5.573516255367121e-05,1.120065250301673e-05,7.26851233201462e-05,6.7616482891204345e-06,2.641542096171179e-09,4.5719515814723857e-11,2.9152095257967517e-05,6.343660346273494e-06,9.48755729514125e-05,4.9760498920630445,1.312150286352023,0.0
128,5328,5.777704757385892,5.532514143140655e-05,1.1118253817896525e-05,7.214944422669391e-05,6.71181589618625e-06,2.602718041089247e-09,4.504755340197908e-11,2.8937165629477734e-05,6.296890446908635e-06,9.41748819337224e-05,4.976050001066932,1.312150322004392,0.0
128,5332,5.782042373570115,5.491814750229955e-05,1.1036463483717896e-05,7.161772956283593e-05,6.662352300570679e-06,2.564519263614784e-09,4.438641322428582e-11,2.87238274558411e-05,6.250466857095644e-06,9.347939126304329e-05,4.976050109211459,1.3121503573842022,0.0
128,5336,5.786379989754339,5.451415830976225e-05,1.09552769875589e-05,7.108994982337132e-05,6.61325475750585e-06,2.5268320769100683e-09,4.373412760254382e-11,2.8512068884505495e-05,6.204386997652331e-06,9.278906208333962e-05,4.976050216503504,1.312150392493555,0.0
128,5340,5.790717605938562,5.411315156468208e-05,1.0874689850153792e-05,7.056607572412143e-05,6.564520542784834e-06,2.489741746103391e-09,4.3092172296078266e-11,2.830187815178887e-05,6.158648308735136e-06,9.210385583661274e-05,4.976050322949888,1.312150427334535,0.0
128,5344,5.7950552221227865,5.371510514433478e-05,1.0794697625674558e-05,7.004607820049801e-05,6.516146952628448e-06,2.4531914277758915e-09,4.2459563465339037e-11,2.809324358230371e-05,6.113248249713885e-06,9.142373425167888e-05,4.976050428557376,1.3121504619092108,0.0
128,5348,5.79939283830701,5.33199970913388e-05,1.07152959015208e-05,6.95299284060987e-05,6.468131303554593e-06,2.4171811219275696e-09,4.1836301110326124e-11,2.7886153588390284e-05,6.068184299048467e-06,9.074865934543797e-05,4.976050533332683,1.3121504962196349,0.0
128,5352,5.803730454491234,5.292780561198228e-05,1.0636480297983512e-05,6.90175977105064e-05,6.420470932173543e-06,2.381682406848995e-09,4.122189331126446e-11,2.7680596669232393e-05,6.0234539540964115e-06,9.007859342274774e-05,4.976050637282461,1.3121505302678436,0.0
128,5356,5.808068070675457,5.253850907541519e-05,1.0558246468082737e-05,6.850905769821202e-05,6.373163195087728e-06,2.3466668608307373e-09,4.061584814837897e-11,2.7476561410423273e-05,5.97905473101843e-06,8.941349907273025e-05,4.976050740413315,1.3121505640558573,0.0
128,5360,5.81240568685968,5.215208601218941e-05,1.0480590097274177e-05,6.800428016665148e-05,6.326205468709121e-06,2.3122197490010876e-09,4.0019641380994874e-11,2.7274036483173267e-05,5.934984164605998e-06,8.875333916512019e-05,4.976050842731794,1.3121505975856809,0.0
128,5364,5.816743303043904,5.1768515113172016e-05,1.0403506903230806e-05,6.750323712480194e-05,6.279595149128654e-06,2.2782842279411852e-09,3.943228916956203e-11,2.707301064374793e-05,5.891239808159087e-06,8.809807685031124e-05,4.976050944244392,1.3121506308593032,0.0
128,5368,5.821080919228128,5.138777522802579e-05,1.0326992635537502e-05,6.700590079114171e-05,6.233329651926436e-06,2.24486029765103e-09,3.885379151408043e-11,2.6873472732644844e-05,5.847819233307029e-06,8.74476755583255e-05,4.976051044957552,1.3121506638786982,0.0
128,5372,5.825418535412352,5.1009845364592664e-05,1.0251043075567157e-05,6.651224359282496e-05,6.187406412094975e-06,2.2118911147117615e-09,3.828316457499994e-11,2.6675411674260756e-05,5.804720029936091e-06,8.680209899087713e-05,4.976051144877665,1.3121506966458238,0.0
128,5376,5.829756151596575,5.0634704687013125e-05,1.0175654036102735e-05,6.602223816320449e-05,6.1418228838087304e-06,2.1794051008328097e-09,3.772090027209563e-11,2.6478816475895922e-05,5.76193980597281e-06,8.616131112567522e-05,4.976051244011068,1.3121507291626235,0.0
128,5380,5.834093767780799,5.0262332515178024e-05,1.0100821361227118e-05,6.553585734109211e-05,6.096576540355315e-06,2.147430677723605e-09,3.7167490525142576e-11,2.6283676227455385e-05,5.7194761873189885e-06,8.552527621047889e-05,4.976051342364049,1.3121507614310248,0.0
128,5384,5.838431383965022,4.989270832305392e-05,1.0026540925986551e-05,6.505307416854333e-05,6.051664873929404e-06,2.1158825802558567e-09,3.662145957481556e-11,2.6089980100557764e-05,5.677326817657768e-06,8.489395876440462e-05,4.976051439942842,1.3121507934529404,0.0
128,5388,5.8427690001492465,4.952581173791143e-05,9.952808636235585e-06,6.457386188982701e-05,6.00708539553689e-06,2.084817651848425e-09,3.608379126066471e-11,2.589771734811996e-05,5.635489358363251e-06,8.426732357106598e-05,4.976051536753633,1.3121508252302685,0.0
128,5392,5.84710661633347,4.916162253879301e-05,9.879620428329143e-06,6.409819394940167e-05,5.962835634806623e-06,2.054264314210741e-09,3.5554977502465124e-11,2.5706877303543327e-05,5.593961488323413e-06,8.364533568092055e-05,4.976051632802556,1.312150856764892,0.0
128,5396,5.851444232517694,4.880012065574814e-05,9.806972268968836e-06,6.362604399088281e-05,5.918913139894346e-06,2.024108880505082e-09,3.5033050621116503e-11,2.551744938029647e-05,5.552740903849314e-06,8.302796040699498e-05,4.976051728095697,1.3121508880586799,0.0
128,5400,5.855781848701917,4.844128616852762e-05,9.734860154940552e-06,6.315738585532655e-05,5.875315477323028e-06,1.994351350731449e-09,3.4518010616618856e-11,2.5329423071225725e-05,5.511825318525057e-06,8.241516332404539e-05,4.976051822639089,1.3121509191134855,0.0
128,5404,5.86011946488614,4.8085099305449434e-05,9.66328011288655e-06,6.269219357971884e-05,5.832040231842319e-06,1.9651054117275635e-09,3.401182516807246e-11,2.514278794794647e-05,5.471212463075331e-06,8.18069102661994e-05,4.9760519164387205,1.3121509499311488,0.0
128,5408,5.8644570810703645,4.773154044231418e-05,9.592228199087499e-06,6.22304413955425e-05,5.789085006295249e-06,1.9362573766557034e-09,3.3512526596377033e-11,2.4957533660266854e-05,5.4309000852400146e-06,8.120316732390837e-05,4.976052009500529,1.312150980513495,0.0
128,5412,5.868794697254588,4.7380590101100495e-05,9.521700499200298e-06,6.177210372703649e-05,5.746447421456286e-06,1.9078925106441602e-09,3.3021590660857784e-11,2.477364993548622e-05,5.390885949621506e-06,8.060390084327412e-05,4.976052101830403,1.3121510108623347,0.0
128,5416,5.873132313438812,4.7032228949265253e-05,9.451693128117459e-06,6.131715519027916e-05,5.70412511594607e-06,1.879868705145782e-09,3.253655776263937e-11,2.4591126578027132e-05,5.3511678376046534e-06,8.000907742462704e-05,4.976052193434184,1.312151040979465,0.0
128,5420,5.877469929623035,4.668643779835315e-05,9.382202229687676e-06,6.086557059132717e-05,5.662115746058263e-06,1.8522712252888596e-09,3.205890366104699e-11,2.4409953468684773e-05,5.311743547193416e-06,7.941866391843574e-05,4.976052284317668,1.312151070866669,0.0
128,5424,5.881807545807259,4.6343197602803166e-05,9.313223976475967e-06,6.041732492465293e-05,5.620416985614206e-06,1.8251000710733933e-09,3.158862835608066e-11,2.4230120563999824e-05,5.272610892874398e-06,7.883262742529201e-05,4.976052374486601,1.3121511005257158,0.0
128,5428,5.886145161991482,4.600248945932815e-05,9.244754569639002e-06,5.997239337231265e-05,5.579026525885516e-06,1.7982983990805224e-09,3.112474800819023e-11,2.405161789592274e-05,5.233767705543802e-06,7.825093529162719e-05,4.976052463946683,1.3121511299583604,0.0
128,5432,5.8904827781757065,4.566429460550511e-05,9.176790238641803e-06,5.95307513020656e-05,5.537942075419132e-06,1.771894631019677e-09,3.066775453715077e-11,2.3874435571055903e-05,5.195211832342507e-06,7.76735551110585e-05,4.97605255270357,1.3121511591663446,0.0
128,5436,5.89482039435993,4.5328594418580815e-05,9.10932724101771e-06,5.909237426581577e-05,5.497161359892344e-06,1.7459171886002878e-09,3.021813986273735e-11,2.369856377002849e-05,5.156941136520037e-06,7.710045472110081e-05,4.97605264076287,1.3121511881513965,0.0
128,5440,5.899158010544154,4.499537041486165e-05,9.042361862245769e-06,5.865723799878225e-05,5.456682122035621e-06,1.7202808066940634e-09,2.9774428225624764e-11,2.352399274716087e-05,5.118953497361543e-06,7.653160220434735e-05,4.976052728130144,1.3121512169152307,0.0
128,5444,5.903495626728377,4.466460424829101e-05,8.975890415464842e-06,5.822531841761593e-05,5.41650212145741e-06,1.6950423287198646e-09,2.9337603465363145e-11,2.335071282970683e-05,5.081246810022893e-06,7.596696587630903e-05,4.976052814810912,1.3121512454595483,0.0
128,5448,5.9078332429126,4.4336277709675484e-05,8.909909241318098e-06,5.779659161936827e-05,5.376619134548204e-06,1.6701449112588307e-09,2.8906681742402365e-11,2.3178714417438132e-05,5.043818985440276e-06,7.540651429579627e-05,4.9760529008106476,1.312151273786038,0.0
128,5452,5.9121708590968245,4.4010372725389466e-05,8.844414707692693e-06,5.737103387980835e-05,5.3370309543239886e-06,1.6456453977298224e-09,2.8482646896292552e-11,2.3007987981970044e-05,5.006667950183436e-06,7.485021625798086e-05,4.9760529861347775,1.3121513018963742,0.0
128,5456,5.916508475281048,4.3686871356501765e-05,8.779403209544248e-06,5.6948621652213184e-05,5.297735390313701e-06,1.6215437881328398e-09,2.8065498927033712e-11,2.28385240662701e-05,4.969791646348768e-06,7.429804079027822e-05,4.976053070788688,1.3121513297922194,0.0
128,5460,5.920846091465272,4.336575579802315e-05,8.714871168745628e-06,5.6529331566409576e-05,5.258730268470105e-06,1.5977548173395917e-09,2.7653762075300636e-11,2.2670313284275856e-05,4.933188031476149e-06,7.374995715540068e-05,4.976053154777719,1.3121513574752222,0.0
128,5464,5.925183707649495,4.304700837738323e-05,8.650815033780871e-06,5.6113140426734575e-05,5.2200134309800525e-06,1.5743353287689388e-09,2.7248420180643462e-11,2.250334632007227e-05,4.896855078369924e-06,7.320593484478526e-05,4.97605323810717,1.312151384947019,0.0
128,5468,5.929521323833719,4.273061155371625e-05,8.587231279601642e-06,5.5700025211098046e-05,5.18158273617728e-06,1.55120005729259e-09,2.684799748373698e-11,2.2337613927515246e-05,4.860790775016988e-06,7.266594358179184e-05,4.976053320782294,1.3121514122092335,0.0
128,5472,5.9338589400179425,4.241654791693913e-05,8.524116407441957e-06,5.528996306976543e-05,5.143436058429177e-06,1.5284626897482667e-09,2.6454461663681472e-11,2.217310692974214e-05,4.824993124480272e-06,7.212995331630914e-05,4.976053402808305,1.3121514392634763,0.0
128,5476,5.938196556202167,4.2104800186634e-05,8.461466944593625e-06,5.4882931323861964e-05,5.1055712879976324e-06,1.506037961007678e-09,2.6066336961151726e-11,2.2009816218568556e-05,4.789460144767483e-06,7.159793422352474e-05,4.9760534841903725,1.312151466111346,0.0
128,5480,5.94253417238639,4.179535121113704e-05,8.399279444223131e-06,5.4478907464178965e-05,5.06798633092799e-06,1.4839258710708236e-09,2.5683623376147743e-11,2.184773275400912e-05,4.754189868726817e-06,7.106985670469256e-05,4.976053564933625,1.3121514927544287,0.0
128,5484,5.946871788570614,4.1488183966481724e-05,8.337550485159269e-06,5.407786914976174e-05,5.0306791089176865e-06,1.4621832633565646e-09,2.5307304748219663e-11,2.1686847563708205e-05,4.719180343923085e-06,7.054569138004602e-05,4.976053645043149,1.3121515191942976,0.0
128,5488,5.951209404754837,4.118328155566414e-05,8.276276671745498e-06,5.367979420695013e-05,4.993647559226997e-06,1.4406964510271791e-09,2.4935413398267207e-11,2.1527151742555013e-05,4.684429632553952e-06,7.002540909278932e-05,4.976053724523989,1.3121515454325143,0.0
128,5492,5.955547020939061,4.0880627207265245e-05,8.215454633563074e-06,5.328466062753599e-05,4.956889634507633e-06,1.4195222775015282e-09,2.4568933165840514e-11,2.1368636451940686e-05,4.6499358112882815e-06,6.950898090658012e-05,4.976053803381151,1.3121515714706287,0.0
128,5496,5.9598846371232845,4.058020427514754e-05,8.155081025370087e-06,5.289244656837738e-05,4.920403302766847e-06,1.3987460079079028e-09,2.420933981026479e-11,2.1211292919604378e-05,4.615696971232638e-06,6.899637809931081e-05,4.976053881619599,1.3121515973101774,0.0
128,5500,5.964222253307508,4.028199623688877e-05,8.095152526786695e-06,5.250313034931804e-05,4.8841865471738935e-06,1.3782539554085815e-09,2.3854665652439763e-11,2.10551124387956e-05,4.581711217749008e-06,6.848757216852297e-05,4.976053959244258,1.3121516229526862,0.0
128,5504,5.968559869491732,3.9985986693068454e-05,8.035665842151746e-06,5.211669045224621e-05,4.848237365972472e-06,1.3580176982941339e-09,2.350441877259036e-11,2.090008636789579e-05,4.5479766703724546e-06,6.798253482285868e-05,4.97605403626001,1.3121516483996682,0.0
128,5508,5.972897485675955,3.969215936672846e-05,7.97661770041437e-06,5.173310552036029e-05,4.812553772412414e-06,1.3380940799834207e-09,2.315958301026672e-11,2.0746206130121162e-05,4.514491462746452e-06,6.748123798220694e-05,4.976054112671701,1.3121516736526255,0.0
128,5512,5.977235101860179,3.9400498101732124e-05,7.918004854804234e-06,5.135235435601941e-05,4.777133794549728e-06,1.3185115221858723e-09,2.2820650285243914e-11,2.0593463212659816e-05,4.481253742435119e-06,6.698365378186597e-05,4.976054188484136,1.3121516987130482,0.0
128,5516,5.9815727180444025,3.911098686242838e-05,7.85982408276403e-06,5.097441592028033e-05,4.741975475203523e-06,1.2991563380637672e-09,2.248565291842166e-11,2.044184916648385e-05,4.448261670882332e-06,6.648975456352093e-05,4.976054263702082,1.312151723582415,0.0
128,5520,5.985910334228627,3.882360973249048e-05,7.802072185716108e-06,5.059926933138223e-05,4.707076871815048e-06,1.2801137927453965e-09,2.2156066669125172e-11,2.029135560574158e-05,4.415513423279465e-06,6.59995128764542e-05,4.976054338330267,1.3121517482621927,0.0
128,5524,5.99024795041285,3.853835091408498e-05,7.744745988895486e-06,5.0226893863627006e-05,4.672436056343533e-06,1.2613270428118994e-09,2.1830907697804308e-11,2.0141974207305378e-05,4.383007188467009e-06,6.551290147650501e-05,4.976054412373382,1.3121517727538372,0.0
128,5528,5.994585566597074,3.8255194727033745e-05,7.687842341181425e-06,4.985726894627139e-05,4.6380511151631245e-06,1.2428529316821368e-09,2.1511159844009207e-11,1.9993696710326062e-05,4.350741168837586e-06,6.502989332458232e-05,4.976054485836078,1.312151797058793,0.0
128,5532,5.998923182781297,3.7974125607990886e-05,7.631358114932033e-06,4.949037416244202e-05,4.603920148961965e-06,1.224577772518387e-09,2.1194855428639592e-11,1.9846514915796758e-05,4.31871358024106e-06,6.455046158635505e-05,4.976054558722968,1.312151821178493,0.0
128,5536,6.003260798965521,3.769512810927752e-05,7.5752902057501045e-06,4.91261892475901e-05,4.570041272598424e-06,1.2066720955772325e-09,2.0884945970345877e-11,1.970042068593088e-05,4.286922651849172e-06,6.407457962270732e-05,4.976054631038631,1.31215184511436,0.0
128,5540,6.007598415149745,3.741818689823128e-05,7.519635532352382e-06,4.8764694088641294e-05,4.536412615022025e-06,1.18890852718323e-09,2.0577496110927512e-11,1.9555405943821067e-05,4.255366626081328e-06,6.360222100059364e-05,4.976054702787606,1.312151868867804,0.0
128,5544,6.011936031333968,3.7143286756325716e-05,7.464391036392598e-06,4.8405868722807654e-05,4.50303231916292e-06,1.1715428627212532e-09,2.0276933128360114e-11,1.9411462672959262e-05,4.224043758500158e-06,6.313335948402978e-05,4.976054773974398,1.3121518924402258,0.0
128,5548,6.016273647518192,3.687041257833071e-05,7.409553682292748e-06,4.804969333648661e-05,4.4698985418294645e-06,1.1543761502252892e-09,1.9979813584218206e-11,1.9268582916794592e-05,4.192952317715321e-06,6.26679690339217e-05,4.976054844603472,1.3121519158330148,0.0
128,5552,6.020611263702415,3.659954937139803e-05,7.35512045705932e-06,4.7696148264068366e-05,4.4370094535972755e-06,1.137408389695338e-09,1.968613747850178e-11,1.9126758778255057e-05,4.162090585279408e-06,6.220602380446444e-05,4.976054914679261,1.3121519390475496,0.0
128,5556,6.024948879886639,3.6330682254182904e-05,7.30108837010677e-06,4.734521398674907e-05,4.404363238698827e-06,1.1207816896785516e-09,1.939836441008619e-11,1.898598241926801e-05,4.131456855583604e-06,6.174749814429828e-05,4.976054984206158,1.3121519620851976,0.0
128,5560,6.0292864960708625,3.606379645621853e-05,7.247454453131815e-06,4.6996871131694824e-05,4.3719580949456755e-06,1.1043255199183477e-09,1.9113542860321017e-11,1.884624606042307e-05,4.101049435784336e-06,6.129236659920535e-05,4.976055053188524,1.3121519849473162,0.0
128,5564,6.033624112255087,3.579887731682181e-05,7.194215759893528e-06,4.665110047063343e-05,4.339792233597459e-06,1.0881535672524478e-09,1.8833640508306534e-11,1.8707541980409e-05,4.070866645680728e-06,6.08406038981629e-05,4.976055121630684,1.3121520076352524,0.0
128,5568,6.03796172843931,3.553591028444004e-05,7.1413693660820554e-06,4.6307882918950735e-05,4.3078638792778325e-06,1.0721237231337e-09,1.85561977551674e-11,1.8569862515646773e-05,4.040906817634763e-06,6.039218496731093e-05,4.976055189536927,1.3121520301503422,0.0
128,5572,6.042299344623534,3.527488091579901e-05,7.088912369147407e-06,4.596719953458021e-05,4.276171269871167e-06,1.056434939528117e-09,1.8284658039329098e-11,1.8433200059844313e-05,4.011168296474385e-06,5.9947084915086634e-05,4.976055256911508,1.3121520524939119,0.0
128,5576,6.046636960807757,3.501577487507181e-05,7.036841888132426e-06,4.562903151691176e-05,4.244712656421042e-06,1.0409735295979772e-09,1.8017053681691354e-11,1.8297547063558212e-05,3.98164943939813e-06,5.950527903927399e-05,4.976055323758647,1.3121520746672763,0.0
128,5580,6.050974576991981,3.475857793307559e-05,6.9851550635113595e-06,4.529336020569768e-05,4.213486303028471e-06,1.0256542282149894e-09,1.7751908922928952e-11,1.816289603375095e-05,3.952348615878772e-06,5.90667428237132e-05,4.976055390082531,1.312152096671742,0.0
128,5584,6.055312193176205,3.450327596632978e-05,6.9338490570006065e-06,4.496016707984896e-05,4.182490486739924e-06,1.010647565635736e-09,1.7492175281692316e-11,1.8029239533310246e-05,3.923264207558734e-06,5.863145193496664e-05,4.976055455887315,1.3121521185086038,0.0
128,5588,6.059649809360428,3.4249854956539345e-05,6.882921051454863e-06,4.462943375671955e-05,4.151723497480743e-06,9.958114333130652e-10,1.7235393159106097e-11,1.789657018075836e-05,3.894394608186827e-06,5.819938222148408e-05,4.976055521177115,1.3121521401791472,0.0
128,5592,6.063987425544652,3.3998300989701664e-05,6.832368250687645e-06,4.4301141990928965e-05,4.121183637945622e-06,9.812879397941288e-10,1.6984022154045643e-11,1.7764880649778867e-05,3.865738223515278e-06,5.777050971221466e-05,4.976055585956019,1.3121521616846477,0.0
128,5596,6.068325041728875,3.3748600255302944e-05,6.782187879309794e-06,4.39752736733094e-05,4.09086922350065e-06,9.668497114034835e-10,1.6734126908310394e-11,1.763416366879389e-05,3.837293471207728e-06,5.734481062001355e-05,4.97605565022808,1.3121521830263703,0.0
128,5600,6.072662657913099,3.3500739045429036e-05,6.7323771825507854e-06,4.3651810829721256e-05,4.060778582073127e-06,9.526957001071423e-10,1.648915086032584e-11,1.7504412020486916e-05,3.8090587807353983e-06,5.6922261329987396e-05,4.976055713997319,1.3121522042055709,0.0
128,5604,6.077000274097323,3.3254703754135564e-05,6.6829334261321515e-06,4.3330735620237345e-05,4.0309100540756765e-06,9.38740640776814e-10,1.624761825076677e-11,1.737561854147612e-05,3.7810325933060028e-06,5.650283841244903e-05,4.976055777267723,1.3121522252234958,0.0
128,5608,6.081337890281547,3.30104808767276e-05,6.6338538961227204e-06,4.301203033815567e-05,4.001261992314406e-06,9.24956111703068e-10,1.600903715985812e-11,1.7247776121914284e-05,3.753213361776687e-06,5.6086518603181616e-05,4.976055840043248,1.3121522460813813,0.0
128,5612,6.08567550646577,3.276805700891795e-05,6.585135898769461e-06,4.269567740892853e-05,3.971832761889286e-06,9.114557997236261e-10,1.577537526670016e-11,1.712087770506162e-05,3.7255995505610723e-06,5.5673278818825253e-05,4.97605590232782,1.312152266780454,0.0
128,5616,6.090013122649994,3.2527418846021575e-05,6.536776760335603e-06,4.238165938904651e-05,3.9426207400903255e-06,8.980407528724754e-10,1.554318913286741e-11,1.6994916286832514e-05,3.698189635530626e-06,5.5263096148199966e-05,4.976055964125329,1.3121522873219313,0.0
128,5620,6.094350738834217,3.2288553182271955e-05,6.488773826963236e-06,4.206995896519959e-05,3.913624316319541e-06,8.849099231156288e-10,1.531592219678535e-11,1.6869884915463633e-05,3.67098210394244e-06,5.485594785200627e-05,4.976056025439637,1.3121523077070214,0.0
128,5624,6.098688355018441,3.2051446910159516e-05,6.441124464540371e-06,4.176055895333217e-05,3.884841892003047e-06,8.719496236153645e-10,1.509160677935371e-11,1.6745776691127862e-05,3.643975454355218e-06,5.44518113610571e-05,4.976056086274575,1.3121523279369223,0.0
128,5628,6.103025971202665,3.181608701955547e-05,6.393826058524861e-06,4.1453442297535834e-05,3.856271880488048e-06,8.591314326622523e-10,1.4869750960797417e-11,1.662258476549321e-05,3.6171681965332946e-06,5.405066427258279e-05,4.976056146633941,1.3121523480128237,0.0
128,5632,6.107363587386889,3.158246059704794e-05,6.346876013810989e-06,4.114859206915032e-05,3.827912706959212e-06,8.465690370940138e-10,1.465232242021675e-11,1.6500302341359462e-05,3.5905588513675656e-06,5.36524843563512e-05,4.976056206521505,1.312152367935905,0.0
128,5636,6.111701203571112,3.1350554825297484e-05,6.300271754599949e-06,4.0845991465909196e-05,3.7997628083591905e-06,8.341487500729272e-10,1.4437353478511427e-11,1.6378922672314282e-05,3.5641459508006582e-06,5.325724954607856e-05,4.976056265941003,1.3121523877073378,0.0
128,5640,6.116038819755335,3.112035698203684e-05,6.254010724198835e-06,4.0545623810634745e-05,3.7718206332672116e-06,8.219274150178535e-10,1.4225827975231591e-11,1.6258439062209745e-05,3.537928037713017e-06,5.286493793970169e-05,4.976056324896145,1.312152407328284,0.0
128,5644,6.120376435939559,3.089185443974295e-05,6.208090384954734e-06,4.0247472550777415e-05,3.744084641856234e-06,8.099050319287926e-10,1.401774591037724e-11,1.6138844864974788e-05,3.5119036658820953e-06,5.247552780177499e-05,4.97605638339061,1.312152426799896,0.0
128,5648,6.124714052123783,3.066503466465164e-05,6.162508218056705e-06,3.99515212571345e-05,3.716553305773752e-06,7.980531790963141e-10,1.3812615364173306e-11,1.6020133484101633e-05,3.4860713998705954e-06,5.208899755770053e-05,4.976056441428045,1.3121524461233185,0.0
128,5652,6.129051668308007,3.043988521617054e-05,6.117261723417809e-06,3.9657753623073e-05,3.6892251080695e-06,7.863150131015573e-10,1.3609452497069649e-11,1.5902298372333125e-05,3.4604298149584338e-06,5.170532579576806e-05,4.97605649901207,1.3121524652996859,0.0
128,5656,6.13338928449223,3.021639374622265e-05,6.072348419543183e-06,3.9366153463646497e-05,3.6620985431132982e-06,7.74832642491674e-10,1.3410716907941618e-11,1.5785333031306175e-05,3.4349774970651522e-06,5.132449126427265e-05,4.9760565561462755,1.3121524843301249,0.0
128,5660,6.137726900676454,2.9994547998400575e-05,6.027765843360075e-06,3.907670471449431e-05,3.6351721164926467e-06,7.634071153006516e-10,1.3212965158363725e-11,1.5669231011110467e-05,3.4097130426538877e-06,5.094647287017616e-05,4.976056612834222,1.312152503215753,0.0
128,5664,6.142064516860677,2.9774335807349077e-05,5.983511550093763e-06,3.8789391431012634e-05,3.6084443449356165e-06,7.522942269133637e-10,1.3020624526311594e-11,1.555398590995398e-05,3.3846350586585906e-06,5.057124967894969e-05,4.976056669079444,1.3121525219576795,0.0
128,5668,6.1464021330449015,2.9555745098197643e-05,5.939583113153519e-06,3.850419778761687e-05,3.581913756242228e-06,7.412381819449365e-10,1.2829267733809602e-11,1.543959137386731e-05,3.3597421624196824e-06,5.019880091115834e-05,4.976056724885444,1.3121525405570047,0.0
128,5672,6.150739749229125,2.9338763885744718e-05,5.895978123968673e-06,3.8221108076651346e-05,3.555578889183028e-06,7.303526672330918e-10,1.2640862459958028e-11,1.5326041096264187e-05,3.335032981588421e-06,4.9829105947016554e-05,4.976056780255699,1.3121525590148206,0.0
128,5676,6.155077365413349,2.9123380273822345e-05,5.85269419186093e-06,3.794010670755433e-05,3.5294382934214094e-06,7.196945261966903e-10,1.2456392544307007e-11,1.5213328817605947e-05,3.3105061540538895e-06,4.946214431618362e-05,4.976056835193657,1.312152577332211,0.0
128,5680,6.159414981597572,2.890958245459471e-05,5.809728943903404e-06,3.766117820593606e-05,3.5034905294278476e-06,7.0912165028858e-10,1.2273398387981195e-11,1.5101448325031213e-05,3.2861603278624114e-06,4.909789570540012e-05,4.97605688970274,1.3121525955102504,0.0
128,5684,6.163752597781795,2.869735870796898e-05,5.767080024802216e-06,3.738430721279755e-05,3.477734168407226e-06,6.987477263464825e-10,1.209384767008087e-11,1.4990393452041435e-05,3.2619941611491233e-06,4.873633995006619e-05,4.976056943786338,1.3121526135500063,0.0
128,5688,6.168090213966019,2.8486697401042177e-05,5.7247450967853415e-06,3.710947848378383e-05,3.452167792229369e-06,6.885443326609675e-10,1.191724847083096e-11,1.4880158078199229e-05,3.238006322072331e-06,4.837745703906412e-05,4.976056997447819,1.312152631452537,0.0
128,5692,6.172427830150243,2.8277586987202274e-05,5.68272183942196e-06,3.683667688802363e-05,3.4267899933211017e-06,6.783977823943133e-10,1.1741633111131189e-11,1.4770736128664023e-05,3.2141954887124646e-06,4.8021227110997516e-05,4.976057050690522,1.3121526492188929,0.0
128,5696,6.176765446334467,2.8070016005517587e-05,5.641007949499753e-06,3.6565887407314074e-05,3.401599374590404e-06,6.685070275125327e-10,1.1570445029407042e-11,1.4662121573863425e-05,3.1905603490005638e-06,4.7667630451650435e-05,4.976057103517757,1.3121526668501164,0.0
128,5700,6.18110306251869,2.786397308030213e-05,5.599601140937545e-06,3.629709513552509e-05,3.376594549371004e-06,6.587299594684737e-10,1.1401224626783173e-11,1.4554308429251894e-05,3.167099600665766e-06,4.7316647494777825e-05,4.976057155932811,1.312152684347242,0.0
128,5704,6.185440678702914,2.7659446920292014e-05,5.558499144619803e-06,3.6030285277537906e-05,3.3517741413236326e-06,6.490097348432755e-10,1.1232988063709443e-11,1.4447290754886077e-05,3.143811951142897e-06,4.6968258821199866e-05,4.9760572079389425,1.3121527017112955,0.0
128,5708,6.189778294887137,2.7456426318146376e-05,5.517699708296338e-06,3.576544314857905e-05,3.327136784374067e-06,6.39545305602951e-10,1.1069178778611337e-11,1.4341062655156383e-05,3.120696117514058e-06,4.662244515868089e-05,4.976057259539383,1.3121527189432953,0.0
128,5712,6.1941159110713615,2.7254900149699388e-05,5.477200596431983e-06,3.550255417322259e-05,3.3026811226203094e-06,6.301661414909177e-10,1.090684525283844e-11,1.4235618278384916e-05,3.0977508264211354e-06,4.627918737317248e-05,4.976057310737342,1.3121527360442522,0.0
128,5716,6.198453527255585,2.7054857373406675e-05,5.436999590095351e-06,3.524160388466361e-05,3.278405810265006e-06,6.209290859260364e-10,1.074697132594089e-11,1.4130951816533668e-05,3.074974814002301e-06,4.5938466480772975e-05,4.976057361535997,1.3121527530151686,0.0
128,5720,6.202791143439809,2.6856287029597757e-05,5.397094486808597e-06,3.4982577923734935e-05,3.254309511523972e-06,6.118625606177375e-10,1.0590048917693755e-11,1.402705750480946e-05,3.052366825806046e-06,4.5600263636368816e-05,4.976057411938506,1.31215276985704,0.0
128,5724,6.207128759624032,2.6659178240155684e-05,5.357483100483044e-06,3.4725462038481426e-05,3.2303909005865915e-06,6.028813004377298e-10,1.0434602268771829e-11,1.392392962149252e-05,3.029925616753877e-06,4.5264560134729566e-05,4.976057461947999,1.3121527865708535,0.0
128,5728,6.211466375808255,2.64635202076619e-05,5.318163261247328e-06,3.447024208303701e-05,3.2066486615113523e-06,5.940421488048742e-10,1.0281615218725249e-11,1.3821562487485421e-05,3.007649951042164e-06,4.4931337412286635e-05,4.976057511567581,1.3121528031575884,0.0
128,5732,6.2158039919924795,2.6269302214741983e-05,5.27913281531592e-06,3.421690401674681e-05,3.18308148814418e-06,5.853451057191705e-10,1.0131087767554018e-11,1.3719950465958876e-05,2.9855386020650624e-06,4.460057704325057e-05,4.9760575608003315,1.312152819618217,0.0
128,5736,6.220141608176703,2.607651362380018e-05,5.240389624935772e-06,3.396543390382474e-05,3.1596880840865833e-06,5.767901711806189e-10,9.98301991525813e-12,1.3619087962214735e-05,2.9635903523847e-06,4.4272260741971816e-05,4.976057609649306,1.312152835953704,0.0
128,5740,6.224479224360927,2.5885143876025087e-05,5.201931568186503e-06,3.371581791204481e-05,3.136467162573913e-06,5.683205017703585e-10,9.836427822287454e-12,1.351896942316008e-05,2.9418039936167394e-06,4.394637035564115e-05,4.976057658117536,1.3121528521650063,0.0
128,5744,6.22881684054515,2.569518249106056e-05,5.163756538914263e-06,3.3468042312292056e-05,3.1134174464335865e-06,5.599929409072502e-10,9.692295328192124e-12,1.3419589337125404e-05,2.920178326390809e-06,4.3622887871863335e-05,4.976057706208029,1.3121528682530739,0.0
128,5748,6.233154456729374,2.5506619066289045e-05,5.125862446587706e-06,3.322209347764118e-05,3.090537667999375e-06,5.518359103007242e-10,9.55111435274721e-12,1.3320942233496231e-05,2.8987121602703453e-06,4.3301795407537074e-05,4.976057753923766,1.3121528842188492,0.0
128,5752,6.237492072913597,2.531944327637519e-05,5.088247216206277e-06,3.297795788272382e-05,3.067826569052546e-06,5.437357231130591e-10,9.410917216852434e-12,1.3223022682456098e-05,2.8774043136966614e-06,4.298307521701773e-05,4.9760578012677055,1.3121529000632675,0.0
128,5756,6.2418296890978215,2.5133644872570736e-05,5.050908788160519e-06,3.273562210282963e-05,3.045282900738234e-06,5.357492227631155e-10,9.272687760057938e-12,1.3125825294626696e-05,2.8562536139106407e-06,4.2666709688557854e-05,4.976057848242784,1.3121529157872567,0.0
128,5760,6.246167305282045,2.494921368227237e-05,5.013845118143221e-06,3.249507281332189e-05,3.022905423511084e-06,5.27904830960324e-10,9.136917902138787e-12,1.3029344720832822e-05,2.83525889690159e-06,4.2352681336021744e-05,4.976057894851912,1.3121529313917375,0.0
128,5764,6.250504921466269,2.4766139608143944e-05,4.977054176973014e-06,3.225629678847617e-05,3.000692907027212e-06,5.201741259952541e-10,9.003115723319913e-12,1.2933575651635144e-05,2.8144190073055656e-06,4.20409728096936e-05,4.976057941097977,1.3121529468776238,0.0
128,5768,6.254842537650492,2.45844126280649e-05,4.94053395058401e-06,3.201928090140349e-05,2.9786441301370562e-06,5.125571078679059e-10,8.871281223601318e-12,1.28385128172986e-05,2.793732798398496e-06,4.173156688858275e-05,4.976057986983845,1.3121529622458223,0.0
128,5772,6.259180153834715,2.440402279412126e-05,4.9042824398230265e-06,3.17840121227291e-05,2.956757880762472e-06,5.050537765782792e-10,8.741414402983e-12,1.2744150987262024e-05,2.773199131980772e-06,4.1424446479186395e-05,4.976058032512357,1.3121529774972327,0.0
128,5776,6.2635177700189395,2.422496023225914e-05,4.868297660379956e-06,3.155047752013878e-05,2.935032955854522e-06,4.976641321263742e-10,8.613515261464959e-12,1.2650484969955988e-05,2.752816878337605e-06,4.11195946148386e-05,4.976058077686334,1.3121529926327475,0.0
128,5780,6.267855386203163,2.404721514165618e-05,4.832577642661449e-06,3.1318664257541395e-05,2.913468161315574e-06,4.903881745121907e-10,8.487583799047197e-12,1.2557509612465456e-05,2.73258491616562e-06,4.08169944563616e-05,4.9760581225085705,1.312153007653253,0.0
128,5784,6.272193002387387,2.3870777794161167e-05,4.797120431678299e-06,3.108855959431964e-05,2.8920623119295996e-06,4.832259037357289e-10,8.363620015729712e-12,1.2465219800227668e-05,2.7125021325071156e-06,4.051662929317211e-05,4.976058166981842,1.3121530225596278,0.0
128,5788,6.27653061857161,2.3695638533981724e-05,4.761924086982681e-06,3.0860150884938745e-05,2.8708142313257733e-06,4.761204763781279e-10,8.240640071962364e-12,1.2373610456876577e-05,2.6925674227162083e-06,4.0218482536311743e-05,4.9760582111089,1.3121530373527446,0.0
128,5792,6.280868234755834,2.3521787776668433e-05,4.726986682463992e-06,3.063342557760167e-05,2.8497227518533692e-06,4.691287358582485e-10,8.119627807295295e-12,1.2282676543701765e-05,2.672779690341093e-06,3.992253772070416e-05,4.976058254892474,1.3121530520334685,0.0
128,5796,6.2852058509400575,2.3349216009178077e-05,4.692306306361571e-06,3.0408371214312386e-05,2.8287867145876484e-06,4.62335947304382e-10,8.002058981053712e-12,1.2192413059672193e-05,2.6531378471292096e-06,3.9628778506689534e-05,4.976058298335275,1.3121530666026586,0.0
128,5800,6.289543467124282,2.3177913788741403e-05,4.657881061037155e-06,3.0184975429408053e-05,2.808004969193314e-06,4.5554315875051543e-10,7.884490154812128e-12,1.2102815040848236e-05,2.633640812899299e-06,3.933718867468419e-05,4.976058341439986,1.3121530810611672,0.0
128,5804,6.293881083308505,2.3007871742868055e-05,4.623709062975871e-06,2.9963225949542172e-05,2.78737637392294e-06,4.488640570343705e-10,7.768889007670822e-12,1.2013877560372936e-05,2.6142875155395e-06,3.904775212610886e-05,4.9760583842092725,1.3121530954098402,0.0
128,5808,6.298218699492729,2.2839080568561482e-05,4.5897884426284644e-06,2.9743110592668103e-05,2.766899795522417e-06,4.4227022044651676e-10,7.654763619854725e-12,1.1925595728064942e-05,2.5950768909187696e-06,3.876045288549963e-05,4.97605842664578,1.3121531096495165,0.0
128,5812,6.302556315676952,2.2671531031634657e-05,4.556117344273785e-06,2.9524617267127705e-05,2.746574109146165e-06,4.3584691411524545e-10,7.543589750689043e-12,1.183796469005137e-05,2.5760078828069924e-06,3.847527509030296e-05,4.9760584687521305,1.3121531237810289,0.0
128,5816,6.306893931861176,2.250521396658365e-05,4.5226939259933755e-06,2.9307733971484995e-05,2.7263981983416654e-06,4.2945202949340455e-10,7.432907801298432e-12,1.1750979628700961e-05,2.5570794428604354e-06,3.819220300686586e-05,4.976058510530924,1.3121531378052038,0.0
128,5820,6.3112315480453995,2.2340120275725627e-05,4.489516359498248e-06,2.9092448793387133e-05,2.7063709549434976e-06,4.2314240999985486e-10,7.323701611233027e-12,1.166463576216597e-05,2.5382905305220587e-06,3.791122100551811e-05,4.976058551984744,1.312153151722861,0.0
128,5824,6.315569164229623,2.2176240928992684e-05,4.456582830087447e-06,2.887874990929429e-05,2.686491279048213e-06,4.169748990534572e-10,7.216955020042971e-12,1.1578928344273721e-05,2.5196401129979202e-06,3.763231358733298e-05,4.976058593116148,1.3121531655348144,0.0
128,5828,6.319906780413847,2.2013566963230474e-05,4.423891536507105e-06,2.8666625583566225e-05,2.6667580789293593e-06,4.1083580981648993e-10,7.1107003486279834e-12,1.1493852664160376e-05,2.501127165177479e-06,3.73554653581224e-05,4.976058633927677,1.312153179241871,0.0
128,5832,6.32424439659807,2.1852089481653387e-05,4.39144069084095e-06,2.8456064167711356e-05,2.6471702709676273e-06,4.048388291266747e-10,7.0069052760883425e-12,1.1409404045966266e-05,2.4827506695673e-06,3.7080661044288634e-05,4.976058674421849,1.3121531928448324,0.0
128,5836,6.328582012782294,2.1691799653612078e-05,4.3592285184635905e-06,2.8247054100115656e-05,2.627726779625628e-06,3.9889869185572024e-10,6.904094043098841e-12,1.132557784872993e-05,2.4645096162679936e-06,3.680788548340655e-05,4.976058714601165,1.3121532063444934,0.0
128,5840,6.3329196289665175,2.153268871370771e-05,4.32725325786251e-06,2.8039583904848857e-05,2.6084265373368403e-06,3.9310066313191783e-10,6.803742408984686e-12,1.1242369465905986e-05,2.4464030028693036e-06,3.653712363132271e-05,4.976058754468102,1.312153219741643,0.0
128,5844,6.337257245150742,2.1374747961718023e-05,4.295513160623212e-06,2.7833642191587132e-05,2.589268484498417e-06,3.873310561175458e-10,6.703882694645601e-12,1.1159774325335777e-05,2.42842983444372e-06,3.6268360547844814e-05,4.976058794025122,1.3121532330370635,0.0
128,5848,6.341594861334965,2.1217968761856715e-05,4.26400649128038e-06,2.7629217654624083e-05,2.570251569379181e-06,3.81646714231465e-10,6.605498739631723e-12,1.1077787888848698e-05,2.4105891234597224e-06,3.600158141282146e-05,4.976058833274663,1.312153246231532,0.0
128,5852,6.345932477519189,2.1062342542382055e-05,4.232731527239227e-06,2.7426299072351192e-05,2.5513747480712924e-06,3.760476374736754e-10,6.508590543943054e-12,1.0996405652053041e-05,2.3928798897362717e-06,3.573677151152224e-05,4.976058872219146,1.3121532593258194,0.0
128,5856,6.350270093703412,2.0907860795076584e-05,4.201686558670934e-06,2.72248753065803e-05,2.5326369844272227e-06,3.7056224755360745e-10,6.413650027354662e-12,1.0915623144064362e-05,2.3753011603836965e-06,3.5473916239254854e-05,4.976058910860971,1.3121532723206903,0.0
128,5860,6.354607709887636,2.0754515074714872e-05,4.170869888405689e-06,2.7024935301847145e-05,2.514037249994964e-06,3.651052793429699e-10,6.31920143054134e-12,1.0835435927225927e-05,2.3578519697428628e-06,3.521300110330929e-05,4.976058949202521,1.312153285216904,0.0
128,5864,6.35894532607186,2.060229699882162e-05,4.140279831884076e-06,2.6826468085077216e-05,2.4955745239869457e-06,3.5976199797005393e-10,6.226720512828295e-12,1.0755839596973103e-05,2.340531359355665e-06,3.495401171469023e-05,4.976058987246158,1.3121532980152135,0.0
128,5868,6.363282942256083,2.045119824701021e-05,4.109914717024143e-06,2.6629462764718274e-05,2.4772477931993346e-06,3.545324034348596e-10,6.136207274215528e-12,1.0676829781485011e-05,2.323338377889223e-06,3.4696933798064665e-05,4.976059024994226,1.3121533107163663,0.0
128,5872,6.367620558440307,2.0301210560359405e-05,4.079772884096156e-06,2.64339085299245e-05,2.4590560519361385e-06,3.4930280889966525e-10,6.045694035602761e-12,1.0598402141357069e-05,2.3062720810646245e-06,3.4441753177947335e-05,4.976059062449051,1.312153323321104,0.0
128,5876,6.37195817462453,2.0152325741450885e-05,4.049852685730123e-06,2.623979465060589e-05,2.4409983020138045e-06,3.4421532291162293e-10,5.957640395865341e-12,1.0520552369620813e-05,2.2893315316612417e-06,3.4188455787384274e-05,4.976059099612938,1.3121533358301622,0.0
128,5880,6.376295790808754,2.0004535653564836e-05,4.020152486754155e-06,2.604711047635744e-05,2.423073552661601e-06,3.391846803424414e-10,5.870570595678059e-12,1.0443276191312582e-05,2.2725157994228703e-06,3.393702766637128e-05,4.976059136488176,1.312153348244271,0.0
128,5884,6.3806334069929775,1.9857832220024217e-05,3.99067066406268e-06,2.5855845435606382e-05,2.4052808204422905e-06,3.3426772461098153e-10,5.785468474591056e-12,1.0366569363131695e-05,2.2558239609833495e-06,3.368745495592942e-05,4.976059173077034,1.3121533605641558,0.0
128,5888,6.384971023177202,1.9712207424384882e-05,3.961405606654651e-06,2.566598903585086e-05,2.3876191292743307e-06,3.2935076887952164e-10,5.700366353504052e-12,1.029042767353537e-05,2.239255099887217e-06,3.343972390310736e-05,4.9760592093817655,1.3121533727905348,0.0
128,5892,6.389308639361425,1.9567653309267247e-05,3.932355715398757e-06,2.5477530862132174e-05,2.3700875102897545e-06,3.2446223485749215e-10,5.6157561521921176e-12,1.0214846942125643e-05,2.2228083064562996e-06,3.319382085423371e-05,4.9760592454046035,1.3121533849241223,0.0
128,5896,6.393646255545649,1.9424161976369416e-05,3.903519403036062e-06,2.5290460577045304e-05,2.352685001835149e-06,3.197158093826147e-10,5.53360554975553e-12,1.0139823019653015e-05,2.206482677790503e-06,3.294973225943193e-05,4.976059281147766,1.3121533969656258,0.0
128,5900,6.397983871729872,1.9281725586029584e-05,3.874895094092058e-06,2.51047679201741e-05,2.3354106494191107e-06,3.150546490360284e-10,5.4529307066441504e-12,1.0065351787790443e-05,2.1902773177186357e-06,3.270744467132713e-05,4.976059316613447,1.312153408915748,0.0
128,5904,6.402321487914096,1.914033635650393e-05,3.84648122473156e-06,2.4920442707112162e-05,2.3182635056211644e-06,3.1045033210830297e-10,5.3732397030829095e-12,9.991429158737401e-06,2.174191336712248e-06,3.246694474062687e-05,4.976059351803831,1.3121534207751862,0.0
128,5908,6.40665910409832,1.8999986563770835e-05,3.8182762427193516e-06,2.4737474829227536e-05,2.3012426300698717e-06,3.0593128030886874e-10,5.2950244588468775e-12,9.918051075127255e-06,2.1582238518654773e-06,3.222821921839932e-05,4.976059386721079,1.3121534325446322,0.0
128,5912,6.410996720282543,1.8860668541132077e-05,3.790278607340044e-06,2.4555854253135163e-05,2.2843470893937555e-06,3.014690719282953e-10,5.217793054160983e-12,9.845213509815013e-06,2.142373986848859e-06,3.199125495291655e-05,4.97605942136734,1.3121534442247724,0.0
128,5916,6.415334336466767,1.8722374678450048e-05,3.762486789244785e-06,2.437557101967946e-05,2.267575957126652e-06,2.970352852571523e-10,5.1410535692501596e-12,9.77291246546734e-06,2.1266408718201153e-06,3.175603889441398e-05,4.976059455744742,1.3121534558162884,0.0
128,5920,6.41967195265099,1.8585097422260664e-05,3.734899270473951e-06,2.4196615244102084e-05,2.250928313723321e-06,2.9271518542373087e-10,5.066281763439613e-12,9.701143974631587e-06,2.111023643439173e-06,3.152255808565966e-05,4.976059489855396,1.3121534673198558,0.0
128,5924,6.424009568835214,1.8448829274847698e-05,3.707514544271121e-06,2.401897711479875e-05,2.2344032464437892e-06,2.8842350729973987e-10,4.992001877404135e-12,9.629904099234108e-06,2.0955214447589965e-06,3.1290799670805296e-05,4.976059523701397,1.3121534787361455,0.0
128,5928,6.428347185019438,1.8313562793931333e-05,3.68033111502049e-06,2.3842646892939047e-05,2.2179998493179922e-06,2.8418867259460967e-10,4.9187058309187965e-12,9.559188930430004e-06,2.080133425192889e-06,3.106075088393983e-05,4.976059557284826,1.3121534900658234,0.0
128,5932,6.432684801203662,1.8179290592616606e-05,3.6533474982365055e-06,2.3667614912360724e-05,2.201717223135934e-06,2.800106813083403e-10,4.8463936239835966e-12,9.488994588557417e-06,2.0648587405045493e-06,3.0832399060760584e-05,4.9760595906077425,1.31215350130955,0.0
128,5936,6.437022417387885,1.8046005338576728e-05,3.626562220399747e-06,2.3493871578524106e-05,2.1855544753504205e-06,2.760032202786533e-10,4.777032935698813e-12,9.419317222719847e-06,2.04969655271718e-06,3.060573162663344e-05,4.976059623672193,1.3121535124679806,0.0
128,5940,6.441360033572109,1.791369975375013e-05,3.5999738188960443e-06,2.3321407368105146e-05,2.1695107200392063e-06,2.7191049412067514e-10,4.706196488088821e-12,9.35015301062193e-06,2.034646030077752e-06,3.0380736104317736e-05,4.976059656480209,1.3121535235417658,0.0
128,5944,6.445697649756332,1.7782366614137438e-05,3.5735808419756776e-06,2.315021282871701e-05,2.1535850778790897e-06,2.6787461138155777e-10,4.636343880028969e-12,9.281498158456582e-06,2.019706347032446e-06,3.0157400104367473e-05,4.9760596890338,1.312153534531551,0.0
128,5948,6.450035265940556,1.765199874907949e-05,3.5473818486082835e-06,2.2980278577970974e-05,2.1377766760585564e-06,2.639808371895924e-10,4.568950870844463e-12,9.213348900528582e-06,2.004876684144745e-06,2.993571133598427e-05,4.976059721334965,1.3121535454379765,0.0
128,5952,6.45437288212478,1.7522589041140343e-05,3.5213754084593477e-06,2.281159530332056e-05,2.122084648263275e-06,2.601154847070575e-10,4.502049781435026e-12,9.14570149919175e-06,1.9901562280817582e-06,2.9715657594800664e-05,4.976059753385686,1.312153556261678,0.0
128,5956,6.458710498309004,1.7394130425545042e-05,3.495560101777214e-06,2.2644153761316893e-05,2.106508134606828e-06,2.5630697564338334e-10,4.436132531575729e-12,9.07855224454934e-06,1.975544171549031e-06,2.949722677062864e-05,4.9760597851879265,1.312153567003286,0.0
128,5960,6.463048114493227,1.726661588959651e-05,3.469934519275906e-06,2.2477944776843776e-05,2.0910462815595542e-06,2.525837317080004e-10,4.3716910410416385e-12,9.011897454146838e-06,1.961039713223691e-06,2.9280406840585188e-05,4.976059816743637,1.3121535776634266,0.0
128,5964,6.46738573067745,1.7140038472910047e-05,3.4444972621822466e-06,2.2312959243428232e-05,2.0756982419774347e-06,2.489173311914783e-10,4.308233390057688e-12,8.94573347309695e-06,1.94664205778165e-06,2.90651858756263e-05,4.976059848054754,1.3121535882427207,0.0
128,5968,6.471723346861674,1.7014391266332176e-05,3.419246942018593e-06,2.214918812180096e-05,2.06046317496818e-06,2.452225089655258e-10,4.244283819298667e-12,8.880056673499657e-06,1.9323504157714032e-06,2.8851552031102513e-05,4.976059879123192,1.312153598741785,0.0
128,5972,6.476060963045898,1.6889667412163632e-05,3.394182180647644e-06,2.1986622440216125e-05,2.0453402459209763e-06,2.416697952867253e-10,4.182793847414994e-12,8.814863454572994e-06,1.9181640036424856e-06,2.863949355335701e-05,4.976059909950859,1.3121536091612307,0.0
128,5976,6.480398579230122,1.6765860103190858e-05,3.3693016100778125e-06,2.182525329315238e-05,2.030328626385649e-06,2.381455033173552e-10,4.12179579530639e-12,8.75015024212898e-06,1.904082043631434e-06,2.842899877595041e-05,4.97605994053964,1.3121536195016648,0.0
128,5980,6.484736195414345,1.6642962582661726e-05,3.3446038724583407e-06,2.1665071841304403e-05,2.015427494071872e-06,2.346780547668459e-10,4.061781582747925e-12,8.685913488572199e-06,1.8901037637614777e-06,2.8220056117668517e-05,4.976059970891412,1.3121536297636889,0.0
128,5984,6.489073811598569,1.6520968143873065e-05,3.320087619996414e-06,2.1506069311014228e-05,2.0006360327962688e-06,2.311821845069062e-10,4.00127545041439e-12,8.622149672669091e-06,1.8762283977923342e-06,2.8012654084178437e-05,4.97606000100803,1.3121536399479012,0.0
128,5988,6.493411427782792,1.6399870129842653e-05,3.29575151489124e-06,2.1348236993849312e-05,1.985953432443161e-06,2.2782842279411852e-10,3.943228916956203e-12,8.558855299379227e-06,1.8624551851834941e-06,2.7806781269725988e-05,4.97606003089134,1.3121536500548945,0.0
128,5992,6.4977490439670165,1.627966193277815e-05,3.271594229227327e-06,2.1191566245915158e-05,1.971378888900623e-06,2.2450308279076125e-10,3.885674303273085e-12,8.496026899580065e-06,1.8487833710343266e-06,2.7602426348527196e-05,4.97606006054317,1.3121536600852572,0.0
128,5996,6.50208666015124,1.616033699384258e-05,3.247614444927353e-06,2.1036048487531627e-05,1.9569116040303725e-06,2.212061644968344e-10,3.8286116093650355e-12,8.433661029935601e-06,1.8352122060554966e-06,2.7399578083461305e-05,4.976060089965335,1.3121536700395733,0.0
128,6000,6.506424276335464,1.6041888802691078e-05,3.2238108536590707e-06,2.0881675202620867e-05,1.9425507856108293e-06,2.1796608962176833e-10,3.772532755007126e-12,8.371754272650186e-06,1.8217409465153943e-06,2.7198225319302068e-05,4.976060119159636,1.3121536799184221,0.0
128,6004,6.510761892519687,1.5924310897119154e-05,3.2001821567646204e-06,2.0728437938261774e-05,1.928295647295669e-06,2.148112798749935e-10,3.717929659974424e-12,8.310303235290988e-06,1.8083688542015022e-06,2.6998356984077517e-05,4.976060148127858,1.312153689722379,0.0
128,6008,6.51509950870391,1.580759686300386e-05,3.176727065248707e-06,2.0576328304591765e-05,1.9141454086046866e-06,2.1165647012821864e-10,3.6633265649417216e-12,8.249304550746723e-06,1.7950951964114144e-06,2.6799962085667368e-05,4.976060176871773,1.3121536994520138,0.0
128,6012,6.519437124888134,1.569174033324653e-05,3.1534442995661336e-06,2.0425337973432384e-05,1.9000992947959401e-06,2.085585038003046e-10,3.609707309459159e-12,8.188754876676825e-06,1.7819192458329731e-06,2.660302971924913e-05,4.9760602053931375,1.3121537091078934,0.0
128,6016,6.523774741072358,1.557673498835301e-05,3.130332589738402e-06,2.027545867904333e-05,1.8861565369358949e-06,2.0548895918182097e-10,3.556579973751665e-12,8.128650895813621e-06,1.7688402806100229e-06,2.6407549056166516e-05,4.976060233693696,1.3121537186905794,0.0
128,6020,6.528112357256582,1.5462574555238546e-05,3.1073906751135425e-06,2.0126682216551243e-05,1.8723163717532599e-06,2.0250467969162855e-10,3.5049283973693794e-12,8.06898931533108e-06,1.755857584205048e-06,2.621350935107774e-05,4.976060261775179,1.3121537282006293,0.0
128,6024,6.532449973440805,1.5349252807350217e-05,3.084617304390718e-06,1.99790004421146e-05,1.8585780416543272e-06,1.9954882191086654e-10,3.4537687407621635e-12,8.0097668669114e-06,1.7429704454136616e-06,2.6020899937532113e-05,4.9760602896393005,1.3121537376385966,0.0
128,6028,6.536787589625029,1.5236763564264601e-05,3.06201123553937e-06,1.983240527238224e-05,1.8449407946726e-06,1.9662138583953492e-10,3.4031010039300164e-12,7.950980306526386e-06,1.7301781583170314e-06,2.582971022887936e-05,4.976060317287765,1.31215374700503,0.0
128,6032,6.541125205809252,1.5125100691264561e-05,3.0395712357141687e-06,1.9686888683946006e-05,1.8314038844178742e-06,1.9377921489649452e-10,3.353909026423078e-12,7.892626414218323e-06,1.7174800222341987e-06,2.5639929719145955e-05,4.97606034472226,1.3121537563004746,0.0
128,6036,6.5454628219934765,1.5014258098928267e-05,3.017296081172423e-06,1.954244271280099e-05,1.8179665700260262e-06,1.9090862224402372e-10,3.3042251291410697e-12,7.83470199388316e-06,1.704875341674896e-06,2.5451547976310735e-05,4.976060371944462,1.3121537655254711,0.0
128,6040,6.5498004381777,1.4904229742948151e-05,2.995184557237694e-06,1.9399059454109562e-05,1.8046281161370628e-06,1.8809487301041372e-10,3.2555250714092004e-12,7.777203873175891e-06,1.6923634263189572e-06,2.526455464785673e-05,4.976060398956031,1.312153774680556,0.0
128,6044,6.554138054361924,1.4795009623887988e-05,2.973235458250982e-06,1.925673106186258e-05,1.7913877928636023e-06,1.8536638890509494e-10,3.2083007730025394e-12,7.720128903372777e-06,1.6799435909863385e-06,2.507893946098237e-05,4.97606042575862,1.3121537837662611,0.0
128,6048,6.558475670546147,1.4686591786451827e-05,2.951447587423807e-06,1.9115449747942853e-05,1.7782448757037544e-06,1.8263790479977615e-10,3.1610764745958783e-12,7.663473958997174e-06,1.6676151555556942e-06,2.4894692215024066e-05,4.976060452353861,1.3121537927831155,0.0
128,6052,6.56281328673037,1.4578970319571286e-05,2.9298197568557506e-06,1.8975207782223942e-05,1.7651986455503096e-06,1.7999468582274858e-10,3.1153279355144255e-12,7.6072359378578724e-06,1.6553774449727208e-06,2.471180279008324e-05,4.976060478743379,1.3121538017316428,0.0
128,6056,6.5671509029145945,1.4472139355708264e-05,2.908350787394331e-06,1.883599749166597e-05,1.752248388606625e-06,1.773230451362906e-10,3.069087476657903e-12,7.551411760686897e-06,1.6432297891713397e-06,2.453026113608689e-05,4.976060504928783,1.3121538106123634,0.0
128,6060,6.571488519098818,1.4366093070873463e-05,2.8870395086387207e-06,1.8697811260309832e-05,1.7393933963860886e-06,1.7476509128755424e-10,3.0248146969016583e-12,7.495998371134605e-06,1.631171523072631e-06,2.4350057281683614e-05,4.97606053091167,1.312153819425794,0.0
128,6064,6.575826135283042,1.4260825684132802e-05,2.865884758840558e-06,1.856064152867094e-05,1.7266329656557172e-06,1.7220713743881788e-10,2.9805419171454132e-12,7.4409927355297564e-06,1.6192019865326225e-06,2.4171181326726576e-05,4.976060556693626,1.3121538281724465,0.0
128,6068,6.580163751467265,1.4156331457303939e-05,2.8448853848429596e-06,1.8424480793298144e-05,1.713966398395128e-06,1.6967760529951192e-10,2.936761057164238e-12,7.386391842698707e-06,1.6073205243029466e-06,2.3993623449490247e-05,4.976060582276221,1.3121538368528296,0.0
128,6072,6.584501367651489,1.4052604694689055e-05,2.8240402420268167e-06,1.8289321606459326e-05,1.7013930017672889e-06,1.6720491657906678e-10,2.8939640367332014e-12,7.33219270384225e-06,1.5955264860040388e-06,2.3817373895942442e-05,4.976060607661018,1.3121538454674473,0.0
128,6076,6.588838983835712,1.3949639742715064e-05,2.803348194238494e-06,1.8155156575643633e-05,1.6889120880722126e-06,1.6476064956805203e-10,2.851658936077234e-12,7.278392352333512e-06,1.5838192260811598e-06,2.3642422986720474e-05,4.976060632849561,1.3121538540168005,0.0
128,6080,6.5931766000199366,1.3847430989514656e-05,2.7828081137056356e-06,1.8021978363014985e-05,1.6765229746961193e-06,1.623732259758981e-10,2.8103376749714055e-12,7.224987843498762e-06,1.5721981037566975e-06,2.3468761115841298e-05,4.976060657843385,1.312153862501386,0.0
128,6084,6.59751421620416,1.3745972864809962e-05,2.762418881013783e-06,1.788977968525939e-05,1.6642249840972323e-06,1.5998580238374416e-10,2.7690164138655772e-12,7.17197625455609e-06,1.5606624830168239e-06,2.329637874809774e-05,4.976060682644014,1.3121538709216964,0.0
128,6088,6.601851832388384,1.3645259839461363e-05,2.742179385015707e-06,1.7758553312997967e-05,1.6520174437511737e-06,1.5765522221045103e-10,2.7286789923098875e-12,7.119354684380114e-06,1.5492117325602936e-06,2.312526641777172e-05,4.976060707252958,1.3121538792782215,0.0
128,6092,6.606189448572607,1.3545286425203549e-05,2.7220885227783604e-06,1.7628292070431945e-05,1.6398996861179397e-06,1.553530637465883e-10,2.688833490529267e-12,7.067120253358662e-06,1.5378452257672568e-06,2.2955414730411817e-05,4.976060731671716,1.3121538875714462,0.0
128,6096,6.610527064756831,1.3446047174428665e-05,2.7021451995393043e-06,1.7498988835060526e-05,1.6278710486156552e-06,1.5307932699215598e-10,2.6494799085237162e-12,7.0152701032796785e-06,1.52656234067465e-06,2.278681436138927e-05,4.976060755901774,1.3121538958018526,0.0
128,6100,6.6148646809410545,1.3347536679798112e-05,2.68234832862869e-06,1.7370636537160246e-05,1.615930873572139e-06,1.5086243365658447e-10,2.611110166068304e-12,6.963801397121173e-06,1.515362459930487e-06,2.261945605549757e-05,4.976060779944609,1.3121539039699186,0.0
128,6104,6.619202297125278,1.324974957395982e-05,2.6626968314124453e-06,1.7243228159439368e-05,1.6040785081927546e-06,1.4861711861158255e-10,2.5722485038378224e-12,6.912711318914602e-06,1.5042449707641309e-06,2.2453330627643265e-05,4.9760608038016825,1.3121539120761185,0.0
128,6108,6.623539913309502,1.315268052914162e-05,2.6431896372105545e-06,1.7116756736479137e-05,1.5923133045084313e-06,1.4645706869487185e-10,2.534862600932549e-12,6.861997073518302e-06,1.493209264936991e-06,2.228842895691477e-05,4.976060827474447,1.3121539201209231,0.0
128,6112,6.627877529493725,1.3056324257021619e-05,2.623825683271011e-06,1.6991215354561875e-05,1.580634619359673e-06,1.4432544048759155e-10,2.497968617802345e-12,6.811655886548323e-06,1.482254738727472e-06,2.2124741996296528e-05,4.976060850964343,1.3121539281047998,0.0
128,6116,6.632215145677949,1.2960675508533058e-05,2.6046039147306007e-06,1.686659715143254e-05,1.5690418143743758e-06,1.4216539057088085e-10,2.4605827148970716e-12,6.76168500428416e-06,1.4713807929104615e-06,2.196226076041309e-05,4.9760608742727985,1.3121539360282122,0.0
128,6120,6.6365527618621725,1.2865729072996433e-05,2.58552328444049e-06,1.6742895315152274e-05,1.5575342558611788e-06,1.4011902749189176e-10,2.4251644910920757e-12,6.71208169320769e-06,1.4605868326569983e-06,2.1800976333141952e-05,4.976060897401232,1.3121539438916197,0.0
128,6124,6.640890378046397,1.2771479778852034e-05,2.5665827531134403e-06,1.6620103085045027e-05,1.5461113148975247e-06,1.3807266441290267e-10,2.3897462672870803e-12,6.662843240382092e-06,1.4498722676167293e-06,2.164087986737086e-05,4.976060920351048,1.312153951695479,0.0
128,6128,6.64522799423062,1.2677922492225985e-05,2.547781289035635e-06,1.649821374982269e-05,1.5347723671552469e-06,1.3605472304334398e-10,2.3548199632571536e-12,6.613966952699469e-06,1.4392365117541875e-06,2.1481962574485366e-05,4.976060943123644,1.3121539594402434,0.0
128,6132,6.649565610414844,1.2585052117431509e-05,2.529117868167414e-06,1.637722064825554e-05,1.52351679296294e-06,1.340652033832157e-10,2.3203855790022967e-12,6.565450157151191e-06,1.4286789834076186e-06,2.1324215739431376e-05,4.976060965720404,1.3121539671263625,0.0
128,6136,6.653903226599067,1.2492863596474954e-05,2.5105914740440075e-06,1.625711716850787e-05,1.5123439772441537e-06,1.3210410543251783e-10,2.286443114522509e-12,6.517290200559698e-06,1.4181991052306217e-06,2.116763070634238e-05,4.9760609881427,1.3121539747542816,0.0
128,6140,6.658240842783291,1.2401351908701681e-05,2.492201097704368e-06,1.6137896747675758e-05,1.5012533094743953e-06,1.3019985090068076e-10,2.25348448959286e-12,6.469484449393067e-06,1.4077963041517972e-06,2.1012198885878125e-05,4.976061010391894,1.312153982324444,0.0
128,6144,6.6625784589675145,1.2310512070553812e-05,2.47394573764249e-06,1.601955287147104e-05,1.490244183651729e-06,1.2826717465941329e-10,2.2200339448881418e-12,6.4220302896382696e-06,1.3974700113471674e-06,2.085791174999504e-05,4.976061032469338,1.312153989837289,0.0
128,6148,6.666916075151738,1.2220339135282782e-05,2.455824399749643e-06,1.5902079073841738e-05,1.4793159982614663e-06,1.2636292012757622e-10,2.1870753199584926e-12,6.37492512664852e-06,1.3872196622069577e-06,2.070476084057212e-05,4.976061054376373,1.3121539972932523,0.0
128,6152,6.671253691335962,1.2130828192753098e-05,2.4378360972749348e-06,1.5785468936709653e-05,1.4684681562517559e-06,1.2454393072403036e-10,2.155592454354052e-12,6.328166385037472e-06,1.3770446963125736e-06,2.0552737754526743e-05,4.97606107611433,1.3121540046927667,0.0
128,6156,6.675591307520185,1.2041974369059085e-05,2.41997985074829e-06,1.566971608947809e-05,1.4577000649877879e-06,1.227533630299149e-10,2.1246015085246808e-12,6.281751508482442e-06,1.3669445573937817e-06,2.040183415505306e-05,4.976061097684528,1.3121540120362614,0.0
128,6160,6.679928923704409,1.1953772826323308e-05,2.4022546879399447e-06,1.5554814208751643e-05,1.4470111362257263e-06,1.2093437362636905e-10,2.0931186429202398e-12,6.235677959610515e-06,1.356918693303925e-06,2.0252041766747106e-05,4.976061119088276,1.3121540193241625,0.0
128,6164,6.6842665398886325,1.186621876247144e-05,2.384659643815199e-06,1.544075701806048e-05,1.4364007860870612e-06,1.19172227641684e-10,2.062619616865938e-12,6.189943219889507e-06,1.3469665559961958e-06,2.010335237821599e-05,4.9760611403268715,1.3121540265568925,0.0
128,6168,6.688604156072857,1.1779307410877082e-05,2.3671937604630426e-06,1.5327538287361256e-05,1.4258684350121805e-06,1.1738165994756855e-10,2.0316286710365665e-12,6.144544789424724e-06,1.3370876014794089e-06,1.9955757833789698e-05,4.976061161401606,1.3121540337348714,0.0
128,6172,6.69294177225708,1.169303404010339e-05,2.3498560870442285e-06,1.521515183273701e-05,1.4154135077324504e-06,1.1570477909117471e-10,2.0026054043074726e-12,6.099480186841736e-06,1.3272812897924937e-06,1.980925004123788e-05,4.976061182313758,1.312154040858515,0.0
128,6176,6.697279388441304,1.1607393953830813e-05,2.3326456797767556e-06,1.5103591516269984e-05,1.4050354332583863e-06,1.1399947652535047e-10,1.9730902178033095e-12,6.054746949232566e-06,1.3175470849927832e-06,1.9663820969366386e-05,4.976061203064594,1.3121540479282363,0.0
128,6180,6.701617004625527,1.1522382490173368e-05,2.31556160179846e-06,1.4992851245157687e-05,1.3947336447974227e-06,1.1237943908781745e-10,1.9450507906243546e-12,6.010342631801815e-06,1.3078844550790102e-06,1.951946264555027e-05,4.976061223655372,1.312154054944446,0.0
128,6184,6.705954620809751,1.1437995021956672e-05,2.298602923222895e-06,1.4882924972085695e-05,1.384507579788593e-06,1.1070255823142361e-10,1.9160275238952608e-12,5.966264808017062e-06,1.2982928720240342e-06,1.937616715805518e-05,4.976061244087342,1.3121540619075502,0.0
128,6188,6.710292236993975,1.1354226956052522e-05,2.281768721005602e-06,1.477380669433549e-05,1.374356679819535e-06,1.0908252079389058e-10,1.887988096716306e-12,5.9225110692489555e-06,1.2887718116965236e-06,1.9233926649827858e-05,4.976061264361742,1.3121540688179527,0.0
128,6192,6.714629853178198,1.1271073733161926e-05,2.2650580789005115e-06,1.466549045350071e-05,1.3642803906000951e-06,1.0749090506578796e-10,1.8604405893124202e-12,5.879079024657328e-06,1.2793207538361735e-06,1.9092733327191685e-05,4.976061284479799,1.3121540756760544,0.0
128,6196,6.718967469362422,1.1188530827733024e-05,2.2484700874434452e-06,1.4557970335399548e-05,1.3542781619541786e-06,1.0592771104711574e-10,1.833385001683604e-12,5.8359663011577406e-06,1.2699391820464256e-06,1.8952579449163105e-05,4.9760613044427355,1.3121540824822526,0.0
128,6200,6.723305085546645,1.1106593747898543e-05,2.2320038439395493e-06,1.4451240469963948e-05,1.3443494478094417e-06,1.0439293873787392e-10,1.806821333829857e-12,5.793170543374525e-06,1.2606265837842507e-06,1.8813457335813155e-05,4.976061324251758,1.312154089236942,0.0
128,6204,6.727642701730869,1.1025258034764905e-05,2.215658452320432e-06,1.4345295030329691e-05,1.3344937061126462e-06,1.028013230097713e-10,1.7792738264259713e-12,5.750689413277329e-06,1.251382450281057e-06,1.8675359365370574e-05,4.976061343908069,1.312154095940514,0.0
128,6208,6.7319803179150925,1.0944519262221875e-05,2.1994330231059076e-06,1.4240128232575695e-05,1.324710398805407e-06,1.0132339411939029e-10,1.7536939981223633e-12,5.70852059007547e-06,1.2422062765197033e-06,1.8538277968611542e-05,4.976061363412855,1.3121541025933572,0.0
128,6212,6.736317934099317,1.0864373037126864e-05,2.183326673441038e-06,1.4135734335963368e-05,1.3149989918464575e-06,9.984546522900928e-11,1.728114169818755e-12,5.6666617703138515e-06,1.2330975612553684e-06,1.8402205635045773e-05,4.9760613827673,1.3121541091958568,0.0
128,6216,6.74065555028354,1.0784814998659423e-05,2.1673385269664076e-06,1.4032107642088626e-05,1.3053589551327668e-06,9.845280146691948e-11,1.7040101008403551e-12,5.6251106675323445e-06,1.2240558069414331e-06,1.8267134909448328e-05,4.976061401972575,1.3121541157483958,0.0
128,6220,6.744993166467764,1.070584081817459e-05,2.151467713788652e-06,1.3929242494702873e-05,1.2957897624828836e-06,9.697487257653847e-11,1.6784302725367471e-12,5.583865012195021e-06,1.215080519714079e-06,1.813305839328132e-05,4.976061421029842,1.3121541222513537,0.0
128,6224,6.749330782651987,1.0627446199121762e-05,2.135713370464157e-06,1.3827133279586286e-05,1.28629089162515e-06,9.555378710501827e-11,1.6538342837832777e-12,5.542922551637541e-06,1.2061712093808409e-06,1.7999968740347717e-05,4.9760614399402545,1.3121541287051073,0.0
128,6228,6.753668398836211,1.0549626876494548e-05,2.120074639888495e-06,1.3725774423843141e-05,1.276861824132148e-06,9.413270163349807e-11,1.6292382950298084e-12,5.502281049785627e-06,1.1973273893593445e-06,1.786785865992834e-05,4.976061458704956,1.31215413511003,0.0
128,6232,6.758006015020435,1.0472378616926198e-05,2.1045506713156083e-06,1.3625160396005442e-05,1.2675020454303385e-06,9.276845958083868e-11,1.6056261458264779e-12,5.461938287194836e-06,1.1885485766859611e-06,1.7736720915460847e-05,4.976061477325083,1.3121541414664937,0.0
128,6236,6.762343631204659,1.0395697218325837e-05,2.0891406202847013e-06,1.3525285705583044e-05,1.2582110447582126e-06,9.140421752817929e-11,1.5820139966231474e-12,5.421892060872236e-06,1.1798342919770037e-06,1.760654832709691e-05,4.976061495801759,1.3121541477748657,0.0
128,6240,6.766681247388882,1.0319578509523774e-05,2.073843648548964e-06,1.3426144902576064e-05,1.248988315120931e-06,9.00399754755199e-11,1.5584018474198166e-12,5.3821401840786874e-06,1.1711840593857028e-06,1.747733376373182e-05,4.976061514136106,1.3121541540355122,0.0
128,6244,6.771018863573105,1.024401835018683e-05,2.058658924058555e-06,1.3327732577368537e-05,1.2398333532804329e-06,8.881784197001252e-11,1.537249297091833e-12,5.342680486286554e-06,1.1625974065930025e-06,1.734907014794565e-05,4.9760615323292265,1.3121541602487954,0.0
128,6248,6.775356479757329,1.0169012630779618e-05,2.0435856209528186e-06,1.3230043360679244e-05,1.2307456597508605e-06,8.748202162678353e-11,1.514129067663572e-12,5.3035108131600844e-06,1.154073864803293e-06,1.7221750458616535e-05,4.976061550382225,1.3121541664150749,0.0
128,6252,6.779694095941553,1.0094557271706445e-05,2.028622919387844e-06,1.3133071922437953e-05,1.2217247386940197e-06,8.620304470241535e-11,1.4919926777854494e-12,5.264629026104303e-06,1.1456129686462458e-06,1.709536772117811e-05,4.976061568296189,1.3121541725347081,0.0
128,6256,6.784031712125777,1.0020648223818997e-05,2.013770005638486e-06,1.3036812972448115e-05,1.212770097981029e-06,8.492406777804717e-11,1.4698562879073271e-12,5.226033002530857e-06,1.137214256234664e-06,1.6969915018047696e-05,4.976061586072204,1.3121541786080493,0.0
128,6260,6.78836932831,9.947281467597095e-06,1.999026071933731e-06,1.2941261259312355e-05,1.2038812490923616e-06,8.37019342725398e-11,1.4487037375793435e-12,5.187720635426526e-06,1.1288772690705872e-06,1.6845385479834697e-05,4.976061603711342,1.3121541846354499,0.0
128,6264,6.792706944494224,9.874453013487766e-06,1.9843903165248365e-06,1.2846411570870873e-05,1.1950577071586275e-06,8.247980076703243e-11,1.42755118725136e-12,5.149689833528732e-06,1.1206015520834838e-06,1.6721772288572026e-05,4.976061621214669,1.3121541906172591,0.0
128,6268,6.797044560678447,9.802158901250495e-06,1.969861943553752e-06,1.2752258733353477e-05,1.1862989908816905e-06,8.128608897095546e-11,1.4068905566984456e-12,5.111938520985947e-06,1.1123866535563534e-06,1.6599068678389386e-05,4.976061638583241,1.3121541965538228,0.0
128,6272,6.801382176862671,9.730395199781534e-06,1.9554401630178106e-06,1.2658797611136364e-05,1.1776046225120428e-06,8.006395546544809e-11,1.385738006370462e-12,5.074464637258936e-06,1.104232125104237e-06,1.647726792992662e-05,4.976061655818108,1.312154202445485,0.0
128,6276,6.805719793046895,9.65915800707828e-06,1.941124190762572e-06,1.256602310671097e-05,1.1689741278459068e-06,7.892708708823193e-11,1.3660612153676866e-12,5.037266137109576e-06,1.096137521671784e-06,1.6356363378923405e-05,4.97606167292031,1.312154208292587,0.0
128,6280,6.810057409231119,9.58844345006104e-06,1.9269132484460017e-06,1.2473930160433239e-05,1.1604070362019103e-06,7.776179700158536e-11,1.3458925045898417e-12,5.00034099049873e-06,1.0881024015110285e-06,1.623634840672393e-05,4.976061689890879,1.3121542140954665,0.0
128,6284,6.814395025415342,9.518247684159894e-06,1.91280656345545e-06,1.2382513749992346e-05,1.1519028803716639e-06,7.65965069149388e-11,1.3257237938119968e-12,4.9636871823737955e-06,1.0801263261351594e-06,1.6117216445889927e-05,4.97606170673084,1.3121542198544596,0.0
128,6288,6.818732641599565,9.448566893061078e-06,1.8988033688566799e-06,1.2291768890070716e-05,1.1434611965881337e-06,7.548806024715304e-11,1.3065389225842907e-12,4.92730271253157e-06,1.0722088602886786e-06,1.5998960974593806e-05,4.976061723441207,1.3121542255698997,0.0
128,6292,6.823070257783789,9.37939728882239e-06,1.8849029034170627e-06,1.2201690632499017e-05,1.13508152454006e-06,7.440803528879769e-11,1.287845971131654e-12,4.891185595680791e-06,1.0643495719610106e-06,1.5881575524068306e-05,4.97606174002299,1.3121542312421173,0.0
128,6296,6.827407873968013,9.310735111261977e-06,1.871104411482747e-06,1.2112274065452114e-05,1.1267634072971587e-06,7.332801033044234e-11,1.2691530196790174e-12,4.855333861119056e-06,1.0565480323161975e-06,1.5765053668588222e-05,4.976061756477188,1.3121542368714407,0.0
128,6300,6.831745490152237,9.242576628129459e-06,1.857407143013046e-06,1.2023514313675258e-05,1.1185063913311642e-06,7.221956366265658e-11,1.2499681484513114e-12,4.819745552823812e-06,1.0488038157126999e-06,1.5649389034208194e-05,4.976061772804793,1.3121542424581958,0.0
128,6304,6.83608310633646,9.17491813466383e-06,1.8438103534915948e-06,1.19354065379049e-05,1.1103100264619484e-06,7.119638212316204e-11,1.2322590365488135e-12,4.7844187292198186e-06,1.041116499652795e-06,1.5534575291969672e-05,4.976061789006791,1.3121542480027055,0.0
128,6308,6.840420722520684,9.107755953318758e-06,1.8303133038711447e-06,1.1847945934507704e-05,1.102173865823941e-06,7.011635716480669e-11,1.2135660850961768e-12,4.749351463034141e-06,1.0334856647510222e-06,1.542060616030503e-05,4.976061805084156,1.3121542535052906,0.0
128,6312,6.844758338704907,9.041086433828211e-06,1.8169152605867526e-06,1.176112773555559e-05,1.0940974658731087e-06,6.915001904417295e-11,1.1968408127438176e-12,4.714541841325334e-06,1.0259108947405343e-06,1.530747540376367e-05,4.97606182103786,1.3121542589662694,0.0
128,6316,6.8490959548891315,8.974905952931456e-06,1.8036154955005151e-06,1.1674947208479033e-05,1.0860803863547034e-06,6.8098415795248e-11,1.1786397810662502e-12,4.679987965345417e-06,1.0183917764430616e-06,1.5195176835664477e-05,4.976061836868862,1.3121542643859576,0.0
128,6320,6.853433571073355,8.909210913793692e-06,1.7904132857851384e-06,1.1589399655305564e-05,1.0781221902324236e-06,6.713207767461427e-11,1.1619145087138912e-12,4.645687950233951e-06,1.010927899702342e-06,1.5083704310699898e-05,4.976061852578117,1.3121542697646689,0.0
128,6324,6.857771187257579,8.84399774660884e-06,1.7773079140450762e-06,1.1504480413441511e-05,1.0702224437611353e-06,6.613731784455013e-11,1.1446973165864627e-12,4.611639925331197e-06,1.0035188574522657e-06,1.4973051733238208e-05,4.976061868166569,1.312154275102714,0.0
128,6328,6.862108803441802,8.779262907449754e-06,1.7642986680854654e-06,1.1420184854167698e-05,1.0623807163469336e-06,6.514255801448599e-11,1.127480124459034e-12,4.57784203357436e-06,9.961642455854945e-07,1.4863213051166962e-05,4.976061883635161,1.312154280400402,0.0
128,6332,6.866446419626025,8.715002878763185e-06,1.7513848410115953e-06,1.1336508383292115e-05,1.0545965806078572e-06,6.423306331271306e-11,1.1117386916568137e-12,4.544292431759979e-06,9.888636630105597e-07,1.4754182257668511e-05,4.9760618989848195,1.3121542856580388,0.0
128,6336,6.870784035810249,8.65121416893386e-06,1.7385657311413042e-06,1.1253446440571872e-05,1.0468696123201157e-06,6.329514690150972e-11,1.095505339079524e-12,4.510989290311269e-06,9.816167116012342e-07,1.4645953389319217e-05,4.976061914216473,1.312154290875929,0.0
128,6340,6.875121651994473,8.587893312052009e-06,1.725840641958261e-06,1.11709944994189e-05,1.0391993903907112e-06,6.232880878087599e-11,1.0787800667271648e-12,4.477930793160842e-06,9.744229961710116e-07,1.4538520527293324e-05,4.976061929331035,1.3121542960543735,0.0
128,6344,6.879459268178697,8.525036867843373e-06,1.7132088820978999e-06,1.1089148066784709e-05,1.0315854968467184e-06,6.144773578853346e-11,1.0635305537000137e-12,4.445115137702435e-06,9.672821244626026e-07,1.4431877798903807e-05,4.976061944329417,1.312154301193672,0.0
128,6348,6.88379688436292,8.462641421396186e-06,1.7006697652925518e-06,1.1007902682828435e-05,1.0240275168044032e-06,6.053824108676054e-11,1.0477891208977935e-12,4.412540534659832e-06,9.601937071194105e-07,1.4326019371351158e-05,4.976061959212521,1.3121543062941217,0.0
128,6352,6.888134500547144,8.400703583028821e-06,1.6882226103448505e-06,1.0927253920732055e-05,1.0165250384520343e-06,5.962874638498761e-11,1.032047688095573e-12,4.38020520801172e-06,9.531573576691813e-07,1.4220939458464641e-05,4.976061973981242,1.3121543113560172,0.0
128,6356,6.892472116731367,8.339219987943407e-06,1.6758667410581186e-06,1.084719738624268e-05,1.0090776530073024e-06,5.877609510207549e-11,1.0172900948434914e-12,4.348107394807584e-06,9.461726924839399e-07,1.4116632316303125e-05,4.976061988636468,1.3121543163796512,0.0
128,6360,6.8968097329155915,8.278187296220953e-06,1.6636014862353906e-06,1.07677287176707e-05,1.0016849547171493e-06,5.795186552859377e-11,1.0030244213664793e-12,4.3162453451673635e-06,9.392393307799153e-07,1.4013092237314237e-05,4.976062003179082,1.3121543213653142,0.0
128,6364,6.901147349099815,8.217602192644164e-06,1.6514261796438035e-06,1.0688843585654209e-05,9.943465408358523e-07,5.709921424568165e-11,9.882668281143976e-13,4.284617322186577e-06,9.323568945968967e-07,1.391031356727323e-05,4.976062017609956,1.312154326313294,0.0
128,6368,6.905484965284039,8.157461386501582e-06,1.6393401599752382e-06,1.0610537692903557e-05,9.870620116012608e-07,5.624656296276953e-11,9.73509234862316e-13,4.253221601833864e-06,9.255250087759362e-07,1.380829068692328e-05,4.976062031929959,1.3121543312238766,0.0
128,6372,6.909822581468262,8.097761611230063e-06,1.62734277077447e-06,1.0532806773731548e-05,9.798309701910924e-07,5.545075509871822e-11,9.597354811603732e-13,4.222056472762262e-06,9.187433009182829e-07,1.3707018019128218e-05,4.976062046139952,1.3121543360973458,0.0
128,6376,6.914160197652486,8.038499624281627e-06,1.6154333604124107e-06,1.0455646593880896e-05,9.726530227068819e-07,5.46265255252365e-11,9.454698076833611e-13,4.1911202362400895e-06,9.120114013703419e-07,1.3606490028287402e-05,4.976062060240788,1.3121543409339833,0.0
128,6380,6.9184978138367095,7.979672207179259e-06,1.603611282097323e-06,1.0379052950594774e-05,9.655277781805433e-07,5.383071766118519e-11,9.316960539814183e-13,4.160411206179056e-06,9.053289432297918e-07,1.3506701219173692e-05,4.976062074233314,1.3121543457340683,0.0
128,6384,6.922835430020933,7.9212761652297e-06,1.5918758938171014e-06,1.0303021672236279e-05,9.584548485389716e-07,5.303490979713388e-11,9.179223002794755e-13,4.129927708981125e-06,8.986955623122606e-07,1.3407646142330068e-05,4.976062088118373,1.3121543504978779,0.0
128,6388,6.927173046205157,7.863308327134648e-06,1.5802265582611393e-06,1.022754861779046e-05,9.514338485577165e-07,5.2239101933082566e-11,9.041485465775326e-13,4.099668083339568e-06,8.921108971080343e-07,1.3309319380851346e-05,4.976062101896795,1.3121543552256876,0.0
128,6392,6.93151066238938,7.805765545112734e-06,1.5686626428448407e-06,1.0152629677008553e-05,9.444643958744014e-07,5.1528559197322465e-11,8.918505522007979e-13,4.069630680295541e-06,8.855745887943686e-07,1.3211715565971981e-05,4.976062115569411,1.3121543599177703,0.0
128,6396,6.935848278573604,7.748644694661394e-06,1.5571835196617669e-06,1.0078260770106732e-05,9.375461109606977e-07,5.070432962384075e-11,8.775848787237856e-13,4.039813863118057e-06,8.790862812093693e-07,1.3114829360925084e-05,4.9760621291370395,1.312154364574397,0.0
128,6400,6.940185894757827,7.691942673997411e-06,1.5457885653712046e-06,1.0004437847030741e-05,9.306786170539179e-07,5.002220859751105e-11,8.657788041221204e-13,4.010216007008557e-06,8.726456207877062e-07,1.3018655473417732e-05,4.9760621426004965,1.3121543691958368,0.0
128,6404,6.944523510942052,7.635656404481666e-06,1.5344771612835264e-06,9.931156888013525e-06,9.238615402088886e-07,4.928324415232055e-11,8.529888899703164e-13,3.980835499324877e-06,8.662522566093491e-07,1.292318865010776e-05,4.976062155960589,1.3121543737823567,0.0
128,6408,6.948861127126275,7.579782830188703e-06,1.5232486932736893e-06,9.858413903001927e-06,9.17094509244619e-07,4.857270141656045e-11,8.406908955935817e-13,3.951670739350286e-06,8.599058403493092e-07,1.2828423675288242e-05,4.976062169218119,1.3121543783342215,0.0
128,6412,6.953198743310499,7.5243189176091175e-06,1.5121025517214257e-06,9.786204931268875e-06,9.103771557082233e-07,4.7833736971369945e-11,8.279009814417777e-13,3.922720138137966e-06,8.536060262437973e-07,1.2734355371730995e-05,4.976062182373884,1.3121543828516942,0.0
128,6416,6.957536359494722,7.469261655702169e-06,1.5010381315218172e-06,9.714526041496845e-06,9.037091138826857e-07,4.715161594504025e-11,8.160949068401124e-13,3.8939821185457705e-06,8.473524710977871e-07,1.2640978602181937e-05,4.9760621954286695,1.312154387335035,0.0
128,6420,6.961873975678946,7.414608055547387e-06,1.4900548320152794e-06,9.643373331296543e-06,8.970900207420843e-07,4.644107320928015e-11,8.037969124633777e-13,3.865455115040853e-06,8.411448342425016e-07,1.2548288264064743e-05,4.976062208383261,1.3121543917845033,0.0
128,6424,6.9662115918631695,7.360355150285589e-06,1.4791520569757105e-06,9.572742927162471e-06,8.905195159474578e-07,4.5787373892380856e-11,7.924827576367818e-13,3.837137573684648e-06,8.34982777532145e-07,1.2456279295478798e-05,4.976062221238435,1.312154396200356,0.0
128,6428,6.970549208047393,7.3064999949954975e-06,1.4683292145856941e-06,9.502630984272725e-06,8.83997241828182e-07,4.510525286605116e-11,7.806766830351165e-13,3.80902795204919e-06,8.288659653256922e-07,1.2364946672615055e-05,4.976062233994961,1.3121544005828472,0.0
128,6432,6.974886824231617,7.253039666365334e-06,1.457585717370504e-06,9.433033686074625e-06,8.775228433434214e-07,4.4423131839721464e-11,7.688706084334513e-13,3.7811247190521163e-06,8.227940644509862e-07,1.2274285409296931e-05,4.976062246653606,1.3121544049322307,0.0
128,6436,6.97922444041584,7.199971262723942e-06,1.446920982204357e-06,9.363947244348484e-06,8.710959680880622e-07,4.376943252282217e-11,7.575564536068554e-13,3.7534263549842447e-06,8.167667442107376e-07,1.2184290549741966e-05,4.976062259215126,1.3121544092487571,0.0
128,6440,6.983562056600064,7.147291903803544e-06,1.436334430262737e-06,9.295367898855055e-06,8.64716266259915e-07,4.3144154915353283e-11,7.467342185553288e-13,3.725931351364453e-06,8.107836763509463e-07,1.2094957183861665e-05,4.976062271680276,1.3121544135326757,0.0
128,6444,6.9878996727842875,7.094998730400912e-06,1.425825486954303e-06,9.227291916923753e-06,8.583833906214086e-07,4.2518877307884395e-11,7.359119835038024e-13,3.698638210777119e-06,8.048445350255275e-07,1.2006280432346037e-05,4.976062284049802,1.3121544177842337,0.0
128,6448,6.992237288968512,7.043088904609188e-06,1.4153935819674763e-06,9.15971559373876e-06,8.520969965262058e-07,4.192202140984591e-11,7.255816682273452e-13,3.671545446985472e-06,7.989489968209777e-07,1.1918255453912382e-05,4.976062296324445,1.3121544220036765,0.0
128,6452,6.996574905152735,6.991559609321858e-06,1.405038149170758e-06,9.09263525169316e-06,8.4585674185912e-07,4.129674380237702e-11,7.147594331758187e-13,3.644651584672644e-06,7.930967407000253e-07,1.1830877441533662e-05,4.97606230850494,1.3121544261912477,0.0
128,6456,7.000912521336959,6.940408048181732e-06,1.3947586266024753e-06,9.026047240322285e-06,8.396622870299155e-07,4.069988790433854e-11,7.044291178993616e-13,3.6179551594149254e-06,7.87287447995812e-07,1.1744141625943215e-05,4.976062320592017,1.3121544303471888,0.0
128,6460,7.005250137521182,6.889631445525136e-06,1.3845544564595677e-06,8.959947936235489e-06,8.335132949669598e-07,4.013145371573046e-11,6.945907223979738e-13,3.591454717654789e-06,7.815208024060216e-07,1.1658043271893092e-05,4.976062332586398,1.3121544344717397,0.0
128,6464,7.009587753705406,6.839227046179153e-06,1.374425085056838e-06,8.894333742845488e-06,8.274094310920457e-07,3.950617610826157e-11,6.837684873464474e-13,3.565148816591807e-06,7.757964899691438e-07,1.1572577680278098e-05,4.9760623444888035,1.312154438565138,0.0
128,6468,7.01392536988963,6.789192115082814e-06,1.3643699627508285e-06,8.829201089874125e-06,8.21350363274414e-07,3.8909320210223086e-11,6.734381720699902e-13,3.5390360239844003e-06,7.701141990213328e-07,1.1487740185439098e-05,4.976062356299945,1.31215444262762,0.0
128,6472,7.018262986073853,6.73952393761741e-06,1.3543885440061997e-06,8.764546433772101e-06,8.153357618697996e-07,3.836930773104541e-11,6.640916963436719e-13,3.5131149183172325e-06,7.644736202328344e-07,1.1403526155871489e-05,4.9760623680205285,1.3121544466594197,0.0
128,6476,7.022600602258077,6.690219818897369e-06,1.344480287253223e-06,8.700366256807175e-06,8.093652996356101e-07,3.7772451833006926e-11,6.537613810672148e-13,3.4873840884366334e-06,7.588744465286508e-07,1.1319930997146822e-05,4.976062379651256,1.3121544506607703,0.0
128,6480,7.0269382184423,6.64127708400091e-06,1.3346446549341351e-06,8.636657067365713e-06,8.034386517589777e-07,3.7260861063259654e-11,6.449068251159658e-13,3.4618421336716026e-06,7.533163731148728e-07,1.1236950145576621e-05,4.976062391192823,1.3121544546319022,0.0
128,6484,7.031275834626524,6.592693077786991e-06,1.3248811134663499e-06,8.573415399694042e-06,7.975554958326981e-07,3.666400516522117e-11,6.345765098395087e-13,3.4364876637283584e-06,7.477990974557319e-07,1.1154579073140749e-05,4.97606240264592,1.3121544585730447,0.0
128,6488,7.0356134508107475,6.5444651646969625e-06,1.3151891332025997e-06,8.510637813665462e-06,7.917155118335569e-07,3.61524143954739e-11,6.257219538882597e-13,3.4113192985991057e-06,7.423223192537487e-07,1.1072813284447856e-05,4.976062414011232,1.3121544624844248,0.0
128,6492,7.039951066994972,6.496590728389702e-06,1.3055681883576095e-06,8.448320894278773e-06,7.859183820756787e-07,3.5640823625726625e-11,6.168673979370108e-13,3.386335668358699e-06,7.368857404054852e-07,1.0991648320004908e-05,4.976062425289438,1.3121544663662685,0.0
128,6496,7.044288683179195,6.44906717202101e-06,1.2960177570642467e-06,8.38646125202602e-06,7.801637912447378e-07,3.510081114654895e-11,6.075209222106924e-13,3.3615354133124264e-06,7.314890650337035e-07,1.0911079748112562e-05,4.976062436481213,1.312154470218799,0.0
128,6500,7.048626299363419,6.401891917872969e-06,1.286537321299035e-06,8.325055522425632e-06,7.744514263545268e-07,3.461764208623208e-11,5.991582860345129e-13,3.336917183810183e-06,7.261319994469286e-07,1.0831103173512246e-05,4.976062447587226,1.3121544740422388,0.0
128,6504,7.052963915547642,6.355062406973504e-06,1.2771263668057015e-06,8.26410036550775e-06,7.687809766990796e-07,3.413447302591521e-11,5.907956498583333e-13,3.3124796400384607e-06,7.208142520941845e-07,1.0751714233989817e-05,4.976062458608139,1.3121544778368084,0.0
128,6508,7.057301531731866,6.3085760996138014e-06,1.2677843831991575e-06,8.203592466492896e-06,7.631521339158046e-07,3.362288225616794e-11,5.819410939070843e-13,3.2882214522928714e-06,7.155355336242971e-07,1.067290859837638e-05,4.976062469544614,1.3121544816027264,0.0
128,6512,7.06163914791609,6.262430474397029e-06,1.2585108637743279e-06,8.143528534548958e-06,7.575645918698518e-07,3.313971319585107e-11,5.735784577309048e-13,3.264141300479399e-06,7.102955567773629e-07,1.0594681966272366e-05,4.9760624803973,1.3121544853402098,0.0
128,6516,7.065976764100314,6.216623028758317e-06,1.2493053056106467e-06,8.083905303477068e-06,7.520180467179179e-07,3.2656544135534205e-11,5.652158215547252e-13,3.2402378743901593e-06,7.050940364447568e-07,1.0517030072063986e-05,4.976062491166848,1.3121544890494745,0.0
128,6520,7.070314380284537,6.171151278524023e-06,1.2401672094834874e-06,8.024719531120795e-06,7.465121968532848e-07,3.214495336578693e-11,5.563612656034762e-13,3.2165098734650623e-06,6.999306896172679e-07,1.0439948678748535e-05,4.976062501853902,1.312154492730734,0.0
128,6524,7.07465199646876,6.1260127577248975e-06,1.2310960798266152e-06,7.965967999132937e-06,7.410467428841258e-07,3.171862772433087e-11,5.489824689774355e-13,3.1929560066991707e-06,6.948052353649408e-07,1.0363433584121701e-05,4.976062512459097,1.3121544963842005,0.0
128,6528,7.078989612652984,6.081205018839424e-06,1.2220914247810897e-06,7.90764751329284e-06,7.356213876630243e-07,3.1178615245153196e-11,5.396359932511171e-13,3.169574992769977e-06,6.89717394864771e-07,1.028748061322223e-05,4.976062522983069,1.3121545000100843,0.0
128,6532,7.083327228837208,6.036725632015277e-06,1.2131527560388073e-06,7.849754902479771e-06,7.302358361914702e-07,3.078071131312754e-11,5.327491164001457e-13,3.146365559624663e-06,6.846668913108909e-07,1.0212085623099192e-05,4.976062533426446,1.3121545036085944,0.0
128,6536,7.087664845021432,5.9925721854553685e-06,1.2042795889200818e-06,7.792287019186817e-06,7.248897956676664e-07,3.029754225281067e-11,5.243864802239661e-13,3.1233264446871237e-06,6.796534499596192e-07,1.0137244503977963e-05,4.9760625437898485,1.3121545071799388,0.0
128,6540,7.092002461205655,5.9487422851006575e-06,1.1954714423099016e-06,7.735240739097744e-06,7.195829754471653e-07,2.9899638320785016e-11,5.174996033729947e-13,3.1004563946874352e-06,6.746767980923521e-07,1.0062953173574032e-05,4.9760625540738985,1.3121545107243229,0.0
128,6544,7.096340077389879,5.905233554700979e-06,1.186727838672163e-06,7.678612961180204e-06,7.143150870515396e-07,2.941646926046815e-11,5.091369671968151e-13,3.077754165699307e-06,6.697366650237127e-07,9.98920758072289e-06,4.976062564279206,1.3121545142419506,0.0
128,6548,7.100677693574102,5.862043635200887e-06,1.178048303926248e-06,7.6224006068968435e-06,7.090858440949941e-07,2.901856532844249e-11,5.022500903458437e-13,3.0552185228247175e-06,6.648327820329269e-07,9.91600370539624e-06,4.9760625744063836,1.312154517733025,0.0
128,6552,7.105015309758326,5.819170185181614e-06,1.1694323675358428e-06,7.566600620753793e-06,7.038949623353903e-07,2.8563817977556027e-11,4.943793739447335e-13,3.0328482404114997e-06,6.599648824111705e-07,9.843337555237907e-06,4.976062584456033,1.312154521197747,0.0
128,6556,7.10935292594255,5.776610880398467e-06,1.1608795624159694e-06,7.511209969720409e-06,6.987421596202667e-07,2.816591404553037e-11,4.874924970937621e-13,3.010642101822596e-06,6.551327014113577e-07,9.771205169488315e-06,4.976062594428752,1.3121545246363164,0.0
128,6560,7.113690542126774,5.734363413681041e-06,1.1523894249129348e-06,7.456225643095861e-06,6.936271558744276e-07,2.773958840407431e-11,4.801137004677213e-13,2.988598899382268e-06,6.503359762364366e-07,9.699602613720927e-06,4.976062604325139,1.3121545280489313,0.0
128,6564,7.118028158310997,5.692425494863241e-06,1.1439614947902665e-06,7.401644652402603e-06,6.885496730900341e-07,2.7341684472048655e-11,4.732268236167499e-13,2.96671743433206e-06,6.455744460298064e-07,9.628525987298943e-06,4.976062614145781,1.3121545314357879,0.0
128,6568,7.12236577449522,5.650794850757379e-06,1.1355953152235072e-06,7.347464031363498e-06,6.835094353244746e-07,2.6972202249453403e-11,4.668318665408479e-13,2.9449965168225544e-06,6.40847851873523e-07,9.557971412069448e-06,4.976062623891265,1.3121545347970813,0.0
128,6572,7.126703390679444,5.609469224690627e-06,1.1272904327070608e-06,7.293680835291685e-06,6.785061686436076e-07,2.6545876607997343e-11,4.594530699148071e-13,2.923434965668191e-06,6.361559367349465e-07,9.487935044352565e-06,4.9760626335621705,1.3121545381330055,0.0
128,6576,7.131041006863668,5.568446376884921e-06,1.1190463971305359e-06,7.240292141586739e-06,6.735396011679166e-07,2.617639438540209e-11,4.5305811283890506e-13,2.902031608546317e-06,6.314984455100557e-07,9.418413067781699e-06,4.976062643159075,1.3121545414437525,0.0
128,6580,7.135378623047892,5.527724083809659e-06,1.110862761648666e-06,7.187295048893393e-06,6.6860946299425e-07,2.580691216280684e-11,4.46663155763003e-13,2.880785281660027e-06,6.268751249500804e-07,9.349401691191565e-06,4.976062652682549,1.3121545447295129,0.0
128,6584,7.139716239232115,5.487300138444858e-06,1.1027390827341914e-06,7.134686677439244e-06,6.637154862272357e-07,2.5437429940211587e-11,4.40268198687101e-13,2.859694829873131e-06,6.222857236908704e-07,9.280897152986822e-06,4.9760626621331605,1.3121545479904761,0.0
128,6588,7.144053855416339,5.447172350123544e-06,1.0946749201461872e-06,7.0824641688315365e-06,6.588574049603775e-07,2.5067947717616335e-11,4.3387324161119897e-13,2.838759106628855e-06,6.177299922352052e-07,9.212895722654103e-06,4.976062671511472,1.3121545512268296,0.0
128,6592,7.148391471600562,5.407338544113193e-06,1.0866698368459479e-06,7.030624685501804e-06,6.540349552243912e-07,2.4641622076160274e-11,4.264944449851582e-13,2.8179769737262767e-06,6.132076829041447e-07,9.145393692037204e-06,4.976062680818042,1.3121545544387596,0.0
128,6596,7.152729087784786,5.367796561722682e-06,1.0787233990184808e-06,6.979165410863308e-06,6.492478750018511e-07,2.4300561562995426e-11,4.2059140768432556e-13,2.7973473013850225e-06,6.087185498511075e-07,9.078387382058077e-06,4.976062690053424,1.3121545576264513,0.0
128,6600,7.15706670396901,5.328544260275242e-06,1.0708351760670707e-06,6.928083549249102e-06,6.44495904221428e-07,2.3931079340400174e-11,4.141964506084235e-13,2.776868968218127e-06,6.042623490559655e-07,9.01187314305096e-06,4.9760626992181685,1.3121545607900882,0.0
128,6604,7.161404320153234,5.289579512789124e-06,1.0630047405491061e-06,6.877376325522799e-06,6.397787847216806e-07,2.3590018827235326e-11,4.082934133075909e-13,2.75654086107827e-06,5.998388382915835e-07,8.945847351815845e-06,4.9760627083128215,1.3121545639298524,0.0
128,6608,7.165741936337457,5.250900207900743e-06,1.055231668160633e-06,6.827040984952128e-06,6.350962602392926e-07,2.3277380023500882e-11,4.028822957818276e-13,2.7363618750048006e-06,5.954477771122918e-07,8.880306407613593e-06,4.976062717337923,1.3121545670459247,0.0
128,6612,7.17007955252168,5.212504249859589e-06,1.047515537735334e-06,6.777074793217641e-06,6.304480764098829e-07,2.2936319510336034e-11,3.96979258480995e-13,2.716330913228553e-06,5.910889268549343e-07,8.815246743536437e-06,4.9760627262940105,1.3121545701384842,0.0
128,6616,7.174417168705904,5.174389558507638e-06,1.0398559312403885e-06,6.727475036384977e-06,6.258339807654249e-07,2.2566837287740782e-11,3.9058430140509294e-13,2.6964468871606496e-06,5.867620506364316e-07,8.750664812621196e-06,4.976062735181617,1.312154573207709,0.0
128,6620,7.178754784890128,5.136554068655237e-06,1.032252433651051e-06,6.678239020077428e-06,6.212537226572741e-07,2.2254198484006338e-11,3.851731838793297e-13,2.6767087160594698e-06,5.824669132813114e-07,8.686557097065117e-06,4.97606274400127,1.3121545762537756,0.0
128,6624,7.183092401074352,5.098995730478963e-06,1.0247046330306057e-06,6.629364070012562e-06,6.167070533060872e-07,2.1884716261411086e-11,3.787782268034277e-13,2.65711532724741e-06,5.782032813688775e-07,8.622920106068965e-06,4.976062752753495,1.3121545792768599,0.0
128,6628,7.187430017258575,5.0617125094378785e-06,1.017212120513535e-06,6.5808475318709255e-06,6.121937257896088e-07,2.1600499167107046e-11,3.7385902905273383e-13,2.637665656056317e-06,5.739709232213351e-07,8.559750372015302e-06,4.976062761438812,1.3121545822771354,0.0
128,6632,7.191767633442799,5.024702385634266e-06,1.0097744901770539e-06,6.532686770483631e-06,6.077134949670949e-07,2.134470378223341e-11,3.6943175107710934e-13,2.618358645503488e-06,5.697696088332862e-07,8.497044453423158e-06,4.976062770057738,1.312154585254775,0.0
128,6636,7.196105249627022,4.987963354365862e-06,1.0023913391520866e-06,6.484879170532387e-06,6.032661175444349e-07,2.100364326906856e-11,3.635287137762767e-13,2.5991932465706955e-06,5.655991099324487e-07,8.434798935923057e-06,4.9760627786107845,1.3121545882099497,0.0
128,6640,7.2004428658112465,4.9514934253484305e-06,9.950622674670337e-07,6.4374221355520596e-06,5.988513519813623e-07,2.0691004465334117e-11,3.5811759625051344e-13,2.580168417805554e-06,5.614591998929092e-07,8.373010429752339e-06,4.97606278709846,1.3121545911428298,0.0
128,6644,7.20478048199547,4.915290623145537e-06,9.877868781341403e-07,6.3903130884777356e-06,5.944689585423475e-07,2.0378365661599673e-11,3.527064787247502e-13,2.561283125539781e-06,5.573496537826196e-07,8.311675569172165e-06,4.976062795521268,1.312154594053584,0.0
128,6648,7.209118098179694,4.8793529869859546e-06,9.805647771128017e-07,6.34354947141384e-06,5.901186992751181e-07,2.006572685786523e-11,3.472953611989869e-13,2.542536343797218e-06,5.532702483433816e-07,8.25079101480183e-06,4.976062803879711,1.3121545969423791,0.0
128,6652,7.213455714363917,4.843678570292375e-06,9.733955732148529e-07,6.29712874500891e-06,5.858003379524976e-07,1.9809931472991593e-11,3.4286808322336247e-13,2.523927054042153e-06,5.492207619360793e-07,8.190353451719012e-06,4.976062812174284,1.3121545998093822,0.0
128,6656,7.21779333054814,4.808265440949972e-06,9.662788781585375e-07,6.251048388821131e-06,5.81513640106409e-07,1.9468870959826745e-11,3.369650459225298e-13,2.5054542453272507e-06,5.452009745728711e-07,8.130359586549596e-06,4.976062820405479,1.312154602654758,0.0
128,6660,7.222130946732364,4.773111681097317e-06,9.592143065264923e-07,6.205305901027183e-06,5.772583730007902e-07,1.9184653865522705e-11,3.3204584817183594e-13,2.4871169141751796e-06,5.412106678914298e-07,8.070806153338451e-06,4.976062828573787,1.31215460547867,0.0
128,6664,7.226468562916588,4.738215386790435e-06,9.522014756982338e-07,6.159898797995603e-06,5.730343055919056e-07,1.8900436771218665e-11,3.271266504211421e-13,2.4689140644084918e-06,5.372496251179245e-07,8.011689912028062e-06,4.976062836679691,1.3121546082812805,0.0
128,6668,7.230806179100812,4.703574668316748e-06,9.45240005913249e-07,6.114824614696385e-06,5.688412085664488e-07,1.864464138634503e-11,3.226993724455176e-13,2.4508447073139197e-06,5.333176311027717e-07,7.95300764168219e-06,4.976062844723672,1.312154611062751,0.0
128,6672,7.235143795285035,4.669187649693989e-06,9.383295201702964e-07,6.0700809040385534e-06,5.646788542799208e-07,1.836042429204099e-11,3.1778017469482375e-13,2.4329078613759163e-06,5.294144722626526e-07,7.894756147466318e-06,4.976062852706209,1.3121546138232416,0.0
128,6676,7.239481411469259,4.635052468981698e-06,9.31469644290005e-07,6.025665237278324e-06,5.605470167945986e-07,1.816147232602816e-11,3.1433673626933805e-13,2.4151025524405324e-06,5.255399366161737e-07,7.836932259176197e-06,4.976062860627775,1.3121546165629108,0.0
128,6680,7.243819027653482,4.601167277728492e-06,9.246600068037962e-07,5.981575203301017e-06,5.564454718127345e-07,1.7820411812863313e-11,3.084336989685054e-13,2.397427813427641e-06,5.21693813721245e-07,7.779532829299057e-06,4.97606286848884,1.312154619281916,0.0
128,6684,7.2481566438377065,4.567530241204831e-06,9.179002390006611e-07,5.9378084089188784e-06,5.523739967042613e-07,1.759303813742008e-11,3.044983407679503e-13,2.379882684449896e-06,5.178758947009662e-07,7.722554732676027e-06,4.976062876289871,1.3121546219804139,0.0
128,6688,7.25249426002193,4.534139537981513e-06,9.11189974842454e-07,5.894362478331127e-06,5.483323704565627e-07,1.7337242752546445e-11,3.000710627923258e-13,2.3624662125970063e-06,5.140859721966834e-07,7.66599486844888e-06,4.976062884031329,1.3121546246585596,0.0
128,6692,7.256831876206154,4.500993360421162e-06,9.045288510626628e-07,5.8512350537559955e-06,5.443203737332692e-07,1.7109869077103212e-11,2.9613570459177074e-13,2.3451774521884665e-06,5.103238404229852e-07,7.609850156717989e-06,4.976062891713674,1.3121546273165066,0.0
128,6696,7.261169492390377,4.468089913892912e-06,8.979165070085906e-07,5.808423794403108e-06,5.403377887786626e-07,1.6854073692229576e-11,2.9170842661614625e-13,2.3280154643611026e-06,5.065892950779496e-07,7.554117543870577e-06,4.976062899337362,1.312154629954408,0.0
128,6700,7.265507108574601,4.435427416988003e-06,8.913525846846815e-07,5.765926376760603e-06,5.363843994443855e-07,1.6569856597925536e-11,2.867892288654524e-13,2.310979317184743e-06,5.028821333683152e-07,7.498793994746059e-06,4.976062906902845,1.3121546325724154,0.0
128,6704,7.2698447247588245,4.40300410154715e-06,8.848367287580216e-07,5.723740494631937e-06,5.324599911928655e-07,1.6370904631912708e-11,2.833457904399667e-13,2.2940680856770795e-06,4.992021540127148e-07,7.443876501768754e-06,4.976062914410571,1.3121546351706794,0.0
128,6708,7.274182340943048,4.370818212178566e-06,8.783685864614794e-07,5.681863858497474e-06,5.285643510379258e-07,1.6086687537608668e-11,2.784265926892728e-13,2.2772808515467596e-06,4.95549157185771e-07,7.389362072635398e-06,4.9760629218609855,1.3121546377493496,0.0
128,6712,7.278519957127272,4.338868006659422e-06,8.719478076743846e-07,5.640294196039051e-06,5.246972675935836e-07,1.5859313862165436e-11,2.7449123448871773e-13,2.260616703403873e-06,4.91922944563899e-07,7.33524774107303e-06,4.976062929254529,1.3121546403085742,0.0
128,6716,7.282857573311495,4.307151755524562e-06,8.655740448398742e-07,5.599029251622117e-06,5.208585310258756e-07,1.5660361896152608e-11,2.71047796063232e-13,2.24407473655384e-06,4.883233192804558e-07,7.281530566031069e-06,4.9760629365916405,1.3121546428484998,0.0
128,6720,7.287195189495719,4.275667741943985e-06,8.592469529402729e-07,5.55806678610732e-06,5.170479330353303e-07,1.5404566511278972e-11,2.6662051808760753e-13,2.2276540529193785e-06,4.847500859087596e-07,7.228207620912699e-06,4.976062943872755,1.3121546453692727,0.0
128,6724,7.291532805679942,4.244414261809695e-06,8.529661895145447e-07,5.517404576984567e-06,5.132652668694394e-07,1.5148771126405336e-11,2.6219324011198305e-13,2.211353761096064e-06,4.812030504741802e-07,7.1752760075222005e-06,4.976062951098302,1.3121546478710377,0.0
128,6728,7.295870421864167,4.213389623497834e-06,8.467314146104917e-07,5.4770404180454e-06,5.095103272921799e-07,1.4978240869822912e-11,2.5924172146156676e-13,2.195172976219427e-06,4.776820204252182e-07,7.122732842083043e-06,4.976062958268712,1.3121546503539385,0.0
128,6732,7.30020803804839,4.182592147865416e-06,8.405422907840982e-07,5.436972119392522e-06,5.057829105849002e-07,1.4722445484949276e-11,2.5481444348594227e-13,2.1791108199699603e-06,4.741868046345953e-07,7.070575270482017e-06,4.976062965384408,1.312154652818118,0.0
128,6736,7.304545654232614,4.152020168109664e-06,8.343984830712618e-07,5.397197507248893e-06,5.020828145285611e-07,1.4495071809506044e-11,2.5087908528538715e-13,2.1631664204959133e-06,4.707172133824533e-07,7.018800454619798e-06,4.976062972445811,1.3121546552637173,0.0
128,6740,7.308883270416837,4.1216720296223565e-06,8.282996589585227e-07,5.357714423769169e-06,4.984098383861945e-07,1.432454155292362e-11,2.4792756663497086e-13,2.1473389123377814e-06,4.6727305833992264e-07,6.967405576633546e-06,4.9760629794533395,1.3121546576908776,0.0
128,6744,7.313220886601061,4.09154609019558e-06,8.222454884244129e-07,5.318520727310192e-06,4.947637829280662e-07,1.4125589586910792e-11,2.4448412820948515e-13,2.1316274365369783e-06,4.638541525927706e-07,6.9163878400138874e-06,4.976062986407408,1.312154660099738,0.0
128,6748,7.3175585027852845,4.061640719387414e-06,8.162356438119822e-07,5.279614291592323e-06,4.911444503536577e-07,1.3869794202037156e-11,2.4005685023386067e-13,2.1160311402984877e-06,4.604603105679917e-07,6.865744470442771e-06,4.976062993308429,1.312154662490437,0.0
128,6752,7.321896118969508,4.031954298991562e-06,8.102697999231767e-07,5.240993006328794e-06,4.875516443502125e-07,1.3670842236024328e-11,2.3661341180837496e-13,2.100549177244729e-06,4.570913480890509e-07,6.8154727162474555e-06,4.976063000156809,1.3121546648631117,0.0
128,6756,7.326233735153732,4.002485222548173e-06,8.043476339205318e-07,5.20265477657017e-06,4.839851700317537e-07,1.3500311979441904e-11,2.336618931579586e-13,2.085180707151129e-06,4.5374708231834214e-07,6.765569837701208e-06,4.976063006952955,1.3121546672178988,0.0
128,6760,7.330571351337955,3.973231895626023e-06,7.98468825383881e-07,5.16459752308438e-06,4.804448339744372e-07,1.3301360013429075e-11,2.302184547324729e-13,2.0699248960995755e-06,4.5042733179058106e-07,6.716033126522298e-06,4.976063013697268,1.312154669554933,0.0
128,6764,7.334908967522179,3.944192735220315e-06,7.926330561893355e-07,5.126819181560691e-06,4.769304441424995e-07,1.3102408047416247e-11,2.267750163069872e-13,2.0547809161582287e-06,4.471319163431296e-07,6.666859884850427e-06,4.976063020390147,1.3121546718743489,0.0
128,6768,7.3392465837064025,3.915366170206915e-06,7.868400106005692e-07,5.0893177032121225e-06,4.73441809944299e-07,1.290345608140342e-11,2.233315778815015e-13,2.0397479456240082e-06,4.4386065716876306e-07,6.6180474409205174e-06,4.976063027031988,1.31215467417628,0.0
128,6772,7.343584199890627,3.886750640938296e-06,7.810893751876186e-07,5.052091054244619e-06,4.699787421829344e-07,1.2732925824820995e-11,2.203800592310852e-13,2.024825168809346e-06,4.406133767692662e-07,6.56959313938224e-06,4.976063033623184,1.312154676460858,0.0
128,6776,7.34792181607485,3.858344599291078e-06,7.753808388364359e-07,5.015137215909373e-06,4.6654105306111253e-07,1.2533973858808167e-11,2.1693662080559948e-13,2.010011776062345e-06,4.373898989598199e-07,6.5214943441163e-06,4.9760630401641235,1.3121546787282141,0.0
128,6780,7.352259432259074,3.830146508458583e-06,7.697140927072014e-07,4.9784541842472156e-06,4.631285561573695e-07,1.2363443602225743e-11,2.1398510215518317e-13,1.9953069636655465e-06,4.341900488469719e-07,6.473748443806485e-06,4.976063046655194,1.3121546809784788,0.0
128,6784,7.356597048443297,3.8021548428952584e-06,7.640888302231537e-07,4.942039970002158e-06,4.597410664180281e-07,1.2136069926782511e-11,2.1004974395462807e-13,1.980709933800044e-06,4.3101365282082867e-07,6.426352837534132e-06,4.976063053096779,1.3121546832117812,0.0
128,6788,7.360934664627521,3.774368088417913e-06,7.585047470909356e-07,4.905892598758653e-06,4.5637840016996656e-07,1.1965539670200087e-11,2.0709822530421176e-13,1.9662198946009935e-06,4.278605385671339e-07,6.379304952833134e-06,4.97606305948926,1.3121546854282495,0.0
128,6792,7.365272280811745,3.746784741872954e-06,7.529615412337201e-07,4.8700101105111585e-06,4.5304037508057657e-07,1.1851852832478471e-11,2.0513054620393422e-13,1.951836059985277e-06,4.247305350297676e-07,6.332602228277227e-06,4.976063065833013,1.3121546876280112,0.0
128,6796,7.369609896995968,3.7194033111678436e-06,7.474589127975323e-07,4.834390559705656e-06,4.497268101616256e-07,1.1624479157035239e-11,2.0119518800337913e-13,1.9375576496681975e-06,4.2162347241437893e-07,6.286242127491947e-06,4.9760630721284125,1.3121546898111924,0.0
128,6800,7.373947513180192,3.6922223152522423e-06,7.419965641474608e-07,4.79903201520181e-06,4.464375257657366e-07,1.1482370609883219e-11,1.9873558912803217e-13,1.9233838891471592e-06,4.185391821848349e-07,6.240222128891428e-06,4.976063078375832,1.3121546919779183,0.0
128,6804,7.378285129364415,3.665240283956072e-06,7.36574199835113e-07,4.763932560068985e-06,4.431723435674126e-07,1.1311840353300795e-11,1.9578407047761586e-13,1.9093140096204787e-06,4.15477497045553e-07,6.194539731820983e-06,4.97606308457564,1.3121546941283135,0.0
128,6808,7.382622745548639,3.6384557577992212e-06,7.311915265603746e-07,4.729090291345102e-06,4.3993108654060344e-07,1.1112888387287967e-11,1.9234063205213015e-13,1.895347247891274e-06,4.124382509205874e-07,6.1491924524429615e-06,4.976063090728202,1.3121546962625013,0.0
128,6812,7.3869603617328625,3.6118672881162053e-06,7.258482531964604e-07,4.694503320189154e-06,4.3671357897289384e-07,1.0942358130705543e-11,1.8938911340171384e-13,1.8814828464277632e-06,4.0942127896674983e-07,6.104177826914289e-06,4.97606309683388,1.3121546983806045,0.0
128,6816,7.391297977917087,3.5854734369311264e-06,7.205440907647869e-07,4.660169771711876e-06,4.3351964644975154e-07,1.0828671292983927e-11,1.874214343014363e-13,1.8677200532948163e-06,4.0642641755871505e-07,6.059493407775037e-06,4.976063102893038,1.3121547004827445,0.0
128,6820,7.39563559410131,3.5592727768663816e-06,7.152787524166251e-07,4.62608778488398e-06,4.3034911584599057e-07,1.0686562745831907e-11,1.8496183542608935e-13,1.8540581221195014e-06,4.0345350428152356e-07,6.015136765725031e-06,4.97606310890603,1.312154702569042,0.0
128,6824,7.399973210285534,3.5332638908761906e-06,7.100519533795508e-07,4.592255512150434e-06,4.272018152898886e-07,1.0516032489249483e-11,1.8201031677567304e-13,1.8404963119330865e-06,4.005023778962002e-07,5.9711054929488085e-06,4.976063114873213,1.3121547046396167,0.0
128,6828,7.404310826469757,3.5074453725171538e-06,7.048634110118155e-07,4.558671119812312e-06,4.240775741987096e-07,1.0345502232667059e-11,1.7905879812525672e-13,1.827033887326693e-06,3.9757287837362527e-07,5.927397193775939e-06,4.9760631207949375,1.3121547066945871,0.0
128,6832,7.408648442653981,3.481815825631742e-06,6.99712844738741e-07,4.525332787604159e-06,4.209762232393874e-07,1.014655026665423e-11,1.7561535969977102e-13,1.813670118280936e-06,3.946648468574633e-07,5.8840094940768655e-06,4.976063126671555,1.3121547087340715,0.0
128,6836,7.412986058838205,3.4563738642965756e-06,6.945999760423238e-07,4.4922387086175465e-06,4.178975943214143e-07,1.0089706847793423e-11,1.7463152014963224e-13,1.8004042801344883e-06,3.9177812565732235e-07,5.840940035552807e-06,4.976063132503409,1.3121547107581868,0.0
128,6840,7.417323675022429,3.4311181127497225e-06,6.895245284466265e-07,4.459387089223299e-06,4.1484152058960596e-07,9.919176591210999e-12,1.7168000149921592e-13,1.7872356535543588e-06,3.8891255824228654e-07,5.798186479415266e-06,4.976063138290846,1.3121547127670496,0.0
128,6844,7.421661291206652,3.4060472054421217e-06,6.844862275281108e-07,4.4267761491165495e-06,4.118078364282929e-07,9.748646334628575e-12,1.687284828487996e-13,1.774163524552064e-06,3.8606798924443505e-07,5.755746501317918e-06,4.976063144034207,1.3121547147607746,0.0
128,6848,7.425998907390875,3.3811597867650647e-06,6.794848008608723e-07,4.394404120986608e-06,4.087963774306096e-07,9.606537787476555e-12,1.6626888397345268e-13,1.761187184353398e-06,3.8324426443050306e-07,5.7136177957637595e-06,4.976063149733829,1.3121547167394763,0.0
128,6852,7.430336523575099,3.3564545111418655e-06,6.745199780350623e-07,4.362269250611659e-06,4.0580698040730353e-07,9.492850949754938e-12,1.6430120487317512e-13,1.7483059294342758e-06,3.804412307096818e-07,5.671798075242535e-06,4.976063155390049,1.3121547187032683,0.0
128,6856,7.434674139759323,3.3319300428508414e-06,6.695914906213134e-07,4.330369796648874e-06,4.0283948336721033e-07,9.29389898374211e-12,1.608577664476894e-13,1.7355190614383526e-06,3.7765873611569197e-07,5.630285064429867e-06,4.9760631610032,1.3121547206522632,0.0
128,6860,7.439011755943547,3.3075850560075745e-06,6.646990721671757e-07,4.298704030590615e-06,3.998937255131796e-07,9.208633855450898e-12,1.5938200712248127e-13,1.7228258871576858e-06,3.7489662980257547e-07,5.589076511055183e-06,4.9760631665736135,1.3121547225865728,0.0
128,6864,7.44334937212777,3.2834182344746434e-06,6.598424581789753e-07,4.26727023665842e-06,3.9696954723221237e-07,9.038103598868474e-12,1.5643048847206493e-13,1.7102257184912159e-06,3.7215476203566096e-07,5.548170176578235e-06,4.976063172101617,1.3121547245063085,0.0
128,6868,7.447686988311994,3.259428271775304e-06,6.550213861044679e-07,4.236066711691907e-06,3.940667900851269e-07,8.895995051716454e-12,1.53970889596718e-13,1.6977178724003434e-06,3.694329841818968e-07,5.507563837478011e-06,4.9760631775875375,1.31215472641158,0.0
128,6872,7.452024604496217,3.2356138711117893e-06,6.502355953365163e-07,4.205091765165719e-06,3.91185296808134e-07,8.810729923425242e-12,1.5249513027150986e-13,1.6853016709151229e-06,3.667311487111991e-07,5.4672552889761375e-06,4.976063183031696,1.3121547283024966,0.0
128,6876,7.456362220680441,3.211973744979339e-06,6.454848271355251e-07,4.1743437186920195e-06,3.8832491126655703e-07,8.697043085703626e-12,1.505274511712323e-13,1.6729764409352347e-06,3.6404910915314195e-07,5.4272423410541005e-06,4.9760631884344155,1.3121547301791667,0.0
128,6880,7.460699836864665,3.188506615733484e-06,6.407688247434429e-07,4.143820906750115e-06,3.854854785227053e-07,8.498091119690798e-12,1.470840127457466e-13,1.6607415145217376e-06,3.6138672016044466e-07,5.3875228207712005e-06,4.976063193796013,1.3121547320416984,0.0
128,6884,7.465037453048889,3.1652112148970625e-06,6.360873332444995e-07,4.113521675797927e-06,3.826668447532178e-07,8.384404281969182e-12,1.4511633364546905e-13,1.648596228542016e-06,3.5874383743170997e-07,5.348094571351624e-06,4.976063199116803,1.3121547338901978,0.0
128,6888,7.469375069233112,3.142086283278393e-06,6.314400995889535e-07,4.08344438441331e-06,3.7986885726220943e-07,8.29913915367797e-12,1.4364057432026088e-13,1.6365399247253534e-06,3.5612031772351725e-07,5.308955451057561e-06,4.9760632043971,1.3121547357247714,0.0
128,6892,7.473712685417335,3.1191305708728595e-06,6.268268725733156e-07,4.053587403162149e-06,3.770913644690004e-07,8.15703060652595e-12,1.4118097544491396e-13,1.6245719496097249e-06,3.5351601883884443e-07,5.2701033331988205e-06,4.976063209637215,1.3121547375455243,0.0
128,6896,7.478050301601559,3.096342837035693e-06,6.222474028750698e-07,4.023949114837537e-06,3.743342159303664e-07,8.071765478234738e-12,1.397052161197058e-13,1.6126916546389197e-06,3.509307996482022e-07,5.2315361110867625e-06,4.976063214837456,1.312154739352561,0.0
128,6900,7.482387917785783,3.073721850148934e-06,6.177014429857468e-07,3.994527914018092e-06,3.7159726229945017e-07,7.986500349943526e-12,1.3822945679449764e-13,1.6008983959847573e-06,3.4836452005094714e-07,5.193251687773447e-06,4.976063219998129,1.312154741145985,0.0
128,6904,7.486725533970007,3.0512663877929067e-06,6.131887472453831e-07,3.965322207291388e-06,3.688803553465465e-07,7.815970093361102e-12,1.352779381440813e-13,1.589191534636685e-06,3.458170409947791e-07,5.155247985812377e-06,4.976063225119538,1.312154742925899,0.0
128,6908,7.49106315015423,3.0289752363212238e-06,6.08709071757113e-07,3.936330412691671e-06,3.661833479067947e-07,7.673861546209082e-12,1.3281833926873438e-13,1.5775704361755637e-06,3.4328822442651525e-07,5.117522940493943e-06,4.976063230201984,1.3121547446924051,0.0
128,6912,7.495400766338454,3.0068471911105576e-06,6.042621744373636e-07,3.9075509600366186e-06,3.635060939115068e-07,7.617018127348274e-12,1.318344997185956e-13,1.566034470909691e-06,3.407779333216896e-07,5.080074503676528e-06,4.976063235245765,1.312154746445605,0.0
128,6916,7.499738382522677,2.984881056382966e-06,5.998478149801488e-07,3.878982290697322e-06,3.60848448366769e-07,7.44648787076585e-12,1.2888298106817928e-13,1.554583013782685e-06,3.382860316645082e-07,5.042900645055712e-06,4.976063240251179,1.3121547481855989,0.0
128,6920,7.5040759987069015,2.9630756452447236e-06,5.954657548648729e-07,3.850622857632298e-06,3.5821026735660626e-07,7.361222742474638e-12,1.2740722174297114e-13,1.5432154443856973e-06,3.3581238445050655e-07,5.005999340504078e-06,4.97606324521852,1.3121547499124862,0.0
128,6924,7.508413614891125,2.941429779264879e-06,5.911157572716365e-07,3.8224711248606584e-06,3.5559140799397283e-07,7.247535904753022e-12,1.2543954264269358e-13,1.5319311467480781e-06,3.333568576409971e-07,4.969368592347142e-06,4.97606325014808,1.3121547516263663,0.0
128,6928,7.512751231075349,2.9199422889367247e-06,5.867975871739745e-07,3.794525568042305e-06,3.5299172847472566e-07,7.16227077646181e-12,1.2396378331748543e-13,1.5207295095682125e-06,3.309193182133007e-07,4.933006409963657e-06,4.976063255040148,1.3121547533273374,0.0
128,6932,7.517088847259572,2.8986120132713677e-06,5.825110112571796e-07,3.7667846739592287e-06,3.5041108802937177e-07,7.048583938740194e-12,1.2199610421720787e-13,1.5096099260064594e-06,3.2849963411568893e-07,4.896910818514331e-06,4.976063259895012,1.312154755015497,0.0
128,6936,7.521426463443795,2.8774377997190693e-06,5.782557979024939e-07,3.7392469404066065e-06,3.4784934691293713e-07,6.934897101018578e-12,1.2002842511693033e-13,1.4985717936409312e-06,3.2609767425776136e-07,4.861079860428275e-06,4.976063264712958,1.3121547566909415,0.0
128,6940,7.525764079628019,2.8564185042640054e-06,5.740317172061526e-07,3.7119108763245403e-06,3.4530636641722187e-07,6.849631972727366e-12,1.1855266579172216e-13,1.4876145145210325e-06,3.2371330852209593e-07,4.825511589741204e-06,4.9760632694942695,1.3121547583537676,0.0
128,6944,7.530101695812243,2.8355529913878977e-06,5.69838540972075e-07,3.6847750017427963e-06,3.4278200886565977e-07,6.792788553866558e-12,1.1756882624158338e-13,1.476737495144621e-06,3.213464077592792e-07,4.790204075392653e-06,4.976063274239225,1.31215476000407,0.0
128,6948,7.534439311996467,2.8148401337680174e-06,5.656760426511751e-07,3.657837847390094e-06,3.4027613757697146e-07,6.650680006714538e-12,1.1510922736623646e-13,1.4659401463015748e-06,3.189968437538654e-07,4.75515540266507e-06,4.976063278948106,1.3121547616419436,0.0
128,6952,7.53877692818069,2.7942788124646936e-06,5.615439973790431e-07,3.631097954934933e-06,3.3778861688756804e-07,6.536993168992922e-12,1.1314154826595891e-13,1.4552218831700602e-06,3.166644892453252e-07,4.720363669386503e-06,4.976063283621188,1.3121547632674821,0.0
128,6956,7.543114544364914,2.773867916643961e-06,5.574421819202085e-07,3.604553876632076e-06,3.353193121186643e-07,6.45172804070171e-12,1.1166578894075075e-13,1.4445821251754533e-06,3.1434921789734593e-07,4.685826986155181e-06,4.976063288258743,1.312154764880779,0.0
128,6960,7.547452160549137,2.753606343760997e-06,5.533703747050041e-07,3.5782041755493613e-06,3.3286808959737855e-07,6.394884621840902e-12,1.1068194939061198e-13,1.4340202960802361e-06,3.120509043173937e-07,4.651543477773694e-06,4.976063292861048,1.3121547664819264,0.0
128,6964,7.5517897767333615,2.7334929993096497e-06,5.493283557792303e-07,3.5520474252487283e-06,3.304348166270594e-07,6.281197784119286e-12,1.0871427029033444e-13,1.4235358238567266e-06,3.0976942402901874e-07,4.617511286437717e-06,4.97606329742837,1.312154768071016,0.0
128,6968,7.556127392917585,2.7135267968546352e-06,5.453159068106256e-07,3.5260822098300992e-06,3.2801936149136795e-07,6.139089236967266e-12,1.062546714149875e-13,1.4131281407048433e-06,3.075046534757208e-07,4.583728564049763e-06,4.976063301960978,1.3121547696481388,0.0
128,6972,7.560465009101809,2.6937066578887824e-06,5.413328110601782e-07,3.500307123741286e-06,3.256215934365939e-07,6.110667527536862e-12,1.0576275163991812e-13,1.402796682975522e-06,3.0525647000428464e-07,4.550193478079232e-06,4.976063306459138,1.3121547712133856,0.0
128,6976,7.564802625286032,2.674031511900294e-06,5.373788533956435e-07,3.474720771859634e-06,3.2324138267925103e-07,6.0254023992456496e-12,1.0428699231470996e-13,1.392540891202941e-06,3.0302475187179193e-07,4.516904207583131e-06,4.976063310923114,1.3121547727668457,0.0
128,6980,7.569140241470256,2.654500296166073e-06,5.334538202500094e-07,3.4493217692319585e-06,3.208786003818839e-07,5.8832938520936295e-12,1.0182739343936303e-13,1.3823602100010308e-06,3.008093782231017e-07,4.483858946990401e-06,4.976063315353167,1.312154774308608,0.0
128,6984,7.5734778576544795,2.635111955879473e-06,5.295574996471704e-07,3.424108741235256e-06,3.185331186680186e-07,5.7980287238024175e-12,1.0035163411415487e-13,1.3722540881274224e-06,2.986102291047653e-07,4.451055905863164e-06,4.976063319749557,1.3121547758387608,0.0
128,6988,7.577815473838703,2.615865443809047e-06,5.256896811333486e-07,3.399080323141307e-06,3.16204810581659e-07,5.7411853049416095e-12,9.936779456401609e-14,1.3622219783096544e-06,2.964271854272086e-07,4.418493300667881e-06,4.976063324112545,1.312154777357392,0.0
128,6992,7.582153090022927,2.5967597205834705e-06,5.218501558343522e-07,3.37423516047395e-06,3.138935501205229e-07,5.6274984672199935e-12,9.740011546373854e-14,1.35226333738723e-06,2.942601289956441e-07,4.386169368222332e-06,4.9760633284423825,1.3121547788645886,0.0
128,6996,7.58649070620715,2.577793754414583e-06,5.180387163999177e-07,3.349571908651749e-06,3.115992122028006e-07,5.5706550483591855e-12,9.641627591359977e-14,1.3423776261686347e-06,2.921089424789571e-07,4.354082352267016e-06,4.976063332739327,1.312154780360437,0.0
128,7000,7.590828322391374,2.5589665210271165e-06,5.142551569895878e-07,3.32508923290025e-06,3.0932167265899237e-07,5.5138116294983774e-12,9.5432436363461e-14,1.3325643093964815e-06,2.8997350940212145e-07,4.322230513141882e-06,4.976063337003628,1.3121547818450228,0.0
128,7004,7.595165938575597,2.5402770037414784e-06,5.104992732893479e-07,3.300785808358898e-06,3.0706080824185445e-07,5.3717030823463574e-12,9.297283748811407e-14,1.3228228557903002e-06,2.8785371415551027e-07,4.290612123686533e-06,4.976063341235536,1.3121547833184306,0.0
128,7008,7.5995035547598215,2.5217241933325328e-06,5.06770862483246e-07,3.276660319894766e-06,3.0481649660907116e-07,5.314859663485549e-12,9.19889979379753e-14,1.313152737971649e-06,2.857494419786003e-07,4.259225468531352e-06,4.9760633454353,1.3121547847807453,0.0
128,7012,7.603841170944045,2.5033070880725646e-06,5.030697232620275e-07,3.2527114621594257e-06,3.0258861632854515e-07,5.286437954055145e-12,9.149707816290591e-14,1.3035534324869977e-06,2.83660578964951e-07,4.228068846192198e-06,4.976063349603166,1.3121547862320504,0.0
128,7016,7.608178787128269,2.485024693369017e-06,4.993956557503334e-07,3.2289379391207193e-06,3.0037704683484e-07,5.144329406903125e-12,8.903747928755897e-14,1.2940244196202936e-06,2.8158701202141827e-07,4.197140563844146e-06,4.976063353739377,1.3121547876724289,0.0
128,7020,7.612516403312492,2.466876022124096e-06,4.95748461578968e-07,3.205338464516582e-06,2.981816684713974e-07,5.087485988042317e-12,8.80536397374202e-14,1.2845651835736731e-06,2.7952862890747766e-07,4.1664389474277715e-06,4.976063357844177,1.3121547891019636,0.0
128,7024,7.616854019496716,2.4488600944617603e-06,4.921279438300337e-07,3.1819117615193415e-06,2.9600236245930843e-07,5.059064278611913e-12,8.756171996235081e-14,1.2751752123345748e-06,2.774853182063082e-07,4.13596233074687e-06,4.976063361917806,1.312154790520736,0.0
128,7028,7.6211916356809395,2.430975937636413e-06,4.885339070185814e-07,3.15865656259934e-06,2.9383901088462654e-07,4.973799150320701e-12,8.608596063714265e-14,1.2658539976195499e-06,2.7545696931256466e-07,4.105709059915768e-06,4.976063365960502,1.312154791928828,0.0
128,7032,7.625529251865163,2.4132225860598573e-06,4.849661570980281e-07,3.1355716095706075e-06,2.916914967026166e-07,4.888534022029489e-12,8.46102013119345e-14,1.2566010348934892e-06,2.734434724365617e-07,4.075677496585385e-06,4.976063369972502,1.3121547933263193,0.0
128,7036,7.629866868049387,2.395599081365882e-06,4.814245014731358e-07,3.112655653668818e-06,2.895597037450067e-07,4.831690603168681e-12,8.362636176179572e-14,1.2474158234003442e-06,2.7144471861095895e-07,4.045866009762596e-06,4.976063373954041,1.3121547947132903,0.0
128,7040,7.63420448423361,2.378104472060343e-06,4.779087489296907e-07,3.089907455102087e-06,2.8744351667820047e-07,4.746425474877469e-12,8.215060243658756e-14,1.2382978659835847e-06,2.6946059965169135e-07,4.016272984833617e-06,4.976063377905352,1.3121547960898206,0.0
128,7044,7.638542100417834,2.360737813640458e-06,4.744187096584784e-07,3.0673257831942237e-06,2.853428210166034e-07,4.661160346586257e-12,8.06748431113794e-14,1.2292466691425853e-06,2.6749100817023957e-07,3.9868968158123375e-06,4.976063381826668,1.3121547974559888,0.0
128,7048,7.6428797166020574,2.3434981686976415e-06,4.709541952759477e-07,3.044909416532381e-06,2.8325750313635796e-07,4.604316927725449e-12,7.969100356124063e-14,1.2202617430930167e-06,2.6553583758677114e-07,3.957735910766474e-06,4.9760633857182155,1.312154798811873,0.0
128,7052,7.647217332786282,2.32638460658612e-06,4.6751501875761674e-07,3.022657142525803e-06,2.811874502342957e-07,4.519051799434237e-12,7.821524423603246e-14,1.2113426015890835e-06,2.635949820914585e-07,3.928788687364118e-06,4.976063389580225,1.312154800157551,0.0
128,7056,7.651554948970505,2.309396203500484e-06,4.641009944536569e-07,3.000567757505661e-06,2.791325503372247e-07,4.462208380573429e-12,7.72314046858937e-14,1.2024887619634546e-06,2.616683366531682e-07,3.900053578387916e-06,4.976063393412921,1.3121548014930995,0.0
128,7060,7.655892565154729,2.292532042385011e-06,4.6071193807067054e-07,2.978640066613949e-06,2.7709269229159334e-07,4.433786671143025e-12,7.67394849108243e-14,1.19369974508332e-06,2.597557970098985e-07,3.8715290258938695e-06,4.976063397216528,1.3121548028185956,0.0
128,7064,7.660230181338952,2.2757912130763186e-06,4.5734766670035893e-07,2.9568728839862276e-06,2.75067765780491e-07,4.348521542851813e-12,7.526372558561615e-14,1.1849750754233991e-06,2.5785725968466633e-07,3.843213479769378e-06,4.976063400991269,1.3121548041341147,0.0
128,7068,7.664567797523176,2.2591728119082125e-06,4.540079987401114e-07,2.9352650322389517e-06,2.730576612759557e-07,4.263256414560601e-12,7.378796626040799e-14,1.1763142808605514e-06,2.559726219408135e-07,3.815105409336268e-06,4.976063404737364,1.312154805439732,0.0
128,7072,7.6689054137073995,2.2426759418901507e-06,4.506927539288702e-07,2.9138153426880244e-06,2.71062270059305e-07,4.206412995699793e-12,7.280412671026921e-14,1.1677168927602067e-06,2.541017818008145e-07,3.7872032891724795e-06,4.976063408455034,1.3121548067355226,0.0
128,7076,7.673243029891623,2.22629971278946e-06,4.474017533636526e-07,2.8925226554754324e-06,2.6908148423291713e-07,4.149569576838985e-12,7.182028716013044e-14,1.1591824460288338e-06,2.5224463805769377e-07,3.7595056071355785e-06,4.976063412144494,1.3121548080215601,0.0
128,7080,7.677580646075847,2.2100432406746526e-06,4.441348194077751e-07,2.871385818962103e-06,2.671151966637501e-07,4.121147867408581e-12,7.132836738506105e-14,1.1507104788694297e-06,2.504010902218189e-07,3.7320108615783845e-06,4.976063415805961,1.3121548092979185,0.0
128,7084,7.68191826226007,2.1939056482891254e-06,4.4089177576595274e-07,2.850403690215043e-06,2.6516330102865887e-07,4.035882739117369e-12,6.98526080598529e-14,1.142300532976882e-06,2.4857103856341266e-07,3.70471756213564e-06,4.976063419439649,1.3121548105646708,0.0
128,7088,7.686255878444294,2.1778860646009498e-06,4.3767244739382385e-07,2.8295751344311196e-06,2.632256917607913e-07,3.979039320256561e-12,6.886876850971413e-14,1.1339521533078033e-06,2.467543840624675e-07,3.6776242292962365e-06,4.976063423045772,1.3121548118218893,0.0
128,7092,7.6905934946285175,2.161983625239326e-06,4.344766605856609e-07,2.8088990254845825e-06,2.6130226410052243e-07,3.893774191965349e-12,6.739300918450597e-14,1.1256648882982572e-06,2.449510284561239e-07,3.650729396442786e-06,4.976063426624537,1.312154813069646,0.0
128,7096,7.694931110812742,2.1461974719738593e-06,4.313042428697245e-07,2.788374245275298e-06,2.5939291403482314e-07,3.836930773104541e-12,6.640916963436719e-14,1.1174382896047129e-06,2.4316087418230103e-07,3.624031603639946e-06,4.976063430176156,1.3121548143080126,0.0
128,7100,7.699268726996965,2.1305267529567557e-06,4.281550230569363e-07,2.767999684018405e-06,2.5749753832420555e-07,3.808509063674137e-12,6.59172498592978e-14,1.1092719122179533e-06,2.4138382440448334e-07,3.5975294053641544e-06,4.976063433700836,1.3121548155370595,0.0
128,7104,7.703606343181189,2.114970622574197e-06,4.250288312110101e-07,2.7477742400685787e-06,2.5561603448637497e-07,3.751665644813329e-12,6.493341030915903e-14,1.1011653143941571e-06,2.3961978299672387e-07,3.5712213650068907e-06,4.976063437198782,1.312154816756857,0.0
128,7108,7.707943959365412,2.099528241538436e-06,4.219254986669599e-07,2.727696820022716e-06,2.537483008057824e-07,3.637978807091713e-12,6.296573120888148e-14,1.0931180576945788e-06,2.3786865455227884e-07,3.5451060574501734e-06,4.9760634406702,1.3121548179674754,0.0
128,7112,7.712281575549636,2.0841987765825995e-06,4.1884485796976707e-07,2.7077663383489134e-06,2.518942362991097e-07,3.609557097661309e-12,6.247381143381209e-14,1.0851297068390678e-06,2.3613034435173243e-07,3.5191820666274626e-06,4.976063444115292,1.3121548191689834,0.0
128,7116,7.71661919173386,2.068981400515274e-06,4.1578674288534973e-07,2.6879817174318064e-06,2.500537407194871e-07,3.581135388230905e-12,6.198189165874272e-14,1.0771998297220271e-06,2.3440475836646971e-07,3.4934479896403677e-06,4.976063447534258,1.31215482036145,0.0
128,7120,7.720956807918084,2.0538752922823767e-06,4.1275098841299645e-07,2.6683418876651974e-06,2.482267145651103e-07,3.524291969370097e-12,6.099805210860393e-14,1.0693279974505916e-06,2.3269180326698423e-07,3.4679024295640813e-06,4.9760634509273,1.3121548215449435,0.0
128,7124,7.725294424102307,2.038879636995438e-06,4.0973743079105027e-07,2.6488457874834107e-06,2.464130590821573e-07,3.495870259939693e-12,6.050613233353454e-14,1.0615137843567264e-06,2.3099138642551087e-07,3.4425440039020818e-06,4.976063454294614,1.3121548227195312,0.0
128,7128,7.72963204028653,2.023993625486283e-06,4.067459074074162e-07,2.629492362780737e-06,2.4461267621078117e-07,3.382183422218077e-12,5.853845323325701e-14,1.0537567677644002e-06,2.293034158653613e-07,3.41737133975838e-06,4.976063457636399,1.3121548238852807,0.0
128,7132,7.733969656470754,2.009216454761944e-06,4.037762568909817e-07,2.610280567513813e-06,2.428254686411474e-07,3.353761712787673e-12,5.804653345818762e-14,1.0460565282319673e-06,2.2762780031366776e-07,3.3923830702182454e-06,4.976063460952847,1.3121548250422586,0.0
128,7136,7.7383072726549775,1.99454732752542e-06,4.008283190153071e-07,2.591209363067571e-06,2.410513397544505e-07,3.296918293926865e-12,5.706269390804884e-14,1.038412649297088e-06,2.2596444914587626e-07,3.36757784453434e-06,4.976063464244154,1.312154826190531,0.0
128,7140,7.742644888839202,1.9799854525416143e-06,3.979019347721659e-07,2.572277718734565e-06,2.3929019366750387e-07,3.268496584496461e-12,5.6570774132979455e-14,1.0308247176691534e-06,2.2431327242761938e-07,3.3429543181272084e-06,4.976063467510511,1.312154827330163,0.0
128,7144,7.746982505023425,1.9655300441676924e-06,3.949969462771636e-07,2.5534846110942235e-06,2.3754193517499404e-07,3.240074875066057e-12,5.607885435791007e-14,1.0232923229796051e-06,2.226741808603843e-07,3.3185111566378996e-06,4.976063470752109,1.3121548284612206,0.0
128,7148,7.751320121207649,1.951180322670216e-06,3.9211319683347034e-07,2.5348290244462213e-06,2.3580646978979548e-07,3.154809746774845e-12,5.4603095032701914e-14,1.0158150579574587e-06,2.2104708581970777e-07,3.2942470352206934e-06,4.976063473969138,1.3121548295837682,0.0
128,7152,7.755657737391872,1.9369355139507305e-06,3.892505308766741e-07,2.5163099504339077e-06,2.3408370370793966e-07,3.126388037344441e-12,5.4111175257632523e-14,1.0083925182766544e-06,2.1943189932195884e-07,3.270160642362165e-06,4.976063477161783,1.3121548306978699,0.0
128,7156,7.759995353576096,1.9227948498028118e-06,3.864087940264373e-07,2.4979263883876373e-06,2.3237354384055383e-07,3.069544618483633e-12,5.312733570749375e-14,1.0010243026944597e-06,2.178285340544559e-07,3.2462506709717617e-06,4.976063480330232,1.3121548318035892,0.0
128,7160,7.76433296976032,1.9087575674224723e-06,3.8358783298810716e-07,2.4796773446815686e-06,2.3067589775402623e-07,3.0411229090532288e-12,5.2635415932424366e-14,9.937100127930926e-07,2.1623690331924245e-07,3.222515825759308e-06,4.97606348347467,1.3121548329009896,0.0
128,7164,7.768670585944544,1.8948229096361118e-06,3.807874955985251e-07,2.461561833041939e-06,2.2899067369868378e-07,2.9842794901924208e-12,5.165157638228559e-14,9.86449253104307e-07,2.1465692106019772e-07,3.1989548223236517e-06,4.97606348659528,1.3121548339901339,0.0
128,7168,7.773008202128767,1.8809901248170076e-06,3.7800763080924433e-07,2.443578874419898e-06,2.273177805969623e-07,2.9558577807620168e-12,5.115965660721621e-14,9.792416310568205e-07,2.1308850185159658e-07,3.175566384813498e-06,4.976063489692245,1.3121548350710845,0.0
128,7172,7.77734581831299,1.8672584670848927e-06,3.752480887266376e-07,2.425727497270017e-06,2.2565712806931528e-07,2.8990143619012088e-12,5.0175817057077434e-14,9.720867570895844e-07,2.1153156092275768e-07,3.1523492451219415e-06,4.976063492765744,1.3121548361439028,0.0
128,7176,7.781683434497214,1.8536271957588386e-06,3.7250872050194744e-07,2.408006736825579e-06,2.240086263667965e-07,2.8705926524708048e-12,4.9683897282008044e-14,9.649842443601594e-07,2.0998601409458442e-07,3.129302147809889e-06,4.976063495815955,1.31215483720865,0.0
128,7180,7.786021050681438,1.8400955756191844e-06,3.697893783839239e-07,2.3904156354425557e-06,2.2237218640305919e-07,2.7853275241795927e-12,4.8208137956799886e-14,9.579337088828803e-07,2.0845177780963039e-07,3.1064238431679563e-06,4.976063498843059,1.3121548382653871,0.0
128,7184,7.790358666865662,1.8266628770405516e-06,3.670899157455553e-07,2.3729532427716406e-06,2.2074771977035944e-07,2.7569058147491887e-12,4.77162181817305e-14,9.5093476959773e-07,2.0692876914708668e-07,3.08371309548277e-06,4.97606350184723,1.3121548393141749,0.0
128,7188,7.794696283049885,1.8133283755503984e-06,3.6441018699535493e-07,2.3556186151864843e-06,2.191351386863672e-07,2.7284841053187847e-12,4.722429840666111e-14,9.439870481413589e-07,2.0541690577295448e-07,3.061168670330596e-06,4.976063504828645,1.3121548403550731,0.0
128,7192,7.799033899234109,1.8000913521171263e-06,3.617500476352589e-07,2.3384108161558547e-06,2.1753435602878677e-07,2.7284841053187847e-12,4.722429840666111e-14,9.370901689960415e-07,2.0391610597245872e-07,3.0387893506707223e-06,4.976063507787476,1.3121548413881412,0.0
128,7196,7.803371515418332,1.7869510929131456e-06,3.5910935421301177e-07,2.3213289159396057e-06,2.15945285307074e-07,2.6432189770275727e-12,4.5748539081452954e-14,9.302437593681659e-07,2.0242628862360694e-07,3.0165739229723342e-06,4.976063510723896,1.312154842413438,0.0
128,7200,7.807709131602556,1.773906889326023e-06,3.564879643244065e-07,2.304371991589921e-06,2.1436784066255193e-07,2.5863755581667647e-12,4.476469953131418e-14,9.234474491875834e-07,2.0094737319704759e-07,2.994521183255901e-06,4.976063513638076,1.3121548434310224,0.0
128,7204,7.81204674778678,1.7609580380770266e-06,3.5388573663710773e-07,2.2875391271280983e-06,2.1280193688485644e-07,2.6147972675971687e-12,4.5256619306383564e-14,9.167008711804305e-07,1.9947927977191655e-07,2.972629941170117e-06,4.976063516530186,1.3121548444409525,0.0
128,7208,7.816384363971004,1.7481038409239293e-06,3.513025308309263e-07,2.270829413133299e-06,2.1124748937367903e-07,2.5579538487363607e-12,4.427277975624479e-14,9.100036607021392e-07,1.9802192899949914e-07,2.950899008738487e-06,4.976063519400395,1.3121548454432859,0.0
128,7212,7.820721980155227,1.735343604733431e-06,3.487382076123735e-07,2.2542419468533068e-06,2.0970441414907023e-07,2.5011104298755527e-12,4.328894020610602e-14,9.033554557832719e-07,1.9657524211320434e-07,2.9293272089234087e-06,4.976063522248867,1.3121548464380801,0.0
128,7216,7.82505959633945,1.7226766415080822e-06,3.4619262872007193e-07,2.2377758322315314e-06,2.0817262785395185e-07,2.4442670110147446e-12,4.230510065596725e-14,8.967558971396493e-07,1.9513914093076828e-07,2.907913376112157e-06,4.976063525075772,1.3121548474253917,0.0
128,7220,7.829397212523674,1.7101022683862599e-06,3.436656569247501e-07,2.221430179904354e-06,2.066520477538699e-07,2.4442670110147446e-12,4.230510065596725e-14,8.902046281710607e-07,1.9371354785397394e-07,2.886656350919676e-06,4.976063527881272,1.3121548484052772,0.0
128,7224,7.833734828707898,1.6976198074186103e-06,3.411571559843163e-07,2.2052041069266197e-06,2.0514259171145812e-07,2.3874235921539366e-12,4.1321261105828475e-14,8.837012948526357e-07,1.922983858450128e-07,2.86555498149489e-06,4.976063530665531,1.3121548493777926,0.0
128,7228,7.838072444892122,1.6852285856275316e-06,3.3866699065581244e-07,2.189096736826713e-06,2.0364417819156145e-07,2.3590018827235326e-12,4.0829341330759084e-14,8.772455457549928e-07,1.908935784308694e-07,2.8446081256970314e-06,4.976063533428711,1.3121548503429934,0.0
128,7232,7.842410061076345,1.6729279349155111e-06,3.361950266769929e-07,2.1731071995022193e-06,2.021567262515298e-07,2.3021584638627246e-12,3.9845501780620317e-14,8.708370320037032e-07,1.8949904969450033e-07,2.8238146494754613e-06,4.976063536170972,1.312154851300935,0.0
128,7236,7.846747677260569,1.6607171922109546e-06,3.3374113079563106e-07,2.15723463140101e-06,2.0068015555806385e-07,2.3021584638627246e-12,3.9845501780620317e-14,8.64475407351135e-07,1.8811472429046805e-07,2.803173428556995e-06,4.976063538892475,1.3121548522516717,0.0
128,7240,7.851085293444792,1.6485956993370183e-06,3.3130517074315947e-07,2.1414781753534494e-06,1.9921438637160555e-07,2.2453150450019166e-12,3.886166223048154e-14,8.581603281094363e-07,1.8674052743035764e-07,2.7826833463488315e-06,4.976063541593377,1.3121548531952578,0.0
128,7244,7.8554229096290165,1.6365628027197386e-06,3.2888701517601477e-07,2.1258369801953274e-06,1.9775933951126128e-07,2.2168933355715126e-12,3.836974245541215e-14,8.51891452999614e-07,1.8537638484993533e-07,2.7623432918260437e-06,4.976063544273837,1.3121548541317478,0.0
128,7248,7.85976052581324,1.6246178538200517e-06,3.264865337624574e-07,2.1103102013284366e-06,1.9631493640695007e-07,2.2168933355715126e-12,3.836974245541215e-14,8.456684433761193e-07,1.8402222285801975e-07,2.74215216478231e-06,4.976063546934008,1.312154855061195,0.0
128,7252,7.864098141997464,1.6127602088813307e-06,3.2410359713183625e-07,2.09489700038606e-06,1.9488109906828515e-07,2.1600499167107046e-12,3.738590290527338e-14,8.394909630922307e-07,1.8267796830718847e-07,2.7221088738544386e-06,4.9760635495740475,1.312154855983652,0.0
128,7256,7.868435758181687,1.6009892284132099e-06,3.2173807677085666e-07,2.0795965445726757e-06,1.93457750023149e-07,2.1032064978498966e-12,3.6402063355134605e-14,8.333586782363351e-07,1.8134354853639115e-07,2.702212332617246e-06,4.976063552194107,1.312154856899172,0.0
128,7260,7.872773374365911,1.5893042781614085e-06,3.193898452184783e-07,2.06440800791316e-06,1.9204481243390242e-07,2.0747847884194925e-12,3.591014358006522e-14,8.272712576316102e-07,1.8001889147968346e-07,2.682461463807241e-06,4.97606355479434,1.3121548578078073,0.0
128,7264,7.877110990550134,1.5777047283239322e-06,3.1705877590840166e-07,2.049330570243537e-06,1.906422100034974e-07,2.0463630789890885e-12,3.541822380499584e-14,8.212283724323517e-07,1.7870392557838544e-07,2.6628552014940603e-06,4.976063557374897,1.3121548587096092,0.0
128,7268,7.881448606734358,1.566189953684643e-06,3.147447431959101e-07,2.0343634173702094e-06,1.8924986699028977e-07,2.0463630789890885e-12,3.541822380499584e-14,8.152296961865481e-07,1.773985797946982e-07,2.6433924828657837e-06,4.976063559935929,1.3121548596046297,0.0
128,7272,7.885786222918582,1.554759333650047e-06,3.1244762236526324e-07,2.019505741138302e-06,1.878677082143971e-07,1.9895196601282805e-12,3.4434384254857063e-14,8.09274904865048e-07,1.7610278361805083e-07,2.6240722539186018e-06,4.976063562477583,1.3121548604929199,0.0
128,7276,7.890123839102805,1.5434122521942353e-06,3.101672896186316e-07,2.0047567393394677e-06,1.8649565904912202e-07,1.9895196601282805e-12,3.4434384254857063e-14,8.033636768228244e-07,1.7481646705667142e-07,2.604893470577113e-06,4.9760635650000085,1.3121548613745302,0.0
128,7280,7.894461455287029,1.532148097725827e-06,3.079036220493579e-07,1.990115615552318e-06,1.8513364540610818e-07,1.9326762412674725e-12,3.345054470471829e-14,7.974956927361788e-07,1.7353956062392216e-07,2.5858550973906e-06,4.976063567503351,1.3121548622495112,0.0
128,7284,7.898799071471252,1.520966263248547e-06,3.056564976742265e-07,1.975581579349123e-06,1.837815937545688e-07,1.8758328224066645e-12,3.2466705154579515e-14,7.916706356854111e-07,1.722719953562889e-07,2.566956101066117e-06,4.976063569987756,1.312154863117913,0.0
128,7288,7.9031366876554765,1.5098661461435373e-06,3.034257953897166e-07,1.9611538460049717e-06,1.8243943109423076e-07,1.8758328224066645e-12,3.2466705154579515e-14,7.858881910375694e-07,1.7101370278786677e-07,2.5481954576476045e-06,4.976063572453368,1.3121548639797849,0.0
128,7292,7.9074743038397,1.4988471481680148e-06,3.012113949717323e-07,1.946831636504186e-06,1.8110708495593136e-07,1.8758328224066645e-12,3.2466705154579515e-14,7.801480464497276e-07,1.697646149510734e-07,2.5295721578818977e-06,4.976063574900331,1.3121548648351764,0.0
128,7296,7.911811920023924,1.4879086755658534e-06,2.990131770978255e-07,1.9326141776818467e-06,1.79784483414784e-07,1.8189894035458565e-12,3.148286560444074e-14,7.744498919255175e-07,1.6852466438895076e-07,2.5110851883906686e-06,4.976063577328786,1.3121548656841362,0.0
128,7300,7.916149536208147,1.4770501390176114e-06,2.968310233371534e-07,1.918500702150619e-06,1.78471555083371e-07,1.8189894035458565e-12,3.148286560444074e-14,7.687934197850881e-07,1.6729378414862784e-07,2.4927335534713043e-06,4.976063579738874,1.3121548665267124,0.0
128,7304,7.920487152392371,1.4662709533638723e-06,2.946648160948802e-07,1.904490447950413e-06,1.7716822907915263e-07,1.7621459846850485e-12,3.049902605430197e-14,7.631783245254966e-07,1.6607190775094136e-07,2.4745162577677386e-06,4.976063582130735,1.3121548673629535,0.0
128,7308,7.9248247685765945,1.4555705377939748e-06,2.9251443865010506e-07,1.8905826587921274e-06,1.758744350471419e-07,1.7337242752546445e-12,3.0007106279232584e-14,7.576043029182616e-07,1.648589692116635e-07,2.456432317140534e-06,4.976063584504508,1.3121548681929074,0.0
128,7312,7.929162384760818,1.44494831570516e-06,2.9037977512755566e-07,1.876776583876483e-06,1.7459010314305114e-07,1.7337242752546445e-12,3.0007106279232584e-14,7.520710539369208e-07,1.6365490302573827e-07,2.4384807528850627e-06,4.976063586860331,1.3121548690166212,0.0
128,7316,7.933500000945042,1.4344037147773373e-06,2.882607105126136e-07,1.8630714779812057e-06,1.733151640414024e-07,1.7053025658242404e-12,2.9515186504163193e-14,7.46578278791105e-07,1.6245964417469617e-07,2.420660595098093e-06,4.976063589198341,1.3121548698341419,0.0
128,7320,7.937837617129265,1.423936166840187e-06,2.8615713062460684e-07,1.8494666012952423e-06,1.7204954892010503e-07,1.6768808563938364e-12,2.902326672909381e-14,7.411256808606984e-07,1.6127312811232706e-07,2.4029708776373803e-06,4.976063591518673,1.3121548706455162,0.0
128,7324,7.942175233313489,1.4135451080206236e-06,2.840689221464444e-07,1.8359612196147176e-06,1.707931894786851e-07,1.6200374375330284e-12,2.8039427178955036e-14,7.357129657747459e-07,1.6009529078185082e-07,2.3854106467337846e-06,4.976063593821462,1.3121548714507905,0.0
128,7328,7.946512849497712,1.40322997844652e-06,2.819959725650762e-07,1.8225546039443472e-06,1.6954601790120593e-07,1.6200374375330284e-12,2.8039427178955036e-14,7.303398412505357e-07,1.5892606858090092e-07,2.3679789490355887e-06,4.976063596106841,1.3121548722500107,0.0
128,7332,7.9508504656819365,1.3929902223421254e-06,2.79938170190668e-07,1.8092460306364945e-06,1.6830796686920426e-07,1.6484591469634324e-12,2.853134695402442e-14,7.250060171506341e-07,1.577653983739354e-07,2.3506748453707827e-06,4.976063598374944,1.3121548730432224,0.0
128,7336,7.95518808186616,1.382825288155589e-06,2.778954041822296e-07,1.7960347815483864e-06,1.6707896957631542e-07,1.5916157281026244e-12,2.754750740388565e-14,7.197112055451566e-07,1.5661321750578745e-07,2.3334973981039075e-06,4.976063600625901,1.3121548738304711,0.0
128,7340,7.959525698050384,1.3727346281995572e-06,2.7586756447538776e-07,1.7829201435684375e-06,1.6585895968420898e-07,1.5347723092418164e-12,2.6563667853746875e-14,7.144551205213581e-07,1.5546946376023122e-07,2.3164456776092064e-06,4.976063602859844,1.3121548746118015,0.0
128,7344,7.963863314234607,1.362717698961158e-06,2.738545418446818e-07,1.7699014090342865e-06,1.646478713614771e-07,1.5063505998114124e-12,2.607174807867749e-14,7.09237478352488e-07,1.5433407539672553e-07,2.2995187639497905e-06,4.9760636050769005,1.3121548753872585,0.0
128,7348,7.968200930418831,1.3527739607555116e-06,2.71856227833932e-07,1.7569778752761429e-06,1.6344563924115378e-07,1.5063505998114124e-12,2.607174807867749e-14,7.040579973142227e-07,1.5320699111046866e-07,2.282715740772553e-06,4.976063607277201,1.3121548761568858,0.0
128,7352,7.9725385466030545,1.3429028779900585e-06,2.6987251480936e-07,1.744148844951084e-06,1.6225219845181324e-07,1.5063505998114124e-12,2.607174807867749e-14,6.989163978178456e-07,1.5208815006137897e-07,2.266035698585863e-06,4.976063609460872,1.3121548769207274,0.0
128,7356,7.976876162787278,1.333103919057664e-06,2.6790329593810625e-07,1.7314136259153748e-06,1.610674846056924e-07,1.4210854715202004e-12,2.459598875346933e-14,6.938124023600501e-07,1.509774918631718e-07,2.2494777376220037e-06,4.976063611628041,1.3121548776788272,0.0
128,7360,7.981213778971502,1.3233765559894032e-06,2.659484651184536e-07,1.7187715307699597e-06,1.5989143375640947e-07,1.4495071809506044e-12,2.5087908528538717e-14,6.887457353405002e-07,1.4987495654365972e-07,2.2330409600255677e-06,4.976063613778831,1.3121548784312285,0.0
128,7364,7.985551395155725,1.3137202648848708e-06,2.6400791706630273e-07,1.7062218774163833e-06,1.5872398245067928e-07,1.3926637620897964e-12,2.4104068978399943e-14,6.837161232843436e-07,1.487804845931724e-07,2.2167244801340063e-06,4.97606361591337,1.3121548791779738,0.0
128,7368,7.989889011339949,1.3041345255895704e-06,2.6208154725033993e-07,1.6937639886425996e-06,1.5756506768978268e-07,1.4210854715202004e-12,2.459598875346933e-14,6.787232946766539e-07,1.4769401692853054e-07,2.2005274116874853e-06,4.97606361803178,1.3121548799191058,0.0
128,7372,7.9942266275241725,1.2946188219389627e-06,2.601692519410814e-07,1.6813971924289647e-06,1.5641462695803188e-07,1.3358203432289883e-12,2.312022942826117e-14,6.737669800840969e-07,1.4661549491952098e-07,2.1844488830104183e-06,4.976063620134185,1.3121548806546672,0.0
128,7376,7.998564243708397,1.2851726414018553e-06,2.582709281392083e-07,1.6691208215003498e-06,1.5527259818110513e-07,1.3358203432289883e-12,2.312022942826117e-14,6.688469119767771e-07,1.4554486035012964e-07,2.16848802335103e-06,4.976063622220704,1.3121548813847,0.0
128,7380,8.00290185989262,1.2757954750466204e-06,2.563864735687776e-07,1.6569342132757853e-06,1.5413891972136221e-07,1.3358203432289883e-12,2.312022942826117e-14,6.639628247074966e-07,1.4448205541402798e-07,2.1526439692081576e-06,4.976063624291461,1.3121548821092455,0.0
128,7384,8.007239476076844,1.266486818014835e-06,2.5451578677240574e-07,1.644836710476654e-06,1.5301353043442262e-07,1.3073986337985843e-12,2.2628309653191782e-14,6.591144547548689e-07,1.4342702276747602e-07,2.1369158648635393e-06,4.9760636263465745,1.312154882828345,0.0
128,7388,8.011577092261067,1.2572461690118636e-06,2.526587670088954e-07,1.6328276604696277e-06,1.5189636960804119e-07,1.2789769243681803e-12,2.2136389878122395e-14,6.543015404604136e-07,1.4237970547211268e-07,2.121302859587046e-06,4.9760636283861635,1.3121548835420398,0.0
128,7392,8.01591470844529,1.2480730302978045e-06,2.5081531425141564e-07,1.6209064152584436e-06,1.5078737696134306e-07,1.2505552149377763e-12,2.164447010305301e-14,6.495238220255683e-07,1.4134004699430554e-07,2.105804110182193e-06,4.976063630410346,1.3121548842503703,0.0
128,7396,8.020252324629515,1.2389669079585186e-06,2.4898532924196884e-07,1.609072331836598e-06,1.4968649267763363e-07,1.2221335055073723e-12,2.1152550327983624e-14,6.447810416530798e-07,1.4030799123591825e-07,2.090418777307928e-06,4.9760636324192395,1.3121548849533768,0.0
128,7400,8.024589940813739,1.2299273115369746e-06,2.471687134173047e-07,1.5973247716989315e-06,1.4859365735896292e-07,1.2505552149377763e-12,2.164447010305301e-14,6.400729433504522e-07,1.3928348249153996e-07,2.0751460320587815e-06,4.97606363441296,1.3121548856510998,0.0
128,7404,8.028927556997962,1.2209537543454135e-06,2.4536536897165363e-07,1.585663101252777e-06,1.4750881206437332e-07,1.2221335055073723e-12,2.1152550327983624e-14,6.353992730951994e-07,1.3826646548444503e-07,2.0599850462662597e-06,4.976063636391623,1.312154886343579,0.0
128,7408,8.033265173182185,1.2120457531204556e-06,2.4357519878741635e-07,1.5740866913680672e-06,1.4643189826804754e-07,1.2221335055073723e-12,2.1152550327983624e-14,6.307597786543928e-07,1.3725688532732554e-07,2.0449350031025983e-06,4.976063638355344,1.312154887030854,0.0
128,7412,8.037602789366408,1.2032028282941128e-06,2.41798106489627e-07,1.5625949177319114e-06,1.4536285789229385e-07,1.1937117960769683e-12,2.0660630552914237e-14,6.26154209726974e-07,1.362546875532595e-07,2.0299950868714946e-06,4.976063640304234,1.3121548877129636,0.0
128,7416,8.041940405550633,1.194424503618124e-06,2.4003399637045897e-07,1.5511871603631866e-06,1.4430163326238998e-07,1.1652900866465643e-12,2.016871077784485e-14,6.215823177494566e-07,1.3525981807343038e-07,2.0151644910869664e-06,4.976063642238409,1.3121548883899472,0.0
128,7420,8.046278021734857,1.1857103064840275e-06,2.3828277345354706e-07,1.5398628040189469e-06,1.432481671443901e-07,1.1084466677857563e-12,1.9184871227706076e-14,6.17043856057978e-07,1.3427222321239048e-07,2.000442413722448e-06,4.976063644157979,1.312154889061843,0.0
128,7424,8.05061563791908,1.1770597677122456e-06,2.3654434345160173e-07,1.5286212379262192e-06,1.4220240272017456e-07,1.1084466677857563e-12,1.9184871227706076e-14,6.125385797813202e-07,1.332918496847817e-07,1.985828060507995e-06,4.976063646063055,1.3121548897286897,0.0
128,7428,8.054953254103303,1.168472421518566e-06,2.3481861275967296e-07,1.5174618557427781e-06,1.4116428358380115e-07,1.1368683772161603e-12,1.9676791002775463e-14,6.080662458255663e-07,1.3231864459199666e-07,1.971320640237021e-06,4.976063647953748,1.3121548903905247,0.0
128,7432,8.059290870287528,1.1599478055463284e-06,2.3310548846161868e-07,1.5063840555888401e-06,1.4013375374445324e-07,1.0800249583553523e-12,1.869295145263669e-14,6.036266128859235e-07,1.313525554247515e-07,1.956919370434182e-06,4.976063649830167,1.3121548910473864,0.0
128,7436,8.063628486471751,1.151485460820922e-06,2.3140487832096035e-07,1.4953872399868782e-06,1.391107576208411e-07,1.1084466677857563e-12,1.9184871227706076e-14,5.992194414225121e-07,1.3039353005781737e-07,1.9426234715999106e-06,4.976063651692422,1.3121548916993118,0.0
128,7440,8.067966102655975,1.1430849318231394e-06,2.297166907956244e-07,1.4844708159755345e-06,1.380952400517988e-07,1.0231815394945443e-12,1.770911190249792e-14,5.94844493707628e-07,1.2944151676030508e-07,1.9284321705103607e-06,4.976063653540617,1.3121548923463384,0.0
128,7444,8.072303718840198,1.1347457662576906e-06,2.2804083499142237e-07,1.47363419478665e-06,1.3708714626623928e-07,9.947598300641403e-13,1.7217192127428532e-14,5.905015336943879e-07,1.2849646416708151e-07,1.9143447036552195e-06,4.976063655374863,1.3121548929885027,0.0
128,7448,8.076641335024421,1.1264675152250684e-06,2.2637722069658914e-07,1.462876792075404e-06,1.3608642190456354e-07,1.0231815394945443e-12,1.770911190249792e-14,5.861903271095502e-07,1.27558321298968e-07,1.9003603070548174e-06,4.976063657195263,1.3121548936258418,0.0
128,7452,8.080978951208646,1.1182497330958573e-06,2.2472575835652405e-07,1.4521980277633414e-06,1.3509301300405797e-07,9.947598300641403e-13,1.7217192127428532e-14,5.819106413911573e-07,1.2662703754917091e-07,1.886478225028963e-06,4.976063659001922,1.3121548942583918,0.0
128,7456,8.08531656739287,1.1100919774559582e-06,2.2308635906278292e-07,1.4415973259655388e-06,1.3410686599211885e-07,9.947598300641403e-13,1.7217192127428532e-14,5.776622456592026e-07,1.2570256267689862e-07,1.8726977092735418e-06,4.9760636607949476,1.312154894886189,0.0
128,7460,8.089654183577093,1.101993809219638e-06,2.2145893457579693e-07,1.4310741151314434e-06,1.3312792769935416e-07,9.947598300641403e-13,1.7217192127428532e-14,5.734449107715485e-07,1.2478484681952967e-07,1.859018015065084e-06,4.9760636625744405,1.3121548955092686,0.0
128,7464,8.093991799761316,1.0939547924425236e-06,2.1984339728729126e-07,1.4206278278000955e-06,1.321561453368127e-07,9.379164112033322e-13,1.6233352577289758e-14,5.692584092256751e-07,1.2387384047123258e-07,1.8454384023511954e-06,4.976063664340505,1.3121548961276663,0.0
128,7468,8.09832941594554,1.085974494381083e-06,2.182396602322388e-07,1.410257900684063e-06,1.3119146650379227e-07,9.379164112033322e-13,1.6233352577289758e-14,5.651025151928925e-07,1.2296949449041078e-07,1.8319581384340461e-06,4.976063666093242,1.3121548967414178,0.0
128,7472,8.102667032129764,1.078052485582937e-06,2.1664763710700922e-07,1.399963774788675e-06,1.3023383919893156e-07,9.663381206337363e-13,1.6725272352359145e-14,5.60977004566289e-07,1.220717601101363e-07,1.8185764950334758e-06,4.976063667832754,1.3121548973505577,0.0
128,7476,8.107004648313987,1.070188339531444e-06,2.15067242197944e-07,1.3897448949415246e-06,1.2928321177644136e-07,9.379164112033322e-13,1.6233352577289758e-14,5.568816547714234e-07,1.2118058889695537e-07,1.805292749099637e-06,4.976063669559141,1.312154897955121,0.0
128,7480,8.11134226449821,1.0623816330902255e-06,2.1349839047068926e-07,1.3796007103724841e-06,1.283395330000615e-07,8.810729923425242e-13,1.5249513027150984e-14,5.528162449989787e-07,1.2029593280151533e-07,1.7921061810337344e-06,4.976063671272502,1.3121548985551417,0.0
128,7484,8.115679880682436,1.0546319459390967e-06,2.1194099745683917e-07,1.3695306739909849e-06,1.2740275197582856e-07,8.526512829121202e-13,1.4757593252081597e-14,5.487805559160123e-07,1.1941774409573075e-07,1.7790160821915255e-06,4.976063672972938,1.3121548991506544,0.0
128,7488,8.120017496866659,1.046938861041884e-06,2.103949793479495e-07,1.3595342429760024e-06,1.264728182069602e-07,8.526512829121202e-13,1.4757593252081597e-14,5.447743699008471e-07,1.1854597542389737e-07,1.76602174369649e-06,4.976063674660544,1.3121548997416927,0.0
128,7492,8.124355113050882,1.0393019644141261e-06,2.0886025294885437e-07,1.3496108784855776e-06,1.2554968156683288e-07,8.526512829121202e-13,1.4757593252081597e-14,5.407974709276452e-07,1.1768057977757442e-07,1.7531224623276397e-06,4.97606367633542,1.3121549003282909,0.0
128,7496,8.128692729235105,1.0317208449371727e-06,2.0733673564030724e-07,1.3397600454167424e-06,1.2463329227664867e-07,8.526512829121202e-13,1.4757593252081597e-14,5.368496444703227e-07,1.1682151047467617e-07,1.740317544466048e-06,4.9760636779976615,1.3121549009104818,0.0
128,7500,8.133030345419328,1.0241950947495239e-06,2.0582434545762505e-07,1.3299812129048461e-06,1.2372360095188576e-07,8.526512829121202e-13,1.4757593252081597e-14,5.329306777018672e-07,1.159687212028443e-07,1.7276062974939988e-06,4.976063679647365,1.312154901488299,0.0
128,7504,8.137367961603553,1.0167243088150691e-06,2.0432300100392092e-07,1.3202738537673775e-06,1.2282055855055918e-07,8.242295734817162e-13,1.426567347701221e-14,5.290403592718611e-07,1.15122165971036e-07,1.7149880329808117e-06,4.976063681284626,1.312154902061775,0.0
128,7508,8.141705577787777,1.0093080851342118e-06,2.0283262149253193e-07,1.3106374447809122e-06,1.219241163989843e-07,7.958078640513122e-13,1.3773753701942824e-14,5.251784794176993e-07,1.1428179913372529e-07,1.70246207250934e-06,4.976063682909538,1.312154902630943,0.0
128,7512,8.146043193972,1.0019460244311497e-06,2.013531266841745e-07,1.3010714662806525e-06,1.210342261545233e-07,7.958078640513122e-13,1.3773753701942824e-14,5.213448298046107e-07,1.1344757535609097e-07,1.6900277368877123e-06,4.976063684522194,1.3121549031958346,0.0
128,7516,8.150380810156223,9.946377307626884e-07,1.9988443700929276e-07,1.2915754029253985e-06,1.2015083987674784e-07,7.958078640513122e-13,1.3773753701942824e-14,5.175392038299642e-07,1.1261944968023531e-07,1.6776843557086747e-06,4.97606368612269,1.312154903756483,0.0
128,7520,8.154718426340448,9.87382810771358e-07,1.984264734179633e-07,1.2821487427544234e-06,1.1927390993970354e-07,7.958078640513122e-13,1.3773753701942824e-14,5.137613962476749e-07,1.117973774434526e-07,1.6654312624173955e-06,4.976063687711116,1.3121549043129195,0.0
128,7524,8.159056042524671,9.801808740754702e-07,1.9697915745828196e-07,1.2727909776819423e-06,1.184033890779085e-07,7.673861546209082e-13,1.3281833926873437e-14,5.100112033652937e-07,1.109813143211171e-07,1.6532677962547881e-06,4.976063689287566,1.3121549048651762,0.0
128,7528,8.163393658708895,9.73031533139586e-07,1.9554241125033251e-07,1.2635016033330172e-06,1.1753923037108824e-07,7.389644451905042e-13,1.2789914151804052e-14,5.062884229786127e-07,1.1017121631245275e-07,1.6411932989295804e-06,4.9760636908521265,1.3121549054132842,0.0
128,7532,8.167731274893118,9.659344033707162e-07,1.9411615750551967e-07,1.254280119163152e-06,1.166813872553012e-07,7.673861546209082e-13,1.3281833926873437e-14,5.025928544191231e-07,1.0936703975086026e-07,1.6292071208135675e-06,4.9760636924048915,1.3121549059572748,0.0
128,7536,8.172068891077343,9.5888910280364e-07,1.9270031946332977e-07,1.2451260280557328e-06,1.1582981348548993e-07,7.673861546209082e-13,1.3281833926873437e-14,4.989242983932358e-07,1.0856874126893062e-07,1.6173086118174983e-06,4.9760636939459495,1.3121549064971791,0.0
128,7540,8.176406507261566,9.518952524383675e-07,1.9129482095914798e-07,1.23603883675193e-06,1.149844631754735e-07,7.389644451905042e-13,1.2789914151804052e-14,4.952825571538237e-07,1.0777627783577365e-07,1.6054971305878554e-06,4.976063695475389,1.3121549070330278,0.0
128,7544,8.18074412344579,9.449524760094437e-07,1.8989958637789727e-07,1.2270180555598121e-06,1.1414529077088727e-07,7.389644451905042e-13,1.2789914151804052e-14,4.916674343844161e-07,1.0698960673181814e-07,1.5937720393293522e-06,4.9760636969932985,1.3121549075648515,0.0
128,7548,8.185081739630013,9.380603999625252e-07,1.8851454064933119e-07,1.2180631983192507e-06,1.1331225104591816e-07,7.105427357601002e-13,1.2297994376734665e-14,4.880787351847289e-07,1.0620868554566302e-07,1.5821327067980388e-06,4.9760636984997655,1.3121549080926804,0.0
128,7552,8.189419355814236,9.312186535069516e-07,1.8713960925859858e-07,1.209173782470691e-06,1.1248529910970217e-07,7.105427357601002e-13,1.2297994376734665e-14,4.845162660982666e-07,1.0543347218008378e-07,1.5705785022916605e-06,4.976063699994877,1.3121549086165447,0.0
128,7556,8.19375697199846,9.244268685363935e-07,1.8577471823029705e-07,1.2003493289511784e-06,1.1166439039665198e-07,6.821210263296962e-13,1.1806074601665278e-14,4.809798350705779e-07,1.0466392484294859e-07,1.5591088033881557e-06,4.9760637014787195,1.3121549091364744,0.0
128,7560,8.198094588182684,9.176846797839541e-07,1.8441979415964236e-07,1.1915893624021686e-06,1.1084948068578895e-07,6.536993168992922e-13,1.1314154826595891e-14,4.774692515330816e-07,1.0390000206545941e-07,1.5477229897721236e-06,4.976063702951377,1.3121549096524985,0.0
128,7564,8.202432204366907,9.109917244705738e-07,1.830747641418111e-07,1.1828934106970788e-06,1.1004052605679271e-07,6.821210263296962e-13,1.1806074601665278e-14,4.7398432621237745e-07,1.0314166266065682e-07,1.5364204479741118e-06,4.976063704412936,1.3121549101646468,0.0
128,7568,8.20676982055113,9.043476424908232e-07,1.8173955580927813e-07,1.1742610052004519e-06,1.092374829141104e-07,6.252776074688882e-13,1.0822235051526506e-14,4.705248712356456e-07,1.0238886574635563e-07,1.5252005673430482e-06,4.97606370586348,1.3121549106729486,0.0
128,7572,8.211107436735356,8.977520764988773e-07,1.80414097349094e-07,1.1656916808662456e-06,1.0844030799610013e-07,6.252776074688882e-13,1.0822235051526506e-14,4.67090700168875e-07,1.0164157075346354e-07,1.5140627422656748e-06,4.9760637073030916,1.3121549111774327,0.0
128,7576,8.215445052919579,8.912046716980351e-07,1.7909831746058652e-07,1.1571849759762465e-06,1.0764895835069653e-07,5.684341886080801e-13,9.838395501387732e-15,4.6368162791306113e-07,1.008997374033932e-07,1.5030063718842217e-06,4.976063708731855,1.3121549116781277,0.0
128,7580,8.219782669103802,8.847050759793139e-07,1.7779214538321277e-07,1.148740432304417e-06,1.0686339135069938e-07,5.968558980384842e-13,1.0330315276457119e-14,4.6029747076870664e-07,1.0016332572209794e-07,1.4920308590165638e-06,4.976063710149853,1.3121549121750622,0.0
128,7584,8.224120285288025,8.782529396028952e-07,1.7649551083254203e-07,1.140357594723625e-06,1.0608356465718911e-07,6.252776074688882e-13,1.0822235051526506e-14,4.56938046280003e-07,9.943229600616475e-08,1.4811356115243068e-06,4.976063711557166,1.3121549126682646,0.0
128,7588,8.228457901472249,8.71847915643217e-07,1.7520834408970232e-07,1.1320360117646027e-06,1.0530943627152464e-07,5.684341886080801e-13,9.838395501387732e-15,4.536031734571601e-07,9.870660887119451e-08,1.470320040059847e-06,4.9760637129538745,1.3121549131577628,0.0
128,7592,8.232795517656474,8.654896594632405e-07,1.7393057589572788e-07,1.1237752349396982e-06,1.0454096447243452e-07,6.252776074688882e-13,1.0822235051526506e-14,4.502926725059881e-07,9.798622519295749e-08,1.4595835637551294e-06,4.976063714340061,1.3121549136435848,0.0
128,7596,8.237133133840697,8.591778291558157e-07,1.7266213754025713e-07,1.115574819319689e-06,1.0377810786967571e-07,5.968558980384842e-13,1.0330315276457119e-14,4.4700636505934877e-07,9.727110615775843e-08,1.4489256007347713e-06,4.976063715715804,1.3121549141257585,0.0
128,7600,8.24147075002492,8.529120853280038e-07,1.7140296081818941e-07,1.1074343232500796e-06,1.0302082537764188e-07,5.684341886080801e-13,9.838395501387732e-15,4.4374407406315915e-07,9.656121323763025e-08,1.4383455773236842e-06,4.976063717081183,1.3121549146043108,0.0
128,7604,8.245808366209143,8.466920908765401e-07,1.7015297798456174e-07,1.0993533080587672e-06,1.0226907618816849e-07,5.400124791776761e-13,9.346475726318345e-15,4.405056236591866e-07,9.585650816482971e-08,1.4278429206097593e-06,4.976063718436276,1.3121549150792693,0.0
128,7608,8.250145982393368,8.405175113122192e-07,1.689121218197378e-07,1.091331338478389e-06,1.0152281980982227e-07,5.684341886080801e-13,9.838395501387732e-15,4.372908393543809e-07,9.515695296868495e-08,1.4174170663920137e-06,4.976063719781162,1.312154915550661,0.0
128,7612,8.254483598577592,8.343880145407734e-07,1.6768032558537292e-07,1.0833679823678164e-06,1.0078201604199286e-07,5.684341886080801e-13,9.838395501387732e-15,4.340995479098005e-07,9.446250995142521e-08,1.4070674493416275e-06,4.976063721115917,1.3121549160185129,0.0
128,7616,8.258821214761815,8.283032709917716e-07,1.664575230503177e-07,1.075462810864825e-06,1.000466249890951e-07,5.684341886080801e-13,9.838395501387732e-15,4.3093157740051096e-07,9.377314170121508e-08,1.3967935137705797e-06,4.976063722440619,1.3121549164828512,0.0
128,7620,8.263158830946038,8.222629533791017e-07,1.6524364844248436e-07,1.067615398086744e-06,9.931660703272154e-08,5.400124791776761e-13,9.346475726318345e-15,4.2778675709664687e-07,9.308881106627295e-08,1.3865947031421202e-06,4.976063723755344,1.3121549169437028,0.0
128,7624,8.267496447130263,8.162667368886553e-07,1.640386364865638e-07,1.0598253213688691e-06,9.859192285382113e-08,5.400124791776761e-13,9.346475726318345e-15,4.246649175584855e-07,9.24094811755595e-08,1.3764704679191665e-06,4.976063725060167,1.3121549174010938,0.0
128,7628,8.271834063314486,8.10314299046232e-07,1.6284242237747983e-07,1.05209216109591e-06,9.787253341701935e-08,5.115907697472721e-13,8.85455595124896e-15,4.21565890569164e-07,9.173511542413665e-08,1.3664202633142662e-06,4.976063726355164,1.3121549178550502,0.0
128,7632,8.27617167949871,8.044053198090654e-07,1.6165494179878214e-07,1.0444155008272247e-06,9.715839998226836e-08,4.831690603168681e-13,8.362636176179572e-15,4.1848950918541684e-07,9.106567748420822e-08,1.3564435430853188e-06,4.976063727640409,1.3121549183055976,0.0
128,7636,8.280509295682933,7.985394814537715e-07,1.6047613090012824e-07,1.0367949271303976e-06,9.644948408936535e-08,4.831690603168681e-13,8.362636176179572e-15,4.154356076690741e-07,9.040113129021371e-08,1.3465397728255126e-06,4.976063728915976,1.312154918752762,0.0
128,7640,8.284846911867156,7.927164685363486e-07,1.5930592628924503e-07,1.0292300295510076e-06,9.574574755514011e-08,4.831690603168681e-13,8.362636176179572e-15,4.124040214768316e-07,8.974144103660207e-08,1.3367084165790153e-06,4.976063730181938,1.3121549191965685,0.0
128,7644,8.289184528051381,7.869359678930119e-07,1.5814426503209643e-07,1.0217204006002812e-06,9.504715247230651e-08,4.831690603168681e-13,8.362636176179572e-15,4.093945872541374e-07,8.908657117650151e-08,1.3269489447419367e-06,4.9760637314383676,1.3121549196370426,0.0
128,7648,8.293522144235604,7.811976687994597e-07,1.5699108468488992e-07,1.0142656359714042e-06,9.435366122958517e-08,4.547473508864641e-13,7.870716401110185e-15,4.064071429226936e-07,8.843648644076027e-08,1.3172608298944312e-06,4.976063732685338,1.3121549200742095,0.0
128,7652,8.297859760419827,7.755012626678547e-07,1.5584632323318122e-07,1.006865334137855e-06,9.366523647433784e-08,4.547473508864641e-13,7.870716401110185e-15,4.0344152751879656e-07,8.779115180276858e-08,1.3076435486467488e-06,4.976063733922921,1.312154920508094,0.0
128,7656,8.30219737660405,7.698464432865645e-07,1.5470991914005304e-07,9.99519096666215e-07,9.298184114166709e-08,4.831690603168681e-13,8.362636176179572e-15,4.0049758131881106e-07,8.71505325057626e-08,1.2980965856510794e-06,4.976063735151185,1.3121549209387207,0.0
128,7660,8.306534992788276,7.64232906570565e-07,1.535818112959557e-07,9.92226527897295e-07,9.230343842475247e-08,4.547473508864641e-13,7.870716401110185e-15,3.97575145711851e-07,8.651459403511894e-08,1.2886194218846303e-06,4.976063736370205,1.3121549213661141,0.0
128,7664,8.310872608972499,7.586603506919954e-07,1.524619390449437e-07,9.849872351089097e-07,9.162999178999302e-08,4.547473508864641e-13,7.870716401110185e-15,3.9467406326441737e-07,8.588330213242027e-08,1.2792115472980476e-06,4.976063737580047,1.3121549217902984,0.0
128,7668,8.315210225156722,7.531284760269883e-07,1.5135024217399043e-07,9.778008284511958e-07,9.096146497099007e-08,4.263256414560601e-13,7.378796626040798e-15,3.91794177694859e-07,8.52566227898979e-08,1.2698724547330362e-06,4.976063738780782,1.312154922211298,0.0
128,7672,8.319547841340945,7.476369852120079e-07,1.5024666092431035e-07,9.706669210166637e-07,9.029782197506387e-08,4.263256414560601e-13,7.378796626040798e-15,3.889353339011724e-07,8.463452225648108e-08,1.2606016430908536e-06,4.9760637399724805,1.312154922629137,0.0
128,7676,8.32388545752517,7.42185583111958e-07,1.4915113598494957e-07,9.63585128802643e-07,8.963902707976005e-08,4.547473508864641e-13,7.870716401110185e-15,3.860973779462882e-07,8.40169670345953e-08,1.2513986070492233e-06,4.976063741155209,1.3121549230438387,0.0
128,7680,8.328223073709394,7.367739765890754e-07,1.4806360844634237e-07,9.565550704056514e-07,8.898504480441791e-08,3.979039320256561e-13,6.886876850971412e-15,3.832801569351253e-07,8.340392385340857e-08,1.242262855769012e-06,4.976063742329036,1.3121549234554268,0.0
128,7684,8.332560689893617,7.31401874751826e-07,1.4698401985032982e-07,9.495763673499336e-07,8.833583994073303e-08,4.263256414560601e-13,7.378796626040798e-15,3.804835191466983e-07,8.27953596975788e-08,1.233193890538749e-06,4.976063743494029,1.312154923863925,0.0
128,7688,8.33689830607784,7.260689886955488e-07,1.4591231213803914e-07,9.426486437439975e-07,8.769137752080626e-08,3.979039320256561e-13,6.886876850971412e-15,3.7770731389591305e-07,8.21912417771796e-08,1.2241912282689787e-06,4.976063744650255,1.3121549242693562,0.0
128,7692,8.341235922262063,7.207750318823028e-07,1.4484842772621838e-07,9.357715267827141e-07,8.705162286385221e-08,3.694822225952521e-13,6.394957075902026e-15,3.7495139173552675e-07,8.159153757164807e-08,1.2152543795698431e-06,4.976063745797781,1.3121549246717439,0.0
128,7696,8.345573538446288,7.155197197001348e-07,1.437923094186661e-07,9.289446461715285e-07,8.641654152263561e-08,3.979039320256561e-13,6.886876850971412e-15,3.7221560422512576e-07,8.099621477951299e-08,1.2063828647305082e-06,4.9760637469366715,1.3121549250711106,0.0
128,7700,8.349911154630512,7.103027697128033e-07,1.4274390045641632e-07,9.221676344433456e-07,8.578609931295009e-08,3.694822225952521e-13,6.394957075902026e-15,3.694998040574614e-07,8.040524134588623e-08,1.1975762027734953e-06,4.976063748066991,1.3121549254674791,0.0
128,7704,8.354248770814735,7.051239013694344e-07,1.4170314445939038e-07,9.15440126585958e-07,8.516026227895912e-08,3.410605131648481e-13,5.903037300832639e-15,3.668038449095452e-07,7.981858543006025e-08,1.1888339202608334e-06,4.976063749188809,1.312154925860872,0.0
128,7708,8.358586386998958,6.999828364374262e-07,1.4066998551339435e-07,9.087617606147387e-07,8.453899674647154e-08,3.410605131648481e-13,5.903037300832639e-15,3.6412758167304415e-07,7.923621545564336e-08,1.1801555458228249e-06,4.976063750302185,1.3121549262513117,0.0
128,7712,8.362924003183183,6.948792985337178e-07,1.3964436807592177e-07,9.021321769474738e-07,8.392226926478455e-08,3.694822225952521e-13,6.394957075902026e-15,3.6147087020234267e-07,7.865810005573663e-08,1.1715406116398916e-06,4.9760637514071835,1.3121549266388204,0.0
128,7716,8.367261619367406,6.898130133612461e-07,1.3862623702367274e-07,8.955510187185073e-07,8.331004663590736e-08,3.979039320256561e-13,6.886876850971412e-15,3.5883356744103646e-07,7.808420810045966e-08,1.1629886532856974e-06,4.976063752503871,1.31215492702342,0.0
128,7720,8.37159923555163,6.847837085901263e-07,1.3761553762867534e-07,8.890179316301723e-07,8.270229590074047e-08,3.410605131648481e-13,5.903037300832639e-15,3.562155313628976e-07,7.751450868410419e-08,1.154499207677877e-06,4.976063753592308,1.3121549274051327,0.0
128,7724,8.375936851735853,6.797911139273943e-07,1.3661221557230153e-07,8.825325640270302e-07,8.20989843459818e-08,3.410605131648481e-13,5.903037300832639e-15,3.536166210002062e-07,7.694897113129934e-08,1.1460718209621862e-06,4.976063754672557,1.3121549277839801,0.0
128,7728,8.380274467920076,6.748349609968258e-07,1.3561621692111525e-07,8.760945667584556e-07,8.150007949134349e-08,3.410605131648481e-13,5.903037300832639e-15,3.5103669639030487e-07,7.638756498538147e-08,1.1377060344949476e-06,4.976063755744681,1.3121549281599836,0.0
128,7732,8.384612084104301,6.69914983497552e-07,1.34627488158748e-07,8.697035933774193e-07,8.090554910804399e-08,3.126388037344441e-13,5.411117525763253e-15,3.484756186546286e-07,7.583026002559155e-08,1.1294013991859045e-06,4.976063756808741,1.3121549285331648,0.0
128,7736,8.388949700288524,6.650309170613289e-07,1.3364597615721572e-07,8.633592999470214e-07,8.031536120081046e-08,3.126388037344441e-13,5.411117525763253e-15,3.45933249920477e-07,7.527702625005238e-08,1.121157467997359e-06,4.9760637578647975,1.3121549289035448,0.0
128,7740,8.393287316472748,6.60182499235834e-07,1.3267162817356164e-07,8.570613450292885e-07,7.972948400683666e-08,3.126388037344441e-13,5.411117525763253e-15,3.43409453317435e-07,7.472783387498969e-08,1.1129737948561483e-06,4.976063758912912,1.3121549292711447,0.0
128,7744,8.39762493265697,6.553694693519222e-07,1.317043918231802e-07,8.508093895084956e-07,7.914788597934719e-08,3.126388037344441e-13,5.411117525763253e-15,3.4090409290620403e-07,7.418265331924539e-08,1.1048499404470488e-06,4.976063759953144,1.3121549296359851,0.0
128,7748,8.401962548841196,6.505915688334187e-07,1.3074421514207322e-07,8.446030969928668e-07,7.857053582496627e-08,3.126388037344441e-13,5.411117525763253e-15,3.384170338395144e-07,7.364145523929307e-08,1.096785464869179e-06,4.976063760985554,1.3121549299980872,0.0
128,7752,8.406300165025419,6.458485409946633e-07,1.297910465461644e-07,8.384421335519625e-07,7.799740247928786e-08,3.126388037344441e-13,5.411117525763253e-15,3.359481422569207e-07,7.310421050634483e-08,1.0887799345711123e-06,4.976063762010199,1.3121549303574715,0.0
128,7756,8.410637781209642,6.411401308051533e-07,1.2884483478400112e-07,8.323261674176222e-07,7.742845507905529e-08,3.126388037344441e-13,5.411117525763253e-15,3.3349728516553746e-07,7.257089018039874e-08,1.0808329182344213e-06,4.976063763027139,1.3121549307141585,0.0
128,7760,8.414975397393865,6.364660852928109e-07,1.279055290177962e-07,8.262548694948229e-07,7.686366300968478e-08,2.8421709430404007e-13,4.919197750693866e-15,3.3106433064363136e-07,7.204146555454155e-08,1.072943986338474e-06,4.976063764036434,1.312154931068168,0.0
128,7764,8.41931301357809,6.318261533797479e-07,1.2697307879042259e-07,8.202279131566363e-07,7.630299588619091e-08,2.8421709430404007e-13,4.919197750693866e-15,3.2864914775917387e-07,7.151590813722541e-08,1.065112714529221e-06,4.976063765038139,1.3121549314195207,0.0
128,7768,8.423650629762314,6.272200857333019e-07,1.260474339954774e-07,8.14244974050612e-07,7.57464235351752e-08,3.126388037344441e-13,5.411117525763253e-15,3.262516064922416e-07,7.099418963538168e-08,1.0573386802222332e-06,4.976063766032314,1.3121549317682362,0.0
128,7772,8.427988245946537,6.226476348821624e-07,1.2512854490061887e-07,8.083057302444634e-07,7.519391600837868e-08,3.126388037344441e-13,5.411117525763253e-15,3.238715777929514e-07,7.047628196702794e-08,1.049621464751548e-06,4.976063767019014,1.3121549321143346,0.0
128,7776,8.43232586213076,6.181085550719696e-07,1.2421636211854713e-07,8.02409862046546e-07,7.464544356598168e-08,2.5579538487363607e-13,4.42727797562448e-15,3.2150893351021656e-07,6.996215724576494e-08,1.041960650768146e-06,4.976063767998297,1.3121549324578357,0.0
128,7780,8.436663478314983,6.136026025004856e-07,1.2331083665426474e-07,7.9655705230489e-07,7.410097670442176e-08,2.5579538487363607e-13,4.42727797562448e-15,3.191635465110217e-07,6.945178780673153e-08,1.0343558289745096e-06,4.976063768970218,1.3121549327987585,0.0
128,7784,8.441001094499208,6.091295349279054e-07,1.2241191982676403e-07,7.907469859021678e-07,7.356048610941229e-08,2.8421709430404007e-13,4.919197750693866e-15,3.168352904781389e-07,6.894514616258645e-08,1.0268065844393905e-06,4.976063769934832,1.3121549331371227,0.0
128,7788,8.445338710683432,6.046891121830079e-07,1.215195633707441e-07,7.849793504124684e-07,7.30239427170399e-08,3.126388037344441e-13,5.411117525763253e-15,3.145240401732591e-07,6.844220506076731e-08,1.0193125149865145e-06,4.976063770892197,1.3121549334729476,0.0
128,7792,8.449676326867655,6.002810956977714e-07,1.2063371934308633e-07,7.792538355056908e-07,7.249131765835728e-08,2.8421709430404007e-13,4.919197750693866e-15,3.122296711990853e-07,6.79429374317207e-08,1.0118732128685497e-06,4.976063771842365,1.3121549338062521,0.0
128,7796,8.454013943051878,5.959052485971609e-07,1.1975434014089826e-07,7.735701330443938e-07,7.196258226839274e-08,2.5579538487363607e-13,4.42727797562448e-15,3.0995206003642845e-07,6.744731639697441e-08,1.0044882791716908e-06,4.976063772785391,1.3121549341370553,0.0
128,7800,8.458351559236103,5.915613358365571e-07,1.1888137852913133e-07,7.679279372842014e-07,7.143770810479326e-08,2.5579538487363607e-13,4.42727797562448e-15,3.0769108412641473e-07,6.695531528702628e-08,9.971573160416206e-07,4.9760637737213305,1.312154934465376,0.0
128,7804,8.462689175420326,5.872491240071029e-07,1.180147876014633e-07,7.623269446014055e-07,7.091666692248426e-08,2.5579538487363607e-13,4.42727797562448e-15,3.054466217596315e-07,6.646690761722166e-08,9.89879928206999e-07,4.976063774650235,1.3121549347912327,0.0
128,7808,8.46702679160455,5.829683814643364e-07,1.1715452080614829e-07,7.567668536814263e-07,7.039943069120156e-08,2.2737367544323206e-13,3.935358200555093e-15,3.0321855215350294e-07,6.598206710459087e-08,9.826557234723315e-07,4.97606377557216,1.312154935114644,0.0
128,7812,8.471364407788773,5.787188782615696e-07,1.1630053193262859e-07,7.512473654110514e-07,6.988597158546656e-08,2.2737367544323206e-13,3.935358200555093e-15,3.0100675540726647e-07,6.550076765805169e-08,9.754843124256924e-07,4.976063776487157,1.3121549354356283,0.0
128,7816,8.475702023972998,5.745003861979535e-07,1.1545277512119383e-07,7.457681829515029e-07,6.937626199138355e-08,1.9895196601282805e-13,3.443438425485706e-15,2.988111125321751e-07,6.50229833849817e-08,9.683653088213122e-07,4.976063777395278,1.312154935754204,0.0
128,7820,8.480039640157221,5.703126785453093e-07,1.1461120480808452e-07,7.403290113852416e-07,6.887027447378311e-08,1.9895196601282805e-13,3.443438425485706e-15,2.966315053101026e-07,6.454868856044988e-08,9.612983287065547e-07,4.976063778296575,1.312154936070389,0.0
128,7824,8.484377256341444,5.661555303353459e-07,1.1377577578321176e-07,7.34929558083561e-07,6.836798181041805e-08,2.2737367544323206e-13,3.935358200555093e-15,2.9446781644037437e-07,6.407785765916787e-08,9.542829911677112e-07,4.9760637791911,1.3121549363842013,0.0
128,7828,8.488714872525668,5.620287184532851e-07,1.1294644320897244e-07,7.295695328295076e-07,6.786935700339832e-08,2.2737367544323206e-13,3.935358200555093e-15,2.9231992958913817e-07,6.361046536623325e-08,9.473189184865678e-07,4.9760637800789045,1.3121549366956589,0.0
128,7832,8.49305248870989,5.579320210448763e-07,1.1212316250108162e-07,7.242486470531189e-07,6.737437320804783e-08,2.2737367544323206e-13,3.935358200555093e-15,2.9018772908337774e-07,6.314648651054535e-08,9.404057360477365e-07,4.97606378096004,1.3121549370047794,0.0
128,7836,8.497390104894116,5.538652181659985e-07,1.1130588945911796e-07,7.189666146645849e-07,6.688300381041059e-08,2.2737367544323206e-13,3.935358200555093e-15,2.8807110024386267e-07,6.26858961372568e-08,9.335430695842585e-07,4.976063781834554,1.3121549373115804,0.0
128,7840,8.501727721078339,5.498280913212273e-07,1.1049458017379313e-07,7.137231514637363e-07,6.639522237231737e-08,1.9895196601282805e-13,3.443438425485706e-15,2.8596992914928206e-07,6.222866945644784e-08,9.267305512884758e-07,4.976063782702499,1.3121549376160793,0.0
128,7844,8.506065337262562,5.45820423646614e-07,1.096891910636835e-07,7.085179753778787e-07,6.591100265351069e-08,1.7053025658242404e-13,2.9515186504163195e-15,2.8388410273158704e-07,6.177478186387333e-08,9.199678135825409e-07,4.976063783563925,1.3121549379182935,0.0
128,7848,8.510402953446786,5.418419999785192e-07,1.088896788890631e-07,7.033508065402973e-07,6.54303186189478e-08,2.2737367544323206e-13,3.935358200555093e-15,2.81813508806505e-07,6.132420894760284e-08,9.132544907912238e-07,4.976063784418879,1.31215493821824,0.0
128,7852,8.51474056963101,5.378926066868915e-07,1.0809600071839893e-07,6.982213670861779e-07,6.495314441981592e-08,1.9895196601282805e-13,3.443438425485706e-15,2.797580359928404e-07,6.087692647046001e-08,9.065902242525057e-07,4.976063785267412,1.3121549385159361,0.0
128,7856,8.519078185815234,5.339720315236651e-07,1.0730811389788467e-07,6.931293809479499e-07,6.447945437449366e-08,1.7053025658242404e-13,2.9515186504163195e-15,2.777175736297928e-07,6.043291035203055e-08,8.999746508838345e-07,4.976063786109571,1.3121549388113984,0.0
128,7860,8.523415801999457,5.300800640715011e-07,1.0652597614162064e-07,6.880745744429881e-07,6.400922302322296e-08,1.4210854715202004e-13,2.459598875346933e-15,2.756920120128836e-07,5.999213672000118e-08,8.934074179713553e-07,4.976063786945406,1.3121549391046439,0.0
128,7864,8.52775341818368,5.262164951834557e-07,1.0574954541900831e-07,6.830566755431853e-07,6.354242506015991e-08,1.7053025658242404e-13,2.9515186504163195e-15,2.7368124210102716e-07,5.955458184641667e-08,8.868881687211118e-07,4.9760637877749625,1.3121549393956893,0.0
128,7868,8.532091034367904,5.223811174144037e-07,1.0497878004145013e-07,6.780754144361825e-07,6.307903538558406e-08,1.9895196601282805e-13,3.443438425485706e-15,2.716851557415053e-07,5.912022219663557e-08,8.80416555450404e-07,4.976063788598289,1.3121549396845507,0.0
128,7872,8.536428650552129,5.185737248046835e-07,1.0421363861887035e-07,6.731305232396876e-07,6.26190290793225e-08,1.7053025658242404e-13,2.9515186504163195e-15,2.6970364555508343e-07,5.8689034404330795e-08,8.739922264200455e-07,4.976063789415433,1.3121549399712449,0.0
128,7876,8.540766266736352,5.147941129496446e-07,1.034540800736915e-07,6.68221736097505e-07,6.216238140968313e-08,1.9895196601282805e-13,3.443438425485706e-15,2.6773660497498527e-07,5.82609952799708e-08,8.676148379715809e-07,4.976063790226441,1.3121549402557882,0.0
128,7880,8.545103882920575,5.110420787440093e-07,1.0270006358946067e-07,6.633487888478624e-07,6.170906780260024e-08,1.9895196601282805e-13,3.443438425485706e-15,2.6578392811401545e-07,5.783608178190467e-08,8.612840448694897e-07,4.9760637910313585,1.3121549405381965,0.0
128,7884,8.549441499104798,5.073174208046751e-07,1.0195154869581681e-07,6.585114195679327e-07,6.125906389228954e-08,1.7053025658242404e-13,2.9515186504163195e-15,2.638455099823604e-07,5.741427106375683e-08,8.549995061052823e-07,4.976063791830232,1.3121549408184865,0.0
128,7888,8.553779115289023,5.036199390993321e-07,1.0120849519385693e-07,6.537093680943201e-07,6.081234547664064e-08,1.9895196601282805e-13,3.443438425485706e-15,2.6192124629568356e-07,5.699554043266746e-08,8.487608835107316e-07,4.976063792623109,1.3121549410966735,0.0
128,7892,8.558116731473246,4.999494351993594e-07,1.0047086320695866e-07,6.489423763520441e-07,6.036888854782124e-08,1.4210854715202004e-13,2.459598875346933e-15,2.600110336070009e-07,5.657986737798942e-08,8.425678420219149e-07,4.976063793410032,1.3121549413727736,0.0
128,7896,8.56245434765747,4.963057118881657e-07,9.973861310207162e-08,6.442101878443948e-07,5.992866924482015e-08,1.7053025658242404e-13,2.9515186504163195e-15,2.581147691021292e-07,5.616722952677656e-08,8.364200476585188e-07,4.976063794191047,1.3121549416468021,0.0
128,7900,8.566791963841693,4.92688573581198e-07,9.901170557412316e-08,6.395125481990948e-07,5.949166390425492e-08,1.7053025658242404e-13,2.9515186504163195e-15,2.5623235081860124e-07,5.5757604691420926e-08,8.30317170100696e-07,4.9760637949661986,1.3121549419187748,0.0
128,7904,8.571129580025918,4.890978260198203e-07,9.82901015844996e-08,6.348492047676547e-07,5.905784902310112e-08,1.4210854715202004e-13,2.459598875346933e-15,2.5436367748485437e-07,5.535097083465933e-08,8.242588781726975e-07,4.976063795735532,1.312154942188707,0.0
128,7908,8.575467196210141,4.855332764349897e-07,9.7573762393939e-08,6.302199068461586e-07,5.862720127923141e-08,1.4210854715202004e-13,2.459598875346933e-15,2.5250864860941527e-07,5.49473060889804e-08,8.182448469919981e-07,4.976063796499089,1.3121549424566143,0.0
128,7912,8.579804812394364,4.819947334212239e-07,9.686264953720333e-08,6.256244054963128e-07,5.81996975147682e-08,1.4210854715202004e-13,2.459598875346933e-15,2.506671644078667e-07,5.4546588740732165e-08,8.122747532636322e-07,4.976063797256915,1.3121549427225119,0.0
128,7916,8.584142428578588,4.7848200699008e-07,9.615672483382568e-08,6.210624536334767e-07,5.777531474427291e-08,1.7053025658242404e-13,2.9515186504163195e-15,2.4883912583973443e-07,5.4148797238148834e-08,8.063482741290189e-07,4.9760637980090525,1.3121549429864148,0.0
128,7920,8.588480044762811,4.749949085015149e-07,9.545595037431637e-08,6.1653380592535e-07,5.735403014532119e-08,1.1368683772161603e-13,1.9676791002775463e-15,2.4702443456683417e-07,5.375391018228689e-08,8.004650927401019e-07,4.976063798755545,1.312154943248338,0.0
128,7924,8.592817660947036,4.7153325086876847e-07,9.476028856133662e-08,6.120382190578327e-07,5.693582108323496e-08,1.7053025658242404e-13,2.9515186504163195e-15,2.452229930597859e-07,5.3361906350203146e-08,7.946248897845334e-07,4.976063799496435,1.3121549435082962,0.0
128,7928,8.59715527713126,4.6809684817198074e-07,9.40697020320503e-08,6.075754512408876e-07,5.652066506511446e-08,1.1368683772161603e-13,1.9676791002775463e-15,2.4343470440067027e-07,5.297276465201177e-08,7.888273530207719e-07,4.976063800231764,1.3121549437663047,0.0
128,7932,8.601492893315482,4.6468551589422904e-07,9.338415370555843e-08,6.031452625129546e-07,5.610853976815695e-08,1.1368683772161603e-13,1.9676791002775463e-15,2.4165947240482743e-07,5.258646415738827e-08,7.830721683714547e-07,4.976063800961575,1.3121549440223776,0.0
128,7936,8.605830509499706,4.612990709040045e-07,9.270360677937765e-08,5.987474147103357e-07,5.56994230368086e-08,1.7053025658242404e-13,2.9515186504163195e-15,2.3989720160790743e-07,5.220298409275169e-08,7.773590272050043e-07,4.976063801685909,1.31215494427653,0.0
128,7940,8.61016812568393,4.579373313771922e-07,9.202802471376114e-08,5.943816713733743e-07,5.529329287403673e-08,1.4210854715202004e-13,2.459598875346933e-15,2.3814779722892582e-07,5.182230383322524e-08,7.716876202831636e-07,4.976063802404808,1.3121549445287757,0.0
128,7944,8.614505741868154,4.546001169183434e-07,9.135737125606981e-08,5.900477979001588e-07,5.489012745562834e-08,1.4210854715202004e-13,2.459598875346933e-15,2.364111652315262e-07,5.14444029159674e-08,7.660576437911281e-07,4.976063803118312,1.3121549447791294,0.0
128,7948,8.618843358052377,4.512872483773391e-07,9.069161040392852e-08,5.857455613109074e-07,5.448990510827161e-08,1.4210854715202004e-13,2.459598875346933e-15,2.3468721222978068e-07,5.106926101967358e-08,7.604687953245805e-07,4.976063803826462,1.3121549450276053,0.0
128,7952,8.6231809742366,4.4799854794317067e-07,9.003070642407256e-08,5.814747303694412e-07,5.40926043208561e-08,1.1368683772161603e-13,1.9676791002775463e-15,2.3297584553683887e-07,5.069685797516236e-08,7.549207733524154e-07,4.9760638045293,1.3121549452742174,0.0
128,7956,8.627518590420825,4.447338390337278e-07,8.937462383019908e-08,5.772350754394476e-07,5.3698203731101484e-08,1.1368683772161603e-13,1.9676791002775463e-15,2.3127697310727749e-07,5.0327173752830506e-08,7.494132769376052e-07,4.976063805226864,1.3121549455189796,0.0
128,7960,8.631856206605049,4.4149294643240107e-07,8.872332741041915e-08,5.730263686612012e-07,5.330668214199727e-08,1.1368683772161603e-13,1.9676791002775463e-15,2.295905036078561e-07,4.996018847804978e-08,7.439460137544437e-07,4.976063805919194,1.3121549457619062,0.0
128,7964,8.636193822789272,4.3827569616988864e-07,8.80767822035053e-08,5.688483838021687e-07,5.2918018507905066e-08,1.1368683772161603e-13,1.9676791002775463e-15,2.27916346358008e-07,4.959588241821742e-08,7.385186845530134e-07,4.976063806606331,1.3121549460030102,0.0
128,7968,8.640531438973495,4.350819155790852e-07,8.743495350992211e-08,5.647008963173353e-07,5.253219194017055e-08,1.1368683772161603e-13,1.9676791002775463e-15,2.262544113530632e-07,4.923423598780962e-08,7.331310023460143e-07,4.9760638072883125,1.3121549462423059,0.0
128,7972,8.644869055157718,4.3191143316474327e-07,8.679780686563319e-08,5.605836831916688e-07,5.214918169246845e-08,1.7053025658242404e-13,2.9515186504163195e-15,2.2460460920213955e-07,4.8875229734866246e-08,7.277826717959909e-07,4.976063807965178,1.3121549464798072,0.0
128,7976,8.649206671341943,4.2876407882877373e-07,8.616530808737788e-08,5.564965232271432e-07,5.1768967187503354e-08,8.526512829121202e-14,1.4757593252081598e-15,2.2296685124267396e-07,4.851884436591353e-08,7.224734099795942e-07,4.976063808636966,1.3121549467155271,0.0
128,7980,8.653544287526167,4.2563968358898966e-07,8.553742321614957e-08,5.524391966851475e-07,5.139152798374424e-08,8.526512829121202e-14,1.4757593252081598e-15,2.2134104939779625e-07,4.8165060714927744e-08,7.172029266066433e-07,4.976063809303716,1.312154946949479,0.0
128,7984,8.65788190371039,4.2253807980245015e-07,8.491411856207924e-08,5.484114855578922e-07,5.101684380067252e-08,1.1368683772161603e-13,1.9676791002775463e-15,2.1972711628346732e-07,4.781385976664915e-08,7.119709422320631e-07,4.976063809965464,1.3121549471816765,0.0
128,7988,8.662219519894613,4.194591009965485e-07,8.429536067049063e-08,5.444131733699496e-07,5.064489450031991e-08,1.4210854715202004e-13,2.459598875346933e-15,2.1812496513076768e-07,4.7465222639671486e-08,7.067771716175359e-07,4.976063810622249,1.3121549474121323,0.0
128,7992,8.666557136078838,4.164025819823261e-07,8.368111634467206e-08,5.404440453133625e-07,5.0275660099837256e-08,1.1368683772161603e-13,1.9676791002775463e-15,2.165345098389918e-07,4.711913059799561e-08,7.016213379755511e-07,4.976063811274108,1.31215494764086,0.0
128,7996,8.670894752263061,4.1336835865353566e-07,8.30713526054957e-08,5.365038879926237e-07,4.990912074777077e-08,5.684341886080802e-14,9.838395501387732e-16,2.1495566487397204e-07,4.6775565028904243e-08,6.96503162360572e-07,4.97606381192108,1.3121549478678722,0.0
128,8000,8.675232368447285,4.103562681035372e-07,8.246603671490931e-08,5.325924895678237e-07,4.954525673737861e-08,1.1368683772161603e-13,1.9676791002775463e-15,2.1338834532468955e-07,4.6434507455280775e-08,6.914223688755267e-07,4.976063812563198,1.3121549480931818,0.0
128,8004,8.679569984631508,4.0736614880498806e-07,8.1865136212047e-08,5.287096399989787e-07,4.9184048529359846e-08,1.1368683772161603e-13,1.9676791002775463e-15,2.1183246700212998e-07,4.609593955712086e-08,6.863786855669007e-07,4.9760638132005015,1.3121549483168016,0.0
128,8008,8.683907600815731,4.043978403232764e-07,8.126861885564038e-08,5.24855130665883e-07,4.882547671649065e-08,8.526512829121202e-14,1.4757593252081598e-15,2.1028794628626095e-07,4.575984313823384e-08,6.813718406261561e-07,4.976063813833027,1.3121549485387445,0.0
128,8012,8.688245216999956,4.014511831828102e-07,8.067645259714759e-08,5.21028754200422e-07,4.8469522008024965e-08,8.526512829121202e-14,1.4757593252081598e-15,2.0875470005935474e-07,4.5426200111733364e-08,6.764015634261172e-07,4.976063814460808,1.312154948759023,0.0
128,8016,8.69258283318418,3.9852601941688396e-07,8.008860569125572e-08,5.172303051903892e-07,4.811616529516815e-08,8.526512829121202e-14,1.4757593252081598e-15,2.0723264598712446e-07,4.509499256121425e-08,6.714675876080171e-07,4.976063815083883,1.3121549489776496,0.0
128,8020,8.696920449368402,3.956221920033316e-07,7.950504658246846e-08,5.134595794637025e-07,4.776538758449009e-08,8.526512829121202e-14,1.4757593252081598e-15,2.0572170223338606e-07,4.4766202678661283e-08,6.66569645965547e-07,4.976063815702285,1.3121549491946365,0.0
128,8024,8.701258065552626,3.927395451916416e-07,7.892574397084375e-08,5.097163744911452e-07,4.7417170035390825e-08,8.526512829121202e-14,1.4757593252081598e-15,2.0422178761952626e-07,4.443981279915038e-08,6.61707477608279e-07,4.976063816316052,1.3121549494099962,0.0
128,8028,8.70559568173685,3.8987792411223375e-07,7.835066673347337e-08,5.060004888988583e-07,4.707149391474937e-08,8.526512829121202e-14,1.4757593252081598e-15,2.027328214308799e-07,4.4115805358715155e-08,6.568808194954953e-07,4.976063816925217,1.3121549496237408,0.0
128,8032,8.709933297921074,3.870371754075414e-07,7.777978405130636e-08,5.023117232783277e-07,4.6728340672274045e-08,8.526512829121202e-14,1.4757593252081598e-15,2.0125472374047108e-07,4.3794162964794866e-08,6.520894110667288e-07,4.976063817529815,1.3121549498358829,0.0
128,8036,8.714270914105297,3.842171465840173e-07,7.721306527892693e-08,4.986498793449369e-07,4.638769186222551e-08,1.4210854715202004e-13,2.459598875346933e-15,1.9978741507184092e-07,4.347486832286382e-08,6.47332995475972e-07,4.976063818129881,1.312154950046434,0.0
128,8040,8.71860853028952,3.814176863597166e-07,7.665048001440537e-08,4.950147603925279e-07,4.604952918570306e-08,2.842170943040401e-14,4.919197750693866e-16,1.9833081658147192e-07,4.315790427612793e-08,6.426113177363671e-07,4.976063818725449,1.3121549502554062,0.0
128,8044,8.722946146473745,3.786386444733563e-07,7.609199806092626e-08,4.914061710387771e-07,4.571383446695771e-08,5.684341886080802e-14,9.838395501387732e-16,1.9688484995617805e-07,4.2843253783196216e-08,6.379241211736119e-07,4.976063819316552,1.3121549504628116,0.0
128,8048,8.727283762657969,3.7587987184404505e-07,7.553758945888812e-08,4.878239174453349e-07,4.538058967387114e-08,5.684341886080802e-14,9.838395501387732e-16,1.9544943750242044e-07,4.2530899937516444e-08,6.332711548435828e-07,4.976063819903224,1.3121549506686616,0.0
128,8052,8.731621378842192,3.731412204374372e-07,7.498722445900545e-08,4.842678071280267e-07,4.5049776900299274e-08,2.842170943040401e-14,4.919197750693866e-16,1.940245020688661e-07,4.222082595052341e-08,6.286521708947417e-07,4.9760638204855,1.3121549508729682,0.0
128,8056,8.735958995026415,3.7042254331150025e-07,7.444087353150619e-08,4.807376490282063e-07,4.472137837271008e-08,2.842170943040401e-14,4.919197750693866e-16,1.9260996707601402e-07,4.191301515808579e-08,6.240669164303659e-07,4.976063821063411,1.3121549510757429,0.0
128,8060,8.740296611210638,3.6772369466910406e-07,7.389850737670027e-08,4.772332535772305e-07,4.439537645618139e-08,5.684341886080802e-14,9.838395501387732e-16,1.912057565416995e-07,4.1607451026056e-08,6.195151484290977e-07,4.976063821636991,1.3121549512769972,0.0
128,8064,8.744634227394863,3.65044529696986e-07,7.336009689261758e-08,4.737544324843217e-07,4.4071753634666504e-08,5.684341886080802e-14,9.838395501387732e-16,1.898117949958269e-07,4.130411713171559e-08,6.149966194699717e-07,4.976063822206273,1.3121549514767423,0.0
128,8068,8.748971843579087,3.6238490462386014e-07,7.282561318668586e-08,4.7030099882133274e-07,4.375049251887958e-08,5.684341886080802e-14,9.838395501387732e-16,1.8842800751514344e-07,4.100299717134216e-08,6.105110880389886e-07,4.976063822771288,1.3121549516749895,0.0
128,8072,8.75330945976331,3.597446767814551e-07,7.229502758799686e-08,4.668727670870506e-07,4.343157585227757e-08,5.684341886080802e-14,9.838395501387732e-16,1.8705431974770753e-07,4.0704074965533904e-08,6.060583108294924e-07,4.976063823332069,1.3121549518717504,0.0
128,8076,8.757647075947533,3.5712370458616416e-07,7.176831164361878e-08,4.634695531940577e-07,4.311498650983797e-08,5.684341886080802e-14,9.838395501387732e-16,1.8569065790855202e-07,4.04073344582658e-08,6.016380505057654e-07,4.976063823888648,1.3121549520670361,0.0
128,8080,8.761984692131758,3.5452184738413283e-07,7.124543708746474e-08,4.600911742673186e-07,4.2800707479322045e-08,8.526512829121202e-14,1.4757593252081598e-15,1.8433694869895495e-07,4.0112759699322567e-08,5.972500687167035e-07,4.976063824441057,1.3121549522608578,0.0
128,8084,8.766322308315981,3.519389656524833e-07,7.072637588073123e-08,4.567374489040246e-07,4.248872188544728e-08,8.526512829121202e-14,1.4757593252081598e-15,1.8299311941043425e-07,3.9820334866928404e-08,5.928941298329659e-07,4.976063824989326,1.312154952453226,0.0
128,8088,8.770659924500205,3.4937492071411025e-07,7.021110015458294e-08,4.534081967974113e-07,4.2179012954892396e-08,5.684341886080802e-14,9.838395501387732e-16,1.816590977735037e-07,3.953004423483553e-08,5.885699974265623e-07,4.976063825533487,1.312154952644152,0.0
128,8092,8.774997540684428,3.468295750833175e-07,6.969958227961258e-08,4.50103239195536e-07,4.1871564058975866e-08,2.842170943040401e-14,4.919197750693866e-16,1.8033481214237071e-07,3.924187221251538e-08,5.842774410051228e-07,4.976063826073571,1.3121549528336465,0.0
128,8096,8.779335156868653,3.443027922885431e-07,6.919179483021534e-08,4.4682239866405513e-07,4.15663586915879e-08,5.684341886080802e-14,9.838395501387732e-16,1.7902019139927082e-07,3.895580332434131e-08,5.800162296507262e-07,4.97606382660961,1.3121549530217202,0.0
128,8100,8.783672773052876,3.417944367733649e-07,6.868771056469478e-08,4.435654989596778e-07,4.126338045741827e-08,5.684341886080802e-14,9.838395501387732e-16,1.7771516490393362e-07,3.867182219859206e-08,5.757861313251263e-07,4.976063827141632,1.312154953208384,0.0
128,8104,8.7880103892371,3.393043738850294e-07,6.818730242295757e-08,4.4033236501598174e-07,4.096261307063679e-08,5.684341886080802e-14,9.838395501387732e-16,1.7641966248796097e-07,3.838991356622845e-08,5.715869228700717e-07,4.97606382766967,1.3121549533936485,0.0
128,8108,8.792348005421323,3.368324701928542e-07,6.769054359050029e-08,4.3712282335654005e-07,4.066404039332513e-08,2.842170943040401e-14,4.919197750693866e-16,1.751336146203399e-07,3.811006229690991e-08,5.674183757446949e-07,4.97606382819375,1.312154953577524,0.0
128,8112,8.796685621605546,3.3437859302525486e-07,6.71974074053694e-08,4.3393670149326485e-07,4.036764637950672e-08,5.684341886080802e-14,9.838395501387732e-16,1.738569521663157e-07,3.783225334652388e-08,5.632802664909019e-07,4.976063828713906,1.3121549537600212,0.0
128,8116,8.80102323778977,3.319426107255696e-07,6.670786740957232e-08,4.3077382825636093e-07,4.007341510584128e-08,8.526512829121202e-14,1.4757593252081598e-15,1.7258960651941104e-07,3.755647178591396e-08,5.591723704173613e-07,4.976063829230165,1.3121549539411501,0.0
128,8120,8.805360853973994,3.2952439281528377e-07,6.622189738187929e-08,4.2763403401226927e-07,3.9781330791899305e-08,2.842170943040401e-14,4.919197750693866e-16,1.7133150968927662e-07,3.728270281999666e-08,5.550944697078695e-07,4.976063829742558,1.312154954120921,0.0
128,8124,8.809698470158217,3.271238094857851e-07,6.573947123568555e-08,4.2451714999802486e-07,3.949137773823969e-08,2.842170943040401e-14,4.919197750693866e-16,1.70082594034474e-07,3.70109317296135e-08,5.510463432097125e-07,4.976063830251113,1.312154954299344,0.0
128,8128,8.81403608634244,3.2474073197654295e-07,6.526056309501094e-08,4.214230088106751e-07,3.9203540371938596e-08,5.684341886080802e-14,9.838395501387732e-16,1.6884279245844304e-07,3.674114391417457e-08,5.470277751728147e-07,4.97606383075586,1.3121549544764297,0.0
128,8132,8.818373702526666,3.2237503246624027e-07,6.478514727262159e-08,4.183514442743259e-07,3.8917803234221284e-08,2.842170943040401e-14,4.919197750693866e-16,1.6761203835695735e-07,3.647332488022453e-08,5.43038546168465e-07,4.976063831256825,1.312154954652188,0.0
128,8136,8.822711318710889,3.2002658406517403e-07,6.431319826850273e-08,4.1530229142473336e-07,3.8634150979028654e-08,5.684341886080802e-14,9.838395501387732e-16,1.6639026561146922e-07,3.620746023999451e-08,5.390784452279196e-07,4.976063831754039,1.3121549548266287,0.0
128,8140,8.827048934895112,3.176952608197654e-07,6.384469077076498e-08,4.122753865108022e-07,3.835256837315667e-08,5.684341886080802e-14,9.838395501387732e-16,1.6517740858933177e-07,3.594353571145038e-08,5.351472569556616e-07,4.97606383224753,1.3121549549997618,0.0
128,8144,8.831386551079335,3.153809378074183e-07,6.337959967470739e-08,4.0927056712791606e-07,3.807304030865965e-08,0.0,0.0,1.6397340219810617e-07,3.5681537130110325e-08,5.312447704135902e-07,4.976063832737325,1.312154955171597,0.0
128,8148,8.835724167263558,3.130834908901431e-07,6.291790003330514e-08,4.0628767189018757e-07,3.779555177236075e-08,2.842170943040401e-14,4.919197750693866e-16,1.6277818175355203e-07,3.542145042031881e-08,5.273707767464874e-07,4.976063833223453,1.3121549553421439,0.0
128,8152,8.840061783447783,3.108027969008303e-07,6.245956709464343e-08,4.0332654068090903e-07,3.752008786915059e-08,0.0,0.0,1.615916830807278e-07,3.516326161724662e-08,5.235250677109886e-07,4.976063833705941,1.3121549555114123,0.0
128,8156,8.844399399632007,3.0853873343108873e-07,6.200457625928112e-08,4.0038701436008844e-07,3.72466337947803e-08,2.842170943040401e-14,4.919197750693866e-16,1.6041384239532675e-07,3.490695684106886e-08,5.197074330997609e-07,4.976063834184815,1.3121549556794119,0.0
128,8160,8.84873701581623,3.0629117901660784e-07,6.155290311750136e-08,3.974689350224011e-07,3.697517485985788e-08,2.842170943040401e-14,4.919197750693866e-16,1.5924459640853655e-07,3.465252231978301e-08,5.15917671552947e-07,4.976063834660105,1.3121549558461523,0.0
128,8164,8.853074632000453,3.0406001323236266e-07,6.110452346844434e-08,3.945721461163809e-07,3.6705696500936185e-08,2.842170943040401e-14,4.919197750693866e-16,1.580838823744149e-07,3.439994439951814e-08,5.121555783013825e-07,4.9760638351318365,1.3121549560116428,0.0
128,8168,8.857412248184678,3.018451164459277e-07,6.065941327053261e-08,3.9169649211653175e-07,3.643818425001051e-08,5.684341886080802e-14,9.838395501387732e-16,1.569316379578469e-07,3.4149209515801693e-08,5.084209514198392e-07,4.976063835600036,1.312154956175893,0.0
128,8172,8.861749864368901,2.996463698443015e-07,6.021754864686191e-08,3.888418185685878e-07,3.617262373872907e-08,0.0,0.0,1.5578780125358656e-07,3.390030419770297e-08,5.047135887741637e-07,4.976063836064731,1.3121549563389117,0.0
128,8176,8.866087480553125,2.9746365553870463e-07,5.977890590626146e-08,3.860079722152477e-07,3.590900071008957e-08,5.684341886080802e-14,9.838395501387732e-16,1.5465231083574058e-07,3.365321507860117e-08,5.01033291316181e-07,4.976063836525947,1.312154956500709,0.0
128,8180,8.870425096737348,2.9529685656760375e-07,5.93434615439018e-08,3.831948010120286e-07,3.5647301019914084e-08,0.0,0.0,1.5352510576515591e-07,3.340792889779288e-08,4.973798623039377e-07,4.976063836983711,1.3121549566612931,0.0
128,8184,8.874762712921573,2.9314585669118027e-07,5.8911192199990744e-08,3.804021538498104e-07,3.5387510611038274e-08,2.842170943040401e-14,4.919197750693866e-16,1.5240612547732575e-07,3.316443247609983e-08,4.937531045811735e-07,4.976063837438047,1.3121549568206738,0.0
128,8188,8.879100329105796,2.910105405512948e-07,5.848207469192016e-08,3.776298807676941e-07,3.512961553311287e-08,2.842170943040401e-14,4.919197750693866e-16,1.5129530986812824e-07,3.292271273452613e-08,4.901528230214752e-07,4.976063837888984,1.3121549569788598,0.0
128,8192,8.88343794529002,2.8889079371859957e-07,5.805608602373379e-08,3.7487783301029437e-07,3.4873601947933445e-08,5.684341886080802e-14,9.838395501387732e-16,1.5019259931644685e-07,3.268275669918055e-08,4.865788237338029e-07,4.976063838336544,1.3121549571358602,0.0
128,8196,8.887775561474243,2.8678650248471265e-07,5.7633203344362124e-08,3.7214586276266993e-07,3.461945610478183e-08,2.842170943040401e-14,4.919197750693866e-16,1.490979345783726e-07,3.244455147825436e-08,4.830309158316491e-07,4.976063838780755,1.312154957291684,0.0
128,8200,8.892113177658466,2.8469755405898205e-07,5.721340398716457e-08,3.6943382340666506e-07,3.436716436427274e-08,0.0,0.0,1.4801125688999347e-07,3.220808428438888e-08,4.795089073424335e-07,4.976063839221641,1.3121549574463396,0.0
128,8204,8.89645079384269,2.826238363815822e-07,5.6796665432368906e-08,3.667415692659071e-07,3.4116713174631735e-08,0.0,0.0,1.4693250786414655e-07,3.197334241220815e-08,4.760126102107345e-07,4.976063839659229,1.3121549575998364,0.0
128,8208,8.900788410026914,2.8056523834189136e-07,5.6382965350956834e-08,3.640689559093626e-07,3.3868089099934034e-08,2.842170943040401e-14,4.919197750693866e-16,1.4586162961378836e-07,3.174031326516502e-08,4.7254183414670166e-07,4.976063840093541,1.3121549577521827,0.0
128,8212,8.905126026211137,2.7852164954864773e-07,5.597228155847414e-08,3.614158398369611e-07,3.362127879085915e-08,2.842170943040401e-14,4.919197750693866e-16,1.4479856462464207e-07,3.1508984327828494e-08,4.6909639612121146e-07,4.976063840524604,1.3121549579033873,0.0
128,8216,8.90946364239536,2.764929605020046e-07,5.556459204960719e-08,3.587820787097488e-07,3.33762690061013e-08,2.842170943040401e-14,4.919197750693866e-16,1.4374325584800515e-07,3.127934318607912e-08,4.656761077549105e-07,4.97606384095244,1.3121549580534586,0.0
128,8220,8.913801258579586,2.7447906233679363e-07,5.515987494658861e-08,3.561675310136632e-07,3.313304658109152e-08,0.0,0.0,1.426956465657759e-07,3.1051377497738095e-08,4.622807863035544e-07,4.9760638413770755,1.312154958202405,0.0
128,8224,8.918138874763809,2.7247984719129264e-07,5.4758108573305655e-08,3.5357205653915146e-07,3.289159847261491e-08,2.842170943040401e-14,4.919197750693866e-16,1.4165568058270447e-07,3.0825075034402105e-08,4.5891024932531574e-07,4.976063841798533,1.3121549583502352,0.0
128,8228,8.922476490948032,2.7049520781780144e-07,5.4359271377040663e-08,3.5099551587436203e-07,3.265191171166401e-08,5.684341886080802e-14,9.838395501387732e-16,1.406233020232148e-07,3.060042363723066e-08,4.55564316358603e-07,4.9760638422168375,1.3121549584969576,0.0
128,8232,8.926814107132255,2.6852503789339247e-07,5.39633419909202e-08,3.4843777081852227e-07,3.241397344189386e-08,5.684341886080802e-14,9.838395501387732e-16,1.3959845549790207e-07,3.037741125317687e-08,4.5224280633649924e-07,4.976063842632012,1.31215495864258,0.0
128,8236,8.93115172331648,2.665692318180528e-07,5.35702991933492e-08,3.458986840988624e-07,3.217777089328846e-08,2.842170943040401e-14,4.919197750693866e-16,1.385810859882845e-07,3.015602590990879e-08,4.4894554219024226e-07,4.976063843044081,1.3121549587871115,0.0
128,8240,8.935489339500704,2.646276846332342e-07,5.3180121891642724e-08,3.433781192883742e-07,3.1943291374510086e-08,2.842170943040401e-14,4.919197750693866e-16,1.375711388158904e-07,2.9936255709082616e-08,4.4567234542431605e-07,4.976063843453066,1.3121549589305597,0.0
128,8244,8.939826955684927,2.627002923847151e-07,5.279278919494732e-08,3.4087594125919913e-07,3.1710522315076475e-08,0.0,0.0,1.3656855982238757e-07,2.971808886553978e-08,4.424230395122028e-07,4.976063843858992,1.312154959072933,0.0
128,8248,8.94416457186915,2.60786951678981e-07,5.2408280325090383e-08,3.3839201561471564e-07,3.1479451212529846e-08,2.842170943040401e-14,4.919197750693866e-16,1.355732951427254e-07,2.950151365794149e-08,4.391974520336749e-07,4.976063844261882,1.3121549592142392,0.0
128,8252,8.948502188053373,2.5888756011716694e-07,5.202657470378615e-08,3.3592620925542954e-07,3.125006568507972e-08,0.0,0.0,1.3458529143209759e-07,2.928651847815702e-08,4.3599540806178386e-07,4.976063844661756,1.3121549593544866,0.0
128,8256,8.952839804237598,2.5700201570215256e-07,5.1647651833484256e-08,3.3347838960184626e-07,3.102235339930942e-08,0.0,0.0,1.3360449555391757e-07,2.9073091763365442e-08,4.328167350583126e-07,4.976063845058641,1.312154959493683,0.0
128,8260,8.957177420421822,2.5513021734801013e-07,5.127149139974947e-08,3.310484252594218e-07,3.079630213203415e-08,0.0,0.0,1.3263085484656315e-07,2.8861222054100763e-08,4.296612631533039e-07,4.976063845452557,1.3121549596318363,0.0
128,8264,8.961515036606045,2.532720648676176e-07,5.089807326877239e-08,3.2863618600242113e-07,3.057189976879943e-08,0.0,0.0,1.3166431711690354e-07,2.865089799284334e-08,4.265288238317117e-07,4.976063845843526,1.3121549597689544,0.0
128,8268,8.965852652790268,2.514274586307433e-07,5.052737741865747e-08,3.262415423329205e-07,3.0349134262856564e-08,0.0,0.0,1.3070483046384974e-07,2.84421082856235e-08,4.234192472776691e-07,4.976063846231571,1.3121549599050448,0.0
128,8272,8.970190268974493,2.495962997281856e-07,5.015938397240881e-08,3.238643656856366e-07,3.0127993654217204e-08,-2.842170943040401e-14,-4.919197750693866e-16,1.2975234335970875e-07,2.8234841719724613e-08,4.2033236571205264e-07,4.9760638466167135,1.3121549600401157,0.0
128,8276,8.974527885158716,2.477784900132533e-07,4.979407320626621e-08,3.215045284954083e-07,2.990846607593095e-08,2.842170943040401e-14,4.919197750693866e-16,1.2880680467840597e-07,2.8029087169824505e-08,4.1726801495414357e-07,4.976063846998977,1.3121549601741742,0.0
128,8280,8.97886550134294,2.459739320925864e-07,4.9431425547860395e-08,3.191619041678708e-07,2.969053975135724e-08,0.0,0.0,1.278681636822231e-07,2.782483359510951e-08,4.142260290548118e-07,4.97606384737838,1.3121549603072282,0.0
128,8284,8.983203117527163,2.4418252920642995e-07,4.9071421552152696e-08,3.1683636694215133e-07,2.947420298139246e-08,2.842170943040401e-14,4.919197750693866e-16,1.269363699683567e-07,2.7622070027645322e-08,4.1120624665754334e-07,4.976063847754947,1.3121549604392855,0.0
128,8288,8.987540733711386,2.4240418536587603e-07,4.871404192901544e-08,3.14527792045997e-07,2.9259444158900903e-08,0.0,0.0,1.2601137352907452e-07,2.7420785585467372e-08,4.082085019212774e-07,4.976063848128697,1.3121549605703533,0.0
128,8292,8.991878349895611,2.406388052719508e-07,4.835926752697152e-08,3.1223605561929557e-07,2.904625176160018e-08,0.0,0.0,1.2509312472355147e-07,2.7220969466452136e-08,4.0523263762745085e-07,4.976063848499653,1.312154960700439,0.0
128,8296,8.996215966079834,2.388862943439365e-07,4.8007079338886033e-08,3.0996103473070017e-07,2.883461435360777e-08,0.0,0.0,1.2418157428278236e-07,2.7022610949386206e-08,4.0227849038112385e-07,4.9760638488678355,1.3121549608295497,0.0
128,8300,9.000553582264057,2.3714655872852678e-07,4.765745850380617e-08,3.077026073936296e-07,2.8624520586929477e-08,0.0,0.0,1.2327667331634958e-07,2.6825699395438974e-08,3.993459044202912e-07,4.976063849233264,1.3121549609576932,0.0
128,8304,9.00489119844828,2.3541950510083975e-07,4.731038626697239e-08,3.0546065231006633e-07,2.8415959177625808e-08,0.0,0.0,1.223783732099526e-07,2.663022422586445e-08,3.964347198898119e-07,4.976063849595961,1.3121549610848766,0.0
128,8308,9.009228814632506,2.3370504092017578e-07,4.6965844031216025e-08,3.03235049201077e-07,2.8208918936559203e-08,0.0,0.0,1.214866257577105e-07,2.6436174950791074e-08,3.9354478202654426e-07,4.9760638499559455,1.312154961211107,0.0
128,8312,9.013566430816729,2.3200307428370375e-07,4.6623813327555765e-08,3.010256786194834e-07,2.8003388751967433e-08,0.0,0.0,1.2060138308732978e-07,2.6243541152937777e-08,3.90675935672142e-07,4.976063850313239,1.3121549613363914,0.0
128,8316,9.017904047000952,2.3031351406294777e-07,4.628427584262631e-08,2.988324221253173e-07,2.7799357605785554e-08,0.0,0.0,1.1972259773025565e-07,2.605231250287931e-08,3.878280249712232e-07,4.976063850667861,1.312154961460737,0.0
128,8320,9.022241663185175,2.2863626967042828e-07,4.5947213371782096e-08,2.9665516197640625e-07,2.7596814544862194e-08,-2.842170943040401e-14,-4.919197750693866e-16,1.1885022249713375e-07,2.586247873194602e-08,3.8500089695423904e-07,4.976063851019833,1.3121549615841515,0.0
128,8324,9.0265792793694,2.2697125129103212e-07,4.56126078655939e-08,2.944937814443316e-07,2.739574871035201e-08,2.842170943040401e-14,4.919197750693866e-16,1.1798421060576273e-07,2.567402966006704e-08,3.821944022427588e-07,4.976063851369173,1.3121549617066408,0.0
128,8328,9.030916895553624,2.2531836956376077e-07,4.5280441365892304e-08,2.923481643877016e-07,2.7196149298018777e-08,0.0,0.0,1.1712451550893421e-07,2.5486955158307295e-08,3.7940838902029725e-07,4.976063851715902,1.3121549618282127,0.0
128,8332,9.035254511737847,2.236775360522944e-07,4.495069610033321e-08,2.9021819586424405e-07,2.699800561517625e-08,0.0,0.0,1.1627109113979156e-07,2.530124520225897e-08,3.7664270613277536e-07,4.976063852060039,1.3121549619488737,0.0
128,8336,9.03959212792207,2.2204866282034937e-07,4.4623354397060825e-08,2.881037615873325e-07,2.6801307030130664e-08,-2.842170943040401e-14,-4.919197750693866e-16,1.1542389169474721e-07,2.5116889824803077e-08,3.7389720625015065e-07,4.976063852401604,1.312154962068631,0.0
128,8340,9.043929744106293,2.2043166259321483e-07,4.4298398717170374e-08,2.860047481279424e-07,2.660604299096803e-08,0.0,0.0,1.1458287171372978e-07,2.4933879133571687e-08,3.711717412687264e-07,4.976063852740616,1.3121549621874908,0.0
128,8344,9.048267360290518,2.1882644870056183e-07,4.39758116432149e-08,2.8392104284296966e-07,2.6412203018885847e-08,0.0,0.0,1.1374798605168515e-07,2.4752203304746405e-08,3.6846616514180245e-07,4.976063853077094,1.3121549623054602,0.0
128,8348,9.052604976474742,2.1723293513375336e-07,4.365557589072245e-08,2.8185253395343694e-07,2.621977671546837e-08,0.0,0.0,1.1291918991024284e-07,2.4571852589949153e-08,3.657803345201756e-07,4.976063853411057,1.312154962422546,0.0
128,8352,9.056942592658965,2.1565103656115245e-07,4.333767431127233e-08,2.79799110556775e-07,2.602875376382909e-08,0.0,0.0,1.1209643884197764e-07,2.439281731716952e-08,3.6311410036966807e-07,4.976063853742525,1.3121549625387543,0.0
128,8356,9.061280208843188,2.140806682172594e-07,4.3022089870216006e-08,2.7776066248696955e-07,2.5839123915600708e-08,0.0,0.0,1.112796886947266e-07,2.4215087878647823e-08,3.604673241103986e-07,4.976063854071515,1.3121549626540923,0.0
128,8360,9.065617825027413,2.125217459003857e-07,4.270880564620956e-08,2.7573708031280985e-07,2.5650876990772155e-08,0.0,0.0,1.1046889561099714e-07,2.4038654730746332e-08,3.578398613344667e-07,4.976063854398047,1.3121549627685662,0.0
128,8364,9.069955441211636,2.109741860863781e-07,4.2397804854067963e-08,2.737282554901682e-07,2.5464002891854685e-08,-2.842170943040401e-14,-4.919197750693866e-16,1.0966401608938598e-07,2.3863508407314338e-08,3.552315714997799e-07,4.976063854722138,1.3121549628821825,0.0
128,8368,9.07429305739586,2.0943790606111054e-07,4.208907087139091e-08,2.717340805148246e-07,2.5278491618098594e-08,2.842170943040401e-14,4.919197750693866e-16,1.0886500704414778e-07,2.368963953265065e-08,3.5264231413413793e-07,4.976063855043808,1.3121549629949474,0.0
128,8372,9.078630673580083,2.079128233031552e-07,4.178258711450313e-08,2.6975444814379944e-07,2.5094333193056484e-08,-2.842170943040401e-14,-4.919197750693866e-16,1.0807182549517335e-07,2.3517038754041105e-08,3.500719518164939e-07,4.9760638553630745,1.3121549631068676,0.0
128,8376,9.082968289764308,2.063988563032321e-07,4.147833720313266e-08,2.6778925244559707e-07,2.4911517762283817e-08,-2.842170943040401e-14,-4.919197750693866e-16,1.0728442898762426e-07,2.334569683307341e-08,3.475203426297361e-07,4.976063855679955,1.3121549632179497,0.0
128,8380,9.087305905948531,2.0489592373722386e-07,4.1176304794218175e-08,2.658383877334959e-07,2.473003549410655e-08,0.0,0.0,1.0650277516512026e-07,2.3175604552760332e-08,3.449873533689966e-07,4.976063855994468,1.3121549633281997,0.0
128,8384,9.091643522132754,2.0340394525665395e-07,4.0876473740765157e-08,2.639017495894006e-07,2.4549876674866607e-08,0.0,0.0,1.0572682217977339e-07,2.300675280676543e-08,3.424728468684835e-07,4.976063856306632,1.3121549634376235,0.0
128,8388,9.095981138316978,2.0192284093931576e-07,4.0578827981443156e-08,2.619792341476735e-07,2.4371031642299145e-08,-2.842170943040401e-14,-4.919197750693866e-16,1.0495652840497476e-07,2.2839132536903837e-08,3.3997668757893114e-07,4.976063856616462,1.3121549635462277,0.0
128,8392,9.1003187545012,2.0045253125618728e-07,4.028335153393689e-08,2.600707380518146e-07,2.4193490781502658e-08,0.0,0.0,1.0419185241800465e-07,2.2672734729358116e-08,3.3749874204715315e-07,4.976063856923979,1.3121549636540184,0.0
128,8396,9.104656370685426,1.9899293756049438e-07,3.999002859322945e-08,2.581761590950871e-07,2.401724458453419e-08,2.842170943040401e-14,4.919197750693866e-16,1.0343275325721648e-07,2.2507550470642946e-08,3.3503887639950014e-07,4.976063857229198,1.3121549637610017,0.0
128,8400,9.108993986869649,1.975439817018241e-07,3.969884345405366e-08,2.562953957189557e-07,2.3842283603750732e-08,0.0,0.0,1.0267919022101767e-07,2.2343570903862224e-08,3.3259695968132004e-07,4.976063857532137,1.3121549638671837,0.0
128,8404,9.113331603053872,1.961055860498776e-07,3.9409780515665555e-08,2.544283470380005e-07,2.3668598454126914e-08,0.0,0.0,1.0193112287733835e-07,2.2180787230769508e-08,3.301728586750008e-07,4.976063857832813,1.3121549639725703,0.0
128,8408,9.117669219238095,1.9467767353992418e-07,3.91228242909789e-08,2.5257491290240907e-07,2.34961798190684e-08,-2.842170943040401e-14,-4.919197750693866e-16,1.011885110889729e-07,2.2019190717282486e-08,3.2776644695515903e-07,4.976063858131242,1.3121549640771673,0.0
128,8412,9.12200683542232,1.9326016773491005e-07,3.883795941904669e-08,2.507349939766178e-07,2.3325018457727646e-08,0.0,0.0,1.0045131504491766e-07,2.185877270030222e-08,3.25377591447438e-07,4.976063858427444,1.3121549641809813,0.0
128,8416,9.126344451606544,1.9185299266739654e-07,3.8555170633296754e-08,2.4890849154372215e-07,2.3155105186808837e-08,0.0,0.0,9.971949518283577e-08,2.1699524570841082e-08,3.2300616559549666e-07,4.9760638587214325,1.3121549642840176,0.0
128,8420,9.130682067790767,1.9045607298804018e-07,3.827444279137059e-08,2.4709530768552034e-07,2.298643089731674e-08,-2.842170943040401e-14,-4.919197750693866e-16,9.899301226009341e-08,2.1541437789480626e-08,3.2065204278614144e-07,4.976063859013224,1.3121549643862818,0.0
128,8424,9.13501968397499,1.8906933388223752e-07,3.7995760858372145e-08,2.4529534517800096e-07,2.2818986544834286e-08,-2.842170943040401e-14,-4.919197750693866e-16,9.827182731220498e-08,2.138450387732902e-08,3.183150952022152e-07,4.976063859302838,1.31215496448778,0.0
128,8428,9.139357300159213,1.8769270101978265e-07,3.771910989675089e-08,2.435085074253091e-07,2.265276314337964e-08,0.0,0.0,9.755590162631534e-08,2.1228714410250643e-08,3.1599519755389186e-07,4.976063859590288,1.3121549645885182,0.0
128,8432,9.143694916343438,1.8632610076885055e-07,3.7444475109304344e-08,2.4173469874515837e-07,2.2487751791957147e-08,0.0,0.0,9.684519685622094e-08,2.1074061043895335e-08,3.1369222611888565e-07,4.976063859875592,1.3121549646885018,0.0
128,8436,9.148032532527662,1.849694597736107e-07,3.717184175429447e-08,2.3997382381342643e-07,2.2323943622889898e-08,0.0,0.0,9.61396747992161e-08,2.092053546513888e-08,3.114060562801847e-07,4.976063860158765,1.3121549647877366,0.0
128,8440,9.152370148711885,1.8362270553703963e-07,3.6901195262570823e-08,2.382257884199112e-07,2.216132987212519e-08,-2.842170943040401e-14,-4.919197750693866e-16,9.543929769883675e-08,2.0768129457961736e-08,3.091365666326568e-07,4.976063860439823,1.312154964886228,0.0
128,8444,9.156707764896108,1.8228576586117246e-07,3.663252112508241e-08,2.364904987428821e-07,2.1999901811748496e-08,-2.842170943040401e-14,-4.919197750693866e-16,9.474402795429212e-08,2.0616834840219773e-08,3.0688363393877943e-07,4.976063860718783,1.3121549649839819,0.0
128,8448,9.161045381080333,1.8095856917888264e-07,3.63658049595528e-08,2.347678617844894e-07,2.1839650790488095e-08,-2.842170943040401e-14,-4.919197750693866e-16,9.405382829533272e-08,2.0466643501696496e-08,3.0464713868044275e-07,4.97606386099566,1.3121549650810036,0.0
128,8452,9.165382997264556,1.7964104432970518e-07,3.6101032465429084e-08,2.3305778507512924e-07,2.1680568206213177e-08,0.0,0.0,9.336866166339473e-08,2.0317547378239404e-08,3.024269573172088e-07,4.976063861270469,1.3121549651772986,0.0
128,8456,9.16972061344878,1.7833312085516205e-07,3.583818948323111e-08,2.313601770597491e-07,2.1522645541870517e-08,-8.526512829121202e-14,-1.4757593252081598e-15,9.26884913666385e-08,2.0169538485497252e-08,3.002229757237962e-07,4.976063861543226,1.3121549652728723,0.0
128,8460,9.174058229633003,1.7703472866005677e-07,3.557726192648452e-08,2.2967494664904144e-07,2.1365874323733548e-08,2.842170943040401e-14,4.919197750693866e-16,9.201328089932995e-08,2.0022608879616406e-08,2.980350728601434e-07,4.976063861813946,1.3121549653677305,0.0
128,8464,9.178395845817228,1.7574579821736596e-07,3.53182358228962e-08,2.2800200349774905e-07,2.121024614729216e-08,-2.842170943040401e-14,-4.919197750693866e-16,9.134299405442183e-08,1.987675068173918e-08,2.9586313171487805e-07,4.976063862082646,1.312154965461878,0.0
128,8468,9.182733462001451,1.7446626049477618e-07,3.5061097299590934e-08,2.2634125790338206e-07,2.1055752667830684e-08,-2.842170943040401e-14,-4.919197750693866e-16,9.067759488245807e-08,1.9731956069061174e-08,2.937070347609741e-07,4.976063862349339,1.3121549655553209,0.0
128,8472,9.187071078185674,1.7319604698273405e-07,3.4805832588748475e-08,2.2469262083996081e-07,2.0902385603566887e-08,2.842170943040401e-14,4.919197750693866e-16,9.001704770486182e-08,1.958821727772284e-08,2.9156666773544296e-07,4.976063862614042,1.3121549656480638,0.0
128,8476,9.191408694369898,1.7193508973662465e-07,3.455242803607974e-08,2.230560040211266e-07,2.075013674152294e-08,0.0,0.0,8.936131713994835e-08,1.9445526608470027e-08,2.8944191358423577e-07,4.976063862876769,1.312154965740112,0.0
128,8480,9.19574631055412,1.706833211802992e-07,3.430087006134336e-08,2.2143131963928508e-07,2.0598997913258827e-08,-2.842170943040401e-14,-4.919197750693866e-16,8.871036799790127e-08,1.930387640380022e-08,2.8733266176931496e-07,4.976063863137534,1.3121549658314706,0.0
128,8484,9.200083926738346,1.694406742120413e-07,3.4051145179640886e-08,2.198184805012784e-07,2.0448961007493453e-08,0.0,0.0,8.806416533496947e-08,1.916325905975609e-08,2.8523879552810456e-07,4.9760638633963525,1.3121549659221454,0.0
128,8488,9.204421542922569,1.6820708242490756e-07,3.380324004569685e-08,2.1821740031310768e-07,2.030001799659141e-08,0.0,0.0,8.742267456743516e-08,1.9023667050725602e-08,2.8316020478731527e-07,4.976063863653239,1.3121549660121412,0.0
128,8492,9.208759159106792,1.6698247959040404e-07,3.3557141350097374e-08,2.1662799302419256e-07,2.0152160875561668e-08,-2.842170943040401e-14,-4.919197750693866e-16,8.678586121013439e-08,1.888509287254257e-08,2.810967765130878e-07,4.976063863908208,1.312154966101463,0.0
128,8496,9.213096775291016,1.6576680034686785e-07,3.3312835957628715e-08,2.1505017369873095e-07,2.000538174311722e-08,-2.842170943040401e-14,-4.919197750693866e-16,8.615369122365852e-08,1.8747529118039705e-08,2.790484005494518e-07,4.976063864161274,1.312154966190116,0.0
128,8500,9.21743439147524,1.6455997947311474e-07,3.307031076130801e-08,2.1348385759294e-07,1.9859672715833948e-08,2.842170943040401e-14,4.919197750693866e-16,8.552613064637521e-08,1.861096839697426e-08,2.770149680327561e-07,4.976063864412451,1.312154966278105,0.0
128,8504,9.221772007659464,1.633619523777324e-07,3.282955278071265e-08,2.1192896077771006e-07,1.971502598607399e-08,-2.842170943040401e-14,-4.919197750693866e-16,8.490314584282478e-08,1.8475403390080504e-08,2.749963681311854e-07,4.976063864661753,1.3121549663654348,0.0
128,8508,9.226109623843687,1.6217265493419568e-07,3.2590549128844705e-08,2.103853999306828e-07,1.957143380264349e-08,0.0,0.0,8.428470342094218e-08,1.8340826831056747e-08,2.729924933776529e-07,4.976063864909195,1.312154966452111,0.0
128,8512,9.23044724002791,1.6099202343394614e-07,3.235328700270169e-08,2.0885309227158157e-07,1.9428888464776582e-08,0.0,0.0,8.367077020581882e-08,1.820723150085578e-08,2.710032358791553e-07,4.97606386515479,1.3121549665381382,0.0
128,8516,9.234784856212135,1.5981999467094172e-07,3.2117753700267854e-08,2.0733195567129538e-07,1.928738233228313e-08,-5.684341886080802e-14,-9.838395501387732e-16,8.306131328335163e-08,1.8074610237183135e-08,2.6902848834085854e-07,4.976063865398553,1.3121549666235213,0.0
128,8520,9.239122472396359,1.5865650586057406e-07,3.1883936604219606e-08,2.0582190855268642e-07,1.914690781632116e-08,0.0,0.0,8.24562999610254e-08,1.7942955925963116e-08,2.6706814563354757e-07,4.976063865640496,1.3121549667082648,0.0
128,8524,9.243460088580582,1.5750149474853013e-07,3.16518232038026e-08,2.0432287002735252e-07,1.900745739211943e-08,0.0,0.0,8.18556978223149e-08,1.7812261513177004e-08,2.651221027523857e-07,4.976063865880634,1.3121549667923735,0.0
128,8528,9.247797704764805,1.56354899584977e-07,3.142140108964386e-08,2.0283475986013128e-07,1.8869023595675347e-08,0.0,0.0,8.125947471229012e-08,1.7682520001730676e-08,2.6319025529601333e-07,4.97606386611898,1.3121549668758525,0.0
128,8532,9.252135320949028,1.552166588086317e-07,3.119265789026177e-08,2.0135749806131013e-07,1.873159898581968e-08,-5.684341886080802e-14,-9.838395501387732e-16,8.066759857442662e-08,1.7553724415943613e-08,2.6127249828590477e-07,4.976063866355548,1.3121549669587067,0.0
128,8536,9.256472937133253,1.5408671160723687e-07,3.0965581384700444e-08,1.9989100562177162e-07,1.8595176212604613e-08,-2.842170943040401e-14,-4.919197750693866e-16,8.0080037745819e-08,1.742586786578902e-08,2.5936873017162833e-07,4.97606386659035,1.3121549670409405,0.0
128,8540,9.260810553317476,1.5296499747968303e-07,3.074015941453293e-08,1.9843520392629637e-07,1.8459747962725306e-08,2.842170943040401e-14,4.919197750693866e-16,7.949676072051789e-08,1.729894349539462e-08,2.5747884754907974e-07,4.9760638668234005,1.3121549671225585,0.0
128,8544,9.2651481695017,1.5185145629820466e-07,3.051637989636023e-08,1.9699001485552582e-07,1.8325306969005167e-08,-2.842170943040401e-14,-4.919197750693866e-16,7.891773619222729e-08,1.7172944492333844e-08,2.5560275098518763e-07,4.976063867054712,1.3121549672035655,0.0
128,8548,9.269485785685923,1.5074602861278462e-07,3.0294230882985036e-08,1.9555536116210084e-07,1.8191846045386724e-08,-2.842170943040401e-14,-4.919197750693866e-16,7.8342933203363e-08,1.7047864120061757e-08,2.5374033831753963e-07,4.976063867284298,1.3121549672839656,0.0
128,8552,9.273823401870148,1.496486550531683e-07,3.0073700443239304e-08,1.9413116570992195e-07,1.80593580161626e-08,-2.842170943040401e-14,-4.919197750693866e-16,7.777232084158999e-08,1.6923695651879916e-08,2.518915100162308e-07,4.976063867512171,1.3121549673637638,0.0
128,8556,9.278161018054371,1.4855927702646536e-07,2.98547768021757e-08,1.9271735236783975e-07,1.79278357991125e-08,-2.842170943040401e-14,-4.919197750693866e-16,7.720586859687109e-08,1.680043244863216e-08,2.500561662077026e-07,4.976063867738344,1.3121549674429647,0.0
128,8560,9.282498634238594,1.474778361360061e-07,2.9637448224279782e-08,1.9131384526615888e-07,1.7797272336338285e-08,0.0,0.0,7.664354606451222e-08,1.6678067894085565e-08,2.482342096724452e-07,4.97606386796283,1.3121549675215722,0.0
128,8564,9.286836250422818,1.464042745274341e-07,2.942170308302151e-08,1.8992056923573953e-07,1.7667660635112127e-08,-2.842170943040401e-14,-4.919197750693866e-16,7.608532312021697e-08,1.6556595433023337e-08,2.4642554033652824e-07,4.9760638681856415,1.3121549675995912,0.0
128,8568,9.291173866607041,1.4533853473639317e-07,2.9207529830246076e-08,1.8853744961242825e-07,1.7538993749683322e-08,-2.842170943040401e-14,-4.919197750693866e-16,7.553116984191341e-08,1.6436008554233862e-08,2.446300647569727e-07,4.97606386840679,1.3121549676770263,0.0
128,8572,9.295511482791266,1.4428055968219333e-07,2.899491699490104e-08,1.8716441223517084e-07,1.7411264781102792e-08,-2.842170943040401e-14,-4.919197750693866e-16,7.498105650954823e-08,1.6316300790465918e-08,2.428476839309704e-07,4.97606386862629,1.3121549677538815,0.0
128,8576,9.29984909897549,1.4323029271316134e-07,2.878385319215002e-08,1.8580138349870886e-07,1.7284466882125222e-08,-2.842170943040401e-14,-4.919197750693866e-16,7.44349536256648e-08,1.6197465722906577e-08,2.4107830274704126e-07,4.976063868844152,1.3121549678301616,0.0
128,8580,9.304186715159712,1.421876777815996e-07,2.8574327158532837e-08,1.844482905863512e-07,1.7158593278863023e-08,-2.842170943040401e-14,-4.919197750693866e-16,7.389283200916009e-08,1.6079497001583238e-08,2.3932182701709155e-07,4.97606386906039,1.3121549679058702,0.0
128,8584,9.308524331343936,1.4115265887600579e-07,2.8366327637863183e-08,1.8310506072349145e-07,1.70336372013436e-08,-2.842170943040401e-14,-4.919197750693866e-16,7.335466249536775e-08,1.5962388280100014e-08,2.3757816077788518e-07,4.976063869275014,1.3121549679810123,0.0
128,8588,9.31286194752816,1.4012518063916774e-07,2.8159843505442236e-08,1.8177162198997886e-07,1.690959195908144e-08,-2.842170943040401e-14,-4.919197750693866e-16,7.282041626242466e-08,1.5846133286656934e-08,2.358472128228729e-07,4.976063869488038,1.3121549680555917,0.0
128,8592,9.317199563712384,1.391051882181531e-07,2.795486373791228e-08,1.804479031191192e-07,1.6786450922379863e-08,0.0,0.0,7.229006475019131e-08,1.573072580640656e-08,2.3412888768395725e-07,4.976063869699473,1.3121549681296127,0.0
128,8596,9.321537179896607,1.3809262697225312e-07,2.77513773545645e-08,1.7913383312065727e-07,1.6664207487258362e-08,-2.842170943040401e-14,-4.919197750693866e-16,7.17635795093728e-08,1.5616159648621872e-08,2.3242309666716637e-07,4.976063869909332,1.3121549682030795,0.0
128,8600,9.32587479608083,1.3708744256729722e-07,2.7549373436292603e-08,1.77829341402514e-07,1.6542855086777392e-08,-2.842170943040401e-14,-4.919197750693866e-16,7.124093225023569e-08,1.550242865729731e-08,2.307297449973763e-07,4.976063870117625,1.3121549682759965,0.0
128,8604,9.330212412265055,1.3608958122606114e-07,2.734884117591538e-08,1.7653435810045312e-07,1.6422387221706127e-08,-2.842170943040401e-14,-4.919197750693866e-16,7.072209497509758e-08,1.5389526739979287e-08,2.290487431199478e-07,4.9760638703243645,1.3121549683483675,0.0
128,8608,9.334550028449279,1.3509898971375673e-07,2.7149769875260698e-08,1.7524881404921401e-07,1.6302797457837066e-08,0.0,0.0,7.020703996588951e-08,1.527744786505966e-08,2.2738000069782668e-07,4.976063870529563,1.3121549684201965,0.0
128,8612,9.338887644633502,1.3411561488885397e-07,2.6952148854897757e-08,1.739726402100985e-07,1.6184079372736372e-08,-2.842170943040401e-14,-4.919197750693866e-16,6.969573955573088e-08,1.5166186012069172e-08,2.257234287913848e-07,4.976063870733231,1.3121549684914877,0.0
128,8616,9.343225260817725,1.3313940407507202e-07,2.6755967528893203e-08,1.7270576814671592e-07,1.6066226600000813e-08,-5.684341886080802e-14,-9.838395501387732e-16,6.918816631892844e-08,1.505573521302229e-08,2.240789376215194e-07,4.976063870935381,1.3121549685622456,0.0
128,8620,9.347562877001948,1.3217030510623444e-07,2.6561215413825286e-08,1.71448130084901e-07,1.5949232834831723e-08,-5.684341886080802e-14,-9.838395501387732e-16,6.868429309513096e-08,1.4946089557673402e-08,2.224464395825953e-07,4.976063871136023,1.3121549686324736,0.0
128,8624,9.351900493186173,1.3120826613186178e-07,2.6367882089715388e-08,1.7019965866442242e-07,1.583309181093729e-08,-2.842170943040401e-14,-4.919197750693866e-16,6.818409289019832e-08,1.483724317194537e-08,2.208258458292078e-07,4.976063871335169,1.3121549687021759,0.0
128,8628,9.356238109370397,1.3025323560186352e-07,2.617595719695166e-08,1.689602869149643e-07,1.571779729829821e-08,0.0,0.0,6.768753886621791e-08,1.4729190215757045e-08,2.1921707120678463e-07,4.976063871532831,1.3121549687713563,0.0
128,8632,9.36057572555462,1.2930516245049083e-07,2.5985430473256547e-08,1.6772994848780607e-07,1.5603343124720057e-08,-2.842170943040401e-14,-4.919197750693866e-16,6.719460443371525e-08,1.4621924903088813e-08,2.176200293714889e-07,4.976063871729019,1.3121549688400191,0.0
128,8636,9.364913341738843,1.2836399600362325e-07,2.579629173505494e-08,1.6650857755628502e-07,1.548972316657366e-08,-2.842170943040401e-14,-4.919197750693866e-16,6.670526321357973e-08,1.451544149369743e-08,2.1603463376343888e-07,4.976063871923744,1.3121549689081675,0.0
128,8640,9.369250957923068,1.2742968577740265e-07,2.560853083700724e-08,1.6529610853165367e-07,1.537693132236229e-08,0.0,0.0,6.621948892124e-08,1.440973426791192e-08,2.144607992253574e-07,4.976063872117017,1.3121549689758063,0.0
128,8644,9.373588574107291,1.265021818314788e-07,2.54221377429983e-08,1.6409247653601258e-07,1.526496155671698e-08,0.0,0.0,6.573725555740538e-08,1.4304797568140002e-08,2.1289844267850896e-07,4.97606387230885,1.3121549690429384,0.0
128,8648,9.377926190291515,1.2558143449346965e-07,2.523710247076442e-08,1.628976170382773e-07,1.5153807866531774e-08,-5.684341886080802e-14,-9.838395501387732e-16,6.52585372616553e-08,1.4200625767008299e-08,2.1134747754143027e-07,4.976063872499252,1.3121549691095682,0.0
128,8652,9.382263806475738,1.246673945810223e-07,2.5053415136519148e-08,1.617114661433708e-07,1.5043464307866308e-08,0.0,0.0,6.478330842839239e-08,1.4097213292594413e-08,2.0980782428185198e-07,4.976063872688236,1.3121549691756993,0.0
128,8656,9.386601422659963,1.23760013109411e-07,2.4871065896191605e-08,1.6053396021485326e-07,1.4933924960840352e-08,-5.684341886080802e-14,-9.838395501387732e-16,6.431154355583077e-08,1.3994554595565904e-08,2.0827939754352666e-07,4.976063872875811,1.3121549692413352,0.0
128,8660,9.390939038844186,1.228592415944674e-07,2.4690045006303943e-08,1.5936503626840396e-07,1.482518396623809e-08,0.0,0.0,6.384321740367575e-08,1.3892644183492292e-08,2.0676211701160224e-07,4.976063873061987,1.3121549693064798,0.0
128,8664,9.39527665502841,1.2196503176620284e-07,2.45103427664203e-08,1.5820463159710385e-07,1.4717235490649427e-08,-5.684341886080802e-14,-9.838395501387732e-16,6.33783048427261e-08,1.379147658811766e-08,2.05255900641827e-07,4.976063873246776,1.3121549693711365,0.0
128,8668,9.399614271212632,1.210773358838808e-07,2.433194958246442e-08,1.5705268417872677e-07,1.4610073764358908e-08,-2.842170943040401e-14,-4.919197750693866e-16,6.291678101791714e-08,1.3691046400839754e-08,2.0376066677430368e-07,4.976063873430188,1.3121549694353094,0.0
128,8672,9.403951887396856,1.201961063091245e-07,2.4154855880930462e-08,1.5590913212861303e-07,1.4503693030448418e-08,-5.684341886080802e-14,-9.838395501387732e-16,6.24586211297112e-08,1.3591348225139303e-08,2.0227633696756487e-07,4.976063873612231,1.3121549694990022,0.0
128,8676,9.40828950358108,1.193212960289787e-07,2.397905221399858e-08,1.547739143752203e-07,1.4398087607641361e-08,0.0,0.0,6.200380070447528e-08,1.3492376735415738e-08,2.0080283096524322e-07,4.97606387379292,1.312154969562218,0.0
128,8680,9.412627119765304,1.1845285810161833e-07,2.3804529148143398e-08,1.5364696993433914e-07,1.4293251822785426e-08,-2.842170943040401e-14,-4.919197750693866e-16,6.155229530313388e-08,1.339412661358839e-08,1.9934006879444021e-07,4.976063873972261,1.3121549696249608,0.0
128,8684,9.416964735949527,1.1759074614775757e-07,2.363127736288858e-08,1.525282385559086e-07,1.4189180071023623e-08,-2.842170943040401e-14,-4.919197750693866e-16,6.110408078110623e-08,1.3296592605660312e-08,1.9788797333516097e-07,4.976063874150265,1.3121549696872339,0.0
128,8688,9.42130235213375,1.167349140535335e-07,2.345928759109771e-08,1.5141766033758935e-07,1.4085866779846317e-08,-2.842170943040401e-14,-4.919197750693866e-16,6.065913313341067e-08,1.3199769488012102e-08,1.9644646564817233e-07,4.976063874326943,1.3121549697490411,0.0
128,8692,9.425639968317975,1.1588531597615543e-07,2.3288550620109618e-08,1.5031517572683326e-07,1.3983306409283744e-08,-2.842170943040401e-14,-4.919197750693866e-16,6.02174284950365e-08,1.3103652067482835e-08,1.9501546898223585e-07,4.976063874502304,1.3121549698103854,0.0
128,8696,9.429977584502199,1.1504190658239509e-07,2.3119057339665825e-08,1.4922072583214652e-07,1.3881493480861766e-08,-2.842170943040401e-14,-4.919197750693866e-16,5.97789432658051e-08,1.3008235208540538e-08,1.9359490712732103e-07,4.97606387467636,1.3121549698712707,0.0
128,8700,9.434315200686422,1.1420464061968518e-07,2.2950798655717665e-08,1.4813425186840645e-07,1.378042252600159e-08,-2.842170943040401e-14,-4.919197750693866e-16,5.9343653888302646e-08,1.29135137849591e-08,1.9218470329428773e-07,4.9760638748491175,1.3121549699317,0.0
128,8704,9.438652816870645,1.1337347327704919e-07,2.2783765562959453e-08,1.470556956242664e-07,1.3680088129500835e-08,-2.842170943040401e-14,-4.919197750693866e-16,5.891153703506022e-08,1.2819482720549716e-08,1.907847821343041e-07,4.976063875020588,1.3121549699916775,0.0
128,8708,9.442990433054868,1.1254836008436679e-07,2.261794912458465e-08,1.4598499933593807e-07,1.3580484917791952e-08,0.0,0.0,5.8482569558376474e-08,1.2726136978242018e-08,1.8939506808254041e-07,4.976063875190781,1.3121549700512058,0.0
128,8712,9.447328049239093,1.1172925699526425e-07,2.2453340488943726e-08,1.4492210578096148e-07,1.3481607567665305e-08,0.0,0.0,5.8056728526687536e-08,1.2633471567998375e-08,1.880154859936717e-07,4.9760638753597055,1.3121549701102888,0.0
128,8716,9.451665665423317,1.1091612019371386e-07,2.2289930850677936e-08,1.438669580463961e-07,1.3383450784704798e-08,-5.684341886080802e-14,-9.838395501387732e-16,5.763399113335876e-08,1.2541481526966458e-08,1.866459630627527e-07,4.976063875527372,1.3121549701689295,0.0
128,8720,9.45600328160754,1.1010890606579774e-07,2.2127711445044956e-08,1.4281949947500614e-07,1.3286009298281668e-08,-5.684341886080802e-14,-9.838395501387732e-16,5.721433467363178e-08,1.2450161914462792e-08,1.852864266656227e-07,4.976063875693789,1.3121549702271313,0.0
128,8724,9.460340897791763,1.0930757148584442e-07,2.196667360542145e-08,1.4177967404549647e-07,1.3189277896926542e-08,-5.684341886080802e-14,-9.838395501387732e-16,5.679773669774005e-08,1.2359507845291558e-08,1.8393680171550361e-07,4.976063875858967,1.3121549702848976,0.0
128,8728,9.464678513975988,1.0851207366777456e-07,2.1806808733429226e-08,1.4074742618105604e-07,1.3093251410518871e-08,-2.842170943040401e-14,-4.919197750693866e-16,5.638417493432829e-08,1.2269514473080238e-08,1.8259701911004752e-07,4.976063876022913,1.3121549703422317,0.0
128,8732,9.469016130160211,1.0772236996540628e-07,2.1648108258804158e-08,1.3972270048547528e-07,1.2997924685738851e-08,-2.842170943040401e-14,-4.919197750693866e-16,5.5973627184316744e-08,1.2180176967183875e-08,1.812670034470878e-07,4.976063876185639,1.3121549703991366,0.0
128,8736,9.473353746344435,1.0693841818663482e-07,2.14905637025344e-08,1.387054421491454e-07,1.2903292623836136e-08,-5.684341886080802e-14,-9.838395501387732e-16,5.5566071483415205e-08,1.2091490548049039e-08,1.7994668490653138e-07,4.976063876347152,1.3121549704556157,0.0
128,8740,9.477691362528658,1.0616017635785037e-07,2.1334166629517293e-08,1.3769559665170237e-07,1.2809350152967837e-08,-5.684341886080802e-14,-9.838395501387732e-16,5.5161485983714325e-08,1.2003450461447432e-08,1.7863599330676967e-07,4.976063876507462,1.312154970511672,0.0
128,8744,9.482028978712883,1.0538760291789236e-07,2.1178908687536823e-08,1.3669311000424908e-07,1.2716092250731606e-08,0.0,0.0,5.475984904990825e-08,1.1916051999414481e-08,1.7733485693475e-07,4.9760638766665775,1.3121549705673088,0.0
128,8748,9.486366594897106,1.0462065647180809e-07,2.1024781557778453e-08,1.356979284379068e-07,1.2623513915192656e-08,-2.842170943040401e-14,-4.919197750693866e-16,5.436113913521725e-08,1.1829290473249389e-08,1.7604320701274482e-07,4.976063876824509,1.3121549706225293,0.0
128,8752,9.49070421108133,1.038592959855751e-07,2.0871776993960925e-08,1.3470999865088358e-07,1.2531610187867683e-08,-2.842170943040401e-14,-4.919197750693866e-16,5.396533487988651e-08,1.1743161234949042e-08,1.7476097494601856e-07,4.976063876981263,1.3121549706773363,0.0
128,8756,9.495041827265553,1.031034807666616e-07,2.0719886818429644e-08,1.337292677865231e-07,1.244037615168283e-08,-2.842170943040401e-14,-4.919197750693866e-16,5.357241510267609e-08,1.1657659675356164e-08,1.7348809066908348e-07,4.97606387713685,1.3121549707317333,0.0
128,8760,9.499379443449776,1.0235317031185903e-07,2.05691028915768e-08,1.3275568323351302e-07,1.2349806912387752e-08,0.0,0.0,5.3182358720612924e-08,1.1572781206696909e-08,1.7222448530713188e-07,4.976063877291278,1.3121549707857232,0.0
128,8764,9.503717059634,1.0160832465421977e-07,2.0419417181562686e-08,1.3178919307495606e-07,1.2259897640331155e-08,0.0,0.0,5.2795144928810197e-08,1.1488521301710566e-08,1.7097009507489288e-07,4.976063877444556,1.3121549708393092,0.0
128,8768,9.508054675818224,1.008689038056344e-07,2.027082165229487e-08,1.3082974537181725e-07,1.2170643503802353e-08,-5.684341886080802e-14,-9.838395501387732e-16,5.241075291397421e-08,1.140487543130704e-08,1.6972484833451035e-07,4.976063877596692,1.3121549708924942,0.0
128,8772,9.512392292002447,1.0013486827498892e-07,2.0123308367558142e-08,1.2987728882942695e-07,1.2082039731033767e-08,-2.842170943040401e-14,-4.919197750693866e-16,5.202916212092393e-08,1.1321839122563004e-08,1.6848867980584882e-07,4.976063877747696,1.3121549709452813,0.0
128,8776,9.51672990818667,9.940617884464504e-08,1.997686944609553e-08,1.2893177250036174e-07,1.199408158256094e-08,-2.842170943040401e-14,-4.919197750693866e-16,5.165035213293748e-08,1.1239407932684629e-08,1.6726152430340582e-07,4.976063877897574,1.3121549709976732,0.0
128,8780,9.521067524370896,9.868279638999326e-08,1.9831497025345317e-08,1.2799314557176261e-07,1.1906764331437482e-08,-2.842170943040401e-14,-4.919197750693866e-16,5.127430258840861e-08,1.1157577430871556e-08,1.6604331366190397e-07,4.976063878046338,1.3121549710496734,0.0
128,8784,9.525405140555119,9.796468238827427e-08,1.9687183363694833e-08,1.2706135800396827e-07,1.1820083322644944e-08,-5.684341886080802e-14,-9.838395501387732e-16,5.0900993434831174e-08,1.107634325358535e-08,1.6483398535093065e-07,4.976063878193992,1.312154971101284,0.0
128,8788,9.529742756739342,9.725179835418514e-08,1.9543920727058725e-08,1.2613635980778236e-07,1.1734033905859453e-08,-2.842170943040401e-14,-4.919197750693866e-16,5.053040464007902e-08,1.0995701041722378e-08,1.636334736193213e-07,4.976063878340549,1.3121549711525087,0.0
128,8792,9.534080372923565,9.654410615277357e-08,1.9401701451758813e-08,1.2521810145411474e-07,1.164861147355925e-08,-8.526512829121202e-14,-1.4757593252081598e-15,5.016251635684066e-08,1.0915646476395724e-08,1.6244171218790005e-07,4.976063878486012,1.31215497120335,0.0
128,8796,9.53841798910779,9.584156803402748e-08,1.9260517951475297e-08,1.2430653390588176e-07,1.1563811463992245e-08,-2.842170943040401e-14,-4.919197750693866e-16,4.979730893427147e-08,1.0836175281470765e-08,1.6125863957684486e-07,4.976063878630393,1.3121549712538108,0.0
128,8800,9.542755605292013,9.514414626633342e-08,1.9120362643585802e-08,1.2340160815328632e-07,1.1479629317944734e-08,-2.842170943040401e-14,-4.919197750693866e-16,4.943476273275544e-08,1.0757283183256289e-08,1.6008419153518395e-07,4.9760638787737,1.3121549713038942,0.0
128,8804,9.547093221476237,9.445180371614401e-08,1.8981228065656538e-08,1.2250327596816132e-07,1.1396060548915368e-08,-2.842170943040401e-14,-4.919197750693866e-16,4.9074858426314503e-08,1.0678965976310472e-08,1.5891830630640333e-07,4.976063878915939,1.3121549713536027,0.0
128,8808,9.55143083766046,9.376450327469439e-08,1.8843106760234056e-08,1.2161148915048876e-07,1.1313100673021417e-08,-2.842170943040401e-14,-4.919197750693866e-16,4.871757669989985e-08,1.0601219457569753e-08,1.5776091790315695e-07,4.9760638790571186,1.3121549714029395,0.0
128,8812,9.555768453844683,9.308220818114783e-08,1.8705991339785268e-08,1.2072619994865374e-07,1.1230745248093558e-08,-5.684341886080802e-14,-9.838395501387732e-16,4.836289841784461e-08,1.0524039463005098e-08,1.5661196904123488e-07,4.976063879197248,1.312154971451907,0.0
128,8816,9.560106070028908,9.240488197173313e-08,1.8569874476475968e-08,1.1984736100439739e-07,1.1148989868555028e-08,0.0,0.0,4.801080460276172e-08,1.0447421863030049e-08,1.5547139481159796e-07,4.976063879336333,1.3121549715005079,0.0
128,8820,9.564443686213131,9.1732488474075e-08,1.8434748901031485e-08,1.1897492533843062e-07,1.1067830164083332e-08,0.0,0.0,4.766127642916907e-08,1.0371362561113524e-08,1.543391339992576e-07,4.976063879474384,1.3121549715487453,0.0
128,8824,9.568781302397355,9.106499167199468e-08,1.830060737556671e-08,1.1810884616814062e-07,1.0987261782652092e-08,-2.842170943040401e-14,-4.919197750693866e-16,4.731429514985933e-08,1.029585747775747e-08,1.5321512850254084e-07,4.976063879611408,1.3121549715966216,0.0
128,8828,9.573118918581578,9.040235589259398e-08,1.816744273118291e-08,1.1724907716133743e-07,1.0907280414136229e-08,-8.526512829121202e-14,-1.4757593252081598e-15,4.696984219851601e-08,1.0220902572826706e-08,1.520993165018809e-07,4.97606387974741,1.3121549716441399,0.0
128,8832,9.577456534765803,8.974454569008133e-08,1.803524784462116e-08,1.1639557227928212e-07,1.0827881775709408e-08,-2.842170943040401e-14,-4.919197750693866e-16,4.6627899126283106e-08,1.0146493831746117e-08,1.5099163821320906e-07,4.9760638798824,1.3121549716913026,0.0
128,8836,9.581794150950026,8.90915258595518e-08,1.790401564103161e-08,1.1554828579735073e-07,1.0749061613766332e-08,-2.842170943040401e-14,-4.919197750693866e-16,4.62884476102858e-08,1.0072627267354798e-08,1.4989203346789392e-07,4.976063880016385,1.3121549717381127,0.0
128,8840,9.58613176713425,8.844326145849747e-08,1.7773739098296245e-08,1.1470717233245343e-07,1.0670815706473463e-08,-2.842170943040401e-14,-4.919197750693866e-16,4.595146946457294e-08,9.99929892228721e-09,1.4880044441902059e-07,4.976063880149374,1.3121549717845724,0.0
128,8844,9.590469383318473,8.779971789454717e-08,1.7644411264661256e-08,1.1387218695366516e-07,1.0593139874060595e-08,0.0,0.0,4.5616946684160244e-08,9.926504878557225e-09,1.4771681321416183e-07,4.976063880281372,1.3121549718306844,0.0
128,8848,9.594806999502696,8.716086071076477e-08,1.7516025215590132e-08,1.1304328490920579e-07,1.0516029953422768e-08,-5.684341886080802e-14,-9.838395501387732e-16,4.5284861336132085e-08,9.85424123386126e-09,1.46641079636152e-07,4.976063880412388,1.3121549718764514,0.0
128,8852,9.599144615686921,8.652665573221604e-08,1.738857408321805e-08,1.1222042181198685e-07,1.0439481815381038e-08,-5.684341886080802e-14,-9.838395501387732e-16,4.4955195633576e-08,9.782504117666847e-09,1.4557318859959323e-07,4.976063880542429,1.3121549719218764,0.0
128,8856,9.603482231871144,8.589706919470344e-08,1.7262051082222665e-08,1.114035538125866e-07,1.0363491380773753e-08,-5.684341886080802e-14,-9.838395501387732e-16,4.462793200539895e-08,9.711289706405036e-09,1.4451308005402783e-07,4.976063880671502,1.3121549719669612,0.0
128,8860,9.607819848055367,8.527206735438248e-08,1.7136449431371827e-08,1.1059263708219975e-07,1.0288054572357146e-08,-5.684341886080802e-14,-9.838395501387732e-16,4.430305288826405e-08,9.640594178194668e-09,1.434607008345153e-07,4.9760638807996145,1.3121549720117085,0.0
128,8864,9.61215746423959,8.465161671043808e-08,1.701176239827307e-08,1.0978762810954423e-07,1.0213167342425542e-08,-5.684341886080802e-14,-9.838395501387732e-16,4.398054084623568e-08,9.57041373887781e-09,1.4241599086211242e-07,4.976063880926773,1.3121549720561212,0.0
128,8868,9.616495080423816,8.403568423041848e-08,1.6887983344657187e-08,1.0898848399460614e-07,1.0138825700137454e-08,-2.842170943040401e-14,-4.919197750693866e-16,4.366037868858327e-08,9.500744647654533e-09,1.4137889630430728e-07,4.976063881052985,1.312154972100202,0.0
128,8872,9.620832696608039,8.342423684330297e-08,1.6765105624504073e-08,1.0819516178580849e-07,1.0065025649854661e-08,-2.842170943040401e-14,-4.919197750693866e-16,4.3342549203786126e-08,9.431583159200866e-09,1.4034936014227754e-07,4.976063881178259,1.3121549721439527,0.0
128,8876,9.625170312792262,8.28172420201673e-08,1.6643122700734434e-08,1.074076192334869e-07,9.991763261235463e-09,-5.684341886080802e-14,-9.838395501387732e-16,4.302703546140717e-08,9.362925589358208e-09,1.3932733053366646e-07,4.976063881302601,1.312154972187376,0.0
128,8880,9.629507928976485,8.221466710770071e-08,1.652202801127202e-08,1.0662581393298879e-07,9.919034589520145e-09,-5.684341886080802e-14,-9.838395501387732e-16,4.271382046947227e-08,9.294768240577153e-09,1.383127487024595e-07,4.9760638814260165,1.3121549722304744,0.0
128,8884,9.63384554516071,8.161648004389023e-08,1.6401815112868987e-08,1.0584970423950396e-07,9.846835760634525e-09,-2.842170943040401e-14,-4.919197750693866e-16,4.240288753978586e-08,9.227107481412228e-09,1.3730556262066988e-07,4.976063881548513,1.3121549722732504,0.0
128,8888,9.638183161344934,8.102264874337199e-08,1.6282477557584845e-08,1.050792484860669e-07,9.775162898443387e-09,-2.842170943040401e-14,-4.919197750693866e-16,4.209421997598401e-08,9.15993967864047e-09,1.3630571720077252e-07,4.9760638816701,1.3121549723157064,0.0
128,8892,9.642520777529157,8.043314154798018e-08,1.616400898332971e-08,1.0431440555947176e-07,9.704012178325884e-09,-5.684341886080802e-14,-9.838395501387732e-16,4.1787801303511806e-08,9.093261247305815e-09,1.3531315832857528e-07,4.976063881790782,1.3121549723578447,0.0
128,8896,9.64685839371338,7.984792692840543e-08,1.6046403053908945e-08,1.03555134503741e-07,9.63337979028758e-09,-2.842170943040401e-14,-4.919197750693866e-16,4.148361510993937e-08,9.027068615970957e-09,1.3432783523950835e-07,4.976063881910565,1.3121549723996682,0.0
128,8900,9.651196009897603,7.9266973536314e-08,1.592965346949715e-08,1.0280139460965164e-07,9.563261947288771e-09,-5.684341886080802e-14,-9.838395501387732e-16,4.118164508273287e-08,8.961358234936529e-09,1.3334969326175704e-07,4.976063882029457,1.3121549724411785,0.0
128,8904,9.655533626081828,7.869025037475531e-08,1.5813754000883604e-08,1.02053145622441e-07,9.493654904566637e-09,-5.684341886080802e-14,-9.838395501387732e-16,4.088187509130404e-08,8.896126594095548e-09,1.3237868051871395e-07,4.976063882147465,1.3121549724823782,0.0
128,8908,9.659871242266052,7.811772660315948e-08,1.5698698450284174e-08,1.0131034748685883e-07,9.424554935918322e-09,-5.684341886080802e-14,-9.838395501387732e-16,4.0584289084701294e-08,8.83137020067042e-09,1.3141474382690849e-07,4.9760638822645955,1.31215497252327,0.0
128,8912,9.664208858450275,7.754937157706933e-08,1.5584480659325933e-08,1.0057296040673677e-07,9.355958339242467e-09,0.0,0.0,4.02888711161722e-08,8.767085584557879e-09,1.304578347350426e-07,4.976063882380854,1.3121549725638557,0.0
128,8916,9.668546474634498,7.698515496168709e-08,1.547109453186575e-08,9.984094498401992e-08,9.287861449472848e-09,-5.684341886080802e-14,-9.838395501387732e-16,3.999560539814324e-08,8.703269310292881e-09,1.2950789827260805e-07,4.976063882496247,1.312154972604138,0.0
128,8920,9.672884090818723,7.642504658865472e-08,1.5358534005208554e-08,9.911426204146392e-08,9.22026062208449e-09,0.0,0.0,3.9704476231927205e-08,8.639917961752555e-09,1.2856488628514917e-07,4.976063882610783,1.3121549726441188,0.0
128,8924,9.677221707002946,7.586901645201567e-08,1.524679304929582e-08,9.839287260845128e-08,9.153152231774206e-09,0.0,0.0,3.941546800126322e-08,8.577028140750454e-09,1.276287473348547e-07,4.976063882724466,1.3121549726838009,0.0
128,8928,9.68155932318717,7.531703497439106e-08,1.513586572019686e-08,9.767673827601909e-08,9.086532705487616e-09,-5.684341886080802e-14,-9.838395501387732e-16,3.9128565315393105e-08,8.514596498170795e-09,1.2669942964065184e-07,4.976063882837304,1.3121549727231858,0.0
128,8932,9.685896939371393,7.476907259544105e-08,1.50257460774052e-08,9.696582065213102e-08,9.020398471744958e-09,-2.842170943040401e-14,-4.919197750693866e-16,3.884375278988963e-08,8.452619686275443e-09,1.2577688577327637e-07,4.976063882949302,1.312154972762276,0.0
128,8936,9.690234555555618,7.422509994472452e-08,1.491642821857679e-08,9.626008159508941e-08,8.954745982354628e-09,-2.842170943040401e-14,-4.919197750693866e-16,3.856101514096272e-08,8.39109437922548e-09,1.2486106578804755e-07,4.976063883060467,1.3121549728010744,0.0
128,8940,9.694572171739841,7.368508789444662e-08,1.4807906290130275e-08,9.555948327749979e-08,8.88957171836356e-09,-2.842170943040401e-14,-4.919197750693866e-16,3.8280337210696846e-08,8.330017278572994e-09,1.239519196365227e-07,4.976063883170806,1.3121549728395823,0.0
128,8944,9.698909787924064,7.314900773906112e-08,1.470017452334025e-08,9.486398842195816e-08,8.824872211982428e-09,-5.684341886080802e-14,-9.838395501387732e-16,3.800170406170604e-08,8.269385133858552e-09,1.2304939946441628e-07,4.9760638832803235,1.3121549728778021,0.0
128,8948,9.703247404108287,7.26168307949196e-08,1.459322715388194e-08,9.41735597762886e-08,8.760643997768787e-09,-2.842170943040401e-14,-4.919197750693866e-16,3.7725100766434785e-08,8.209194696761882e-09,1.2215345722249466e-07,4.976063883389027,1.3121549729157362,0.0
128,8952,9.70758502029251,7.208852851995002e-08,1.4487058445882044e-08,9.348816027706966e-08,8.69688362783937e-09,-5.684341886080802e-14,-9.838395501387732e-16,3.745051247338877e-08,8.14944273551406e-09,1.2126404347129725e-07,4.976063883496921,1.3121549729533863,0.0
128,8956,9.711922636476736,7.156407274500579e-08,1.4381662738411127e-08,9.28077533402163e-08,8.633587698901942e-09,-2.842170943040401e-14,-4.919197750693866e-16,3.71779245227182e-08,8.090126060049084e-09,1.2038111037746252e-07,4.976063883604014,1.3121549729907551,0.0
128,8960,9.716260252660959,7.104343554226755e-08,1.4277034419037372e-08,9.213230269994227e-08,8.57075283727451e-09,-5.684341886080802e-14,-9.838395501387732e-16,3.690732238254465e-08,8.031241508148255e-09,1.1950461391914897e-07,4.97606388371031,1.3121549730278441,0.0
128,8964,9.720597868845182,7.052658898759562e-08,1.4173167876068434e-08,9.146177209076691e-08,8.508375669303513e-09,-5.684341886080802e-14,-9.838395501387732e-16,3.663869152072363e-08,7.97278591753497e-09,1.1863450538697934e-07,4.976063883815815,1.3121549730646558,0.0
128,8968,9.724935485029405,7.001350540767183e-08,1.407005754821757e-08,9.079612557590332e-08,8.446452851912641e-09,-2.842170943040401e-14,-4.919197750693866e-16,3.6372017537079423e-08,7.914756154649772e-09,1.1777073641744131e-07,4.976063883920536,1.3121549731011921,0.0
128,8972,9.72927310121363,6.950415733008015e-08,1.3967697914571749e-08,9.013532748157334e-08,8.384981066492392e-09,-5.684341886080802e-14,-9.838395501387732e-16,3.610728613700986e-08,7.857149108906611e-09,1.1691326346476257e-07,4.9760638840244775,1.3121549731374553,0.0
128,8976,9.733610717397854,6.899851768493005e-08,1.3866083535110288e-08,8.947934265335651e-08,8.323957042747331e-09,-8.526512829121202e-14,-1.4757593252081598e-15,3.584448323373156e-08,7.79996171494197e-09,1.1606203800433976e-07,4.9760638841276466,1.312154973173447,0.0
128,8980,9.737948333582077,6.849655939631194e-08,1.3765208968602899e-08,8.882813592995185e-08,8.263377509741953e-09,-2.842170943040401e-14,-4.919197750693866e-16,3.55835947377853e-08,7.74319090681006e-09,1.1521701623813227e-07,4.976063884230049,1.3121549732091695,0.0
128,8984,9.7422859497663,6.79982555793388e-08,1.3665068812207582e-08,8.818167239678126e-08,8.203239219492534e-09,-5.684341886080802e-14,-9.838395501387732e-16,3.5324606658459326e-08,7.686833640053097e-09,1.1437815169023046e-07,4.97606388433169,1.3121549732446252,0.0
128,8988,9.746623565950523,6.750357968870637e-08,1.3565657731325588e-08,8.753991758425987e-08,8.143538965411554e-09,-2.842170943040401e-14,-4.919197750693866e-16,3.506750518370267e-08,7.630886909090886e-09,1.1354540100708084e-07,4.976063884432575,1.3121549732798152,0.0
128,8992,9.750961182134748,6.701250531485267e-08,1.3466970418637208e-08,8.690283719840153e-08,8.084273557246838e-09,0.0,0.0,3.481227657176936e-08,7.575347723642003e-09,1.1271871817812428e-07,4.976063884532709,1.3121549733147422,0.0
128,8996,9.755298798318972,6.652500611843347e-08,1.3369001580933844e-08,8.627039703261833e-08,8.025439812876567e-09,0.0,0.0,3.455890711560571e-08,7.520213100974257e-09,1.1189806057415846e-07,4.976063884632099,1.312154973349408,0.0
128,9000,9.759636414503195,6.604105605375051e-08,1.3271745984018582e-08,8.56425632661695e-08,7.967034586072967e-09,0.0,0.0,3.430738326316246e-08,7.465480092085296e-09,1.1108338325715868e-07,4.976063884730751,1.3121549733838145,0.0
128,9004,9.763974030687418,6.556062930340959e-08,1.3175198439574977e-08,8.501930237283148e-08,7.909054758006188e-09,-2.842170943040401e-14,-4.919197750693866e-16,3.40576915802357e-08,7.4111457736165775e-09,1.1027464199254951e-07,4.976063884828669,1.3121549734179638,0.0
128,9008,9.768311646871643,6.50837002361899e-08,1.3079353796700353e-08,8.440058106821328e-08,7.851497232343238e-09,-5.684341886080802e-14,-9.838395501387732e-16,3.3809818729531575e-08,7.357207243297741e-09,1.0947179307146484e-07,4.97606388492586,1.3121549734518578,0.0
128,9012,9.772649263055866,6.46102432683418e-08,1.298420691403195e-08,8.378636613328497e-08,7.79435891883144e-09,-5.684341886080802e-14,-9.838395501387732e-16,3.356375140026961e-08,7.303661604627877e-09,1.0867479629673125e-07,4.976063885022326,1.312154973485498,0.0
128,9016,9.77698687924009,6.414023317612837e-08,1.2889752722555896e-08,8.317662480822058e-08,7.73763676993629e-09,-2.842170943040401e-14,-4.919197750693866e-16,3.331947646495432e-08,7.250506000989933e-09,1.0788360666664347e-07,4.976063885118077,1.3121549735188869,0.0
128,9020,9.781324495424313,6.367364479692573e-08,1.2795986165539722e-08,8.257132442267965e-08,7.681327746447816e-09,-2.842170943040401e-14,-4.919197750693866e-16,3.307698083282713e-08,7.1977375837610095e-09,1.0709818149910375e-07,4.976063885213115,1.3121549735520257,0.0
128,9024,9.785662111608538,6.321045318263527e-08,1.2702902229362395e-08,8.197043258023218e-08,7.625428834636998e-09,-2.842170943040401e-14,-4.919197750693866e-16,3.2836251522481766e-08,7.145353528113884e-09,1.0631848072372088e-07,4.976063885307448,1.3121549735849172,0.0
128,9028,9.789999727792761,6.275063363082146e-08,1.2610495949771844e-08,8.137391720202005e-08,7.569937050317439e-09,-2.842170943040401e-14,-4.919197750693866e-16,3.2597275679639877e-08,7.0933510368850915e-09,1.0554445958836307e-07,4.976063885401079,1.3121549736175626,0.0
128,9032,9.794337343976984,6.22941615207771e-08,1.2518762378940284e-08,8.078174631836486e-08,7.51484941945936e-09,0.0,0.0,3.2360040494036995e-08,7.041727322488833e-09,1.0477607972140501e-07,4.976063885494014,1.3121549736499638,0.0
128,9036,9.798674960161208,6.184101255293847e-08,1.2427696633577587e-08,8.019388837365638e-08,7.460163006552332e-09,-2.842170943040401e-14,-4.919197750693866e-16,3.212453332107117e-08,6.990479633388409e-09,1.0401329942755009e-07,4.976063885586258,1.312154973682123,0.0
128,9040,9.80301257634543,6.13911623467549e-08,1.2337293814118316e-08,7.961031171614157e-08,7.405874867142076e-09,-2.842170943040401e-14,-4.919197750693866e-16,3.189074147839931e-08,6.9396052098344325e-09,1.0325607621734036e-07,4.976063885677816,1.3121549737140414,0.0
128,9044,9.807350192529656,6.094458698394496e-08,1.2247549113895615e-08,7.90309852809754e-08,7.3519821113723706e-09,-5.684341886080802e-14,-9.838395501387732e-16,3.1658652517693594e-08,6.889101343000563e-09,1.0250437052466594e-07,4.976063885768695,1.3121549737457214,0.0
128,9048,9.811687808713879,6.050126269386981e-08,1.215845775591318e-08,7.845587820289645e-08,7.298481867953567e-09,-2.842170943040401e-14,-4.919197750693866e-16,3.142825407128317e-08,6.838965341611869e-09,1.0175814272215033e-07,4.976063885858897,1.3121549737771643,0.0
128,9052,9.816025424898102,6.006116561881764e-08,1.2070014945676347e-08,7.788495950255658e-08,7.245371254982922e-09,-5.684341886080802e-14,-9.838395501387732e-16,3.1199533725693666e-08,6.7891945044263125e-09,1.0101735103373931e-07,4.976063885948429,1.3121549738083722,0.0
128,9056,9.820363041082325,5.962427223477624e-08,1.1982215955751405e-08,7.731819863935026e-08,7.1926474313724125e-09,-5.684341886080802e-14,-9.838395501387732e-16,3.097247924372745e-08,6.739786168560674e-09,1.0028195895986974e-07,4.976063886037296,1.3121549738393465,0.0
128,9060,9.82470065726655,5.9190559312473146e-08,1.189505611793615e-08,7.675556544418409e-08,7.140307590594524e-09,-5.684341886080802e-14,-9.838395501387732e-16,3.0747078536078684e-08,6.690737703313818e-09,9.955192301733411e-08,4.976063886125503,1.3121549738700895,0.0
128,9064,9.829038273450774,5.8760003639211854e-08,1.1808530767359515e-08,7.619702977595061e-08,7.088348928725171e-09,-2.842170943040401e-14,-4.919197750693866e-16,3.0523319525216875e-08,6.642046480546991e-09,9.882720757944947e-08,4.976063886213054,1.3121549739006024,0.0
128,9068,9.833375889634997,5.833258218291772e-08,1.1722635275448573e-08,7.564256172939779e-08,7.036768663781097e-09,-5.684341886080802e-14,-9.838395501387732e-16,3.030119022823357e-08,6.593709892711733e-09,9.810777063154145e-08,4.976063886299954,1.312154973930887,0.0
128,9072,9.83771350581922,5.790827218259872e-08,1.1637365068107713e-08,7.509213174962382e-08,6.985564046370926e-09,-5.684341886080802e-14,-9.838395501387732e-16,3.008067880246272e-08,6.5457253627771145e-09,9.739357733285036e-08,4.976063886386209,1.3121549739609453,0.0
128,9076,9.842051122003445,5.748705094695376e-08,1.155271558524656e-08,7.454571037587593e-08,6.934732335861642e-09,-2.842170943040401e-14,-4.919197750693866e-16,2.986177344328141e-08,6.498090321990613e-09,9.668458741709904e-08,4.976063886471822,1.3121549739907787,0.0
128,9080,9.846388738187668,5.706889595846747e-08,1.1468682301699075e-08,7.400326836550521e-08,6.884270811909689e-09,-5.684341886080802e-14,-9.838395501387732e-16,2.964446243280479e-08,6.450802220474398e-09,9.59807632374597e-08,4.9760638865568,1.3121549740203893,0.0
128,9084,9.850726354371892,5.6653784898739865e-08,1.1385260732313848e-08,7.346477674116199e-08,6.834176778851389e-09,-2.842170943040401e-14,-4.919197750693866e-16,2.9428734160039897e-08,6.403858531610912e-09,9.528206733852312e-08,4.976063886641145,1.3121549740497782,0.0
128,9088,9.855063970556115,5.624169556824895e-08,1.1302446415829442e-08,7.293020667685876e-08,6.784447555103768e-09,-5.684341886080802e-14,-9.838395501387732e-16,2.921457707438409e-08,6.357256741923876e-09,9.458846204591837e-08,4.976063886724865,1.3121549740789473,0.0
128,9092,9.859401586740338,5.583260591578552e-08,1.1220234920789657e-08,7.23995295427743e-08,6.735080477332533e-09,-2.842170943040401e-14,-4.919197750693866e-16,2.9001979704149974e-08,6.310994355109412e-09,9.389991077405543e-08,4.976063886807963,1.3121549741078984,0.0
128,9096,9.863739202924563,5.5426494112057524e-08,1.113862186033522e-08,7.187271699326757e-08,6.686072908639696e-09,-2.842170943040401e-14,-4.919197750693866e-16,2.8790930691175858e-08,6.265068899567477e-09,9.32163755800862e-08,4.976063886890443,1.312154974136633,0.0
128,9100,9.868076819108786,5.502333842995743e-08,1.105760286814207e-08,7.134974081773194e-08,6.637422224689063e-09,-5.684341886080802e-14,-9.838395501387732e-16,2.8581418731612407e-08,6.2194779155167e-09,9.253782008557975e-08,4.97606388697231,1.3121549741651528,0.0
128,9104,9.87241443529301,5.462311737468844e-08,1.0977173624571786e-08,7.083057310496052e-08,6.589125828996569e-09,-2.842170943040401e-14,-4.919197750693866e-16,2.837343264138422e-08,6.174218969239197e-09,9.186420732760875e-08,4.976063887053568,1.3121549741934593,0.0
128,9108,9.876752051477233,5.422580952814695e-08,1.0897329825398368e-08,7.031518604886887e-08,6.541181134857335e-09,-2.842170943040401e-14,-4.919197750693866e-16,2.8166961279019532e-08,6.129289636287873e-09,9.119550451007339e-08,4.976063887134224,1.3121549742215541,0.0
128,9112,9.881089667661458,5.3831393791763654e-08,1.0818067230610084e-08,6.980355225206062e-08,6.493585593585331e-09,-2.842170943040401e-14,-4.919197750693866e-16,2.7961993666267408e-08,6.084687527733407e-09,9.053167226175671e-08,4.97606388721428,1.312154974249439,0.0
128,9116,9.885427283845681,5.343984890794799e-08,1.0739381568237965e-08,6.929564411368373e-08,6.446336637567744e-09,-2.842170943040401e-14,-4.919197750693866e-16,2.775851874361548e-08,6.040410236963533e-09,8.98726767163108e-08,4.976063887293741,1.3121549742771155,0.0
128,9120,9.889764900029904,5.3051154145744306e-08,1.0661268672146675e-08,6.879143471697594e-08,6.399431762830294e-09,-5.684341886080802e-14,-9.838395501387732e-16,2.7556525725689145e-08,5.996455417019907e-09,8.9218482087414e-08,4.976063887372612,1.312154974304585,0.0
128,9124,9.894102516214128,5.26652886173156e-08,1.0583724344673673e-08,6.829089693851546e-08,6.352868446173866e-09,-2.842170943040401e-14,-4.919197750693866e-16,2.7356003744048823e-08,5.952820702868778e-09,8.85690542150806e-08,4.976063887450898,1.312154974331849,0.0
128,9128,9.89844013239835,5.2282231760425465e-08,1.0506744453589788e-08,6.77940040849251e-08,6.306644204404929e-09,-5.684341886080802e-14,-9.838395501387732e-16,2.7156942103204388e-08,5.909503767111172e-09,8.792435638304529e-08,4.976063887528601,1.3121549743589092,0.0
128,9132,9.902777748582576,5.19019630884605e-08,1.0430324881863202e-08,6.730072955439807e-08,6.26075656284843e-09,-5.684341886080802e-14,-9.838395501387732e-16,2.695933014378244e-08,5.866502290207319e-09,8.728435525141008e-08,4.9760638876057275,1.312154974385767,0.0
128,9136,9.907115364766799,5.152446226555693e-08,1.0354461542757048e-08,6.68110469444749e-08,6.215203065373916e-09,-8.526512829121202e-14,-1.4757593252081598e-15,2.6763157286600956e-08,5.823813970067543e-09,8.66490182844849e-08,4.9760638876822805,1.3121549744124241,0.0
128,9140,9.911452980951022,5.1149709120381435e-08,1.027915038259884e-08,6.632493006269928e-08,6.169981275386808e-09,-2.842170943040401e-14,-4.919197750693866e-16,2.6568413036310254e-08,5.7814365228445604e-09,8.601830888371957e-08,4.976063887758266,1.312154974438882,0.0
128,9144,9.915790597135246,5.0777683746172765e-08,1.0204387400885035e-08,6.584235306522932e-08,6.1250887887229355e-09,-5.684341886080802e-14,-9.838395501387732e-16,2.637508703769115e-08,5.739367695184273e-09,8.539219446976965e-08,4.976063887833686,1.312154974465142,0.0
128,9148,9.92012821331947,5.0408366217167066e-08,1.0130168593293289e-08,6.536329007872477e-08,6.080523198473994e-09,0.0,0.0,2.6183168923285346e-08,5.697605231069281e-09,8.477064131170777e-08,4.976063887908547,1.312154974491206,0.0
128,9152,9.924465829503694,5.0041736734843064e-08,1.0056489981072185e-08,6.488771540029958e-08,6.036282113588452e-09,0.0,0.0,2.5992648394390088e-08,5.656146889443782e-09,8.415361651702265e-08,4.976063887982852,1.3121549745170749,0.0
128,9156,9.928803445687917,4.967777582649563e-08,9.983347650946993e-09,6.44156037456965e-08,5.992363181958381e-09,0.0,0.0,2.5803515319661706e-08,5.614990465670252e-09,8.35410867229537e-08,4.976063888056603,1.3121549745427503,0.0
128,9160,9.93314106187214,4.9316464009846684e-08,9.910737687719175e-09,6.394692981929876e-08,5.9487640504191184e-09,-5.684341886080802e-14,-9.838395501387732e-16,2.5615759563297783e-08,5.5741337541409195e-09,8.293301852492579e-08,4.976063888129809,1.312154974568234,0.0
128,9164,9.937478678056365,4.895778188498617e-08,9.838656192743044e-09,6.348166843583577e-08,5.9054823760711245e-09,-2.842170943040401e-14,-4.919197750693866e-16,2.542937103400635e-08,5.533574558933737e-09,8.232938020804444e-08,4.97606388820247,1.312154974593527,0.0
128,9168,9.941816294240589,4.8601710429756666e-08,9.767099343286857e-09,6.301979489678636e-08,5.862515861295496e-09,-2.842170943040401e-14,-4.919197750693866e-16,2.5244339835209714e-08,5.49331072649758e-09,8.17301400417059e-08,4.976063888274592,1.312154974618631,0.0
128,9172,9.946153910424812,4.824823064545478e-08,9.69606332133224e-09,6.256128453589311e-08,5.819862211474715e-09,-2.842170943040401e-14,-4.919197750693866e-16,2.5060656083415422e-08,5.45334010612875e-09,8.113526465966645e-08,4.976063888346178,1.312154974643547,0.0
128,9176,9.950491526609035,4.789732352261239e-08,9.625544306697516e-09,6.210611267175894e-08,5.777519130582871e-09,-2.842170943040401e-14,-4.919197750693866e-16,2.4878309888963608e-08,5.413660545781481e-09,8.054472253755375e-08,4.976063888417232,1.312154974668277,0.0
128,9180,9.954829142793258,4.754897050009897e-08,9.555538569299853e-09,6.16542552072711e-08,5.735484376948028e-09,-5.684341886080802e-14,-9.838395501387732e-16,2.469729159650189e-08,5.3742699443966395e-09,7.99584823006312e-08,4.976063888487759,1.312154974692822,0.0
128,9184,9.959166758977483,4.720315282830359e-08,9.486042341179008e-09,6.120568779796467e-08,5.6937556858879235e-09,-5.684341886080802e-14,-9.838395501387732e-16,2.451759145133676e-08,5.335166179297901e-09,7.937651348413327e-08,4.9760638885577615,1.3121549747171837,0.0
128,9188,9.963504375161707,4.685985207780547e-08,9.417051918720807e-09,6.076038652008329e-08,5.652330831857371e-09,-2.842170943040401e-14,-4.919197750693866e-16,2.4339199867782483e-08,5.296347164585985e-09,7.879878305985575e-08,4.9760638886272455,1.312154974741363,0.0
128,9192,9.96784199134593,4.6519049931759e-08,9.348563620934414e-09,6.031832758877437e-08,5.611207602232927e-09,-8.526512829121202e-14,-1.4757593252081598e-15,2.416210731518018e-08,5.257810826335769e-09,7.822526127843985e-08,4.976063888696213,1.3121549747653616,0.0
128,9196,9.972179607530153,4.618072815358626e-08,9.28057378295975e-09,5.98794873300781e-08,5.570383794707125e-09,-2.842170943040401e-14,-4.919197750693866e-16,2.3986304307884937e-08,5.219555100417417e-09,7.765591792961537e-08,4.976063888764668,1.312154974789181,0.0
128,9200,9.976517223714378,4.5844868667232683e-08,9.213078772195846e-09,5.944384227404088e-08,5.5298572259504985e-09,-8.526512829121202e-14,-1.4757593252081598e-15,2.3811781441612192e-08,5.181577940405572e-09,7.709072132503388e-08,4.976063888832615,1.3121549748128225,0.0
128,9204,9.980854839898601,4.551145353009381e-08,9.146074982860127e-09,5.9011369127333484e-08,5.489625729064338e-09,-5.684341886080802e-14,-9.838395501387732e-16,2.36385293831411e-08,5.143877315338735e-09,7.65296421133672e-08,4.976063888900058,1.3121549748362868,0.0
128,9208,9.985192456082824,4.518046504715252e-08,9.079558858925689e-09,5.858204491719718e-08,5.449687166971516e-09,-2.842170943040401e-14,-4.919197750693866e-16,2.3466538927623804e-08,5.1064512221900996e-09,7.597264938206771e-08,4.976063888967,1.3121549748595762,0.0
128,9212,9.989530072267048,4.485188539035911e-08,9.01352681763112e-09,5.8155846495145105e-08,5.410039386247513e-09,0.0,0.0,2.3295800799538514e-08,5.06929764255381e-09,7.54197150622265e-08,4.976063889033445,1.3121549748826915,0.0
128,9216,9.993867688451271,4.452569716335629e-08,8.947975362968805e-09,5.773275128007775e-08,5.370680286249918e-09,-2.842170943040401e-14,-4.919197750693866e-16,2.312630595131014e-08,5.032414607626497e-09,7.487080826169803e-08,4.976063889099397,1.3121549749056336,0.0
128,9220,9.998205304635496,4.420188284356706e-08,8.882900973565755e-09,5.7312736520316187e-08,5.331607750467895e-09,-2.842170943040401e-14,-4.919197750693866e-16,2.2958045266431527e-08,4.995800133604786e-09,7.432589984656821e-08,4.976063889164859,1.3121549749284047,0.0
128,9222,10.0,4.404086049268501e-08,8.850541591896923e-09,5.710387729244035e-08,5.312178291228851e-09,-2.842170943040401e-14,-4.919197750693866e-16,2.2874374922936943e-08,4.9775929949587015e-09,7.405493493737015e-08,4.976063889197408,1.3121549749397263,0.0
