width,step,time,D_euc,e_euc,D_H,e_H,U_gap,e_U,D_pred,e_pred,grad_norm,theta_norm,max_abs_theta,nan_or_inf
64,0,0.0,1.1723035892152984,1.0,18.07524842064082,1.0,163.3573027339392,1.0,1.1289900020944679,1.0,325.298825777903,0.0,0.0,0.0
64,903,0.01999490904625708,0.11092311232660622,0.09461978394253191,1.0388892864573769,0.05747579575564944,0.5396454747579469,0.0033034670977450573,0.0648194538356545,0.0574136650593924,9.992483244534773,1.1070006809407802,0.2965541238092702,0.0
64,1806,0.03998981809251416,0.0214230563848135,0.018274324656084515,0.1895699500595392,0.010487819898677687,0.01796838298277237,0.00010999436622700337,0.011825403296854872,0.010474320653785014,1.696761538396576,1.1619581657424232,0.3070811471192342,0.0
64,2709,0.05998472713877124,0.004686008032984758,0.003997264937251807,0.04030500821116527,0.002229845326227408,0.0008122468434521579,4.972210178904999e-06,0.0025139502076510956,0.0022267249514940713,0.34927387012104144,1.1703735401260076,0.31183762149149485,0.0
64,3612,0.07997963618502832,0.001096973155562657,0.0009357415311650925,0.009266024911746286,0.0005126361030349689,4.292960882423813e-05,2.6279577408398927e-07,0.0005779077721411551,0.000511880327610553,0.07866176032401996,1.1719125453494563,0.3128069980601655,0.0
64,4515,0.0999745452312854,0.0002677658916437398,0.00022841002459352146,0.0022359056046300997,0.00012369985477360485,2.499636934771843e-06,1.530165406099422e-08,0.00013944314899188589,0.00012351141173366922,0.01873048982258504,1.1722197999134667,0.3130199239674653,0.0
64,5418,0.11996945427754248,6.706018877710163e-05,5.720377331778837e-05,0.0005559813920015905,3.0759266985603034e-05,1.5455765378646902e-07,9.461325034130722e-10,3.467292416598627e-05,3.0711453690167416e-05,0.004618774699769416,1.172284859768124,0.31306885850276567,0.0
64,6321,0.13996436332379955,1.7058046524439593e-05,1.4550878016041638e-05,0.00014081007740246985,7.790215333454196e-06,9.913733833855076e-09,6.068742362869213e-11,8.781235501037977e-06,7.777956832874778e-06,0.0011637792183921707,1.1722992615293184,0.3130804664013748,0.0
64,7224,0.15995927237005664,4.379776276996695e-06,3.7360427088075144e-06,3.605911775876007e-05,1.9949445185817076e-06,6.501181815110613e-10,3.9797313657284835e-12,2.248702092205394e-06,1.9917821132460613e-06,0.0002970986014624031,1.1723025627396904,0.3130832846826556,0.0
64,8127,0.17995418141631372,1.13085122111652e-06,9.646402446600669e-07,9.295696309727743e-06,5.142776515930277e-07,4.318678747949889e-11,2.6437010624396394e-13,5.796898501886178e-07,5.134587986724372e-07,7.644570370351623e-05,1.1723033406758667,0.3130839808841551,0.0
64,9030,0.1999490904625708,2.9296622013519975e-07,2.499064430326463e-07,2.405913658500711e-06,1.3310542696349922e-07,2.8990143619012088e-12,1.7746463202951182e-14,1.500347846427801e-07,1.328929258580148e-07,1.9763343070510436e-05,1.1723035280549197,0.3130841551117247,0.0
64,9933,0.21994399950882787,7.605168751086478e-08,6.487371378072064e-08,6.241954331298551e-07,3.453315930181421e-08,1.8474111129762605e-13,1.1309020668547322e-15,3.8925247921305854e-08,3.447793855489678e-08,5.123940186379651e-06,1.172303573973383,0.3130841991392092,0.0
64,10836,0.23993890855508496,1.976667477356491e-08,1.686139576421162e-08,1.621782012035141e-07,8.97239127393218e-09,0.0,0.0,1.0113526005608453e-08,8.958029731747975e-09,1.3307463025168126e-06,1.172303585379203,0.31308421034659023,0.0
64,11739,0.25993381760134204,5.141435176146024e-09,4.3857540175131015e-09,4.2174445913526315e-08,2.333270610287475e-09,0.0,0.0,2.6300201857380964e-09,2.3295336370197816e-09,3.4597242123527644e-07,1.172303588242406,0.3130842132151912,0.0
64,12642,0.2799287266475991,1.3379372170247617e-09,1.1412890221724332e-09,1.0973439056706063e-08,6.070975513772232e-10,0.0,0.0,6.843089064324542e-10,6.061248595319225e-10,9.000499540519733e-08,1.1723035889670892,0.313084213952471,0.0
64,13545,0.2999236356938562,3.4826650809396855e-10,2.970787697810315e-10,2.8561608166495282e-09,1.5801502420226594e-10,0.0,0.0,1.7811148789064003e-10,1.5776179378047016e-10,2.342416452097226e-08,1.1723035891516822,0.31308421414255627,0.0
64,14448,0.3199185447401133,9.067026131559804e-11,7.73436694638884e-11,7.435552563332752e-10,4.1136654890130356e-11,-1.4210854715202004e-14,-8.699246668113325e-17,4.6368433258738015e-11,4.1070720885673664e-11,6.0977115294596e-09,1.1723035891989355,0.31308421419167975,0.0
64,15351,0.33991345378637033,2.360835977449583e-11,2.0138435121825816e-11,1.9359761665531725e-10,1.0710647629840634e-11,0.0,0.0,1.2072830870654647e-11,1.0693478992956093e-11,1.5875826498051785e-09,1.172303589211078,0.31308421420439736,0.0
64,16254,0.35990836283262745,6.147946688471784e-12,5.244329834891164e-12,5.041448321759095e-11,2.789144693581125e-12,-1.4210854715202004e-14,-8.699246668113325e-17,3.1438686257138573e-12,2.784673575391676e-12,4.134081572682578e-10,1.1723035892142077,0.313084214207694,0.0
64,17157,0.3799032718788845,1.6026042449638113e-12,1.367055649839426e-12,1.3141564039668153e-11,7.270474924516832e-13,0.0,0.0,8.195134877696356e-13,7.258819708317161e-13,1.0776008720929067e-10,1.172303589215016,0.31308421420854904,0.0
64,18060,0.3998981809251416,4.2288970476239646e-13,3.6073395036303265e-13,3.468207822191497e-12,1.9187608056501274e-13,0.0,0.0,2.1627903333996349e-13,1.9156859931330588e-13,2.844778668576773e-11,1.1723035892152243,0.31308421420876936,0.0
64,18963,0.4198930899713987,1.18403039555776e-13,1.0100032162746437e-13,9.744585220763374e-13,5.391121047960624e-14,0.0,0.0,6.076863228012309e-14,5.3825660251540734e-14,8.102006644338226e-12,1.1723035892152793,0.31308421420882876,0.0
64,19866,0.43988799901765574,5.4605263986013175e-14,4.6579456455101485e-14,4.745961441863806e-13,2.6256687218993963e-14,0.0,0.0,2.960330030825883e-14,2.6221047355016152e-14,4.58712353327556e-12,1.172303589215289,0.3130842142088367,0.0
64,20769,0.45988290806391285,5.23017471530458e-14,4.461450739740111e-14,4.597697273339717e-13,2.5436426467530207e-14,0.0,0.0,2.8679775672104746e-14,2.5403037776152934e-14,4.544331017747739e-12,1.1723035892152893,0.31308421420883686,0.0
64,21672,0.4798778171101699,5.23017471530458e-14,4.461450739740111e-14,4.597697273339717e-13,2.5436426467530207e-14,0.0,0.0,2.8679775672104746e-14,2.5403037776152934e-14,4.544331017747739e-12,1.1723035892152893,0.31308421420883686,0.0
64,22575,0.49987272615642697,5.23017471530458e-14,4.461450739740111e-14,4.597697273339717e-13,2.5436426467530207e-14,0.0,0.0,2.8679775672104746e-14,2.5403037776152934e-14,4.544331017747739e-12,1.1723035892152893,0.31308421420883686,0.0
64,23478,0.5198676352026841,5.23017471530458e-14,4.461450739740111e-14,4.597697273339717e-13,2.5436426467530207e-14,0.0,0.0,2.8679775672104746e-14,2.5403037776152934e-14,4.544331017747739e-12,1.1723035892152893,0.31308421420883686,0.0
64,24381,0.5398625442489412,5.23017471530458e-14,4.461450739740111e-14,4.597697273339717e-13,2.5436426467530207e-14,0.0,0.0,2.8679775672104746e-14,2.5403037776152934e-14,4.544331017747739e-12,1.1723035892152893,0.31308421420883686,0.0
64,25284,0.5598574532951982,5.23017471530458e-14,4.461450739740111e-14,4.597697273339717e-13,2.5436426467530207e-14,0.0,0.0,2.8679775672104746e-14,2.5403037776152934e-14,4.544331017747739e-12,1.1723035892152893,0.31308421420883686,0.0
64,26187,0.5798523623414553,5.23017471530458e-14,4.461450739740111e-14,4.597697273339717e-13,2.5436426467530207e-14,0.0,0.0,2.8679775672104746e-14,2.5403037776152934e-14,4.544331017747739e-12,1.1723035892152893,0.31308421420883686,0.0
64,27090,0.5998472713877124,5.23017471530458e-14,4.461450739740111e-14,4.597697273339717e-13,2.5436426467530207e-14,0.0,0.0,2.8679775672104746e-14,2.5403037776152934e-14,4.544331017747739e-12,1.1723035892152893,0.31308421420883686,0.0
64,27993,0.6198421804339694,5.23017471530458e-14,4.461450739740111e-14,4.597697273339717e-13,2.5436426467530207e-14,0.0,0.0,2.8679775672104746e-14,2.5403037776152934e-14,4.544331017747739e-12,1.1723035892152893,0.31308421420883686,0.0
64,28896,0.6398370894802266,5.23017471530458e-14,4.461450739740111e-14,4.597697273339717e-13,2.5436426467530207e-14,0.0,0.0,2.8679775672104746e-14,2.5403037776152934e-14,4.544331017747739e-12,1.1723035892152893,0.31308421420883686,0.0
64,29799,0.6598319985264837,5.23017471530458e-14,4.461450739740111e-14,4.597697273339717e-13,2.5436426467530207e-14,0.0,0.0,2.8679775672104746e-14,2.5403037776152934e-14,4.544331017747739e-12,1.1723035892152893,0.31308421420883686,0.0
64,30702,0.6798269075727407,5.23017471530458e-14,4.461450739740111e-14,4.597697273339717e-13,2.5436426467530207e-14,0.0,0.0,2.8679775672104746e-14,2.5403037776152934e-14,4.544331017747739e-12,1.1723035892152893,0.31308421420883686,0.0
64,31605,0.6998218166189978,5.23017471530458e-14,4.461450739740111e-14,4.597697273339717e-13,2.5436426467530207e-14,0.0,0.0,2.8679775672104746e-14,2.5403037776152934e-14,4.544331017747739e-12,1.1723035892152893,0.31308421420883686,0.0
64,32508,0.7198167256652549,5.23017471530458e-14,4.461450739740111e-14,4.597697273339717e-13,2.5436426467530207e-14,0.0,0.0,2.8679775672104746e-14,2.5403037776152934e-14,4.544331017747739e-12,1.1723035892152893,0.31308421420883686,0.0
64,33411,0.739811634711512,5.23017471530458e-14,4.461450739740111e-14,4.597697273339717e-13,2.5436426467530207e-14,0.0,0.0,2.8679775672104746e-14,2.5403037776152934e-14,4.544331017747739e-12,1.1723035892152893,0.31308421420883686,0.0
64,34314,0.759806543757769,5.23017471530458e-14,4.461450739740111e-14,4.597697273339717e-13,2.5436426467530207e-14,0.0,0.0,2.8679775672104746e-14,2.5403037776152934e-14,4.544331017747739e-12,1.1723035892152893,0.31308421420883686,0.0
64,35217,0.7798014528040261,5.23017471530458e-14,4.461450739740111e-14,4.597697273339717e-13,2.5436426467530207e-14,0.0,0.0,2.8679775672104746e-14,2.5403037776152934e-14,4.544331017747739e-12,1.1723035892152893,0.31308421420883686,0.0
64,36120,0.7997963618502832,5.23017471530458e-14,4.461450739740111e-14,4.597697273339717e-13,2.5436426467530207e-14,0.0,0.0,2.8679775672104746e-14,2.5403037776152934e-14,4.544331017747739e-12,1.1723035892152893,0.31308421420883686,0.0
64,37023,0.8197912708965402,5.23017471530458e-14,4.461450739740111e-14,4.597697273339717e-13,2.5436426467530207e-14,0.0,0.0,2.8679775672104746e-14,2.5403037776152934e-14,4.544331017747739e-12,1.1723035892152893,0.31308421420883686,0.0
64,37926,0.8397861799427974,5.23017471530458e-14,4.461450739740111e-14,4.597697273339717e-13,2.5436426467530207e-14,0.0,0.0,2.8679775672104746e-14,2.5403037776152934e-14,4.544331017747739e-12,1.1723035892152893,0.31308421420883686,0.0
64,38829,0.8597810889890545,5.23017471530458e-14,4.461450739740111e-14,4.597697273339717e-13,2.5436426467530207e-14,0.0,0.0,2.8679775672104746e-14,2.5403037776152934e-14,4.544331017747739e-12,1.1723035892152893,0.31308421420883686,0.0
64,39732,0.8797759980353115,5.23017471530458e-14,4.461450739740111e-14,4.597697273339717e-13,2.5436426467530207e-14,0.0,0.0,2.8679775672104746e-14,2.5403037776152934e-14,4.544331017747739e-12,1.1723035892152893,0.31308421420883686,0.0
64,40635,0.8997709070815686,5.23017471530458e-14,4.461450739740111e-14,4.597697273339717e-13,2.5436426467530207e-14,0.0,0.0,2.8679775672104746e-14,2.5403037776152934e-14,4.544331017747739e-12,1.1723035892152893,0.31308421420883686,0.0
64,41538,0.9197658161278257,5.23017471530458e-14,4.461450739740111e-14,4.597697273339717e-13,2.5436426467530207e-14,0.0,0.0,2.8679775672104746e-14,2.5403037776152934e-14,4.544331017747739e-12,1.1723035892152893,0.31308421420883686,0.0
64,42441,0.9397607251740827,5.23017471530458e-14,4.461450739740111e-14,4.597697273339717e-13,2.5436426467530207e-14,0.0,0.0,2.8679775672104746e-14,2.5403037776152934e-14,4.544331017747739e-12,1.1723035892152893,0.31308421420883686,0.0
64,43344,0.9597556342203398,5.23017471530458e-14,4.461450739740111e-14,4.597697273339717e-13,2.5436426467530207e-14,0.0,0.0,2.8679775672104746e-14,2.5403037776152934e-14,4.544331017747739e-12,1.1723035892152893,0.31308421420883686,0.0
64,44247,0.9797505432665969,5.23017471530458e-14,4.461450739740111e-14,4.597697273339717e-13,2.5436426467530207e-14,0.0,0.0,2.8679775672104746e-14,2.5403037776152934e-14,4.544331017747739e-12,1.1723035892152893,0.31308421420883686,0.0
64,45150,0.9997454523128539,5.23017471530458e-14,4.461450739740111e-14,4.597697273339717e-13,2.5436426467530207e-14,0.0,0.0,2.8679775672104746e-14,2.5403037776152934e-14,4.544331017747739e-12,1.1723035892152893,0.31308421420883686,0.0
64,46053,1.0197403613591112,5.23017471530458e-14,4.461450739740111e-14,4.597697273339717e-13,2.5436426467530207e-14,0.0,0.0,2.8679775672104746e-14,2.5403037776152934e-14,4.544331017747739e-12,1.1723035892152893,0.31308421420883686,0.0
64,46956,1.0397352704053682,5.23017471530458e-14,4.461450739740111e-14,4.597697273339717e-13,2.5436426467530207e-14,0.0,0.0,2.8679775672104746e-14,2.5403037776152934e-14,4.544331017747739e-12,1.1723035892152893,0.31308421420883686,0.0
64,47859,1.0597301794516252,5.23017471530458e-14,4.461450739740111e-14,4.597697273339717e-13,2.5436426467530207e-14,0.0,0.0,2.8679775672104746e-14,2.5403037776152934e-14,4.544331017747739e-12,1.1723035892152893,0.31308421420883686,0.0
64,48762,1.0797250884978824,5.23017471530458e-14,4.461450739740111e-14,4.597697273339717e-13,2.5436426467530207e-14,0.0,0.0,2.8679775672104746e-14,2.5403037776152934e-14,4.544331017747739e-12,1.1723035892152893,0.31308421420883686,0.0
64,49665,1.0997199975441394,5.23017471530458e-14,4.461450739740111e-14,4.597697273339717e-13,2.5436426467530207e-14,0.0,0.0,2.8679775672104746e-14,2.5403037776152934e-14,4.544331017747739e-12,1.1723035892152893,0.31308421420883686,0.0
64,50568,1.1197149065903964,5.23017471530458e-14,4.461450739740111e-14,4.597697273339717e-13,2.5436426467530207e-14,0.0,0.0,2.8679775672104746e-14,2.5403037776152934e-14,4.544331017747739e-12,1.1723035892152893,0.31308421420883686,0.0
64,51471,1.1397098156366536,5.23017471530458e-14,4.461450739740111e-14,4.597697273339717e-13,2.5436426467530207e-14,0.0,0.0,2.8679775672104746e-14,2.5403037776152934e-14,4.544331017747739e-12,1.1723035892152893,0.31308421420883686,0.0
64,52374,1.1597047246829106,5.23017471530458e-14,4.461450739740111e-14,4.597697273339717e-13,2.5436426467530207e-14,0.0,0.0,2.8679775672104746e-14,2.5403037776152934e-14,4.544331017747739e-12,1.1723035892152893,0.31308421420883686,0.0
64,53277,1.1796996337291676,5.23017471530458e-14,4.461450739740111e-14,4.597697273339717e-13,2.5436426467530207e-14,0.0,0.0,2.8679775672104746e-14,2.5403037776152934e-14,4.544331017747739e-12,1.1723035892152893,0.31308421420883686,0.0
64,54180,1.1996945427754249,5.23017471530458e-14,4.461450739740111e-14,4.597697273339717e-13,2.5436426467530207e-14,0.0,0.0,2.8679775672104746e-14,2.5403037776152934e-14,4.544331017747739e-12,1.1723035892152893,0.31308421420883686,0.0
64,55083,1.2196894518216819,5.23017471530458e-14,4.461450739740111e-14,4.597697273339717e-13,2.5436426467530207e-14,0.0,0.0,2.8679775672104746e-14,2.5403037776152934e-14,4.544331017747739e-12,1.1723035892152893,0.31308421420883686,0.0
64,55986,1.2396843608679389,5.23017471530458e-14,4.461450739740111e-14,4.597697273339717e-13,2.5436426467530207e-14,0.0,0.0,2.8679775672104746e-14,2.5403037776152934e-14,4.544331017747739e-12,1.1723035892152893,0.31308421420883686,0.0
64,56889,1.259679269914196,5.23017471530458e-14,4.461450739740111e-14,4.597697273339717e-13,2.5436426467530207e-14,0.0,0.0,2.8679775672104746e-14,2.5403037776152934e-14,4.544331017747739e-12,1.1723035892152893,0.31308421420883686,0.0
64,57792,1.279674178960453,5.23017471530458e-14,4.461450739740111e-14,4.597697273339717e-13,2.5436426467530207e-14,0.0,0.0,2.8679775672104746e-14,2.5403037776152934e-14,4.544331017747739e-12,1.1723035892152893,0.31308421420883686,0.0
64,58695,1.29966908800671,5.23017471530458e-14,4.461450739740111e-14,4.597697273339717e-13,2.5436426467530207e-14,0.0,0.0,2.8679775672104746e-14,2.5403037776152934e-14,4.544331017747739e-12,1.1723035892152893,0.31308421420883686,0.0
64,59598,1.3196639970529673,5.23017471530458e-14,4.461450739740111e-14,4.597697273339717e-13,2.5436426467530207e-14,0.0,0.0,2.8679775672104746e-14,2.5403037776152934e-14,4.544331017747739e-12,1.1723035892152893,0.31308421420883686,0.0
64,60501,1.3396589060992243,5.23017471530458e-14,4.461450739740111e-14,4.597697273339717e-13,2.5436426467530207e-14,0.0,0.0,2.8679775672104746e-14,2.5403037776152934e-14,4.544331017747739e-12,1.1723035892152893,0.31308421420883686,0.0
64,61404,1.3596538151454813,5.23017471530458e-14,4.461450739740111e-14,4.597697273339717e-13,2.5436426467530207e-14,0.0,0.0,2.8679775672104746e-14,2.5403037776152934e-14,4.544331017747739e-12,1.1723035892152893,0.31308421420883686,0.0
64,62307,1.3796487241917386,5.23017471530458e-14,4.461450739740111e-14,4.597697273339717e-13,2.5436426467530207e-14,0.0,0.0,2.8679775672104746e-14,2.5403037776152934e-14,4.544331017747739e-12,1.1723035892152893,0.31308421420883686,0.0
64,63210,1.3996436332379956,5.23017471530458e-14,4.461450739740111e-14,4.597697273339717e-13,2.5436426467530207e-14,0.0,0.0,2.8679775672104746e-14,2.5403037776152934e-14,4.544331017747739e-12,1.1723035892152893,0.31308421420883686,0.0
64,64113,1.4196385422842526,5.23017471530458e-14,4.461450739740111e-14,4.597697273339717e-13,2.5436426467530207e-14,0.0,0.0,2.8679775672104746e-14,2.5403037776152934e-14,4.544331017747739e-12,1.1723035892152893,0.31308421420883686,0.0
64,65016,1.4396334513305098,5.23017471530458e-14,4.461450739740111e-14,4.597697273339717e-13,2.5436426467530207e-14,0.0,0.0,2.8679775672104746e-14,2.5403037776152934e-14,4.544331017747739e-12,1.1723035892152893,0.31308421420883686,0.0
64,65919,1.4596283603767668,5.23017471530458e-14,4.461450739740111e-14,4.597697273339717e-13,2.5436426467530207e-14,0.0,0.0,2.8679775672104746e-14,2.5403037776152934e-14,4.544331017747739e-12,1.1723035892152893,0.31308421420883686,0.0
64,66822,1.479623269423024,5.23017471530458e-14,4.461450739740111e-14,4.597697273339717e-13,2.5436426467530207e-14,0.0,0.0,2.8679775672104746e-14,2.5403037776152934e-14,4.544331017747739e-12,1.1723035892152893,0.31308421420883686,0.0
64,67725,1.499618178469281,5.23017471530458e-14,4.461450739740111e-14,4.597697273339717e-13,2.5436426467530207e-14,0.0,0.0,2.8679775672104746e-14,2.5403037776152934e-14,4.544331017747739e-12,1.1723035892152893,0.31308421420883686,0.0
64,68628,1.519613087515538,5.23017471530458e-14,4.461450739740111e-14,4.597697273339717e-13,2.5436426467530207e-14,0.0,0.0,2.8679775672104746e-14,2.5403037776152934e-14,4.544331017747739e-12,1.1723035892152893,0.31308421420883686,0.0
64,69531,1.5396079965617953,5.23017471530458e-14,4.461450739740111e-14,4.597697273339717e-13,2.5436426467530207e-14,0.0,0.0,2.8679775672104746e-14,2.5403037776152934e-14,4.544331017747739e-12,1.1723035892152893,0.31308421420883686,0.0
64,70434,1.5596029056080523,5.23017471530458e-14,4.461450739740111e-14,4.597697273339717e-13,2.5436426467530207e-14,0.0,0.0,2.8679775672104746e-14,2.5403037776152934e-14,4.544331017747739e-12,1.1723035892152893,0.31308421420883686,0.0
64,71337,1.5795978146543093,5.23017471530458e-14,4.461450739740111e-14,4.597697273339717e-13,2.5436426467530207e-14,0.0,0.0,2.8679775672104746e-14,2.5403037776152934e-14,4.544331017747739e-12,1.1723035892152893,0.31308421420883686,0.0
64,72240,1.5995927237005665,5.23017471530458e-14,4.461450739740111e-14,4.597697273339717e-13,2.5436426467530207e-14,0.0,0.0,2.8679775672104746e-14,2.5403037776152934e-14,4.544331017747739e-12,1.1723035892152893,0.31308421420883686,0.0
64,73143,1.6195876327468235,5.23017471530458e-14,4.461450739740111e-14,4.597697273339717e-13,2.5436426467530207e-14,0.0,0.0,2.8679775672104746e-14,2.5403037776152934e-14,4.544331017747739e-12,1.1723035892152893,0.31308421420883686,0.0
64,74046,1.6395825417930805,5.23017471530458e-14,4.461450739740111e-14,4.597697273339717e-13,2.5436426467530207e-14,0.0,0.0,2.8679775672104746e-14,2.5403037776152934e-14,4.544331017747739e-12,1.1723035892152893,0.31308421420883686,0.0
64,74949,1.6595774508393377,5.23017471530458e-14,4.461450739740111e-14,4.597697273339717e-13,2.5436426467530207e-14,0.0,0.0,2.8679775672104746e-14,2.5403037776152934e-14,4.544331017747739e-12,1.1723035892152893,0.31308421420883686,0.0
64,75852,1.6795723598855947,5.23017471530458e-14,4.461450739740111e-14,4.597697273339717e-13,2.5436426467530207e-14,0.0,0.0,2.8679775672104746e-14,2.5403037776152934e-14,4.544331017747739e-12,1.1723035892152893,0.31308421420883686,0.0
64,76755,1.6995672689318517,5.23017471530458e-14,4.461450739740111e-14,4.597697273339717e-13,2.5436426467530207e-14,0.0,0.0,2.8679775672104746e-14,2.5403037776152934e-14,4.544331017747739e-12,1.1723035892152893,0.31308421420883686,0.0
64,77658,1.719562177978109,5.23017471530458e-14,4.461450739740111e-14,4.597697273339717e-13,2.5436426467530207e-14,0.0,0.0,2.8679775672104746e-14,2.5403037776152934e-14,4.544331017747739e-12,1.1723035892152893,0.31308421420883686,0.0
64,78561,1.739557087024366,5.23017471530458e-14,4.461450739740111e-14,4.597697273339717e-13,2.5436426467530207e-14,0.0,0.0,2.8679775672104746e-14,2.5403037776152934e-14,4.544331017747739e-12,1.1723035892152893,0.31308421420883686,0.0
64,79464,1.759551996070623,5.23017471530458e-14,4.461450739740111e-14,4.597697273339717e-13,2.5436426467530207e-14,0.0,0.0,2.8679775672104746e-14,2.5403037776152934e-14,4.544331017747739e-12,1.1723035892152893,0.31308421420883686,0.0
64,80367,1.7795469051168802,5.23017471530458e-14,4.461450739740111e-14,4.597697273339717e-13,2.5436426467530207e-14,0.0,0.0,2.8679775672104746e-14,2.5403037776152934e-14,4.544331017747739e-12,1.1723035892152893,0.31308421420883686,0.0
64,81270,1.7995418141631372,5.23017471530458e-14,4.461450739740111e-14,4.597697273339717e-13,2.5436426467530207e-14,0.0,0.0,2.8679775672104746e-14,2.5403037776152934e-14,4.544331017747739e-12,1.1723035892152893,0.31308421420883686,0.0
64,82173,1.8195367232093942,5.23017471530458e-14,4.461450739740111e-14,4.597697273339717e-13,2.5436426467530207e-14,0.0,0.0,2.8679775672104746e-14,2.5403037776152934e-14,4.544331017747739e-12,1.1723035892152893,0.31308421420883686,0.0
64,83076,1.8395316322556514,5.23017471530458e-14,4.461450739740111e-14,4.597697273339717e-13,2.5436426467530207e-14,0.0,0.0,2.8679775672104746e-14,2.5403037776152934e-14,4.544331017747739e-12,1.1723035892152893,0.31308421420883686,0.0
64,83979,1.8595265413019084,5.23017471530458e-14,4.461450739740111e-14,4.597697273339717e-13,2.5436426467530207e-14,0.0,0.0,2.8679775672104746e-14,2.5403037776152934e-14,4.544331017747739e-12,1.1723035892152893,0.31308421420883686,0.0
64,84882,1.8795214503481654,5.23017471530458e-14,4.461450739740111e-14,4.597697273339717e-13,2.5436426467530207e-14,0.0,0.0,2.8679775672104746e-14,2.5403037776152934e-14,4.544331017747739e-12,1.1723035892152893,0.31308421420883686,0.0
64,85785,1.8995163593944226,5.23017471530458e-14,4.461450739740111e-14,4.597697273339717e-13,2.5436426467530207e-14,0.0,0.0,2.8679775672104746e-14,2.5403037776152934e-14,4.544331017747739e-12,1.1723035892152893,0.31308421420883686,0.0
64,86688,1.9195112684406797,5.23017471530458e-14,4.461450739740111e-14,4.597697273339717e-13,2.5436426467530207e-14,0.0,0.0,2.8679775672104746e-14,2.5403037776152934e-14,4.544331017747739e-12,1.1723035892152893,0.31308421420883686,0.0
64,87591,1.9395061774869367,5.23017471530458e-14,4.461450739740111e-14,4.597697273339717e-13,2.5436426467530207e-14,0.0,0.0,2.8679775672104746e-14,2.5403037776152934e-14,4.544331017747739e-12,1.1723035892152893,0.31308421420883686,0.0
64,88494,1.9595010865331939,5.23017471530458e-14,4.461450739740111e-14,4.597697273339717e-13,2.5436426467530207e-14,0.0,0.0,2.8679775672104746e-14,2.5403037776152934e-14,4.544331017747739e-12,1.1723035892152893,0.31308421420883686,0.0
64,89397,1.9794959955794509,5.23017471530458e-14,4.461450739740111e-14,4.597697273339717e-13,2.5436426467530207e-14,0.0,0.0,2.8679775672104746e-14,2.5403037776152934e-14,4.544331017747739e-12,1.1723035892152893,0.31308421420883686,0.0
64,90300,1.9994909046257079,5.23017471530458e-14,4.461450739740111e-14,4.597697273339717e-13,2.5436426467530207e-14,0.0,0.0,2.8679775672104746e-14,2.5403037776152934e-14,4.544331017747739e-12,1.1723035892152893,0.31308421420883686,0.0
64,91203,2.019485813671965,5.23017471530458e-14,4.461450739740111e-14,4.597697273339717e-13,2.5436426467530207e-14,0.0,0.0,2.8679775672104746e-14,2.5403037776152934e-14,4.544331017747739e-12,1.1723035892152893,0.31308421420883686,0.0
64,92106,2.0394807227182223,5.23017471530458e-14,4.461450739740111e-14,4.597697273339717e-13,2.5436426467530207e-14,0.0,0.0,2.8679775672104746e-14,2.5403037776152934e-14,4.544331017747739e-12,1.1723035892152893,0.31308421420883686,0.0
64,93009,2.0594756317644793,5.23017471530458e-14,4.461450739740111e-14,4.597697273339717e-13,2.5436426467530207e-14,0.0,0.0,2.8679775672104746e-14,2.5403037776152934e-14,4.544331017747739e-12,1.1723035892152893,0.31308421420883686,0.0
64,93912,2.0794705408107363,5.23017471530458e-14,4.461450739740111e-14,4.597697273339717e-13,2.5436426467530207e-14,0.0,0.0,2.8679775672104746e-14,2.5403037776152934e-14,4.544331017747739e-12,1.1723035892152893,0.31308421420883686,0.0
64,94815,2.0994654498569933,5.23017471530458e-14,4.461450739740111e-14,4.597697273339717e-13,2.5436426467530207e-14,0.0,0.0,2.8679775672104746e-14,2.5403037776152934e-14,4.544331017747739e-12,1.1723035892152893,0.31308421420883686,0.0
64,95718,2.1194603589032504,5.23017471530458e-14,4.461450739740111e-14,4.597697273339717e-13,2.5436426467530207e-14,0.0,0.0,2.8679775672104746e-14,2.5403037776152934e-14,4.544331017747739e-12,1.1723035892152893,0.31308421420883686,0.0
64,96621,2.1394552679495074,5.23017471530458e-14,4.461450739740111e-14,4.597697273339717e-13,2.5436426467530207e-14,0.0,0.0,2.8679775672104746e-14,2.5403037776152934e-14,4.544331017747739e-12,1.1723035892152893,0.31308421420883686,0.0
64,97524,2.159450176995765,5.23017471530458e-14,4.461450739740111e-14,4.597697273339717e-13,2.5436426467530207e-14,0.0,0.0,2.8679775672104746e-14,2.5403037776152934e-14,4.544331017747739e-12,1.1723035892152893,0.31308421420883686,0.0
64,98427,2.179445086042022,5.23017471530458e-14,4.461450739740111e-14,4.597697273339717e-13,2.5436426467530207e-14,0.0,0.0,2.8679775672104746e-14,2.5403037776152934e-14,4.544331017747739e-12,1.1723035892152893,0.31308421420883686,0.0
64,99330,2.199439995088279,5.23017471530458e-14,4.461450739740111e-14,4.597697273339717e-13,2.5436426467530207e-14,0.0,0.0,2.8679775672104746e-14,2.5403037776152934e-14,4.544331017747739e-12,1.1723035892152893,0.31308421420883686,0.0
64,100233,2.219434904134536,5.23017471530458e-14,4.461450739740111e-14,4.597697273339717e-13,2.5436426467530207e-14,0.0,0.0,2.8679775672104746e-14,2.5403037776152934e-14,4.544331017747739e-12,1.1723035892152893,0.31308421420883686,0.0
64,101136,2.239429813180793,5.23017471530458e-14,4.461450739740111e-14,4.597697273339717e-13,2.5436426467530207e-14,0.0,0.0,2.8679775672104746e-14,2.5403037776152934e-14,4.544331017747739e-12,1.1723035892152893,0.31308421420883686,0.0
64,102039,2.25942472222705,5.23017471530458e-14,4.461450739740111e-14,4.597697273339717e-13,2.5436426467530207e-14,0.0,0.0,2.8679775672104746e-14,2.5403037776152934e-14,4.544331017747739e-12,1.1723035892152893,0.31308421420883686,0.0
64,102942,2.2794196312733073,5.23017471530458e-14,4.461450739740111e-14,4.597697273339717e-13,2.5436426467530207e-14,0.0,0.0,2.8679775672104746e-14,2.5403037776152934e-14,4.544331017747739e-12,1.1723035892152893,0.31308421420883686,0.0
64,103845,2.2994145403195643,5.23017471530458e-14,4.461450739740111e-14,4.597697273339717e-13,2.5436426467530207e-14,0.0,0.0,2.8679775672104746e-14,2.5403037776152934e-14,4.544331017747739e-12,1.1723035892152893,0.31308421420883686,0.0
64,104748,2.3194094493658213,5.23017471530458e-14,4.461450739740111e-14,4.597697273339717e-13,2.5436426467530207e-14,0.0,0.0,2.8679775672104746e-14,2.5403037776152934e-14,4.544331017747739e-12,1.1723035892152893,0.31308421420883686,0.0
64,105651,2.3394043584120783,5.23017471530458e-14,4.461450739740111e-14,4.597697273339717e-13,2.5436426467530207e-14,0.0,0.0,2.8679775672104746e-14,2.5403037776152934e-14,4.544331017747739e-12,1.1723035892152893,0.31308421420883686,0.0
64,106554,2.3593992674583353,5.23017471530458e-14,4.461450739740111e-14,4.597697273339717e-13,2.5436426467530207e-14,0.0,0.0,2.8679775672104746e-14,2.5403037776152934e-14,4.544331017747739e-12,1.1723035892152893,0.31308421420883686,0.0
64,107457,2.3793941765045927,5.23017471530458e-14,4.461450739740111e-14,4.597697273339717e-13,2.5436426467530207e-14,0.0,0.0,2.8679775672104746e-14,2.5403037776152934e-14,4.544331017747739e-12,1.1723035892152893,0.31308421420883686,0.0
64,108360,2.3993890855508497,5.23017471530458e-14,4.461450739740111e-14,4.597697273339717e-13,2.5436426467530207e-14,0.0,0.0,2.8679775672104746e-14,2.5403037776152934e-14,4.544331017747739e-12,1.1723035892152893,0.31308421420883686,0.0
64,109263,2.4193839945971067,5.23017471530458e-14,4.461450739740111e-14,4.597697273339717e-13,2.5436426467530207e-14,0.0,0.0,2.8679775672104746e-14,2.5403037776152934e-14,4.544331017747739e-12,1.1723035892152893,0.31308421420883686,0.0
64,110166,2.4393789036433637,5.23017471530458e-14,4.461450739740111e-14,4.597697273339717e-13,2.5436426467530207e-14,0.0,0.0,2.8679775672104746e-14,2.5403037776152934e-14,4.544331017747739e-12,1.1723035892152893,0.31308421420883686,0.0
64,111069,2.4593738126896207,5.23017471530458e-14,4.461450739740111e-14,4.597697273339717e-13,2.5436426467530207e-14,0.0,0.0,2.8679775672104746e-14,2.5403037776152934e-14,4.544331017747739e-12,1.1723035892152893,0.31308421420883686,0.0
64,111972,2.4793687217358777,5.23017471530458e-14,4.461450739740111e-14,4.597697273339717e-13,2.5436426467530207e-14,0.0,0.0,2.8679775672104746e-14,2.5403037776152934e-14,4.544331017747739e-12,1.1723035892152893,0.31308421420883686,0.0
64,112875,2.499363630782135,5.23017471530458e-14,4.461450739740111e-14,4.597697273339717e-13,2.5436426467530207e-14,0.0,0.0,2.8679775672104746e-14,2.5403037776152934e-14,4.544331017747739e-12,1.1723035892152893,0.31308421420883686,0.0
64,113778,2.519358539828392,5.23017471530458e-14,4.461450739740111e-14,4.597697273339717e-13,2.5436426467530207e-14,0.0,0.0,2.8679775672104746e-14,2.5403037776152934e-14,4.544331017747739e-12,1.1723035892152893,0.31308421420883686,0.0
64,114681,2.539353448874649,5.23017471530458e-14,4.461450739740111e-14,4.597697273339717e-13,2.5436426467530207e-14,0.0,0.0,2.8679775672104746e-14,2.5403037776152934e-14,4.544331017747739e-12,1.1723035892152893,0.31308421420883686,0.0
64,115584,2.559348357920906,5.23017471530458e-14,4.461450739740111e-14,4.597697273339717e-13,2.5436426467530207e-14,0.0,0.0,2.8679775672104746e-14,2.5403037776152934e-14,4.544331017747739e-12,1.1723035892152893,0.31308421420883686,0.0
64,116487,2.579343266967163,5.23017471530458e-14,4.461450739740111e-14,4.597697273339717e-13,2.5436426467530207e-14,0.0,0.0,2.8679775672104746e-14,2.5403037776152934e-14,4.544331017747739e-12,1.1723035892152893,0.31308421420883686,0.0
64,117390,2.59933817601342,5.23017471530458e-14,4.461450739740111e-14,4.597697273339717e-13,2.5436426467530207e-14,0.0,0.0,2.8679775672104746e-14,2.5403037776152934e-14,4.544331017747739e-12,1.1723035892152893,0.31308421420883686,0.0
64,118293,2.6193330850596777,5.23017471530458e-14,4.461450739740111e-14,4.597697273339717e-13,2.5436426467530207e-14,0.0,0.0,2.8679775672104746e-14,2.5403037776152934e-14,4.544331017747739e-12,1.1723035892152893,0.31308421420883686,0.0
64,119196,2.6393279941059347,5.23017471530458e-14,4.461450739740111e-14,4.597697273339717e-13,2.5436426467530207e-14,0.0,0.0,2.8679775672104746e-14,2.5403037776152934e-14,4.544331017747739e-12,1.1723035892152893,0.31308421420883686,0.0
64,120099,2.6593229031521917,5.23017471530458e-14,4.461450739740111e-14,4.597697273339717e-13,2.5436426467530207e-14,0.0,0.0,2.8679775672104746e-14,2.5403037776152934e-14,4.544331017747739e-12,1.1723035892152893,0.31308421420883686,0.0
64,121002,2.6793178121984487,5.23017471530458e-14,4.461450739740111e-14,4.597697273339717e-13,2.5436426467530207e-14,0.0,0.0,2.8679775672104746e-14,2.5403037776152934e-14,4.544331017747739e-12,1.1723035892152893,0.31308421420883686,0.0
64,121905,2.6993127212447057,5.23017471530458e-14,4.461450739740111e-14,4.597697273339717e-13,2.5436426467530207e-14,0.0,0.0,2.8679775672104746e-14,2.5403037776152934e-14,4.544331017747739e-12,1.1723035892152893,0.31308421420883686,0.0
64,122808,2.7193076302909627,5.23017471530458e-14,4.461450739740111e-14,4.597697273339717e-13,2.5436426467530207e-14,0.0,0.0,2.8679775672104746e-14,2.5403037776152934e-14,4.544331017747739e-12,1.1723035892152893,0.31308421420883686,0.0
64,123711,2.73930253933722,5.23017471530458e-14,4.461450739740111e-14,4.597697273339717e-13,2.5436426467530207e-14,0.0,0.0,2.8679775672104746e-14,2.5403037776152934e-14,4.544331017747739e-12,1.1723035892152893,0.31308421420883686,0.0
64,124614,2.759297448383477,5.23017471530458e-14,4.461450739740111e-14,4.597697273339717e-13,2.5436426467530207e-14,0.0,0.0,2.8679775672104746e-14,2.5403037776152934e-14,4.544331017747739e-12,1.1723035892152893,0.31308421420883686,0.0
64,125517,2.779292357429734,5.23017471530458e-14,4.461450739740111e-14,4.597697273339717e-13,2.5436426467530207e-14,0.0,0.0,2.8679775672104746e-14,2.5403037776152934e-14,4.544331017747739e-12,1.1723035892152893,0.31308421420883686,0.0
64,126420,2.799287266475991,5.23017471530458e-14,4.461450739740111e-14,4.597697273339717e-13,2.5436426467530207e-14,0.0,0.0,2.8679775672104746e-14,2.5403037776152934e-14,4.544331017747739e-12,1.1723035892152893,0.31308421420883686,0.0
64,127323,2.819282175522248,5.23017471530458e-14,4.461450739740111e-14,4.597697273339717e-13,2.5436426467530207e-14,0.0,0.0,2.8679775672104746e-14,2.5403037776152934e-14,4.544331017747739e-12,1.1723035892152893,0.31308421420883686,0.0
64,128226,2.839277084568505,5.23017471530458e-14,4.461450739740111e-14,4.597697273339717e-13,2.5436426467530207e-14,0.0,0.0,2.8679775672104746e-14,2.5403037776152934e-14,4.544331017747739e-12,1.1723035892152893,0.31308421420883686,0.0
64,129129,2.8592719936147626,5.23017471530458e-14,4.461450739740111e-14,4.597697273339717e-13,2.5436426467530207e-14,0.0,0.0,2.8679775672104746e-14,2.5403037776152934e-14,4.544331017747739e-12,1.1723035892152893,0.31308421420883686,0.0
64,130032,2.8792669026610196,5.23017471530458e-14,4.461450739740111e-14,4.597697273339717e-13,2.5436426467530207e-14,0.0,0.0,2.8679775672104746e-14,2.5403037776152934e-14,4.544331017747739e-12,1.1723035892152893,0.31308421420883686,0.0
64,130935,2.8992618117072766,5.23017471530458e-14,4.461450739740111e-14,4.597697273339717e-13,2.5436426467530207e-14,0.0,0.0,2.8679775672104746e-14,2.5403037776152934e-14,4.544331017747739e-12,1.1723035892152893,0.31308421420883686,0.0
64,131838,2.9192567207535336,5.23017471530458e-14,4.461450739740111e-14,4.597697273339717e-13,2.5436426467530207e-14,0.0,0.0,2.8679775672104746e-14,2.5403037776152934e-14,4.544331017747739e-12,1.1723035892152893,0.31308421420883686,0.0
64,132741,2.9392516297997906,5.23017471530458e-14,4.461450739740111e-14,4.597697273339717e-13,2.5436426467530207e-14,0.0,0.0,2.8679775672104746e-14,2.5403037776152934e-14,4.544331017747739e-12,1.1723035892152893,0.31308421420883686,0.0
64,133644,2.959246538846048,5.23017471530458e-14,4.461450739740111e-14,4.597697273339717e-13,2.5436426467530207e-14,0.0,0.0,2.8679775672104746e-14,2.5403037776152934e-14,4.544331017747739e-12,1.1723035892152893,0.31308421420883686,0.0
64,134547,2.979241447892305,5.23017471530458e-14,4.461450739740111e-14,4.597697273339717e-13,2.5436426467530207e-14,0.0,0.0,2.8679775672104746e-14,2.5403037776152934e-14,4.544331017747739e-12,1.1723035892152893,0.31308421420883686,0.0
64,135450,2.999236356938562,5.23017471530458e-14,4.461450739740111e-14,4.597697273339717e-13,2.5436426467530207e-14,0.0,0.0,2.8679775672104746e-14,2.5403037776152934e-14,4.544331017747739e-12,1.1723035892152893,0.31308421420883686,0.0
64,136353,3.019231265984819,5.23017471530458e-14,4.461450739740111e-14,4.597697273339717e-13,2.5436426467530207e-14,0.0,0.0,2.8679775672104746e-14,2.5403037776152934e-14,4.544331017747739e-12,1.1723035892152893,0.31308421420883686,0.0
64,137256,3.039226175031076,5.23017471530458e-14,4.461450739740111e-14,4.597697273339717e-13,2.5436426467530207e-14,0.0,0.0,2.8679775672104746e-14,2.5403037776152934e-14,4.544331017747739e-12,1.1723035892152893,0.31308421420883686,0.0
64,138159,3.059221084077333,5.23017471530458e-14,4.461450739740111e-14,4.597697273339717e-13,2.5436426467530207e-14,0.0,0.0,2.8679775672104746e-14,2.5403037776152934e-14,4.544331017747739e-12,1.1723035892152893,0.31308421420883686,0.0
64,139062,3.0792159931235905,5.23017471530458e-14,4.461450739740111e-14,4.597697273339717e-13,2.5436426467530207e-14,0.0,0.0,2.8679775672104746e-14,2.5403037776152934e-14,4.544331017747739e-12,1.1723035892152893,0.31308421420883686,0.0
64,139965,3.0992109021698475,5.23017471530458e-14,4.461450739740111e-14,4.597697273339717e-13,2.5436426467530207e-14,0.0,0.0,2.8679775672104746e-14,2.5403037776152934e-14,4.544331017747739e-12,1.1723035892152893,0.31308421420883686,0.0
64,140868,3.1192058112161045,5.23017471530458e-14,4.461450739740111e-14,4.597697273339717e-13,2.5436426467530207e-14,0.0,0.0,2.8679775672104746e-14,2.5403037776152934e-14,4.544331017747739e-12,1.1723035892152893,0.31308421420883686,0.0
64,141771,3.1392007202623615,5.23017471530458e-14,4.461450739740111e-14,4.597697273339717e-13,2.5436426467530207e-14,0.0,0.0,2.8679775672104746e-14,2.5403037776152934e-14,4.544331017747739e-12,1.1723035892152893,0.31308421420883686,0.0
64,142674,3.1591956293086185,5.23017471530458e-14,4.461450739740111e-14,4.597697273339717e-13,2.5436426467530207e-14,0.0,0.0,2.8679775672104746e-14,2.5403037776152934e-14,4.544331017747739e-12,1.1723035892152893,0.31308421420883686,0.0
64,143577,3.1791905383548755,5.23017471530458e-14,4.461450739740111e-14,4.597697273339717e-13,2.5436426467530207e-14,0.0,0.0,2.8679775672104746e-14,2.5403037776152934e-14,4.544331017747739e-12,1.1723035892152893,0.31308421420883686,0.0
64,144480,3.199185447401133,5.23017471530458e-14,4.461450739740111e-14,4.597697273339717e-13,2.5436426467530207e-14,0.0,0.0,2.8679775672104746e-14,2.5403037776152934e-14,4.544331017747739e-12,1.1723035892152893,0.31308421420883686,0.0
64,145383,3.21918035644739,5.23017471530458e-14,4.461450739740111e-14,4.597697273339717e-13,2.5436426467530207e-14,0.0,0.0,2.8679775672104746e-14,2.5403037776152934e-14,4.544331017747739e-12,1.1723035892152893,0.31308421420883686,0.0
64,146286,3.239175265493647,5.23017471530458e-14,4.461450739740111e-14,4.597697273339717e-13,2.5436426467530207e-14,0.0,0.0,2.8679775672104746e-14,2.5403037776152934e-14,4.544331017747739e-12,1.1723035892152893,0.31308421420883686,0.0
64,147189,3.259170174539904,5.23017471530458e-14,4.461450739740111e-14,4.597697273339717e-13,2.5436426467530207e-14,0.0,0.0,2.8679775672104746e-14,2.5403037776152934e-14,4.544331017747739e-12,1.1723035892152893,0.31308421420883686,0.0
64,148092,3.279165083586161,5.23017471530458e-14,4.461450739740111e-14,4.597697273339717e-13,2.5436426467530207e-14,0.0,0.0,2.8679775672104746e-14,2.5403037776152934e-14,4.544331017747739e-12,1.1723035892152893,0.31308421420883686,0.0
64,148995,3.299159992632418,5.23017471530458e-14,4.461450739740111e-14,4.597697273339717e-13,2.5436426467530207e-14,0.0,0.0,2.8679775672104746e-14,2.5403037776152934e-14,4.544331017747739e-12,1.1723035892152893,0.31308421420883686,0.0
64,149898,3.3191549016786754,5.23017471530458e-14,4.461450739740111e-14,4.597697273339717e-13,2.5436426467530207e-14,0.0,0.0,2.8679775672104746e-14,2.5403037776152934e-14,4.544331017747739e-12,1.1723035892152893,0.31308421420883686,0.0
64,150801,3.3391498107249324,5.23017471530458e-14,4.461450739740111e-14,4.597697273339717e-13,2.5436426467530207e-14,0.0,0.0,2.8679775672104746e-14,2.5403037776152934e-14,4.544331017747739e-12,1.1723035892152893,0.31308421420883686,0.0
64,151704,3.3591447197711894,5.23017471530458e-14,4.461450739740111e-14,4.597697273339717e-13,2.5436426467530207e-14,0.0,0.0,2.8679775672104746e-14,2.5403037776152934e-14,4.544331017747739e-12,1.1723035892152893,0.31308421420883686,0.0
64,152607,3.3791396288174465,5.23017471530458e-14,4.461450739740111e-14,4.597697273339717e-13,2.5436426467530207e-14,0.0,0.0,2.8679775672104746e-14,2.5403037776152934e-14,4.544331017747739e-12,1.1723035892152893,0.31308421420883686,0.0
64,153510,3.3991345378637035,5.23017471530458e-14,4.461450739740111e-14,4.597697273339717e-13,2.5436426467530207e-14,0.0,0.0,2.8679775672104746e-14,2.5403037776152934e-14,4.544331017747739e-12,1.1723035892152893,0.31308421420883686,0.0
64,154413,3.4191294469099605,5.23017471530458e-14,4.461450739740111e-14,4.597697273339717e-13,2.5436426467530207e-14,0.0,0.0,2.8679775672104746e-14,2.5403037776152934e-14,4.544331017747739e-12,1.1723035892152893,0.31308421420883686,0.0
64,155316,3.439124355956218,5.23017471530458e-14,4.461450739740111e-14,4.597697273339717e-13,2.5436426467530207e-14,0.0,0.0,2.8679775672104746e-14,2.5403037776152934e-14,4.544331017747739e-12,1.1723035892152893,0.31308421420883686,0.0
64,156219,3.459119265002475,5.23017471530458e-14,4.461450739740111e-14,4.597697273339717e-13,2.5436426467530207e-14,0.0,0.0,2.8679775672104746e-14,2.5403037776152934e-14,4.544331017747739e-12,1.1723035892152893,0.31308421420883686,0.0
64,157122,3.479114174048732,5.23017471530458e-14,4.461450739740111e-14,4.597697273339717e-13,2.5436426467530207e-14,0.0,0.0,2.8679775672104746e-14,2.5403037776152934e-14,4.544331017747739e-12,1.1723035892152893,0.31308421420883686,0.0
64,158025,3.499109083094989,5.23017471530458e-14,4.461450739740111e-14,4.597697273339717e-13,2.5436426467530207e-14,0.0,0.0,2.8679775672104746e-14,2.5403037776152934e-14,4.544331017747739e-12,1.1723035892152893,0.31308421420883686,0.0
64,158928,3.519103992141246,5.23017471530458e-14,4.461450739740111e-14,4.597697273339717e-13,2.5436426467530207e-14,0.0,0.0,2.8679775672104746e-14,2.5403037776152934e-14,4.544331017747739e-12,1.1723035892152893,0.31308421420883686,0.0
64,159831,3.5390989011875034,5.23017471530458e-14,4.461450739740111e-14,4.597697273339717e-13,2.5436426467530207e-14,0.0,0.0,2.8679775672104746e-14,2.5403037776152934e-14,4.544331017747739e-12,1.1723035892152893,0.31308421420883686,0.0
64,160734,3.5590938102337604,5.23017471530458e-14,4.461450739740111e-14,4.597697273339717e-13,2.5436426467530207e-14,0.0,0.0,2.8679775672104746e-14,2.5403037776152934e-14,4.544331017747739e-12,1.1723035892152893,0.31308421420883686,0.0
64,161637,3.5790887192800174,5.23017471530458e-14,4.461450739740111e-14,4.597697273339717e-13,2.5436426467530207e-14,0.0,0.0,2.8679775672104746e-14,2.5403037776152934e-14,4.544331017747739e-12,1.1723035892152893,0.31308421420883686,0.0
64,162540,3.5990836283262744,5.23017471530458e-14,4.461450739740111e-14,4.597697273339717e-13,2.5436426467530207e-14,0.0,0.0,2.8679775672104746e-14,2.5403037776152934e-14,4.544331017747739e-12,1.1723035892152893,0.31308421420883686,0.0
64,163443,3.6190785373725314,5.23017471530458e-14,4.461450739740111e-14,4.597697273339717e-13,2.5436426467530207e-14,0.0,0.0,2.8679775672104746e-14,2.5403037776152934e-14,4.544331017747739e-12,1.1723035892152893,0.31308421420883686,0.0
64,164346,3.6390734464187884,5.23017471530458e-14,4.461450739740111e-14,4.597697273339717e-13,2.5436426467530207e-14,0.0,0.0,2.8679775672104746e-14,2.5403037776152934e-14,4.544331017747739e-12,1.1723035892152893,0.31308421420883686,0.0
64,165249,3.659068355465046,5.23017471530458e-14,4.461450739740111e-14,4.597697273339717e-13,2.5436426467530207e-14,0.0,0.0,2.8679775672104746e-14,2.5403037776152934e-14,4.544331017747739e-12,1.1723035892152893,0.31308421420883686,0.0
64,166152,3.679063264511303,5.23017471530458e-14,4.461450739740111e-14,4.597697273339717e-13,2.5436426467530207e-14,0.0,0.0,2.8679775672104746e-14,2.5403037776152934e-14,4.544331017747739e-12,1.1723035892152893,0.31308421420883686,0.0
64,167055,3.69905817355756,5.23017471530458e-14,4.461450739740111e-14,4.597697273339717e-13,2.5436426467530207e-14,0.0,0.0,2.8679775672104746e-14,2.5403037776152934e-14,4.544331017747739e-12,1.1723035892152893,0.31308421420883686,0.0
64,167958,3.719053082603817,5.23017471530458e-14,4.461450739740111e-14,4.597697273339717e-13,2.5436426467530207e-14,0.0,0.0,2.8679775672104746e-14,2.5403037776152934e-14,4.544331017747739e-12,1.1723035892152893,0.31308421420883686,0.0
64,168861,3.739047991650074,5.23017471530458e-14,4.461450739740111e-14,4.597697273339717e-13,2.5436426467530207e-14,0.0,0.0,2.8679775672104746e-14,2.5403037776152934e-14,4.544331017747739e-12,1.1723035892152893,0.31308421420883686,0.0
64,169764,3.759042900696331,5.23017471530458e-14,4.461450739740111e-14,4.597697273339717e-13,2.5436426467530207e-14,0.0,0.0,2.8679775672104746e-14,2.5403037776152934e-14,4.544331017747739e-12,1.1723035892152893,0.31308421420883686,0.0
64,170667,3.7790378097425883,5.23017471530458e-14,4.461450739740111e-14,4.597697273339717e-13,2.5436426467530207e-14,0.0,0.0,2.8679775672104746e-14,2.5403037776152934e-14,4.544331017747739e-12,1.1723035892152893,0.31308421420883686,0.0
64,171570,3.7990327187888453,5.23017471530458e-14,4.461450739740111e-14,4.597697273339717e-13,2.5436426467530207e-14,0.0,0.0,2.8679775672104746e-14,2.5403037776152934e-14,4.544331017747739e-12,1.1723035892152893,0.31308421420883686,0.0
64,172473,3.8190276278351023,5.23017471530458e-14,4.461450739740111e-14,4.597697273339717e-13,2.5436426467530207e-14,0.0,0.0,2.8679775672104746e-14,2.5403037776152934e-14,4.544331017747739e-12,1.1723035892152893,0.31308421420883686,0.0
64,173376,3.8390225368813593,5.23017471530458e-14,4.461450739740111e-14,4.597697273339717e-13,2.5436426467530207e-14,0.0,0.0,2.8679775672104746e-14,2.5403037776152934e-14,4.544331017747739e-12,1.1723035892152893,0.31308421420883686,0.0
64,174279,3.8590174459276163,5.23017471530458e-14,4.461450739740111e-14,4.597697273339717e-13,2.5436426467530207e-14,0.0,0.0,2.8679775672104746e-14,2.5403037776152934e-14,4.544331017747739e-12,1.1723035892152893,0.31308421420883686,0.0
64,175182,3.8790123549738733,5.23017471530458e-14,4.461450739740111e-14,4.597697273339717e-13,2.5436426467530207e-14,0.0,0.0,2.8679775672104746e-14,2.5403037776152934e-14,4.544331017747739e-12,1.1723035892152893,0.31308421420883686,0.0
64,176085,3.8990072640201308,5.23017471530458e-14,4.461450739740111e-14,4.597697273339717e-13,2.5436426467530207e-14,0.0,0.0,2.8679775672104746e-14,2.5403037776152934e-14,4.544331017747739e-12,1.1723035892152893,0.31308421420883686,0.0
64,176988,3.9190021730663878,5.23017471530458e-14,4.461450739740111e-14,4.597697273339717e-13,2.5436426467530207e-14,0.0,0.0,2.8679775672104746e-14,2.5403037776152934e-14,4.544331017747739e-12,1.1723035892152893,0.31308421420883686,0.0
64,177891,3.9389970821126448,5.23017471530458e-14,4.461450739740111e-14,4.597697273339717e-13,2.5436426467530207e-14,0.0,0.0,2.8679775672104746e-14,2.5403037776152934e-14,4.544331017747739e-12,1.1723035892152893,0.31308421420883686,0.0
64,178794,3.9589919911589018,5.23017471530458e-14,4.461450739740111e-14,4.597697273339717e-13,2.5436426467530207e-14,0.0,0.0,2.8679775672104746e-14,2.5403037776152934e-14,4.544331017747739e-12,1.1723035892152893,0.31308421420883686,0.0
64,179697,3.9789869002051588,5.23017471530458e-14,4.461450739740111e-14,4.597697273339717e-13,2.5436426467530207e-14,0.0,0.0,2.8679775672104746e-14,2.5403037776152934e-14,4.544331017747739e-12,1.1723035892152893,0.31308421420883686,0.0
64,180600,3.9989818092514158,5.23017471530458e-14,4.461450739740111e-14,4.597697273339717e-13,2.5436426467530207e-14,0.0,0.0,2.8679775672104746e-14,2.5403037776152934e-14,4.544331017747739e-12,1.1723035892152893,0.31308421420883686,0.0
64,181503,4.018976718297673,5.23017471530458e-14,4.461450739740111e-14,4.597697273339717e-13,2.5436426467530207e-14,0.0,0.0,2.8679775672104746e-14,2.5403037776152934e-14,4.544331017747739e-12,1.1723035892152893,0.31308421420883686,0.0
64,182406,4.03897162734393,5.23017471530458e-14,4.461450739740111e-14,4.597697273339717e-13,2.5436426467530207e-14,0.0,0.0,2.8679775672104746e-14,2.5403037776152934e-14,4.544331017747739e-12,1.1723035892152893,0.31308421420883686,0.0
64,183309,4.058966536390187,5.23017471530458e-14,4.461450739740111e-14,4.597697273339717e-13,2.5436426467530207e-14,0.0,0.0,2.8679775672104746e-14,2.5403037776152934e-14,4.544331017747739e-12,1.1723035892152893,0.31308421420883686,0.0
64,184212,4.078961445436445,5.23017471530458e-14,4.461450739740111e-14,4.597697273339717e-13,2.5436426467530207e-14,0.0,0.0,2.8679775672104746e-14,2.5403037776152934e-14,4.544331017747739e-12,1.1723035892152893,0.31308421420883686,0.0
64,185115,4.098956354482701,5.23017471530458e-14,4.461450739740111e-14,4.597697273339717e-13,2.5436426467530207e-14,0.0,0.0,2.8679775672104746e-14,2.5403037776152934e-14,4.544331017747739e-12,1.1723035892152893,0.31308421420883686,0.0
64,186018,4.118951263528959,5.23017471530458e-14,4.461450739740111e-14,4.597697273339717e-13,2.5436426467530207e-14,0.0,0.0,2.8679775672104746e-14,2.5403037776152934e-14,4.544331017747739e-12,1.1723035892152893,0.31308421420883686,0.0
64,186921,4.138946172575215,5.23017471530458e-14,4.461450739740111e-14,4.597697273339717e-13,2.5436426467530207e-14,0.0,0.0,2.8679775672104746e-14,2.5403037776152934e-14,4.544331017747739e-12,1.1723035892152893,0.31308421420883686,0.0
64,187824,4.158941081621473,5.23017471530458e-14,4.461450739740111e-14,4.597697273339717e-13,2.5436426467530207e-14,0.0,0.0,2.8679775672104746e-14,2.5403037776152934e-14,4.544331017747739e-12,1.1723035892152893,0.31308421420883686,0.0
64,188727,4.17893599066773,5.23017471530458e-14,4.461450739740111e-14,4.597697273339717e-13,2.5436426467530207e-14,0.0,0.0,2.8679775672104746e-14,2.5403037776152934e-14,4.544331017747739e-12,1.1723035892152893,0.31308421420883686,0.0
64,189630,4.198930899713987,5.23017471530458e-14,4.461450739740111e-14,4.597697273339717e-13,2.5436426467530207e-14,0.0,0.0,2.8679775672104746e-14,2.5403037776152934e-14,4.544331017747739e-12,1.1723035892152893,0.31308421420883686,0.0
64,190533,4.218925808760244,5.23017471530458e-14,4.461450739740111e-14,4.597697273339717e-13,2.5436426467530207e-14,0.0,0.0,2.8679775672104746e-14,2.5403037776152934e-14,4.544331017747739e-12,1.1723035892152893,0.31308421420883686,0.0
64,191436,4.238920717806501,5.23017471530458e-14,4.461450739740111e-14,4.597697273339717e-13,2.5436426467530207e-14,0.0,0.0,2.8679775672104746e-14,2.5403037776152934e-14,4.544331017747739e-12,1.1723035892152893,0.31308421420883686,0.0
64,192339,4.258915626852758,5.23017471530458e-14,4.461450739740111e-14,4.597697273339717e-13,2.5436426467530207e-14,0.0,0.0,2.8679775672104746e-14,2.5403037776152934e-14,4.544331017747739e-12,1.1723035892152893,0.31308421420883686,0.0
64,193242,4.278910535899015,5.23017471530458e-14,4.461450739740111e-14,4.597697273339717e-13,2.5436426467530207e-14,0.0,0.0,2.8679775672104746e-14,2.5403037776152934e-14,4.544331017747739e-12,1.1723035892152893,0.31308421420883686,0.0
64,194145,4.298905444945272,5.23017471530458e-14,4.461450739740111e-14,4.597697273339717e-13,2.5436426467530207e-14,0.0,0.0,2.8679775672104746e-14,2.5403037776152934e-14,4.544331017747739e-12,1.1723035892152893,0.31308421420883686,0.0
64,195048,4.31890035399153,5.23017471530458e-14,4.461450739740111e-14,4.597697273339717e-13,2.5436426467530207e-14,0.0,0.0,2.8679775672104746e-14,2.5403037776152934e-14,4.544331017747739e-12,1.1723035892152893,0.31308421420883686,0.0
64,195951,4.338895263037786,5.23017471530458e-14,4.461450739740111e-14,4.597697273339717e-13,2.5436426467530207e-14,0.0,0.0,2.8679775672104746e-14,2.5403037776152934e-14,4.544331017747739e-12,1.1723035892152893,0.31308421420883686,0.0
64,196854,4.358890172084044,5.23017471530458e-14,4.461450739740111e-14,4.597697273339717e-13,2.5436426467530207e-14,0.0,0.0,2.8679775672104746e-14,2.5403037776152934e-14,4.544331017747739e-12,1.1723035892152893,0.31308421420883686,0.0
64,197757,4.3788850811303,5.23017471530458e-14,4.461450739740111e-14,4.597697273339717e-13,2.5436426467530207e-14,0.0,0.0,2.8679775672104746e-14,2.5403037776152934e-14,4.544331017747739e-12,1.1723035892152893,0.31308421420883686,0.0
64,198660,4.398879990176558,5.23017471530458e-14,4.461450739740111e-14,4.597697273339717e-13,2.5436426467530207e-14,0.0,0.0,2.8679775672104746e-14,2.5403037776152934e-14,4.544331017747739e-12,1.1723035892152893,0.31308421420883686,0.0
64,199563,4.418874899222815,5.23017471530458e-14,4.461450739740111e-14,4.597697273339717e-13,2.5436426467530207e-14,0.0,0.0,2.8679775672104746e-14,2.5403037776152934e-14,4.544331017747739e-12,1.1723035892152893,0.31308421420883686,0.0
64,200466,4.438869808269072,5.23017471530458e-14,4.461450739740111e-14,4.597697273339717e-13,2.5436426467530207e-14,0.0,0.0,2.8679775672104746e-14,2.5403037776152934e-14,4.544331017747739e-12,1.1723035892152893,0.31308421420883686,0.0
64,201369,4.458864717315329,5.23017471530458e-14,4.461450739740111e-14,4.597697273339717e-13,2.5436426467530207e-14,0.0,0.0,2.8679775672104746e-14,2.5403037776152934e-14,4.544331017747739e-12,1.1723035892152893,0.31308421420883686,0.0
64,202272,4.478859626361586,5.23017471530458e-14,4.461450739740111e-14,4.597697273339717e-13,2.5436426467530207e-14,0.0,0.0,2.8679775672104746e-14,2.5403037776152934e-14,4.544331017747739e-12,1.1723035892152893,0.31308421420883686,0.0
64,203175,4.498854535407843,5.23017471530458e-14,4.461450739740111e-14,4.597697273339717e-13,2.5436426467530207e-14,0.0,0.0,2.8679775672104746e-14,2.5403037776152934e-14,4.544331017747739e-12,1.1723035892152893,0.31308421420883686,0.0
64,204078,4.5188494444541,5.23017471530458e-14,4.461450739740111e-14,4.597697273339717e-13,2.5436426467530207e-14,0.0,0.0,2.8679775672104746e-14,2.5403037776152934e-14,4.544331017747739e-12,1.1723035892152893,0.31308421420883686,0.0
64,204981,4.538844353500357,5.23017471530458e-14,4.461450739740111e-14,4.597697273339717e-13,2.5436426467530207e-14,0.0,0.0,2.8679775672104746e-14,2.5403037776152934e-14,4.544331017747739e-12,1.1723035892152893,0.31308421420883686,0.0
64,205884,4.5588392625466145,5.23017471530458e-14,4.461450739740111e-14,4.597697273339717e-13,2.5436426467530207e-14,0.0,0.0,2.8679775672104746e-14,2.5403037776152934e-14,4.544331017747739e-12,1.1723035892152893,0.31308421420883686,0.0
64,206787,4.578834171592871,5.23017471530458e-14,4.461450739740111e-14,4.597697273339717e-13,2.5436426467530207e-14,0.0,0.0,2.8679775672104746e-14,2.5403037776152934e-14,4.544331017747739e-12,1.1723035892152893,0.31308421420883686,0.0
64,207690,4.5988290806391285,5.23017471530458e-14,4.461450739740111e-14,4.597697273339717e-13,2.5436426467530207e-14,0.0,0.0,2.8679775672104746e-14,2.5403037776152934e-14,4.544331017747739e-12,1.1723035892152893,0.31308421420883686,0.0
64,208593,4.618823989685385,5.23017471530458e-14,4.461450739740111e-14,4.597697273339717e-13,2.5436426467530207e-14,0.0,0.0,2.8679775672104746e-14,2.5403037776152934e-14,4.544331017747739e-12,1.1723035892152893,0.31308421420883686,0.0
64,209496,4.6388188987316425,5.23017471530458e-14,4.461450739740111e-14,4.597697273339717e-13,2.5436426467530207e-14,0.0,0.0,2.8679775672104746e-14,2.5403037776152934e-14,4.544331017747739e-12,1.1723035892152893,0.31308421420883686,0.0
64,210399,4.6588138077779,5.23017471530458e-14,4.461450739740111e-14,4.597697273339717e-13,2.5436426467530207e-14,0.0,0.0,2.8679775672104746e-14,2.5403037776152934e-14,4.544331017747739e-12,1.1723035892152893,0.31308421420883686,0.0
64,211302,4.6788087168241566,5.23017471530458e-14,4.461450739740111e-14,4.597697273339717e-13,2.5436426467530207e-14,0.0,0.0,2.8679775672104746e-14,2.5403037776152934e-14,4.544331017747739e-12,1.1723035892152893,0.31308421420883686,0.0
64,212205,4.698803625870414,5.23017471530458e-14,4.461450739740111e-14,4.597697273339717e-13,2.5436426467530207e-14,0.0,0.0,2.8679775672104746e-14,2.5403037776152934e-14,4.544331017747739e-12,1.1723035892152893,0.31308421420883686,0.0
64,213108,4.718798534916671,5.23017471530458e-14,4.461450739740111e-14,4.597697273339717e-13,2.5436426467530207e-14,0.0,0.0,2.8679775672104746e-14,2.5403037776152934e-14,4.544331017747739e-12,1.1723035892152893,0.31308421420883686,0.0
64,214011,4.738793443962928,5.23017471530458e-14,4.461450739740111e-14,4.597697273339717e-13,2.5436426467530207e-14,0.0,0.0,2.8679775672104746e-14,2.5403037776152934e-14,4.544331017747739e-12,1.1723035892152893,0.31308421420883686,0.0
64,214914,4.7587883530091855,5.23017471530458e-14,4.461450739740111e-14,4.597697273339717e-13,2.5436426467530207e-14,0.0,0.0,2.8679775672104746e-14,2.5403037776152934e-14,4.544331017747739e-12,1.1723035892152893,0.31308421420883686,0.0
64,215817,4.778783262055442,5.23017471530458e-14,4.461450739740111e-14,4.597697273339717e-13,2.5436426467530207e-14,0.0,0.0,2.8679775672104746e-14,2.5403037776152934e-14,4.544331017747739e-12,1.1723035892152893,0.31308421420883686,0.0
64,216720,4.7987781711016995,5.23017471530458e-14,4.461450739740111e-14,4.597697273339717e-13,2.5436426467530207e-14,0.0,0.0,2.8679775672104746e-14,2.5403037776152934e-14,4.544331017747739e-12,1.1723035892152893,0.31308421420883686,0.0
64,217623,4.818773080147956,5.23017471530458e-14,4.461450739740111e-14,4.597697273339717e-13,2.5436426467530207e-14,0.0,0.0,2.8679775672104746e-14,2.5403037776152934e-14,4.544331017747739e-12,1.1723035892152893,0.31308421420883686,0.0
64,218526,4.8387679891942135,5.23017471530458e-14,4.461450739740111e-14,4.597697273339717e-13,2.5436426467530207e-14,0.0,0.0,2.8679775672104746e-14,2.5403037776152934e-14,4.544331017747739e-12,1.1723035892152893,0.31308421420883686,0.0
64,219429,4.85876289824047,5.23017471530458e-14,4.461450739740111e-14,4.597697273339717e-13,2.5436426467530207e-14,0.0,0.0,2.8679775672104746e-14,2.5403037776152934e-14,4.544331017747739e-12,1.1723035892152893,0.31308421420883686,0.0
64,220332,4.8787578072867275,5.23017471530458e-14,4.461450739740111e-14,4.597697273339717e-13,2.5436426467530207e-14,0.0,0.0,2.8679775672104746e-14,2.5403037776152934e-14,4.544331017747739e-12,1.1723035892152893,0.31308421420883686,0.0
64,221235,4.898752716332985,5.23017471530458e-14,4.461450739740111e-14,4.597697273339717e-13,2.5436426467530207e-14,0.0,0.0,2.8679775672104746e-14,2.5403037776152934e-14,4.544331017747739e-12,1.1723035892152893,0.31308421420883686,0.0
64,222138,4.9187476253792415,5.23017471530458e-14,4.461450739740111e-14,4.597697273339717e-13,2.5436426467530207e-14,0.0,0.0,2.8679775672104746e-14,2.5403037776152934e-14,4.544331017747739e-12,1.1723035892152893,0.31308421420883686,0.0
64,223041,4.938742534425499,5.23017471530458e-14,4.461450739740111e-14,4.597697273339717e-13,2.5436426467530207e-14,0.0,0.0,2.8679775672104746e-14,2.5403037776152934e-14,4.544331017747739e-12,1.1723035892152893,0.31308421420883686,0.0
64,223944,4.9587374434717555,5.23017471530458e-14,4.461450739740111e-14,4.597697273339717e-13,2.5436426467530207e-14,0.0,0.0,2.8679775672104746e-14,2.5403037776152934e-14,4.544331017747739e-12,1.1723035892152893,0.31308421420883686,0.0
64,224847,4.978732352518013,5.23017471530458e-14,4.461450739740111e-14,4.597697273339717e-13,2.5436426467530207e-14,0.0,0.0,2.8679775672104746e-14,2.5403037776152934e-14,4.544331017747739e-12,1.1723035892152893,0.31308421420883686,0.0
64,225750,4.99872726156427,5.23017471530458e-14,4.461450739740111e-14,4.597697273339717e-13,2.5436426467530207e-14,0.0,0.0,2.8679775672104746e-14,2.5403037776152934e-14,4.544331017747739e-12,1.1723035892152893,0.31308421420883686,0.0
64,226653,5.018722170610527,5.23017471530458e-14,4.461450739740111e-14,4.597697273339717e-13,2.5436426467530207e-14,0.0,0.0,2.8679775672104746e-14,2.5403037776152934e-14,4.544331017747739e-12,1.1723035892152893,0.31308421420883686,0.0
64,227556,5.038717079656784,5.23017471530458e-14,4.461450739740111e-14,4.597697273339717e-13,2.5436426467530207e-14,0.0,0.0,2.8679775672104746e-14,2.5403037776152934e-14,4.544331017747739e-12,1.1723035892152893,0.31308421420883686,0.0
64,228459,5.058711988703041,5.23017471530458e-14,4.461450739740111e-14,4.597697273339717e-13,2.5436426467530207e-14,0.0,0.0,2.8679775672104746e-14,2.5403037776152934e-14,4.544331017747739e-12,1.1723035892152893,0.31308421420883686,0.0
64,229362,5.078706897749298,5.23017471530458e-14,4.461450739740111e-14,4.597697273339717e-13,2.5436426467530207e-14,0.0,0.0,2.8679775672104746e-14,2.5403037776152934e-14,4.544331017747739e-12,1.1723035892152893,0.31308421420883686,0.0
64,230265,5.098701806795555,5.23017471530458e-14,4.461450739740111e-14,4.597697273339717e-13,2.5436426467530207e-14,0.0,0.0,2.8679775672104746e-14,2.5403037776152934e-14,4.544331017747739e-12,1.1723035892152893,0.31308421420883686,0.0
64,231168,5.118696715841812,5.23017471530458e-14,4.461450739740111e-14,4.597697273339717e-13,2.5436426467530207e-14,0.0,0.0,2.8679775672104746e-14,2.5403037776152934e-14,4.544331017747739e-12,1.1723035892152893,0.31308421420883686,0.0
64,232071,5.13869162488807,5.23017471530458e-14,4.461450739740111e-14,4.597697273339717e-13,2.5436426467530207e-14,0.0,0.0,2.8679775672104746e-14,2.5403037776152934e-14,4.544331017747739e-12,1.1723035892152893,0.31308421420883686,0.0
64,232974,5.158686533934326,5.23017471530458e-14,4.461450739740111e-14,4.597697273339717e-13,2.5436426467530207e-14,0.0,0.0,2.8679775672104746e-14,2.5403037776152934e-14,4.544331017747739e-12,1.1723035892152893,0.31308421420883686,0.0
64,233877,5.178681442980584,5.23017471530458e-14,4.461450739740111e-14,4.597697273339717e-13,2.5436426467530207e-14,0.0,0.0,2.8679775672104746e-14,2.5403037776152934e-14,4.544331017747739e-12,1.1723035892152893,0.31308421420883686,0.0
64,234780,5.19867635202684,5.23017471530458e-14,4.461450739740111e-14,4.597697273339717e-13,2.5436426467530207e-14,0.0,0.0,2.8679775672104746e-14,2.5403037776152934e-14,4.544331017747739e-12,1.1723035892152893,0.31308421420883686,0.0
64,235683,5.218671261073098,5.23017471530458e-14,4.461450739740111e-14,4.597697273339717e-13,2.5436426467530207e-14,0.0,0.0,2.8679775672104746e-14,2.5403037776152934e-14,4.544331017747739e-12,1.1723035892152893,0.31308421420883686,0.0
64,236586,5.238666170119355,5.23017471530458e-14,4.461450739740111e-14,4.597697273339717e-13,2.5436426467530207e-14,0.0,0.0,2.8679775672104746e-14,2.5403037776152934e-14,4.544331017747739e-12,1.1723035892152893,0.31308421420883686,0.0
64,237489,5.258661079165612,5.23017471530458e-14,4.461450739740111e-14,4.597697273339717e-13,2.5436426467530207e-14,0.0,0.0,2.8679775672104746e-14,2.5403037776152934e-14,4.544331017747739e-12,1.1723035892152893,0.31308421420883686,0.0
64,238392,5.278655988211869,5.23017471530458e-14,4.461450739740111e-14,4.597697273339717e-13,2.5436426467530207e-14,0.0,0.0,2.8679775672104746e-14,2.5403037776152934e-14,4.544331017747739e-12,1.1723035892152893,0.31308421420883686,0.0
64,239295,5.298650897258126,5.23017471530458e-14,4.461450739740111e-14,4.597697273339717e-13,2.5436426467530207e-14,0.0,0.0,2.8679775672104746e-14,2.5403037776152934e-14,4.544331017747739e-12,1.1723035892152893,0.31308421420883686,0.0
64,240198,5.318645806304383,5.23017471530458e-14,4.461450739740111e-14,4.597697273339717e-13,2.5436426467530207e-14,0.0,0.0,2.8679775672104746e-14,2.5403037776152934e-14,4.544331017747739e-12,1.1723035892152893,0.31308421420883686,0.0
64,241101,5.338640715350641,5.23017471530458e-14,4.461450739740111e-14,4.597697273339717e-13,2.5436426467530207e-14,0.0,0.0,2.8679775672104746e-14,2.5403037776152934e-14,4.544331017747739e-12,1.1723035892152893,0.31308421420883686,0.0
64,242004,5.358635624396897,5.23017471530458e-14,4.461450739740111e-14,4.597697273339717e-13,2.5436426467530207e-14,0.0,0.0,2.8679775672104746e-14,2.5403037776152934e-14,4.544331017747739e-12,1.1723035892152893,0.31308421420883686,0.0
64,242907,5.378630533443155,5.23017471530458e-14,4.461450739740111e-14,4.597697273339717e-13,2.5436426467530207e-14,0.0,0.0,2.8679775672104746e-14,2.5403037776152934e-14,4.544331017747739e-12,1.1723035892152893,0.31308421420883686,0.0
64,243810,5.398625442489411,5.23017471530458e-14,4.461450739740111e-14,4.597697273339717e-13,2.5436426467530207e-14,0.0,0.0,2.8679775672104746e-14,2.5403037776152934e-14,4.544331017747739e-12,1.1723035892152893,0.31308421420883686,0.0
64,244713,5.418620351535669,5.23017471530458e-14,4.461450739740111e-14,4.597697273339717e-13,2.5436426467530207e-14,0.0,0.0,2.8679775672104746e-14,2.5403037776152934e-14,4.544331017747739e-12,1.1723035892152893,0.31308421420883686,0.0
64,245616,5.438615260581925,5.23017471530458e-14,4.461450739740111e-14,4.597697273339717e-13,2.5436426467530207e-14,0.0,0.0,2.8679775672104746e-14,2.5403037776152934e-14,4.544331017747739e-12,1.1723035892152893,0.31308421420883686,0.0
64,246519,5.458610169628183,5.23017471530458e-14,4.461450739740111e-14,4.597697273339717e-13,2.5436426467530207e-14,0.0,0.0,2.8679775672104746e-14,2.5403037776152934e-14,4.544331017747739e-12,1.1723035892152893,0.31308421420883686,0.0
64,247422,5.47860507867444,5.23017471530458e-14,4.461450739740111e-14,4.597697273339717e-13,2.5436426467530207e-14,0.0,0.0,2.8679775672104746e-14,2.5403037776152934e-14,4.544331017747739e-12,1.1723035892152893,0.31308421420883686,0.0
64,248325,5.498599987720697,5.23017471530458e-14,4.461450739740111e-14,4.597697273339717e-13,2.5436426467530207e-14,0.0,0.0,2.8679775672104746e-14,2.5403037776152934e-14,4.544331017747739e-12,1.1723035892152893,0.31308421420883686,0.0
64,249228,5.518594896766954,5.23017471530458e-14,4.461450739740111e-14,4.597697273339717e-13,2.5436426467530207e-14,0.0,0.0,2.8679775672104746e-14,2.5403037776152934e-14,4.544331017747739e-12,1.1723035892152893,0.31308421420883686,0.0
64,250131,5.538589805813211,5.23017471530458e-14,4.461450739740111e-14,4.597697273339717e-13,2.5436426467530207e-14,0.0,0.0,2.8679775672104746e-14,2.5403037776152934e-14,4.544331017747739e-12,1.1723035892152893,0.31308421420883686,0.0
64,251034,5.558584714859468,5.23017471530458e-14,4.461450739740111e-14,4.597697273339717e-13,2.5436426467530207e-14,0.0,0.0,2.8679775672104746e-14,2.5403037776152934e-14,4.544331017747739e-12,1.1723035892152893,0.31308421420883686,0.0
64,251937,5.578579623905726,5.23017471530458e-14,4.461450739740111e-14,4.597697273339717e-13,2.5436426467530207e-14,0.0,0.0,2.8679775672104746e-14,2.5403037776152934e-14,4.544331017747739e-12,1.1723035892152893,0.31308421420883686,0.0
64,252840,5.598574532951982,5.23017471530458e-14,4.461450739740111e-14,4.597697273339717e-13,2.5436426467530207e-14,0.0,0.0,2.8679775672104746e-14,2.5403037776152934e-14,4.544331017747739e-12,1.1723035892152893,0.31308421420883686,0.0
64,253743,5.61856944199824,5.23017471530458e-14,4.461450739740111e-14,4.597697273339717e-13,2.5436426467530207e-14,0.0,0.0,2.8679775672104746e-14,2.5403037776152934e-14,4.544331017747739e-12,1.1723035892152893,0.31308421420883686,0.0
64,254646,5.638564351044496,5.23017471530458e-14,4.461450739740111e-14,4.597697273339717e-13,2.5436426467530207e-14,0.0,0.0,2.8679775672104746e-14,2.5403037776152934e-14,4.544331017747739e-12,1.1723035892152893,0.31308421420883686,0.0
64,255549,5.658559260090754,5.23017471530458e-14,4.461450739740111e-14,4.597697273339717e-13,2.5436426467530207e-14,0.0,0.0,2.8679775672104746e-14,2.5403037776152934e-14,4.544331017747739e-12,1.1723035892152893,0.31308421420883686,0.0
64,256452,5.67855416913701,5.23017471530458e-14,4.461450739740111e-14,4.597697273339717e-13,2.5436426467530207e-14,0.0,0.0,2.8679775672104746e-14,2.5403037776152934e-14,4.544331017747739e-12,1.1723035892152893,0.31308421420883686,0.0
64,257355,5.698549078183268,5.23017471530458e-14,4.461450739740111e-14,4.597697273339717e-13,2.5436426467530207e-14,0.0,0.0,2.8679775672104746e-14,2.5403037776152934e-14,4.544331017747739e-12,1.1723035892152893,0.31308421420883686,0.0
64,258258,5.718543987229525,5.23017471530458e-14,4.461450739740111e-14,4.597697273339717e-13,2.5436426467530207e-14,0.0,0.0,2.8679775672104746e-14,2.5403037776152934e-14,4.544331017747739e-12,1.1723035892152893,0.31308421420883686,0.0
64,259161,5.738538896275782,5.23017471530458e-14,4.461450739740111e-14,4.597697273339717e-13,2.5436426467530207e-14,0.0,0.0,2.8679775672104746e-14,2.5403037776152934e-14,4.544331017747739e-12,1.1723035892152893,0.31308421420883686,0.0
64,260064,5.758533805322039,5.23017471530458e-14,4.461450739740111e-14,4.597697273339717e-13,2.5436426467530207e-14,0.0,0.0,2.8679775672104746e-14,2.5403037776152934e-14,4.544331017747739e-12,1.1723035892152893,0.31308421420883686,0.0
64,260967,5.778528714368296,5.23017471530458e-14,4.461450739740111e-14,4.597697273339717e-13,2.5436426467530207e-14,0.0,0.0,2.8679775672104746e-14,2.5403037776152934e-14,4.544331017747739e-12,1.1723035892152893,0.31308421420883686,0.0
64,261870,5.798523623414553,5.23017471530458e-14,4.461450739740111e-14,4.597697273339717e-13,2.5436426467530207e-14,0.0,0.0,2.8679775672104746e-14,2.5403037776152934e-14,4.544331017747739e-12,1.1723035892152893,0.31308421420883686,0.0
64,262773,5.818518532460811,5.23017471530458e-14,4.461450739740111e-14,4.597697273339717e-13,2.5436426467530207e-14,0.0,0.0,2.8679775672104746e-14,2.5403037776152934e-14,4.544331017747739e-12,1.1723035892152893,0.31308421420883686,0.0
64,263676,5.838513441507067,5.23017471530458e-14,4.461450739740111e-14,4.597697273339717e-13,2.5436426467530207e-14,0.0,0.0,2.8679775672104746e-14,2.5403037776152934e-14,4.544331017747739e-12,1.1723035892152893,0.31308421420883686,0.0
64,264579,5.858508350553325,5.23017471530458e-14,4.461450739740111e-14,4.597697273339717e-13,2.5436426467530207e-14,0.0,0.0,2.8679775672104746e-14,2.5403037776152934e-14,4.544331017747739e-12,1.1723035892152893,0.31308421420883686,0.0
64,265482,5.878503259599581,5.23017471530458e-14,4.461450739740111e-14,4.597697273339717e-13,2.5436426467530207e-14,0.0,0.0,2.8679775672104746e-14,2.5403037776152934e-14,4.544331017747739e-12,1.1723035892152893,0.31308421420883686,0.0
64,266385,5.898498168645839,5.23017471530458e-14,4.461450739740111e-14,4.597697273339717e-13,2.5436426467530207e-14,0.0,0.0,2.8679775672104746e-14,2.5403037776152934e-14,4.544331017747739e-12,1.1723035892152893,0.31308421420883686,0.0
64,267288,5.918493077692096,5.23017471530458e-14,4.461450739740111e-14,4.597697273339717e-13,2.5436426467530207e-14,0.0,0.0,2.8679775672104746e-14,2.5403037776152934e-14,4.544331017747739e-12,1.1723035892152893,0.31308421420883686,0.0
64,268191,5.938487986738353,5.23017471530458e-14,4.461450739740111e-14,4.597697273339717e-13,2.5436426467530207e-14,0.0,0.0,2.8679775672104746e-14,2.5403037776152934e-14,4.544331017747739e-12,1.1723035892152893,0.31308421420883686,0.0
64,269094,5.95848289578461,5.23017471530458e-14,4.461450739740111e-14,4.597697273339717e-13,2.5436426467530207e-14,0.0,0.0,2.8679775672104746e-14,2.5403037776152934e-14,4.544331017747739e-12,1.1723035892152893,0.31308421420883686,0.0
64,269997,5.978477804830867,5.23017471530458e-14,4.461450739740111e-14,4.597697273339717e-13,2.5436426467530207e-14,0.0,0.0,2.8679775672104746e-14,2.5403037776152934e-14,4.544331017747739e-12,1.1723035892152893,0.31308421420883686,0.0
64,270900,5.998472713877124,5.23017471530458e-14,4.461450739740111e-14,4.597697273339717e-13,2.5436426467530207e-14,0.0,0.0,2.8679775672104746e-14,2.5403037776152934e-14,4.544331017747739e-12,1.1723035892152893,0.31308421420883686,0.0
64,271803,6.018467622923381,5.23017471530458e-14,4.461450739740111e-14,4.597697273339717e-13,2.5436426467530207e-14,0.0,0.0,2.8679775672104746e-14,2.5403037776152934e-14,4.544331017747739e-12,1.1723035892152893,0.31308421420883686,0.0
64,272706,6.038462531969638,5.23017471530458e-14,4.461450739740111e-14,4.597697273339717e-13,2.5436426467530207e-14,0.0,0.0,2.8679775672104746e-14,2.5403037776152934e-14,4.544331017747739e-12,1.1723035892152893,0.31308421420883686,0.0
64,273609,6.058457441015896,5.23017471530458e-14,4.461450739740111e-14,4.597697273339717e-13,2.5436426467530207e-14,0.0,0.0,2.8679775672104746e-14,2.5403037776152934e-14,4.544331017747739e-12,1.1723035892152893,0.31308421420883686,0.0
64,274512,6.078452350062152,5.23017471530458e-14,4.461450739740111e-14,4.597697273339717e-13,2.5436426467530207e-14,0.0,0.0,2.8679775672104746e-14,2.5403037776152934e-14,4.544331017747739e-12,1.1723035892152893,0.31308421420883686,0.0
64,275415,6.09844725910841,5.23017471530458e-14,4.461450739740111e-14,4.597697273339717e-13,2.5436426467530207e-14,0.0,0.0,2.8679775672104746e-14,2.5403037776152934e-14,4.544331017747739e-12,1.1723035892152893,0.31308421420883686,0.0
64,276318,6.118442168154666,5.23017471530458e-14,4.461450739740111e-14,4.597697273339717e-13,2.5436426467530207e-14,0.0,0.0,2.8679775672104746e-14,2.5403037776152934e-14,4.544331017747739e-12,1.1723035892152893,0.31308421420883686,0.0
64,277221,6.138437077200924,5.23017471530458e-14,4.461450739740111e-14,4.597697273339717e-13,2.5436426467530207e-14,0.0,0.0,2.8679775672104746e-14,2.5403037776152934e-14,4.544331017747739e-12,1.1723035892152893,0.31308421420883686,0.0
64,278124,6.158431986247181,5.23017471530458e-14,4.461450739740111e-14,4.597697273339717e-13,2.5436426467530207e-14,0.0,0.0,2.8679775672104746e-14,2.5403037776152934e-14,4.544331017747739e-12,1.1723035892152893,0.31308421420883686,0.0
64,279027,6.178426895293438,5.23017471530458e-14,4.461450739740111e-14,4.597697273339717e-13,2.5436426467530207e-14,0.0,0.0,2.8679775672104746e-14,2.5403037776152934e-14,4.544331017747739e-12,1.1723035892152893,0.31308421420883686,0.0
64,279930,6.198421804339695,5.23017471530458e-14,4.461450739740111e-14,4.597697273339717e-13,2.5436426467530207e-14,0.0,0.0,2.8679775672104746e-14,2.5403037776152934e-14,4.544331017747739e-12,1.1723035892152893,0.31308421420883686,0.0
64,280833,6.218416713385952,5.23017471530458e-14,4.461450739740111e-14,4.597697273339717e-13,2.5436426467530207e-14,0.0,0.0,2.8679775672104746e-14,2.5403037776152934e-14,4.544331017747739e-12,1.1723035892152893,0.31308421420883686,0.0
64,281736,6.238411622432209,5.23017471530458e-14,4.461450739740111e-14,4.597697273339717e-13,2.5436426467530207e-14,0.0,0.0,2.8679775672104746e-14,2.5403037776152934e-14,4.544331017747739e-12,1.1723035892152893,0.31308421420883686,0.0
64,282639,6.258406531478466,5.23017471530458e-14,4.461450739740111e-14,4.597697273339717e-13,2.5436426467530207e-14,0.0,0.0,2.8679775672104746e-14,2.5403037776152934e-14,4.544331017747739e-12,1.1723035892152893,0.31308421420883686,0.0
64,283542,6.278401440524723,5.23017471530458e-14,4.461450739740111e-14,4.597697273339717e-13,2.5436426467530207e-14,0.0,0.0,2.8679775672104746e-14,2.5403037776152934e-14,4.544331017747739e-12,1.1723035892152893,0.31308421420883686,0.0
64,284445,6.2983963495709805,5.23017471530458e-14,4.461450739740111e-14,4.597697273339717e-13,2.5436426467530207e-14,0.0,0.0,2.8679775672104746e-14,2.5403037776152934e-14,4.544331017747739e-12,1.1723035892152893,0.31308421420883686,0.0
64,285348,6.318391258617237,5.23017471530458e-14,4.461450739740111e-14,4.597697273339717e-13,2.5436426467530207e-14,0.0,0.0,2.8679775672104746e-14,2.5403037776152934e-14,4.544331017747739e-12,1.1723035892152893,0.31308421420883686,0.0
64,286251,6.3383861676634945,5.23017471530458e-14,4.461450739740111e-14,4.597697273339717e-13,2.5436426467530207e-14,0.0,0.0,2.8679775672104746e-14,2.5403037776152934e-14,4.544331017747739e-12,1.1723035892152893,0.31308421420883686,0.0
64,287154,6.358381076709751,5.23017471530458e-14,4.461450739740111e-14,4.597697273339717e-13,2.5436426467530207e-14,0.0,0.0,2.8679775672104746e-14,2.5403037776152934e-14,4.544331017747739e-12,1.1723035892152893,0.31308421420883686,0.0
64,288057,6.3783759857560085,5.23017471530458e-14,4.461450739740111e-14,4.597697273339717e-13,2.5436426467530207e-14,0.0,0.0,2.8679775672104746e-14,2.5403037776152934e-14,4.544331017747739e-12,1.1723035892152893,0.31308421420883686,0.0
64,288960,6.398370894802266,5.23017471530458e-14,4.461450739740111e-14,4.597697273339717e-13,2.5436426467530207e-14,0.0,0.0,2.8679775672104746e-14,2.5403037776152934e-14,4.544331017747739e-12,1.1723035892152893,0.31308421420883686,0.0
64,289863,6.4183658038485225,5.23017471530458e-14,4.461450739740111e-14,4.597697273339717e-13,2.5436426467530207e-14,0.0,0.0,2.8679775672104746e-14,2.5403037776152934e-14,4.544331017747739e-12,1.1723035892152893,0.31308421420883686,0.0
64,290766,6.43836071289478,5.23017471530458e-14,4.461450739740111e-14,4.597697273339717e-13,2.5436426467530207e-14,0.0,0.0,2.8679775672104746e-14,2.5403037776152934e-14,4.544331017747739e-12,1.1723035892152893,0.31308421420883686,0.0
64,291669,6.4583556219410365,5.23017471530458e-14,4.461450739740111e-14,4.597697273339717e-13,2.5436426467530207e-14,0.0,0.0,2.8679775672104746e-14,2.5403037776152934e-14,4.544331017747739e-12,1.1723035892152893,0.31308421420883686,0.0
64,292572,6.478350530987294,5.23017471530458e-14,4.461450739740111e-14,4.597697273339717e-13,2.5436426467530207e-14,0.0,0.0,2.8679775672104746e-14,2.5403037776152934e-14,4.544331017747739e-12,1.1723035892152893,0.31308421420883686,0.0
64,293475,6.498345440033551,5.23017471530458e-14,4.461450739740111e-14,4.597697273339717e-13,2.5436426467530207e-14,0.0,0.0,2.8679775672104746e-14,2.5403037776152934e-14,4.544331017747739e-12,1.1723035892152893,0.31308421420883686,0.0
64,294378,6.518340349079808,5.23017471530458e-14,4.461450739740111e-14,4.597697273339717e-13,2.5436426467530207e-14,0.0,0.0,2.8679775672104746e-14,2.5403037776152934e-14,4.544331017747739e-12,1.1723035892152893,0.31308421420883686,0.0
64,295281,6.538335258126065,5.23017471530458e-14,4.461450739740111e-14,4.597697273339717e-13,2.5436426467530207e-14,0.0,0.0,2.8679775672104746e-14,2.5403037776152934e-14,4.544331017747739e-12,1.1723035892152893,0.31308421420883686,0.0
64,296184,6.558330167172322,5.23017471530458e-14,4.461450739740111e-14,4.597697273339717e-13,2.5436426467530207e-14,0.0,0.0,2.8679775672104746e-14,2.5403037776152934e-14,4.544331017747739e-12,1.1723035892152893,0.31308421420883686,0.0
64,297087,6.578325076218579,5.23017471530458e-14,4.461450739740111e-14,4.597697273339717e-13,2.5436426467530207e-14,0.0,0.0,2.8679775672104746e-14,2.5403037776152934e-14,4.544331017747739e-12,1.1723035892152893,0.31308421420883686,0.0
64,297990,6.598319985264836,5.23017471530458e-14,4.461450739740111e-14,4.597697273339717e-13,2.5436426467530207e-14,0.0,0.0,2.8679775672104746e-14,2.5403037776152934e-14,4.544331017747739e-12,1.1723035892152893,0.31308421420883686,0.0
64,298893,6.618314894311093,5.23017471530458e-14,4.461450739740111e-14,4.597697273339717e-13,2.5436426467530207e-14,0.0,0.0,2.8679775672104746e-14,2.5403037776152934e-14,4.544331017747739e-12,1.1723035892152893,0.31308421420883686,0.0
64,299796,6.638309803357351,5.23017471530458e-14,4.461450739740111e-14,4.597697273339717e-13,2.5436426467530207e-14,0.0,0.0,2.8679775672104746e-14,2.5403037776152934e-14,4.544331017747739e-12,1.1723035892152893,0.31308421420883686,0.0
64,300699,6.658304712403607,5.23017471530458e-14,4.461450739740111e-14,4.597697273339717e-13,2.5436426467530207e-14,0.0,0.0,2.8679775672104746e-14,2.5403037776152934e-14,4.544331017747739e-12,1.1723035892152893,0.31308421420883686,0.0
64,301602,6.678299621449865,5.23017471530458e-14,4.461450739740111e-14,4.597697273339717e-13,2.5436426467530207e-14,0.0,0.0,2.8679775672104746e-14,2.5403037776152934e-14,4.544331017747739e-12,1.1723035892152893,0.31308421420883686,0.0
64,302505,6.6982945304961214,5.23017471530458e-14,4.461450739740111e-14,4.597697273339717e-13,2.5436426467530207e-14,0.0,0.0,2.8679775672104746e-14,2.5403037776152934e-14,4.544331017747739e-12,1.1723035892152893,0.31308421420883686,0.0
64,303408,6.718289439542379,5.23017471530458e-14,4.461450739740111e-14,4.597697273339717e-13,2.5436426467530207e-14,0.0,0.0,2.8679775672104746e-14,2.5403037776152934e-14,4.544331017747739e-12,1.1723035892152893,0.31308421420883686,0.0
64,304311,6.738284348588636,5.23017471530458e-14,4.461450739740111e-14,4.597697273339717e-13,2.5436426467530207e-14,0.0,0.0,2.8679775672104746e-14,2.5403037776152934e-14,4.544331017747739e-12,1.1723035892152893,0.31308421420883686,0.0
64,305214,6.758279257634893,5.23017471530458e-14,4.461450739740111e-14,4.597697273339717e-13,2.5436426467530207e-14,0.0,0.0,2.8679775672104746e-14,2.5403037776152934e-14,4.544331017747739e-12,1.1723035892152893,0.31308421420883686,0.0
64,306117,6.77827416668115,5.23017471530458e-14,4.461450739740111e-14,4.597697273339717e-13,2.5436426467530207e-14,0.0,0.0,2.8679775672104746e-14,2.5403037776152934e-14,4.544331017747739e-12,1.1723035892152893,0.31308421420883686,0.0
64,307020,6.798269075727407,5.23017471530458e-14,4.461450739740111e-14,4.597697273339717e-13,2.5436426467530207e-14,0.0,0.0,2.8679775672104746e-14,2.5403037776152934e-14,4.544331017747739e-12,1.1723035892152893,0.31308421420883686,0.0
64,307923,6.818263984773664,5.23017471530458e-14,4.461450739740111e-14,4.597697273339717e-13,2.5436426467530207e-14,0.0,0.0,2.8679775672104746e-14,2.5403037776152934e-14,4.544331017747739e-12,1.1723035892152893,0.31308421420883686,0.0
64,308826,6.838258893819921,5.23017471530458e-14,4.461450739740111e-14,4.597697273339717e-13,2.5436426467530207e-14,0.0,0.0,2.8679775672104746e-14,2.5403037776152934e-14,4.544331017747739e-12,1.1723035892152893,0.31308421420883686,0.0
64,309729,6.858253802866178,5.23017471530458e-14,4.461450739740111e-14,4.597697273339717e-13,2.5436426467530207e-14,0.0,0.0,2.8679775672104746e-14,2.5403037776152934e-14,4.544331017747739e-12,1.1723035892152893,0.31308421420883686,0.0
64,310632,6.878248711912436,5.23017471530458e-14,4.461450739740111e-14,4.597697273339717e-13,2.5436426467530207e-14,0.0,0.0,2.8679775672104746e-14,2.5403037776152934e-14,4.544331017747739e-12,1.1723035892152893,0.31308421420883686,0.0
64,311535,6.898243620958692,5.23017471530458e-14,4.461450739740111e-14,4.597697273339717e-13,2.5436426467530207e-14,0.0,0.0,2.8679775672104746e-14,2.5403037776152934e-14,4.544331017747739e-12,1.1723035892152893,0.31308421420883686,0.0
64,312438,6.91823853000495,5.23017471530458e-14,4.461450739740111e-14,4.597697273339717e-13,2.5436426467530207e-14,0.0,0.0,2.8679775672104746e-14,2.5403037776152934e-14,4.544331017747739e-12,1.1723035892152893,0.31308421420883686,0.0
64,313341,6.938233439051206,5.23017471530458e-14,4.461450739740111e-14,4.597697273339717e-13,2.5436426467530207e-14,0.0,0.0,2.8679775672104746e-14,2.5403037776152934e-14,4.544331017747739e-12,1.1723035892152893,0.31308421420883686,0.0
64,314244,6.958228348097464,5.23017471530458e-14,4.461450739740111e-14,4.597697273339717e-13,2.5436426467530207e-14,0.0,0.0,2.8679775672104746e-14,2.5403037776152934e-14,4.544331017747739e-12,1.1723035892152893,0.31308421420883686,0.0
64,315147,6.978223257143721,5.23017471530458e-14,4.461450739740111e-14,4.597697273339717e-13,2.5436426467530207e-14,0.0,0.0,2.8679775672104746e-14,2.5403037776152934e-14,4.544331017747739e-12,1.1723035892152893,0.31308421420883686,0.0
64,316050,6.998218166189978,5.23017471530458e-14,4.461450739740111e-14,4.597697273339717e-13,2.5436426467530207e-14,0.0,0.0,2.8679775672104746e-14,2.5403037776152934e-14,4.544331017747739e-12,1.1723035892152893,0.31308421420883686,0.0
64,316953,7.018213075236235,5.23017471530458e-14,4.461450739740111e-14,4.597697273339717e-13,2.5436426467530207e-14,0.0,0.0,2.8679775672104746e-14,2.5403037776152934e-14,4.544331017747739e-12,1.1723035892152893,0.31308421420883686,0.0
64,317856,7.038207984282492,5.23017471530458e-14,4.461450739740111e-14,4.597697273339717e-13,2.5436426467530207e-14,0.0,0.0,2.8679775672104746e-14,2.5403037776152934e-14,4.544331017747739e-12,1.1723035892152893,0.31308421420883686,0.0
64,318759,7.058202893328749,5.23017471530458e-14,4.461450739740111e-14,4.597697273339717e-13,2.5436426467530207e-14,0.0,0.0,2.8679775672104746e-14,2.5403037776152934e-14,4.544331017747739e-12,1.1723035892152893,0.31308421420883686,0.0
64,319662,7.078197802375007,5.23017471530458e-14,4.461450739740111e-14,4.597697273339717e-13,2.5436426467530207e-14,0.0,0.0,2.8679775672104746e-14,2.5403037776152934e-14,4.544331017747739e-12,1.1723035892152893,0.31308421420883686,0.0
64,320565,7.098192711421263,5.23017471530458e-14,4.461450739740111e-14,4.597697273339717e-13,2.5436426467530207e-14,0.0,0.0,2.8679775672104746e-14,2.5403037776152934e-14,4.544331017747739e-12,1.1723035892152893,0.31308421420883686,0.0
64,321468,7.118187620467521,5.23017471530458e-14,4.461450739740111e-14,4.597697273339717e-13,2.5436426467530207e-14,0.0,0.0,2.8679775672104746e-14,2.5403037776152934e-14,4.544331017747739e-12,1.1723035892152893,0.31308421420883686,0.0
64,322371,7.138182529513777,5.23017471530458e-14,4.461450739740111e-14,4.597697273339717e-13,2.5436426467530207e-14,0.0,0.0,2.8679775672104746e-14,2.5403037776152934e-14,4.544331017747739e-12,1.1723035892152893,0.31308421420883686,0.0
64,323274,7.158177438560035,5.23017471530458e-14,4.461450739740111e-14,4.597697273339717e-13,2.5436426467530207e-14,0.0,0.0,2.8679775672104746e-14,2.5403037776152934e-14,4.544331017747739e-12,1.1723035892152893,0.31308421420883686,0.0
64,324177,7.178172347606291,5.23017471530458e-14,4.461450739740111e-14,4.597697273339717e-13,2.5436426467530207e-14,0.0,0.0,2.8679775672104746e-14,2.5403037776152934e-14,4.544331017747739e-12,1.1723035892152893,0.31308421420883686,0.0
64,325080,7.198167256652549,5.23017471530458e-14,4.461450739740111e-14,4.597697273339717e-13,2.5436426467530207e-14,0.0,0.0,2.8679775672104746e-14,2.5403037776152934e-14,4.544331017747739e-12,1.1723035892152893,0.31308421420883686,0.0
64,325983,7.218162165698806,5.23017471530458e-14,4.461450739740111e-14,4.597697273339717e-13,2.5436426467530207e-14,0.0,0.0,2.8679775672104746e-14,2.5403037776152934e-14,4.544331017747739e-12,1.1723035892152893,0.31308421420883686,0.0
64,326886,7.238157074745063,5.23017471530458e-14,4.461450739740111e-14,4.597697273339717e-13,2.5436426467530207e-14,0.0,0.0,2.8679775672104746e-14,2.5403037776152934e-14,4.544331017747739e-12,1.1723035892152893,0.31308421420883686,0.0
64,327789,7.25815198379132,5.23017471530458e-14,4.461450739740111e-14,4.597697273339717e-13,2.5436426467530207e-14,0.0,0.0,2.8679775672104746e-14,2.5403037776152934e-14,4.544331017747739e-12,1.1723035892152893,0.31308421420883686,0.0
64,328692,7.278146892837577,5.23017471530458e-14,4.461450739740111e-14,4.597697273339717e-13,2.5436426467530207e-14,0.0,0.0,2.8679775672104746e-14,2.5403037776152934e-14,4.544331017747739e-12,1.1723035892152893,0.31308421420883686,0.0
64,329595,7.298141801883834,5.23017471530458e-14,4.461450739740111e-14,4.597697273339717e-13,2.5436426467530207e-14,0.0,0.0,2.8679775672104746e-14,2.5403037776152934e-14,4.544331017747739e-12,1.1723035892152893,0.31308421420883686,0.0
64,330498,7.318136710930092,5.23017471530458e-14,4.461450739740111e-14,4.597697273339717e-13,2.5436426467530207e-14,0.0,0.0,2.8679775672104746e-14,2.5403037776152934e-14,4.544331017747739e-12,1.1723035892152893,0.31308421420883686,0.0
64,331401,7.338131619976348,5.23017471530458e-14,4.461450739740111e-14,4.597697273339717e-13,2.5436426467530207e-14,0.0,0.0,2.8679775672104746e-14,2.5403037776152934e-14,4.544331017747739e-12,1.1723035892152893,0.31308421420883686,0.0
64,332304,7.358126529022606,5.23017471530458e-14,4.461450739740111e-14,4.597697273339717e-13,2.5436426467530207e-14,0.0,0.0,2.8679775672104746e-14,2.5403037776152934e-14,4.544331017747739e-12,1.1723035892152893,0.31308421420883686,0.0
64,333207,7.378121438068862,5.23017471530458e-14,4.461450739740111e-14,4.597697273339717e-13,2.5436426467530207e-14,0.0,0.0,2.8679775672104746e-14,2.5403037776152934e-14,4.544331017747739e-12,1.1723035892152893,0.31308421420883686,0.0
64,334110,7.39811634711512,5.23017471530458e-14,4.461450739740111e-14,4.597697273339717e-13,2.5436426467530207e-14,0.0,0.0,2.8679775672104746e-14,2.5403037776152934e-14,4.544331017747739e-12,1.1723035892152893,0.31308421420883686,0.0
64,335013,7.418111256161376,5.23017471530458e-14,4.461450739740111e-14,4.597697273339717e-13,2.5436426467530207e-14,0.0,0.0,2.8679775672104746e-14,2.5403037776152934e-14,4.544331017747739e-12,1.1723035892152893,0.31308421420883686,0.0
64,335916,7.438106165207634,5.23017471530458e-14,4.461450739740111e-14,4.597697273339717e-13,2.5436426467530207e-14,0.0,0.0,2.8679775672104746e-14,2.5403037776152934e-14,4.544331017747739e-12,1.1723035892152893,0.31308421420883686,0.0
64,336819,7.458101074253891,5.23017471530458e-14,4.461450739740111e-14,4.597697273339717e-13,2.5436426467530207e-14,0.0,0.0,2.8679775672104746e-14,2.5403037776152934e-14,4.544331017747739e-12,1.1723035892152893,0.31308421420883686,0.0
64,337722,7.478095983300148,5.23017471530458e-14,4.461450739740111e-14,4.597697273339717e-13,2.5436426467530207e-14,0.0,0.0,2.8679775672104746e-14,2.5403037776152934e-14,4.544331017747739e-12,1.1723035892152893,0.31308421420883686,0.0
64,338625,7.498090892346405,5.23017471530458e-14,4.461450739740111e-14,4.597697273339717e-13,2.5436426467530207e-14,0.0,0.0,2.8679775672104746e-14,2.5403037776152934e-14,4.544331017747739e-12,1.1723035892152893,0.31308421420883686,0.0
64,339528,7.518085801392662,5.23017471530458e-14,4.461450739740111e-14,4.597697273339717e-13,2.5436426467530207e-14,0.0,0.0,2.8679775672104746e-14,2.5403037776152934e-14,4.544331017747739e-12,1.1723035892152893,0.31308421420883686,0.0
64,340431,7.538080710438919,5.23017471530458e-14,4.461450739740111e-14,4.597697273339717e-13,2.5436426467530207e-14,0.0,0.0,2.8679775672104746e-14,2.5403037776152934e-14,4.544331017747739e-12,1.1723035892152893,0.31308421420883686,0.0
64,341334,7.558075619485177,5.23017471530458e-14,4.461450739740111e-14,4.597697273339717e-13,2.5436426467530207e-14,0.0,0.0,2.8679775672104746e-14,2.5403037776152934e-14,4.544331017747739e-12,1.1723035892152893,0.31308421420883686,0.0
64,342237,7.578070528531433,5.23017471530458e-14,4.461450739740111e-14,4.597697273339717e-13,2.5436426467530207e-14,0.0,0.0,2.8679775672104746e-14,2.5403037776152934e-14,4.544331017747739e-12,1.1723035892152893,0.31308421420883686,0.0
64,343140,7.598065437577691,5.23017471530458e-14,4.461450739740111e-14,4.597697273339717e-13,2.5436426467530207e-14,0.0,0.0,2.8679775672104746e-14,2.5403037776152934e-14,4.544331017747739e-12,1.1723035892152893,0.31308421420883686,0.0
64,344043,7.618060346623947,5.23017471530458e-14,4.461450739740111e-14,4.597697273339717e-13,2.5436426467530207e-14,0.0,0.0,2.8679775672104746e-14,2.5403037776152934e-14,4.544331017747739e-12,1.1723035892152893,0.31308421420883686,0.0
64,344946,7.638055255670205,5.23017471530458e-14,4.461450739740111e-14,4.597697273339717e-13,2.5436426467530207e-14,0.0,0.0,2.8679775672104746e-14,2.5403037776152934e-14,4.544331017747739e-12,1.1723035892152893,0.31308421420883686,0.0
64,345849,7.658050164716462,5.23017471530458e-14,4.461450739740111e-14,4.597697273339717e-13,2.5436426467530207e-14,0.0,0.0,2.8679775672104746e-14,2.5403037776152934e-14,4.544331017747739e-12,1.1723035892152893,0.31308421420883686,0.0
64,346752,7.678045073762719,5.23017471530458e-14,4.461450739740111e-14,4.597697273339717e-13,2.5436426467530207e-14,0.0,0.0,2.8679775672104746e-14,2.5403037776152934e-14,4.544331017747739e-12,1.1723035892152893,0.31308421420883686,0.0
64,347655,7.698039982808976,5.23017471530458e-14,4.461450739740111e-14,4.597697273339717e-13,2.5436426467530207e-14,0.0,0.0,2.8679775672104746e-14,2.5403037776152934e-14,4.544331017747739e-12,1.1723035892152893,0.31308421420883686,0.0
64,348558,7.718034891855233,5.23017471530458e-14,4.461450739740111e-14,4.597697273339717e-13,2.5436426467530207e-14,0.0,0.0,2.8679775672104746e-14,2.5403037776152934e-14,4.544331017747739e-12,1.1723035892152893,0.31308421420883686,0.0
64,349461,7.73802980090149,5.23017471530458e-14,4.461450739740111e-14,4.597697273339717e-13,2.5436426467530207e-14,0.0,0.0,2.8679775672104746e-14,2.5403037776152934e-14,4.544331017747739e-12,1.1723035892152893,0.31308421420883686,0.0
64,350364,7.758024709947747,5.23017471530458e-14,4.461450739740111e-14,4.597697273339717e-13,2.5436426467530207e-14,0.0,0.0,2.8679775672104746e-14,2.5403037776152934e-14,4.544331017747739e-12,1.1723035892152893,0.31308421420883686,0.0
64,351267,7.778019618994004,5.23017471530458e-14,4.461450739740111e-14,4.597697273339717e-13,2.5436426467530207e-14,0.0,0.0,2.8679775672104746e-14,2.5403037776152934e-14,4.544331017747739e-12,1.1723035892152893,0.31308421420883686,0.0
64,352170,7.7980145280402615,5.23017471530458e-14,4.461450739740111e-14,4.597697273339717e-13,2.5436426467530207e-14,0.0,0.0,2.8679775672104746e-14,2.5403037776152934e-14,4.544331017747739e-12,1.1723035892152893,0.31308421420883686,0.0
64,353073,7.818009437086518,5.23017471530458e-14,4.461450739740111e-14,4.597697273339717e-13,2.5436426467530207e-14,0.0,0.0,2.8679775672104746e-14,2.5403037776152934e-14,4.544331017747739e-12,1.1723035892152893,0.31308421420883686,0.0
64,353976,7.8380043461327755,5.23017471530458e-14,4.461450739740111e-14,4.597697273339717e-13,2.5436426467530207e-14,0.0,0.0,2.8679775672104746e-14,2.5403037776152934e-14,4.544331017747739e-12,1.1723035892152893,0.31308421420883686,0.0
64,354879,7.857999255179032,5.23017471530458e-14,4.461450739740111e-14,4.597697273339717e-13,2.5436426467530207e-14,0.0,0.0,2.8679775672104746e-14,2.5403037776152934e-14,4.544331017747739e-12,1.1723035892152893,0.31308421420883686,0.0
64,355782,7.8779941642252895,5.23017471530458e-14,4.461450739740111e-14,4.597697273339717e-13,2.5436426467530207e-14,0.0,0.0,2.8679775672104746e-14,2.5403037776152934e-14,4.544331017747739e-12,1.1723035892152893,0.31308421420883686,0.0
64,356685,7.897989073271547,5.23017471530458e-14,4.461450739740111e-14,4.597697273339717e-13,2.5436426467530207e-14,0.0,0.0,2.8679775672104746e-14,2.5403037776152934e-14,4.544331017747739e-12,1.1723035892152893,0.31308421420883686,0.0
64,357588,7.9179839823178035,5.23017471530458e-14,4.461450739740111e-14,4.597697273339717e-13,2.5436426467530207e-14,0.0,0.0,2.8679775672104746e-14,2.5403037776152934e-14,4.544331017747739e-12,1.1723035892152893,0.31308421420883686,0.0
64,358491,7.937978891364061,5.23017471530458e-14,4.461450739740111e-14,4.597697273339717e-13,2.5436426467530207e-14,0.0,0.0,2.8679775672104746e-14,2.5403037776152934e-14,4.544331017747739e-12,1.1723035892152893,0.31308421420883686,0.0
64,359394,7.9579738004103175,5.23017471530458e-14,4.461450739740111e-14,4.597697273339717e-13,2.5436426467530207e-14,0.0,0.0,2.8679775672104746e-14,2.5403037776152934e-14,4.544331017747739e-12,1.1723035892152893,0.31308421420883686,0.0
64,360297,7.977968709456575,5.23017471530458e-14,4.461450739740111e-14,4.597697273339717e-13,2.5436426467530207e-14,0.0,0.0,2.8679775672104746e-14,2.5403037776152934e-14,4.544331017747739e-12,1.1723035892152893,0.31308421420883686,0.0
64,361200,7.9979636185028316,5.23017471530458e-14,4.461450739740111e-14,4.597697273339717e-13,2.5436426467530207e-14,0.0,0.0,2.8679775672104746e-14,2.5403037776152934e-14,4.544331017747739e-12,1.1723035892152893,0.31308421420883686,0.0
64,362103,8.017958527549089,5.23017471530458e-14,4.461450739740111e-14,4.597697273339717e-13,2.5436426467530207e-14,0.0,0.0,2.8679775672104746e-14,2.5403037776152934e-14,4.544331017747739e-12,1.1723035892152893,0.31308421420883686,0.0
64,363006,8.037953436595346,5.23017471530458e-14,4.461450739740111e-14,4.597697273339717e-13,2.5436426467530207e-14,0.0,0.0,2.8679775672104746e-14,2.5403037776152934e-14,4.544331017747739e-12,1.1723035892152893,0.31308421420883686,0.0
64,363909,8.057948345641604,5.23017471530458e-14,4.461450739740111e-14,4.597697273339717e-13,2.5436426467530207e-14,0.0,0.0,2.8679775672104746e-14,2.5403037776152934e-14,4.544331017747739e-12,1.1723035892152893,0.31308421420883686,0.0
64,364812,8.07794325468786,5.23017471530458e-14,4.461450739740111e-14,4.597697273339717e-13,2.5436426467530207e-14,0.0,0.0,2.8679775672104746e-14,2.5403037776152934e-14,4.544331017747739e-12,1.1723035892152893,0.31308421420883686,0.0
64,365715,8.097938163734117,5.23017471530458e-14,4.461450739740111e-14,4.597697273339717e-13,2.5436426467530207e-14,0.0,0.0,2.8679775672104746e-14,2.5403037776152934e-14,4.544331017747739e-12,1.1723035892152893,0.31308421420883686,0.0
64,366618,8.117933072780374,5.23017471530458e-14,4.461450739740111e-14,4.597697273339717e-13,2.5436426467530207e-14,0.0,0.0,2.8679775672104746e-14,2.5403037776152934e-14,4.544331017747739e-12,1.1723035892152893,0.31308421420883686,0.0
64,367521,8.137927981826632,5.23017471530458e-14,4.461450739740111e-14,4.597697273339717e-13,2.5436426467530207e-14,0.0,0.0,2.8679775672104746e-14,2.5403037776152934e-14,4.544331017747739e-12,1.1723035892152893,0.31308421420883686,0.0
64,368424,8.15792289087289,5.23017471530458e-14,4.461450739740111e-14,4.597697273339717e-13,2.5436426467530207e-14,0.0,0.0,2.8679775672104746e-14,2.5403037776152934e-14,4.544331017747739e-12,1.1723035892152893,0.31308421420883686,0.0
64,369327,8.177917799919145,5.23017471530458e-14,4.461450739740111e-14,4.597697273339717e-13,2.5436426467530207e-14,0.0,0.0,2.8679775672104746e-14,2.5403037776152934e-14,4.544331017747739e-12,1.1723035892152893,0.31308421420883686,0.0
64,370230,8.197912708965402,5.23017471530458e-14,4.461450739740111e-14,4.597697273339717e-13,2.5436426467530207e-14,0.0,0.0,2.8679775672104746e-14,2.5403037776152934e-14,4.544331017747739e-12,1.1723035892152893,0.31308421420883686,0.0
64,371133,8.21790761801166,5.23017471530458e-14,4.461450739740111e-14,4.597697273339717e-13,2.5436426467530207e-14,0.0,0.0,2.8679775672104746e-14,2.5403037776152934e-14,4.544331017747739e-12,1.1723035892152893,0.31308421420883686,0.0
64,372036,8.237902527057917,5.23017471530458e-14,4.461450739740111e-14,4.597697273339717e-13,2.5436426467530207e-14,0.0,0.0,2.8679775672104746e-14,2.5403037776152934e-14,4.544331017747739e-12,1.1723035892152893,0.31308421420883686,0.0
64,372939,8.257897436104175,5.23017471530458e-14,4.461450739740111e-14,4.597697273339717e-13,2.5436426467530207e-14,0.0,0.0,2.8679775672104746e-14,2.5403037776152934e-14,4.544331017747739e-12,1.1723035892152893,0.31308421420883686,0.0
64,373842,8.27789234515043,5.23017471530458e-14,4.461450739740111e-14,4.597697273339717e-13,2.5436426467530207e-14,0.0,0.0,2.8679775672104746e-14,2.5403037776152934e-14,4.544331017747739e-12,1.1723035892152893,0.31308421420883686,0.0
64,374745,8.297887254196688,5.23017471530458e-14,4.461450739740111e-14,4.597697273339717e-13,2.5436426467530207e-14,0.0,0.0,2.8679775672104746e-14,2.5403037776152934e-14,4.544331017747739e-12,1.1723035892152893,0.31308421420883686,0.0
64,375648,8.317882163242945,5.23017471530458e-14,4.461450739740111e-14,4.597697273339717e-13,2.5436426467530207e-14,0.0,0.0,2.8679775672104746e-14,2.5403037776152934e-14,4.544331017747739e-12,1.1723035892152893,0.31308421420883686,0.0
64,376551,8.337877072289203,5.23017471530458e-14,4.461450739740111e-14,4.597697273339717e-13,2.5436426467530207e-14,0.0,0.0,2.8679775672104746e-14,2.5403037776152934e-14,4.544331017747739e-12,1.1723035892152893,0.31308421420883686,0.0
64,377454,8.35787198133546,5.23017471530458e-14,4.461450739740111e-14,4.597697273339717e-13,2.5436426467530207e-14,0.0,0.0,2.8679775672104746e-14,2.5403037776152934e-14,4.544331017747739e-12,1.1723035892152893,0.31308421420883686,0.0
64,378357,8.377866890381716,5.23017471530458e-14,4.461450739740111e-14,4.597697273339717e-13,2.5436426467530207e-14,0.0,0.0,2.8679775672104746e-14,2.5403037776152934e-14,4.544331017747739e-12,1.1723035892152893,0.31308421420883686,0.0
64,379260,8.397861799427973,5.23017471530458e-14,4.461450739740111e-14,4.597697273339717e-13,2.5436426467530207e-14,0.0,0.0,2.8679775672104746e-14,2.5403037776152934e-14,4.544331017747739e-12,1.1723035892152893,0.31308421420883686,0.0
64,380163,8.41785670847423,5.23017471530458e-14,4.461450739740111e-14,4.597697273339717e-13,2.5436426467530207e-14,0.0,0.0,2.8679775672104746e-14,2.5403037776152934e-14,4.544331017747739e-12,1.1723035892152893,0.31308421420883686,0.0
64,381066,8.437851617520488,5.23017471530458e-14,4.461450739740111e-14,4.597697273339717e-13,2.5436426467530207e-14,0.0,0.0,2.8679775672104746e-14,2.5403037776152934e-14,4.544331017747739e-12,1.1723035892152893,0.31308421420883686,0.0
64,381969,8.457846526566744,5.23017471530458e-14,4.461450739740111e-14,4.597697273339717e-13,2.5436426467530207e-14,0.0,0.0,2.8679775672104746e-14,2.5403037776152934e-14,4.544331017747739e-12,1.1723035892152893,0.31308421420883686,0.0
64,382872,8.477841435613001,5.23017471530458e-14,4.461450739740111e-14,4.597697273339717e-13,2.5436426467530207e-14,0.0,0.0,2.8679775672104746e-14,2.5403037776152934e-14,4.544331017747739e-12,1.1723035892152893,0.31308421420883686,0.0
64,383775,8.497836344659259,5.23017471530458e-14,4.461450739740111e-14,4.597697273339717e-13,2.5436426467530207e-14,0.0,0.0,2.8679775672104746e-14,2.5403037776152934e-14,4.544331017747739e-12,1.1723035892152893,0.31308421420883686,0.0
64,384678,8.517831253705516,5.23017471530458e-14,4.461450739740111e-14,4.597697273339717e-13,2.5436426467530207e-14,0.0,0.0,2.8679775672104746e-14,2.5403037776152934e-14,4.544331017747739e-12,1.1723035892152893,0.31308421420883686,0.0
64,385581,8.537826162751774,5.23017471530458e-14,4.461450739740111e-14,4.597697273339717e-13,2.5436426467530207e-14,0.0,0.0,2.8679775672104746e-14,2.5403037776152934e-14,4.544331017747739e-12,1.1723035892152893,0.31308421420883686,0.0
64,386484,8.55782107179803,5.23017471530458e-14,4.461450739740111e-14,4.597697273339717e-13,2.5436426467530207e-14,0.0,0.0,2.8679775672104746e-14,2.5403037776152934e-14,4.544331017747739e-12,1.1723035892152893,0.31308421420883686,0.0
64,387387,8.577815980844287,5.23017471530458e-14,4.461450739740111e-14,4.597697273339717e-13,2.5436426467530207e-14,0.0,0.0,2.8679775672104746e-14,2.5403037776152934e-14,4.544331017747739e-12,1.1723035892152893,0.31308421420883686,0.0
64,388290,8.597810889890544,5.23017471530458e-14,4.461450739740111e-14,4.597697273339717e-13,2.5436426467530207e-14,0.0,0.0,2.8679775672104746e-14,2.5403037776152934e-14,4.544331017747739e-12,1.1723035892152893,0.31308421420883686,0.0
64,389193,8.617805798936802,5.23017471530458e-14,4.461450739740111e-14,4.597697273339717e-13,2.5436426467530207e-14,0.0,0.0,2.8679775672104746e-14,2.5403037776152934e-14,4.544331017747739e-12,1.1723035892152893,0.31308421420883686,0.0
64,390096,8.63780070798306,5.23017471530458e-14,4.461450739740111e-14,4.597697273339717e-13,2.5436426467530207e-14,0.0,0.0,2.8679775672104746e-14,2.5403037776152934e-14,4.544331017747739e-12,1.1723035892152893,0.31308421420883686,0.0
64,390999,8.657795617029315,5.23017471530458e-14,4.461450739740111e-14,4.597697273339717e-13,2.5436426467530207e-14,0.0,0.0,2.8679775672104746e-14,2.5403037776152934e-14,4.544331017747739e-12,1.1723035892152893,0.31308421420883686,0.0
64,391902,8.677790526075572,5.23017471530458e-14,4.461450739740111e-14,4.597697273339717e-13,2.5436426467530207e-14,0.0,0.0,2.8679775672104746e-14,2.5403037776152934e-14,4.544331017747739e-12,1.1723035892152893,0.31308421420883686,0.0
64,392805,8.69778543512183,5.23017471530458e-14,4.461450739740111e-14,4.597697273339717e-13,2.5436426467530207e-14,0.0,0.0,2.8679775672104746e-14,2.5403037776152934e-14,4.544331017747739e-12,1.1723035892152893,0.31308421420883686,0.0
64,393708,8.717780344168087,5.23017471530458e-14,4.461450739740111e-14,4.597697273339717e-13,2.5436426467530207e-14,0.0,0.0,2.8679775672104746e-14,2.5403037776152934e-14,4.544331017747739e-12,1.1723035892152893,0.31308421420883686,0.0
64,394611,8.737775253214345,5.23017471530458e-14,4.461450739740111e-14,4.597697273339717e-13,2.5436426467530207e-14,0.0,0.0,2.8679775672104746e-14,2.5403037776152934e-14,4.544331017747739e-12,1.1723035892152893,0.31308421420883686,0.0
64,395514,8.7577701622606,5.23017471530458e-14,4.461450739740111e-14,4.597697273339717e-13,2.5436426467530207e-14,0.0,0.0,2.8679775672104746e-14,2.5403037776152934e-14,4.544331017747739e-12,1.1723035892152893,0.31308421420883686,0.0
64,396417,8.777765071306858,5.23017471530458e-14,4.461450739740111e-14,4.597697273339717e-13,2.5436426467530207e-14,0.0,0.0,2.8679775672104746e-14,2.5403037776152934e-14,4.544331017747739e-12,1.1723035892152893,0.31308421420883686,0.0
64,397320,8.797759980353115,5.23017471530458e-14,4.461450739740111e-14,4.597697273339717e-13,2.5436426467530207e-14,0.0,0.0,2.8679775672104746e-14,2.5403037776152934e-14,4.544331017747739e-12,1.1723035892152893,0.31308421420883686,0.0
64,398223,8.817754889399373,5.23017471530458e-14,4.461450739740111e-14,4.597697273339717e-13,2.5436426467530207e-14,0.0,0.0,2.8679775672104746e-14,2.5403037776152934e-14,4.544331017747739e-12,1.1723035892152893,0.31308421420883686,0.0
64,399126,8.83774979844563,5.23017471530458e-14,4.461450739740111e-14,4.597697273339717e-13,2.5436426467530207e-14,0.0,0.0,2.8679775672104746e-14,2.5403037776152934e-14,4.544331017747739e-12,1.1723035892152893,0.31308421420883686,0.0
64,400029,8.857744707491886,5.23017471530458e-14,4.461450739740111e-14,4.597697273339717e-13,2.5436426467530207e-14,0.0,0.0,2.8679775672104746e-14,2.5403037776152934e-14,4.544331017747739e-12,1.1723035892152893,0.31308421420883686,0.0
64,400932,8.877739616538143,5.23017471530458e-14,4.461450739740111e-14,4.597697273339717e-13,2.5436426467530207e-14,0.0,0.0,2.8679775672104746e-14,2.5403037776152934e-14,4.544331017747739e-12,1.1723035892152893,0.31308421420883686,0.0
64,401835,8.8977345255844,5.23017471530458e-14,4.461450739740111e-14,4.597697273339717e-13,2.5436426467530207e-14,0.0,0.0,2.8679775672104746e-14,2.5403037776152934e-14,4.544331017747739e-12,1.1723035892152893,0.31308421420883686,0.0
64,402738,8.917729434630658,5.23017471530458e-14,4.461450739740111e-14,4.597697273339717e-13,2.5436426467530207e-14,0.0,0.0,2.8679775672104746e-14,2.5403037776152934e-14,4.544331017747739e-12,1.1723035892152893,0.31308421420883686,0.0
64,403641,8.937724343676916,5.23017471530458e-14,4.461450739740111e-14,4.597697273339717e-13,2.5436426467530207e-14,0.0,0.0,2.8679775672104746e-14,2.5403037776152934e-14,4.544331017747739e-12,1.1723035892152893,0.31308421420883686,0.0
64,404544,8.957719252723171,5.23017471530458e-14,4.461450739740111e-14,4.597697273339717e-13,2.5436426467530207e-14,0.0,0.0,2.8679775672104746e-14,2.5403037776152934e-14,4.544331017747739e-12,1.1723035892152893,0.31308421420883686,0.0
64,405447,8.977714161769429,5.23017471530458e-14,4.461450739740111e-14,4.597697273339717e-13,2.5436426467530207e-14,0.0,0.0,2.8679775672104746e-14,2.5403037776152934e-14,4.544331017747739e-12,1.1723035892152893,0.31308421420883686,0.0
64,406350,8.997709070815686,5.23017471530458e-14,4.461450739740111e-14,4.597697273339717e-13,2.5436426467530207e-14,0.0,0.0,2.8679775672104746e-14,2.5403037776152934e-14,4.544331017747739e-12,1.1723035892152893,0.31308421420883686,0.0
64,407253,9.017703979861944,5.23017471530458e-14,4.461450739740111e-14,4.597697273339717e-13,2.5436426467530207e-14,0.0,0.0,2.8679775672104746e-14,2.5403037776152934e-14,4.544331017747739e-12,1.1723035892152893,0.31308421420883686,0.0
64,408156,9.0376988889082,5.23017471530458e-14,4.461450739740111e-14,4.597697273339717e-13,2.5436426467530207e-14,0.0,0.0,2.8679775672104746e-14,2.5403037776152934e-14,4.544331017747739e-12,1.1723035892152893,0.31308421420883686,0.0
64,409059,9.057693797954457,5.23017471530458e-14,4.461450739740111e-14,4.597697273339717e-13,2.5436426467530207e-14,0.0,0.0,2.8679775672104746e-14,2.5403037776152934e-14,4.544331017747739e-12,1.1723035892152893,0.31308421420883686,0.0
64,409962,9.077688707000714,5.23017471530458e-14,4.461450739740111e-14,4.597697273339717e-13,2.5436426467530207e-14,0.0,0.0,2.8679775672104746e-14,2.5403037776152934e-14,4.544331017747739e-12,1.1723035892152893,0.31308421420883686,0.0
64,410865,9.097683616046972,5.23017471530458e-14,4.461450739740111e-14,4.597697273339717e-13,2.5436426467530207e-14,0.0,0.0,2.8679775672104746e-14,2.5403037776152934e-14,4.544331017747739e-12,1.1723035892152893,0.31308421420883686,0.0
64,411768,9.117678525093229,5.23017471530458e-14,4.461450739740111e-14,4.597697273339717e-13,2.5436426467530207e-14,0.0,0.0,2.8679775672104746e-14,2.5403037776152934e-14,4.544331017747739e-12,1.1723035892152893,0.31308421420883686,0.0
64,412671,9.137673434139485,5.23017471530458e-14,4.461450739740111e-14,4.597697273339717e-13,2.5436426467530207e-14,0.0,0.0,2.8679775672104746e-14,2.5403037776152934e-14,4.544331017747739e-12,1.1723035892152893,0.31308421420883686,0.0
64,413574,9.157668343185742,5.23017471530458e-14,4.461450739740111e-14,4.597697273339717e-13,2.5436426467530207e-14,0.0,0.0,2.8679775672104746e-14,2.5403037776152934e-14,4.544331017747739e-12,1.1723035892152893,0.31308421420883686,0.0
64,414477,9.177663252232,5.23017471530458e-14,4.461450739740111e-14,4.597697273339717e-13,2.5436426467530207e-14,0.0,0.0,2.8679775672104746e-14,2.5403037776152934e-14,4.544331017747739e-12,1.1723035892152893,0.31308421420883686,0.0
64,415380,9.197658161278257,5.23017471530458e-14,4.461450739740111e-14,4.597697273339717e-13,2.5436426467530207e-14,0.0,0.0,2.8679775672104746e-14,2.5403037776152934e-14,4.544331017747739e-12,1.1723035892152893,0.31308421420883686,0.0
64,416283,9.217653070324515,5.23017471530458e-14,4.461450739740111e-14,4.597697273339717e-13,2.5436426467530207e-14,0.0,0.0,2.8679775672104746e-14,2.5403037776152934e-14,4.544331017747739e-12,1.1723035892152893,0.31308421420883686,0.0
64,417186,9.23764797937077,5.23017471530458e-14,4.461450739740111e-14,4.597697273339717e-13,2.5436426467530207e-14,0.0,0.0,2.8679775672104746e-14,2.5403037776152934e-14,4.544331017747739e-12,1.1723035892152893,0.31308421420883686,0.0
64,418089,9.257642888417028,5.23017471530458e-14,4.461450739740111e-14,4.597697273339717e-13,2.5436426467530207e-14,0.0,0.0,2.8679775672104746e-14,2.5403037776152934e-14,4.544331017747739e-12,1.1723035892152893,0.31308421420883686,0.0
64,418992,9.277637797463285,5.23017471530458e-14,4.461450739740111e-14,4.597697273339717e-13,2.5436426467530207e-14,0.0,0.0,2.8679775672104746e-14,2.5403037776152934e-14,4.544331017747739e-12,1.1723035892152893,0.31308421420883686,0.0
64,419895,9.297632706509543,5.23017471530458e-14,4.461450739740111e-14,4.597697273339717e-13,2.5436426467530207e-14,0.0,0.0,2.8679775672104746e-14,2.5403037776152934e-14,4.544331017747739e-12,1.1723035892152893,0.31308421420883686,0.0
64,420798,9.3176276155558,5.23017471530458e-14,4.461450739740111e-14,4.597697273339717e-13,2.5436426467530207e-14,0.0,0.0,2.8679775672104746e-14,2.5403037776152934e-14,4.544331017747739e-12,1.1723035892152893,0.31308421420883686,0.0
64,421701,9.337622524602056,5.23017471530458e-14,4.461450739740111e-14,4.597697273339717e-13,2.5436426467530207e-14,0.0,0.0,2.8679775672104746e-14,2.5403037776152934e-14,4.544331017747739e-12,1.1723035892152893,0.31308421420883686,0.0
64,422604,9.357617433648313,5.23017471530458e-14,4.461450739740111e-14,4.597697273339717e-13,2.5436426467530207e-14,0.0,0.0,2.8679775672104746e-14,2.5403037776152934e-14,4.544331017747739e-12,1.1723035892152893,0.31308421420883686,0.0
64,423507,9.37761234269457,5.23017471530458e-14,4.461450739740111e-14,4.597697273339717e-13,2.5436426467530207e-14,0.0,0.0,2.8679775672104746e-14,2.5403037776152934e-14,4.544331017747739e-12,1.1723035892152893,0.31308421420883686,0.0
64,424410,9.397607251740828,5.23017471530458e-14,4.461450739740111e-14,4.597697273339717e-13,2.5436426467530207e-14,0.0,0.0,2.8679775672104746e-14,2.5403037776152934e-14,4.544331017747739e-12,1.1723035892152893,0.31308421420883686,0.0
64,425313,9.417602160787085,5.23017471530458e-14,4.461450739740111e-14,4.597697273339717e-13,2.5436426467530207e-14,0.0,0.0,2.8679775672104746e-14,2.5403037776152934e-14,4.544331017747739e-12,1.1723035892152893,0.31308421420883686,0.0
64,426216,9.437597069833341,5.23017471530458e-14,4.461450739740111e-14,4.597697273339717e-13,2.5436426467530207e-14,0.0,0.0,2.8679775672104746e-14,2.5403037776152934e-14,4.544331017747739e-12,1.1723035892152893,0.31308421420883686,0.0
64,427119,9.457591978879599,5.23017471530458e-14,4.461450739740111e-14,4.597697273339717e-13,2.5436426467530207e-14,0.0,0.0,2.8679775672104746e-14,2.5403037776152934e-14,4.544331017747739e-12,1.1723035892152893,0.31308421420883686,0.0
64,428022,9.477586887925856,5.23017471530458e-14,4.461450739740111e-14,4.597697273339717e-13,2.5436426467530207e-14,0.0,0.0,2.8679775672104746e-14,2.5403037776152934e-14,4.544331017747739e-12,1.1723035892152893,0.31308421420883686,0.0
64,428925,9.497581796972113,5.23017471530458e-14,4.461450739740111e-14,4.597697273339717e-13,2.5436426467530207e-14,0.0,0.0,2.8679775672104746e-14,2.5403037776152934e-14,4.544331017747739e-12,1.1723035892152893,0.31308421420883686,0.0
64,429828,9.517576706018371,5.23017471530458e-14,4.461450739740111e-14,4.597697273339717e-13,2.5436426467530207e-14,0.0,0.0,2.8679775672104746e-14,2.5403037776152934e-14,4.544331017747739e-12,1.1723035892152893,0.31308421420883686,0.0
64,430731,9.537571615064627,5.23017471530458e-14,4.461450739740111e-14,4.597697273339717e-13,2.5436426467530207e-14,0.0,0.0,2.8679775672104746e-14,2.5403037776152934e-14,4.544331017747739e-12,1.1723035892152893,0.31308421420883686,0.0
64,431634,9.557566524110884,5.23017471530458e-14,4.461450739740111e-14,4.597697273339717e-13,2.5436426467530207e-14,0.0,0.0,2.8679775672104746e-14,2.5403037776152934e-14,4.544331017747739e-12,1.1723035892152893,0.31308421420883686,0.0
64,432537,9.577561433157141,5.23017471530458e-14,4.461450739740111e-14,4.597697273339717e-13,2.5436426467530207e-14,0.0,0.0,2.8679775672104746e-14,2.5403037776152934e-14,4.544331017747739e-12,1.1723035892152893,0.31308421420883686,0.0
64,433440,9.597556342203399,5.23017471530458e-14,4.461450739740111e-14,4.597697273339717e-13,2.5436426467530207e-14,0.0,0.0,2.8679775672104746e-14,2.5403037776152934e-14,4.544331017747739e-12,1.1723035892152893,0.31308421420883686,0.0
64,434343,9.617551251249655,5.23017471530458e-14,4.461450739740111e-14,4.597697273339717e-13,2.5436426467530207e-14,0.0,0.0,2.8679775672104746e-14,2.5403037776152934e-14,4.544331017747739e-12,1.1723035892152893,0.31308421420883686,0.0
64,435246,9.637546160295912,5.23017471530458e-14,4.461450739740111e-14,4.597697273339717e-13,2.5436426467530207e-14,0.0,0.0,2.8679775672104746e-14,2.5403037776152934e-14,4.544331017747739e-12,1.1723035892152893,0.31308421420883686,0.0
64,436149,9.65754106934217,5.23017471530458e-14,4.461450739740111e-14,4.597697273339717e-13,2.5436426467530207e-14,0.0,0.0,2.8679775672104746e-14,2.5403037776152934e-14,4.544331017747739e-12,1.1723035892152893,0.31308421420883686,0.0
64,437052,9.677535978388427,5.23017471530458e-14,4.461450739740111e-14,4.597697273339717e-13,2.5436426467530207e-14,0.0,0.0,2.8679775672104746e-14,2.5403037776152934e-14,4.544331017747739e-12,1.1723035892152893,0.31308421420883686,0.0
64,437955,9.697530887434684,5.23017471530458e-14,4.461450739740111e-14,4.597697273339717e-13,2.5436426467530207e-14,0.0,0.0,2.8679775672104746e-14,2.5403037776152934e-14,4.544331017747739e-12,1.1723035892152893,0.31308421420883686,0.0
64,438858,9.71752579648094,5.23017471530458e-14,4.461450739740111e-14,4.597697273339717e-13,2.5436426467530207e-14,0.0,0.0,2.8679775672104746e-14,2.5403037776152934e-14,4.544331017747739e-12,1.1723035892152893,0.31308421420883686,0.0
64,439761,9.737520705527198,5.23017471530458e-14,4.461450739740111e-14,4.597697273339717e-13,2.5436426467530207e-14,0.0,0.0,2.8679775672104746e-14,2.5403037776152934e-14,4.544331017747739e-12,1.1723035892152893,0.31308421420883686,0.0
64,440664,9.757515614573455,5.23017471530458e-14,4.461450739740111e-14,4.597697273339717e-13,2.5436426467530207e-14,0.0,0.0,2.8679775672104746e-14,2.5403037776152934e-14,4.544331017747739e-12,1.1723035892152893,0.31308421420883686,0.0
64,441567,9.777510523619712,5.23017471530458e-14,4.461450739740111e-14,4.597697273339717e-13,2.5436426467530207e-14,0.0,0.0,2.8679775672104746e-14,2.5403037776152934e-14,4.544331017747739e-12,1.1723035892152893,0.31308421420883686,0.0
64,442470,9.79750543266597,5.23017471530458e-14,4.461450739740111e-14,4.597697273339717e-13,2.5436426467530207e-14,0.0,0.0,2.8679775672104746e-14,2.5403037776152934e-14,4.544331017747739e-12,1.1723035892152893,0.31308421420883686,0.0
64,443373,9.817500341712226,5.23017471530458e-14,4.461450739740111e-14,4.597697273339717e-13,2.5436426467530207e-14,0.0,0.0,2.8679775672104746e-14,2.5403037776152934e-14,4.544331017747739e-12,1.1723035892152893,0.31308421420883686,0.0
64,444276,9.837495250758483,5.23017471530458e-14,4.461450739740111e-14,4.597697273339717e-13,2.5436426467530207e-14,0.0,0.0,2.8679775672104746e-14,2.5403037776152934e-14,4.544331017747739e-12,1.1723035892152893,0.31308421420883686,0.0
64,445179,9.85749015980474,5.23017471530458e-14,4.461450739740111e-14,4.597697273339717e-13,2.5436426467530207e-14,0.0,0.0,2.8679775672104746e-14,2.5403037776152934e-14,4.544331017747739e-12,1.1723035892152893,0.31308421420883686,0.0
64,446082,9.877485068850998,5.23017471530458e-14,4.461450739740111e-14,4.597697273339717e-13,2.5436426467530207e-14,0.0,0.0,2.8679775672104746e-14,2.5403037776152934e-14,4.544331017747739e-12,1.1723035892152893,0.31308421420883686,0.0
64,446985,9.897479977897255,5.23017471530458e-14,4.461450739740111e-14,4.597697273339717e-13,2.5436426467530207e-14,0.0,0.0,2.8679775672104746e-14,2.5403037776152934e-14,4.544331017747739e-12,1.1723035892152893,0.31308421420883686,0.0
64,447888,9.917474886943511,5.23017471530458e-14,4.461450739740111e-14,4.597697273339717e-13,2.5436426467530207e-14,0.0,0.0,2.8679775672104746e-14,2.5403037776152934e-14,4.544331017747739e-12,1.1723035892152893,0.31308421420883686,0.0
64,448791,9.937469795989768,5.23017471530458e-14,4.461450739740111e-14,4.597697273339717e-13,2.5436426467530207e-14,0.0,0.0,2.8679775672104746e-14,2.5403037776152934e-14,4.544331017747739e-12,1.1723035892152893,0.31308421420883686,0.0
64,449694,9.957464705036026,5.23017471530458e-14,4.461450739740111e-14,4.597697273339717e-13,2.5436426467530207e-14,0.0,0.0,2.8679775672104746e-14,2.5403037776152934e-14,4.544331017747739e-12,1.1723035892152893,0.31308421420883686,0.0
64,450597,9.977459614082283,5.23017471530458e-14,4.461450739740111e-14,4.597697273339717e-13,2.5436426467530207e-14,0.0,0.0,2.8679775672104746e-14,2.5403037776152934e-14,4.544331017747739e-12,1.1723035892152893,0.31308421420883686,0.0
64,451500,9.99745452312854,5.23017471530458e-14,4.461450739740111e-14,4.597697273339717e-13,2.5436426467530207e-14,0.0,0.0,2.8679775672104746e-14,2.5403037776152934e-14,4.544331017747739e-12,1.1723035892152893,0.31308421420883686,0.0
64,451615,10.0,5.23017471530458e-14,4.461450739740111e-14,4.597697273339717e-13,2.5436426467530207e-14,0.0,0.0,2.8679775672104746e-14,2.5403037776152934e-14,4.544331017747739e-12,1.1723035892152893,0.31308421420883686,0.0
