width,step,time,D_euc,e_euc,D_H,e_H,U_gap,e_U,D_pred,e_pred,grad_norm,theta_norm,max_abs_theta,nan_or_inf
256,0,0.0,1.1663955280536789,1.0,35.30004922789646,1.0,623.0467377459568,1.0,1.1029458653834114,1.0,1241.3827291044352,0.0,0.0,0.0
256,904,0.019981138720224105,0.0009738684373507446,0.0008349384183389343,0.01670815391357334,0.00047331814768035614,0.00013958120359802706,2.240300689206728e-07,0.0005218636612537639,0.00047315437469122845,0.28768783982406354,1.1660431584301836,0.20879078350360145,0.0
256,1808,0.03996227744044821,3.210224378508138e-06,2.7522605336672724e-06,5.3566404097470765e-05,1.5174597562639943e-06,1.4346142052090727e-09,2.302578792722974e-12,1.6730480656122959e-06,1.5168904640942669e-06,0.0008951331363574758,1.1663947149376404,0.20878955891335615,0.0
256,2712,0.059943416160672315,1.2908316164402491e-08,1.1066842982450492e-08,2.1331920664061574e-07,6.0430285879611934e-09,0.0,0.0,6.662562773355901e-09,6.040697900472049e-09,3.526828501014277e-06,1.1663955255760652,0.2087895343717286,0.0
256,3616,0.07992455488089642,5.5201794135719564e-11,4.732682251262808e-11,9.096198249865867e-10,2.5768231061495074e-11,0.0,0.0,2.8409912005874484e-11,2.575821071326877e-11,1.4990975387882377e-08,1.1663955280448435,0.20878953436327297,0.0
256,4520,0.09990569360112053,2.41047631261218e-13,2.066602841520194e-13,3.96790631337473e-12,1.1240512124382608e-13,-1.1368683772161603e-13,-1.824691966655816e-16,1.2392841196649443e-13,1.1236128250357404e-13,6.536322774610571e-11,1.166395528053644,0.2087895343635295,0.0
256,5424,0.11988683232134463,1.078042276723133e-14,9.242510373149512e-15,1.9373992030301756e-13,5.488375357559313e-15,-1.1368683772161603e-13,-1.824691966655816e-16,6.0515599958447194e-15,5.486724403958889e-15,4.028776903319564e-12,1.166395528053677,0.20878953436353084,0.0
256,6328,0.13986797104156873,1.078042276723133e-14,9.242510373149512e-15,1.9373992030301756e-13,5.488375357559313e-15,-1.1368683772161603e-13,-1.824691966655816e-16,6.0515599958447194e-15,5.486724403958889e-15,4.028776903319564e-12,1.166395528053677,0.20878953436353084,0.0
256,7232,0.15984910976179284,1.078042276723133e-14,9.242510373149512e-15,1.9373992030301756e-13,5.488375357559313e-15,-1.1368683772161603e-13,-1.824691966655816e-16,6.0515599958447194e-15,5.486724403958889e-15,4.028776903319564e-12,1.166395528053677,0.20878953436353084,0.0
256,8136,0.17983024848201695,1.078042276723133e-14,9.242510373149512e-15,1.9373992030301756e-13,5.488375357559313e-15,-1.1368683772161603e-13,-1.824691966655816e-16,6.0515599958447194e-15,5.486724403958889e-15,4.028776903319564e-12,1.166395528053677,0.20878953436353084,0.0
256,9040,0.19981138720224106,1.078042276723133e-14,9.242510373149512e-15,1.9373992030301756e-13,5.488375357559313e-15,-1.1368683772161603e-13,-1.824691966655816e-16,6.0515599958447194e-15,5.486724403958889e-15,4.028776903319564e-12,1.166395528053677,0.20878953436353084,0.0
256,9944,0.21979252592246515,1.078042276723133e-14,9.242510373149512e-15,1.9373992030301756e-13,5.488375357559313e-15,-1.1368683772161603e-13,-1.824691966655816e-16,6.0515599958447194e-15,5.486724403958889e-15,4.028776903319564e-12,1.166395528053677,0.20878953436353084,0.0
256,10848,0.23977366464268926,1.078042276723133e-14,9.242510373149512e-15,1.9373992030301756e-13,5.488375357559313e-15,-1.1368683772161603e-13,-1.824691966655816e-16,6.0515599958447194e-15,5.486724403958889e-15,4.028776903319564e-12,1.166395528053677,0.20878953436353084,0.0
256,11752,0.25975480336291334,1.078042276723133e-14,9.242510373149512e-15,1.9373992030301756e-13,5.488375357559313e-15,-1.1368683772161603e-13,-1.824691966655816e-16,6.0515599958447194e-15,5.486724403958889e-15,4.028776903319564e-12,1.166395528053677,0.20878953436353084,0.0
256,12656,0.27973594208313746,1.078042276723133e-14,9.242510373149512e-15,1.9373992030301756e-13,5.488375357559313e-15,-1.1368683772161603e-13,-1.824691966655816e-16,6.0515599958447194e-15,5.486724403958889e-15,4.028776903319564e-12,1.166395528053677,0.20878953436353084,0.0
256,13560,0.29971708080336157,1.078042276723133e-14,9.242510373149512e-15,1.9373992030301756e-13,5.488375357559313e-15,-1.1368683772161603e-13,-1.824691966655816e-16,6.0515599958447194e-15,5.486724403958889e-15,4.028776903319564e-12,1.166395528053677,0.20878953436353084,0.0
256,14464,0.3196982195235857,1.078042276723133e-14,9.242510373149512e-15,1.9373992030301756e-13,5.488375357559313e-15,-1.1368683772161603e-13,-1.824691966655816e-16,6.0515599958447194e-15,5.486724403958889e-15,4.028776903319564e-12,1.166395528053677,0.20878953436353084,0.0
256,15368,0.3396793582438098,1.078042276723133e-14,9.242510373149512e-15,1.9373992030301756e-13,5.488375357559313e-15,-1.1368683772161603e-13,-1.824691966655816e-16,6.0515599958447194e-15,5.486724403958889e-15,4.028776903319564e-12,1.166395528053677,0.20878953436353084,0.0
256,16272,0.3596604969640339,1.078042276723133e-14,9.242510373149512e-15,1.9373992030301756e-13,5.488375357559313e-15,-1.1368683772161603e-13,-1.824691966655816e-16,6.0515599958447194e-15,5.486724403958889e-15,4.028776903319564e-12,1.166395528053677,0.20878953436353084,0.0
256,17176,0.379641635684258,1.078042276723133e-14,9.242510373149512e-15,1.9373992030301756e-13,5.488375357559313e-15,-1.1368683772161603e-13,-1.824691966655816e-16,6.0515599958447194e-15,5.486724403958889e-15,4.028776903319564e-12,1.166395528053677,0.20878953436353084,0.0
256,18080,0.39962277440448213,1.078042276723133e-14,9.242510373149512e-15,1.9373992030301756e-13,5.488375357559313e-15,-1.1368683772161603e-13,-1.824691966655816e-16,6.0515599958447194e-15,5.486724403958889e-15,4.028776903319564e-12,1.166395528053677,0.20878953436353084,0.0
256,18984,0.4196039131247062,1.078042276723133e-14,9.242510373149512e-15,1.9373992030301756e-13,5.488375357559313e-15,-1.1368683772161603e-13,-1.824691966655816e-16,6.0515599958447194e-15,5.486724403958889e-15,4.028776903319564e-12,1.166395528053677,0.20878953436353084,0.0
256,19888,0.4395850518449303,1.078042276723133e-14,9.242510373149512e-15,1.9373992030301756e-13,5.488375357559313e-15,-1.1368683772161603e-13,-1.824691966655816e-16,6.0515599958447194e-15,5.486724403958889e-15,4.028776903319564e-12,1.166395528053677,0.20878953436353084,0.0
256,20792,0.4595661905651544,1.078042276723133e-14,9.242510373149512e-15,1.9373992030301756e-13,5.488375357559313e-15,-1.1368683772161603e-13,-1.824691966655816e-16,6.0515599958447194e-15,5.486724403958889e-15,4.028776903319564e-12,1.166395528053677,0.20878953436353084,0.0
256,21696,0.4795473292853785,1.078042276723133e-14,9.242510373149512e-15,1.9373992030301756e-13,5.488375357559313e-15,-1.1368683772161603e-13,-1.824691966655816e-16,6.0515599958447194e-15,5.486724403958889e-15,4.028776903319564e-12,1.166395528053677,0.20878953436353084,0.0
256,22600,0.49952846800560263,1.078042276723133e-14,9.242510373149512e-15,1.9373992030301756e-13,5.488375357559313e-15,-1.1368683772161603e-13,-1.824691966655816e-16,6.0515599958447194e-15,5.486724403958889e-15,4.028776903319564e-12,1.166395528053677,0.20878953436353084,0.0
256,23504,0.5195096067258267,1.078042276723133e-14,9.242510373149512e-15,1.9373992030301756e-13,5.488375357559313e-15,-1.1368683772161603e-13,-1.824691966655816e-16,6.0515599958447194e-15,5.486724403958889e-15,4.028776903319564e-12,1.166395528053677,0.20878953436353084,0.0
256,24408,0.5394907454460508,1.078042276723133e-14,9.242510373149512e-15,1.9373992030301756e-13,5.488375357559313e-15,-1.1368683772161603e-13,-1.824691966655816e-16,6.0515599958447194e-15,5.486724403958889e-15,4.028776903319564e-12,1.166395528053677,0.20878953436353084,0.0
256,25312,0.5594718841662749,1.078042276723133e-14,9.242510373149512e-15,1.9373992030301756e-13,5.488375357559313e-15,-1.1368683772161603e-13,-1.824691966655816e-16,6.0515599958447194e-15,5.486724403958889e-15,4.028776903319564e-12,1.166395528053677,0.20878953436353084,0.0
256,26216,0.579453022886499,1.078042276723133e-14,9.242510373149512e-15,1.9373992030301756e-13,5.488375357559313e-15,-1.1368683772161603e-13,-1.824691966655816e-16,6.0515599958447194e-15,5.486724403958889e-15,4.028776903319564e-12,1.166395528053677,0.20878953436353084,0.0
256,27120,0.5994341616067231,1.078042276723133e-14,9.242510373149512e-15,1.9373992030301756e-13,5.488375357559313e-15,-1.1368683772161603e-13,-1.824691966655816e-16,6.0515599958447194e-15,5.486724403958889e-15,4.028776903319564e-12,1.166395528053677,0.20878953436353084,0.0
256,28024,0.6194153003269472,1.078042276723133e-14,9.242510373149512e-15,1.9373992030301756e-13,5.488375357559313e-15,-1.1368683772161603e-13,-1.824691966655816e-16,6.0515599958447194e-15,5.486724403958889e-15,4.028776903319564e-12,1.166395528053677,0.20878953436353084,0.0
256,28928,0.6393964390471714,1.078042276723133e-14,9.242510373149512e-15,1.9373992030301756e-13,5.488375357559313e-15,-1.1368683772161603e-13,-1.824691966655816e-16,6.0515599958447194e-15,5.486724403958889e-15,4.028776903319564e-12,1.166395528053677,0.20878953436353084,0.0
256,29832,0.6593775777673955,1.078042276723133e-14,9.242510373149512e-15,1.9373992030301756e-13,5.488375357559313e-15,-1.1368683772161603e-13,-1.824691966655816e-16,6.0515599958447194e-15,5.486724403958889e-15,4.028776903319564e-12,1.166395528053677,0.20878953436353084,0.0
256,30736,0.6793587164876196,1.078042276723133e-14,9.242510373149512e-15,1.9373992030301756e-13,5.488375357559313e-15,-1.1368683772161603e-13,-1.824691966655816e-16,6.0515599958447194e-15,5.486724403958889e-15,4.028776903319564e-12,1.166395528053677,0.20878953436353084,0.0
256,31640,0.6993398552078437,1.078042276723133e-14,9.242510373149512e-15,1.9373992030301756e-13,5.488375357559313e-15,-1.1368683772161603e-13,-1.824691966655816e-16,6.0515599958447194e-15,5.486724403958889e-15,4.028776903319564e-12,1.166395528053677,0.20878953436353084,0.0
256,32544,0.7193209939280678,1.078042276723133e-14,9.242510373149512e-15,1.9373992030301756e-13,5.488375357559313e-15,-1.1368683772161603e-13,-1.824691966655816e-16,6.0515599958447194e-15,5.486724403958889e-15,4.028776903319564e-12,1.166395528053677,0.20878953436353084,0.0
256,33448,0.7393021326482919,1.078042276723133e-14,9.242510373149512e-15,1.9373992030301756e-13,5.488375357559313e-15,-1.1368683772161603e-13,-1.824691966655816e-16,6.0515599958447194e-15,5.486724403958889e-15,4.028776903319564e-12,1.166395528053677,0.20878953436353084,0.0
256,34352,0.759283271368516,1.078042276723133e-14,9.242510373149512e-15,1.9373992030301756e-13,5.488375357559313e-15,-1.1368683772161603e-13,-1.824691966655816e-16,6.0515599958447194e-15,5.486724403958889e-15,4.028776903319564e-12,1.166395528053677,0.20878953436353084,0.0
256,35256,0.7792644100887401,1.078042276723133e-14,9.242510373149512e-15,1.9373992030301756e-13,5.488375357559313e-15,-1.1368683772161603e-13,-1.824691966655816e-16,6.0515599958447194e-15,5.486724403958889e-15,4.028776903319564e-12,1.166395528053677,0.20878953436353084,0.0
256,36160,0.7992455488089643,1.078042276723133e-14,9.242510373149512e-15,1.9373992030301756e-13,5.488375357559313e-15,-1.1368683772161603e-13,-1.824691966655816e-16,6.0515599958447194e-15,5.486724403958889e-15,4.028776903319564e-12,1.166395528053677,0.20878953436353084,0.0
256,37064,0.8192266875291883,1.078042276723133e-14,9.242510373149512e-15,1.9373992030301756e-13,5.488375357559313e-15,-1.1368683772161603e-13,-1.824691966655816e-16,6.0515599958447194e-15,5.486724403958889e-15,4.028776903319564e-12,1.166395528053677,0.20878953436353084,0.0
256,37968,0.8392078262494124,1.078042276723133e-14,9.242510373149512e-15,1.9373992030301756e-13,5.488375357559313e-15,-1.1368683772161603e-13,-1.824691966655816e-16,6.0515599958447194e-15,5.486724403958889e-15,4.028776903319564e-12,1.166395528053677,0.20878953436353084,0.0
256,38872,0.8591889649696365,1.078042276723133e-14,9.242510373149512e-15,1.9373992030301756e-13,5.488375357559313e-15,-1.1368683772161603e-13,-1.824691966655816e-16,6.0515599958447194e-15,5.486724403958889e-15,4.028776903319564e-12,1.166395528053677,0.20878953436353084,0.0
256,39776,0.8791701036898606,1.078042276723133e-14,9.242510373149512e-15,1.9373992030301756e-13,5.488375357559313e-15,-1.1368683772161603e-13,-1.824691966655816e-16,6.0515599958447194e-15,5.486724403958889e-15,4.028776903319564e-12,1.166395528053677,0.20878953436353084,0.0
256,40680,0.8991512424100847,1.078042276723133e-14,9.242510373149512e-15,1.9373992030301756e-13,5.488375357559313e-15,-1.1368683772161603e-13,-1.824691966655816e-16,6.0515599958447194e-15,5.486724403958889e-15,4.028776903319564e-12,1.166395528053677,0.20878953436353084,0.0
256,41584,0.9191323811303088,1.078042276723133e-14,9.242510373149512e-15,1.9373992030301756e-13,5.488375357559313e-15,-1.1368683772161603e-13,-1.824691966655816e-16,6.0515599958447194e-15,5.486724403958889e-15,4.028776903319564e-12,1.166395528053677,0.20878953436353084,0.0
256,42488,0.9391135198505329,1.078042276723133e-14,9.242510373149512e-15,1.9373992030301756e-13,5.488375357559313e-15,-1.1368683772161603e-13,-1.824691966655816e-16,6.0515599958447194e-15,5.486724403958889e-15,4.028776903319564e-12,1.166395528053677,0.20878953436353084,0.0
256,43392,0.959094658570757,1.078042276723133e-14,9.242510373149512e-15,1.9373992030301756e-13,5.488375357559313e-15,-1.1368683772161603e-13,-1.824691966655816e-16,6.0515599958447194e-15,5.486724403958889e-15,4.028776903319564e-12,1.166395528053677,0.20878953436353084,0.0
256,44296,0.9790757972909812,1.078042276723133e-14,9.242510373149512e-15,1.9373992030301756e-13,5.488375357559313e-15,-1.1368683772161603e-13,-1.824691966655816e-16,6.0515599958447194e-15,5.486724403958889e-15,4.028776903319564e-12,1.166395528053677,0.20878953436353084,0.0
256,45200,0.9990569360112053,1.078042276723133e-14,9.242510373149512e-15,1.9373992030301756e-13,5.488375357559313e-15,-1.1368683772161603e-13,-1.824691966655816e-16,6.0515599958447194e-15,5.486724403958889e-15,4.028776903319564e-12,1.166395528053677,0.20878953436353084,0.0
256,46104,1.0190380747314294,1.078042276723133e-14,9.242510373149512e-15,1.9373992030301756e-13,5.488375357559313e-15,-1.1368683772161603e-13,-1.824691966655816e-16,6.0515599958447194e-15,5.486724403958889e-15,4.028776903319564e-12,1.166395528053677,0.20878953436353084,0.0
256,47008,1.0390192134516534,1.078042276723133e-14,9.242510373149512e-15,1.9373992030301756e-13,5.488375357559313e-15,-1.1368683772161603e-13,-1.824691966655816e-16,6.0515599958447194e-15,5.486724403958889e-15,4.028776903319564e-12,1.166395528053677,0.20878953436353084,0.0
256,47912,1.0590003521718776,1.078042276723133e-14,9.242510373149512e-15,1.9373992030301756e-13,5.488375357559313e-15,-1.1368683772161603e-13,-1.824691966655816e-16,6.0515599958447194e-15,5.486724403958889e-15,4.028776903319564e-12,1.166395528053677,0.20878953436353084,0.0
256,48816,1.0789814908921016,1.078042276723133e-14,9.242510373149512e-15,1.9373992030301756e-13,5.488375357559313e-15,-1.1368683772161603e-13,-1.824691966655816e-16,6.0515599958447194e-15,5.486724403958889e-15,4.028776903319564e-12,1.166395528053677,0.20878953436353084,0.0
256,49720,1.0989626296123258,1.078042276723133e-14,9.242510373149512e-15,1.9373992030301756e-13,5.488375357559313e-15,-1.1368683772161603e-13,-1.824691966655816e-16,6.0515599958447194e-15,5.486724403958889e-15,4.028776903319564e-12,1.166395528053677,0.20878953436353084,0.0
256,50624,1.1189437683325498,1.078042276723133e-14,9.242510373149512e-15,1.9373992030301756e-13,5.488375357559313e-15,-1.1368683772161603e-13,-1.824691966655816e-16,6.0515599958447194e-15,5.486724403958889e-15,4.028776903319564e-12,1.166395528053677,0.20878953436353084,0.0
256,51528,1.138924907052774,1.078042276723133e-14,9.242510373149512e-15,1.9373992030301756e-13,5.488375357559313e-15,-1.1368683772161603e-13,-1.824691966655816e-16,6.0515599958447194e-15,5.486724403958889e-15,4.028776903319564e-12,1.166395528053677,0.20878953436353084,0.0
256,52432,1.158906045772998,1.078042276723133e-14,9.242510373149512e-15,1.9373992030301756e-13,5.488375357559313e-15,-1.1368683772161603e-13,-1.824691966655816e-16,6.0515599958447194e-15,5.486724403958889e-15,4.028776903319564e-12,1.166395528053677,0.20878953436353084,0.0
256,53336,1.1788871844932223,1.078042276723133e-14,9.242510373149512e-15,1.9373992030301756e-13,5.488375357559313e-15,-1.1368683772161603e-13,-1.824691966655816e-16,6.0515599958447194e-15,5.486724403958889e-15,4.028776903319564e-12,1.166395528053677,0.20878953436353084,0.0
256,54240,1.1988683232134463,1.078042276723133e-14,9.242510373149512e-15,1.9373992030301756e-13,5.488375357559313e-15,-1.1368683772161603e-13,-1.824691966655816e-16,6.0515599958447194e-15,5.486724403958889e-15,4.028776903319564e-12,1.166395528053677,0.20878953436353084,0.0
256,55144,1.2188494619336705,1.078042276723133e-14,9.242510373149512e-15,1.9373992030301756e-13,5.488375357559313e-15,-1.1368683772161603e-13,-1.824691966655816e-16,6.0515599958447194e-15,5.486724403958889e-15,4.028776903319564e-12,1.166395528053677,0.20878953436353084,0.0
256,56048,1.2388306006538945,1.078042276723133e-14,9.242510373149512e-15,1.9373992030301756e-13,5.488375357559313e-15,-1.1368683772161603e-13,-1.824691966655816e-16,6.0515599958447194e-15,5.486724403958889e-15,4.028776903319564e-12,1.166395528053677,0.20878953436353084,0.0
256,56952,1.2588117393741187,1.078042276723133e-14,9.242510373149512e-15,1.9373992030301756e-13,5.488375357559313e-15,-1.1368683772161603e-13,-1.824691966655816e-16,6.0515599958447194e-15,5.486724403958889e-15,4.028776903319564e-12,1.166395528053677,0.20878953436353084,0.0
256,57856,1.2787928780943427,1.078042276723133e-14,9.242510373149512e-15,1.9373992030301756e-13,5.488375357559313e-15,-1.1368683772161603e-13,-1.824691966655816e-16,6.0515599958447194e-15,5.486724403958889e-15,4.028776903319564e-12,1.166395528053677,0.20878953436353084,0.0
256,58760,1.298774016814567,1.078042276723133e-14,9.242510373149512e-15,1.9373992030301756e-13,5.488375357559313e-15,-1.1368683772161603e-13,-1.824691966655816e-16,6.0515599958447194e-15,5.486724403958889e-15,4.028776903319564e-12,1.166395528053677,0.20878953436353084,0.0
256,59664,1.318755155534791,1.078042276723133e-14,9.242510373149512e-15,1.9373992030301756e-13,5.488375357559313e-15,-1.1368683772161603e-13,-1.824691966655816e-16,6.0515599958447194e-15,5.486724403958889e-15,4.028776903319564e-12,1.166395528053677,0.20878953436353084,0.0
256,60568,1.338736294255015,1.078042276723133e-14,9.242510373149512e-15,1.9373992030301756e-13,5.488375357559313e-15,-1.1368683772161603e-13,-1.824691966655816e-16,6.0515599958447194e-15,5.486724403958889e-15,4.028776903319564e-12,1.166395528053677,0.20878953436353084,0.0
256,61472,1.3587174329752392,1.078042276723133e-14,9.242510373149512e-15,1.9373992030301756e-13,5.488375357559313e-15,-1.1368683772161603e-13,-1.824691966655816e-16,6.0515599958447194e-15,5.486724403958889e-15,4.028776903319564e-12,1.166395528053677,0.20878953436353084,0.0
256,62376,1.3786985716954632,1.078042276723133e-14,9.242510373149512e-15,1.9373992030301756e-13,5.488375357559313e-15,-1.1368683772161603e-13,-1.824691966655816e-16,6.0515599958447194e-15,5.486724403958889e-15,4.028776903319564e-12,1.166395528053677,0.20878953436353084,0.0
256,63280,1.3986797104156874,1.078042276723133e-14,9.242510373149512e-15,1.9373992030301756e-13,5.488375357559313e-15,-1.1368683772161603e-13,-1.824691966655816e-16,6.0515599958447194e-15,5.486724403958889e-15,4.028776903319564e-12,1.166395528053677,0.20878953436353084,0.0
256,64184,1.4186608491359114,1.078042276723133e-14,9.242510373149512e-15,1.9373992030301756e-13,5.488375357559313e-15,-1.1368683772161603e-13,-1.824691966655816e-16,6.0515599958447194e-15,5.486724403958889e-15,4.028776903319564e-12,1.166395528053677,0.20878953436353084,0.0
256,65088,1.4386419878561356,1.078042276723133e-14,9.242510373149512e-15,1.9373992030301756e-13,5.488375357559313e-15,-1.1368683772161603e-13,-1.824691966655816e-16,6.0515599958447194e-15,5.486724403958889e-15,4.028776903319564e-12,1.166395528053677,0.20878953436353084,0.0
256,65992,1.4586231265763596,1.078042276723133e-14,9.242510373149512e-15,1.9373992030301756e-13,5.488375357559313e-15,-1.1368683772161603e-13,-1.824691966655816e-16,6.0515599958447194e-15,5.486724403958889e-15,4.028776903319564e-12,1.166395528053677,0.20878953436353084,0.0
256,66896,1.4786042652965838,1.078042276723133e-14,9.242510373149512e-15,1.9373992030301756e-13,5.488375357559313e-15,-1.1368683772161603e-13,-1.824691966655816e-16,6.0515599958447194e-15,5.486724403958889e-15,4.028776903319564e-12,1.166395528053677,0.20878953436353084,0.0
256,67800,1.4985854040168078,1.078042276723133e-14,9.242510373149512e-15,1.9373992030301756e-13,5.488375357559313e-15,-1.1368683772161603e-13,-1.824691966655816e-16,6.0515599958447194e-15,5.486724403958889e-15,4.028776903319564e-12,1.166395528053677,0.20878953436353084,0.0
256,68704,1.518566542737032,1.078042276723133e-14,9.242510373149512e-15,1.9373992030301756e-13,5.488375357559313e-15,-1.1368683772161603e-13,-1.824691966655816e-16,6.0515599958447194e-15,5.486724403958889e-15,4.028776903319564e-12,1.166395528053677,0.20878953436353084,0.0
256,69608,1.538547681457256,1.078042276723133e-14,9.242510373149512e-15,1.9373992030301756e-13,5.488375357559313e-15,-1.1368683772161603e-13,-1.824691966655816e-16,6.0515599958447194e-15,5.486724403958889e-15,4.028776903319564e-12,1.166395528053677,0.20878953436353084,0.0
256,70512,1.5585288201774803,1.078042276723133e-14,9.242510373149512e-15,1.9373992030301756e-13,5.488375357559313e-15,-1.1368683772161603e-13,-1.824691966655816e-16,6.0515599958447194e-15,5.486724403958889e-15,4.028776903319564e-12,1.166395528053677,0.20878953436353084,0.0
256,71416,1.5785099588977043,1.078042276723133e-14,9.242510373149512e-15,1.9373992030301756e-13,5.488375357559313e-15,-1.1368683772161603e-13,-1.824691966655816e-16,6.0515599958447194e-15,5.486724403958889e-15,4.028776903319564e-12,1.166395528053677,0.20878953436353084,0.0
256,72320,1.5984910976179285,1.078042276723133e-14,9.242510373149512e-15,1.9373992030301756e-13,5.488375357559313e-15,-1.1368683772161603e-13,-1.824691966655816e-16,6.0515599958447194e-15,5.486724403958889e-15,4.028776903319564e-12,1.166395528053677,0.20878953436353084,0.0
256,73224,1.6184722363381525,1.078042276723133e-14,9.242510373149512e-15,1.9373992030301756e-13,5.488375357559313e-15,-1.1368683772161603e-13,-1.824691966655816e-16,6.0515599958447194e-15,5.486724403958889e-15,4.028776903319564e-12,1.166395528053677,0.20878953436353084,0.0
256,74128,1.6384533750583765,1.078042276723133e-14,9.242510373149512e-15,1.9373992030301756e-13,5.488375357559313e-15,-1.1368683772161603e-13,-1.824691966655816e-16,6.0515599958447194e-15,5.486724403958889e-15,4.028776903319564e-12,1.166395528053677,0.20878953436353084,0.0
256,75032,1.6584345137786007,1.078042276723133e-14,9.242510373149512e-15,1.9373992030301756e-13,5.488375357559313e-15,-1.1368683772161603e-13,-1.824691966655816e-16,6.0515599958447194e-15,5.486724403958889e-15,4.028776903319564e-12,1.166395528053677,0.20878953436353084,0.0
256,75936,1.6784156524988247,1.078042276723133e-14,9.242510373149512e-15,1.9373992030301756e-13,5.488375357559313e-15,-1.1368683772161603e-13,-1.824691966655816e-16,6.0515599958447194e-15,5.486724403958889e-15,4.028776903319564e-12,1.166395528053677,0.20878953436353084,0.0
256,76840,1.698396791219049,1.078042276723133e-14,9.242510373149512e-15,1.9373992030301756e-13,5.488375357559313e-15,-1.1368683772161603e-13,-1.824691966655816e-16,6.0515599958447194e-15,5.486724403958889e-15,4.028776903319564e-12,1.166395528053677,0.20878953436353084,0.0
256,77744,1.718377929939273,1.078042276723133e-14,9.242510373149512e-15,1.9373992030301756e-13,5.488375357559313e-15,-1.1368683772161603e-13,-1.824691966655816e-16,6.0515599958447194e-15,5.486724403958889e-15,4.028776903319564e-12,1.166395528053677,0.20878953436353084,0.0
256,78648,1.7383590686594972,1.078042276723133e-14,9.242510373149512e-15,1.9373992030301756e-13,5.488375357559313e-15,-1.1368683772161603e-13,-1.824691966655816e-16,6.0515599958447194e-15,5.486724403958889e-15,4.028776903319564e-12,1.166395528053677,0.20878953436353084,0.0
256,79552,1.7583402073797212,1.078042276723133e-14,9.242510373149512e-15,1.9373992030301756e-13,5.488375357559313e-15,-1.1368683772161603e-13,-1.824691966655816e-16,6.0515599958447194e-15,5.486724403958889e-15,4.028776903319564e-12,1.166395528053677,0.20878953436353084,0.0
256,80456,1.7783213460999454,1.078042276723133e-14,9.242510373149512e-15,1.9373992030301756e-13,5.488375357559313e-15,-1.1368683772161603e-13,-1.824691966655816e-16,6.0515599958447194e-15,5.486724403958889e-15,4.028776903319564e-12,1.166395528053677,0.20878953436353084,0.0
256,81360,1.7983024848201694,1.078042276723133e-14,9.242510373149512e-15,1.9373992030301756e-13,5.488375357559313e-15,-1.1368683772161603e-13,-1.824691966655816e-16,6.0515599958447194e-15,5.486724403958889e-15,4.028776903319564e-12,1.166395528053677,0.20878953436353084,0.0
256,82264,1.8182836235403936,1.078042276723133e-14,9.242510373149512e-15,1.9373992030301756e-13,5.488375357559313e-15,-1.1368683772161603e-13,-1.824691966655816e-16,6.0515599958447194e-15,5.486724403958889e-15,4.028776903319564e-12,1.166395528053677,0.20878953436353084,0.0
256,83168,1.8382647622606176,1.078042276723133e-14,9.242510373149512e-15,1.9373992030301756e-13,5.488375357559313e-15,-1.1368683772161603e-13,-1.824691966655816e-16,6.0515599958447194e-15,5.486724403958889e-15,4.028776903319564e-12,1.166395528053677,0.20878953436353084,0.0
256,84072,1.8582459009808419,1.078042276723133e-14,9.242510373149512e-15,1.9373992030301756e-13,5.488375357559313e-15,-1.1368683772161603e-13,-1.824691966655816e-16,6.0515599958447194e-15,5.486724403958889e-15,4.028776903319564e-12,1.166395528053677,0.20878953436353084,0.0
256,84976,1.8782270397010659,1.078042276723133e-14,9.242510373149512e-15,1.9373992030301756e-13,5.488375357559313e-15,-1.1368683772161603e-13,-1.824691966655816e-16,6.0515599958447194e-15,5.486724403958889e-15,4.028776903319564e-12,1.166395528053677,0.20878953436353084,0.0
256,85880,1.89820817842129,1.078042276723133e-14,9.242510373149512e-15,1.9373992030301756e-13,5.488375357559313e-15,-1.1368683772161603e-13,-1.824691966655816e-16,6.0515599958447194e-15,5.486724403958889e-15,4.028776903319564e-12,1.166395528053677,0.20878953436353084,0.0
256,86784,1.918189317141514,1.078042276723133e-14,9.242510373149512e-15,1.9373992030301756e-13,5.488375357559313e-15,-1.1368683772161603e-13,-1.824691966655816e-16,6.0515599958447194e-15,5.486724403958889e-15,4.028776903319564e-12,1.166395528053677,0.20878953436353084,0.0
256,87688,1.9381704558617383,1.078042276723133e-14,9.242510373149512e-15,1.9373992030301756e-13,5.488375357559313e-15,-1.1368683772161603e-13,-1.824691966655816e-16,6.0515599958447194e-15,5.486724403958889e-15,4.028776903319564e-12,1.166395528053677,0.20878953436353084,0.0
256,88592,1.9581515945819623,1.078042276723133e-14,9.242510373149512e-15,1.9373992030301756e-13,5.488375357559313e-15,-1.1368683772161603e-13,-1.824691966655816e-16,6.0515599958447194e-15,5.486724403958889e-15,4.028776903319564e-12,1.166395528053677,0.20878953436353084,0.0
256,89496,1.9781327333021863,1.078042276723133e-14,9.242510373149512e-15,1.9373992030301756e-13,5.488375357559313e-15,-1.1368683772161603e-13,-1.824691966655816e-16,6.0515599958447194e-15,5.486724403958889e-15,4.028776903319564e-12,1.166395528053677,0.20878953436353084,0.0
256,90400,1.9981138720224105,1.078042276723133e-14,9.242510373149512e-15,1.9373992030301756e-13,5.488375357559313e-15,-1.1368683772161603e-13,-1.824691966655816e-16,6.0515599958447194e-15,5.486724403958889e-15,4.028776903319564e-12,1.166395528053677,0.20878953436353084,0.0
256,91304,2.0180950107426345,1.078042276723133e-14,9.242510373149512e-15,1.9373992030301756e-13,5.488375357559313e-15,-1.1368683772161603e-13,-1.824691966655816e-16,6.0515599958447194e-15,5.486724403958889e-15,4.028776903319564e-12,1.166395528053677,0.20878953436353084,0.0
256,92208,2.0380761494628588,1.078042276723133e-14,9.242510373149512e-15,1.9373992030301756e-13,5.488375357559313e-15,-1.1368683772161603e-13,-1.824691966655816e-16,6.0515599958447194e-15,5.486724403958889e-15,4.028776903319564e-12,1.166395528053677,0.20878953436353084,0.0
256,93112,2.058057288183083,1.078042276723133e-14,9.242510373149512e-15,1.9373992030301756e-13,5.488375357559313e-15,-1.1368683772161603e-13,-1.824691966655816e-16,6.0515599958447194e-15,5.486724403958889e-15,4.028776903319564e-12,1.166395528053677,0.20878953436353084,0.0
256,94016,2.0780384269033068,1.078042276723133e-14,9.242510373149512e-15,1.9373992030301756e-13,5.488375357559313e-15,-1.1368683772161603e-13,-1.824691966655816e-16,6.0515599958447194e-15,5.486724403958889e-15,4.028776903319564e-12,1.166395528053677,0.20878953436353084,0.0
256,94920,2.098019565623531,1.078042276723133e-14,9.242510373149512e-15,1.9373992030301756e-13,5.488375357559313e-15,-1.1368683772161603e-13,-1.824691966655816e-16,6.0515599958447194e-15,5.486724403958889e-15,4.028776903319564e-12,1.166395528053677,0.20878953436353084,0.0
256,95824,2.118000704343755,1.078042276723133e-14,9.242510373149512e-15,1.9373992030301756e-13,5.488375357559313e-15,-1.1368683772161603e-13,-1.824691966655816e-16,6.0515599958447194e-15,5.486724403958889e-15,4.028776903319564e-12,1.166395528053677,0.20878953436353084,0.0
256,96728,2.1379818430639794,1.078042276723133e-14,9.242510373149512e-15,1.9373992030301756e-13,5.488375357559313e-15,-1.1368683772161603e-13,-1.824691966655816e-16,6.0515599958447194e-15,5.486724403958889e-15,4.028776903319564e-12,1.166395528053677,0.20878953436353084,0.0
256,97632,2.157962981784203,1.078042276723133e-14,9.242510373149512e-15,1.9373992030301756e-13,5.488375357559313e-15,-1.1368683772161603e-13,-1.824691966655816e-16,6.0515599958447194e-15,5.486724403958889e-15,4.028776903319564e-12,1.166395528053677,0.20878953436353084,0.0
256,98536,2.1779441205044274,1.078042276723133e-14,9.242510373149512e-15,1.9373992030301756e-13,5.488375357559313e-15,-1.1368683772161603e-13,-1.824691966655816e-16,6.0515599958447194e-15,5.486724403958889e-15,4.028776903319564e-12,1.166395528053677,0.20878953436353084,0.0
256,99440,2.1979252592246517,1.078042276723133e-14,9.242510373149512e-15,1.9373992030301756e-13,5.488375357559313e-15,-1.1368683772161603e-13,-1.824691966655816e-16,6.0515599958447194e-15,5.486724403958889e-15,4.028776903319564e-12,1.166395528053677,0.20878953436353084,0.0
256,100344,2.217906397944876,1.078042276723133e-14,9.242510373149512e-15,1.9373992030301756e-13,5.488375357559313e-15,-1.1368683772161603e-13,-1.824691966655816e-16,6.0515599958447194e-15,5.486724403958889e-15,4.028776903319564e-12,1.166395528053677,0.20878953436353084,0.0
256,101248,2.2378875366650997,1.078042276723133e-14,9.242510373149512e-15,1.9373992030301756e-13,5.488375357559313e-15,-1.1368683772161603e-13,-1.824691966655816e-16,6.0515599958447194e-15,5.486724403958889e-15,4.028776903319564e-12,1.166395528053677,0.20878953436353084,0.0
256,102152,2.257868675385324,1.078042276723133e-14,9.242510373149512e-15,1.9373992030301756e-13,5.488375357559313e-15,-1.1368683772161603e-13,-1.824691966655816e-16,6.0515599958447194e-15,5.486724403958889e-15,4.028776903319564e-12,1.166395528053677,0.20878953436353084,0.0
256,103056,2.277849814105548,1.078042276723133e-14,9.242510373149512e-15,1.9373992030301756e-13,5.488375357559313e-15,-1.1368683772161603e-13,-1.824691966655816e-16,6.0515599958447194e-15,5.486724403958889e-15,4.028776903319564e-12,1.166395528053677,0.20878953436353084,0.0
256,103960,2.297830952825772,1.078042276723133e-14,9.242510373149512e-15,1.9373992030301756e-13,5.488375357559313e-15,-1.1368683772161603e-13,-1.824691966655816e-16,6.0515599958447194e-15,5.486724403958889e-15,4.028776903319564e-12,1.166395528053677,0.20878953436353084,0.0
256,104864,2.317812091545996,1.078042276723133e-14,9.242510373149512e-15,1.9373992030301756e-13,5.488375357559313e-15,-1.1368683772161603e-13,-1.824691966655816e-16,6.0515599958447194e-15,5.486724403958889e-15,4.028776903319564e-12,1.166395528053677,0.20878953436353084,0.0
256,105768,2.3377932302662203,1.078042276723133e-14,9.242510373149512e-15,1.9373992030301756e-13,5.488375357559313e-15,-1.1368683772161603e-13,-1.824691966655816e-16,6.0515599958447194e-15,5.486724403958889e-15,4.028776903319564e-12,1.166395528053677,0.20878953436353084,0.0
256,106672,2.3577743689864445,1.078042276723133e-14,9.242510373149512e-15,1.9373992030301756e-13,5.488375357559313e-15,-1.1368683772161603e-13,-1.824691966655816e-16,6.0515599958447194e-15,5.486724403958889e-15,4.028776903319564e-12,1.166395528053677,0.20878953436353084,0.0
256,107576,2.3777555077066683,1.078042276723133e-14,9.242510373149512e-15,1.9373992030301756e-13,5.488375357559313e-15,-1.1368683772161603e-13,-1.824691966655816e-16,6.0515599958447194e-15,5.486724403958889e-15,4.028776903319564e-12,1.166395528053677,0.20878953436353084,0.0
256,108480,2.3977366464268925,1.078042276723133e-14,9.242510373149512e-15,1.9373992030301756e-13,5.488375357559313e-15,-1.1368683772161603e-13,-1.824691966655816e-16,6.0515599958447194e-15,5.486724403958889e-15,4.028776903319564e-12,1.166395528053677,0.20878953436353084,0.0
256,109384,2.4177177851471168,1.078042276723133e-14,9.242510373149512e-15,1.9373992030301756e-13,5.488375357559313e-15,-1.1368683772161603e-13,-1.824691966655816e-16,6.0515599958447194e-15,5.486724403958889e-15,4.028776903319564e-12,1.166395528053677,0.20878953436353084,0.0
256,110288,2.437698923867341,1.078042276723133e-14,9.242510373149512e-15,1.9373992030301756e-13,5.488375357559313e-15,-1.1368683772161603e-13,-1.824691966655816e-16,6.0515599958447194e-15,5.486724403958889e-15,4.028776903319564e-12,1.166395528053677,0.20878953436353084,0.0
256,111192,2.4576800625875648,1.078042276723133e-14,9.242510373149512e-15,1.9373992030301756e-13,5.488375357559313e-15,-1.1368683772161603e-13,-1.824691966655816e-16,6.0515599958447194e-15,5.486724403958889e-15,4.028776903319564e-12,1.166395528053677,0.20878953436353084,0.0
256,112096,2.477661201307789,1.078042276723133e-14,9.242510373149512e-15,1.9373992030301756e-13,5.488375357559313e-15,-1.1368683772161603e-13,-1.824691966655816e-16,6.0515599958447194e-15,5.486724403958889e-15,4.028776903319564e-12,1.166395528053677,0.20878953436353084,0.0
256,113000,2.497642340028013,1.078042276723133e-14,9.242510373149512e-15,1.9373992030301756e-13,5.488375357559313e-15,-1.1368683772161603e-13,-1.824691966655816e-16,6.0515599958447194e-15,5.486724403958889e-15,4.028776903319564e-12,1.166395528053677,0.20878953436353084,0.0
256,113904,2.5176234787482374,1.078042276723133e-14,9.242510373149512e-15,1.9373992030301756e-13,5.488375357559313e-15,-1.1368683772161603e-13,-1.824691966655816e-16,6.0515599958447194e-15,5.486724403958889e-15,4.028776903319564e-12,1.166395528053677,0.20878953436353084,0.0
256,114808,2.537604617468461,1.078042276723133e-14,9.242510373149512e-15,1.9373992030301756e-13,5.488375357559313e-15,-1.1368683772161603e-13,-1.824691966655816e-16,6.0515599958447194e-15,5.486724403958889e-15,4.028776903319564e-12,1.166395528053677,0.20878953436353084,0.0
256,115712,2.5575857561886854,1.078042276723133e-14,9.242510373149512e-15,1.9373992030301756e-13,5.488375357559313e-15,-1.1368683772161603e-13,-1.824691966655816e-16,6.0515599958447194e-15,5.486724403958889e-15,4.028776903319564e-12,1.166395528053677,0.20878953436353084,0.0
256,116616,2.5775668949089097,1.078042276723133e-14,9.242510373149512e-15,1.9373992030301756e-13,5.488375357559313e-15,-1.1368683772161603e-13,-1.824691966655816e-16,6.0515599958447194e-15,5.486724403958889e-15,4.028776903319564e-12,1.166395528053677,0.20878953436353084,0.0
256,117520,2.597548033629134,1.078042276723133e-14,9.242510373149512e-15,1.9373992030301756e-13,5.488375357559313e-15,-1.1368683772161603e-13,-1.824691966655816e-16,6.0515599958447194e-15,5.486724403958889e-15,4.028776903319564e-12,1.166395528053677,0.20878953436353084,0.0
256,118424,2.6175291723493577,1.078042276723133e-14,9.242510373149512e-15,1.9373992030301756e-13,5.488375357559313e-15,-1.1368683772161603e-13,-1.824691966655816e-16,6.0515599958447194e-15,5.486724403958889e-15,4.028776903319564e-12,1.166395528053677,0.20878953436353084,0.0
256,119328,2.637510311069582,1.078042276723133e-14,9.242510373149512e-15,1.9373992030301756e-13,5.488375357559313e-15,-1.1368683772161603e-13,-1.824691966655816e-16,6.0515599958447194e-15,5.486724403958889e-15,4.028776903319564e-12,1.166395528053677,0.20878953436353084,0.0
256,120232,2.657491449789806,1.078042276723133e-14,9.242510373149512e-15,1.9373992030301756e-13,5.488375357559313e-15,-1.1368683772161603e-13,-1.824691966655816e-16,6.0515599958447194e-15,5.486724403958889e-15,4.028776903319564e-12,1.166395528053677,0.20878953436353084,0.0
256,121136,2.67747258851003,1.078042276723133e-14,9.242510373149512e-15,1.9373992030301756e-13,5.488375357559313e-15,-1.1368683772161603e-13,-1.824691966655816e-16,6.0515599958447194e-15,5.486724403958889e-15,4.028776903319564e-12,1.166395528053677,0.20878953436353084,0.0
256,122040,2.697453727230254,1.078042276723133e-14,9.242510373149512e-15,1.9373992030301756e-13,5.488375357559313e-15,-1.1368683772161603e-13,-1.824691966655816e-16,6.0515599958447194e-15,5.486724403958889e-15,4.028776903319564e-12,1.166395528053677,0.20878953436353084,0.0
256,122944,2.7174348659504783,1.078042276723133e-14,9.242510373149512e-15,1.9373992030301756e-13,5.488375357559313e-15,-1.1368683772161603e-13,-1.824691966655816e-16,6.0515599958447194e-15,5.486724403958889e-15,4.028776903319564e-12,1.166395528053677,0.20878953436353084,0.0
256,123848,2.7374160046707026,1.078042276723133e-14,9.242510373149512e-15,1.9373992030301756e-13,5.488375357559313e-15,-1.1368683772161603e-13,-1.824691966655816e-16,6.0515599958447194e-15,5.486724403958889e-15,4.028776903319564e-12,1.166395528053677,0.20878953436353084,0.0
256,124752,2.7573971433909263,1.078042276723133e-14,9.242510373149512e-15,1.9373992030301756e-13,5.488375357559313e-15,-1.1368683772161603e-13,-1.824691966655816e-16,6.0515599958447194e-15,5.486724403958889e-15,4.028776903319564e-12,1.166395528053677,0.20878953436353084,0.0
256,125656,2.7773782821111506,1.078042276723133e-14,9.242510373149512e-15,1.9373992030301756e-13,5.488375357559313e-15,-1.1368683772161603e-13,-1.824691966655816e-16,6.0515599958447194e-15,5.486724403958889e-15,4.028776903319564e-12,1.166395528053677,0.20878953436353084,0.0
256,126560,2.797359420831375,1.078042276723133e-14,9.242510373149512e-15,1.9373992030301756e-13,5.488375357559313e-15,-1.1368683772161603e-13,-1.824691966655816e-16,6.0515599958447194e-15,5.486724403958889e-15,4.028776903319564e-12,1.166395528053677,0.20878953436353084,0.0
256,127464,2.817340559551599,1.078042276723133e-14,9.242510373149512e-15,1.9373992030301756e-13,5.488375357559313e-15,-1.1368683772161603e-13,-1.824691966655816e-16,6.0515599958447194e-15,5.486724403958889e-15,4.028776903319564e-12,1.166395528053677,0.20878953436353084,0.0
256,128368,2.837321698271823,1.078042276723133e-14,9.242510373149512e-15,1.9373992030301756e-13,5.488375357559313e-15,-1.1368683772161603e-13,-1.824691966655816e-16,6.0515599958447194e-15,5.486724403958889e-15,4.028776903319564e-12,1.166395528053677,0.20878953436353084,0.0
256,129272,2.857302836992047,1.078042276723133e-14,9.242510373149512e-15,1.9373992030301756e-13,5.488375357559313e-15,-1.1368683772161603e-13,-1.824691966655816e-16,6.0515599958447194e-15,5.486724403958889e-15,4.028776903319564e-12,1.166395528053677,0.20878953436353084,0.0
256,130176,2.8772839757122712,1.078042276723133e-14,9.242510373149512e-15,1.9373992030301756e-13,5.488375357559313e-15,-1.1368683772161603e-13,-1.824691966655816e-16,6.0515599958447194e-15,5.486724403958889e-15,4.028776903319564e-12,1.166395528053677,0.20878953436353084,0.0
256,131080,2.8972651144324955,1.078042276723133e-14,9.242510373149512e-15,1.9373992030301756e-13,5.488375357559313e-15,-1.1368683772161603e-13,-1.824691966655816e-16,6.0515599958447194e-15,5.486724403958889e-15,4.028776903319564e-12,1.166395528053677,0.20878953436353084,0.0
256,131984,2.9172462531527192,1.078042276723133e-14,9.242510373149512e-15,1.9373992030301756e-13,5.488375357559313e-15,-1.1368683772161603e-13,-1.824691966655816e-16,6.0515599958447194e-15,5.486724403958889e-15,4.028776903319564e-12,1.166395528053677,0.20878953436353084,0.0
256,132888,2.9372273918729435,1.078042276723133e-14,9.242510373149512e-15,1.9373992030301756e-13,5.488375357559313e-15,-1.1368683772161603e-13,-1.824691966655816e-16,6.0515599958447194e-15,5.486724403958889e-15,4.028776903319564e-12,1.166395528053677,0.20878953436353084,0.0
256,133792,2.9572085305931677,1.078042276723133e-14,9.242510373149512e-15,1.9373992030301756e-13,5.488375357559313e-15,-1.1368683772161603e-13,-1.824691966655816e-16,6.0515599958447194e-15,5.486724403958889e-15,4.028776903319564e-12,1.166395528053677,0.20878953436353084,0.0
256,134696,2.9771896693133915,1.078042276723133e-14,9.242510373149512e-15,1.9373992030301756e-13,5.488375357559313e-15,-1.1368683772161603e-13,-1.824691966655816e-16,6.0515599958447194e-15,5.486724403958889e-15,4.028776903319564e-12,1.166395528053677,0.20878953436353084,0.0
256,135600,2.9971708080336157,1.078042276723133e-14,9.242510373149512e-15,1.9373992030301756e-13,5.488375357559313e-15,-1.1368683772161603e-13,-1.824691966655816e-16,6.0515599958447194e-15,5.486724403958889e-15,4.028776903319564e-12,1.166395528053677,0.20878953436353084,0.0
256,136504,3.01715194675384,1.078042276723133e-14,9.242510373149512e-15,1.9373992030301756e-13,5.488375357559313e-15,-1.1368683772161603e-13,-1.824691966655816e-16,6.0515599958447194e-15,5.486724403958889e-15,4.028776903319564e-12,1.166395528053677,0.20878953436353084,0.0
256,137408,3.037133085474064,1.078042276723133e-14,9.242510373149512e-15,1.9373992030301756e-13,5.488375357559313e-15,-1.1368683772161603e-13,-1.824691966655816e-16,6.0515599958447194e-15,5.486724403958889e-15,4.028776903319564e-12,1.166395528053677,0.20878953436353084,0.0
256,138312,3.057114224194288,1.078042276723133e-14,9.242510373149512e-15,1.9373992030301756e-13,5.488375357559313e-15,-1.1368683772161603e-13,-1.824691966655816e-16,6.0515599958447194e-15,5.486724403958889e-15,4.028776903319564e-12,1.166395528053677,0.20878953436353084,0.0
256,139216,3.077095362914512,1.078042276723133e-14,9.242510373149512e-15,1.9373992030301756e-13,5.488375357559313e-15,-1.1368683772161603e-13,-1.824691966655816e-16,6.0515599958447194e-15,5.486724403958889e-15,4.028776903319564e-12,1.166395528053677,0.20878953436353084,0.0
256,140120,3.0970765016347364,1.078042276723133e-14,9.242510373149512e-15,1.9373992030301756e-13,5.488375357559313e-15,-1.1368683772161603e-13,-1.824691966655816e-16,6.0515599958447194e-15,5.486724403958889e-15,4.028776903319564e-12,1.166395528053677,0.20878953436353084,0.0
256,141024,3.1170576403549606,1.078042276723133e-14,9.242510373149512e-15,1.9373992030301756e-13,5.488375357559313e-15,-1.1368683772161603e-13,-1.824691966655816e-16,6.0515599958447194e-15,5.486724403958889e-15,4.028776903319564e-12,1.166395528053677,0.20878953436353084,0.0
256,141928,3.1370387790751844,1.078042276723133e-14,9.242510373149512e-15,1.9373992030301756e-13,5.488375357559313e-15,-1.1368683772161603e-13,-1.824691966655816e-16,6.0515599958447194e-15,5.486724403958889e-15,4.028776903319564e-12,1.166395528053677,0.20878953436353084,0.0
256,142832,3.1570199177954086,1.078042276723133e-14,9.242510373149512e-15,1.9373992030301756e-13,5.488375357559313e-15,-1.1368683772161603e-13,-1.824691966655816e-16,6.0515599958447194e-15,5.486724403958889e-15,4.028776903319564e-12,1.166395528053677,0.20878953436353084,0.0
256,143736,3.177001056515633,1.078042276723133e-14,9.242510373149512e-15,1.9373992030301756e-13,5.488375357559313e-15,-1.1368683772161603e-13,-1.824691966655816e-16,6.0515599958447194e-15,5.486724403958889e-15,4.028776903319564e-12,1.166395528053677,0.20878953436353084,0.0
256,144640,3.196982195235857,1.078042276723133e-14,9.242510373149512e-15,1.9373992030301756e-13,5.488375357559313e-15,-1.1368683772161603e-13,-1.824691966655816e-16,6.0515599958447194e-15,5.486724403958889e-15,4.028776903319564e-12,1.166395528053677,0.20878953436353084,0.0
256,145544,3.216963333956081,1.078042276723133e-14,9.242510373149512e-15,1.9373992030301756e-13,5.488375357559313e-15,-1.1368683772161603e-13,-1.824691966655816e-16,6.0515599958447194e-15,5.486724403958889e-15,4.028776903319564e-12,1.166395528053677,0.20878953436353084,0.0
256,146448,3.236944472676305,1.078042276723133e-14,9.242510373149512e-15,1.9373992030301756e-13,5.488375357559313e-15,-1.1368683772161603e-13,-1.824691966655816e-16,6.0515599958447194e-15,5.486724403958889e-15,4.028776903319564e-12,1.166395528053677,0.20878953436353084,0.0
256,147352,3.2569256113965293,1.078042276723133e-14,9.242510373149512e-15,1.9373992030301756e-13,5.488375357559313e-15,-1.1368683772161603e-13,-1.824691966655816e-16,6.0515599958447194e-15,5.486724403958889e-15,4.028776903319564e-12,1.166395528053677,0.20878953436353084,0.0
256,148256,3.276906750116753,1.078042276723133e-14,9.242510373149512e-15,1.9373992030301756e-13,5.488375357559313e-15,-1.1368683772161603e-13,-1.824691966655816e-16,6.0515599958447194e-15,5.486724403958889e-15,4.028776903319564e-12,1.166395528053677,0.20878953436353084,0.0
256,149160,3.2968878888369773,1.078042276723133e-14,9.242510373149512e-15,1.9373992030301756e-13,5.488375357559313e-15,-1.1368683772161603e-13,-1.824691966655816e-16,6.0515599958447194e-15,5.486724403958889e-15,4.028776903319564e-12,1.166395528053677,0.20878953436353084,0.0
256,150064,3.3168690275572015,1.078042276723133e-14,9.242510373149512e-15,1.9373992030301756e-13,5.488375357559313e-15,-1.1368683772161603e-13,-1.824691966655816e-16,6.0515599958447194e-15,5.486724403958889e-15,4.028776903319564e-12,1.166395528053677,0.20878953436353084,0.0
256,150968,3.3368501662774257,1.078042276723133e-14,9.242510373149512e-15,1.9373992030301756e-13,5.488375357559313e-15,-1.1368683772161603e-13,-1.824691966655816e-16,6.0515599958447194e-15,5.486724403958889e-15,4.028776903319564e-12,1.166395528053677,0.20878953436353084,0.0
256,151872,3.3568313049976495,1.078042276723133e-14,9.242510373149512e-15,1.9373992030301756e-13,5.488375357559313e-15,-1.1368683772161603e-13,-1.824691966655816e-16,6.0515599958447194e-15,5.486724403958889e-15,4.028776903319564e-12,1.166395528053677,0.20878953436353084,0.0
256,152776,3.3768124437178737,1.078042276723133e-14,9.242510373149512e-15,1.9373992030301756e-13,5.488375357559313e-15,-1.1368683772161603e-13,-1.824691966655816e-16,6.0515599958447194e-15,5.486724403958889e-15,4.028776903319564e-12,1.166395528053677,0.20878953436353084,0.0
256,153680,3.396793582438098,1.078042276723133e-14,9.242510373149512e-15,1.9373992030301756e-13,5.488375357559313e-15,-1.1368683772161603e-13,-1.824691966655816e-16,6.0515599958447194e-15,5.486724403958889e-15,4.028776903319564e-12,1.166395528053677,0.20878953436353084,0.0
256,154584,3.416774721158322,1.078042276723133e-14,9.242510373149512e-15,1.9373992030301756e-13,5.488375357559313e-15,-1.1368683772161603e-13,-1.824691966655816e-16,6.0515599958447194e-15,5.486724403958889e-15,4.028776903319564e-12,1.166395528053677,0.20878953436353084,0.0
256,155488,3.436755859878546,1.078042276723133e-14,9.242510373149512e-15,1.9373992030301756e-13,5.488375357559313e-15,-1.1368683772161603e-13,-1.824691966655816e-16,6.0515599958447194e-15,5.486724403958889e-15,4.028776903319564e-12,1.166395528053677,0.20878953436353084,0.0
256,156392,3.45673699859877,1.078042276723133e-14,9.242510373149512e-15,1.9373992030301756e-13,5.488375357559313e-15,-1.1368683772161603e-13,-1.824691966655816e-16,6.0515599958447194e-15,5.486724403958889e-15,4.028776903319564e-12,1.166395528053677,0.20878953436353084,0.0
256,157296,3.4767181373189944,1.078042276723133e-14,9.242510373149512e-15,1.9373992030301756e-13,5.488375357559313e-15,-1.1368683772161603e-13,-1.824691966655816e-16,6.0515599958447194e-15,5.486724403958889e-15,4.028776903319564e-12,1.166395528053677,0.20878953436353084,0.0
256,158200,3.4966992760392186,1.078042276723133e-14,9.242510373149512e-15,1.9373992030301756e-13,5.488375357559313e-15,-1.1368683772161603e-13,-1.824691966655816e-16,6.0515599958447194e-15,5.486724403958889e-15,4.028776903319564e-12,1.166395528053677,0.20878953436353084,0.0
256,159104,3.5166804147594424,1.078042276723133e-14,9.242510373149512e-15,1.9373992030301756e-13,5.488375357559313e-15,-1.1368683772161603e-13,-1.824691966655816e-16,6.0515599958447194e-15,5.486724403958889e-15,4.028776903319564e-12,1.166395528053677,0.20878953436353084,0.0
256,160008,3.5366615534796666,1.078042276723133e-14,9.242510373149512e-15,1.9373992030301756e-13,5.488375357559313e-15,-1.1368683772161603e-13,-1.824691966655816e-16,6.0515599958447194e-15,5.486724403958889e-15,4.028776903319564e-12,1.166395528053677,0.20878953436353084,0.0
256,160912,3.556642692199891,1.078042276723133e-14,9.242510373149512e-15,1.9373992030301756e-13,5.488375357559313e-15,-1.1368683772161603e-13,-1.824691966655816e-16,6.0515599958447194e-15,5.486724403958889e-15,4.028776903319564e-12,1.166395528053677,0.20878953436353084,0.0
256,161816,3.576623830920115,1.078042276723133e-14,9.242510373149512e-15,1.9373992030301756e-13,5.488375357559313e-15,-1.1368683772161603e-13,-1.824691966655816e-16,6.0515599958447194e-15,5.486724403958889e-15,4.028776903319564e-12,1.166395528053677,0.20878953436353084,0.0
256,162720,3.596604969640339,1.078042276723133e-14,9.242510373149512e-15,1.9373992030301756e-13,5.488375357559313e-15,-1.1368683772161603e-13,-1.824691966655816e-16,6.0515599958447194e-15,5.486724403958889e-15,4.028776903319564e-12,1.166395528053677,0.20878953436353084,0.0
256,163624,3.616586108360563,1.078042276723133e-14,9.242510373149512e-15,1.9373992030301756e-13,5.488375357559313e-15,-1.1368683772161603e-13,-1.824691966655816e-16,6.0515599958447194e-15,5.486724403958889e-15,4.028776903319564e-12,1.166395528053677,0.20878953436353084,0.0
256,164528,3.6365672470807873,1.078042276723133e-14,9.242510373149512e-15,1.9373992030301756e-13,5.488375357559313e-15,-1.1368683772161603e-13,-1.824691966655816e-16,6.0515599958447194e-15,5.486724403958889e-15,4.028776903319564e-12,1.166395528053677,0.20878953436353084,0.0
256,165432,3.656548385801011,1.078042276723133e-14,9.242510373149512e-15,1.9373992030301756e-13,5.488375357559313e-15,-1.1368683772161603e-13,-1.824691966655816e-16,6.0515599958447194e-15,5.486724403958889e-15,4.028776903319564e-12,1.166395528053677,0.20878953436353084,0.0
256,166336,3.6765295245212353,1.078042276723133e-14,9.242510373149512e-15,1.9373992030301756e-13,5.488375357559313e-15,-1.1368683772161603e-13,-1.824691966655816e-16,6.0515599958447194e-15,5.486724403958889e-15,4.028776903319564e-12,1.166395528053677,0.20878953436353084,0.0
256,167240,3.6965106632414595,1.078042276723133e-14,9.242510373149512e-15,1.9373992030301756e-13,5.488375357559313e-15,-1.1368683772161603e-13,-1.824691966655816e-16,6.0515599958447194e-15,5.486724403958889e-15,4.028776903319564e-12,1.166395528053677,0.20878953436353084,0.0
256,168144,3.7164918019616837,1.078042276723133e-14,9.242510373149512e-15,1.9373992030301756e-13,5.488375357559313e-15,-1.1368683772161603e-13,-1.824691966655816e-16,6.0515599958447194e-15,5.486724403958889e-15,4.028776903319564e-12,1.166395528053677,0.20878953436353084,0.0
256,169048,3.7364729406819075,1.078042276723133e-14,9.242510373149512e-15,1.9373992030301756e-13,5.488375357559313e-15,-1.1368683772161603e-13,-1.824691966655816e-16,6.0515599958447194e-15,5.486724403958889e-15,4.028776903319564e-12,1.166395528053677,0.20878953436353084,0.0
256,169952,3.7564540794021317,1.078042276723133e-14,9.242510373149512e-15,1.9373992030301756e-13,5.488375357559313e-15,-1.1368683772161603e-13,-1.824691966655816e-16,6.0515599958447194e-15,5.486724403958889e-15,4.028776903319564e-12,1.166395528053677,0.20878953436353084,0.0
256,170856,3.776435218122356,1.078042276723133e-14,9.242510373149512e-15,1.9373992030301756e-13,5.488375357559313e-15,-1.1368683772161603e-13,-1.824691966655816e-16,6.0515599958447194e-15,5.486724403958889e-15,4.028776903319564e-12,1.166395528053677,0.20878953436353084,0.0
256,171760,3.79641635684258,1.078042276723133e-14,9.242510373149512e-15,1.9373992030301756e-13,5.488375357559313e-15,-1.1368683772161603e-13,-1.824691966655816e-16,6.0515599958447194e-15,5.486724403958889e-15,4.028776903319564e-12,1.166395528053677,0.20878953436353084,0.0
256,172664,3.816397495562804,1.078042276723133e-14,9.242510373149512e-15,1.9373992030301756e-13,5.488375357559313e-15,-1.1368683772161603e-13,-1.824691966655816e-16,6.0515599958447194e-15,5.486724403958889e-15,4.028776903319564e-12,1.166395528053677,0.20878953436353084,0.0
256,173568,3.836378634283028,1.078042276723133e-14,9.242510373149512e-15,1.9373992030301756e-13,5.488375357559313e-15,-1.1368683772161603e-13,-1.824691966655816e-16,6.0515599958447194e-15,5.486724403958889e-15,4.028776903319564e-12,1.166395528053677,0.20878953436353084,0.0
256,174472,3.8563597730032524,1.078042276723133e-14,9.242510373149512e-15,1.9373992030301756e-13,5.488375357559313e-15,-1.1368683772161603e-13,-1.824691966655816e-16,6.0515599958447194e-15,5.486724403958889e-15,4.028776903319564e-12,1.166395528053677,0.20878953436353084,0.0
256,175376,3.8763409117234766,1.078042276723133e-14,9.242510373149512e-15,1.9373992030301756e-13,5.488375357559313e-15,-1.1368683772161603e-13,-1.824691966655816e-16,6.0515599958447194e-15,5.486724403958889e-15,4.028776903319564e-12,1.166395528053677,0.20878953436353084,0.0
256,176280,3.8963220504437004,1.078042276723133e-14,9.242510373149512e-15,1.9373992030301756e-13,5.488375357559313e-15,-1.1368683772161603e-13,-1.824691966655816e-16,6.0515599958447194e-15,5.486724403958889e-15,4.028776903319564e-12,1.166395528053677,0.20878953436353084,0.0
256,177184,3.9163031891639246,1.078042276723133e-14,9.242510373149512e-15,1.9373992030301756e-13,5.488375357559313e-15,-1.1368683772161603e-13,-1.824691966655816e-16,6.0515599958447194e-15,5.486724403958889e-15,4.028776903319564e-12,1.166395528053677,0.20878953436353084,0.0
256,178088,3.936284327884149,1.078042276723133e-14,9.242510373149512e-15,1.9373992030301756e-13,5.488375357559313e-15,-1.1368683772161603e-13,-1.824691966655816e-16,6.0515599958447194e-15,5.486724403958889e-15,4.028776903319564e-12,1.166395528053677,0.20878953436353084,0.0
256,178992,3.9562654666043726,1.078042276723133e-14,9.242510373149512e-15,1.9373992030301756e-13,5.488375357559313e-15,-1.1368683772161603e-13,-1.824691966655816e-16,6.0515599958447194e-15,5.486724403958889e-15,4.028776903319564e-12,1.166395528053677,0.20878953436353084,0.0
256,179896,3.976246605324597,1.078042276723133e-14,9.242510373149512e-15,1.9373992030301756e-13,5.488375357559313e-15,-1.1368683772161603e-13,-1.824691966655816e-16,6.0515599958447194e-15,5.486724403958889e-15,4.028776903319564e-12,1.166395528053677,0.20878953436353084,0.0
256,180800,3.996227744044821,1.078042276723133e-14,9.242510373149512e-15,1.9373992030301756e-13,5.488375357559313e-15,-1.1368683772161603e-13,-1.824691966655816e-16,6.0515599958447194e-15,5.486724403958889e-15,4.028776903319564e-12,1.166395528053677,0.20878953436353084,0.0
256,181704,4.016208882765045,1.078042276723133e-14,9.242510373149512e-15,1.9373992030301756e-13,5.488375357559313e-15,-1.1368683772161603e-13,-1.824691966655816e-16,6.0515599958447194e-15,5.486724403958889e-15,4.028776903319564e-12,1.166395528053677,0.20878953436353084,0.0
256,182608,4.036190021485269,1.078042276723133e-14,9.242510373149512e-15,1.9373992030301756e-13,5.488375357559313e-15,-1.1368683772161603e-13,-1.824691966655816e-16,6.0515599958447194e-15,5.486724403958889e-15,4.028776903319564e-12,1.166395528053677,0.20878953436353084,0.0
256,183512,4.056171160205493,1.078042276723133e-14,9.242510373149512e-15,1.9373992030301756e-13,5.488375357559313e-15,-1.1368683772161603e-13,-1.824691966655816e-16,6.0515599958447194e-15,5.486724403958889e-15,4.028776903319564e-12,1.166395528053677,0.20878953436353084,0.0
256,184416,4.0761522989257175,1.078042276723133e-14,9.242510373149512e-15,1.9373992030301756e-13,5.488375357559313e-15,-1.1368683772161603e-13,-1.824691966655816e-16,6.0515599958447194e-15,5.486724403958889e-15,4.028776903319564e-12,1.166395528053677,0.20878953436353084,0.0
256,185320,4.096133437645942,1.078042276723133e-14,9.242510373149512e-15,1.9373992030301756e-13,5.488375357559313e-15,-1.1368683772161603e-13,-1.824691966655816e-16,6.0515599958447194e-15,5.486724403958889e-15,4.028776903319564e-12,1.166395528053677,0.20878953436353084,0.0
256,186224,4.116114576366166,1.078042276723133e-14,9.242510373149512e-15,1.9373992030301756e-13,5.488375357559313e-15,-1.1368683772161603e-13,-1.824691966655816e-16,6.0515599958447194e-15,5.486724403958889e-15,4.028776903319564e-12,1.166395528053677,0.20878953436353084,0.0
256,187128,4.13609571508639,1.078042276723133e-14,9.242510373149512e-15,1.9373992030301756e-13,5.488375357559313e-15,-1.1368683772161603e-13,-1.824691966655816e-16,6.0515599958447194e-15,5.486724403958889e-15,4.028776903319564e-12,1.166395528053677,0.20878953436353084,0.0
256,188032,4.1560768538066135,1.078042276723133e-14,9.242510373149512e-15,1.9373992030301756e-13,5.488375357559313e-15,-1.1368683772161603e-13,-1.824691966655816e-16,6.0515599958447194e-15,5.486724403958889e-15,4.028776903319564e-12,1.166395528053677,0.20878953436353084,0.0
256,188936,4.176057992526838,1.078042276723133e-14,9.242510373149512e-15,1.9373992030301756e-13,5.488375357559313e-15,-1.1368683772161603e-13,-1.824691966655816e-16,6.0515599958447194e-15,5.486724403958889e-15,4.028776903319564e-12,1.166395528053677,0.20878953436353084,0.0
256,189840,4.196039131247062,1.078042276723133e-14,9.242510373149512e-15,1.9373992030301756e-13,5.488375357559313e-15,-1.1368683772161603e-13,-1.824691966655816e-16,6.0515599958447194e-15,5.486724403958889e-15,4.028776903319564e-12,1.166395528053677,0.20878953436353084,0.0
256,190744,4.216020269967286,1.078042276723133e-14,9.242510373149512e-15,1.9373992030301756e-13,5.488375357559313e-15,-1.1368683772161603e-13,-1.824691966655816e-16,6.0515599958447194e-15,5.486724403958889e-15,4.028776903319564e-12,1.166395528053677,0.20878953436353084,0.0
256,191648,4.23600140868751,1.078042276723133e-14,9.242510373149512e-15,1.9373992030301756e-13,5.488375357559313e-15,-1.1368683772161603e-13,-1.824691966655816e-16,6.0515599958447194e-15,5.486724403958889e-15,4.028776903319564e-12,1.166395528053677,0.20878953436353084,0.0
256,192552,4.255982547407735,1.078042276723133e-14,9.242510373149512e-15,1.9373992030301756e-13,5.488375357559313e-15,-1.1368683772161603e-13,-1.824691966655816e-16,6.0515599958447194e-15,5.486724403958889e-15,4.028776903319564e-12,1.166395528053677,0.20878953436353084,0.0
256,193456,4.275963686127959,1.078042276723133e-14,9.242510373149512e-15,1.9373992030301756e-13,5.488375357559313e-15,-1.1368683772161603e-13,-1.824691966655816e-16,6.0515599958447194e-15,5.486724403958889e-15,4.028776903319564e-12,1.166395528053677,0.20878953436353084,0.0
256,194360,4.295944824848182,1.078042276723133e-14,9.242510373149512e-15,1.9373992030301756e-13,5.488375357559313e-15,-1.1368683772161603e-13,-1.824691966655816e-16,6.0515599958447194e-15,5.486724403958889e-15,4.028776903319564e-12,1.166395528053677,0.20878953436353084,0.0
256,195264,4.315925963568406,1.078042276723133e-14,9.242510373149512e-15,1.9373992030301756e-13,5.488375357559313e-15,-1.1368683772161603e-13,-1.824691966655816e-16,6.0515599958447194e-15,5.486724403958889e-15,4.028776903319564e-12,1.166395528053677,0.20878953436353084,0.0
256,196168,4.335907102288631,1.078042276723133e-14,9.242510373149512e-15,1.9373992030301756e-13,5.488375357559313e-15,-1.1368683772161603e-13,-1.824691966655816e-16,6.0515599958447194e-15,5.486724403958889e-15,4.028776903319564e-12,1.166395528053677,0.20878953436353084,0.0
256,197072,4.355888241008855,1.078042276723133e-14,9.242510373149512e-15,1.9373992030301756e-13,5.488375357559313e-15,-1.1368683772161603e-13,-1.824691966655816e-16,6.0515599958447194e-15,5.486724403958889e-15,4.028776903319564e-12,1.166395528053677,0.20878953436353084,0.0
256,197976,4.375869379729079,1.078042276723133e-14,9.242510373149512e-15,1.9373992030301756e-13,5.488375357559313e-15,-1.1368683772161603e-13,-1.824691966655816e-16,6.0515599958447194e-15,5.486724403958889e-15,4.028776903319564e-12,1.166395528053677,0.20878953436353084,0.0
256,198880,4.395850518449303,1.078042276723133e-14,9.242510373149512e-15,1.9373992030301756e-13,5.488375357559313e-15,-1.1368683772161603e-13,-1.824691966655816e-16,6.0515599958447194e-15,5.486724403958889e-15,4.028776903319564e-12,1.166395528053677,0.20878953436353084,0.0
256,199784,4.4158316571695275,1.078042276723133e-14,9.242510373149512e-15,1.9373992030301756e-13,5.488375357559313e-15,-1.1368683772161603e-13,-1.824691966655816e-16,6.0515599958447194e-15,5.486724403958889e-15,4.028776903319564e-12,1.166395528053677,0.20878953436353084,0.0
256,200688,4.435812795889752,1.078042276723133e-14,9.242510373149512e-15,1.9373992030301756e-13,5.488375357559313e-15,-1.1368683772161603e-13,-1.824691966655816e-16,6.0515599958447194e-15,5.486724403958889e-15,4.028776903319564e-12,1.166395528053677,0.20878953436353084,0.0
256,201592,4.455793934609975,1.078042276723133e-14,9.242510373149512e-15,1.9373992030301756e-13,5.488375357559313e-15,-1.1368683772161603e-13,-1.824691966655816e-16,6.0515599958447194e-15,5.486724403958889e-15,4.028776903319564e-12,1.166395528053677,0.20878953436353084,0.0
256,202496,4.475775073330199,1.078042276723133e-14,9.242510373149512e-15,1.9373992030301756e-13,5.488375357559313e-15,-1.1368683772161603e-13,-1.824691966655816e-16,6.0515599958447194e-15,5.486724403958889e-15,4.028776903319564e-12,1.166395528053677,0.20878953436353084,0.0
256,203400,4.4957562120504235,1.078042276723133e-14,9.242510373149512e-15,1.9373992030301756e-13,5.488375357559313e-15,-1.1368683772161603e-13,-1.824691966655816e-16,6.0515599958447194e-15,5.486724403958889e-15,4.028776903319564e-12,1.166395528053677,0.20878953436353084,0.0
256,204304,4.515737350770648,1.078042276723133e-14,9.242510373149512e-15,1.9373992030301756e-13,5.488375357559313e-15,-1.1368683772161603e-13,-1.824691966655816e-16,6.0515599958447194e-15,5.486724403958889e-15,4.028776903319564e-12,1.166395528053677,0.20878953436353084,0.0
256,205208,4.535718489490872,1.078042276723133e-14,9.242510373149512e-15,1.9373992030301756e-13,5.488375357559313e-15,-1.1368683772161603e-13,-1.824691966655816e-16,6.0515599958447194e-15,5.486724403958889e-15,4.028776903319564e-12,1.166395528053677,0.20878953436353084,0.0
256,206112,4.555699628211096,1.078042276723133e-14,9.242510373149512e-15,1.9373992030301756e-13,5.488375357559313e-15,-1.1368683772161603e-13,-1.824691966655816e-16,6.0515599958447194e-15,5.486724403958889e-15,4.028776903319564e-12,1.166395528053677,0.20878953436353084,0.0
256,207016,4.57568076693132,1.078042276723133e-14,9.242510373149512e-15,1.9373992030301756e-13,5.488375357559313e-15,-1.1368683772161603e-13,-1.824691966655816e-16,6.0515599958447194e-15,5.486724403958889e-15,4.028776903319564e-12,1.166395528053677,0.20878953436353084,0.0
256,207920,4.595661905651544,1.078042276723133e-14,9.242510373149512e-15,1.9373992030301756e-13,5.488375357559313e-15,-1.1368683772161603e-13,-1.824691966655816e-16,6.0515599958447194e-15,5.486724403958889e-15,4.028776903319564e-12,1.166395528053677,0.20878953436353084,0.0
256,208824,4.615643044371768,1.078042276723133e-14,9.242510373149512e-15,1.9373992030301756e-13,5.488375357559313e-15,-1.1368683772161603e-13,-1.824691966655816e-16,6.0515599958447194e-15,5.486724403958889e-15,4.028776903319564e-12,1.166395528053677,0.20878953436353084,0.0
256,209728,4.635624183091992,1.078042276723133e-14,9.242510373149512e-15,1.9373992030301756e-13,5.488375357559313e-15,-1.1368683772161603e-13,-1.824691966655816e-16,6.0515599958447194e-15,5.486724403958889e-15,4.028776903319564e-12,1.166395528053677,0.20878953436353084,0.0
256,210632,4.655605321812216,1.078042276723133e-14,9.242510373149512e-15,1.9373992030301756e-13,5.488375357559313e-15,-1.1368683772161603e-13,-1.824691966655816e-16,6.0515599958447194e-15,5.486724403958889e-15,4.028776903319564e-12,1.166395528053677,0.20878953436353084,0.0
256,211536,4.675586460532441,1.078042276723133e-14,9.242510373149512e-15,1.9373992030301756e-13,5.488375357559313e-15,-1.1368683772161603e-13,-1.824691966655816e-16,6.0515599958447194e-15,5.486724403958889e-15,4.028776903319564e-12,1.166395528053677,0.20878953436353084,0.0
256,212440,4.695567599252665,1.078042276723133e-14,9.242510373149512e-15,1.9373992030301756e-13,5.488375357559313e-15,-1.1368683772161603e-13,-1.824691966655816e-16,6.0515599958447194e-15,5.486724403958889e-15,4.028776903319564e-12,1.166395528053677,0.20878953436353084,0.0
256,213344,4.715548737972889,1.078042276723133e-14,9.242510373149512e-15,1.9373992030301756e-13,5.488375357559313e-15,-1.1368683772161603e-13,-1.824691966655816e-16,6.0515599958447194e-15,5.486724403958889e-15,4.028776903319564e-12,1.166395528053677,0.20878953436353084,0.0
256,214248,4.735529876693113,1.078042276723133e-14,9.242510373149512e-15,1.9373992030301756e-13,5.488375357559313e-15,-1.1368683772161603e-13,-1.824691966655816e-16,6.0515599958447194e-15,5.486724403958889e-15,4.028776903319564e-12,1.166395528053677,0.20878953436353084,0.0
256,215152,4.755511015413337,1.078042276723133e-14,9.242510373149512e-15,1.9373992030301756e-13,5.488375357559313e-15,-1.1368683772161603e-13,-1.824691966655816e-16,6.0515599958447194e-15,5.486724403958889e-15,4.028776903319564e-12,1.166395528053677,0.20878953436353084,0.0
256,216056,4.775492154133561,1.078042276723133e-14,9.242510373149512e-15,1.9373992030301756e-13,5.488375357559313e-15,-1.1368683772161603e-13,-1.824691966655816e-16,6.0515599958447194e-15,5.486724403958889e-15,4.028776903319564e-12,1.166395528053677,0.20878953436353084,0.0
256,216960,4.795473292853785,1.078042276723133e-14,9.242510373149512e-15,1.9373992030301756e-13,5.488375357559313e-15,-1.1368683772161603e-13,-1.824691966655816e-16,6.0515599958447194e-15,5.486724403958889e-15,4.028776903319564e-12,1.166395528053677,0.20878953436353084,0.0
256,217864,4.815454431574009,1.078042276723133e-14,9.242510373149512e-15,1.9373992030301756e-13,5.488375357559313e-15,-1.1368683772161603e-13,-1.824691966655816e-16,6.0515599958447194e-15,5.486724403958889e-15,4.028776903319564e-12,1.166395528053677,0.20878953436353084,0.0
256,218768,4.8354355702942335,1.078042276723133e-14,9.242510373149512e-15,1.9373992030301756e-13,5.488375357559313e-15,-1.1368683772161603e-13,-1.824691966655816e-16,6.0515599958447194e-15,5.486724403958889e-15,4.028776903319564e-12,1.166395528053677,0.20878953436353084,0.0
256,219672,4.855416709014458,1.078042276723133e-14,9.242510373149512e-15,1.9373992030301756e-13,5.488375357559313e-15,-1.1368683772161603e-13,-1.824691966655816e-16,6.0515599958447194e-15,5.486724403958889e-15,4.028776903319564e-12,1.166395528053677,0.20878953436353084,0.0
256,220576,4.875397847734682,1.078042276723133e-14,9.242510373149512e-15,1.9373992030301756e-13,5.488375357559313e-15,-1.1368683772161603e-13,-1.824691966655816e-16,6.0515599958447194e-15,5.486724403958889e-15,4.028776903319564e-12,1.166395528053677,0.20878953436353084,0.0
256,221480,4.895378986454905,1.078042276723133e-14,9.242510373149512e-15,1.9373992030301756e-13,5.488375357559313e-15,-1.1368683772161603e-13,-1.824691966655816e-16,6.0515599958447194e-15,5.486724403958889e-15,4.028776903319564e-12,1.166395528053677,0.20878953436353084,0.0
256,222384,4.9153601251751295,1.078042276723133e-14,9.242510373149512e-15,1.9373992030301756e-13,5.488375357559313e-15,-1.1368683772161603e-13,-1.824691966655816e-16,6.0515599958447194e-15,5.486724403958889e-15,4.028776903319564e-12,1.166395528053677,0.20878953436353084,0.0
256,223288,4.935341263895354,1.078042276723133e-14,9.242510373149512e-15,1.9373992030301756e-13,5.488375357559313e-15,-1.1368683772161603e-13,-1.824691966655816e-16,6.0515599958447194e-15,5.486724403958889e-15,4.028776903319564e-12,1.166395528053677,0.20878953436353084,0.0
256,224192,4.955322402615578,1.078042276723133e-14,9.242510373149512e-15,1.9373992030301756e-13,5.488375357559313e-15,-1.1368683772161603e-13,-1.824691966655816e-16,6.0515599958447194e-15,5.486724403958889e-15,4.028776903319564e-12,1.166395528053677,0.20878953436353084,0.0
256,225096,4.975303541335802,1.078042276723133e-14,9.242510373149512e-15,1.9373992030301756e-13,5.488375357559313e-15,-1.1368683772161603e-13,-1.824691966655816e-16,6.0515599958447194e-15,5.486724403958889e-15,4.028776903319564e-12,1.166395528053677,0.20878953436353084,0.0
256,226000,4.995284680056026,1.078042276723133e-14,9.242510373149512e-15,1.9373992030301756e-13,5.488375357559313e-15,-1.1368683772161603e-13,-1.824691966655816e-16,6.0515599958447194e-15,5.486724403958889e-15,4.028776903319564e-12,1.166395528053677,0.20878953436353084,0.0
256,226904,5.015265818776251,1.078042276723133e-14,9.242510373149512e-15,1.9373992030301756e-13,5.488375357559313e-15,-1.1368683772161603e-13,-1.824691966655816e-16,6.0515599958447194e-15,5.486724403958889e-15,4.028776903319564e-12,1.166395528053677,0.20878953436353084,0.0
256,227808,5.035246957496475,1.078042276723133e-14,9.242510373149512e-15,1.9373992030301756e-13,5.488375357559313e-15,-1.1368683772161603e-13,-1.824691966655816e-16,6.0515599958447194e-15,5.486724403958889e-15,4.028776903319564e-12,1.166395528053677,0.20878953436353084,0.0
256,228712,5.055228096216698,1.078042276723133e-14,9.242510373149512e-15,1.9373992030301756e-13,5.488375357559313e-15,-1.1368683772161603e-13,-1.824691966655816e-16,6.0515599958447194e-15,5.486724403958889e-15,4.028776903319564e-12,1.166395528053677,0.20878953436353084,0.0
256,229616,5.075209234936922,1.078042276723133e-14,9.242510373149512e-15,1.9373992030301756e-13,5.488375357559313e-15,-1.1368683772161603e-13,-1.824691966655816e-16,6.0515599958447194e-15,5.486724403958889e-15,4.028776903319564e-12,1.166395528053677,0.20878953436353084,0.0
256,230520,5.095190373657147,1.078042276723133e-14,9.242510373149512e-15,1.9373992030301756e-13,5.488375357559313e-15,-1.1368683772161603e-13,-1.824691966655816e-16,6.0515599958447194e-15,5.486724403958889e-15,4.028776903319564e-12,1.166395528053677,0.20878953436353084,0.0
256,231424,5.115171512377371,1.078042276723133e-14,9.242510373149512e-15,1.9373992030301756e-13,5.488375357559313e-15,-1.1368683772161603e-13,-1.824691966655816e-16,6.0515599958447194e-15,5.486724403958889e-15,4.028776903319564e-12,1.166395528053677,0.20878953436353084,0.0
256,232328,5.135152651097595,1.078042276723133e-14,9.242510373149512e-15,1.9373992030301756e-13,5.488375357559313e-15,-1.1368683772161603e-13,-1.824691966655816e-16,6.0515599958447194e-15,5.486724403958889e-15,4.028776903319564e-12,1.166395528053677,0.20878953436353084,0.0
256,233232,5.155133789817819,1.078042276723133e-14,9.242510373149512e-15,1.9373992030301756e-13,5.488375357559313e-15,-1.1368683772161603e-13,-1.824691966655816e-16,6.0515599958447194e-15,5.486724403958889e-15,4.028776903319564e-12,1.166395528053677,0.20878953436353084,0.0
256,234136,5.175114928538044,1.078042276723133e-14,9.242510373149512e-15,1.9373992030301756e-13,5.488375357559313e-15,-1.1368683772161603e-13,-1.824691966655816e-16,6.0515599958447194e-15,5.486724403958889e-15,4.028776903319564e-12,1.166395528053677,0.20878953436353084,0.0
256,235040,5.195096067258268,1.078042276723133e-14,9.242510373149512e-15,1.9373992030301756e-13,5.488375357559313e-15,-1.1368683772161603e-13,-1.824691966655816e-16,6.0515599958447194e-15,5.486724403958889e-15,4.028776903319564e-12,1.166395528053677,0.20878953436353084,0.0
256,235944,5.215077205978491,1.078042276723133e-14,9.242510373149512e-15,1.9373992030301756e-13,5.488375357559313e-15,-1.1368683772161603e-13,-1.824691966655816e-16,6.0515599958447194e-15,5.486724403958889e-15,4.028776903319564e-12,1.166395528053677,0.20878953436353084,0.0
256,236848,5.235058344698715,1.078042276723133e-14,9.242510373149512e-15,1.9373992030301756e-13,5.488375357559313e-15,-1.1368683772161603e-13,-1.824691966655816e-16,6.0515599958447194e-15,5.486724403958889e-15,4.028776903319564e-12,1.166395528053677,0.20878953436353084,0.0
256,237752,5.25503948341894,1.078042276723133e-14,9.242510373149512e-15,1.9373992030301756e-13,5.488375357559313e-15,-1.1368683772161603e-13,-1.824691966655816e-16,6.0515599958447194e-15,5.486724403958889e-15,4.028776903319564e-12,1.166395528053677,0.20878953436353084,0.0
256,238656,5.275020622139164,1.078042276723133e-14,9.242510373149512e-15,1.9373992030301756e-13,5.488375357559313e-15,-1.1368683772161603e-13,-1.824691966655816e-16,6.0515599958447194e-15,5.486724403958889e-15,4.028776903319564e-12,1.166395528053677,0.20878953436353084,0.0
256,239560,5.295001760859388,1.078042276723133e-14,9.242510373149512e-15,1.9373992030301756e-13,5.488375357559313e-15,-1.1368683772161603e-13,-1.824691966655816e-16,6.0515599958447194e-15,5.486724403958889e-15,4.028776903319564e-12,1.166395528053677,0.20878953436353084,0.0
256,240464,5.314982899579612,1.078042276723133e-14,9.242510373149512e-15,1.9373992030301756e-13,5.488375357559313e-15,-1.1368683772161603e-13,-1.824691966655816e-16,6.0515599958447194e-15,5.486724403958889e-15,4.028776903319564e-12,1.166395528053677,0.20878953436353084,0.0
256,241368,5.3349640382998365,1.078042276723133e-14,9.242510373149512e-15,1.9373992030301756e-13,5.488375357559313e-15,-1.1368683772161603e-13,-1.824691966655816e-16,6.0515599958447194e-15,5.486724403958889e-15,4.028776903319564e-12,1.166395528053677,0.20878953436353084,0.0
256,242272,5.35494517702006,1.078042276723133e-14,9.242510373149512e-15,1.9373992030301756e-13,5.488375357559313e-15,-1.1368683772161603e-13,-1.824691966655816e-16,6.0515599958447194e-15,5.486724403958889e-15,4.028776903319564e-12,1.166395528053677,0.20878953436353084,0.0
256,243176,5.374926315740284,1.078042276723133e-14,9.242510373149512e-15,1.9373992030301756e-13,5.488375357559313e-15,-1.1368683772161603e-13,-1.824691966655816e-16,6.0515599958447194e-15,5.486724403958889e-15,4.028776903319564e-12,1.166395528053677,0.20878953436353084,0.0
256,244080,5.394907454460508,1.078042276723133e-14,9.242510373149512e-15,1.9373992030301756e-13,5.488375357559313e-15,-1.1368683772161603e-13,-1.824691966655816e-16,6.0515599958447194e-15,5.486724403958889e-15,4.028776903319564e-12,1.166395528053677,0.20878953436353084,0.0
256,244984,5.4148885931807325,1.078042276723133e-14,9.242510373149512e-15,1.9373992030301756e-13,5.488375357559313e-15,-1.1368683772161603e-13,-1.824691966655816e-16,6.0515599958447194e-15,5.486724403958889e-15,4.028776903319564e-12,1.166395528053677,0.20878953436353084,0.0
256,245888,5.434869731900957,1.078042276723133e-14,9.242510373149512e-15,1.9373992030301756e-13,5.488375357559313e-15,-1.1368683772161603e-13,-1.824691966655816e-16,6.0515599958447194e-15,5.486724403958889e-15,4.028776903319564e-12,1.166395528053677,0.20878953436353084,0.0
256,246792,5.454850870621181,1.078042276723133e-14,9.242510373149512e-15,1.9373992030301756e-13,5.488375357559313e-15,-1.1368683772161603e-13,-1.824691966655816e-16,6.0515599958447194e-15,5.486724403958889e-15,4.028776903319564e-12,1.166395528053677,0.20878953436353084,0.0
256,247696,5.474832009341405,1.078042276723133e-14,9.242510373149512e-15,1.9373992030301756e-13,5.488375357559313e-15,-1.1368683772161603e-13,-1.824691966655816e-16,6.0515599958447194e-15,5.486724403958889e-15,4.028776903319564e-12,1.166395528053677,0.20878953436353084,0.0
256,248600,5.494813148061629,1.078042276723133e-14,9.242510373149512e-15,1.9373992030301756e-13,5.488375357559313e-15,-1.1368683772161603e-13,-1.824691966655816e-16,6.0515599958447194e-15,5.486724403958889e-15,4.028776903319564e-12,1.166395528053677,0.20878953436353084,0.0
256,249504,5.514794286781853,1.078042276723133e-14,9.242510373149512e-15,1.9373992030301756e-13,5.488375357559313e-15,-1.1368683772161603e-13,-1.824691966655816e-16,6.0515599958447194e-15,5.486724403958889e-15,4.028776903319564e-12,1.166395528053677,0.20878953436353084,0.0
256,250408,5.534775425502077,1.078042276723133e-14,9.242510373149512e-15,1.9373992030301756e-13,5.488375357559313e-15,-1.1368683772161603e-13,-1.824691966655816e-16,6.0515599958447194e-15,5.486724403958889e-15,4.028776903319564e-12,1.166395528053677,0.20878953436353084,0.0
256,251312,5.554756564222301,1.078042276723133e-14,9.242510373149512e-15,1.9373992030301756e-13,5.488375357559313e-15,-1.1368683772161603e-13,-1.824691966655816e-16,6.0515599958447194e-15,5.486724403958889e-15,4.028776903319564e-12,1.166395528053677,0.20878953436353084,0.0
256,252216,5.574737702942525,1.078042276723133e-14,9.242510373149512e-15,1.9373992030301756e-13,5.488375357559313e-15,-1.1368683772161603e-13,-1.824691966655816e-16,6.0515599958447194e-15,5.486724403958889e-15,4.028776903319564e-12,1.166395528053677,0.20878953436353084,0.0
256,253120,5.59471884166275,1.078042276723133e-14,9.242510373149512e-15,1.9373992030301756e-13,5.488375357559313e-15,-1.1368683772161603e-13,-1.824691966655816e-16,6.0515599958447194e-15,5.486724403958889e-15,4.028776903319564e-12,1.166395528053677,0.20878953436353084,0.0
256,254024,5.614699980382974,1.078042276723133e-14,9.242510373149512e-15,1.9373992030301756e-13,5.488375357559313e-15,-1.1368683772161603e-13,-1.824691966655816e-16,6.0515599958447194e-15,5.486724403958889e-15,4.028776903319564e-12,1.166395528053677,0.20878953436353084,0.0
256,254928,5.634681119103198,1.078042276723133e-14,9.242510373149512e-15,1.9373992030301756e-13,5.488375357559313e-15,-1.1368683772161603e-13,-1.824691966655816e-16,6.0515599958447194e-15,5.486724403958889e-15,4.028776903319564e-12,1.166395528053677,0.20878953436353084,0.0
256,255832,5.654662257823421,1.078042276723133e-14,9.242510373149512e-15,1.9373992030301756e-13,5.488375357559313e-15,-1.1368683772161603e-13,-1.824691966655816e-16,6.0515599958447194e-15,5.486724403958889e-15,4.028776903319564e-12,1.166395528053677,0.20878953436353084,0.0
256,256736,5.674643396543646,1.078042276723133e-14,9.242510373149512e-15,1.9373992030301756e-13,5.488375357559313e-15,-1.1368683772161603e-13,-1.824691966655816e-16,6.0515599958447194e-15,5.486724403958889e-15,4.028776903319564e-12,1.166395528053677,0.20878953436353084,0.0
256,257640,5.69462453526387,1.078042276723133e-14,9.242510373149512e-15,1.9373992030301756e-13,5.488375357559313e-15,-1.1368683772161603e-13,-1.824691966655816e-16,6.0515599958447194e-15,5.486724403958889e-15,4.028776903319564e-12,1.166395528053677,0.20878953436353084,0.0
256,258544,5.714605673984094,1.078042276723133e-14,9.242510373149512e-15,1.9373992030301756e-13,5.488375357559313e-15,-1.1368683772161603e-13,-1.824691966655816e-16,6.0515599958447194e-15,5.486724403958889e-15,4.028776903319564e-12,1.166395528053677,0.20878953436353084,0.0
256,259448,5.734586812704318,1.078042276723133e-14,9.242510373149512e-15,1.9373992030301756e-13,5.488375357559313e-15,-1.1368683772161603e-13,-1.824691966655816e-16,6.0515599958447194e-15,5.486724403958889e-15,4.028776903319564e-12,1.166395528053677,0.20878953436353084,0.0
256,260352,5.7545679514245425,1.078042276723133e-14,9.242510373149512e-15,1.9373992030301756e-13,5.488375357559313e-15,-1.1368683772161603e-13,-1.824691966655816e-16,6.0515599958447194e-15,5.486724403958889e-15,4.028776903319564e-12,1.166395528053677,0.20878953436353084,0.0
256,261256,5.774549090144767,1.078042276723133e-14,9.242510373149512e-15,1.9373992030301756e-13,5.488375357559313e-15,-1.1368683772161603e-13,-1.824691966655816e-16,6.0515599958447194e-15,5.486724403958889e-15,4.028776903319564e-12,1.166395528053677,0.20878953436353084,0.0
256,262160,5.794530228864991,1.078042276723133e-14,9.242510373149512e-15,1.9373992030301756e-13,5.488375357559313e-15,-1.1368683772161603e-13,-1.824691966655816e-16,6.0515599958447194e-15,5.486724403958889e-15,4.028776903319564e-12,1.166395528053677,0.20878953436353084,0.0
256,263064,5.814511367585214,1.078042276723133e-14,9.242510373149512e-15,1.9373992030301756e-13,5.488375357559313e-15,-1.1368683772161603e-13,-1.824691966655816e-16,6.0515599958447194e-15,5.486724403958889e-15,4.028776903319564e-12,1.166395528053677,0.20878953436353084,0.0
256,263968,5.8344925063054385,1.078042276723133e-14,9.242510373149512e-15,1.9373992030301756e-13,5.488375357559313e-15,-1.1368683772161603e-13,-1.824691966655816e-16,6.0515599958447194e-15,5.486724403958889e-15,4.028776903319564e-12,1.166395528053677,0.20878953436353084,0.0
256,264872,5.854473645025663,1.078042276723133e-14,9.242510373149512e-15,1.9373992030301756e-13,5.488375357559313e-15,-1.1368683772161603e-13,-1.824691966655816e-16,6.0515599958447194e-15,5.486724403958889e-15,4.028776903319564e-12,1.166395528053677,0.20878953436353084,0.0
256,265776,5.874454783745887,1.078042276723133e-14,9.242510373149512e-15,1.9373992030301756e-13,5.488375357559313e-15,-1.1368683772161603e-13,-1.824691966655816e-16,6.0515599958447194e-15,5.486724403958889e-15,4.028776903319564e-12,1.166395528053677,0.20878953436353084,0.0
256,266680,5.894435922466111,1.078042276723133e-14,9.242510373149512e-15,1.9373992030301756e-13,5.488375357559313e-15,-1.1368683772161603e-13,-1.824691966655816e-16,6.0515599958447194e-15,5.486724403958889e-15,4.028776903319564e-12,1.166395528053677,0.20878953436353084,0.0
256,267584,5.914417061186335,1.078042276723133e-14,9.242510373149512e-15,1.9373992030301756e-13,5.488375357559313e-15,-1.1368683772161603e-13,-1.824691966655816e-16,6.0515599958447194e-15,5.486724403958889e-15,4.028776903319564e-12,1.166395528053677,0.20878953436353084,0.0
256,268488,5.93439819990656,1.078042276723133e-14,9.242510373149512e-15,1.9373992030301756e-13,5.488375357559313e-15,-1.1368683772161603e-13,-1.824691966655816e-16,6.0515599958447194e-15,5.486724403958889e-15,4.028776903319564e-12,1.166395528053677,0.20878953436353084,0.0
256,269392,5.954379338626783,1.078042276723133e-14,9.242510373149512e-15,1.9373992030301756e-13,5.488375357559313e-15,-1.1368683772161603e-13,-1.824691966655816e-16,6.0515599958447194e-15,5.486724403958889e-15,4.028776903319564e-12,1.166395528053677,0.20878953436353084,0.0
256,270296,5.974360477347007,1.078042276723133e-14,9.242510373149512e-15,1.9373992030301756e-13,5.488375357559313e-15,-1.1368683772161603e-13,-1.824691966655816e-16,6.0515599958447194e-15,5.486724403958889e-15,4.028776903319564e-12,1.166395528053677,0.20878953436353084,0.0
256,271200,5.994341616067231,1.078042276723133e-14,9.242510373149512e-15,1.9373992030301756e-13,5.488375357559313e-15,-1.1368683772161603e-13,-1.824691966655816e-16,6.0515599958447194e-15,5.486724403958889e-15,4.028776903319564e-12,1.166395528053677,0.20878953436353084,0.0
256,272104,6.014322754787456,1.078042276723133e-14,9.242510373149512e-15,1.9373992030301756e-13,5.488375357559313e-15,-1.1368683772161603e-13,-1.824691966655816e-16,6.0515599958447194e-15,5.486724403958889e-15,4.028776903319564e-12,1.166395528053677,0.20878953436353084,0.0
256,273008,6.03430389350768,1.078042276723133e-14,9.242510373149512e-15,1.9373992030301756e-13,5.488375357559313e-15,-1.1368683772161603e-13,-1.824691966655816e-16,6.0515599958447194e-15,5.486724403958889e-15,4.028776903319564e-12,1.166395528053677,0.20878953436353084,0.0
256,273912,6.054285032227904,1.078042276723133e-14,9.242510373149512e-15,1.9373992030301756e-13,5.488375357559313e-15,-1.1368683772161603e-13,-1.824691966655816e-16,6.0515599958447194e-15,5.486724403958889e-15,4.028776903319564e-12,1.166395528053677,0.20878953436353084,0.0
256,274816,6.074266170948128,1.078042276723133e-14,9.242510373149512e-15,1.9373992030301756e-13,5.488375357559313e-15,-1.1368683772161603e-13,-1.824691966655816e-16,6.0515599958447194e-15,5.486724403958889e-15,4.028776903319564e-12,1.166395528053677,0.20878953436353084,0.0
256,275720,6.0942473096683525,1.078042276723133e-14,9.242510373149512e-15,1.9373992030301756e-13,5.488375357559313e-15,-1.1368683772161603e-13,-1.824691966655816e-16,6.0515599958447194e-15,5.486724403958889e-15,4.028776903319564e-12,1.166395528053677,0.20878953436353084,0.0
256,276624,6.114228448388576,1.078042276723133e-14,9.242510373149512e-15,1.9373992030301756e-13,5.488375357559313e-15,-1.1368683772161603e-13,-1.824691966655816e-16,6.0515599958447194e-15,5.486724403958889e-15,4.028776903319564e-12,1.166395528053677,0.20878953436353084,0.0
256,277528,6.1342095871088,1.078042276723133e-14,9.242510373149512e-15,1.9373992030301756e-13,5.488375357559313e-15,-1.1368683772161603e-13,-1.824691966655816e-16,6.0515599958447194e-15,5.486724403958889e-15,4.028776903319564e-12,1.166395528053677,0.20878953436353084,0.0
256,278432,6.154190725829024,1.078042276723133e-14,9.242510373149512e-15,1.9373992030301756e-13,5.488375357559313e-15,-1.1368683772161603e-13,-1.824691966655816e-16,6.0515599958447194e-15,5.486724403958889e-15,4.028776903319564e-12,1.166395528053677,0.20878953436353084,0.0
256,279336,6.1741718645492485,1.078042276723133e-14,9.242510373149512e-15,1.9373992030301756e-13,5.488375357559313e-15,-1.1368683772161603e-13,-1.824691966655816e-16,6.0515599958447194e-15,5.486724403958889e-15,4.028776903319564e-12,1.166395528053677,0.20878953436353084,0.0
256,280240,6.194153003269473,1.078042276723133e-14,9.242510373149512e-15,1.9373992030301756e-13,5.488375357559313e-15,-1.1368683772161603e-13,-1.824691966655816e-16,6.0515599958447194e-15,5.486724403958889e-15,4.028776903319564e-12,1.166395528053677,0.20878953436353084,0.0
256,281144,6.214134141989697,1.078042276723133e-14,9.242510373149512e-15,1.9373992030301756e-13,5.488375357559313e-15,-1.1368683772161603e-13,-1.824691966655816e-16,6.0515599958447194e-15,5.486724403958889e-15,4.028776903319564e-12,1.166395528053677,0.20878953436353084,0.0
256,282048,6.234115280709921,1.078042276723133e-14,9.242510373149512e-15,1.9373992030301756e-13,5.488375357559313e-15,-1.1368683772161603e-13,-1.824691966655816e-16,6.0515599958447194e-15,5.486724403958889e-15,4.028776903319564e-12,1.166395528053677,0.20878953436353084,0.0
256,282952,6.2540964194301445,1.078042276723133e-14,9.242510373149512e-15,1.9373992030301756e-13,5.488375357559313e-15,-1.1368683772161603e-13,-1.824691966655816e-16,6.0515599958447194e-15,5.486724403958889e-15,4.028776903319564e-12,1.166395528053677,0.20878953436353084,0.0
256,283856,6.274077558150369,1.078042276723133e-14,9.242510373149512e-15,1.9373992030301756e-13,5.488375357559313e-15,-1.1368683772161603e-13,-1.824691966655816e-16,6.0515599958447194e-15,5.486724403958889e-15,4.028776903319564e-12,1.166395528053677,0.20878953436353084,0.0
256,284760,6.294058696870593,1.078042276723133e-14,9.242510373149512e-15,1.9373992030301756e-13,5.488375357559313e-15,-1.1368683772161603e-13,-1.824691966655816e-16,6.0515599958447194e-15,5.486724403958889e-15,4.028776903319564e-12,1.166395528053677,0.20878953436353084,0.0
256,285664,6.314039835590817,1.078042276723133e-14,9.242510373149512e-15,1.9373992030301756e-13,5.488375357559313e-15,-1.1368683772161603e-13,-1.824691966655816e-16,6.0515599958447194e-15,5.486724403958889e-15,4.028776903319564e-12,1.166395528053677,0.20878953436353084,0.0
256,286568,6.334020974311041,1.078042276723133e-14,9.242510373149512e-15,1.9373992030301756e-13,5.488375357559313e-15,-1.1368683772161603e-13,-1.824691966655816e-16,6.0515599958447194e-15,5.486724403958889e-15,4.028776903319564e-12,1.166395528053677,0.20878953436353084,0.0
256,287472,6.354002113031266,1.078042276723133e-14,9.242510373149512e-15,1.9373992030301756e-13,5.488375357559313e-15,-1.1368683772161603e-13,-1.824691966655816e-16,6.0515599958447194e-15,5.486724403958889e-15,4.028776903319564e-12,1.166395528053677,0.20878953436353084,0.0
256,288376,6.37398325175149,1.078042276723133e-14,9.242510373149512e-15,1.9373992030301756e-13,5.488375357559313e-15,-1.1368683772161603e-13,-1.824691966655816e-16,6.0515599958447194e-15,5.486724403958889e-15,4.028776903319564e-12,1.166395528053677,0.20878953436353084,0.0
256,289280,6.393964390471714,1.078042276723133e-14,9.242510373149512e-15,1.9373992030301756e-13,5.488375357559313e-15,-1.1368683772161603e-13,-1.824691966655816e-16,6.0515599958447194e-15,5.486724403958889e-15,4.028776903319564e-12,1.166395528053677,0.20878953436353084,0.0
256,290184,6.413945529191937,1.078042276723133e-14,9.242510373149512e-15,1.9373992030301756e-13,5.488375357559313e-15,-1.1368683772161603e-13,-1.824691966655816e-16,6.0515599958447194e-15,5.486724403958889e-15,4.028776903319564e-12,1.166395528053677,0.20878953436353084,0.0
256,291088,6.433926667912162,1.078042276723133e-14,9.242510373149512e-15,1.9373992030301756e-13,5.488375357559313e-15,-1.1368683772161603e-13,-1.824691966655816e-16,6.0515599958447194e-15,5.486724403958889e-15,4.028776903319564e-12,1.166395528053677,0.20878953436353084,0.0
256,291992,6.453907806632386,1.078042276723133e-14,9.242510373149512e-15,1.9373992030301756e-13,5.488375357559313e-15,-1.1368683772161603e-13,-1.824691966655816e-16,6.0515599958447194e-15,5.486724403958889e-15,4.028776903319564e-12,1.166395528053677,0.20878953436353084,0.0
256,292896,6.47388894535261,1.078042276723133e-14,9.242510373149512e-15,1.9373992030301756e-13,5.488375357559313e-15,-1.1368683772161603e-13,-1.824691966655816e-16,6.0515599958447194e-15,5.486724403958889e-15,4.028776903319564e-12,1.166395528053677,0.20878953436353084,0.0
256,293800,6.493870084072834,1.078042276723133e-14,9.242510373149512e-15,1.9373992030301756e-13,5.488375357559313e-15,-1.1368683772161603e-13,-1.824691966655816e-16,6.0515599958447194e-15,5.486724403958889e-15,4.028776903319564e-12,1.166395528053677,0.20878953436353084,0.0
256,294704,6.5138512227930585,1.078042276723133e-14,9.242510373149512e-15,1.9373992030301756e-13,5.488375357559313e-15,-1.1368683772161603e-13,-1.824691966655816e-16,6.0515599958447194e-15,5.486724403958889e-15,4.028776903319564e-12,1.166395528053677,0.20878953436353084,0.0
256,295608,6.533832361513283,1.078042276723133e-14,9.242510373149512e-15,1.9373992030301756e-13,5.488375357559313e-15,-1.1368683772161603e-13,-1.824691966655816e-16,6.0515599958447194e-15,5.486724403958889e-15,4.028776903319564e-12,1.166395528053677,0.20878953436353084,0.0
256,296512,6.553813500233506,1.078042276723133e-14,9.242510373149512e-15,1.9373992030301756e-13,5.488375357559313e-15,-1.1368683772161603e-13,-1.824691966655816e-16,6.0515599958447194e-15,5.486724403958889e-15,4.028776903319564e-12,1.166395528053677,0.20878953436353084,0.0
256,297416,6.57379463895373,1.078042276723133e-14,9.242510373149512e-15,1.9373992030301756e-13,5.488375357559313e-15,-1.1368683772161603e-13,-1.824691966655816e-16,6.0515599958447194e-15,5.486724403958889e-15,4.028776903319564e-12,1.166395528053677,0.20878953436353084,0.0
256,298320,6.5937757776739545,1.078042276723133e-14,9.242510373149512e-15,1.9373992030301756e-13,5.488375357559313e-15,-1.1368683772161603e-13,-1.824691966655816e-16,6.0515599958447194e-15,5.486724403958889e-15,4.028776903319564e-12,1.166395528053677,0.20878953436353084,0.0
256,299224,6.613756916394179,1.078042276723133e-14,9.242510373149512e-15,1.9373992030301756e-13,5.488375357559313e-15,-1.1368683772161603e-13,-1.824691966655816e-16,6.0515599958447194e-15,5.486724403958889e-15,4.028776903319564e-12,1.166395528053677,0.20878953436353084,0.0
256,300128,6.633738055114403,1.078042276723133e-14,9.242510373149512e-15,1.9373992030301756e-13,5.488375357559313e-15,-1.1368683772161603e-13,-1.824691966655816e-16,6.0515599958447194e-15,5.486724403958889e-15,4.028776903319564e-12,1.166395528053677,0.20878953436353084,0.0
256,301032,6.653719193834627,1.078042276723133e-14,9.242510373149512e-15,1.9373992030301756e-13,5.488375357559313e-15,-1.1368683772161603e-13,-1.824691966655816e-16,6.0515599958447194e-15,5.486724403958889e-15,4.028776903319564e-12,1.166395528053677,0.20878953436353084,0.0
256,301936,6.673700332554851,1.078042276723133e-14,9.242510373149512e-15,1.9373992030301756e-13,5.488375357559313e-15,-1.1368683772161603e-13,-1.824691966655816e-16,6.0515599958447194e-15,5.486724403958889e-15,4.028776903319564e-12,1.166395528053677,0.20878953436353084,0.0
256,302840,6.693681471275076,1.078042276723133e-14,9.242510373149512e-15,1.9373992030301756e-13,5.488375357559313e-15,-1.1368683772161603e-13,-1.824691966655816e-16,6.0515599958447194e-15,5.486724403958889e-15,4.028776903319564e-12,1.166395528053677,0.20878953436353084,0.0
256,303744,6.713662609995299,1.078042276723133e-14,9.242510373149512e-15,1.9373992030301756e-13,5.488375357559313e-15,-1.1368683772161603e-13,-1.824691966655816e-16,6.0515599958447194e-15,5.486724403958889e-15,4.028776903319564e-12,1.166395528053677,0.20878953436353084,0.0
256,304648,6.733643748715523,1.078042276723133e-14,9.242510373149512e-15,1.9373992030301756e-13,5.488375357559313e-15,-1.1368683772161603e-13,-1.824691966655816e-16,6.0515599958447194e-15,5.486724403958889e-15,4.028776903319564e-12,1.166395528053677,0.20878953436353084,0.0
256,305552,6.753624887435747,1.078042276723133e-14,9.242510373149512e-15,1.9373992030301756e-13,5.488375357559313e-15,-1.1368683772161603e-13,-1.824691966655816e-16,6.0515599958447194e-15,5.486724403958889e-15,4.028776903319564e-12,1.166395528053677,0.20878953436353084,0.0
256,306456,6.773606026155972,1.078042276723133e-14,9.242510373149512e-15,1.9373992030301756e-13,5.488375357559313e-15,-1.1368683772161603e-13,-1.824691966655816e-16,6.0515599958447194e-15,5.486724403958889e-15,4.028776903319564e-12,1.166395528053677,0.20878953436353084,0.0
256,307360,6.793587164876196,1.078042276723133e-14,9.242510373149512e-15,1.9373992030301756e-13,5.488375357559313e-15,-1.1368683772161603e-13,-1.824691966655816e-16,6.0515599958447194e-15,5.486724403958889e-15,4.028776903319564e-12,1.166395528053677,0.20878953436353084,0.0
256,308264,6.81356830359642,1.078042276723133e-14,9.242510373149512e-15,1.9373992030301756e-13,5.488375357559313e-15,-1.1368683772161603e-13,-1.824691966655816e-16,6.0515599958447194e-15,5.486724403958889e-15,4.028776903319564e-12,1.166395528053677,0.20878953436353084,0.0
256,309168,6.833549442316644,1.078042276723133e-14,9.242510373149512e-15,1.9373992030301756e-13,5.488375357559313e-15,-1.1368683772161603e-13,-1.824691966655816e-16,6.0515599958447194e-15,5.486724403958889e-15,4.028776903319564e-12,1.166395528053677,0.20878953436353084,0.0
256,310072,6.853530581036868,1.078042276723133e-14,9.242510373149512e-15,1.9373992030301756e-13,5.488375357559313e-15,-1.1368683772161603e-13,-1.824691966655816e-16,6.0515599958447194e-15,5.486724403958889e-15,4.028776903319564e-12,1.166395528053677,0.20878953436353084,0.0
256,310976,6.873511719757092,1.078042276723133e-14,9.242510373149512e-15,1.9373992030301756e-13,5.488375357559313e-15,-1.1368683772161603e-13,-1.824691966655816e-16,6.0515599958447194e-15,5.486724403958889e-15,4.028776903319564e-12,1.166395528053677,0.20878953436353084,0.0
256,311880,6.893492858477316,1.078042276723133e-14,9.242510373149512e-15,1.9373992030301756e-13,5.488375357559313e-15,-1.1368683772161603e-13,-1.824691966655816e-16,6.0515599958447194e-15,5.486724403958889e-15,4.028776903319564e-12,1.166395528053677,0.20878953436353084,0.0
256,312784,6.91347399719754,1.078042276723133e-14,9.242510373149512e-15,1.9373992030301756e-13,5.488375357559313e-15,-1.1368683772161603e-13,-1.824691966655816e-16,6.0515599958447194e-15,5.486724403958889e-15,4.028776903319564e-12,1.166395528053677,0.20878953436353084,0.0
256,313688,6.9334551359177645,1.078042276723133e-14,9.242510373149512e-15,1.9373992030301756e-13,5.488375357559313e-15,-1.1368683772161603e-13,-1.824691966655816e-16,6.0515599958447194e-15,5.486724403958889e-15,4.028776903319564e-12,1.166395528053677,0.20878953436353084,0.0
256,314592,6.953436274637989,1.078042276723133e-14,9.242510373149512e-15,1.9373992030301756e-13,5.488375357559313e-15,-1.1368683772161603e-13,-1.824691966655816e-16,6.0515599958447194e-15,5.486724403958889e-15,4.028776903319564e-12,1.166395528053677,0.20878953436353084,0.0
256,315496,6.973417413358213,1.078042276723133e-14,9.242510373149512e-15,1.9373992030301756e-13,5.488375357559313e-15,-1.1368683772161603e-13,-1.824691966655816e-16,6.0515599958447194e-15,5.486724403958889e-15,4.028776903319564e-12,1.166395528053677,0.20878953436353084,0.0
256,316400,6.993398552078437,1.078042276723133e-14,9.242510373149512e-15,1.9373992030301756e-13,5.488375357559313e-15,-1.1368683772161603e-13,-1.824691966655816e-16,6.0515599958447194e-15,5.486724403958889e-15,4.028776903319564e-12,1.166395528053677,0.20878953436353084,0.0
256,317304,7.0133796907986605,1.078042276723133e-14,9.242510373149512e-15,1.9373992030301756e-13,5.488375357559313e-15,-1.1368683772161603e-13,-1.824691966655816e-16,6.0515599958447194e-15,5.486724403958889e-15,4.028776903319564e-12,1.166395528053677,0.20878953436353084,0.0
256,318208,7.033360829518885,1.078042276723133e-14,9.242510373149512e-15,1.9373992030301756e-13,5.488375357559313e-15,-1.1368683772161603e-13,-1.824691966655816e-16,6.0515599958447194e-15,5.486724403958889e-15,4.028776903319564e-12,1.166395528053677,0.20878953436353084,0.0
256,319112,7.053341968239109,1.078042276723133e-14,9.242510373149512e-15,1.9373992030301756e-13,5.488375357559313e-15,-1.1368683772161603e-13,-1.824691966655816e-16,6.0515599958447194e-15,5.486724403958889e-15,4.028776903319564e-12,1.166395528053677,0.20878953436353084,0.0
256,320016,7.073323106959333,1.078042276723133e-14,9.242510373149512e-15,1.9373992030301756e-13,5.488375357559313e-15,-1.1368683772161603e-13,-1.824691966655816e-16,6.0515599958447194e-15,5.486724403958889e-15,4.028776903319564e-12,1.166395528053677,0.20878953436353084,0.0
256,320920,7.093304245679557,1.078042276723133e-14,9.242510373149512e-15,1.9373992030301756e-13,5.488375357559313e-15,-1.1368683772161603e-13,-1.824691966655816e-16,6.0515599958447194e-15,5.486724403958889e-15,4.028776903319564e-12,1.166395528053677,0.20878953436353084,0.0
256,321824,7.113285384399782,1.078042276723133e-14,9.242510373149512e-15,1.9373992030301756e-13,5.488375357559313e-15,-1.1368683772161603e-13,-1.824691966655816e-16,6.0515599958447194e-15,5.486724403958889e-15,4.028776903319564e-12,1.166395528053677,0.20878953436353084,0.0
256,322728,7.133266523120006,1.078042276723133e-14,9.242510373149512e-15,1.9373992030301756e-13,5.488375357559313e-15,-1.1368683772161603e-13,-1.824691966655816e-16,6.0515599958447194e-15,5.486724403958889e-15,4.028776903319564e-12,1.166395528053677,0.20878953436353084,0.0
256,323632,7.15324766184023,1.078042276723133e-14,9.242510373149512e-15,1.9373992030301756e-13,5.488375357559313e-15,-1.1368683772161603e-13,-1.824691966655816e-16,6.0515599958447194e-15,5.486724403958889e-15,4.028776903319564e-12,1.166395528053677,0.20878953436353084,0.0
256,324536,7.173228800560453,1.078042276723133e-14,9.242510373149512e-15,1.9373992030301756e-13,5.488375357559313e-15,-1.1368683772161603e-13,-1.824691966655816e-16,6.0515599958447194e-15,5.486724403958889e-15,4.028776903319564e-12,1.166395528053677,0.20878953436353084,0.0
256,325440,7.193209939280678,1.078042276723133e-14,9.242510373149512e-15,1.9373992030301756e-13,5.488375357559313e-15,-1.1368683772161603e-13,-1.824691966655816e-16,6.0515599958447194e-15,5.486724403958889e-15,4.028776903319564e-12,1.166395528053677,0.20878953436353084,0.0
256,326344,7.213191078000902,1.078042276723133e-14,9.242510373149512e-15,1.9373992030301756e-13,5.488375357559313e-15,-1.1368683772161603e-13,-1.824691966655816e-16,6.0515599958447194e-15,5.486724403958889e-15,4.028776903319564e-12,1.166395528053677,0.20878953436353084,0.0
256,327248,7.233172216721126,1.078042276723133e-14,9.242510373149512e-15,1.9373992030301756e-13,5.488375357559313e-15,-1.1368683772161603e-13,-1.824691966655816e-16,6.0515599958447194e-15,5.486724403958889e-15,4.028776903319564e-12,1.166395528053677,0.20878953436353084,0.0
256,328152,7.25315335544135,1.078042276723133e-14,9.242510373149512e-15,1.9373992030301756e-13,5.488375357559313e-15,-1.1368683772161603e-13,-1.824691966655816e-16,6.0515599958447194e-15,5.486724403958889e-15,4.028776903319564e-12,1.166395528053677,0.20878953436353084,0.0
256,329056,7.2731344941615745,1.078042276723133e-14,9.242510373149512e-15,1.9373992030301756e-13,5.488375357559313e-15,-1.1368683772161603e-13,-1.824691966655816e-16,6.0515599958447194e-15,5.486724403958889e-15,4.028776903319564e-12,1.166395528053677,0.20878953436353084,0.0
256,329960,7.293115632881799,1.078042276723133e-14,9.242510373149512e-15,1.9373992030301756e-13,5.488375357559313e-15,-1.1368683772161603e-13,-1.824691966655816e-16,6.0515599958447194e-15,5.486724403958889e-15,4.028776903319564e-12,1.166395528053677,0.20878953436353084,0.0
256,330864,7.313096771602022,1.078042276723133e-14,9.242510373149512e-15,1.9373992030301756e-13,5.488375357559313e-15,-1.1368683772161603e-13,-1.824691966655816e-16,6.0515599958447194e-15,5.486724403958889e-15,4.028776903319564e-12,1.166395528053677,0.20878953436353084,0.0
256,331768,7.333077910322246,1.078042276723133e-14,9.242510373149512e-15,1.9373992030301756e-13,5.488375357559313e-15,-1.1368683772161603e-13,-1.824691966655816e-16,6.0515599958447194e-15,5.486724403958889e-15,4.028776903319564e-12,1.166395528053677,0.20878953436353084,0.0
256,332672,7.3530590490424705,1.078042276723133e-14,9.242510373149512e-15,1.9373992030301756e-13,5.488375357559313e-15,-1.1368683772161603e-13,-1.824691966655816e-16,6.0515599958447194e-15,5.486724403958889e-15,4.028776903319564e-12,1.166395528053677,0.20878953436353084,0.0
256,333576,7.373040187762695,1.078042276723133e-14,9.242510373149512e-15,1.9373992030301756e-13,5.488375357559313e-15,-1.1368683772161603e-13,-1.824691966655816e-16,6.0515599958447194e-15,5.486724403958889e-15,4.028776903319564e-12,1.166395528053677,0.20878953436353084,0.0
256,334480,7.393021326482919,1.078042276723133e-14,9.242510373149512e-15,1.9373992030301756e-13,5.488375357559313e-15,-1.1368683772161603e-13,-1.824691966655816e-16,6.0515599958447194e-15,5.486724403958889e-15,4.028776903319564e-12,1.166395528053677,0.20878953436353084,0.0
256,335384,7.413002465203143,1.078042276723133e-14,9.242510373149512e-15,1.9373992030301756e-13,5.488375357559313e-15,-1.1368683772161603e-13,-1.824691966655816e-16,6.0515599958447194e-15,5.486724403958889e-15,4.028776903319564e-12,1.166395528053677,0.20878953436353084,0.0
256,336288,7.432983603923367,1.078042276723133e-14,9.242510373149512e-15,1.9373992030301756e-13,5.488375357559313e-15,-1.1368683772161603e-13,-1.824691966655816e-16,6.0515599958447194e-15,5.486724403958889e-15,4.028776903319564e-12,1.166395528053677,0.20878953436353084,0.0
256,337192,7.452964742643592,1.078042276723133e-14,9.242510373149512e-15,1.9373992030301756e-13,5.488375357559313e-15,-1.1368683772161603e-13,-1.824691966655816e-16,6.0515599958447194e-15,5.486724403958889e-15,4.028776903319564e-12,1.166395528053677,0.20878953436353084,0.0
256,338096,7.472945881363815,1.078042276723133e-14,9.242510373149512e-15,1.9373992030301756e-13,5.488375357559313e-15,-1.1368683772161603e-13,-1.824691966655816e-16,6.0515599958447194e-15,5.486724403958889e-15,4.028776903319564e-12,1.166395528053677,0.20878953436353084,0.0
256,339000,7.492927020084039,1.078042276723133e-14,9.242510373149512e-15,1.9373992030301756e-13,5.488375357559313e-15,-1.1368683772161603e-13,-1.824691966655816e-16,6.0515599958447194e-15,5.486724403958889e-15,4.028776903319564e-12,1.166395528053677,0.20878953436353084,0.0
256,339904,7.512908158804263,1.078042276723133e-14,9.242510373149512e-15,1.9373992030301756e-13,5.488375357559313e-15,-1.1368683772161603e-13,-1.824691966655816e-16,6.0515599958447194e-15,5.486724403958889e-15,4.028776903319564e-12,1.166395528053677,0.20878953436353084,0.0
256,340808,7.532889297524488,1.078042276723133e-14,9.242510373149512e-15,1.9373992030301756e-13,5.488375357559313e-15,-1.1368683772161603e-13,-1.824691966655816e-16,6.0515599958447194e-15,5.486724403958889e-15,4.028776903319564e-12,1.166395528053677,0.20878953436353084,0.0
256,341712,7.552870436244712,1.078042276723133e-14,9.242510373149512e-15,1.9373992030301756e-13,5.488375357559313e-15,-1.1368683772161603e-13,-1.824691966655816e-16,6.0515599958447194e-15,5.486724403958889e-15,4.028776903319564e-12,1.166395528053677,0.20878953436353084,0.0
256,342616,7.572851574964936,1.078042276723133e-14,9.242510373149512e-15,1.9373992030301756e-13,5.488375357559313e-15,-1.1368683772161603e-13,-1.824691966655816e-16,6.0515599958447194e-15,5.486724403958889e-15,4.028776903319564e-12,1.166395528053677,0.20878953436353084,0.0
256,343520,7.59283271368516,1.078042276723133e-14,9.242510373149512e-15,1.9373992030301756e-13,5.488375357559313e-15,-1.1368683772161603e-13,-1.824691966655816e-16,6.0515599958447194e-15,5.486724403958889e-15,4.028776903319564e-12,1.166395528053677,0.20878953436353084,0.0
256,344424,7.612813852405384,1.078042276723133e-14,9.242510373149512e-15,1.9373992030301756e-13,5.488375357559313e-15,-1.1368683772161603e-13,-1.824691966655816e-16,6.0515599958447194e-15,5.486724403958889e-15,4.028776903319564e-12,1.166395528053677,0.20878953436353084,0.0
256,345328,7.632794991125608,1.078042276723133e-14,9.242510373149512e-15,1.9373992030301756e-13,5.488375357559313e-15,-1.1368683772161603e-13,-1.824691966655816e-16,6.0515599958447194e-15,5.486724403958889e-15,4.028776903319564e-12,1.166395528053677,0.20878953436353084,0.0
256,346232,7.652776129845832,1.078042276723133e-14,9.242510373149512e-15,1.9373992030301756e-13,5.488375357559313e-15,-1.1368683772161603e-13,-1.824691966655816e-16,6.0515599958447194e-15,5.486724403958889e-15,4.028776903319564e-12,1.166395528053677,0.20878953436353084,0.0
256,347136,7.672757268566056,1.078042276723133e-14,9.242510373149512e-15,1.9373992030301756e-13,5.488375357559313e-15,-1.1368683772161603e-13,-1.824691966655816e-16,6.0515599958447194e-15,5.486724403958889e-15,4.028776903319564e-12,1.166395528053677,0.20878953436353084,0.0
256,348040,7.6927384072862806,1.078042276723133e-14,9.242510373149512e-15,1.9373992030301756e-13,5.488375357559313e-15,-1.1368683772161603e-13,-1.824691966655816e-16,6.0515599958447194e-15,5.486724403958889e-15,4.028776903319564e-12,1.166395528053677,0.20878953436353084,0.0
256,348944,7.712719546006505,1.078042276723133e-14,9.242510373149512e-15,1.9373992030301756e-13,5.488375357559313e-15,-1.1368683772161603e-13,-1.824691966655816e-16,6.0515599958447194e-15,5.486724403958889e-15,4.028776903319564e-12,1.166395528053677,0.20878953436353084,0.0
256,349848,7.732700684726729,1.078042276723133e-14,9.242510373149512e-15,1.9373992030301756e-13,5.488375357559313e-15,-1.1368683772161603e-13,-1.824691966655816e-16,6.0515599958447194e-15,5.486724403958889e-15,4.028776903319564e-12,1.166395528053677,0.20878953436353084,0.0
256,350752,7.752681823446953,1.078042276723133e-14,9.242510373149512e-15,1.9373992030301756e-13,5.488375357559313e-15,-1.1368683772161603e-13,-1.824691966655816e-16,6.0515599958447194e-15,5.486724403958889e-15,4.028776903319564e-12,1.166395528053677,0.20878953436353084,0.0
256,351656,7.772662962167177,1.078042276723133e-14,9.242510373149512e-15,1.9373992030301756e-13,5.488375357559313e-15,-1.1368683772161603e-13,-1.824691966655816e-16,6.0515599958447194e-15,5.486724403958889e-15,4.028776903319564e-12,1.166395528053677,0.20878953436353084,0.0
256,352560,7.792644100887401,1.078042276723133e-14,9.242510373149512e-15,1.9373992030301756e-13,5.488375357559313e-15,-1.1368683772161603e-13,-1.824691966655816e-16,6.0515599958447194e-15,5.486724403958889e-15,4.028776903319564e-12,1.166395528053677,0.20878953436353084,0.0
256,353464,7.812625239607625,1.078042276723133e-14,9.242510373149512e-15,1.9373992030301756e-13,5.488375357559313e-15,-1.1368683772161603e-13,-1.824691966655816e-16,6.0515599958447194e-15,5.486724403958889e-15,4.028776903319564e-12,1.166395528053677,0.20878953436353084,0.0
256,354368,7.832606378327849,1.078042276723133e-14,9.242510373149512e-15,1.9373992030301756e-13,5.488375357559313e-15,-1.1368683772161603e-13,-1.824691966655816e-16,6.0515599958447194e-15,5.486724403958889e-15,4.028776903319564e-12,1.166395528053677,0.20878953436353084,0.0
256,355272,7.8525875170480735,1.078042276723133e-14,9.242510373149512e-15,1.9373992030301756e-13,5.488375357559313e-15,-1.1368683772161603e-13,-1.824691966655816e-16,6.0515599958447194e-15,5.486724403958889e-15,4.028776903319564e-12,1.166395528053677,0.20878953436353084,0.0
256,356176,7.872568655768298,1.078042276723133e-14,9.242510373149512e-15,1.9373992030301756e-13,5.488375357559313e-15,-1.1368683772161603e-13,-1.824691966655816e-16,6.0515599958447194e-15,5.486724403958889e-15,4.028776903319564e-12,1.166395528053677,0.20878953436353084,0.0
256,357080,7.892549794488522,1.078042276723133e-14,9.242510373149512e-15,1.9373992030301756e-13,5.488375357559313e-15,-1.1368683772161603e-13,-1.824691966655816e-16,6.0515599958447194e-15,5.486724403958889e-15,4.028776903319564e-12,1.166395528053677,0.20878953436353084,0.0
256,357984,7.912530933208745,1.078042276723133e-14,9.242510373149512e-15,1.9373992030301756e-13,5.488375357559313e-15,-1.1368683772161603e-13,-1.824691966655816e-16,6.0515599958447194e-15,5.486724403958889e-15,4.028776903319564e-12,1.166395528053677,0.20878953436353084,0.0
256,358888,7.9325120719289695,1.078042276723133e-14,9.242510373149512e-15,1.9373992030301756e-13,5.488375357559313e-15,-1.1368683772161603e-13,-1.824691966655816e-16,6.0515599958447194e-15,5.486724403958889e-15,4.028776903319564e-12,1.166395528053677,0.20878953436353084,0.0
256,359792,7.952493210649194,1.078042276723133e-14,9.242510373149512e-15,1.9373992030301756e-13,5.488375357559313e-15,-1.1368683772161603e-13,-1.824691966655816e-16,6.0515599958447194e-15,5.486724403958889e-15,4.028776903319564e-12,1.166395528053677,0.20878953436353084,0.0
256,360696,7.972474349369418,1.078042276723133e-14,9.242510373149512e-15,1.9373992030301756e-13,5.488375357559313e-15,-1.1368683772161603e-13,-1.824691966655816e-16,6.0515599958447194e-15,5.486724403958889e-15,4.028776903319564e-12,1.166395528053677,0.20878953436353084,0.0
256,361600,7.992455488089642,1.078042276723133e-14,9.242510373149512e-15,1.9373992030301756e-13,5.488375357559313e-15,-1.1368683772161603e-13,-1.824691966655816e-16,6.0515599958447194e-15,5.486724403958889e-15,4.028776903319564e-12,1.166395528053677,0.20878953436353084,0.0
256,362504,8.012436626809865,1.078042276723133e-14,9.242510373149512e-15,1.9373992030301756e-13,5.488375357559313e-15,-1.1368683772161603e-13,-1.824691966655816e-16,6.0515599958447194e-15,5.486724403958889e-15,4.028776903319564e-12,1.166395528053677,0.20878953436353084,0.0
256,363408,8.03241776553009,1.078042276723133e-14,9.242510373149512e-15,1.9373992030301756e-13,5.488375357559313e-15,-1.1368683772161603e-13,-1.824691966655816e-16,6.0515599958447194e-15,5.486724403958889e-15,4.028776903319564e-12,1.166395528053677,0.20878953436353084,0.0
256,364312,8.052398904250314,1.078042276723133e-14,9.242510373149512e-15,1.9373992030301756e-13,5.488375357559313e-15,-1.1368683772161603e-13,-1.824691966655816e-16,6.0515599958447194e-15,5.486724403958889e-15,4.028776903319564e-12,1.166395528053677,0.20878953436353084,0.0
256,365216,8.072380042970538,1.078042276723133e-14,9.242510373149512e-15,1.9373992030301756e-13,5.488375357559313e-15,-1.1368683772161603e-13,-1.824691966655816e-16,6.0515599958447194e-15,5.486724403958889e-15,4.028776903319564e-12,1.166395528053677,0.20878953436353084,0.0
256,366120,8.092361181690762,1.078042276723133e-14,9.242510373149512e-15,1.9373992030301756e-13,5.488375357559313e-15,-1.1368683772161603e-13,-1.824691966655816e-16,6.0515599958447194e-15,5.486724403958889e-15,4.028776903319564e-12,1.166395528053677,0.20878953436353084,0.0
256,367024,8.112342320410987,1.078042276723133e-14,9.242510373149512e-15,1.9373992030301756e-13,5.488375357559313e-15,-1.1368683772161603e-13,-1.824691966655816e-16,6.0515599958447194e-15,5.486724403958889e-15,4.028776903319564e-12,1.166395528053677,0.20878953436353084,0.0
256,367928,8.13232345913121,1.078042276723133e-14,9.242510373149512e-15,1.9373992030301756e-13,5.488375357559313e-15,-1.1368683772161603e-13,-1.824691966655816e-16,6.0515599958447194e-15,5.486724403958889e-15,4.028776903319564e-12,1.166395528053677,0.20878953436353084,0.0
256,368832,8.152304597851435,1.078042276723133e-14,9.242510373149512e-15,1.9373992030301756e-13,5.488375357559313e-15,-1.1368683772161603e-13,-1.824691966655816e-16,6.0515599958447194e-15,5.486724403958889e-15,4.028776903319564e-12,1.166395528053677,0.20878953436353084,0.0
256,369736,8.17228573657166,1.078042276723133e-14,9.242510373149512e-15,1.9373992030301756e-13,5.488375357559313e-15,-1.1368683772161603e-13,-1.824691966655816e-16,6.0515599958447194e-15,5.486724403958889e-15,4.028776903319564e-12,1.166395528053677,0.20878953436353084,0.0
256,370640,8.192266875291883,1.078042276723133e-14,9.242510373149512e-15,1.9373992030301756e-13,5.488375357559313e-15,-1.1368683772161603e-13,-1.824691966655816e-16,6.0515599958447194e-15,5.486724403958889e-15,4.028776903319564e-12,1.166395528053677,0.20878953436353084,0.0
256,371544,8.212248014012108,1.078042276723133e-14,9.242510373149512e-15,1.9373992030301756e-13,5.488375357559313e-15,-1.1368683772161603e-13,-1.824691966655816e-16,6.0515599958447194e-15,5.486724403958889e-15,4.028776903319564e-12,1.166395528053677,0.20878953436353084,0.0
256,372448,8.232229152732332,1.078042276723133e-14,9.242510373149512e-15,1.9373992030301756e-13,5.488375357559313e-15,-1.1368683772161603e-13,-1.824691966655816e-16,6.0515599958447194e-15,5.486724403958889e-15,4.028776903319564e-12,1.166395528053677,0.20878953436353084,0.0
256,373352,8.252210291452556,1.078042276723133e-14,9.242510373149512e-15,1.9373992030301756e-13,5.488375357559313e-15,-1.1368683772161603e-13,-1.824691966655816e-16,6.0515599958447194e-15,5.486724403958889e-15,4.028776903319564e-12,1.166395528053677,0.20878953436353084,0.0
256,374256,8.27219143017278,1.078042276723133e-14,9.242510373149512e-15,1.9373992030301756e-13,5.488375357559313e-15,-1.1368683772161603e-13,-1.824691966655816e-16,6.0515599958447194e-15,5.486724403958889e-15,4.028776903319564e-12,1.166395528053677,0.20878953436353084,0.0
256,375160,8.292172568893003,1.078042276723133e-14,9.242510373149512e-15,1.9373992030301756e-13,5.488375357559313e-15,-1.1368683772161603e-13,-1.824691966655816e-16,6.0515599958447194e-15,5.486724403958889e-15,4.028776903319564e-12,1.166395528053677,0.20878953436353084,0.0
256,376064,8.312153707613227,1.078042276723133e-14,9.242510373149512e-15,1.9373992030301756e-13,5.488375357559313e-15,-1.1368683772161603e-13,-1.824691966655816e-16,6.0515599958447194e-15,5.486724403958889e-15,4.028776903319564e-12,1.166395528053677,0.20878953436353084,0.0
256,376968,8.332134846333451,1.078042276723133e-14,9.242510373149512e-15,1.9373992030301756e-13,5.488375357559313e-15,-1.1368683772161603e-13,-1.824691966655816e-16,6.0515599958447194e-15,5.486724403958889e-15,4.028776903319564e-12,1.166395528053677,0.20878953436353084,0.0
256,377872,8.352115985053675,1.078042276723133e-14,9.242510373149512e-15,1.9373992030301756e-13,5.488375357559313e-15,-1.1368683772161603e-13,-1.824691966655816e-16,6.0515599958447194e-15,5.486724403958889e-15,4.028776903319564e-12,1.166395528053677,0.20878953436353084,0.0
256,378776,8.3720971237739,1.078042276723133e-14,9.242510373149512e-15,1.9373992030301756e-13,5.488375357559313e-15,-1.1368683772161603e-13,-1.824691966655816e-16,6.0515599958447194e-15,5.486724403958889e-15,4.028776903319564e-12,1.166395528053677,0.20878953436353084,0.0
256,379680,8.392078262494124,1.078042276723133e-14,9.242510373149512e-15,1.9373992030301756e-13,5.488375357559313e-15,-1.1368683772161603e-13,-1.824691966655816e-16,6.0515599958447194e-15,5.486724403958889e-15,4.028776903319564e-12,1.166395528053677,0.20878953436353084,0.0
256,380584,8.412059401214348,1.078042276723133e-14,9.242510373149512e-15,1.9373992030301756e-13,5.488375357559313e-15,-1.1368683772161603e-13,-1.824691966655816e-16,6.0515599958447194e-15,5.486724403958889e-15,4.028776903319564e-12,1.166395528053677,0.20878953436353084,0.0
256,381488,8.432040539934572,1.078042276723133e-14,9.242510373149512e-15,1.9373992030301756e-13,5.488375357559313e-15,-1.1368683772161603e-13,-1.824691966655816e-16,6.0515599958447194e-15,5.486724403958889e-15,4.028776903319564e-12,1.166395528053677,0.20878953436353084,0.0
256,382392,8.452021678654797,1.078042276723133e-14,9.242510373149512e-15,1.9373992030301756e-13,5.488375357559313e-15,-1.1368683772161603e-13,-1.824691966655816e-16,6.0515599958447194e-15,5.486724403958889e-15,4.028776903319564e-12,1.166395528053677,0.20878953436353084,0.0
256,383296,8.47200281737502,1.078042276723133e-14,9.242510373149512e-15,1.9373992030301756e-13,5.488375357559313e-15,-1.1368683772161603e-13,-1.824691966655816e-16,6.0515599958447194e-15,5.486724403958889e-15,4.028776903319564e-12,1.166395528053677,0.20878953436353084,0.0
256,384200,8.491983956095245,1.078042276723133e-14,9.242510373149512e-15,1.9373992030301756e-13,5.488375357559313e-15,-1.1368683772161603e-13,-1.824691966655816e-16,6.0515599958447194e-15,5.486724403958889e-15,4.028776903319564e-12,1.166395528053677,0.20878953436353084,0.0
256,385104,8.51196509481547,1.078042276723133e-14,9.242510373149512e-15,1.9373992030301756e-13,5.488375357559313e-15,-1.1368683772161603e-13,-1.824691966655816e-16,6.0515599958447194e-15,5.486724403958889e-15,4.028776903319564e-12,1.166395528053677,0.20878953436353084,0.0
256,386008,8.531946233535693,1.078042276723133e-14,9.242510373149512e-15,1.9373992030301756e-13,5.488375357559313e-15,-1.1368683772161603e-13,-1.824691966655816e-16,6.0515599958447194e-15,5.486724403958889e-15,4.028776903319564e-12,1.166395528053677,0.20878953436353084,0.0
256,386912,8.551927372255918,1.078042276723133e-14,9.242510373149512e-15,1.9373992030301756e-13,5.488375357559313e-15,-1.1368683772161603e-13,-1.824691966655816e-16,6.0515599958447194e-15,5.486724403958889e-15,4.028776903319564e-12,1.166395528053677,0.20878953436353084,0.0
256,387816,8.571908510976142,1.078042276723133e-14,9.242510373149512e-15,1.9373992030301756e-13,5.488375357559313e-15,-1.1368683772161603e-13,-1.824691966655816e-16,6.0515599958447194e-15,5.486724403958889e-15,4.028776903319564e-12,1.166395528053677,0.20878953436353084,0.0
256,388720,8.591889649696364,1.078042276723133e-14,9.242510373149512e-15,1.9373992030301756e-13,5.488375357559313e-15,-1.1368683772161603e-13,-1.824691966655816e-16,6.0515599958447194e-15,5.486724403958889e-15,4.028776903319564e-12,1.166395528053677,0.20878953436353084,0.0
256,389624,8.611870788416589,1.078042276723133e-14,9.242510373149512e-15,1.9373992030301756e-13,5.488375357559313e-15,-1.1368683772161603e-13,-1.824691966655816e-16,6.0515599958447194e-15,5.486724403958889e-15,4.028776903319564e-12,1.166395528053677,0.20878953436353084,0.0
256,390528,8.631851927136813,1.078042276723133e-14,9.242510373149512e-15,1.9373992030301756e-13,5.488375357559313e-15,-1.1368683772161603e-13,-1.824691966655816e-16,6.0515599958447194e-15,5.486724403958889e-15,4.028776903319564e-12,1.166395528053677,0.20878953436353084,0.0
256,391432,8.651833065857037,1.078042276723133e-14,9.242510373149512e-15,1.9373992030301756e-13,5.488375357559313e-15,-1.1368683772161603e-13,-1.824691966655816e-16,6.0515599958447194e-15,5.486724403958889e-15,4.028776903319564e-12,1.166395528053677,0.20878953436353084,0.0
256,392336,8.671814204577261,1.078042276723133e-14,9.242510373149512e-15,1.9373992030301756e-13,5.488375357559313e-15,-1.1368683772161603e-13,-1.824691966655816e-16,6.0515599958447194e-15,5.486724403958889e-15,4.028776903319564e-12,1.166395528053677,0.20878953436353084,0.0
256,393240,8.691795343297485,1.078042276723133e-14,9.242510373149512e-15,1.9373992030301756e-13,5.488375357559313e-15,-1.1368683772161603e-13,-1.824691966655816e-16,6.0515599958447194e-15,5.486724403958889e-15,4.028776903319564e-12,1.166395528053677,0.20878953436353084,0.0
256,394144,8.71177648201771,1.078042276723133e-14,9.242510373149512e-15,1.9373992030301756e-13,5.488375357559313e-15,-1.1368683772161603e-13,-1.824691966655816e-16,6.0515599958447194e-15,5.486724403958889e-15,4.028776903319564e-12,1.166395528053677,0.20878953436353084,0.0
256,395048,8.731757620737934,1.078042276723133e-14,9.242510373149512e-15,1.9373992030301756e-13,5.488375357559313e-15,-1.1368683772161603e-13,-1.824691966655816e-16,6.0515599958447194e-15,5.486724403958889e-15,4.028776903319564e-12,1.166395528053677,0.20878953436353084,0.0
256,395952,8.751738759458158,1.078042276723133e-14,9.242510373149512e-15,1.9373992030301756e-13,5.488375357559313e-15,-1.1368683772161603e-13,-1.824691966655816e-16,6.0515599958447194e-15,5.486724403958889e-15,4.028776903319564e-12,1.166395528053677,0.20878953436353084,0.0
256,396856,8.771719898178382,1.078042276723133e-14,9.242510373149512e-15,1.9373992030301756e-13,5.488375357559313e-15,-1.1368683772161603e-13,-1.824691966655816e-16,6.0515599958447194e-15,5.486724403958889e-15,4.028776903319564e-12,1.166395528053677,0.20878953436353084,0.0
256,397760,8.791701036898607,1.078042276723133e-14,9.242510373149512e-15,1.9373992030301756e-13,5.488375357559313e-15,-1.1368683772161603e-13,-1.824691966655816e-16,6.0515599958447194e-15,5.486724403958889e-15,4.028776903319564e-12,1.166395528053677,0.20878953436353084,0.0
256,398664,8.81168217561883,1.078042276723133e-14,9.242510373149512e-15,1.9373992030301756e-13,5.488375357559313e-15,-1.1368683772161603e-13,-1.824691966655816e-16,6.0515599958447194e-15,5.486724403958889e-15,4.028776903319564e-12,1.166395528053677,0.20878953436353084,0.0
256,399568,8.831663314339055,1.078042276723133e-14,9.242510373149512e-15,1.9373992030301756e-13,5.488375357559313e-15,-1.1368683772161603e-13,-1.824691966655816e-16,6.0515599958447194e-15,5.486724403958889e-15,4.028776903319564e-12,1.166395528053677,0.20878953436353084,0.0
256,400472,8.85164445305928,1.078042276723133e-14,9.242510373149512e-15,1.9373992030301756e-13,5.488375357559313e-15,-1.1368683772161603e-13,-1.824691966655816e-16,6.0515599958447194e-15,5.486724403958889e-15,4.028776903319564e-12,1.166395528053677,0.20878953436353084,0.0
256,401376,8.871625591779503,1.078042276723133e-14,9.242510373149512e-15,1.9373992030301756e-13,5.488375357559313e-15,-1.1368683772161603e-13,-1.824691966655816e-16,6.0515599958447194e-15,5.486724403958889e-15,4.028776903319564e-12,1.166395528053677,0.20878953436353084,0.0
256,402280,8.891606730499726,1.078042276723133e-14,9.242510373149512e-15,1.9373992030301756e-13,5.488375357559313e-15,-1.1368683772161603e-13,-1.824691966655816e-16,6.0515599958447194e-15,5.486724403958889e-15,4.028776903319564e-12,1.166395528053677,0.20878953436353084,0.0
256,403184,8.91158786921995,1.078042276723133e-14,9.242510373149512e-15,1.9373992030301756e-13,5.488375357559313e-15,-1.1368683772161603e-13,-1.824691966655816e-16,6.0515599958447194e-15,5.486724403958889e-15,4.028776903319564e-12,1.166395528053677,0.20878953436353084,0.0
256,404088,8.931569007940174,1.078042276723133e-14,9.242510373149512e-15,1.9373992030301756e-13,5.488375357559313e-15,-1.1368683772161603e-13,-1.824691966655816e-16,6.0515599958447194e-15,5.486724403958889e-15,4.028776903319564e-12,1.166395528053677,0.20878953436353084,0.0
256,404992,8.951550146660399,1.078042276723133e-14,9.242510373149512e-15,1.9373992030301756e-13,5.488375357559313e-15,-1.1368683772161603e-13,-1.824691966655816e-16,6.0515599958447194e-15,5.486724403958889e-15,4.028776903319564e-12,1.166395528053677,0.20878953436353084,0.0
256,405896,8.971531285380623,1.078042276723133e-14,9.242510373149512e-15,1.9373992030301756e-13,5.488375357559313e-15,-1.1368683772161603e-13,-1.824691966655816e-16,6.0515599958447194e-15,5.486724403958889e-15,4.028776903319564e-12,1.166395528053677,0.20878953436353084,0.0
256,406800,8.991512424100847,1.078042276723133e-14,9.242510373149512e-15,1.9373992030301756e-13,5.488375357559313e-15,-1.1368683772161603e-13,-1.824691966655816e-16,6.0515599958447194e-15,5.486724403958889e-15,4.028776903319564e-12,1.166395528053677,0.20878953436353084,0.0
256,407704,9.011493562821071,1.078042276723133e-14,9.242510373149512e-15,1.9373992030301756e-13,5.488375357559313e-15,-1.1368683772161603e-13,-1.824691966655816e-16,6.0515599958447194e-15,5.486724403958889e-15,4.028776903319564e-12,1.166395528053677,0.20878953436353084,0.0
256,408608,9.031474701541296,1.078042276723133e-14,9.242510373149512e-15,1.9373992030301756e-13,5.488375357559313e-15,-1.1368683772161603e-13,-1.824691966655816e-16,6.0515599958447194e-15,5.486724403958889e-15,4.028776903319564e-12,1.166395528053677,0.20878953436353084,0.0
256,409512,9.05145584026152,1.078042276723133e-14,9.242510373149512e-15,1.9373992030301756e-13,5.488375357559313e-15,-1.1368683772161603e-13,-1.824691966655816e-16,6.0515599958447194e-15,5.486724403958889e-15,4.028776903319564e-12,1.166395528053677,0.20878953436353084,0.0
256,410416,9.071436978981744,1.078042276723133e-14,9.242510373149512e-15,1.9373992030301756e-13,5.488375357559313e-15,-1.1368683772161603e-13,-1.824691966655816e-16,6.0515599958447194e-15,5.486724403958889e-15,4.028776903319564e-12,1.166395528053677,0.20878953436353084,0.0
256,411320,9.091418117701968,1.078042276723133e-14,9.242510373149512e-15,1.9373992030301756e-13,5.488375357559313e-15,-1.1368683772161603e-13,-1.824691966655816e-16,6.0515599958447194e-15,5.486724403958889e-15,4.028776903319564e-12,1.166395528053677,0.20878953436353084,0.0
256,412224,9.111399256422192,1.078042276723133e-14,9.242510373149512e-15,1.9373992030301756e-13,5.488375357559313e-15,-1.1368683772161603e-13,-1.824691966655816e-16,6.0515599958447194e-15,5.486724403958889e-15,4.028776903319564e-12,1.166395528053677,0.20878953436353084,0.0
256,413128,9.131380395142417,1.078042276723133e-14,9.242510373149512e-15,1.9373992030301756e-13,5.488375357559313e-15,-1.1368683772161603e-13,-1.824691966655816e-16,6.0515599958447194e-15,5.486724403958889e-15,4.028776903319564e-12,1.166395528053677,0.20878953436353084,0.0
256,414032,9.15136153386264,1.078042276723133e-14,9.242510373149512e-15,1.9373992030301756e-13,5.488375357559313e-15,-1.1368683772161603e-13,-1.824691966655816e-16,6.0515599958447194e-15,5.486724403958889e-15,4.028776903319564e-12,1.166395528053677,0.20878953436353084,0.0
256,414936,9.171342672582865,1.078042276723133e-14,9.242510373149512e-15,1.9373992030301756e-13,5.488375357559313e-15,-1.1368683772161603e-13,-1.824691966655816e-16,6.0515599958447194e-15,5.486724403958889e-15,4.028776903319564e-12,1.166395528053677,0.20878953436353084,0.0
256,415840,9.191323811303088,1.078042276723133e-14,9.242510373149512e-15,1.9373992030301756e-13,5.488375357559313e-15,-1.1368683772161603e-13,-1.824691966655816e-16,6.0515599958447194e-15,5.486724403958889e-15,4.028776903319564e-12,1.166395528053677,0.20878953436353084,0.0
256,416744,9.211304950023312,1.078042276723133e-14,9.242510373149512e-15,1.9373992030301756e-13,5.488375357559313e-15,-1.1368683772161603e-13,-1.824691966655816e-16,6.0515599958447194e-15,5.486724403958889e-15,4.028776903319564e-12,1.166395528053677,0.20878953436353084,0.0
256,417648,9.231286088743536,1.078042276723133e-14,9.242510373149512e-15,1.9373992030301756e-13,5.488375357559313e-15,-1.1368683772161603e-13,-1.824691966655816e-16,6.0515599958447194e-15,5.486724403958889e-15,4.028776903319564e-12,1.166395528053677,0.20878953436353084,0.0
256,418552,9.25126722746376,1.078042276723133e-14,9.242510373149512e-15,1.9373992030301756e-13,5.488375357559313e-15,-1.1368683772161603e-13,-1.824691966655816e-16,6.0515599958447194e-15,5.486724403958889e-15,4.028776903319564e-12,1.166395528053677,0.20878953436353084,0.0
256,419456,9.271248366183984,1.078042276723133e-14,9.242510373149512e-15,1.9373992030301756e-13,5.488375357559313e-15,-1.1368683772161603e-13,-1.824691966655816e-16,6.0515599958447194e-15,5.486724403958889e-15,4.028776903319564e-12,1.166395528053677,0.20878953436353084,0.0
256,420360,9.291229504904209,1.078042276723133e-14,9.242510373149512e-15,1.9373992030301756e-13,5.488375357559313e-15,-1.1368683772161603e-13,-1.824691966655816e-16,6.0515599958447194e-15,5.486724403958889e-15,4.028776903319564e-12,1.166395528053677,0.20878953436353084,0.0
256,421264,9.311210643624433,1.078042276723133e-14,9.242510373149512e-15,1.9373992030301756e-13,5.488375357559313e-15,-1.1368683772161603e-13,-1.824691966655816e-16,6.0515599958447194e-15,5.486724403958889e-15,4.028776903319564e-12,1.166395528053677,0.20878953436353084,0.0
256,422168,9.331191782344657,1.078042276723133e-14,9.242510373149512e-15,1.9373992030301756e-13,5.488375357559313e-15,-1.1368683772161603e-13,-1.824691966655816e-16,6.0515599958447194e-15,5.486724403958889e-15,4.028776903319564e-12,1.166395528053677,0.20878953436353084,0.0
256,423072,9.351172921064881,1.078042276723133e-14,9.242510373149512e-15,1.9373992030301756e-13,5.488375357559313e-15,-1.1368683772161603e-13,-1.824691966655816e-16,6.0515599958447194e-15,5.486724403958889e-15,4.028776903319564e-12,1.166395528053677,0.20878953436353084,0.0
256,423976,9.371154059785106,1.078042276723133e-14,9.242510373149512e-15,1.9373992030301756e-13,5.488375357559313e-15,-1.1368683772161603e-13,-1.824691966655816e-16,6.0515599958447194e-15,5.486724403958889e-15,4.028776903319564e-12,1.166395528053677,0.20878953436353084,0.0
256,424880,9.39113519850533,1.078042276723133e-14,9.242510373149512e-15,1.9373992030301756e-13,5.488375357559313e-15,-1.1368683772161603e-13,-1.824691966655816e-16,6.0515599958447194e-15,5.486724403958889e-15,4.028776903319564e-12,1.166395528053677,0.20878953436353084,0.0
256,425784,9.411116337225554,1.078042276723133e-14,9.242510373149512e-15,1.9373992030301756e-13,5.488375357559313e-15,-1.1368683772161603e-13,-1.824691966655816e-16,6.0515599958447194e-15,5.486724403958889e-15,4.028776903319564e-12,1.166395528053677,0.20878953436353084,0.0
256,426688,9.431097475945778,1.078042276723133e-14,9.242510373149512e-15,1.9373992030301756e-13,5.488375357559313e-15,-1.1368683772161603e-13,-1.824691966655816e-16,6.0515599958447194e-15,5.486724403958889e-15,4.028776903319564e-12,1.166395528053677,0.20878953436353084,0.0
256,427592,9.451078614666002,1.078042276723133e-14,9.242510373149512e-15,1.9373992030301756e-13,5.488375357559313e-15,-1.1368683772161603e-13,-1.824691966655816e-16,6.0515599958447194e-15,5.486724403958889e-15,4.028776903319564e-12,1.166395528053677,0.20878953436353084,0.0
256,428496,9.471059753386227,1.078042276723133e-14,9.242510373149512e-15,1.9373992030301756e-13,5.488375357559313e-15,-1.1368683772161603e-13,-1.824691966655816e-16,6.0515599958447194e-15,5.486724403958889e-15,4.028776903319564e-12,1.166395528053677,0.20878953436353084,0.0
256,429400,9.491040892106449,1.078042276723133e-14,9.242510373149512e-15,1.9373992030301756e-13,5.488375357559313e-15,-1.1368683772161603e-13,-1.824691966655816e-16,6.0515599958447194e-15,5.486724403958889e-15,4.028776903319564e-12,1.166395528053677,0.20878953436353084,0.0
256,430304,9.511022030826673,1.078042276723133e-14,9.242510373149512e-15,1.9373992030301756e-13,5.488375357559313e-15,-1.1368683772161603e-13,-1.824691966655816e-16,6.0515599958447194e-15,5.486724403958889e-15,4.028776903319564e-12,1.166395528053677,0.20878953436353084,0.0
256,431208,9.531003169546898,1.078042276723133e-14,9.242510373149512e-15,1.9373992030301756e-13,5.488375357559313e-15,-1.1368683772161603e-13,-1.824691966655816e-16,6.0515599958447194e-15,5.486724403958889e-15,4.028776903319564e-12,1.166395528053677,0.20878953436353084,0.0
256,432112,9.550984308267122,1.078042276723133e-14,9.242510373149512e-15,1.9373992030301756e-13,5.488375357559313e-15,-1.1368683772161603e-13,-1.824691966655816e-16,6.0515599958447194e-15,5.486724403958889e-15,4.028776903319564e-12,1.166395528053677,0.20878953436353084,0.0
256,433016,9.570965446987346,1.078042276723133e-14,9.242510373149512e-15,1.9373992030301756e-13,5.488375357559313e-15,-1.1368683772161603e-13,-1.824691966655816e-16,6.0515599958447194e-15,5.486724403958889e-15,4.028776903319564e-12,1.166395528053677,0.20878953436353084,0.0
256,433920,9.59094658570757,1.078042276723133e-14,9.242510373149512e-15,1.9373992030301756e-13,5.488375357559313e-15,-1.1368683772161603e-13,-1.824691966655816e-16,6.0515599958447194e-15,5.486724403958889e-15,4.028776903319564e-12,1.166395528053677,0.20878953436353084,0.0
256,434824,9.610927724427794,1.078042276723133e-14,9.242510373149512e-15,1.9373992030301756e-13,5.488375357559313e-15,-1.1368683772161603e-13,-1.824691966655816e-16,6.0515599958447194e-15,5.486724403958889e-15,4.028776903319564e-12,1.166395528053677,0.20878953436353084,0.0
256,435728,9.630908863148019,1.078042276723133e-14,9.242510373149512e-15,1.9373992030301756e-13,5.488375357559313e-15,-1.1368683772161603e-13,-1.824691966655816e-16,6.0515599958447194e-15,5.486724403958889e-15,4.028776903319564e-12,1.166395528053677,0.20878953436353084,0.0
256,436632,9.650890001868243,1.078042276723133e-14,9.242510373149512e-15,1.9373992030301756e-13,5.488375357559313e-15,-1.1368683772161603e-13,-1.824691966655816e-16,6.0515599958447194e-15,5.486724403958889e-15,4.028776903319564e-12,1.166395528053677,0.20878953436353084,0.0
256,437536,9.670871140588467,1.078042276723133e-14,9.242510373149512e-15,1.9373992030301756e-13,5.488375357559313e-15,-1.1368683772161603e-13,-1.824691966655816e-16,6.0515599958447194e-15,5.486724403958889e-15,4.028776903319564e-12,1.166395528053677,0.20878953436353084,0.0
256,438440,9.690852279308691,1.078042276723133e-14,9.242510373149512e-15,1.9373992030301756e-13,5.488375357559313e-15,-1.1368683772161603e-13,-1.824691966655816e-16,6.0515599958447194e-15,5.486724403958889e-15,4.028776903319564e-12,1.166395528053677,0.20878953436353084,0.0
256,439344,9.710833418028916,1.078042276723133e-14,9.242510373149512e-15,1.9373992030301756e-13,5.488375357559313e-15,-1.1368683772161603e-13,-1.824691966655816e-16,6.0515599958447194e-15,5.486724403958889e-15,4.028776903319564e-12,1.166395528053677,0.20878953436353084,0.0
256,440248,9.73081455674914,1.078042276723133e-14,9.242510373149512e-15,1.9373992030301756e-13,5.488375357559313e-15,-1.1368683772161603e-13,-1.824691966655816e-16,6.0515599958447194e-15,5.486724403958889e-15,4.028776903319564e-12,1.166395528053677,0.20878953436353084,0.0
256,441152,9.750795695469364,1.078042276723133e-14,9.242510373149512e-15,1.9373992030301756e-13,5.488375357559313e-15,-1.1368683772161603e-13,-1.824691966655816e-16,6.0515599958447194e-15,5.486724403958889e-15,4.028776903319564e-12,1.166395528053677,0.20878953436353084,0.0
256,442056,9.770776834189588,1.078042276723133e-14,9.242510373149512e-15,1.9373992030301756e-13,5.488375357559313e-15,-1.1368683772161603e-13,-1.824691966655816e-16,6.0515599958447194e-15,5.486724403958889e-15,4.028776903319564e-12,1.166395528053677,0.20878953436353084,0.0
256,442960,9.79075797290981,1.078042276723133e-14,9.242510373149512e-15,1.9373992030301756e-13,5.488375357559313e-15,-1.1368683772161603e-13,-1.824691966655816e-16,6.0515599958447194e-15,5.486724403958889e-15,4.028776903319564e-12,1.166395528053677,0.20878953436353084,0.0
256,443864,9.810739111630035,1.078042276723133e-14,9.242510373149512e-15,1.9373992030301756e-13,5.488375357559313e-15,-1.1368683772161603e-13,-1.824691966655816e-16,6.0515599958447194e-15,5.486724403958889e-15,4.028776903319564e-12,1.166395528053677,0.20878953436353084,0.0
256,444768,9.830720250350259,1.078042276723133e-14,9.242510373149512e-15,1.9373992030301756e-13,5.488375357559313e-15,-1.1368683772161603e-13,-1.824691966655816e-16,6.0515599958447194e-15,5.486724403958889e-15,4.028776903319564e-12,1.166395528053677,0.20878953436353084,0.0
256,445672,9.850701389070483,1.078042276723133e-14,9.242510373149512e-15,1.9373992030301756e-13,5.488375357559313e-15,-1.1368683772161603e-13,-1.824691966655816e-16,6.0515599958447194e-15,5.486724403958889e-15,4.028776903319564e-12,1.166395528053677,0.20878953436353084,0.0
256,446576,9.870682527790708,1.078042276723133e-14,9.242510373149512e-15,1.9373992030301756e-13,5.488375357559313e-15,-1.1368683772161603e-13,-1.824691966655816e-16,6.0515599958447194e-15,5.486724403958889e-15,4.028776903319564e-12,1.166395528053677,0.20878953436353084,0.0
256,447480,9.890663666510932,1.078042276723133e-14,9.242510373149512e-15,1.9373992030301756e-13,5.488375357559313e-15,-1.1368683772161603e-13,-1.824691966655816e-16,6.0515599958447194e-15,5.486724403958889e-15,4.028776903319564e-12,1.166395528053677,0.20878953436353084,0.0
256,448384,9.910644805231156,1.078042276723133e-14,9.242510373149512e-15,1.9373992030301756e-13,5.488375357559313e-15,-1.1368683772161603e-13,-1.824691966655816e-16,6.0515599958447194e-15,5.486724403958889e-15,4.028776903319564e-12,1.166395528053677,0.20878953436353084,0.0
256,449288,9.93062594395138,1.078042276723133e-14,9.242510373149512e-15,1.9373992030301756e-13,5.488375357559313e-15,-1.1368683772161603e-13,-1.824691966655816e-16,6.0515599958447194e-15,5.486724403958889e-15,4.028776903319564e-12,1.166395528053677,0.20878953436353084,0.0
256,450192,9.950607082671604,1.078042276723133e-14,9.242510373149512e-15,1.9373992030301756e-13,5.488375357559313e-15,-1.1368683772161603e-13,-1.824691966655816e-16,6.0515599958447194e-15,5.486724403958889e-15,4.028776903319564e-12,1.166395528053677,0.20878953436353084,0.0
256,451096,9.970588221391829,1.078042276723133e-14,9.242510373149512e-15,1.9373992030301756e-13,5.488375357559313e-15,-1.1368683772161603e-13,-1.824691966655816e-16,6.0515599958447194e-15,5.486724403958889e-15,4.028776903319564e-12,1.166395528053677,0.20878953436353084,0.0
256,452000,9.990569360112053,1.078042276723133e-14,9.242510373149512e-15,1.9373992030301756e-13,5.488375357559313e-15,-1.1368683772161603e-13,-1.824691966655816e-16,6.0515599958447194e-15,5.486724403958889e-15,4.028776903319564e-12,1.166395528053677,0.20878953436353084,0.0
256,452427,10.0,1.078042276723133e-14,9.242510373149512e-15,1.9373992030301756e-13,5.488375357559313e-15,-1.1368683772161603e-13,-1.824691966655816e-16,6.0515599958447194e-15,5.486724403958889e-15,4.028776903319564e-12,1.166395528053677,0.20878953436353084,0.0
